solid OpenSCAD_Model
  facet normal 1 0 0
    outer loop
      vertex -0.53 -20.500000000000004 29.505993506103643
      vertex -0.53 -21.300000000000004 29.505993506103643
      vertex -0.53 -20.500000000000004 28.00488280386413
    endloop
  endfacet
  facet normal 0 0 1
    outer loop
      vertex 5.372647594137304 -20.500000000000004 21.19
      vertex 3.8715369003650233 -20.500000000000004 21.19
      vertex 3.8715369003650233 -21.300000000000004 21.19
    endloop
  endfacet
  facet normal 0 0 1
    outer loop
      vertex 14.399999991059303 -20.500000000000004 21.19
      vertex 13.100000001490116 -20.500000000000004 21.19
      vertex 13.100000001490116 -21.300000000000004 21.19
    endloop
  endfacet
  facet normal 1 0 0
    outer loop
      vertex -0.53 -20.500000000000004 28.00488280386413
      vertex -0.53 -21.300000000000004 29.505993506103643
      vertex -0.53 -21.300000000000004 28.00488280386413
    endloop
  endfacet
  facet normal 0 0 1
    outer loop
      vertex 5.372647594137304 -20.500000000000004 21.19
      vertex 3.8715369003650233 -21.300000000000004 21.19
      vertex 5.372647594137304 -21.300000000000004 21.19
    endloop
  endfacet
  facet normal 1 0 0
    outer loop
      vertex -0.53 -20.500000000000004 36.350000001490116
      vertex -0.53 -20.500000000000004 37.649999998509884
      vertex -0.53 -21.300000000000004 37.649999998509884
    endloop
  endfacet
  facet normal 1 0 0
    outer loop
      vertex -0.53 -20.500000000000004 44.49400649389636
      vertex -0.53 -20.500000000000004 45.99511718868529
      vertex -0.53 -21.300000000000004 45.99511718868529
    endloop
  endfacet
  facet normal 0 0 -1
    outer loop
      vertex 3.87153689989981 -20.500000000000004 52.81
      vertex 5.372647601671945 -20.500000000000004 52.81
      vertex 5.372647601671945 -21.300000000000004 52.81
    endloop
  endfacet
  facet normal 1 0 0
    outer loop
      vertex -0.53 -20.500000000000004 36.350000001490116
      vertex -0.53 -21.300000000000004 37.649999998509884
      vertex -0.53 -21.300000000000004 36.350000001490116
    endloop
  endfacet
  facet normal 1 0 0
    outer loop
      vertex -0.53 -20.500000000000004 44.49400649389636
      vertex -0.53 -21.300000000000004 45.99511718868529
      vertex -0.53 -21.300000000000004 44.49400649389636
    endloop
  endfacet
  facet normal 0 0 -1
    outer loop
      vertex 3.87153689989981 -20.500000000000004 52.81
      vertex 5.372647601671945 -21.300000000000004 52.81
      vertex 3.87153689989981 -21.300000000000004 52.81
    endloop
  endfacet
  facet normal 0 0 -1
    outer loop
      vertex 13.100000008940697 -20.500000000000004 52.81
      vertex 14.399999998509884 -21.300000000000004 52.81
      vertex 13.100000008940697 -21.300000000000004 52.81
    endloop
  endfacet
  facet normal 0 0 1
    outer loop
      vertex 23.628463099634978 -20.500000000000004 21.19
      vertex 22.127352398412114 -20.500000000000004 21.19
      vertex 22.127352398412114 -21.300000000000004 21.19
    endloop
  endfacet
  facet normal -1 0 0
    outer loop
      vertex 28.029999999999998 -20.500000000000004 29.505993506103646
      vertex 28.029999999999998 -20.500000000000004 28.00488280386413
      vertex 28.029999999999998 -21.300000000000004 28.00488280386413
    endloop
  endfacet
  facet normal 0 0 1
    outer loop
      vertex 14.399999991059303 -20.500000000000004 21.19
      vertex 13.100000001490116 -21.300000000000004 21.19
      vertex 14.399999991059303 -21.300000000000004 21.19
    endloop
  endfacet
  facet normal 0 0 1
    outer loop
      vertex 23.628463099634978 -20.500000000000004 21.19
      vertex 22.127352398412114 -21.300000000000004 21.19
      vertex 23.628463099634978 -21.300000000000004 21.19
    endloop
  endfacet
  facet normal -1 0 0
    outer loop
      vertex 28.029999999999998 -20.500000000000004 29.505993506103646
      vertex 28.029999999999998 -21.300000000000004 28.00488280386413
      vertex 28.029999999999998 -21.300000000000004 29.505993506103646
    endloop
  endfacet
  facet normal 0 0 -1
    outer loop
      vertex 13.100000008940697 -20.500000000000004 52.81
      vertex 14.399999998509884 -20.500000000000004 52.81
      vertex 14.399999998509884 -21.300000000000004 52.81
    endloop
  endfacet
  facet normal 0 0 -1
    outer loop
      vertex 22.12735240960548 -20.500000000000004 52.81
      vertex 23.62846310010019 -20.500000000000004 52.81
      vertex 22.12735240960548 -21.300000000000004 52.81
    endloop
  endfacet
  facet normal -1 0 0
    outer loop
      vertex 28.029999999999998 -20.500000000000004 37.649999998509884
      vertex 28.029999999999998 -20.500000000000004 36.350000001490116
      vertex 28.029999999999998 -21.300000000000004 36.350000001490116
    endloop
  endfacet
  facet normal -1 0 0
    outer loop
      vertex 28.029999999999998 -20.500000000000004 45.995117188685285
      vertex 28.029999999999998 -20.500000000000004 44.49400649389635
      vertex 28.029999999999998 -21.300000000000004 44.49400649389635
    endloop
  endfacet
  facet normal 0 0 -1
    outer loop
      vertex 23.62846310010019 -20.500000000000004 52.81
      vertex 23.62846310010019 -21.300000000000004 52.81
      vertex 22.12735240960548 -21.300000000000004 52.81
    endloop
  endfacet
  facet normal -1 0 0
    outer loop
      vertex 28.029999999999998 -20.500000000000004 37.649999998509884
      vertex 28.029999999999998 -21.300000000000004 36.350000001490116
      vertex 28.029999999999998 -21.300000000000004 37.649999998509884
    endloop
  endfacet
  facet normal -1 0 0
    outer loop
      vertex 28.029999999999998 -20.500000000000004 45.995117188685285
      vertex 28.029999999999998 -21.300000000000004 44.49400649389635
      vertex 28.029999999999998 -21.300000000000004 45.995117188685285
    endloop
  endfacet
  facet normal 0 1 0
    outer loop
      vertex -9.027388900518417 -20.500000000000004 16.49114691466093
      vertex -7.003584027290344 -20.500000000000004 16.246415972709656
      vertex -7.922822840511799 -20.500000000000004 15.327177159488201
    endloop
  endfacet
  facet normal 0 1 0
    outer loop
      vertex -6.758853085339069 -20.500000000000004 14.222611099481583
      vertex -7.922822840511799 -20.500000000000004 15.327177159488201
      vertex -5.88898329436779 -20.500000000000004 15.188699372112751
    endloop
  endfacet
  facet normal 0 1 0
    outer loop
      vertex -7.922822840511799 -20.500000000000004 15.327177159488201
      vertex -7.003584027290344 -20.500000000000004 16.246415972709656
      vertex -5.88898329436779 -20.500000000000004 15.188699372112751
    endloop
  endfacet
  facet normal 0 1 0
    outer loop
      vertex -6.758853085339069 -20.500000000000004 14.222611099481583
      vertex -4.720553480088711 -20.500000000000004 14.190766029059887
      vertex -5.538669988512993 -20.500000000000004 13.180476278066635
    endloop
  endfacet
  facet normal 0 1 0
    outer loop
      vertex -6.758853085339069 -20.500000000000004 14.222611099481583
      vertex -5.88898329436779 -20.500000000000004 15.188699372112751
      vertex -4.720553480088711 -20.500000000000004 14.190766029059887
    endloop
  endfacet
  facet normal 0 1 0
    outer loop
      vertex -6.804544605314732 -20.500000000000004 2.6984843984246254
      vertex -1.0035730600357056 -20.500000000000004 10.146061860024929
      vertex -6.555137149989605 -20.500000000000004 2.47975991666317
    endloop
  endfacet
  facet normal 0 1 0
    outer loop
      vertex -5.743010990321636 -20.500000000000004 1.9371145740151405
      vertex -6.555137149989605 -20.500000000000004 2.47975991666317
      vertex -1.0035730600357056 -20.500000000000004 10.146061860024929
    endloop
  endfacet
  facet normal 0 1 0
    outer loop
      vertex -6.804544605314732 -20.500000000000004 2.6984843984246254
      vertex -2.1294060796499252 -20.500000000000004 10.796061858534813
      vertex -1.0035730600357056 -20.500000000000004 10.146061860024929
    endloop
  endfacet
  facet normal 0 1 0
    outer loop
      vertex -4.265617981553078 -20.500000000000004 12.203629121184349
      vertex -2.2351556792855263 -20.500000000000004 12.385018832981586
      vertex -2.9431864246726036 -20.500000000000004 11.294747091829777
    endloop
  endfacet
  facet normal 0 1 0
    outer loop
      vertex -2.9431864246726036 -20.500000000000004 11.294747091829777
      vertex -1.4794060811400414 -20.500000000000004 11.921894893050194
      vertex -2.1294060796499252 -20.500000000000004 10.796061858534813
    endloop
  endfacet
  facet normal 0 1 0
    outer loop
      vertex -2.9431864246726036 -20.500000000000004 11.294747091829777
      vertex -2.2351556792855263 -20.500000000000004 12.385018832981586
      vertex -1.4794060811400414 -20.500000000000004 11.921894893050194
    endloop
  endfacet
  facet normal 0 1 0
    outer loop
      vertex -5.538669988512993 -20.500000000000004 13.180476278066635
      vertex -3.501497156918049 -20.500000000000004 13.255351215600967
      vertex -4.265617981553078 -20.500000000000004 12.203629121184349
    endloop
  endfacet
  facet normal 0 1 0
    outer loop
      vertex -5.538669988512993 -20.500000000000004 13.180476278066635
      vertex -4.720553480088711 -20.500000000000004 14.190766029059887
      vertex -3.501497156918049 -20.500000000000004 13.255351215600967
    endloop
  endfacet
  facet normal 0 1 0
    outer loop
      vertex -4.265617981553078 -20.500000000000004 12.203629121184349
      vertex -3.501497156918049 -20.500000000000004 13.255351215600967
      vertex -2.2351556792855263 -20.500000000000004 12.385018832981586
    endloop
  endfacet
  facet normal 0 1 0
    outer loop
      vertex -2.1294060796499252 -20.500000000000004 10.796061858534813
      vertex -1.4794060811400414 -20.500000000000004 11.921894893050194
      vertex -1.0035730600357056 -20.500000000000004 10.146061860024929
    endloop
  endfacet
  facet normal 0 1 0
    outer loop
      vertex -1.0035730600357056 -20.500000000000004 10.146061860024929
      vertex -1.4794060811400414 -20.500000000000004 11.921894893050194
      vertex -0.3535730615258217 -20.500000000000004 11.27189489454031
    endloop
  endfacet
  facet normal 0 1 0
    outer loop
      vertex -1.0035730600357056 -20.500000000000004 10.146061860024929
      vertex -0.3535730615258217 -20.500000000000004 11.27189489454031
      vertex -0.16480881720781326 -20.500000000000004 9.690650030970573
    endloop
  endfacet
  facet normal 0 1 0
    outer loop
      vertex -0.16480881720781326 -20.500000000000004 9.690650030970573
      vertex 0.42537882924079895 -20.500000000000004 10.848958514630795
      vertex 1.2835218906402588 -20.500000000000004 8.999831721186638
    endloop
  endfacet
  facet normal 0 1 0
    outer loop
      vertex 0.42537882924079895 -20.500000000000004 10.848958514630795
      vertex 1.8122795224189758 -20.500000000000004 10.187440820038319
      vertex 1.2835218906402588 -20.500000000000004 8.999831721186638
    endloop
  endfacet
  facet normal 0 1 0
    outer loop
      vertex -0.3535730615258217 -20.500000000000004 11.27189489454031
      vertex 0.42537882924079895 -20.500000000000004 10.848958514630795
      vertex -0.16480881720781326 -20.500000000000004 9.690650030970573
    endloop
  endfacet
  facet normal 0 1 0
    outer loop
      vertex -1.4794060811400414 -20.500000000000004 11.921894893050194
      vertex 2.9964269399642944 -20.500000000000004 17.074265092611313
      vertex -0.3535730615258217 -20.500000000000004 11.27189489454031
    endloop
  endfacet
  facet normal 0 1 0
    outer loop
      vertex -1.4794060811400414 -20.500000000000004 11.921894893050194
      vertex 1.8705939203500748 -20.500000000000004 17.724265091121197
      vertex 2.9964269399642944 -20.500000000000004 17.074265092611313
    endloop
  endfacet
  facet normal -0.6593458385237712 0 -0.7518397869369412
    outer loop
      vertex -6.804544605314732 -20.500000000000004 2.6984843984246254
      vertex -6.555137149989605 -20.500000000000004 2.47975991666317
      vertex -6.804544605314732 -21.300000000000004 2.6984843984246254
    endloop
  endfacet
  facet normal -0.5555702269766569 0 -0.8314696163403121
    outer loop
      vertex -5.743010990321636 -20.500000000000004 1.9371145740151405
      vertex -6.555137149989605 -21.300000000000004 2.47975991666317
      vertex -6.555137149989605 -20.500000000000004 2.47975991666317
    endloop
  endfacet
  facet normal -0.7253743692635533 0 -0.6883545775365355
    outer loop
      vertex -9.027388900518417 -20.500000000000004 16.49114691466093
      vertex -7.922822840511799 -20.500000000000004 15.327177159488201
      vertex -9.027388900518417 -21.300000000000004 16.49114691466093
    endloop
  endfacet
  facet normal -0.6883545775365355 0 -0.7253743692635533
    outer loop
      vertex -6.758853085339069 -20.500000000000004 14.222611099481583
      vertex -7.922822840511799 -21.300000000000004 15.327177159488201
      vertex -7.922822840511799 -20.500000000000004 15.327177159488201
    endloop
  endfacet
  facet normal -0.6494480503793596 0 -0.7604059638498695
    outer loop
      vertex -6.758853085339069 -20.500000000000004 14.222611099481583
      vertex -5.538669988512993 -20.500000000000004 13.180476278066635
      vertex -6.758853085339069 -21.300000000000004 14.222611099481583
    endloop
  endfacet
  facet normal -0.6087614269852097 0 -0.7933533418439297
    outer loop
      vertex -5.538669988512993 -20.500000000000004 13.180476278066635
      vertex -4.265617981553078 -20.500000000000004 12.203629121184349
      vertex -5.538669988512993 -21.300000000000004 13.180476278066635
    endloop
  endfacet
  facet normal 0.688354575357822 9.031567366876047e-17 0.7253743713310753
    outer loop
      vertex -7.003584027290344 -20.500000000000004 16.246415972709656
      vertex -5.88898329436779 -21.300000000000004 15.188699372112751
      vertex -5.88898329436779 -20.500000000000004 15.188699372112751
    endloop
  endfacet
  facet normal 0.6494480507224856 9.031567391618781e-17 0.7604059635568121
    outer loop
      vertex -5.88898329436779 -20.500000000000004 15.188699372112751
      vertex -4.720553480088711 -21.300000000000004 14.190766029059887
      vertex -4.720553480088711 -20.500000000000004 14.190766029059887
    endloop
  endfacet
  facet normal 0.8660254035585541 0 -0.5000000003912435
    outer loop
      vertex -5.743010990321636 -20.500000000000004 1.9371145740151405
      vertex -1.0035730600357056 -20.500000000000004 10.146061860024929
      vertex -5.743010990321636 -21.300000000000004 1.9371145740151405
    endloop
  endfacet
  facet normal -0.8660254038174882 -3.0426333729562584e-16 0.4999999999427565
    outer loop
      vertex -6.804544605314732 -20.500000000000004 2.6984843984246254
      vertex -2.1294060796499252 -21.300000000000004 10.796061858534813
      vertex -2.1294060796499252 -20.500000000000004 10.796061858534813
    endloop
  endfacet
  facet normal -0.5664062374567599 0 -0.8241261882564324
    outer loop
      vertex -4.265617981553078 -20.500000000000004 12.203629121184349
      vertex -2.9431864246726036 -20.500000000000004 11.294747091829777
      vertex -4.265617981553078 -21.300000000000004 12.203629121184349
    endloop
  endfacet
  facet normal -0.522498562044081 0 -0.852640165991415
    outer loop
      vertex -2.9431864246726036 -20.500000000000004 11.294747091829777
      vertex -2.1294060796499252 -20.500000000000004 10.796061858534813
      vertex -2.9431864246726036 -21.300000000000004 11.294747091829777
    endloop
  endfacet
  facet normal 0.608761427707647 9.031567383532695e-17 0.7933533412895841
    outer loop
      vertex -4.720553480088711 -20.500000000000004 14.190766029059887
      vertex -3.501497156918049 -21.300000000000004 13.255351215600967
      vertex -3.501497156918049 -20.500000000000004 13.255351215600967
    endloop
  endfacet
  facet normal 0.5664062360209781 0 0.8241261892432179
    outer loop
      vertex -3.501497156918049 -20.500000000000004 13.255351215600967
      vertex -2.2351556792855263 -21.300000000000004 12.385018832981586
      vertex -2.2351556792855263 -20.500000000000004 12.385018832981586
    endloop
  endfacet
  facet normal -0.4771587624914077 0 -0.878817111450197
    outer loop
      vertex -1.0035730600357056 -20.500000000000004 10.146061860024929
      vertex -0.16480881720781326 -20.500000000000004 9.690650030970573
      vertex -1.0035730600357056 -21.300000000000004 10.146061860024929
    endloop
  endfacet
  facet normal 0.522498556966215 0 0.8526401691031351
    outer loop
      vertex -2.2351556792855263 -20.500000000000004 12.385018832981586
      vertex -1.4794060811400414 -21.300000000000004 11.921894893050194
      vertex -1.4794060811400414 -20.500000000000004 11.921894893050194
    endloop
  endfacet
  facet normal -0.43051109624222184 0 -0.9025852846198638
    outer loop
      vertex -0.16480881720781326 -20.500000000000004 9.690650030970573
      vertex 1.2835218906402588 -20.500000000000004 8.999831721186638
      vertex -0.16480881720781326 -21.300000000000004 9.690650030970573
    endloop
  endfacet
  facet normal 0.47715876990845363 0 0.8788171074230698
    outer loop
      vertex -0.3535730615258217 -20.500000000000004 11.27189489454031
      vertex -0.3535730615258217 -21.300000000000004 11.27189489454031
      vertex 0.42537882924079895 -20.500000000000004 10.848958514630795
    endloop
  endfacet
  facet normal 0.4305110955700008 0 0.9025852849404967
    outer loop
      vertex 0.42537882924079895 -20.500000000000004 10.848958514630795
      vertex 0.42537882924079895 -21.300000000000004 10.848958514630795
      vertex 1.8122795224189758 -20.500000000000004 10.187440820038319
    endloop
  endfacet
  facet normal -0.8660254034163158 3.0034018414986564e-16 0.5000000006376075
    outer loop
      vertex -1.4794060811400414 -20.500000000000004 11.921894893050194
      vertex 1.8705939203500748 -21.300000000000004 17.724265091121197
      vertex 1.8705939203500748 -20.500000000000004 17.724265091121197
    endloop
  endfacet
  facet normal 0 1 0
    outer loop
      vertex -10.069523721933365 -20.500000000000004 17.711330011487007
      vertex -11.046370878815651 -20.500000000000004 18.984382018446922
      vertex -9.059233970940113 -20.500000000000004 18.52944651991129
    endloop
  endfacet
  facet normal 0 1 0
    outer loop
      vertex -11.046370878815651 -20.500000000000004 18.984382018446922
      vertex -11.25 -20.500000000000004 19.28066422790289
      vertex -9.994648784399033 -20.500000000000004 19.74850284308195
    endloop
  endfacet
  facet normal 0 1 0
    outer loop
      vertex -11.25 -20.500000000000004 19.28066422790289
      vertex -10.864981167018414 -20.500000000000004 21.014844320714474
      vertex -9.994648784399033 -20.500000000000004 19.74850284308195
    endloop
  endfacet
  facet normal 0 1 0
    outer loop
      vertex -11.046370878815651 -20.500000000000004 18.984382018446922
      vertex -9.994648784399033 -20.500000000000004 19.74850284308195
      vertex -9.059233970940113 -20.500000000000004 18.52944651991129
    endloop
  endfacet
  facet normal 0 1 0
    outer loop
      vertex -9.027388900518417 -20.500000000000004 16.49114691466093
      vertex -10.069523721933365 -20.500000000000004 17.711330011487007
      vertex -8.061300627887249 -20.500000000000004 17.36101670563221
    endloop
  endfacet
  facet normal 0 1 0
    outer loop
      vertex -10.069523721933365 -20.500000000000004 17.711330011487007
      vertex -9.059233970940113 -20.500000000000004 18.52944651991129
      vertex -8.061300627887249 -20.500000000000004 17.36101670563221
    endloop
  endfacet
  facet normal 0 1 0
    outer loop
      vertex -11.25 -20.500000000000004 19.28066422790289
      vertex -11.25 -20.500000000000004 21.643137969076633
      vertex -10.864981167018414 -20.500000000000004 21.014844320714474
    endloop
  endfacet
  facet normal 0 1 0
    outer loop
      vertex -11.25 -20.500000000000004 21.81568792462349
      vertex -11.25 -20.500000000000004 23.316798619925976
      vertex -5.525734908878803 -20.500000000000004 25.120593912899494
    endloop
  endfacet
  facet normal 0 1 0
    outer loop
      vertex -9.027388900518417 -20.500000000000004 16.49114691466093
      vertex -8.061300627887249 -20.500000000000004 17.36101670563221
      vertex -7.003584027290344 -20.500000000000004 16.246415972709656
    endloop
  endfacet
  facet normal 0 1 0
    outer loop
      vertex -11.25 -20.500000000000004 23.316798619925976
      vertex -6.175734907388687 -20.500000000000004 26.246426939964294
      vertex -5.525734908878803 -20.500000000000004 25.120593912899494
    endloop
  endfacet
  facet normal 0 1 0
    outer loop
      vertex -6.941804617643356 -20.500000000000004 27.78741503506899
      vertex -7.395596660673618 -20.500000000000004 28.882965944707394
      vertex -6.181942105293274 -20.500000000000004 29.348844274878502
    endloop
  endfacet
  facet normal 0 1 0
    outer loop
      vertex -6.175734907388687 -20.500000000000004 26.246426939964294
      vertex -6.431297771632671 -20.500000000000004 26.717115178704262
      vertex -5.27298928797245 -20.500000000000004 27.307302832603455
    endloop
  endfacet
  facet normal 0 1 0
    outer loop
      vertex -5.245888367295265 -20.500000000000004 24.663925856351852
      vertex -5.525734908878803 -20.500000000000004 25.120593912899494
      vertex -4.399901881814003 -20.500000000000004 25.770593911409378
    endloop
  endfacet
  facet normal 0 1 0
    outer loop
      vertex -6.175734907388687 -20.500000000000004 26.246426939964294
      vertex -4.399901881814003 -20.500000000000004 25.770593911409378
      vertex -5.525734908878803 -20.500000000000004 25.120593912899494
    endloop
  endfacet
  facet normal 0 1 0
    outer loop
      vertex -6.175734907388687 -20.500000000000004 26.246426939964294
      vertex -5.049901880323887 -20.500000000000004 26.89642693847418
      vertex -4.399901881814003 -20.500000000000004 25.770593911409378
    endloop
  endfacet
  facet normal 0 1 0
    outer loop
      vertex -6.941804617643356 -20.500000000000004 27.78741503506899
      vertex -5.754195518791676 -20.500000000000004 28.316172666847706
      vertex -6.431297771632671 -20.500000000000004 26.717115178704262
    endloop
  endfacet
  facet normal 0 1 0
    outer loop
      vertex -6.431297771632671 -20.500000000000004 26.717115178704262
      vertex -5.754195518791676 -20.500000000000004 28.316172666847706
      vertex -5.27298928797245 -20.500000000000004 27.307302832603455
    endloop
  endfacet
  facet normal 0 1 0
    outer loop
      vertex -6.941804617643356 -20.500000000000004 27.78741503506899
      vertex -6.181942105293274 -20.500000000000004 29.348844274878502
      vertex -5.754195518791676 -20.500000000000004 28.316172666847706
    endloop
  endfacet
  facet normal 0 1 0
    outer loop
      vertex -6.175734907388687 -20.500000000000004 26.246426939964294
      vertex -5.27298928797245 -20.500000000000004 27.307302832603455
      vertex -5.049901880323887 -20.500000000000004 26.89642693847418
    endloop
  endfacet
  facet normal 0 1 0
    outer loop
      vertex -8.128219962120056 -20.500000000000004 31.13774862885475
      vertex -6.872516393661499 -20.500000000000004 31.474213384091854
      vertex -7.791430093348026 -20.500000000000004 30.000765077769756
    endloop
  endfacet
  facet normal 0 1 0
    outer loop
      vertex -7.395596660673618 -20.500000000000004 28.882965944707394
      vertex -7.791430093348026 -20.500000000000004 30.000765077769756
      vertex -6.555056624114513 -20.500000000000004 30.40248717367649
    endloop
  endfacet
  facet normal 0 1 0
    outer loop
      vertex -7.395596660673618 -20.500000000000004 28.882965944707394
      vertex -6.555056624114513 -20.500000000000004 30.40248717367649
      vertex -6.181942105293274 -20.500000000000004 29.348844274878502
    endloop
  endfacet
  facet normal 0 1 0
    outer loop
      vertex -7.791430093348026 -20.500000000000004 30.000765077769756
      vertex -6.872516393661499 -20.500000000000004 31.474213384091854
      vertex -6.555056624114513 -20.500000000000004 30.40248717367649
    endloop
  endfacet
  facet normal 0 1 0
    outer loop
      vertex -8.128219962120056 -20.500000000000004 31.13774862885475
      vertex -7.133451275527477 -20.500000000000004 32.561085402965546
      vertex -6.872516393661499 -20.500000000000004 31.474213384091854
    endloop
  endfacet
  facet normal 0 1 0
    outer loop
      vertex -8.128219962120056 -20.500000000000004 31.13774862885475
      vertex -8.40504315495491 -20.500000000000004 32.2908002063632
      vertex -7.133451275527477 -20.500000000000004 32.561085402965546
    endloop
  endfacet
  facet normal 0 1 0
    outer loop
      vertex -8.40504315495491 -20.500000000000004 32.2908002063632
      vertex -7.337146073579788 -20.500000000000004 33.66012416779995
      vertex -7.133451275527477 -20.500000000000004 32.561085402965546
    endloop
  endfacet
  facet normal 0 1 0
    outer loop
      vertex -5.245888367295265 -20.500000000000004 24.663925856351852
      vertex -4.1556166261434555 -20.500000000000004 25.37195660173893
      vertex -4.574234925210476 -20.500000000000004 23.686664037406445
    endloop
  endfacet
  facet normal 0 1 0
    outer loop
      vertex -4.574234925210476 -20.500000000000004 23.686664037406445
      vertex -3.5225128307938576 -20.500000000000004 24.450784862041473
      vertex -3.8523560240864754 -20.500000000000004 22.745893143117428
    endloop
  endfacet
  facet normal 0 1 0
    outer loop
      vertex -4.574234925210476 -20.500000000000004 23.686664037406445
      vertex -4.1556166261434555 -20.500000000000004 25.37195660173893
      vertex -3.5225128307938576 -20.500000000000004 24.450784862041473
    endloop
  endfacet
  facet normal 0 1 0
    outer loop
      vertex -3.0822302997112274 -20.500000000000004 21.844191767275333
      vertex -2.116142027080059 -20.500000000000004 22.714061550796032
      vertex -2.2659685909748077 -20.500000000000004 20.984031409025192
    endloop
  endfacet
  facet normal 0 1 0
    outer loop
      vertex -2.2659685909748077 -20.500000000000004 20.984031409025192
      vertex -2.116142027080059 -20.500000000000004 22.714061550796032
      vertex -1.3467297777533531 -20.500000000000004 21.903270222246647
    endloop
  endfacet
  facet normal 0 1 0
    outer loop
      vertex -3.8523560240864754 -20.500000000000004 22.745893143117428
      vertex -2.842066280543804 -20.500000000000004 23.56400965154171
      vertex -3.0822302997112274 -20.500000000000004 21.844191767275333
    endloop
  endfacet
  facet normal 0 1 0
    outer loop
      vertex -3.8523560240864754 -20.500000000000004 22.745893143117428
      vertex -3.5225128307938576 -20.500000000000004 24.450784862041473
      vertex -2.842066280543804 -20.500000000000004 23.56400965154171
    endloop
  endfacet
  facet normal 0 1 0
    outer loop
      vertex -3.0822302997112274 -20.500000000000004 21.844191767275333
      vertex -2.842066280543804 -20.500000000000004 23.56400965154171
      vertex -2.116142027080059 -20.500000000000004 22.714061550796032
    endloop
  endfacet
  facet normal 0 1 0
    outer loop
      vertex -1.4058082327246666 -20.500000000000004 20.167769700288773
      vertex -0.535938449203968 -20.500000000000004 21.13385797291994
      vertex -0.5041068568825722 -20.500000000000004 19.397643975913525
    endloop
  endfacet
  facet normal 0 1 0
    outer loop
      vertex -0.5041068568825722 -20.500000000000004 19.397643975913525
      vertex 0.3140096515417099 -20.500000000000004 20.407933719456196
      vertex 0.43666403740644455 -20.500000000000004 18.675765074789524
    endloop
  endfacet
  facet normal 0 1 0
    outer loop
      vertex -0.5041068568825722 -20.500000000000004 19.397643975913525
      vertex -0.535938449203968 -20.500000000000004 21.13385797291994
      vertex 0.3140096515417099 -20.500000000000004 20.407933719456196
    endloop
  endfacet
  facet normal 0 1 0
    outer loop
      vertex 0.43666403740644455 -20.500000000000004 18.675765074789524
      vertex 0.3140096515417099 -20.500000000000004 20.407933719456196
      vertex 1.2007848620414734 -20.500000000000004 19.727487169206142
    endloop
  endfacet
  facet normal 0 1 0
    outer loop
      vertex -2.2659685909748077 -20.500000000000004 20.984031409025192
      vertex -1.3467297777533531 -20.500000000000004 21.903270222246647
      vertex -1.4058082327246666 -20.500000000000004 20.167769700288773
    endloop
  endfacet
  facet normal 0 1 0
    outer loop
      vertex -1.4058082327246666 -20.500000000000004 20.167769700288773
      vertex -1.3467297777533531 -20.500000000000004 21.903270222246647
      vertex -0.535938449203968 -20.500000000000004 21.13385797291994
    endloop
  endfacet
  facet normal 0 1 0
    outer loop
      vertex -5.245888367295265 -20.500000000000004 24.663925856351852
      vertex -4.399901881814003 -20.500000000000004 25.770593911409378
      vertex -4.1556166261434555 -20.500000000000004 25.37195660173893
    endloop
  endfacet
  facet normal 0 1 0
    outer loop
      vertex -5.049901880323887 -20.500000000000004 26.89642693847418
      vertex -0.53 -20.500000000000004 28.00488280386413
      vertex -4.399901881814003 -20.500000000000004 25.770593911409378
    endloop
  endfacet
  facet normal 0 1 0
    outer loop
      vertex -5.049901880323887 -20.500000000000004 26.89642693847418
      vertex -0.53 -20.500000000000004 29.505993506103643
      vertex -0.53 -20.500000000000004 28.00488280386413
    endloop
  endfacet
  facet normal -0.7933533418439297 0 -0.6087614269852097
    outer loop
      vertex -10.069523721933365 -20.500000000000004 17.711330011487007
      vertex -11.046370878815651 -21.300000000000004 18.984382018446922
      vertex -11.046370878815651 -20.500000000000004 18.984382018446922
    endloop
  endfacet
  facet normal -0.7604059638498695 0 -0.6494480503793596
    outer loop
      vertex -9.027388900518417 -20.500000000000004 16.49114691466093
      vertex -10.069523721933365 -21.300000000000004 17.711330011487007
      vertex -10.069523721933365 -20.500000000000004 17.711330011487007
    endloop
  endfacet
  facet normal -0.8241261882937165 0 -0.566406237402511
    outer loop
      vertex -11.046370878815651 -20.500000000000004 18.984382018446922
      vertex -11.25 -21.300000000000004 19.28066422790289
      vertex -11.25 -20.500000000000004 19.28066422790289
    endloop
  endfacet
  facet normal 0.8241261892432179 0 0.5664062360209781
    outer loop
      vertex -9.994648784399033 -20.500000000000004 19.74850284308195
      vertex -10.864981167018414 -20.500000000000004 21.014844320714474
      vertex -9.994648784399033 -21.300000000000004 19.74850284308195
    endloop
  endfacet
  facet normal 0.7604059635568121 9.031567391618781e-17 0.6494480507224856
    outer loop
      vertex -9.059233970940113 -20.500000000000004 18.52944651991129
      vertex -8.061300627887249 -21.300000000000004 17.36101670563221
      vertex -8.061300627887249 -20.500000000000004 17.36101670563221
    endloop
  endfacet
  facet normal 0.7933533412895841 9.031567383532695e-17 0.608761427707647
    outer loop
      vertex -9.994648784399033 -20.500000000000004 19.74850284308195
      vertex -9.059233970940113 -21.300000000000004 18.52944651991129
      vertex -9.059233970940113 -20.500000000000004 18.52944651991129
    endloop
  endfacet
  facet normal -1 0 0
    outer loop
      vertex -11.25 -20.500000000000004 19.28066422790289
      vertex -11.25 -21.300000000000004 21.643137969076633
      vertex -11.25 -20.500000000000004 21.643137969076633
    endloop
  endfacet
  facet normal 0.8526401703503551 0 0.5224985549309371
    outer loop
      vertex -10.864981167018414 -20.500000000000004 21.014844320714474
      vertex -11.25 -20.500000000000004 21.643137969076633
      vertex -10.864981167018414 -21.300000000000004 21.014844320714474
    endloop
  endfacet
  facet normal -1 0 0
    outer loop
      vertex -11.25 -20.500000000000004 21.81568792462349
      vertex -11.25 -21.300000000000004 23.316798619925976
      vertex -11.25 -20.500000000000004 23.316798619925976
    endloop
  endfacet
  facet normal 0.49999999966009673 0 -0.866025403980682
    outer loop
      vertex -11.25 -20.500000000000004 21.81568792462349
      vertex -5.525734908878803 -20.500000000000004 25.120593912899494
      vertex -11.25 -21.300000000000004 21.81568792462349
    endloop
  endfacet
  facet normal 0.7253743713310753 0 0.688354575357822
    outer loop
      vertex -7.003584027290344 -20.500000000000004 16.246415972709656
      vertex -8.061300627887249 -20.500000000000004 17.36101670563221
      vertex -7.003584027290344 -21.300000000000004 16.246415972709656
    endloop
  endfacet
  facet normal -0.8241261876948903 0 -0.5664062382738085
    outer loop
      vertex -5.245888367295265 -20.500000000000004 24.663925856351852
      vertex -4.574234925210476 -20.500000000000004 23.686664037406445
      vertex -5.245888367295265 -21.300000000000004 24.663925856351852
    endloop
  endfacet
  facet normal -0.9723699202155821 0 -0.23344536461438326
    outer loop
      vertex -8.128219962120056 -20.500000000000004 31.13774862885475
      vertex -8.40504315495491 -21.300000000000004 32.2908002063632
      vertex -8.40504315495491 -20.500000000000004 32.2908002063632
    endloop
  endfacet
  facet normal -0.5000000003686034 1.421114179207251e-16 0.8660254035716254
    outer loop
      vertex -11.25 -20.500000000000004 23.316798619925976
      vertex -6.175734907388687 -21.300000000000004 26.246426939964294
      vertex -6.175734907388687 -20.500000000000004 26.246426939964294
    endloop
  endfacet
  facet normal -0.9025852837356643 0 -0.43051109809598453
    outer loop
      vertex -6.941804617643356 -20.500000000000004 27.78741503506899
      vertex -6.431297771632671 -20.500000000000004 26.717115178704262
      vertex -6.941804617643356 -21.300000000000004 27.78741503506899
    endloop
  endfacet
  facet normal -0.9238795331112124 0 -0.38268343091674134
    outer loop
      vertex -6.941804617643356 -20.500000000000004 27.78741503506899
      vertex -7.395596660673618 -21.300000000000004 28.882965944707394
      vertex -7.395596660673618 -20.500000000000004 28.882965944707394
    endloop
  endfacet
  facet normal -0.8788171108867807 0 -0.47715876352909176
    outer loop
      vertex -6.175734907388687 -20.500000000000004 26.246426939964294
      vertex -6.431297771632671 -21.300000000000004 26.717115178704262
      vertex -6.431297771632671 -20.500000000000004 26.717115178704262
    endloop
  endfacet
  facet normal -0.8526401671715365 0 -0.5224985601182979
    outer loop
      vertex -5.245888367295265 -20.500000000000004 24.663925856351852
      vertex -5.525734908878803 -21.300000000000004 25.120593912899494
      vertex -5.525734908878803 -20.500000000000004 25.120593912899494
    endloop
  endfacet
  facet normal 0.8788171134808145 0 0.4771587587514758
    outer loop
      vertex -5.27298928797245 -20.500000000000004 27.307302832603455
      vertex -5.27298928797245 -21.300000000000004 27.307302832603455
      vertex -5.049901880323887 -20.500000000000004 26.89642693847418
    endloop
  endfacet
  facet normal 0.9025852828871898 0 0.4305110998748486
    outer loop
      vertex -5.27298928797245 -20.500000000000004 27.307302832603455
      vertex -5.754195518791676 -20.500000000000004 28.316172666847706
      vertex -5.754195518791676 -21.300000000000004 28.316172666847706
    endloop
  endfacet
  facet normal -0.9426414912783736 0 -0.33380685870797194
    outer loop
      vertex -7.395596660673618 -20.500000000000004 28.882965944707394
      vertex -7.791430093348026 -21.300000000000004 30.000765077769756
      vertex -7.791430093348026 -20.500000000000004 30.000765077769756
    endloop
  endfacet
  facet normal -0.9588197354674014 0 -0.2840153426810293
    outer loop
      vertex -8.128219962120056 -20.500000000000004 31.13774862885475
      vertex -7.791430093348026 -20.500000000000004 30.000765077769756
      vertex -8.128219962120056 -21.300000000000004 31.13774862885475
    endloop
  endfacet
  facet normal 0.9588197341087026 0 0.2840153472679195
    outer loop
      vertex -6.872516393661499 -20.500000000000004 31.474213384091854
      vertex -6.872516393661499 -21.300000000000004 31.474213384091854
      vertex -6.555056624114513 -20.500000000000004 30.40248717367649
    endloop
  endfacet
  facet normal 0.9723699211499136 0 0.2334453607226127
    outer loop
      vertex -6.872516393661499 -20.500000000000004 31.474213384091854
      vertex -7.133451275527477 -20.500000000000004 32.561085402965546
      vertex -7.133451275527477 -21.300000000000004 32.561085402965546
    endloop
  endfacet
  facet normal 0.9238795322020623 0 0.38268343311162334
    outer loop
      vertex -5.754195518791676 -20.500000000000004 28.316172666847706
      vertex -6.181942105293274 -20.500000000000004 29.348844274878502
      vertex -6.181942105293274 -21.300000000000004 29.348844274878502
    endloop
  endfacet
  facet normal 0.9426414912211697 0 0.33380685886951067
    outer loop
      vertex -6.181942105293274 -20.500000000000004 29.348844274878502
      vertex -6.555056624114513 -20.500000000000004 30.40248717367649
      vertex -6.555056624114513 -21.300000000000004 30.40248717367649
    endloop
  endfacet
  facet normal -0.7604059675937551 0 -0.6494480459958325
    outer loop
      vertex -3.8523560240864754 -20.500000000000004 22.745893143117428
      vertex -3.0822302997112274 -20.500000000000004 21.844191767275333
      vertex -3.8523560240864754 -21.300000000000004 22.745893143117428
    endloop
  endfacet
  facet normal -0.793353338486589 0 -0.6087614313605815
    outer loop
      vertex -4.574234925210476 -20.500000000000004 23.686664037406445
      vertex -3.8523560240864754 -20.500000000000004 22.745893143117428
      vertex -4.574234925210476 -21.300000000000004 23.686664037406445
    endloop
  endfacet
  facet normal -0.7253743680377204 0 -0.6883545788282939
    outer loop
      vertex -3.0822302997112274 -20.500000000000004 21.844191767275333
      vertex -2.2659685909748077 -20.500000000000004 20.984031409025192
      vertex -3.0822302997112274 -21.300000000000004 21.844191767275333
    endloop
  endfacet
  facet normal -0.6883545788282939 0 -0.7253743680377204
    outer loop
      vertex -2.2659685909748077 -20.500000000000004 20.984031409025192
      vertex -1.4058082327246666 -20.500000000000004 20.167769700288773
      vertex -2.2659685909748077 -21.300000000000004 20.984031409025192
    endloop
  endfacet
  facet normal 0.7933533407393649 0 0.6087614284247067
    outer loop
      vertex -3.5225128307938576 -20.500000000000004 24.450784862041473
      vertex -3.5225128307938576 -21.300000000000004 24.450784862041473
      vertex -2.842066280543804 -20.500000000000004 23.56400965154171
    endloop
  endfacet
  facet normal 0.7604059669385153 0 0.6494480467630198
    outer loop
      vertex -2.842066280543804 -20.500000000000004 23.56400965154171
      vertex -2.842066280543804 -21.300000000000004 23.56400965154171
      vertex -2.116142027080059 -20.500000000000004 22.714061550796032
    endloop
  endfacet
  facet normal -0.6494480459958325 0 -0.7604059675937551
    outer loop
      vertex -1.4058082327246666 -20.500000000000004 20.167769700288773
      vertex -0.5041068568825722 -20.500000000000004 19.397643975913525
      vertex -1.4058082327246666 -21.300000000000004 20.167769700288773
    endloop
  endfacet
  facet normal -0.5664062382738085 0 -0.8241261876948903
    outer loop
      vertex 0.43666403740644455 -20.500000000000004 18.675765074789524
      vertex 1.4139258563518524 -20.500000000000004 18.004111632704735
      vertex 0.43666403740644455 -21.300000000000004 18.675765074789524
    endloop
  endfacet
  facet normal -0.6087614313605815 0 -0.793353338486589
    outer loop
      vertex -0.5041068568825722 -20.500000000000004 19.397643975913525
      vertex 0.43666403740644455 -20.500000000000004 18.675765074789524
      vertex -0.5041068568825722 -21.300000000000004 19.397643975913525
    endloop
  endfacet
  facet normal 0.6087614284247067 0 0.7933533407393649
    outer loop
      vertex 0.3140096515417099 -20.500000000000004 20.407933719456196
      vertex 0.3140096515417099 -21.300000000000004 20.407933719456196
      vertex 1.2007848620414734 -20.500000000000004 19.727487169206142
    endloop
  endfacet
  facet normal 0.7253743676469134 0 0.6883545792401184
    outer loop
      vertex -2.116142027080059 -20.500000000000004 22.714061550796032
      vertex -2.116142027080059 -21.300000000000004 22.714061550796032
      vertex -1.3467297777533531 -20.500000000000004 21.903270222246647
    endloop
  endfacet
  facet normal 0.6883545792401184 0 0.7253743676469134
    outer loop
      vertex -1.3467297777533531 -20.500000000000004 21.903270222246647
      vertex -1.3467297777533531 -21.300000000000004 21.903270222246647
      vertex -0.535938449203968 -20.500000000000004 21.13385797291994
    endloop
  endfacet
  facet normal 0.6494480467630198 0 0.7604059669385153
    outer loop
      vertex 0.3140096515417099 -20.500000000000004 20.407933719456196
      vertex -0.535938449203968 -20.500000000000004 21.13385797291994
      vertex -0.535938449203968 -21.300000000000004 21.13385797291994
    endloop
  endfacet
  facet normal 0.8526401661431127 0 0.5224985617965329
    outer loop
      vertex -4.399901881814003 -20.500000000000004 25.770593911409378
      vertex -4.399901881814003 -21.300000000000004 25.770593911409378
      vertex -4.1556166261434555 -20.500000000000004 25.37195660173893
    endloop
  endfacet
  facet normal 0.8241261890172393 0 0.5664062363497788
    outer loop
      vertex -3.5225128307938576 -20.500000000000004 24.450784862041473
      vertex -4.1556166261434555 -20.500000000000004 25.37195660173893
      vertex -4.1556166261434555 -21.300000000000004 25.37195660173893
    endloop
  endfacet
  facet normal -0.5000000000450898 0 0.8660254037584061
    outer loop
      vertex -5.049901880323887 -20.500000000000004 26.89642693847418
      vertex -5.049901880323887 -21.300000000000004 26.89642693847418
      vertex -0.53 -20.500000000000004 29.505993506103643
    endloop
  endfacet
  facet normal 0.49999999987445654 -4.7283170772356496e-17 -0.8660254038569212
    outer loop
      vertex -4.399901881814003 -20.500000000000004 25.770593911409378
      vertex -0.53 -20.500000000000004 28.00488280386413
      vertex -0.53 -21.300000000000004 28.00488280386413
    endloop
  endfacet
  facet normal 0 1 0
    outer loop
      vertex 4.278629124164581 -20.500000000000004 7.850117772817612
      vertex 4.680351212620735 -20.500000000000004 9.086491249501705
      vertex 5.817196264863014 -20.500000000000004 7.394373424351215
    endloop
  endfacet
  facet normal 0 1 0
    outer loop
      vertex 5.817196264863014 -20.500000000000004 7.394373424351215
      vertex 6.153661027550697 -20.500000000000004 8.650077000260353
      vertex 7.377506673336029 -20.500000000000004 7.019776038825512
    endloop
  endfacet
  facet normal 0 1 0
    outer loop
      vertex 7.377506673336029 -20.500000000000004 7.019776038825512
      vertex 6.153661027550697 -20.500000000000004 8.650077000260353
      vertex 7.647791877388954 -20.500000000000004 8.291367918252945
    endloop
  endfacet
  facet normal 0 1 0
    outer loop
      vertex 1.2835218906402588 -20.500000000000004 8.999831721186638
      vertex 1.8122795224189758 -20.500000000000004 10.187440820038319
      vertex 2.7660223469138145 -20.500000000000004 8.385759927332401
    endloop
  endfacet
  facet normal 0 1 0
    outer loop
      vertex 1.8122795224189758 -20.500000000000004 10.187440820038319
      vertex 3.2319006845355034 -20.500000000000004 9.599414482712746
      vertex 2.7660223469138145 -20.500000000000004 8.385759927332401
    endloop
  endfacet
  facet normal 0 1 0
    outer loop
      vertex 4.278629124164581 -20.500000000000004 7.850117772817612
      vertex 2.7660223469138145 -20.500000000000004 8.385759927332401
      vertex 3.2319006845355034 -20.500000000000004 9.599414482712746
    endloop
  endfacet
  facet normal 0 1 0
    outer loop
      vertex 4.278629124164581 -20.500000000000004 7.850117772817612
      vertex 3.2319006845355034 -20.500000000000004 9.599414482712746
      vertex 4.680351212620735 -20.500000000000004 9.086491249501705
    endloop
  endfacet
  facet normal 0 1 0
    outer loop
      vertex 5.817196264863014 -20.500000000000004 7.394373424351215
      vertex 4.680351212620735 -20.500000000000004 9.086491249501705
      vertex 6.153661027550697 -20.500000000000004 8.650077000260353
    endloop
  endfacet
  facet normal 0 1 0
    outer loop
      vertex 5.632965944707394 -20.500000000000004 15.854403339326382
      vertex 6.098844274878502 -20.500000000000004 17.068057894706726
      vertex 6.750765077769756 -20.500000000000004 15.458569906651974
    endloop
  endfacet
  facet normal 0 1 0
    outer loop
      vertex 6.750765077769756 -20.500000000000004 15.458569906651974
      vertex 6.098844274878502 -20.500000000000004 17.068057894706726
      vertex 7.152487173676491 -20.500000000000004 16.694943375885487
    endloop
  endfacet
  facet normal 0 1 0
    outer loop
      vertex 6.750765077769756 -20.500000000000004 15.458569906651974
      vertex 7.152487173676491 -20.500000000000004 16.694943375885487
      vertex 7.887748628854752 -20.500000000000004 15.121780037879944
    endloop
  endfacet
  facet normal 0 1 0
    outer loop
      vertex 7.377506673336029 -20.500000000000004 7.019776038825512
      vertex 7.647791877388954 -20.500000000000004 8.291367918252945
      vertex 8.955283649265766 -20.500000000000004 6.727352358400822
    endloop
  endfacet
  facet normal 0 1 0
    outer loop
      vertex 8.955283649265766 -20.500000000000004 6.727352358400822
      vertex 7.647791877388954 -20.500000000000004 8.291367918252945
      vertex 9.158648453652859 -20.500000000000004 8.011347204446793
    endloop
  endfacet
  facet normal 0 1 0
    outer loop
      vertex 8.955283649265766 -20.500000000000004 6.727352358400822
      vertex 9.158648453652859 -20.500000000000004 8.011347204446793
      vertex 10.546202600002289 -20.500000000000004 6.517903909087181
    endloop
  endfacet
  facet normal 0 1 0
    outer loop
      vertex 9.158648453652859 -20.500000000000004 8.011347204446793
      vertex 10.682089604437351 -20.500000000000004 7.810782372951508
      vertex 10.546202600002289 -20.500000000000004 6.517903909087181
    endloop
  endfacet
  facet normal 0 1 0
    outer loop
      vertex 13.100000008940697 -20.500000000000004 0
      vertex 13.100000008940697 -20.500000000000004 6.367020852863789
      vertex 14.399999991059303 -20.500000000000004 0
    endloop
  endfacet
  facet normal 0 1 0
    outer loop
      vertex 10.546202600002289 -20.500000000000004 6.517903909087181
      vertex 10.682089604437351 -20.500000000000004 7.810782372951508
      vertex 12.145902939140797 -20.500000000000004 6.392004758119583
    endloop
  endfacet
  facet normal 0 1 0
    outer loop
      vertex 10.682089604437351 -20.500000000000004 7.810782372951508
      vertex 12.213939681649208 -20.500000000000004 7.690223157405853
      vertex 12.145902939140797 -20.500000000000004 6.392004758119583
    endloop
  endfacet
  facet normal 0 1 0
    outer loop
      vertex 12.145902939140797 -20.500000000000004 6.392004758119583
      vertex 12.213939681649208 -20.500000000000004 7.690223157405853
      vertex 13.100000008940697 -20.500000000000004 6.367020852863789
    endloop
  endfacet
  facet normal 0 1 0
    outer loop
      vertex 12.213939681649208 -20.500000000000004 7.690223157405853
      vertex 13.100000001490116 -20.500000000000004 7.667020849883556
      vertex 13.100000008940697 -20.500000000000004 6.367020852863789
    endloop
  endfacet
  facet normal 0 1 0
    outer loop
      vertex 13.100000008940697 -20.500000000000004 6.367020852863789
      vertex 13.100000001490116 -20.500000000000004 7.667020849883556
      vertex 14.399999991059303 -20.500000000000004 7.667020849883556
    endloop
  endfacet
  facet normal 0 1 0
    outer loop
      vertex 7.887748628854752 -20.500000000000004 15.121780037879944
      vertex 7.152487173676491 -20.500000000000004 16.694943375885487
      vertex 8.224213384091854 -20.500000000000004 16.3774836063385
    endloop
  endfacet
  facet normal 0 1 0
    outer loop
      vertex 7.887748628854752 -20.500000000000004 15.121780037879944
      vertex 8.224213384091854 -20.500000000000004 16.3774836063385
      vertex 9.040800206363201 -20.500000000000004 14.84495684504509
    endloop
  endfacet
  facet normal 0 1 0
    outer loop
      vertex 8.224213384091854 -20.500000000000004 16.3774836063385
      vertex 9.311085402965546 -20.500000000000004 16.116548724472523
      vertex 9.040800206363201 -20.500000000000004 14.84495684504509
    endloop
  endfacet
  facet normal 0 1 0
    outer loop
      vertex 9.040800206363201 -20.500000000000004 14.84495684504509
      vertex 9.311085402965546 -20.500000000000004 16.116548724472523
      vertex 10.206759363412857 -20.500000000000004 14.628859087824821
    endloop
  endfacet
  facet normal 0 1 0
    outer loop
      vertex 9.311085402965546 -20.500000000000004 16.116548724472523
      vertex 10.41012416779995 -20.500000000000004 15.912853926420212
      vertex 10.206759363412857 -20.500000000000004 14.628859087824821
    endloop
  endfacet
  facet normal 0 1 0
    outer loop
      vertex 13.100000001490116 -20.500000000000004 7.667020849883556
      vertex 13.100000001490116 -20.500000000000004 14.367020852863789
      vertex 14.399999991059303 -20.500000000000004 7.667020849883556
    endloop
  endfacet
  facet normal 0 1 0
    outer loop
      vertex 10.206759363412857 -20.500000000000004 14.628859087824821
      vertex 10.41012416779995 -20.500000000000004 15.912853926420212
      vertex 11.38243030756712 -20.500000000000004 14.474079072475433
    endloop
  endfacet
  facet normal 0 1 0
    outer loop
      vertex 10.41012416779995 -20.500000000000004 15.912853926420212
      vertex 11.518317312002182 -20.500000000000004 15.76695753633976
      vertex 11.38243030756712 -20.500000000000004 14.474079072475433
    endloop
  endfacet
  facet normal 0 1 0
    outer loop
      vertex 11.38243030756712 -20.500000000000004 14.474079072475433
      vertex 11.518317312002182 -20.500000000000004 15.76695753633976
      vertex 12.564590588212013 -20.500000000000004 14.381041035056114
    endloop
  endfacet
  facet normal 0 1 0
    outer loop
      vertex 11.518317312002182 -20.500000000000004 15.76695753633976
      vertex 12.632627330720425 -20.500000000000004 15.679259434342384
      vertex 12.564590588212013 -20.500000000000004 14.381041035056114
    endloop
  endfacet
  facet normal 0 1 0
    outer loop
      vertex 12.564590588212013 -20.500000000000004 14.381041035056114
      vertex 12.632627330720425 -20.500000000000004 15.679259434342384
      vertex 13.100000001490116 -20.500000000000004 14.367020852863789
    endloop
  endfacet
  facet normal 0 1 0
    outer loop
      vertex 13.100000001490116 -20.500000000000004 14.367020852863789
      vertex 12.632627330720425 -20.500000000000004 15.679259434342384
      vertex 13.100000001490116 -20.500000000000004 15.667020849883556
    endloop
  endfacet
  facet normal 0 1 0
    outer loop
      vertex 13.100000001490116 -20.500000000000004 14.367020852863789
      vertex 13.100000001490116 -20.500000000000004 15.667020849883556
      vertex 14.399999991059303 -20.500000000000004 15.667020849883556
    endloop
  endfacet
  facet normal -0.33380686020531863 -4.3242496279242e-17 -0.9426414907481352
    outer loop
      vertex 4.278629124164581 -20.500000000000004 7.850117772817612
      vertex 2.7660223469138145 -21.300000000000004 8.385759927332401
      vertex 2.7660223469138145 -20.500000000000004 8.385759927332401
    endloop
  endfacet
  facet normal -0.284015343836692 0 -0.9588197351250785
    outer loop
      vertex 4.278629124164581 -20.500000000000004 7.850117772817612
      vertex 5.817196264863014 -20.500000000000004 7.394373424351215
      vertex 4.278629124164581 -21.300000000000004 7.850117772817612
    endloop
  endfacet
  facet normal -0.2334453631958007 0 -0.9723699205561537
    outer loop
      vertex 5.817196264863014 -20.500000000000004 7.394373424351215
      vertex 7.377506673336029 -20.500000000000004 7.019776038825512
      vertex 5.817196264863014 -21.300000000000004 7.394373424351215
    endloop
  endfacet
  facet normal -0.3826834316424301 0 -0.9238795328106223
    outer loop
      vertex 1.2835218906402588 -20.500000000000004 8.999831721186638
      vertex 2.7660223469138145 -20.500000000000004 8.385759927332401
      vertex 1.2835218906402588 -21.300000000000004 8.999831721186638
    endloop
  endfacet
  facet normal 0.3826834315568862 0 0.9238795328460556
    outer loop
      vertex 1.8122795224189758 -20.500000000000004 10.187440820038319
      vertex 1.8122795224189758 -21.300000000000004 10.187440820038319
      vertex 3.2319006845355034 -20.500000000000004 9.599414482712746
    endloop
  endfacet
  facet normal 0.33380685913208813 0 0.9426414911281862
    outer loop
      vertex 3.2319006845355034 -20.500000000000004 9.599414482712746
      vertex 3.2319006845355034 -21.300000000000004 9.599414482712746
      vertex 4.680351212620735 -20.500000000000004 9.086491249501705
    endloop
  endfacet
  facet normal 0.8660254034163158 3.0034018414986564e-16 -0.5000000006376075
    outer loop
      vertex -0.3535730615258217 -20.500000000000004 11.27189489454031
      vertex 2.9964269399642944 -20.500000000000004 17.074265092611313
      vertex 2.9964269399642944 -21.300000000000004 17.074265092611313
    endloop
  endfacet
  facet normal -0.43051109809598453 0 -0.9025852837356643
    outer loop
      vertex 4.537415035068989 -20.500000000000004 16.308195382356644
      vertex 4.537415035068989 -21.300000000000004 16.308195382356644
      vertex 3.467115178704262 -20.500000000000004 16.81870222836733
    endloop
  endfacet
  facet normal 0.28401534458367234 0 0.9588197349038128
    outer loop
      vertex 4.680351212620735 -20.500000000000004 9.086491249501705
      vertex 4.680351212620735 -21.300000000000004 9.086491249501705
      vertex 6.153661027550697 -20.500000000000004 8.650077000260353
    endloop
  endfacet
  facet normal 0.2334453648865289 0 0.9723699201502457
    outer loop
      vertex 6.153661027550697 -20.500000000000004 8.650077000260353
      vertex 6.153661027550697 -21.300000000000004 8.650077000260353
      vertex 7.647791877388954 -20.500000000000004 8.291367918252945
    endloop
  endfacet
  facet normal -0.38268343091674134 0 -0.9238795331112124
    outer loop
      vertex 4.537415035068989 -20.500000000000004 16.308195382356644
      vertex 5.632965944707394 -20.500000000000004 15.854403339326382
      vertex 5.632965944707394 -21.300000000000004 15.854403339326382
    endloop
  endfacet
  facet normal -0.33380685870797194 0 -0.9426414912783736
    outer loop
      vertex 5.632965944707394 -20.500000000000004 15.854403339326382
      vertex 6.750765077769756 -20.500000000000004 15.458569906651974
      vertex 6.750765077769756 -21.300000000000004 15.458569906651974
    endloop
  endfacet
  facet normal -0.1822355270531542 0 -0.9832549072746389
    outer loop
      vertex 7.377506673336029 -20.500000000000004 7.019776038825512
      vertex 8.955283649265766 -20.500000000000004 6.727352358400822
      vertex 7.377506673336029 -21.300000000000004 7.019776038825512
    endloop
  endfacet
  facet normal 0.18223552482073174 0 0.9832549076883942
    outer loop
      vertex 9.158648453652859 -20.500000000000004 8.011347204446793
      vertex 7.647791877388954 -20.500000000000004 8.291367918252945
      vertex 7.647791877388954 -21.300000000000004 8.291367918252945
    endloop
  endfacet
  facet normal -0.13052618976367067 0 -0.991444861697199
    outer loop
      vertex 8.955283649265766 -20.500000000000004 6.727352358400822
      vertex 10.546202600002289 -20.500000000000004 6.517903909087181
      vertex 8.955283649265766 -21.300000000000004 6.727352358400822
    endloop
  endfacet
  facet normal 0.13052619162326407 0 0.991444861452379
    outer loop
      vertex 9.158648453652859 -20.500000000000004 8.011347204446793
      vertex 9.158648453652859 -21.300000000000004 8.011347204446793
      vertex 10.682089604437351 -20.500000000000004 7.810782372951508
    endloop
  endfacet
  facet normal 0 0 -1
    outer loop
      vertex 13.100000008940697 -20.500000000000004 0
      vertex 14.399999991059303 -20.500000000000004 0
      vertex 13.100000008940697 -21.300000000000004 0
    endloop
  endfacet
  facet normal -0.07845909812441985 0 -0.9969173335445134
    outer loop
      vertex 10.546202600002289 -20.500000000000004 6.517903909087181
      vertex 12.145902939140797 -20.500000000000004 6.392004758119583
      vertex 10.546202600002289 -21.300000000000004 6.517903909087181
    endloop
  endfacet
  facet normal 0.0784590956435412 0 0.9969173337397628
    outer loop
      vertex 10.682089604437351 -20.500000000000004 7.810782372951508
      vertex 10.682089604437351 -21.300000000000004 7.810782372951508
      vertex 12.213939681649208 -20.500000000000004 7.690223157405853
    endloop
  endfacet
  facet normal -1 0 0
    outer loop
      vertex 13.100000008940697 -20.500000000000004 0
      vertex 13.100000008940697 -21.300000000000004 6.367020852863789
      vertex 13.100000008940697 -20.500000000000004 6.367020852863789
    endloop
  endfacet
  facet normal -0.026176942252479535 0 -0.9996573251341234
    outer loop
      vertex 12.145902939140797 -20.500000000000004 6.392004758119583
      vertex 13.100000008940697 -20.500000000000004 6.367020852863789
      vertex 12.145902939140797 -21.300000000000004 6.392004758119583
    endloop
  endfacet
  facet normal 0.02617694997802111 0 0.9996573249318229
    outer loop
      vertex 12.213939681649208 -20.500000000000004 7.690223157405853
      vertex 12.213939681649208 -21.300000000000004 7.690223157405853
      vertex 13.100000001490116 -20.500000000000004 7.667020849883556
    endloop
  endfacet
  facet normal -0.2840153426810293 0 -0.9588197354674014
    outer loop
      vertex 6.750765077769756 -20.500000000000004 15.458569906651974
      vertex 7.887748628854752 -20.500000000000004 15.121780037879944
      vertex 7.887748628854752 -21.300000000000004 15.121780037879944
    endloop
  endfacet
  facet normal -0.23344536461438326 0 -0.9723699202155821
    outer loop
      vertex 7.887748628854752 -20.500000000000004 15.121780037879944
      vertex 9.040800206363201 -20.500000000000004 14.84495684504509
      vertex 9.040800206363201 -21.300000000000004 14.84495684504509
    endloop
  endfacet
  facet normal 0.2334453607226127 0 0.9723699211499136
    outer loop
      vertex 8.224213384091854 -20.500000000000004 16.3774836063385
      vertex 8.224213384091854 -21.300000000000004 16.3774836063385
      vertex 9.311085402965546 -20.500000000000004 16.116548724472523
    endloop
  endfacet
  facet normal -0.18223552600049084 0 -0.9832549074697388
    outer loop
      vertex 9.040800206363201 -20.500000000000004 14.84495684504509
      vertex 10.206759363412857 -20.500000000000004 14.628859087824821
      vertex 10.206759363412857 -21.300000000000004 14.628859087824821
    endloop
  endfacet
  facet normal 0.18223552811738303 0 0.9832549070773959
    outer loop
      vertex 9.311085402965546 -20.500000000000004 16.116548724472523
      vertex 9.311085402965546 -21.300000000000004 16.116548724472523
      vertex 10.41012416779995 -20.500000000000004 15.912853926420212
    endloop
  endfacet
  facet normal -1 0 0
    outer loop
      vertex 13.100000001490116 -20.500000000000004 7.667020849883556
      vertex 13.100000001490116 -21.300000000000004 7.667020849883556
      vertex 13.100000001490116 -20.500000000000004 14.367020852863789
    endloop
  endfacet
  facet normal -0.0784591004148048 0 -0.9969173333642563
    outer loop
      vertex 11.38243030756712 -20.500000000000004 14.474079072475433
      vertex 12.564590588212013 -20.500000000000004 14.381041035056114
      vertex 12.564590588212013 -21.300000000000004 14.381041035056114
    endloop
  endfacet
  facet normal -0.13052619156564776 0 -0.9914448614599642
    outer loop
      vertex 10.206759363412857 -20.500000000000004 14.628859087824821
      vertex 11.38243030756712 -20.500000000000004 14.474079072475433
      vertex 11.38243030756712 -21.300000000000004 14.474079072475433
    endloop
  endfacet
  facet normal 0.13052618767966898 0 0.9914448619715631
    outer loop
      vertex 10.41012416779995 -20.500000000000004 15.912853926420212
      vertex 10.41012416779995 -21.300000000000004 15.912853926420212
      vertex 11.518317312002182 -20.500000000000004 15.76695753633976
    endloop
  endfacet
  facet normal 0.07845909714378427 0 0.9969173336216911
    outer loop
      vertex 11.518317312002182 -20.500000000000004 15.76695753633976
      vertex 11.518317312002182 -21.300000000000004 15.76695753633976
      vertex 12.632627330720425 -20.500000000000004 15.679259434342384
    endloop
  endfacet
  facet normal -0.026176935786086757 0 -0.9996573253034517
    outer loop
      vertex 12.564590588212013 -20.500000000000004 14.381041035056114
      vertex 13.100000001490116 -20.500000000000004 14.367020852863789
      vertex 13.100000001490116 -21.300000000000004 14.367020852863789
    endloop
  endfacet
  facet normal 0.026176949074077593 0 0.9996573249554934
    outer loop
      vertex 12.632627330720425 -20.500000000000004 15.679259434342384
      vertex 12.632627330720425 -21.300000000000004 15.679259434342384
      vertex 13.100000001490116 -20.500000000000004 15.667020849883556
    endloop
  endfacet
  facet normal 0 1 0
    outer loop
      vertex 0.43666403740644455 -20.500000000000004 18.675765074789524
      vertex 3.6464269384741783 -20.500000000000004 18.200098119676113
      vertex 1.4139258563518524 -20.500000000000004 18.004111632704735
    endloop
  endfacet
  facet normal 0 1 0
    outer loop
      vertex 1.4139258563518524 -20.500000000000004 18.004111632704735
      vertex 3.6464269384741783 -20.500000000000004 18.200098119676113
      vertex 1.8705939203500748 -20.500000000000004 17.724265091121197
    endloop
  endfacet
  facet normal 0 1 0
    outer loop
      vertex 0.43666403740644455 -20.500000000000004 18.675765074789524
      vertex 1.2007848620414734 -20.500000000000004 19.727487169206142
      vertex 2.1219566017389297 -20.500000000000004 19.094383373856544
    endloop
  endfacet
  facet normal 0 1 0
    outer loop
      vertex 0.43666403740644455 -20.500000000000004 18.675765074789524
      vertex 2.1219566017389297 -20.500000000000004 19.094383373856544
      vertex 2.5205939188599586 -20.500000000000004 18.850098118185997
    endloop
  endfacet
  facet normal 0 1 0
    outer loop
      vertex 0.43666403740644455 -20.500000000000004 18.675765074789524
      vertex 2.5205939188599586 -20.500000000000004 18.850098118185997
      vertex 3.6464269384741783 -20.500000000000004 18.200098119676113
    endloop
  endfacet
  facet normal 0 1 0
    outer loop
      vertex 2.9964269399642944 -20.500000000000004 17.074265092611313
      vertex 3.6464269384741783 -20.500000000000004 18.200098119676113
      vertex 3.467115178704262 -20.500000000000004 16.81870222836733
    endloop
  endfacet
  facet normal 0 1 0
    outer loop
      vertex 1.8705939203500748 -20.500000000000004 17.724265091121197
      vertex 3.6464269384741783 -20.500000000000004 18.200098119676113
      vertex 2.9964269399642944 -20.500000000000004 17.074265092611313
    endloop
  endfacet
  facet normal 0 1 0
    outer loop
      vertex 4.537415035068989 -20.500000000000004 16.308195382356644
      vertex 3.467115178704262 -20.500000000000004 16.81870222836733
      vertex 4.057302832603455 -20.500000000000004 17.97701071202755
    endloop
  endfacet
  facet normal 0 1 0
    outer loop
      vertex 3.467115178704262 -20.500000000000004 16.81870222836733
      vertex 3.6464269384741783 -20.500000000000004 18.200098119676113
      vertex 4.057302832603455 -20.500000000000004 17.97701071202755
    endloop
  endfacet
  facet normal 0 1 0
    outer loop
      vertex 2.5205939188599586 -20.500000000000004 18.850098118185997
      vertex 5.372647594137304 -20.500000000000004 21.19
      vertex 3.6464269384741783 -20.500000000000004 18.200098119676113
    endloop
  endfacet
  facet normal 0 1 0
    outer loop
      vertex 2.5205939188599586 -20.500000000000004 18.850098118185997
      vertex 3.8715369003650233 -20.500000000000004 21.19
      vertex 5.372647594137304 -20.500000000000004 21.19
    endloop
  endfacet
  facet normal 0 1 0
    outer loop
      vertex 4.537415035068989 -20.500000000000004 16.308195382356644
      vertex 4.057302832603455 -20.500000000000004 17.97701071202755
      vertex 5.066172666847706 -20.500000000000004 17.495804481208324
    endloop
  endfacet
  facet normal 0 1 0
    outer loop
      vertex 4.537415035068989 -20.500000000000004 16.308195382356644
      vertex 5.066172666847706 -20.500000000000004 17.495804481208324
      vertex 5.632965944707394 -20.500000000000004 15.854403339326382
    endloop
  endfacet
  facet normal 0 1 0
    outer loop
      vertex 5.632965944707394 -20.500000000000004 15.854403339326382
      vertex 5.066172666847706 -20.500000000000004 17.495804481208324
      vertex 6.098844274878502 -20.500000000000004 17.068057894706726
    endloop
  endfacet
  facet normal 0 1 0
    outer loop
      vertex 13.100000001490116 -20.500000000000004 15.667020849883556
      vertex 13.100000001490116 -20.500000000000004 21.19
      vertex 14.399999991059303 -20.500000000000004 21.19
    endloop
  endfacet
  facet normal -0.5224985539209459 0 -0.8526401709692785
    outer loop
      vertex 1.4139258563518524 -20.500000000000004 18.004111632704735
      vertex 1.8705939203500748 -20.500000000000004 17.724265091121197
      vertex 1.4139258563518524 -21.300000000000004 18.004111632704735
    endloop
  endfacet
  facet normal 0.5664062363497788 0 0.8241261890172393
    outer loop
      vertex 1.2007848620414734 -20.500000000000004 19.727487169206142
      vertex 1.2007848620414734 -21.300000000000004 19.727487169206142
      vertex 2.1219566017389297 -20.500000000000004 19.094383373856544
    endloop
  endfacet
  facet normal 0.5224985546970153 0 0.8526401704937027
    outer loop
      vertex 2.1219566017389297 -20.500000000000004 19.094383373856544
      vertex 2.1219566017389297 -21.300000000000004 19.094383373856544
      vertex 2.5205939188599586 -20.500000000000004 18.850098118185997
    endloop
  endfacet
  facet normal -0.47715876352909176 0 -0.8788171108867807
    outer loop
      vertex 2.9964269399642944 -20.500000000000004 17.074265092611313
      vertex 3.467115178704262 -20.500000000000004 16.81870222836733
      vertex 3.467115178704262 -21.300000000000004 16.81870222836733
    endloop
  endfacet
  facet normal 0.4771587587514758 0 0.8788171134808145
    outer loop
      vertex 3.6464269384741783 -20.500000000000004 18.200098119676113
      vertex 3.6464269384741783 -21.300000000000004 18.200098119676113
      vertex 4.057302832603455 -20.500000000000004 17.97701071202755
    endloop
  endfacet
  facet normal -0.866025403758406 0 0.50000000004509
    outer loop
      vertex 2.5205939188599586 -20.500000000000004 18.850098118185997
      vertex 2.5205939188599586 -21.300000000000004 18.850098118185997
      vertex 3.8715369003650233 -20.500000000000004 21.19
    endloop
  endfacet
  facet normal 0.4305110998748486 0 0.9025852828871898
    outer loop
      vertex 4.057302832603455 -20.500000000000004 17.97701071202755
      vertex 4.057302832603455 -21.300000000000004 17.97701071202755
      vertex 5.066172666847706 -20.500000000000004 17.495804481208324
    endloop
  endfacet
  facet normal 0.38268343311162334 0 0.9238795322020623
    outer loop
      vertex 5.066172666847706 -20.500000000000004 17.495804481208324
      vertex 5.066172666847706 -21.300000000000004 17.495804481208324
      vertex 6.098844274878502 -20.500000000000004 17.068057894706726
    endloop
  endfacet
  facet normal 0.8660254037584059 -8.096336504952196e-17 -0.50000000004509
    outer loop
      vertex 3.6464269384741783 -20.500000000000004 18.200098119676113
      vertex 5.372647594137304 -20.500000000000004 21.19
      vertex 5.372647594137304 -21.300000000000004 21.19
    endloop
  endfacet
  facet normal 0.33380685886951067 0 0.9426414912211697
    outer loop
      vertex 6.098844274878502 -20.500000000000004 17.068057894706726
      vertex 6.098844274878502 -21.300000000000004 17.068057894706726
      vertex 7.152487173676491 -20.500000000000004 16.694943375885487
    endloop
  endfacet
  facet normal 0.2840153472679195 0 0.9588197341087026
    outer loop
      vertex 8.224213384091854 -20.500000000000004 16.3774836063385
      vertex 7.152487173676491 -20.500000000000004 16.694943375885487
      vertex 7.152487173676491 -21.300000000000004 16.694943375885487
    endloop
  endfacet
  facet normal -1 0 0
    outer loop
      vertex 13.100000001490116 -20.500000000000004 15.667020849883556
      vertex 13.100000001490116 -21.300000000000004 15.667020849883556
      vertex 13.100000001490116 -20.500000000000004 21.19
    endloop
  endfacet
  facet normal -0.6593458385237712 0 -0.7518397869369412
    outer loop
      vertex -6.555137149989605 -20.500000000000004 2.47975991666317
      vertex -6.555137149989605 -21.300000000000004 2.47975991666317
      vertex -6.804544605314732 -21.300000000000004 2.6984843984246254
    endloop
  endfacet
  facet normal -0.5555702269766569 0 -0.8314696163403121
    outer loop
      vertex -5.743010990321636 -20.500000000000004 1.9371145740151405
      vertex -5.743010990321636 -21.300000000000004 1.9371145740151405
      vertex -6.555137149989605 -21.300000000000004 2.47975991666317
    endloop
  endfacet
  facet normal -0.8660254038174882 0 0.4999999999427565
    outer loop
      vertex -6.804544605314732 -20.500000000000004 2.6984843984246254
      vertex -6.804544605314732 -21.300000000000004 2.6984843984246254
      vertex -2.1294060796499252 -21.300000000000004 10.796061858534813
    endloop
  endfacet
  facet normal -0.7253743692635533 0 -0.6883545775365355
    outer loop
      vertex -7.922822840511799 -20.500000000000004 15.327177159488201
      vertex -7.922822840511799 -21.300000000000004 15.327177159488201
      vertex -9.027388900518417 -21.300000000000004 16.49114691466093
    endloop
  endfacet
  facet normal -0.6883545775365355 0 -0.7253743692635533
    outer loop
      vertex -6.758853085339069 -20.500000000000004 14.222611099481583
      vertex -6.758853085339069 -21.300000000000004 14.222611099481583
      vertex -7.922822840511799 -21.300000000000004 15.327177159488201
    endloop
  endfacet
  facet normal 0.688354575357822 0 0.7253743713310753
    outer loop
      vertex -7.003584027290344 -20.500000000000004 16.246415972709656
      vertex -7.003584027290344 -21.300000000000004 16.246415972709656
      vertex -5.88898329436779 -21.300000000000004 15.188699372112751
    endloop
  endfacet
  facet normal -0.6494480503793596 0 -0.7604059638498695
    outer loop
      vertex -5.538669988512993 -20.500000000000004 13.180476278066635
      vertex -5.538669988512993 -21.300000000000004 13.180476278066635
      vertex -6.758853085339069 -21.300000000000004 14.222611099481583
    endloop
  endfacet
  facet normal 0.6494480507224856 0 0.7604059635568121
    outer loop
      vertex -5.88898329436779 -20.500000000000004 15.188699372112751
      vertex -5.88898329436779 -21.300000000000004 15.188699372112751
      vertex -4.720553480088711 -21.300000000000004 14.190766029059887
    endloop
  endfacet
  facet normal 0.8660254035585541 0 -0.5000000003912435
    outer loop
      vertex -1.0035730600357056 -20.500000000000004 10.146061860024929
      vertex -1.0035730600357056 -21.300000000000004 10.146061860024929
      vertex -5.743010990321636 -21.300000000000004 1.9371145740151405
    endloop
  endfacet
  facet normal -0.5664062374567599 0 -0.8241261882564324
    outer loop
      vertex -2.9431864246726036 -20.500000000000004 11.294747091829777
      vertex -2.9431864246726036 -21.300000000000004 11.294747091829777
      vertex -4.265617981553078 -21.300000000000004 12.203629121184349
    endloop
  endfacet
  facet normal -0.522498562044081 0 -0.852640165991415
    outer loop
      vertex -2.1294060796499252 -20.500000000000004 10.796061858534813
      vertex -2.1294060796499252 -21.300000000000004 10.796061858534813
      vertex -2.9431864246726036 -21.300000000000004 11.294747091829777
    endloop
  endfacet
  facet normal 0.522498556966215 0 0.8526401691031351
    outer loop
      vertex -2.2351556792855263 -20.500000000000004 12.385018832981586
      vertex -2.2351556792855263 -21.300000000000004 12.385018832981586
      vertex -1.4794060811400414 -21.300000000000004 11.921894893050194
    endloop
  endfacet
  facet normal -0.6087614269852097 0 -0.7933533418439297
    outer loop
      vertex -4.265617981553078 -20.500000000000004 12.203629121184349
      vertex -4.265617981553078 -21.300000000000004 12.203629121184349
      vertex -5.538669988512993 -21.300000000000004 13.180476278066635
    endloop
  endfacet
  facet normal 0.608761427707647 0 0.7933533412895841
    outer loop
      vertex -4.720553480088711 -20.500000000000004 14.190766029059887
      vertex -4.720553480088711 -21.300000000000004 14.190766029059887
      vertex -3.501497156918049 -21.300000000000004 13.255351215600967
    endloop
  endfacet
  facet normal 0.5664062360209781 0 0.8241261892432179
    outer loop
      vertex -3.501497156918049 -20.500000000000004 13.255351215600967
      vertex -3.501497156918049 -21.300000000000004 13.255351215600967
      vertex -2.2351556792855263 -21.300000000000004 12.385018832981586
    endloop
  endfacet
  facet normal -0.4771587624914077 0 -0.878817111450197
    outer loop
      vertex -0.16480881720781326 -20.500000000000004 9.690650030970573
      vertex -0.16480881720781326 -21.300000000000004 9.690650030970573
      vertex -1.0035730600357056 -21.300000000000004 10.146061860024929
    endloop
  endfacet
  facet normal -0.43051109624222184 0 -0.9025852846198638
    outer loop
      vertex 1.2835218906402588 -20.500000000000004 8.999831721186638
      vertex 1.2835218906402588 -21.300000000000004 8.999831721186638
      vertex -0.16480881720781326 -21.300000000000004 9.690650030970573
    endloop
  endfacet
  facet normal 0.47715876990845363 0 0.8788171074230698
    outer loop
      vertex 0.42537882924079895 -20.500000000000004 10.848958514630795
      vertex -0.3535730615258217 -21.300000000000004 11.27189489454031
      vertex 0.42537882924079895 -21.300000000000004 10.848958514630795
    endloop
  endfacet
  facet normal -0.8660254034163158 0 0.5000000006376075
    outer loop
      vertex -1.4794060811400414 -20.500000000000004 11.921894893050194
      vertex -1.4794060811400414 -21.300000000000004 11.921894893050194
      vertex 1.8705939203500748 -21.300000000000004 17.724265091121197
    endloop
  endfacet
  facet normal 0.8660254034163158 0 -0.5000000006376075
    outer loop
      vertex -0.3535730615258217 -20.500000000000004 11.27189489454031
      vertex 2.9964269399642944 -21.300000000000004 17.074265092611313
      vertex -0.3535730615258217 -21.300000000000004 11.27189489454031
    endloop
  endfacet
  facet normal 0 -1 0
    outer loop
      vertex -9.027388900518417 -21.300000000000004 16.49114691466093
      vertex -7.922822840511799 -21.300000000000004 15.327177159488201
      vertex -7.003584027290344 -21.300000000000004 16.246415972709656
    endloop
  endfacet
  facet normal 0 -1 0
    outer loop
      vertex -6.758853085339069 -21.300000000000004 14.222611099481583
      vertex -5.88898329436779 -21.300000000000004 15.188699372112751
      vertex -7.922822840511799 -21.300000000000004 15.327177159488201
    endloop
  endfacet
  facet normal 0 -1 0
    outer loop
      vertex -7.922822840511799 -21.300000000000004 15.327177159488201
      vertex -5.88898329436779 -21.300000000000004 15.188699372112751
      vertex -7.003584027290344 -21.300000000000004 16.246415972709656
    endloop
  endfacet
  facet normal 0 -1 0
    outer loop
      vertex -6.758853085339069 -21.300000000000004 14.222611099481583
      vertex -5.538669988512993 -21.300000000000004 13.180476278066635
      vertex -4.720553480088711 -21.300000000000004 14.190766029059887
    endloop
  endfacet
  facet normal 0 -1 0
    outer loop
      vertex -6.758853085339069 -21.300000000000004 14.222611099481583
      vertex -4.720553480088711 -21.300000000000004 14.190766029059887
      vertex -5.88898329436779 -21.300000000000004 15.188699372112751
    endloop
  endfacet
  facet normal 0 -1 0
    outer loop
      vertex -6.804544605314732 -21.300000000000004 2.6984843984246254
      vertex -6.555137149989605 -21.300000000000004 2.47975991666317
      vertex -1.0035730600357056 -21.300000000000004 10.146061860024929
    endloop
  endfacet
  facet normal 0 -1 0
    outer loop
      vertex -5.743010990321636 -21.300000000000004 1.9371145740151405
      vertex -1.0035730600357056 -21.300000000000004 10.146061860024929
      vertex -6.555137149989605 -21.300000000000004 2.47975991666317
    endloop
  endfacet
  facet normal 0 -1 0
    outer loop
      vertex -6.804544605314732 -21.300000000000004 2.6984843984246254
      vertex -1.0035730600357056 -21.300000000000004 10.146061860024929
      vertex -2.1294060796499252 -21.300000000000004 10.796061858534813
    endloop
  endfacet
  facet normal 0 -1 0
    outer loop
      vertex -4.265617981553078 -21.300000000000004 12.203629121184349
      vertex -2.9431864246726036 -21.300000000000004 11.294747091829777
      vertex -2.2351556792855263 -21.300000000000004 12.385018832981586
    endloop
  endfacet
  facet normal 0 -1 0
    outer loop
      vertex -2.9431864246726036 -21.300000000000004 11.294747091829777
      vertex -2.1294060796499252 -21.300000000000004 10.796061858534813
      vertex -1.4794060811400414 -21.300000000000004 11.921894893050194
    endloop
  endfacet
  facet normal 0 -1 0
    outer loop
      vertex -2.9431864246726036 -21.300000000000004 11.294747091829777
      vertex -1.4794060811400414 -21.300000000000004 11.921894893050194
      vertex -2.2351556792855263 -21.300000000000004 12.385018832981586
    endloop
  endfacet
  facet normal 0 -1 0
    outer loop
      vertex -5.538669988512993 -21.300000000000004 13.180476278066635
      vertex -4.265617981553078 -21.300000000000004 12.203629121184349
      vertex -3.501497156918049 -21.300000000000004 13.255351215600967
    endloop
  endfacet
  facet normal 0 -1 0
    outer loop
      vertex -5.538669988512993 -21.300000000000004 13.180476278066635
      vertex -3.501497156918049 -21.300000000000004 13.255351215600967
      vertex -4.720553480088711 -21.300000000000004 14.190766029059887
    endloop
  endfacet
  facet normal 0 -1 0
    outer loop
      vertex -4.265617981553078 -21.300000000000004 12.203629121184349
      vertex -2.2351556792855263 -21.300000000000004 12.385018832981586
      vertex -3.501497156918049 -21.300000000000004 13.255351215600967
    endloop
  endfacet
  facet normal 0 -1 0
    outer loop
      vertex -2.1294060796499252 -21.300000000000004 10.796061858534813
      vertex -1.0035730600357056 -21.300000000000004 10.146061860024929
      vertex -1.4794060811400414 -21.300000000000004 11.921894893050194
    endloop
  endfacet
  facet normal 0 -1 0
    outer loop
      vertex -1.0035730600357056 -21.300000000000004 10.146061860024929
      vertex -0.3535730615258217 -21.300000000000004 11.27189489454031
      vertex -1.4794060811400414 -21.300000000000004 11.921894893050194
    endloop
  endfacet
  facet normal 0 -1 0
    outer loop
      vertex -1.0035730600357056 -21.300000000000004 10.146061860024929
      vertex -0.16480881720781326 -21.300000000000004 9.690650030970573
      vertex -0.3535730615258217 -21.300000000000004 11.27189489454031
    endloop
  endfacet
  facet normal 0 -1 0
    outer loop
      vertex -0.16480881720781326 -21.300000000000004 9.690650030970573
      vertex 1.2835218906402588 -21.300000000000004 8.999831721186638
      vertex 0.42537882924079895 -21.300000000000004 10.848958514630795
    endloop
  endfacet
  facet normal 0 -1 0
    outer loop
      vertex 0.42537882924079895 -21.300000000000004 10.848958514630795
      vertex 1.2835218906402588 -21.300000000000004 8.999831721186638
      vertex 1.8122795224189758 -21.300000000000004 10.187440820038319
    endloop
  endfacet
  facet normal 0 -1 0
    outer loop
      vertex -0.3535730615258217 -21.300000000000004 11.27189489454031
      vertex -0.16480881720781326 -21.300000000000004 9.690650030970573
      vertex 0.42537882924079895 -21.300000000000004 10.848958514630795
    endloop
  endfacet
  facet normal 0 -1 0
    outer loop
      vertex -1.4794060811400414 -21.300000000000004 11.921894893050194
      vertex -0.3535730615258217 -21.300000000000004 11.27189489454031
      vertex 2.9964269399642944 -21.300000000000004 17.074265092611313
    endloop
  endfacet
  facet normal 0 -1 0
    outer loop
      vertex -1.4794060811400414 -21.300000000000004 11.921894893050194
      vertex 2.9964269399642944 -21.300000000000004 17.074265092611313
      vertex 1.8705939203500748 -21.300000000000004 17.724265091121197
    endloop
  endfacet
  facet normal -0.7933533418439297 0 -0.6087614269852097
    outer loop
      vertex -10.069523721933365 -20.500000000000004 17.711330011487007
      vertex -10.069523721933365 -21.300000000000004 17.711330011487007
      vertex -11.046370878815651 -21.300000000000004 18.984382018446922
    endloop
  endfacet
  facet normal -0.8241261882937165 0 -0.566406237402511
    outer loop
      vertex -11.046370878815651 -20.500000000000004 18.984382018446922
      vertex -11.046370878815651 -21.300000000000004 18.984382018446922
      vertex -11.25 -21.300000000000004 19.28066422790289
    endloop
  endfacet
  facet normal -1 0 0
    outer loop
      vertex -11.25 -20.500000000000004 19.28066422790289
      vertex -11.25 -21.300000000000004 19.28066422790289
      vertex -11.25 -21.300000000000004 21.643137969076633
    endloop
  endfacet
  facet normal 0.8241261892432179 0 0.5664062360209781
    outer loop
      vertex -10.864981167018414 -20.500000000000004 21.014844320714474
      vertex -10.864981167018414 -21.300000000000004 21.014844320714474
      vertex -9.994648784399033 -21.300000000000004 19.74850284308195
    endloop
  endfacet
  facet normal -0.7604059638498695 0 -0.6494480503793596
    outer loop
      vertex -9.027388900518417 -20.500000000000004 16.49114691466093
      vertex -9.027388900518417 -21.300000000000004 16.49114691466093
      vertex -10.069523721933365 -21.300000000000004 17.711330011487007
    endloop
  endfacet
  facet normal 0.7604059635568121 0 0.6494480507224856
    outer loop
      vertex -9.059233970940113 -20.500000000000004 18.52944651991129
      vertex -9.059233970940113 -21.300000000000004 18.52944651991129
      vertex -8.061300627887249 -21.300000000000004 17.36101670563221
    endloop
  endfacet
  facet normal 0.7933533412895841 0 0.608761427707647
    outer loop
      vertex -9.994648784399033 -20.500000000000004 19.74850284308195
      vertex -9.994648784399033 -21.300000000000004 19.74850284308195
      vertex -9.059233970940113 -21.300000000000004 18.52944651991129
    endloop
  endfacet
  facet normal 0.8526401703503551 0 0.5224985549309371
    outer loop
      vertex -11.25 -20.500000000000004 21.643137969076633
      vertex -11.25 -21.300000000000004 21.643137969076633
      vertex -10.864981167018414 -21.300000000000004 21.014844320714474
    endloop
  endfacet
  facet normal -1 0 0
    outer loop
      vertex -11.25 -20.500000000000004 21.81568792462349
      vertex -11.25 -21.300000000000004 21.81568792462349
      vertex -11.25 -21.300000000000004 23.316798619925976
    endloop
  endfacet
  facet normal -0.5000000003686034 0 0.8660254035716254
    outer loop
      vertex -11.25 -20.500000000000004 23.316798619925976
      vertex -11.25 -21.300000000000004 23.316798619925976
      vertex -6.175734907388687 -21.300000000000004 26.246426939964294
    endloop
  endfacet
  facet normal 0.7253743713310753 0 0.688354575357822
    outer loop
      vertex -8.061300627887249 -20.500000000000004 17.36101670563221
      vertex -8.061300627887249 -21.300000000000004 17.36101670563221
      vertex -7.003584027290344 -21.300000000000004 16.246415972709656
    endloop
  endfacet
  facet normal 0.49999999966009673 0 -0.866025403980682
    outer loop
      vertex -5.525734908878803 -20.500000000000004 25.120593912899494
      vertex -5.525734908878803 -21.300000000000004 25.120593912899494
      vertex -11.25 -21.300000000000004 21.81568792462349
    endloop
  endfacet
  facet normal -0.9723699202155821 0 -0.23344536461438326
    outer loop
      vertex -8.128219962120056 -20.500000000000004 31.13774862885475
      vertex -8.128219962120056 -21.300000000000004 31.13774862885475
      vertex -8.40504315495491 -21.300000000000004 32.2908002063632
    endloop
  endfacet
  facet normal -0.9832549074697388 0 -0.18223552600049084
    outer loop
      vertex -8.40504315495491 -20.500000000000004 32.2908002063632
      vertex -8.40504315495491 -21.300000000000004 32.2908002063632
      vertex -8.621140912175179 -21.300000000000004 33.45675936341286
    endloop
  endfacet
  facet normal -0.9025852837356643 0 -0.43051109809598453
    outer loop
      vertex -6.431297771632671 -20.500000000000004 26.717115178704262
      vertex -6.431297771632671 -21.300000000000004 26.717115178704262
      vertex -6.941804617643356 -21.300000000000004 27.78741503506899
    endloop
  endfacet
  facet normal -0.9238795331112124 0 -0.38268343091674134
    outer loop
      vertex -6.941804617643356 -20.500000000000004 27.78741503506899
      vertex -6.941804617643356 -21.300000000000004 27.78741503506899
      vertex -7.395596660673618 -21.300000000000004 28.882965944707394
    endloop
  endfacet
  facet normal -0.8788171108867807 0 -0.47715876352909176
    outer loop
      vertex -6.175734907388687 -20.500000000000004 26.246426939964294
      vertex -6.175734907388687 -21.300000000000004 26.246426939964294
      vertex -6.431297771632671 -21.300000000000004 26.717115178704262
    endloop
  endfacet
  facet normal -0.8526401671715365 0 -0.5224985601182979
    outer loop
      vertex -5.245888367295265 -20.500000000000004 24.663925856351852
      vertex -5.245888367295265 -21.300000000000004 24.663925856351852
      vertex -5.525734908878803 -21.300000000000004 25.120593912899494
    endloop
  endfacet
  facet normal 0.9238795322020623 0 0.38268343311162334
    outer loop
      vertex -5.754195518791676 -20.500000000000004 28.316172666847706
      vertex -6.181942105293274 -21.300000000000004 29.348844274878502
      vertex -5.754195518791676 -21.300000000000004 28.316172666847706
    endloop
  endfacet
  facet normal 0.9025852828871898 0 0.4305110998748486
    outer loop
      vertex -5.27298928797245 -20.500000000000004 27.307302832603455
      vertex -5.754195518791676 -21.300000000000004 28.316172666847706
      vertex -5.27298928797245 -21.300000000000004 27.307302832603455
    endloop
  endfacet
  facet normal 0.8788171134808145 0 0.4771587587514758
    outer loop
      vertex -5.049901880323887 -20.500000000000004 26.89642693847418
      vertex -5.27298928797245 -21.300000000000004 27.307302832603455
      vertex -5.049901880323887 -21.300000000000004 26.89642693847418
    endloop
  endfacet
  facet normal -0.9426414912783736 0 -0.33380685870797194
    outer loop
      vertex -7.395596660673618 -20.500000000000004 28.882965944707394
      vertex -7.395596660673618 -21.300000000000004 28.882965944707394
      vertex -7.791430093348026 -21.300000000000004 30.000765077769756
    endloop
  endfacet
  facet normal -0.9588197354674014 0 -0.2840153426810293
    outer loop
      vertex -7.791430093348026 -20.500000000000004 30.000765077769756
      vertex -7.791430093348026 -21.300000000000004 30.000765077769756
      vertex -8.128219962120056 -21.300000000000004 31.13774862885475
    endloop
  endfacet
  facet normal 0.9588197341087026 0 0.2840153472679195
    outer loop
      vertex -6.555056624114513 -20.500000000000004 30.40248717367649
      vertex -6.872516393661499 -21.300000000000004 31.474213384091854
      vertex -6.555056624114513 -21.300000000000004 30.40248717367649
    endloop
  endfacet
  facet normal 0.9723699211499136 0 0.2334453607226127
    outer loop
      vertex -6.872516393661499 -20.500000000000004 31.474213384091854
      vertex -7.133451275527477 -21.300000000000004 32.561085402965546
      vertex -6.872516393661499 -21.300000000000004 31.474213384091854
    endloop
  endfacet
  facet normal 0.9832549070773959 0 0.18223552811738303
    outer loop
      vertex -7.133451275527477 -20.500000000000004 32.561085402965546
      vertex -7.337146073579788 -21.300000000000004 33.66012416779995
      vertex -7.133451275527477 -21.300000000000004 32.561085402965546
    endloop
  endfacet
  facet normal 0.9426414912211697 0 0.33380685886951067
    outer loop
      vertex -6.181942105293274 -20.500000000000004 29.348844274878502
      vertex -6.555056624114513 -21.300000000000004 30.40248717367649
      vertex -6.181942105293274 -21.300000000000004 29.348844274878502
    endloop
  endfacet
  facet normal -0.8241261876948903 0 -0.5664062382738085
    outer loop
      vertex -4.574234925210476 -20.500000000000004 23.686664037406445
      vertex -4.574234925210476 -21.300000000000004 23.686664037406445
      vertex -5.245888367295265 -21.300000000000004 24.663925856351852
    endloop
  endfacet
  facet normal -0.793353338486589 0 -0.6087614313605815
    outer loop
      vertex -3.8523560240864754 -20.500000000000004 22.745893143117428
      vertex -3.8523560240864754 -21.300000000000004 22.745893143117428
      vertex -4.574234925210476 -21.300000000000004 23.686664037406445
    endloop
  endfacet
  facet normal -0.7604059675937551 0 -0.6494480459958325
    outer loop
      vertex -3.0822302997112274 -20.500000000000004 21.844191767275333
      vertex -3.0822302997112274 -21.300000000000004 21.844191767275333
      vertex -3.8523560240864754 -21.300000000000004 22.745893143117428
    endloop
  endfacet
  facet normal -0.7253743680377204 0 -0.6883545788282939
    outer loop
      vertex -2.2659685909748077 -20.500000000000004 20.984031409025192
      vertex -2.2659685909748077 -21.300000000000004 20.984031409025192
      vertex -3.0822302997112274 -21.300000000000004 21.844191767275333
    endloop
  endfacet
  facet normal 0.7933533407393649 0 0.6087614284247067
    outer loop
      vertex -2.842066280543804 -20.500000000000004 23.56400965154171
      vertex -3.5225128307938576 -21.300000000000004 24.450784862041473
      vertex -2.842066280543804 -21.300000000000004 23.56400965154171
    endloop
  endfacet
  facet normal 0.7604059669385153 0 0.6494480467630198
    outer loop
      vertex -2.116142027080059 -20.500000000000004 22.714061550796032
      vertex -2.842066280543804 -21.300000000000004 23.56400965154171
      vertex -2.116142027080059 -21.300000000000004 22.714061550796032
    endloop
  endfacet
  facet normal -0.6883545788282939 0 -0.7253743680377204
    outer loop
      vertex -1.4058082327246666 -20.500000000000004 20.167769700288773
      vertex -1.4058082327246666 -21.300000000000004 20.167769700288773
      vertex -2.2659685909748077 -21.300000000000004 20.984031409025192
    endloop
  endfacet
  facet normal -0.6494480459958325 0 -0.7604059675937551
    outer loop
      vertex -0.5041068568825722 -20.500000000000004 19.397643975913525
      vertex -0.5041068568825722 -21.300000000000004 19.397643975913525
      vertex -1.4058082327246666 -21.300000000000004 20.167769700288773
    endloop
  endfacet
  facet normal -0.5664062382738085 0 -0.8241261876948903
    outer loop
      vertex 1.4139258563518524 -20.500000000000004 18.004111632704735
      vertex 1.4139258563518524 -21.300000000000004 18.004111632704735
      vertex 0.43666403740644455 -21.300000000000004 18.675765074789524
    endloop
  endfacet
  facet normal -0.6087614313605815 0 -0.793353338486589
    outer loop
      vertex 0.43666403740644455 -20.500000000000004 18.675765074789524
      vertex 0.43666403740644455 -21.300000000000004 18.675765074789524
      vertex -0.5041068568825722 -21.300000000000004 19.397643975913525
    endloop
  endfacet
  facet normal 0.6087614284247067 0 0.7933533407393649
    outer loop
      vertex 1.2007848620414734 -20.500000000000004 19.727487169206142
      vertex 0.3140096515417099 -21.300000000000004 20.407933719456196
      vertex 1.2007848620414734 -21.300000000000004 19.727487169206142
    endloop
  endfacet
  facet normal 0.7253743676469134 0 0.6883545792401184
    outer loop
      vertex -1.3467297777533531 -20.500000000000004 21.903270222246647
      vertex -2.116142027080059 -21.300000000000004 22.714061550796032
      vertex -1.3467297777533531 -21.300000000000004 21.903270222246647
    endloop
  endfacet
  facet normal 0.6883545792401184 0 0.7253743676469134
    outer loop
      vertex -0.535938449203968 -20.500000000000004 21.13385797291994
      vertex -1.3467297777533531 -21.300000000000004 21.903270222246647
      vertex -0.535938449203968 -21.300000000000004 21.13385797291994
    endloop
  endfacet
  facet normal 0.6494480467630198 0 0.7604059669385153
    outer loop
      vertex 0.3140096515417099 -20.500000000000004 20.407933719456196
      vertex -0.535938449203968 -21.300000000000004 21.13385797291994
      vertex 0.3140096515417099 -21.300000000000004 20.407933719456196
    endloop
  endfacet
  facet normal 0.8526401661431127 0 0.5224985617965329
    outer loop
      vertex -4.1556166261434555 -20.500000000000004 25.37195660173893
      vertex -4.399901881814003 -21.300000000000004 25.770593911409378
      vertex -4.1556166261434555 -21.300000000000004 25.37195660173893
    endloop
  endfacet
  facet normal 0.8241261890172393 0 0.5664062363497788
    outer loop
      vertex -3.5225128307938576 -20.500000000000004 24.450784862041473
      vertex -4.1556166261434555 -21.300000000000004 25.37195660173893
      vertex -3.5225128307938576 -21.300000000000004 24.450784862041473
    endloop
  endfacet
  facet normal 0.49999999987445654 0 -0.8660254038569212
    outer loop
      vertex -4.399901881814003 -20.500000000000004 25.770593911409378
      vertex -0.53 -21.300000000000004 28.00488280386413
      vertex -4.399901881814003 -21.300000000000004 25.770593911409378
    endloop
  endfacet
  facet normal -0.5000000000450898 7.351093150864177e-17 0.8660254037584061
    outer loop
      vertex -5.049901880323887 -21.300000000000004 26.89642693847418
      vertex -0.53 -21.300000000000004 29.505993506103643
      vertex -0.53 -20.500000000000004 29.505993506103643
    endloop
  endfacet
  facet normal 0 -1 0
    outer loop
      vertex -10.069523721933365 -21.300000000000004 17.711330011487007
      vertex -9.059233970940113 -21.300000000000004 18.52944651991129
      vertex -11.046370878815651 -21.300000000000004 18.984382018446922
    endloop
  endfacet
  facet normal 0 -1 0
    outer loop
      vertex -11.046370878815651 -21.300000000000004 18.984382018446922
      vertex -9.994648784399033 -21.300000000000004 19.74850284308195
      vertex -11.25 -21.300000000000004 19.28066422790289
    endloop
  endfacet
  facet normal 0 -1 0
    outer loop
      vertex -11.25 -21.300000000000004 19.28066422790289
      vertex -9.994648784399033 -21.300000000000004 19.74850284308195
      vertex -10.864981167018414 -21.300000000000004 21.014844320714474
    endloop
  endfacet
  facet normal 0 -1 0
    outer loop
      vertex -11.046370878815651 -21.300000000000004 18.984382018446922
      vertex -9.059233970940113 -21.300000000000004 18.52944651991129
      vertex -9.994648784399033 -21.300000000000004 19.74850284308195
    endloop
  endfacet
  facet normal 0 -1 0
    outer loop
      vertex -9.027388900518417 -21.300000000000004 16.49114691466093
      vertex -8.061300627887249 -21.300000000000004 17.36101670563221
      vertex -10.069523721933365 -21.300000000000004 17.711330011487007
    endloop
  endfacet
  facet normal 0 -1 0
    outer loop
      vertex -10.069523721933365 -21.300000000000004 17.711330011487007
      vertex -8.061300627887249 -21.300000000000004 17.36101670563221
      vertex -9.059233970940113 -21.300000000000004 18.52944651991129
    endloop
  endfacet
  facet normal 0 -1 0
    outer loop
      vertex -11.25 -21.300000000000004 19.28066422790289
      vertex -10.864981167018414 -21.300000000000004 21.014844320714474
      vertex -11.25 -21.300000000000004 21.643137969076633
    endloop
  endfacet
  facet normal 0 -1 0
    outer loop
      vertex -11.25 -21.300000000000004 21.81568792462349
      vertex -5.525734908878803 -21.300000000000004 25.120593912899494
      vertex -11.25 -21.300000000000004 23.316798619925976
    endloop
  endfacet
  facet normal 0 -1 0
    outer loop
      vertex -9.027388900518417 -21.300000000000004 16.49114691466093
      vertex -7.003584027290344 -21.300000000000004 16.246415972709656
      vertex -8.061300627887249 -21.300000000000004 17.36101670563221
    endloop
  endfacet
  facet normal 0 -1 0
    outer loop
      vertex -11.25 -21.300000000000004 23.316798619925976
      vertex -5.525734908878803 -21.300000000000004 25.120593912899494
      vertex -6.175734907388687 -21.300000000000004 26.246426939964294
    endloop
  endfacet
  facet normal 0 -1 0
    outer loop
      vertex -6.941804617643356 -21.300000000000004 27.78741503506899
      vertex -6.181942105293274 -21.300000000000004 29.348844274878502
      vertex -7.395596660673618 -21.300000000000004 28.882965944707394
    endloop
  endfacet
  facet normal 0 -1 0
    outer loop
      vertex -6.175734907388687 -21.300000000000004 26.246426939964294
      vertex -5.27298928797245 -21.300000000000004 27.307302832603455
      vertex -6.431297771632671 -21.300000000000004 26.717115178704262
    endloop
  endfacet
  facet normal 0 -1 0
    outer loop
      vertex -5.245888367295265 -21.300000000000004 24.663925856351852
      vertex -4.399901881814003 -21.300000000000004 25.770593911409378
      vertex -5.525734908878803 -21.300000000000004 25.120593912899494
    endloop
  endfacet
  facet normal 0 -1 0
    outer loop
      vertex -6.175734907388687 -21.300000000000004 26.246426939964294
      vertex -5.525734908878803 -21.300000000000004 25.120593912899494
      vertex -4.399901881814003 -21.300000000000004 25.770593911409378
    endloop
  endfacet
  facet normal 0 -1 0
    outer loop
      vertex -6.175734907388687 -21.300000000000004 26.246426939964294
      vertex -4.399901881814003 -21.300000000000004 25.770593911409378
      vertex -5.049901880323887 -21.300000000000004 26.89642693847418
    endloop
  endfacet
  facet normal 0 -1 0
    outer loop
      vertex -6.941804617643356 -21.300000000000004 27.78741503506899
      vertex -6.431297771632671 -21.300000000000004 26.717115178704262
      vertex -5.754195518791676 -21.300000000000004 28.316172666847706
    endloop
  endfacet
  facet normal 0 -1 0
    outer loop
      vertex -6.431297771632671 -21.300000000000004 26.717115178704262
      vertex -5.27298928797245 -21.300000000000004 27.307302832603455
      vertex -5.754195518791676 -21.300000000000004 28.316172666847706
    endloop
  endfacet
  facet normal 0 -1 0
    outer loop
      vertex -6.941804617643356 -21.300000000000004 27.78741503506899
      vertex -5.754195518791676 -21.300000000000004 28.316172666847706
      vertex -6.181942105293274 -21.300000000000004 29.348844274878502
    endloop
  endfacet
  facet normal 0 -1 0
    outer loop
      vertex -6.175734907388687 -21.300000000000004 26.246426939964294
      vertex -5.049901880323887 -21.300000000000004 26.89642693847418
      vertex -5.27298928797245 -21.300000000000004 27.307302832603455
    endloop
  endfacet
  facet normal 0 -1 0
    outer loop
      vertex -8.128219962120056 -21.300000000000004 31.13774862885475
      vertex -7.791430093348026 -21.300000000000004 30.000765077769756
      vertex -6.872516393661499 -21.300000000000004 31.474213384091854
    endloop
  endfacet
  facet normal 0 -1 0
    outer loop
      vertex -7.395596660673618 -21.300000000000004 28.882965944707394
      vertex -6.555056624114513 -21.300000000000004 30.40248717367649
      vertex -7.791430093348026 -21.300000000000004 30.000765077769756
    endloop
  endfacet
  facet normal 0 -1 0
    outer loop
      vertex -7.395596660673618 -21.300000000000004 28.882965944707394
      vertex -6.181942105293274 -21.300000000000004 29.348844274878502
      vertex -6.555056624114513 -21.300000000000004 30.40248717367649
    endloop
  endfacet
  facet normal 0 -1 0
    outer loop
      vertex -7.791430093348026 -21.300000000000004 30.000765077769756
      vertex -6.555056624114513 -21.300000000000004 30.40248717367649
      vertex -6.872516393661499 -21.300000000000004 31.474213384091854
    endloop
  endfacet
  facet normal 0 -1 0
    outer loop
      vertex -8.128219962120056 -21.300000000000004 31.13774862885475
      vertex -6.872516393661499 -21.300000000000004 31.474213384091854
      vertex -7.133451275527477 -21.300000000000004 32.561085402965546
    endloop
  endfacet
  facet normal 0 -1 0
    outer loop
      vertex -8.128219962120056 -21.300000000000004 31.13774862885475
      vertex -7.133451275527477 -21.300000000000004 32.561085402965546
      vertex -8.40504315495491 -21.300000000000004 32.2908002063632
    endloop
  endfacet
  facet normal 0 -1 0
    outer loop
      vertex -8.40504315495491 -21.300000000000004 32.2908002063632
      vertex -7.133451275527477 -21.300000000000004 32.561085402965546
      vertex -7.337146073579788 -21.300000000000004 33.66012416779995
    endloop
  endfacet
  facet normal 0 -1 0
    outer loop
      vertex -5.245888367295265 -21.300000000000004 24.663925856351852
      vertex -4.574234925210476 -21.300000000000004 23.686664037406445
      vertex -4.1556166261434555 -21.300000000000004 25.37195660173893
    endloop
  endfacet
  facet normal 0 -1 0
    outer loop
      vertex -4.574234925210476 -21.300000000000004 23.686664037406445
      vertex -3.8523560240864754 -21.300000000000004 22.745893143117428
      vertex -3.5225128307938576 -21.300000000000004 24.450784862041473
    endloop
  endfacet
  facet normal 0 -1 0
    outer loop
      vertex -4.574234925210476 -21.300000000000004 23.686664037406445
      vertex -3.5225128307938576 -21.300000000000004 24.450784862041473
      vertex -4.1556166261434555 -21.300000000000004 25.37195660173893
    endloop
  endfacet
  facet normal 0 -1 0
    outer loop
      vertex -3.0822302997112274 -21.300000000000004 21.844191767275333
      vertex -2.2659685909748077 -21.300000000000004 20.984031409025192
      vertex -2.116142027080059 -21.300000000000004 22.714061550796032
    endloop
  endfacet
  facet normal 0 -1 0
    outer loop
      vertex -2.2659685909748077 -21.300000000000004 20.984031409025192
      vertex -1.3467297777533531 -21.300000000000004 21.903270222246647
      vertex -2.116142027080059 -21.300000000000004 22.714061550796032
    endloop
  endfacet
  facet normal 0 -1 0
    outer loop
      vertex -3.8523560240864754 -21.300000000000004 22.745893143117428
      vertex -3.0822302997112274 -21.300000000000004 21.844191767275333
      vertex -2.842066280543804 -21.300000000000004 23.56400965154171
    endloop
  endfacet
  facet normal 0 -1 0
    outer loop
      vertex -3.8523560240864754 -21.300000000000004 22.745893143117428
      vertex -2.842066280543804 -21.300000000000004 23.56400965154171
      vertex -3.5225128307938576 -21.300000000000004 24.450784862041473
    endloop
  endfacet
  facet normal 0 -1 0
    outer loop
      vertex -3.0822302997112274 -21.300000000000004 21.844191767275333
      vertex -2.116142027080059 -21.300000000000004 22.714061550796032
      vertex -2.842066280543804 -21.300000000000004 23.56400965154171
    endloop
  endfacet
  facet normal 0 -1 0
    outer loop
      vertex -1.4058082327246666 -21.300000000000004 20.167769700288773
      vertex -0.5041068568825722 -21.300000000000004 19.397643975913525
      vertex -0.535938449203968 -21.300000000000004 21.13385797291994
    endloop
  endfacet
  facet normal 0 -1 0
    outer loop
      vertex -0.5041068568825722 -21.300000000000004 19.397643975913525
      vertex 0.43666403740644455 -21.300000000000004 18.675765074789524
      vertex 0.3140096515417099 -21.300000000000004 20.407933719456196
    endloop
  endfacet
  facet normal 0 -1 0
    outer loop
      vertex -0.5041068568825722 -21.300000000000004 19.397643975913525
      vertex 0.3140096515417099 -21.300000000000004 20.407933719456196
      vertex -0.535938449203968 -21.300000000000004 21.13385797291994
    endloop
  endfacet
  facet normal 0 -1 0
    outer loop
      vertex 0.43666403740644455 -21.300000000000004 18.675765074789524
      vertex 1.2007848620414734 -21.300000000000004 19.727487169206142
      vertex 0.3140096515417099 -21.300000000000004 20.407933719456196
    endloop
  endfacet
  facet normal 0 -1 0
    outer loop
      vertex -2.2659685909748077 -21.300000000000004 20.984031409025192
      vertex -1.4058082327246666 -21.300000000000004 20.167769700288773
      vertex -1.3467297777533531 -21.300000000000004 21.903270222246647
    endloop
  endfacet
  facet normal 0 -1 0
    outer loop
      vertex -1.4058082327246666 -21.300000000000004 20.167769700288773
      vertex -0.535938449203968 -21.300000000000004 21.13385797291994
      vertex -1.3467297777533531 -21.300000000000004 21.903270222246647
    endloop
  endfacet
  facet normal 0 -1 0
    outer loop
      vertex -5.245888367295265 -21.300000000000004 24.663925856351852
      vertex -4.1556166261434555 -21.300000000000004 25.37195660173893
      vertex -4.399901881814003 -21.300000000000004 25.770593911409378
    endloop
  endfacet
  facet normal 0 -1 0
    outer loop
      vertex -5.049901880323887 -21.300000000000004 26.89642693847418
      vertex -4.399901881814003 -21.300000000000004 25.770593911409378
      vertex -0.53 -21.300000000000004 29.505993506103643
    endloop
  endfacet
  facet normal 0 -1 0
    outer loop
      vertex -4.399901881814003 -21.300000000000004 25.770593911409378
      vertex -0.53 -21.300000000000004 28.00488280386413
      vertex -0.53 -21.300000000000004 29.505993506103643
    endloop
  endfacet
  facet normal -0.33380686020531863 0 -0.9426414907481352
    outer loop
      vertex 4.278629124164581 -20.500000000000004 7.850117772817612
      vertex 4.278629124164581 -21.300000000000004 7.850117772817612
      vertex 2.7660223469138145 -21.300000000000004 8.385759927332401
    endloop
  endfacet
  facet normal -0.284015343836692 0 -0.9588197351250785
    outer loop
      vertex 5.817196264863014 -20.500000000000004 7.394373424351215
      vertex 5.817196264863014 -21.300000000000004 7.394373424351215
      vertex 4.278629124164581 -21.300000000000004 7.850117772817612
    endloop
  endfacet
  facet normal -0.2334453631958007 0 -0.9723699205561537
    outer loop
      vertex 7.377506673336029 -20.500000000000004 7.019776038825512
      vertex 7.377506673336029 -21.300000000000004 7.019776038825512
      vertex 5.817196264863014 -21.300000000000004 7.394373424351215
    endloop
  endfacet
  facet normal -0.3826834316424301 0 -0.9238795328106223
    outer loop
      vertex 2.7660223469138145 -20.500000000000004 8.385759927332401
      vertex 2.7660223469138145 -21.300000000000004 8.385759927332401
      vertex 1.2835218906402588 -21.300000000000004 8.999831721186638
    endloop
  endfacet
  facet normal 0.3826834315568862 0 0.9238795328460556
    outer loop
      vertex 3.2319006845355034 -20.500000000000004 9.599414482712746
      vertex 1.8122795224189758 -21.300000000000004 10.187440820038319
      vertex 3.2319006845355034 -21.300000000000004 9.599414482712746
    endloop
  endfacet
  facet normal 0.4305110955700008 0 0.9025852849404967
    outer loop
      vertex 1.8122795224189758 -20.500000000000004 10.187440820038319
      vertex 0.42537882924079895 -21.300000000000004 10.848958514630795
      vertex 1.8122795224189758 -21.300000000000004 10.187440820038319
    endloop
  endfacet
  facet normal 0.33380685913208813 0 0.9426414911281862
    outer loop
      vertex 4.680351212620735 -20.500000000000004 9.086491249501705
      vertex 3.2319006845355034 -21.300000000000004 9.599414482712746
      vertex 4.680351212620735 -21.300000000000004 9.086491249501705
    endloop
  endfacet
  facet normal 0.28401534458367234 0 0.9588197349038128
    outer loop
      vertex 6.153661027550697 -20.500000000000004 8.650077000260353
      vertex 4.680351212620735 -21.300000000000004 9.086491249501705
      vertex 6.153661027550697 -21.300000000000004 8.650077000260353
    endloop
  endfacet
  facet normal 0.2334453648865289 0 0.9723699201502457
    outer loop
      vertex 7.647791877388954 -20.500000000000004 8.291367918252945
      vertex 6.153661027550697 -21.300000000000004 8.650077000260353
      vertex 7.647791877388954 -21.300000000000004 8.291367918252945
    endloop
  endfacet
  facet normal -0.38268343091674134 0 -0.9238795331112124
    outer loop
      vertex 4.537415035068989 -20.500000000000004 16.308195382356644
      vertex 5.632965944707394 -21.300000000000004 15.854403339326382
      vertex 4.537415035068989 -21.300000000000004 16.308195382356644
    endloop
  endfacet
  facet normal -0.33380685870797194 0 -0.9426414912783736
    outer loop
      vertex 5.632965944707394 -20.500000000000004 15.854403339326382
      vertex 6.750765077769756 -21.300000000000004 15.458569906651974
      vertex 5.632965944707394 -21.300000000000004 15.854403339326382
    endloop
  endfacet
  facet normal -0.2840153426810293 0 -0.9588197354674014
    outer loop
      vertex 6.750765077769756 -20.500000000000004 15.458569906651974
      vertex 7.887748628854752 -21.300000000000004 15.121780037879944
      vertex 6.750765077769756 -21.300000000000004 15.458569906651974
    endloop
  endfacet
  facet normal -0.1822355270531542 0 -0.9832549072746389
    outer loop
      vertex 8.955283649265766 -20.500000000000004 6.727352358400822
      vertex 8.955283649265766 -21.300000000000004 6.727352358400822
      vertex 7.377506673336029 -21.300000000000004 7.019776038825512
    endloop
  endfacet
  facet normal 0.18223552482073174 0 0.9832549076883942
    outer loop
      vertex 9.158648453652859 -20.500000000000004 8.011347204446793
      vertex 7.647791877388954 -21.300000000000004 8.291367918252945
      vertex 9.158648453652859 -21.300000000000004 8.011347204446793
    endloop
  endfacet
  facet normal -0.13052618976367067 0 -0.991444861697199
    outer loop
      vertex 10.546202600002289 -20.500000000000004 6.517903909087181
      vertex 10.546202600002289 -21.300000000000004 6.517903909087181
      vertex 8.955283649265766 -21.300000000000004 6.727352358400822
    endloop
  endfacet
  facet normal 0.13052619162326407 0 0.991444861452379
    outer loop
      vertex 10.682089604437351 -20.500000000000004 7.810782372951508
      vertex 9.158648453652859 -21.300000000000004 8.011347204446793
      vertex 10.682089604437351 -21.300000000000004 7.810782372951508
    endloop
  endfacet
  facet normal -1 0 0
    outer loop
      vertex 13.100000008940697 -20.500000000000004 0
      vertex 13.100000008940697 -21.300000000000004 0
      vertex 13.100000008940697 -21.300000000000004 6.367020852863789
    endloop
  endfacet
  facet normal -0.07845909812441985 0 -0.9969173335445134
    outer loop
      vertex 12.145902939140797 -20.500000000000004 6.392004758119583
      vertex 12.145902939140797 -21.300000000000004 6.392004758119583
      vertex 10.546202600002289 -21.300000000000004 6.517903909087181
    endloop
  endfacet
  facet normal 0.0784590956435412 0 0.9969173337397628
    outer loop
      vertex 12.213939681649208 -20.500000000000004 7.690223157405853
      vertex 10.682089604437351 -21.300000000000004 7.810782372951508
      vertex 12.213939681649208 -21.300000000000004 7.690223157405853
    endloop
  endfacet
  facet normal -0.026176942252479535 0 -0.9996573251341234
    outer loop
      vertex 13.100000008940697 -20.500000000000004 6.367020852863789
      vertex 13.100000008940697 -21.300000000000004 6.367020852863789
      vertex 12.145902939140797 -21.300000000000004 6.392004758119583
    endloop
  endfacet
  facet normal 0.02617694997802111 0 0.9996573249318229
    outer loop
      vertex 13.100000001490116 -20.500000000000004 7.667020849883556
      vertex 12.213939681649208 -21.300000000000004 7.690223157405853
      vertex 13.100000001490116 -21.300000000000004 7.667020849883556
    endloop
  endfacet
  facet normal -0.23344536461438326 0 -0.9723699202155821
    outer loop
      vertex 7.887748628854752 -20.500000000000004 15.121780037879944
      vertex 9.040800206363201 -21.300000000000004 14.84495684504509
      vertex 7.887748628854752 -21.300000000000004 15.121780037879944
    endloop
  endfacet
  facet normal 0.2840153472679195 0 0.9588197341087026
    outer loop
      vertex 8.224213384091854 -20.500000000000004 16.3774836063385
      vertex 7.152487173676491 -21.300000000000004 16.694943375885487
      vertex 8.224213384091854 -21.300000000000004 16.3774836063385
    endloop
  endfacet
  facet normal 0.2334453607226127 0 0.9723699211499136
    outer loop
      vertex 9.311085402965546 -20.500000000000004 16.116548724472523
      vertex 8.224213384091854 -21.300000000000004 16.3774836063385
      vertex 9.311085402965546 -21.300000000000004 16.116548724472523
    endloop
  endfacet
  facet normal -0.18223552600049084 0 -0.9832549074697388
    outer loop
      vertex 9.040800206363201 -20.500000000000004 14.84495684504509
      vertex 10.206759363412857 -21.300000000000004 14.628859087824821
      vertex 9.040800206363201 -21.300000000000004 14.84495684504509
    endloop
  endfacet
  facet normal -0.13052619156564776 0 -0.9914448614599642
    outer loop
      vertex 10.206759363412857 -20.500000000000004 14.628859087824821
      vertex 11.38243030756712 -21.300000000000004 14.474079072475433
      vertex 10.206759363412857 -21.300000000000004 14.628859087824821
    endloop
  endfacet
  facet normal 0.18223552811738303 0 0.9832549070773959
    outer loop
      vertex 10.41012416779995 -20.500000000000004 15.912853926420212
      vertex 9.311085402965546 -21.300000000000004 16.116548724472523
      vertex 10.41012416779995 -21.300000000000004 15.912853926420212
    endloop
  endfacet
  facet normal -1 0 0
    outer loop
      vertex 13.100000001490116 -20.500000000000004 14.367020852863789
      vertex 13.100000001490116 -21.300000000000004 7.667020849883556
      vertex 13.100000001490116 -21.300000000000004 14.367020852863789
    endloop
  endfacet
  facet normal 0.13052618767966898 0 0.9914448619715631
    outer loop
      vertex 11.518317312002182 -20.500000000000004 15.76695753633976
      vertex 10.41012416779995 -21.300000000000004 15.912853926420212
      vertex 11.518317312002182 -21.300000000000004 15.76695753633976
    endloop
  endfacet
  facet normal -0.0784591004148048 0 -0.9969173333642563
    outer loop
      vertex 11.38243030756712 -20.500000000000004 14.474079072475433
      vertex 12.564590588212013 -21.300000000000004 14.381041035056114
      vertex 11.38243030756712 -21.300000000000004 14.474079072475433
    endloop
  endfacet
  facet normal -0.026176935786086757 0 -0.9996573253034517
    outer loop
      vertex 12.564590588212013 -20.500000000000004 14.381041035056114
      vertex 13.100000001490116 -21.300000000000004 14.367020852863789
      vertex 12.564590588212013 -21.300000000000004 14.381041035056114
    endloop
  endfacet
  facet normal 0.07845909714378427 0 0.9969173336216911
    outer loop
      vertex 12.632627330720425 -20.500000000000004 15.679259434342384
      vertex 11.518317312002182 -21.300000000000004 15.76695753633976
      vertex 12.632627330720425 -21.300000000000004 15.679259434342384
    endloop
  endfacet
  facet normal 0.026176949074077593 0 0.9996573249554934
    outer loop
      vertex 13.100000001490116 -20.500000000000004 15.667020849883556
      vertex 12.632627330720425 -21.300000000000004 15.679259434342384
      vertex 13.100000001490116 -21.300000000000004 15.667020849883556
    endloop
  endfacet
  facet normal 0 -1 0
    outer loop
      vertex 4.278629124164581 -21.300000000000004 7.850117772817612
      vertex 5.817196264863014 -21.300000000000004 7.394373424351215
      vertex 4.680351212620735 -21.300000000000004 9.086491249501705
    endloop
  endfacet
  facet normal 0 -1 0
    outer loop
      vertex 5.817196264863014 -21.300000000000004 7.394373424351215
      vertex 7.377506673336029 -21.300000000000004 7.019776038825512
      vertex 6.153661027550697 -21.300000000000004 8.650077000260353
    endloop
  endfacet
  facet normal 0 -1 0
    outer loop
      vertex 7.377506673336029 -21.300000000000004 7.019776038825512
      vertex 7.647791877388954 -21.300000000000004 8.291367918252945
      vertex 6.153661027550697 -21.300000000000004 8.650077000260353
    endloop
  endfacet
  facet normal 0 -1 0
    outer loop
      vertex 1.2835218906402588 -21.300000000000004 8.999831721186638
      vertex 2.7660223469138145 -21.300000000000004 8.385759927332401
      vertex 1.8122795224189758 -21.300000000000004 10.187440820038319
    endloop
  endfacet
  facet normal 0 -1 0
    outer loop
      vertex 1.8122795224189758 -21.300000000000004 10.187440820038319
      vertex 2.7660223469138145 -21.300000000000004 8.385759927332401
      vertex 3.2319006845355034 -21.300000000000004 9.599414482712746
    endloop
  endfacet
  facet normal 0 -1 0
    outer loop
      vertex 4.278629124164581 -21.300000000000004 7.850117772817612
      vertex 3.2319006845355034 -21.300000000000004 9.599414482712746
      vertex 2.7660223469138145 -21.300000000000004 8.385759927332401
    endloop
  endfacet
  facet normal 0 -1 0
    outer loop
      vertex 4.278629124164581 -21.300000000000004 7.850117772817612
      vertex 4.680351212620735 -21.300000000000004 9.086491249501705
      vertex 3.2319006845355034 -21.300000000000004 9.599414482712746
    endloop
  endfacet
  facet normal 0 -1 0
    outer loop
      vertex 5.817196264863014 -21.300000000000004 7.394373424351215
      vertex 6.153661027550697 -21.300000000000004 8.650077000260353
      vertex 4.680351212620735 -21.300000000000004 9.086491249501705
    endloop
  endfacet
  facet normal 0 -1 0
    outer loop
      vertex 5.632965944707394 -21.300000000000004 15.854403339326382
      vertex 6.750765077769756 -21.300000000000004 15.458569906651974
      vertex 6.098844274878502 -21.300000000000004 17.068057894706726
    endloop
  endfacet
  facet normal 0 -1 0
    outer loop
      vertex 6.750765077769756 -21.300000000000004 15.458569906651974
      vertex 7.152487173676491 -21.300000000000004 16.694943375885487
      vertex 6.098844274878502 -21.300000000000004 17.068057894706726
    endloop
  endfacet
  facet normal 0 -1 0
    outer loop
      vertex 6.750765077769756 -21.300000000000004 15.458569906651974
      vertex 7.887748628854752 -21.300000000000004 15.121780037879944
      vertex 7.152487173676491 -21.300000000000004 16.694943375885487
    endloop
  endfacet
  facet normal 0 -1 0
    outer loop
      vertex 7.377506673336029 -21.300000000000004 7.019776038825512
      vertex 8.955283649265766 -21.300000000000004 6.727352358400822
      vertex 7.647791877388954 -21.300000000000004 8.291367918252945
    endloop
  endfacet
  facet normal 0 -1 0
    outer loop
      vertex 8.955283649265766 -21.300000000000004 6.727352358400822
      vertex 9.158648453652859 -21.300000000000004 8.011347204446793
      vertex 7.647791877388954 -21.300000000000004 8.291367918252945
    endloop
  endfacet
  facet normal 0 -1 0
    outer loop
      vertex 8.955283649265766 -21.300000000000004 6.727352358400822
      vertex 10.546202600002289 -21.300000000000004 6.517903909087181
      vertex 9.158648453652859 -21.300000000000004 8.011347204446793
    endloop
  endfacet
  facet normal 0 -1 0
    outer loop
      vertex 9.158648453652859 -21.300000000000004 8.011347204446793
      vertex 10.546202600002289 -21.300000000000004 6.517903909087181
      vertex 10.682089604437351 -21.300000000000004 7.810782372951508
    endloop
  endfacet
  facet normal 0 -1 0
    outer loop
      vertex 13.100000008940697 -21.300000000000004 0
      vertex 14.399999991059303 -21.300000000000004 0
      vertex 13.100000008940697 -21.300000000000004 6.367020852863789
    endloop
  endfacet
  facet normal 0 -1 0
    outer loop
      vertex 10.546202600002289 -21.300000000000004 6.517903909087181
      vertex 12.145902939140797 -21.300000000000004 6.392004758119583
      vertex 10.682089604437351 -21.300000000000004 7.810782372951508
    endloop
  endfacet
  facet normal 0 -1 0
    outer loop
      vertex 10.682089604437351 -21.300000000000004 7.810782372951508
      vertex 12.145902939140797 -21.300000000000004 6.392004758119583
      vertex 12.213939681649208 -21.300000000000004 7.690223157405853
    endloop
  endfacet
  facet normal 0 -1 0
    outer loop
      vertex 12.145902939140797 -21.300000000000004 6.392004758119583
      vertex 13.100000008940697 -21.300000000000004 6.367020852863789
      vertex 12.213939681649208 -21.300000000000004 7.690223157405853
    endloop
  endfacet
  facet normal 0 -1 0
    outer loop
      vertex 12.213939681649208 -21.300000000000004 7.690223157405853
      vertex 13.100000008940697 -21.300000000000004 6.367020852863789
      vertex 13.100000001490116 -21.300000000000004 7.667020849883556
    endloop
  endfacet
  facet normal 0 -1 0
    outer loop
      vertex 13.100000008940697 -21.300000000000004 6.367020852863789
      vertex 14.399999991059303 -21.300000000000004 7.667020849883556
      vertex 13.100000001490116 -21.300000000000004 7.667020849883556
    endloop
  endfacet
  facet normal 0 -1 0
    outer loop
      vertex 7.887748628854752 -21.300000000000004 15.121780037879944
      vertex 8.224213384091854 -21.300000000000004 16.3774836063385
      vertex 7.152487173676491 -21.300000000000004 16.694943375885487
    endloop
  endfacet
  facet normal 0 -1 0
    outer loop
      vertex 7.887748628854752 -21.300000000000004 15.121780037879944
      vertex 9.040800206363201 -21.300000000000004 14.84495684504509
      vertex 8.224213384091854 -21.300000000000004 16.3774836063385
    endloop
  endfacet
  facet normal 0 -1 0
    outer loop
      vertex 8.224213384091854 -21.300000000000004 16.3774836063385
      vertex 9.040800206363201 -21.300000000000004 14.84495684504509
      vertex 9.311085402965546 -21.300000000000004 16.116548724472523
    endloop
  endfacet
  facet normal 0 -1 0
    outer loop
      vertex 9.040800206363201 -21.300000000000004 14.84495684504509
      vertex 10.206759363412857 -21.300000000000004 14.628859087824821
      vertex 9.311085402965546 -21.300000000000004 16.116548724472523
    endloop
  endfacet
  facet normal 0 -1 0
    outer loop
      vertex 9.311085402965546 -21.300000000000004 16.116548724472523
      vertex 10.206759363412857 -21.300000000000004 14.628859087824821
      vertex 10.41012416779995 -21.300000000000004 15.912853926420212
    endloop
  endfacet
  facet normal 0 -1 0
    outer loop
      vertex 13.100000001490116 -21.300000000000004 7.667020849883556
      vertex 14.399999991059303 -21.300000000000004 7.667020849883556
      vertex 13.100000001490116 -21.300000000000004 14.367020852863789
    endloop
  endfacet
  facet normal 0 -1 0
    outer loop
      vertex 10.206759363412857 -21.300000000000004 14.628859087824821
      vertex 11.38243030756712 -21.300000000000004 14.474079072475433
      vertex 10.41012416779995 -21.300000000000004 15.912853926420212
    endloop
  endfacet
  facet normal 0 -1 0
    outer loop
      vertex 10.41012416779995 -21.300000000000004 15.912853926420212
      vertex 11.38243030756712 -21.300000000000004 14.474079072475433
      vertex 11.518317312002182 -21.300000000000004 15.76695753633976
    endloop
  endfacet
  facet normal 0 -1 0
    outer loop
      vertex 11.38243030756712 -21.300000000000004 14.474079072475433
      vertex 12.564590588212013 -21.300000000000004 14.381041035056114
      vertex 11.518317312002182 -21.300000000000004 15.76695753633976
    endloop
  endfacet
  facet normal 0 -1 0
    outer loop
      vertex 11.518317312002182 -21.300000000000004 15.76695753633976
      vertex 12.564590588212013 -21.300000000000004 14.381041035056114
      vertex 12.632627330720425 -21.300000000000004 15.679259434342384
    endloop
  endfacet
  facet normal 0 -1 0
    outer loop
      vertex 12.564590588212013 -21.300000000000004 14.381041035056114
      vertex 13.100000001490116 -21.300000000000004 14.367020852863789
      vertex 12.632627330720425 -21.300000000000004 15.679259434342384
    endloop
  endfacet
  facet normal 0 -1 0
    outer loop
      vertex 13.100000001490116 -21.300000000000004 14.367020852863789
      vertex 13.100000001490116 -21.300000000000004 15.667020849883556
      vertex 12.632627330720425 -21.300000000000004 15.679259434342384
    endloop
  endfacet
  facet normal 0 -1 0
    outer loop
      vertex 13.100000001490116 -21.300000000000004 14.367020852863789
      vertex 14.399999991059303 -21.300000000000004 15.667020849883556
      vertex 13.100000001490116 -21.300000000000004 15.667020849883556
    endloop
  endfacet
  facet normal -0.5224985539209459 0 -0.8526401709692785
    outer loop
      vertex 1.8705939203500748 -20.500000000000004 17.724265091121197
      vertex 1.8705939203500748 -21.300000000000004 17.724265091121197
      vertex 1.4139258563518524 -21.300000000000004 18.004111632704735
    endloop
  endfacet
  facet normal 0.5664062363497788 0 0.8241261890172393
    outer loop
      vertex 2.1219566017389297 -20.500000000000004 19.094383373856544
      vertex 1.2007848620414734 -21.300000000000004 19.727487169206142
      vertex 2.1219566017389297 -21.300000000000004 19.094383373856544
    endloop
  endfacet
  facet normal 0.5224985546970153 0 0.8526401704937027
    outer loop
      vertex 2.5205939188599586 -20.500000000000004 18.850098118185997
      vertex 2.1219566017389297 -21.300000000000004 19.094383373856544
      vertex 2.5205939188599586 -21.300000000000004 18.850098118185997
    endloop
  endfacet
  facet normal -0.47715876352909176 0 -0.8788171108867807
    outer loop
      vertex 2.9964269399642944 -20.500000000000004 17.074265092611313
      vertex 3.467115178704262 -21.300000000000004 16.81870222836733
      vertex 2.9964269399642944 -21.300000000000004 17.074265092611313
    endloop
  endfacet
  facet normal -0.43051109809598453 0 -0.9025852837356643
    outer loop
      vertex 3.467115178704262 -20.500000000000004 16.81870222836733
      vertex 4.537415035068989 -21.300000000000004 16.308195382356644
      vertex 3.467115178704262 -21.300000000000004 16.81870222836733
    endloop
  endfacet
  facet normal 0.4771587587514758 0 0.8788171134808145
    outer loop
      vertex 4.057302832603455 -20.500000000000004 17.97701071202755
      vertex 3.6464269384741783 -21.300000000000004 18.200098119676113
      vertex 4.057302832603455 -21.300000000000004 17.97701071202755
    endloop
  endfacet
  facet normal -0.866025403758406 2.0339993756602916e-17 0.50000000004509
    outer loop
      vertex 2.5205939188599586 -21.300000000000004 18.850098118185997
      vertex 3.8715369003650233 -21.300000000000004 21.19
      vertex 3.8715369003650233 -20.500000000000004 21.19
    endloop
  endfacet
  facet normal 0.8660254037584059 0 -0.50000000004509
    outer loop
      vertex 3.6464269384741783 -20.500000000000004 18.200098119676113
      vertex 5.372647594137304 -21.300000000000004 21.19
      vertex 3.6464269384741783 -21.300000000000004 18.200098119676113
    endloop
  endfacet
  facet normal 0.4305110998748486 0 0.9025852828871898
    outer loop
      vertex 5.066172666847706 -20.500000000000004 17.495804481208324
      vertex 4.057302832603455 -21.300000000000004 17.97701071202755
      vertex 5.066172666847706 -21.300000000000004 17.495804481208324
    endloop
  endfacet
  facet normal 0.38268343311162334 0 0.9238795322020623
    outer loop
      vertex 6.098844274878502 -20.500000000000004 17.068057894706726
      vertex 5.066172666847706 -21.300000000000004 17.495804481208324
      vertex 6.098844274878502 -21.300000000000004 17.068057894706726
    endloop
  endfacet
  facet normal 0.33380685886951067 0 0.9426414912211697
    outer loop
      vertex 7.152487173676491 -20.500000000000004 16.694943375885487
      vertex 6.098844274878502 -21.300000000000004 17.068057894706726
      vertex 7.152487173676491 -21.300000000000004 16.694943375885487
    endloop
  endfacet
  facet normal -1 0 0
    outer loop
      vertex 13.100000001490116 -21.300000000000004 15.667020849883556
      vertex 13.100000001490116 -21.300000000000004 21.19
      vertex 13.100000001490116 -20.500000000000004 21.19
    endloop
  endfacet
  facet normal 0 -1 0
    outer loop
      vertex 0.43666403740644455 -21.300000000000004 18.675765074789524
      vertex 1.4139258563518524 -21.300000000000004 18.004111632704735
      vertex 3.6464269384741783 -21.300000000000004 18.200098119676113
    endloop
  endfacet
  facet normal 0 -1 0
    outer loop
      vertex 1.4139258563518524 -21.300000000000004 18.004111632704735
      vertex 1.8705939203500748 -21.300000000000004 17.724265091121197
      vertex 3.6464269384741783 -21.300000000000004 18.200098119676113
    endloop
  endfacet
  facet normal 0 -1 0
    outer loop
      vertex 0.43666403740644455 -21.300000000000004 18.675765074789524
      vertex 2.1219566017389297 -21.300000000000004 19.094383373856544
      vertex 1.2007848620414734 -21.300000000000004 19.727487169206142
    endloop
  endfacet
  facet normal 0 -1 0
    outer loop
      vertex 0.43666403740644455 -21.300000000000004 18.675765074789524
      vertex 2.5205939188599586 -21.300000000000004 18.850098118185997
      vertex 2.1219566017389297 -21.300000000000004 19.094383373856544
    endloop
  endfacet
  facet normal 0 -1 0
    outer loop
      vertex 0.43666403740644455 -21.300000000000004 18.675765074789524
      vertex 3.6464269384741783 -21.300000000000004 18.200098119676113
      vertex 2.5205939188599586 -21.300000000000004 18.850098118185997
    endloop
  endfacet
  facet normal 0 -1 0
    outer loop
      vertex 2.9964269399642944 -21.300000000000004 17.074265092611313
      vertex 3.467115178704262 -21.300000000000004 16.81870222836733
      vertex 3.6464269384741783 -21.300000000000004 18.200098119676113
    endloop
  endfacet
  facet normal 0 -1 0
    outer loop
      vertex 1.8705939203500748 -21.300000000000004 17.724265091121197
      vertex 2.9964269399642944 -21.300000000000004 17.074265092611313
      vertex 3.6464269384741783 -21.300000000000004 18.200098119676113
    endloop
  endfacet
  facet normal 0 -1 0
    outer loop
      vertex 4.537415035068989 -21.300000000000004 16.308195382356644
      vertex 4.057302832603455 -21.300000000000004 17.97701071202755
      vertex 3.467115178704262 -21.300000000000004 16.81870222836733
    endloop
  endfacet
  facet normal 0 -1 0
    outer loop
      vertex 3.467115178704262 -21.300000000000004 16.81870222836733
      vertex 4.057302832603455 -21.300000000000004 17.97701071202755
      vertex 3.6464269384741783 -21.300000000000004 18.200098119676113
    endloop
  endfacet
  facet normal 0 -1 0
    outer loop
      vertex 2.5205939188599586 -21.300000000000004 18.850098118185997
      vertex 3.6464269384741783 -21.300000000000004 18.200098119676113
      vertex 3.8715369003650233 -21.300000000000004 21.19
    endloop
  endfacet
  facet normal 0 -1 0
    outer loop
      vertex 3.6464269384741783 -21.300000000000004 18.200098119676113
      vertex 5.372647594137304 -21.300000000000004 21.19
      vertex 3.8715369003650233 -21.300000000000004 21.19
    endloop
  endfacet
  facet normal 0 -1 0
    outer loop
      vertex 4.537415035068989 -21.300000000000004 16.308195382356644
      vertex 5.066172666847706 -21.300000000000004 17.495804481208324
      vertex 4.057302832603455 -21.300000000000004 17.97701071202755
    endloop
  endfacet
  facet normal 0 -1 0
    outer loop
      vertex 4.537415035068989 -21.300000000000004 16.308195382356644
      vertex 5.632965944707394 -21.300000000000004 15.854403339326382
      vertex 5.066172666847706 -21.300000000000004 17.495804481208324
    endloop
  endfacet
  facet normal 0 -1 0
    outer loop
      vertex 5.632965944707394 -21.300000000000004 15.854403339326382
      vertex 6.098844274878502 -21.300000000000004 17.068057894706726
      vertex 5.066172666847706 -21.300000000000004 17.495804481208324
    endloop
  endfacet
  facet normal 0 -1 0
    outer loop
      vertex 13.100000001490116 -21.300000000000004 15.667020849883556
      vertex 14.399999991059303 -21.300000000000004 15.667020849883556
      vertex 13.100000001490116 -21.300000000000004 21.19
    endloop
  endfacet
  facet normal 0 1 0
    outer loop
      vertex -8.621140912175179 -20.500000000000004 33.45675936341286
      vertex -8.775920927524567 -20.500000000000004 34.63243030756712
      vertex -7.48304246366024 -20.500000000000004 34.76831731200218
    endloop
  endfacet
  facet normal 0 1 0
    outer loop
      vertex -11.25 -20.500000000000004 36.350000001490116
      vertex -8.882979154586792 -20.500000000000004 37.649999998509884
      vertex -8.882979154586792 -20.500000000000004 36.350000001490116
    endloop
  endfacet
  facet normal 0 1 0
    outer loop
      vertex -8.775920927524567 -20.500000000000004 34.63243030756712
      vertex -8.868958964943886 -20.500000000000004 35.81459058821201
      vertex -7.570740565657616 -20.500000000000004 35.882627330720425
    endloop
  endfacet
  facet normal 0 1 0
    outer loop
      vertex -8.868958964943886 -20.500000000000004 35.81459058821201
      vertex -8.882979154586792 -20.500000000000004 36.350000001490116
      vertex -7.582979150116444 -20.500000000000004 36.350000001490116
    endloop
  endfacet
  facet normal 0 1 0
    outer loop
      vertex -8.882979154586792 -20.500000000000004 36.350000001490116
      vertex -8.882979154586792 -20.500000000000004 37.649999998509884
      vertex -7.582979150116444 -20.500000000000004 36.350000001490116
    endloop
  endfacet
  facet normal 0 1 0
    outer loop
      vertex -11.25 -20.500000000000004 36.350000001490116
      vertex -11.25 -20.500000000000004 37.649999998509884
      vertex -8.882979154586792 -20.500000000000004 37.649999998509884
    endloop
  endfacet
  facet normal 0 1 0
    outer loop
      vertex -8.882979154586792 -20.500000000000004 37.649999998509884
      vertex -8.868958964943886 -20.500000000000004 38.18540941178799
      vertex -7.570740565657616 -20.500000000000004 38.117372669279575
    endloop
  endfacet
  facet normal 0 1 0
    outer loop
      vertex -8.868958964943886 -20.500000000000004 38.18540941178799
      vertex -8.775920927524567 -20.500000000000004 39.36756969243288
      vertex -7.48304246366024 -20.500000000000004 39.23168268799782
    endloop
  endfacet
  facet normal 0 1 0
    outer loop
      vertex -8.775920927524567 -20.500000000000004 39.36756969243288
      vertex -8.621140912175179 -20.500000000000004 40.54324063658714
      vertex -7.337146073579788 -20.500000000000004 40.33987583220005
    endloop
  endfacet
  facet normal 0 1 0
    outer loop
      vertex -8.40504315495491 -20.500000000000004 32.2908002063632
      vertex -8.621140912175179 -20.500000000000004 33.45675936341286
      vertex -7.337146073579788 -20.500000000000004 33.66012416779995
    endloop
  endfacet
  facet normal 0 1 0
    outer loop
      vertex -8.621140912175179 -20.500000000000004 33.45675936341286
      vertex -7.48304246366024 -20.500000000000004 34.76831731200218
      vertex -7.337146073579788 -20.500000000000004 33.66012416779995
    endloop
  endfacet
  facet normal 0 1 0
    outer loop
      vertex -8.775920927524567 -20.500000000000004 34.63243030756712
      vertex -7.570740565657616 -20.500000000000004 35.882627330720425
      vertex -7.48304246366024 -20.500000000000004 34.76831731200218
    endloop
  endfacet
  facet normal 0 1 0
    outer loop
      vertex -8.868958964943886 -20.500000000000004 35.81459058821201
      vertex -7.582979150116444 -20.500000000000004 36.350000001490116
      vertex -7.570740565657616 -20.500000000000004 35.882627330720425
    endloop
  endfacet
  facet normal 0 1 0
    outer loop
      vertex -7.582979150116444 -20.500000000000004 36.350000001490116
      vertex -7.582979150116444 -20.500000000000004 37.649999998509884
      vertex -0.53 -20.500000000000004 36.350000001490116
    endloop
  endfacet
  facet normal 0 1 0
    outer loop
      vertex -8.882979154586792 -20.500000000000004 37.649999998509884
      vertex -7.582979150116444 -20.500000000000004 37.649999998509884
      vertex -7.582979150116444 -20.500000000000004 36.350000001490116
    endloop
  endfacet
  facet normal 0 1 0
    outer loop
      vertex -8.882979154586792 -20.500000000000004 37.649999998509884
      vertex -7.570740565657616 -20.500000000000004 38.117372669279575
      vertex -7.582979150116444 -20.500000000000004 37.649999998509884
    endloop
  endfacet
  facet normal 0 1 0
    outer loop
      vertex -8.868958964943886 -20.500000000000004 38.18540941178799
      vertex -7.48304246366024 -20.500000000000004 39.23168268799782
      vertex -7.570740565657616 -20.500000000000004 38.117372669279575
    endloop
  endfacet
  facet normal 0 1 0
    outer loop
      vertex -8.775920927524567 -20.500000000000004 39.36756969243288
      vertex -7.337146073579788 -20.500000000000004 40.33987583220005
      vertex -7.48304246366024 -20.500000000000004 39.23168268799782
    endloop
  endfacet
  facet normal 0 1 0
    outer loop
      vertex -8.621140912175179 -20.500000000000004 40.54324063658714
      vertex -8.40504315495491 -20.500000000000004 41.7091997936368
      vertex -7.133451275527477 -20.500000000000004 41.438914597034454
    endloop
  endfacet
  facet normal 0 1 0
    outer loop
      vertex -8.621140912175179 -20.500000000000004 40.54324063658714
      vertex -7.133451275527477 -20.500000000000004 41.438914597034454
      vertex -7.337146073579788 -20.500000000000004 40.33987583220005
    endloop
  endfacet
  facet normal 0 1 0
    outer loop
      vertex -8.40504315495491 -20.500000000000004 41.7091997936368
      vertex -6.872516393661499 -20.500000000000004 42.525786615908146
      vertex -7.133451275527477 -20.500000000000004 41.438914597034454
    endloop
  endfacet
  facet normal 0 1 0
    outer loop
      vertex -8.40504315495491 -20.500000000000004 41.7091997936368
      vertex -8.128219962120056 -20.500000000000004 42.86225137114525
      vertex -6.872516393661499 -20.500000000000004 42.525786615908146
    endloop
  endfacet
  facet normal 0 1 0
    outer loop
      vertex -8.128219962120056 -20.500000000000004 42.86225137114525
      vertex -6.555056624114513 -20.500000000000004 43.59751282632351
      vertex -6.872516393661499 -20.500000000000004 42.525786615908146
    endloop
  endfacet
  facet normal 0 1 0
    outer loop
      vertex -8.128219962120056 -20.500000000000004 42.86225137114525
      vertex -7.791430093348026 -20.500000000000004 43.999234922230244
      vertex -6.555056624114513 -20.500000000000004 43.59751282632351
    endloop
  endfacet
  facet normal 0 1 0
    outer loop
      vertex -7.791430093348026 -20.500000000000004 43.999234922230244
      vertex -6.181942105293274 -20.500000000000004 44.6511557251215
      vertex -6.555056624114513 -20.500000000000004 43.59751282632351
    endloop
  endfacet
  facet normal 0 1 0
    outer loop
      vertex -7.791430093348026 -20.500000000000004 43.999234922230244
      vertex -7.395596660673618 -20.500000000000004 45.117034055292606
      vertex -6.181942105293274 -20.500000000000004 44.6511557251215
    endloop
  endfacet
  facet normal 0 1 0
    outer loop
      vertex -7.395596660673618 -20.500000000000004 45.117034055292606
      vertex -5.754195518791676 -20.500000000000004 45.683827333152294
      vertex -6.181942105293274 -20.500000000000004 44.6511557251215
    endloop
  endfacet
  facet normal 0 1 0
    outer loop
      vertex -7.395596660673618 -20.500000000000004 45.117034055292606
      vertex -6.941804617643356 -20.500000000000004 46.21258496493101
      vertex -5.754195518791676 -20.500000000000004 45.683827333152294
    endloop
  endfacet
  facet normal 0 1 0
    outer loop
      vertex -6.175734907388687 -20.500000000000004 47.753573060035706
      vertex -11.25 -20.500000000000004 50.683201380074024
      vertex -5.525734908878803 -20.500000000000004 48.879406079649925
    endloop
  endfacet
  facet normal 0 1 0
    outer loop
      vertex -6.941804617643356 -20.500000000000004 46.21258496493101
      vertex -5.27298928797245 -20.500000000000004 46.692697167396545
      vertex -5.754195518791676 -20.500000000000004 45.683827333152294
    endloop
  endfacet
  facet normal 0 1 0
    outer loop
      vertex -6.941804617643356 -20.500000000000004 46.21258496493101
      vertex -6.431297771632671 -20.500000000000004 47.28288482129574
      vertex -5.27298928797245 -20.500000000000004 46.692697167396545
    endloop
  endfacet
  facet normal 0 1 0
    outer loop
      vertex -6.431297771632671 -20.500000000000004 47.28288482129574
      vertex -6.175734907388687 -20.500000000000004 47.753573060035706
      vertex -5.049901880323887 -20.500000000000004 47.10357306152582
    endloop
  endfacet
  facet normal 0 1 0
    outer loop
      vertex -6.431297771632671 -20.500000000000004 47.28288482129574
      vertex -5.049901880323887 -20.500000000000004 47.10357306152582
      vertex -5.27298928797245 -20.500000000000004 46.692697167396545
    endloop
  endfacet
  facet normal 0 1 0
    outer loop
      vertex -5.049901880323887 -20.500000000000004 47.10357306152582
      vertex -6.175734907388687 -20.500000000000004 47.753573060035706
      vertex -5.525734908878803 -20.500000000000004 48.879406079649925
    endloop
  endfacet
  facet normal 0 1 0
    outer loop
      vertex -7.582979150116444 -20.500000000000004 37.649999998509884
      vertex -0.53 -20.500000000000004 37.649999998509884
      vertex -0.53 -20.500000000000004 36.350000001490116
    endloop
  endfacet
  facet normal 0 1 0
    outer loop
      vertex -5.049901880323887 -20.500000000000004 47.10357306152582
      vertex -5.525734908878803 -20.500000000000004 48.879406079649925
      vertex -4.399901881814003 -20.500000000000004 48.22940608114004
    endloop
  endfacet
  facet normal 0 1 0
    outer loop
      vertex -5.525734908878803 -20.500000000000004 48.879406079649925
      vertex -5.245888367295265 -20.500000000000004 49.33607414364815
      vertex -4.1556166261434555 -20.500000000000004 48.62804339826107
    endloop
  endfacet
  facet normal 0 1 0
    outer loop
      vertex -5.525734908878803 -20.500000000000004 48.879406079649925
      vertex -4.1556166261434555 -20.500000000000004 48.62804339826107
      vertex -4.399901881814003 -20.500000000000004 48.22940608114004
    endloop
  endfacet
  facet normal 0 1 0
    outer loop
      vertex -5.245888367295265 -20.500000000000004 49.33607414364815
      vertex -3.5225128307938576 -20.500000000000004 49.54921513795853
      vertex -4.1556166261434555 -20.500000000000004 48.62804339826107
    endloop
  endfacet
  facet normal 0 1 0
    outer loop
      vertex -5.049901880323887 -20.500000000000004 47.10357306152582
      vertex -4.399901881814003 -20.500000000000004 48.22940608114004
      vertex -0.53 -20.500000000000004 44.49400649389636
    endloop
  endfacet
  facet normal 0 1 0
    outer loop
      vertex -4.399901881814003 -20.500000000000004 48.22940608114004
      vertex -0.53 -20.500000000000004 45.99511718868529
      vertex -0.53 -20.500000000000004 44.49400649389636
    endloop
  endfacet
  facet normal 0 0 -1
    outer loop
      vertex -11.25 -20.500000000000004 36.350000001490116
      vertex -8.882979154586792 -20.500000000000004 36.350000001490116
      vertex -11.25 -21.300000000000004 36.350000001490116
    endloop
  endfacet
  facet normal -0.9832549074697388 0 -0.18223552600049084
    outer loop
      vertex -8.40504315495491 -20.500000000000004 32.2908002063632
      vertex -8.621140912175179 -21.300000000000004 33.45675936341286
      vertex -8.621140912175179 -20.500000000000004 33.45675936341286
    endloop
  endfacet
  facet normal -0.9914448614599642 0 -0.13052619156564776
    outer loop
      vertex -8.621140912175179 -20.500000000000004 33.45675936341286
      vertex -8.775920927524567 -21.300000000000004 34.63243030756712
      vertex -8.775920927524567 -20.500000000000004 34.63243030756712
    endloop
  endfacet
  facet normal -0.9969173333642563 0 -0.0784591004148048
    outer loop
      vertex -8.775920927524567 -20.500000000000004 34.63243030756712
      vertex -8.868958964943886 -21.300000000000004 35.81459058821201
      vertex -8.868958964943886 -20.500000000000004 35.81459058821201
    endloop
  endfacet
  facet normal -0.9996573249394316 0 -0.026176949687455795
    outer loop
      vertex -8.868958964943886 -20.500000000000004 35.81459058821201
      vertex -8.882979154586792 -21.300000000000004 36.350000001490116
      vertex -8.882979154586792 -20.500000000000004 36.350000001490116
    endloop
  endfacet
  facet normal -1 0 0
    outer loop
      vertex -11.25 -20.500000000000004 36.350000001490116
      vertex -11.25 -21.300000000000004 37.649999998509884
      vertex -11.25 -20.500000000000004 37.649999998509884
    endloop
  endfacet
  facet normal 0 0 1
    outer loop
      vertex -11.25 -20.500000000000004 37.649999998509884
      vertex -8.882979154586792 -21.300000000000004 37.649999998509884
      vertex -8.882979154586792 -20.500000000000004 37.649999998509884
    endloop
  endfacet
  facet normal -0.9996573249394316 0 0.026176949687455795
    outer loop
      vertex -8.882979154586792 -20.500000000000004 37.649999998509884
      vertex -8.868958964943886 -21.300000000000004 38.18540941178799
      vertex -8.868958964943886 -20.500000000000004 38.18540941178799
    endloop
  endfacet
  facet normal -0.9969173333642563 0 0.0784591004148048
    outer loop
      vertex -8.868958964943886 -20.500000000000004 38.18540941178799
      vertex -8.775920927524567 -21.300000000000004 39.36756969243288
      vertex -8.775920927524567 -20.500000000000004 39.36756969243288
    endloop
  endfacet
  facet normal -0.9914448614599642 0 0.13052619156564776
    outer loop
      vertex -8.775920927524567 -20.500000000000004 39.36756969243288
      vertex -8.621140912175179 -21.300000000000004 40.54324063658714
      vertex -8.621140912175179 -20.500000000000004 40.54324063658714
    endloop
  endfacet
  facet normal 0.9914448619715631 0 0.13052618767966898
    outer loop
      vertex -7.48304246366024 -20.500000000000004 34.76831731200218
      vertex -7.48304246366024 -21.300000000000004 34.76831731200218
      vertex -7.337146073579788 -20.500000000000004 33.66012416779995
    endloop
  endfacet
  facet normal 0.9832549070773959 0 0.18223552811738303
    outer loop
      vertex -7.133451275527477 -20.500000000000004 32.561085402965546
      vertex -7.337146073579788 -20.500000000000004 33.66012416779995
      vertex -7.337146073579788 -21.300000000000004 33.66012416779995
    endloop
  endfacet
  facet normal 0.9969173336216911 0 0.07845909714378427
    outer loop
      vertex -7.48304246366024 -20.500000000000004 34.76831731200218
      vertex -7.570740565657616 -20.500000000000004 35.882627330720425
      vertex -7.570740565657616 -21.300000000000004 35.882627330720425
    endloop
  endfacet
  facet normal 0.9996573249554934 0 0.026176949074077593
    outer loop
      vertex -7.570740565657616 -20.500000000000004 35.882627330720425
      vertex -7.582979150116444 -20.500000000000004 36.350000001490116
      vertex -7.582979150116444 -21.300000000000004 36.350000001490116
    endloop
  endfacet
  facet normal 0.9996573249554934 0 -0.026176949074077593
    outer loop
      vertex -7.582979150116444 -20.500000000000004 37.649999998509884
      vertex -7.570740565657616 -20.500000000000004 38.117372669279575
      vertex -7.570740565657616 -21.300000000000004 38.117372669279575
    endloop
  endfacet
  facet normal 0.9969173336216911 0 -0.07845909714378427
    outer loop
      vertex -7.570740565657616 -20.500000000000004 38.117372669279575
      vertex -7.48304246366024 -20.500000000000004 39.23168268799782
      vertex -7.48304246366024 -21.300000000000004 39.23168268799782
    endloop
  endfacet
  facet normal 0.9914448619715631 0 -0.13052618767966898
    outer loop
      vertex -7.48304246366024 -20.500000000000004 39.23168268799782
      vertex -7.337146073579788 -20.500000000000004 40.33987583220005
      vertex -7.337146073579788 -21.300000000000004 40.33987583220005
    endloop
  endfacet
  facet normal 0.9832549070773959 0 -0.18223552811738303
    outer loop
      vertex -7.337146073579788 -20.500000000000004 40.33987583220005
      vertex -7.133451275527477 -20.500000000000004 41.438914597034454
      vertex -7.133451275527477 -21.300000000000004 41.438914597034454
    endloop
  endfacet
  facet normal 0 0 1
    outer loop
      vertex -7.582979150116444 -20.500000000000004 37.649999998509884
      vertex -7.582979150116444 -21.300000000000004 37.649999998509884
      vertex -0.53 -20.500000000000004 37.649999998509884
    endloop
  endfacet
  facet normal -0.9832549074697388 0 0.18223552600049084
    outer loop
      vertex -8.621140912175179 -20.500000000000004 40.54324063658714
      vertex -8.40504315495491 -21.300000000000004 41.7091997936368
      vertex -8.40504315495491 -20.500000000000004 41.7091997936368
    endloop
  endfacet
  facet normal -0.9723699202155821 0 0.23344536461438326
    outer loop
      vertex -8.40504315495491 -20.500000000000004 41.7091997936368
      vertex -8.128219962120056 -21.300000000000004 42.86225137114525
      vertex -8.128219962120056 -20.500000000000004 42.86225137114525
    endloop
  endfacet
  facet normal 0.9723699211499136 0 -0.2334453607226127
    outer loop
      vertex -7.133451275527477 -20.500000000000004 41.438914597034454
      vertex -6.872516393661499 -20.500000000000004 42.525786615908146
      vertex -6.872516393661499 -21.300000000000004 42.525786615908146
    endloop
  endfacet
  facet normal 0.9588197341087026 0 -0.2840153472679195
    outer loop
      vertex -6.872516393661499 -20.500000000000004 42.525786615908146
      vertex -6.555056624114513 -20.500000000000004 43.59751282632351
      vertex -6.555056624114513 -21.300000000000004 43.59751282632351
    endloop
  endfacet
  facet normal -0.9588197354674014 0 0.2840153426810293
    outer loop
      vertex -8.128219962120056 -20.500000000000004 42.86225137114525
      vertex -7.791430093348026 -21.300000000000004 43.999234922230244
      vertex -7.791430093348026 -20.500000000000004 43.999234922230244
    endloop
  endfacet
  facet normal -0.9426414912783736 0 0.33380685870797194
    outer loop
      vertex -7.791430093348026 -20.500000000000004 43.999234922230244
      vertex -7.395596660673618 -21.300000000000004 45.117034055292606
      vertex -7.395596660673618 -20.500000000000004 45.117034055292606
    endloop
  endfacet
  facet normal 0.9426414912211697 0 -0.33380685886951067
    outer loop
      vertex -6.555056624114513 -20.500000000000004 43.59751282632351
      vertex -6.181942105293274 -20.500000000000004 44.6511557251215
      vertex -6.181942105293274 -21.300000000000004 44.6511557251215
    endloop
  endfacet
  facet normal 0.9238795322020623 0 -0.38268343311162334
    outer loop
      vertex -6.181942105293274 -20.500000000000004 44.6511557251215
      vertex -5.754195518791676 -20.500000000000004 45.683827333152294
      vertex -5.754195518791676 -21.300000000000004 45.683827333152294
    endloop
  endfacet
  facet normal -0.9238795331112124 0 0.38268343091674134
    outer loop
      vertex -7.395596660673618 -20.500000000000004 45.117034055292606
      vertex -6.941804617643356 -21.300000000000004 46.21258496493101
      vertex -6.941804617643356 -20.500000000000004 46.21258496493101
    endloop
  endfacet
  facet normal -0.9025852837356643 -5.851578401908654e-17 0.43051109809598453
    outer loop
      vertex -6.941804617643356 -20.500000000000004 46.21258496493101
      vertex -6.431297771632671 -21.300000000000004 47.28288482129574
      vertex -6.431297771632671 -20.500000000000004 47.28288482129574
    endloop
  endfacet
  facet normal 0.9025852828871898 0 -0.4305110998748486
    outer loop
      vertex -5.754195518791676 -20.500000000000004 45.683827333152294
      vertex -5.27298928797245 -20.500000000000004 46.692697167396545
      vertex -5.27298928797245 -21.300000000000004 46.692697167396545
    endloop
  endfacet
  facet normal 0.8788171134808145 0 -0.4771587587514758
    outer loop
      vertex -5.27298928797245 -20.500000000000004 46.692697167396545
      vertex -5.049901880323887 -20.500000000000004 47.10357306152582
      vertex -5.049901880323887 -21.300000000000004 47.10357306152582
    endloop
  endfacet
  facet normal -0.8788171108867807 0 0.47715876352909176
    outer loop
      vertex -6.431297771632671 -20.500000000000004 47.28288482129574
      vertex -6.175734907388687 -21.300000000000004 47.753573060035706
      vertex -6.175734907388687 -20.500000000000004 47.753573060035706
    endloop
  endfacet
  facet normal -0.8526401709692785 0 0.5224985539209459
    outer loop
      vertex -5.525734908878803 -20.500000000000004 48.879406079649925
      vertex -5.245888367295265 -21.300000000000004 49.33607414364815
      vertex -5.245888367295265 -20.500000000000004 49.33607414364815
    endloop
  endfacet
  facet normal 0 0 -1
    outer loop
      vertex -7.582979150116444 -20.500000000000004 36.350000001490116
      vertex -0.53 -20.500000000000004 36.350000001490116
      vertex -0.53 -21.300000000000004 36.350000001490116
    endloop
  endfacet
  facet normal -0.5000000000450898 -7.351093150864177e-17 -0.8660254037584061
    outer loop
      vertex -5.049901880323887 -20.500000000000004 47.10357306152582
      vertex -0.53 -20.500000000000004 44.49400649389636
      vertex -0.53 -21.300000000000004 44.49400649389636
    endloop
  endfacet
  facet normal 0.8526401704937027 0 -0.5224985546970153
    outer loop
      vertex -4.399901881814003 -20.500000000000004 48.22940608114004
      vertex -4.1556166261434555 -20.500000000000004 48.62804339826107
      vertex -4.1556166261434555 -21.300000000000004 48.62804339826107
    endloop
  endfacet
  facet normal 0.8241261890172393 0 -0.5664062363497788
    outer loop
      vertex -4.1556166261434555 -20.500000000000004 48.62804339826107
      vertex -3.5225128307938576 -20.500000000000004 49.54921513795853
      vertex -3.5225128307938576 -21.300000000000004 49.54921513795853
    endloop
  endfacet
  facet normal 0.499999999874456 0 0.8660254038569215
    outer loop
      vertex -4.399901881814003 -20.500000000000004 48.22940608114004
      vertex -4.399901881814003 -21.300000000000004 48.22940608114004
      vertex -0.53 -20.500000000000004 45.99511718868529
    endloop
  endfacet
  facet normal 0 1 0
    outer loop
      vertex -11.25 -20.500000000000004 52.35686203092337
      vertex -11.25 -20.500000000000004 54
      vertex -10.864981167018414 -20.500000000000004 52.985155679285526
    endloop
  endfacet
  facet normal 0 1 0
    outer loop
      vertex -5.525734908878803 -20.500000000000004 48.879406079649925
      vertex -11.25 -20.500000000000004 50.683201380074024
      vertex -11.25 -20.500000000000004 52.18431207537651
    endloop
  endfacet
  facet normal 0 1 0
    outer loop
      vertex -10.864981167018414 -20.500000000000004 52.985155679285526
      vertex -11.25 -20.500000000000004 54
      vertex -9.994648784399033 -20.500000000000004 54.25149715691805
    endloop
  endfacet
  facet normal 0 1 0
    outer loop
      vertex -11.25 -20.500000000000004 54
      vertex -11.197881929576397 -20.500000000000004 54.79516801983118
      vertex -9.994648784399033 -20.500000000000004 54.25149715691805
    endloop
  endfacet
  facet normal 0 1 0
    outer loop
      vertex -11.197881929576397 -20.500000000000004 54.79516801983118
      vertex -11.046370878815651 -20.500000000000004 55.01561798155308
      vertex -9.994648784399033 -20.500000000000004 54.25149715691805
    endloop
  endfacet
  facet normal 0 1 0
    outer loop
      vertex -11.046370878815651 -20.500000000000004 55.01561798155308
      vertex -9.059233970940113 -20.500000000000004 55.47055348008871
      vertex -9.994648784399033 -20.500000000000004 54.25149715691805
    endloop
  endfacet
  facet normal 0 1 0
    outer loop
      vertex -11.046370878815651 -20.500000000000004 55.01561798155308
      vertex -10.069523721933365 -20.500000000000004 56.28866998851299
      vertex -9.059233970940113 -20.500000000000004 55.47055348008871
    endloop
  endfacet
  facet normal 0 1 0
    outer loop
      vertex -10.069523721933365 -20.500000000000004 56.28866998851299
      vertex -8.061300627887249 -20.500000000000004 56.63898329436779
      vertex -9.059233970940113 -20.500000000000004 55.47055348008871
    endloop
  endfacet
  facet normal 0 1 0
    outer loop
      vertex -10.069523721933365 -20.500000000000004 56.28866998851299
      vertex -9.027388900518417 -20.500000000000004 57.50885308533907
      vertex -8.061300627887249 -20.500000000000004 56.63898329436779
    endloop
  endfacet
  facet normal 0 1 0
    outer loop
      vertex -9.027388900518417 -20.500000000000004 57.50885308533907
      vertex -7.003584027290344 -20.500000000000004 57.753584027290344
      vertex -8.061300627887249 -20.500000000000004 56.63898329436779
    endloop
  endfacet
  facet normal 0 1 0
    outer loop
      vertex -9.027388900518417 -20.500000000000004 57.50885308533907
      vertex -7.922822840511799 -20.500000000000004 58.6728228405118
      vertex -7.003584027290344 -20.500000000000004 57.753584027290344
    endloop
  endfacet
  facet normal 0 1 0
    outer loop
      vertex -7.922822840511799 -20.500000000000004 58.6728228405118
      vertex -5.88898329436779 -20.500000000000004 58.81130062788725
      vertex -7.003584027290344 -20.500000000000004 57.753584027290344
    endloop
  endfacet
  facet normal 0 1 0
    outer loop
      vertex -7.922822840511799 -20.500000000000004 58.6728228405118
      vertex -6.758853085339069 -20.500000000000004 59.77738890051842
      vertex -5.88898329436779 -20.500000000000004 58.81130062788725
    endloop
  endfacet
  facet normal 0 1 0
    outer loop
      vertex -6.758853085339069 -20.500000000000004 59.77738890051842
      vertex -4.720553480088711 -20.500000000000004 59.80923397094011
      vertex -5.88898329436779 -20.500000000000004 58.81130062788725
    endloop
  endfacet
  facet normal 0 1 0
    outer loop
      vertex -6.758853085339069 -20.500000000000004 59.77738890051842
      vertex -5.538669988512993 -20.500000000000004 60.819523721933365
      vertex -4.720553480088711 -20.500000000000004 59.80923397094011
    endloop
  endfacet
  facet normal 0 1 0
    outer loop
      vertex -5.245888367295265 -20.500000000000004 49.33607414364815
      vertex -4.574234925210476 -20.500000000000004 50.313335962593555
      vertex -3.5225128307938576 -20.500000000000004 49.54921513795853
    endloop
  endfacet
  facet normal 0 1 0
    outer loop
      vertex -4.574234925210476 -20.500000000000004 50.313335962593555
      vertex -2.842066280543804 -20.500000000000004 50.43599034845829
      vertex -3.5225128307938576 -20.500000000000004 49.54921513795853
    endloop
  endfacet
  facet normal 0 1 0
    outer loop
      vertex -4.574234925210476 -20.500000000000004 50.313335962593555
      vertex -3.8523560240864754 -20.500000000000004 51.25410685688257
      vertex -2.842066280543804 -20.500000000000004 50.43599034845829
    endloop
  endfacet
  facet normal 0 1 0
    outer loop
      vertex -3.8523560240864754 -20.500000000000004 51.25410685688257
      vertex -2.116142027080059 -20.500000000000004 51.28593844920397
      vertex -2.842066280543804 -20.500000000000004 50.43599034845829
    endloop
  endfacet
  facet normal 0 1 0
    outer loop
      vertex -3.8523560240864754 -20.500000000000004 51.25410685688257
      vertex -3.0822302997112274 -20.500000000000004 52.15580823272467
      vertex -2.116142027080059 -20.500000000000004 51.28593844920397
    endloop
  endfacet
  facet normal 0 1 0
    outer loop
      vertex -2.116142027080059 -20.500000000000004 51.28593844920397
      vertex -3.0822302997112274 -20.500000000000004 52.15580823272467
      vertex -1.3467297777533531 -20.500000000000004 52.09672977775335
    endloop
  endfacet
  facet normal 0 1 0
    outer loop
      vertex -3.0822302997112274 -20.500000000000004 52.15580823272467
      vertex -2.2659685909748077 -20.500000000000004 53.01596859097481
      vertex -1.3467297777533531 -20.500000000000004 52.09672977775335
    endloop
  endfacet
  facet normal 0 1 0
    outer loop
      vertex -3.1697778031229973 -20.500000000000004 55.63522932678461
      vertex -1.9651582762598991 -20.500000000000004 55.96014113724232
      vertex -2.993935465812683 -20.500000000000004 55.34238916635513
    endloop
  endfacet
  facet normal 0 1 0
    outer loop
      vertex -2.610347881913185 -20.500000000000004 54.888716243207455
      vertex -1.7266994640231133 -20.500000000000004 55.70060630142689
      vertex -2.4968152344226837 -20.500000000000004 54.780322812497616
    endloop
  endfacet
  facet normal 0 1 0
    outer loop
      vertex -2.993935465812683 -20.500000000000004 55.34238916635513
      vertex -1.9651582762598991 -20.500000000000004 55.96014113724232
      vertex -2.9045013189315796 -20.500000000000004 55.21339175105095
    endloop
  endfacet
  facet normal 0 1 0
    outer loop
      vertex -2.848806694149971 -20.500000000000004 55.148251079022884
      vertex -2.9045013189315796 -20.500000000000004 55.21339175105095
      vertex -1.9651582762598991 -20.500000000000004 55.96014113724232
    endloop
  endfacet
  facet normal 0 1 0
    outer loop
      vertex -2.848806694149971 -20.500000000000004 55.148251079022884
      vertex -1.7266994640231133 -20.500000000000004 55.70060630142689
      vertex -2.610347881913185 -20.500000000000004 54.888716243207455
    endloop
  endfacet
  facet normal 0 1 0
    outer loop
      vertex -2.4968152344226837 -20.500000000000004 54.780322812497616
      vertex -1.7266994640231133 -20.500000000000004 55.70060630142689
      vertex -2.4457493871450424 -20.500000000000004 54.73989447206259
    endloop
  endfacet
  facet normal 0 1 0
    outer loop
      vertex -2.1472867131233215 -20.500000000000004 54.5165084823966
      vertex -2.4457493871450424 -20.500000000000004 54.73989447206259
      vertex -1.7266994640231133 -20.500000000000004 55.70060630142689
    endloop
  endfacet
  facet normal 0 1 0
    outer loop
      vertex -2.848806694149971 -20.500000000000004 55.148251079022884
      vertex -1.9651582762598991 -20.500000000000004 55.96014113724232
      vertex -1.7266994640231133 -20.500000000000004 55.70060630142689
    endloop
  endfacet
  facet normal 0 1 0
    outer loop
      vertex -3.4422420412302017 -20.500000000000004 56.42087726294994
      vertex -3.4877788946032524 -20.500000000000004 56.770373083651066
      vertex -2.2522999197244644 -20.500000000000004 56.57591837644577
    endloop
  endfacet
  facet normal 0 1 0
    outer loop
      vertex -3.2755113020539284 -20.500000000000004 55.86197555065155
      vertex -2.1410006135702133 -20.500000000000004 56.252981297671795
      vertex -3.2147689163684845 -20.500000000000004 55.717237301170826
    endloop
  endfacet
  facet normal 0 1 0
    outer loop
      vertex -3.2755113020539284 -20.500000000000004 55.86197555065155
      vertex -3.3868106082081795 -20.500000000000004 56.184912629425526
      vertex -2.1410006135702133 -20.500000000000004 56.252981297671795
    endloop
  endfacet
  facet normal 0 1 0
    outer loop
      vertex -3.1697778031229973 -20.500000000000004 55.63522932678461
      vertex -3.2147689163684845 -20.500000000000004 55.717237301170826
      vertex -2.1410006135702133 -20.500000000000004 56.252981297671795
    endloop
  endfacet
  facet normal 0 1 0
    outer loop
      vertex -3.3868106082081795 -20.500000000000004 56.184912629425526
      vertex -3.411824993789196 -20.500000000000004 56.26688504964113
      vertex -2.2522999197244644 -20.500000000000004 56.57591837644577
    endloop
  endfacet
  facet normal 0 1 0
    outer loop
      vertex -3.4422420412302017 -20.500000000000004 56.42087726294994
      vertex -2.2522999197244644 -20.500000000000004 56.57591837644577
      vertex -3.411824993789196 -20.500000000000004 56.26688504964113
    endloop
  endfacet
  facet normal 0 1 0
    outer loop
      vertex -3.4877788946032524 -20.500000000000004 56.770373083651066
      vertex -3.494438149034977 -20.500000000000004 56.83516375720501
      vertex -2.297836773097515 -20.500000000000004 56.92541419714689
    endloop
  endfacet
  facet normal 0 1 0
    outer loop
      vertex -3.494438149034977 -20.500000000000004 56.83516375720501
      vertex -3.495981104671955 -20.500000000000004 56.99212368577719
      vertex -2.297836773097515 -20.500000000000004 56.92541419714689
    endloop
  endfacet
  facet normal 0 1 0
    outer loop
      vertex -3.495981104671955 -20.500000000000004 56.99212368577719
      vertex -3.475256584584713 -20.500000000000004 57.364349104464054
      vertex -2.277112253010273 -20.500000000000004 57.29763961583376
    endloop
  endfacet
  facet normal 0 1 0
    outer loop
      vertex -3.4725194573402405 -20.500000000000004 57.40252821147442
      vertex -2.277112253010273 -20.500000000000004 57.29763961583376
      vertex -3.475256584584713 -20.500000000000004 57.364349104464054
    endloop
  endfacet
  facet normal 0 1 0
    outer loop
      vertex -3.4725194573402405 -20.500000000000004 57.40252821147442
      vertex -3.448601871728897 -20.500000000000004 57.55766282975674
      vertex -2.277112253010273 -20.500000000000004 57.29763961583376
    endloop
  endfacet
  facet normal 0 1 0
    outer loop
      vertex -3.4877788946032524 -20.500000000000004 56.770373083651066
      vertex -2.297836773097515 -20.500000000000004 56.92541419714689
      vertex -2.2522999197244644 -20.500000000000004 56.57591837644577
    endloop
  endfacet
  facet normal 0 1 0
    outer loop
      vertex -3.495981104671955 -20.500000000000004 56.99212368577719
      vertex -2.277112253010273 -20.500000000000004 57.29763961583376
      vertex -2.297836773097515 -20.500000000000004 56.92541419714689
    endloop
  endfacet
  facet normal 0 1 0
    outer loop
      vertex -3.448601871728897 -20.500000000000004 57.55766282975674
      vertex -3.361843056976795 -20.500000000000004 57.94853966683149
      vertex -2.190353438258171 -20.500000000000004 57.688516452908516
    endloop
  endfacet
  facet normal 0 1 0
    outer loop
      vertex -3.1697778031229973 -20.500000000000004 55.63522932678461
      vertex -2.1410006135702133 -20.500000000000004 56.252981297671795
      vertex -1.9651582762598991 -20.500000000000004 55.96014113724232
    endloop
  endfacet
  facet normal 0 1 0
    outer loop
      vertex -3.3868106082081795 -20.500000000000004 56.184912629425526
      vertex -2.2522999197244644 -20.500000000000004 56.57591837644577
      vertex -2.1410006135702133 -20.500000000000004 56.252981297671795
    endloop
  endfacet
  facet normal 0 1 0
    outer loop
      vertex -3.448601871728897 -20.500000000000004 57.55766282975674
      vertex -2.190353438258171 -20.500000000000004 57.688516452908516
      vertex -2.277112253010273 -20.500000000000004 57.29763961583376
    endloop
  endfacet
  facet normal 0 1 0
    outer loop
      vertex -2.2659685909748077 -20.500000000000004 53.01596859097481
      vertex -0.535938449203968 -20.500000000000004 52.86614202708006
      vertex -1.3467297777533531 -20.500000000000004 52.09672977775335
    endloop
  endfacet
  facet normal 0 1 0
    outer loop
      vertex -2.2659685909748077 -20.500000000000004 53.01596859097481
      vertex -1.4058082327246666 -20.500000000000004 53.83223029971123
      vertex -0.535938449203968 -20.500000000000004 52.86614202708006
    endloop
  endfacet
  facet normal 0 1 0
    outer loop
      vertex -0.535938449203968 -20.500000000000004 52.86614202708006
      vertex -1.4058082327246666 -20.500000000000004 53.83223029971123
      vertex -1.1531376466155052 -20.500000000000004 54.048031359910965
    endloop
  endfacet
  facet normal 0 1 0
    outer loop
      vertex -0.535938449203968 -20.500000000000004 52.86614202708006
      vertex -1.1531376466155052 -20.500000000000004 54.048031359910965
      vertex 0.3140096515417099 -20.500000000000004 53.592066280543804
    endloop
  endfacet
  facet normal 0 1 0
    outer loop
      vertex -1.9820664450526237 -20.500000000000004 54.412667490541935
      vertex -1.0730402693152428 -20.500000000000004 55.29243063926697
      vertex -1.6268699243664742 -20.500000000000004 54.227877818048
    endloop
  endfacet
  facet normal 0 1 0
    outer loop
      vertex -1.6268699243664742 -20.500000000000004 54.227877818048
      vertex -1.0730402693152428 -20.500000000000004 55.29243063926697
      vertex -1.4831798076629639 -20.500000000000004 54.16469594091177
    endloop
  endfacet
  facet normal 0 1 0
    outer loop
      vertex -1.4831798076629639 -20.500000000000004 54.16469594091177
      vertex -1.0730402693152428 -20.500000000000004 55.29243063926697
      vertex -1.4728068113327026 -20.500000000000004 54.16097727417946
    endloop
  endfacet
  facet normal 0 1 0
    outer loop
      vertex -1.1531376466155052 -20.500000000000004 54.048031359910965
      vertex -1.4728068113327026 -20.500000000000004 54.16097727417946
      vertex -1.0730402693152428 -20.500000000000004 55.29243063926697
    endloop
  endfacet
  facet normal 0 1 0
    outer loop
      vertex -2.0157370790839195 -20.500000000000004 54.43087266385555
      vertex -1.4282367900013924 -20.500000000000004 55.4772203117609
      vertex -1.9820664450526237 -20.500000000000004 54.412667490541935
    endloop
  endfacet
  facet normal 0 1 0
    outer loop
      vertex -2.1472867131233215 -20.500000000000004 54.5165084823966
      vertex -1.4282367900013924 -20.500000000000004 55.4772203117609
      vertex -2.0157370790839195 -20.500000000000004 54.43087266385555
    endloop
  endfacet
  facet normal 0 1 0
    outer loop
      vertex -1.9820664450526237 -20.500000000000004 54.412667490541935
      vertex -1.4282367900013924 -20.500000000000004 55.4772203117609
      vertex -1.0730402693152428 -20.500000000000004 55.29243063926697
    endloop
  endfacet
  facet normal 0 1 0
    outer loop
      vertex -2.1472867131233215 -20.500000000000004 54.5165084823966
      vertex -1.7266994640231133 -20.500000000000004 55.70060630142689
      vertex -1.4282367900013924 -20.500000000000004 55.4772203117609
    endloop
  endfacet
  facet normal 0 1 0
    outer loop
      vertex -1.1531376466155052 -20.500000000000004 54.048031359910965
      vertex -1.0730402693152428 -20.500000000000004 55.29243063926697
      vertex -0.6650015115737915 -20.500000000000004 55.14826186746359
    endloop
  endfacet
  facet normal 0 1 0
    outer loop
      vertex -1.1531376466155052 -20.500000000000004 54.048031359910965
      vertex -0.6650015115737915 -20.500000000000004 55.14826186746359
      vertex -0.20859107375144958 -20.500000000000004 55.046293541789055
    endloop
  endfacet
  facet normal 0 1 0
    outer loop
      vertex 0.3140096515417099 -20.500000000000004 53.592066280543804
      vertex -1.1531376466155052 -20.500000000000004 54.048031359910965
      vertex 0.5587784573435783 -20.500000000000004 53.77988398075104
    endloop
  endfacet
  facet normal 0 1 0
    outer loop
      vertex -1.1531376466155052 -20.500000000000004 54.048031359910965
      vertex -0.20859107375144958 -20.500000000000004 55.046293541789055
      vertex 0.5587784573435783 -20.500000000000004 53.77988398075104
    endloop
  endfacet
  facet normal 0 1 0
    outer loop
      vertex -0.20859107375144958 -20.500000000000004 55.046293541789055
      vertex 0.2911905199289322 -20.500000000000004 54.987642861902714
      vertex 0.5587784573435783 -20.500000000000004 53.77988398075104
    endloop
  endfacet
  facet normal 0 1 0
    outer loop
      vertex 0.2911905199289322 -20.500000000000004 54.987642861902714
      vertex 0.8288675546646118 -20.500000000000004 54.97295239567757
      vertex 0.5587784573435783 -20.500000000000004 53.77988398075104
    endloop
  endfacet
  facet normal 0 1 0
    outer loop
      vertex 0.5587784573435783 -20.500000000000004 53.77988398075104
      vertex 0.8288675546646118 -20.500000000000004 54.97295239567757
      vertex 0.796093262732029 -20.500000000000004 53.77340004593134
    endloop
  endfacet
  facet normal 0 1 0
    outer loop
      vertex 0.796093262732029 -20.500000000000004 53.77340004593134
      vertex 0.8288675546646118 -20.500000000000004 54.97295239567757
      vertex 0.8907790258526802 -20.500000000000004 53.774550557136536
    endloop
  endfacet
  facet normal 0 1 0
    outer loop
      vertex 0.8907790258526802 -20.500000000000004 53.774550557136536
      vertex 0.8288675546646118 -20.500000000000004 54.97295239567757
      vertex 1.4604605957865715 -20.500000000000004 53.80398127436638
    endloop
  endfacet
  facet normal 0 1 0
    outer loop
      vertex 0.8288675546646118 -20.500000000000004 54.97295239567757
      vertex 1.3985491245985031 -20.500000000000004 55.00238311290741
      vertex 1.4604605957865715 -20.500000000000004 53.80398127436638
    endloop
  endfacet
  facet normal 0 1 0
    outer loop
      vertex -5.538669988512993 -20.500000000000004 60.819523721933365
      vertex -3.501497156918049 -20.500000000000004 60.74464878439903
      vertex -4.720553480088711 -20.500000000000004 59.80923397094011
    endloop
  endfacet
  facet normal 0 1 0
    outer loop
      vertex -5.538669988512993 -20.500000000000004 60.819523721933365
      vertex -4.265617981553078 -20.500000000000004 61.79637087881565
      vertex -3.501497156918049 -20.500000000000004 60.74464878439903
    endloop
  endfacet
  facet normal 0 1 0
    outer loop
      vertex -2.190353438258171 -20.500000000000004 57.688516452908516
      vertex -3.361843056976795 -20.500000000000004 57.94853966683149
      vertex -3.359405927360058 -20.500000000000004 57.959286242723465
    endloop
  endfacet
  facet normal 0 1 0
    outer loop
      vertex -2.190353438258171 -20.500000000000004 57.688516452908516
      vertex -3.359405927360058 -20.500000000000004 57.959286242723465
      vertex -3.3140619695186615 -20.500000000000004 58.10956174135208
    endloop
  endfacet
  facet normal 0 1 0
    outer loop
      vertex -2.190353438258171 -20.500000000000004 57.688516452908516
      vertex -3.3140619695186615 -20.500000000000004 58.10956174135208
      vertex -3.162219390273094 -20.500000000000004 58.51480746269226
    endloop
  endfacet
  facet normal 0 1 0
    outer loop
      vertex -3.162219390273094 -20.500000000000004 58.51480746269226
      vertex -3.103829972445965 -20.500000000000004 58.64611639082432
      vertex -2.0385108590126038 -20.500000000000004 58.093762174248695
    endloop
  endfacet
  facet normal 0 1 0
    outer loop
      vertex -3.103829972445965 -20.500000000000004 58.64611639082432
      vertex -2.888567268848419 -20.500000000000004 59.0612910464406
      vertex -2.0385108590126038 -20.500000000000004 58.093762174248695
    endloop
  endfacet
  facet normal 0 1 0
    outer loop
      vertex -2.190353438258171 -20.500000000000004 57.688516452908516
      vertex -3.162219390273094 -20.500000000000004 58.51480746269226
      vertex -2.0385108590126038 -20.500000000000004 58.093762174248695
    endloop
  endfacet
  facet normal 0 1 0
    outer loop
      vertex -2.888567268848419 -20.500000000000004 59.0612910464406
      vertex -1.8232481554150581 -20.500000000000004 58.50893682986498
      vertex -2.0385108590126038 -20.500000000000004 58.093762174248695
    endloop
  endfacet
  facet normal 0 1 0
    outer loop
      vertex -2.888567268848419 -20.500000000000004 59.0612910464406
      vertex -2.8261387571692467 -20.500000000000004 59.16788329184055
      vertex -1.8232481554150581 -20.500000000000004 58.50893682986498
    endloop
  endfacet
  facet normal 0 1 0
    outer loop
      vertex -2.8261387571692467 -20.500000000000004 59.16788329184055
      vertex -2.549814373254776 -20.500000000000004 59.588438138365746
      vertex -1.5469237715005875 -20.500000000000004 58.92949167639017
    endloop
  endfacet
  facet normal 0 1 0
    outer loop
      vertex -2.8261387571692467 -20.500000000000004 59.16788329184055
      vertex -1.5469237715005875 -20.500000000000004 58.92949167639017
      vertex -1.8232481554150581 -20.500000000000004 58.50893682986498
    endloop
  endfacet
  facet normal 0 1 0
    outer loop
      vertex -2.549814373254776 -20.500000000000004 59.588438138365746
      vertex -2.486901082098484 -20.500000000000004 59.67544251680374
      vertex -1.5469237715005875 -20.500000000000004 58.92949167639017
    endloop
  endfacet
  facet normal 0 1 0
    outer loop
      vertex -2.486901082098484 -20.500000000000004 59.67544251680374
      vertex -2.152542494237423 -20.500000000000004 60.096769861876965
      vertex -1.2125651836395264 -20.500000000000004 59.350819021463394
    endloop
  endfacet
  facet normal 0 1 0
    outer loop
      vertex -4.265617981553078 -20.500000000000004 61.79637087881565
      vertex -2.2351556792855263 -20.500000000000004 61.61498116701841
      vertex -3.501497156918049 -20.500000000000004 60.74464878439903
    endloop
  endfacet
  facet normal 0 1 0
    outer loop
      vertex -4.265617981553078 -20.500000000000004 61.79637087881565
      vertex -2.9431864246726036 -20.500000000000004 62.70525290817022
      vertex -2.2351556792855263 -20.500000000000004 61.61498116701841
    endloop
  endfacet
  facet normal 0 1 0
    outer loop
      vertex -2.2351556792855263 -20.500000000000004 61.61498116701841
      vertex -2.9431864246726036 -20.500000000000004 62.70525290817022
      vertex -1.4794060811400414 -20.500000000000004 62.078105106949806
    endloop
  endfacet
  facet normal 0 1 0
    outer loop
      vertex -2.9431864246726036 -20.500000000000004 62.70525290817022
      vertex -2.1294060796499252 -20.500000000000004 63.20393813401461
      vertex -1.4794060811400414 -20.500000000000004 62.078105106949806
    endloop
  endfacet
  facet normal 0 1 0
    outer loop
      vertex -2.1294060796499252 -20.500000000000004 63.20393813401461
      vertex -3.3188947662711143 -20.500000000000004 65.26419298350811
      vertex -2.3558285385370255 -20.500000000000004 65.5911099165678
    endloop
  endfacet
  facet normal 0 1 0
    outer loop
      vertex -2.1294060796499252 -20.500000000000004 63.20393813401461
      vertex -2.3558285385370255 -20.500000000000004 65.5911099165678
      vertex -2.0425116270780563 -20.500000000000004 65.65343251824379
    endloop
  endfacet
  facet normal 0 1 0
    outer loop
      vertex -2.486901082098484 -20.500000000000004 59.67544251680374
      vertex -1.2125651836395264 -20.500000000000004 59.350819021463394
      vertex -1.5469237715005875 -20.500000000000004 58.92949167639017
    endloop
  endfacet
  facet normal 0 1 0
    outer loop
      vertex -2.0907983258366585 -20.500000000000004 60.168563812971115
      vertex -0.8238356932997704 -20.500000000000004 59.76830272376537
      vertex -1.2125651836395264 -20.500000000000004 59.350819021463394
    endloop
  endfacet
  facet normal 0 1 0
    outer loop
      vertex -2.152542494237423 -20.500000000000004 60.096769861876965
      vertex -2.0907983258366585 -20.500000000000004 60.168563812971115
      vertex -1.2125651836395264 -20.500000000000004 59.350819021463394
    endloop
  endfacet
  facet normal 0 1 0
    outer loop
      vertex -2.0907983258366585 -20.500000000000004 60.168563812971115
      vertex -1.7020688354969025 -20.500000000000004 60.586047515273094
      vertex -0.8238356932997704 -20.500000000000004 59.76830272376537
    endloop
  endfacet
  facet normal 0 1 0
    outer loop
      vertex -0.8238356932997704 -20.500000000000004 59.76830272376537
      vertex -1.7020688354969025 -20.500000000000004 60.586047515273094
      vertex -1.6420623138546944 -20.500000000000004 60.64608697593212
    endloop
  endfacet
  facet normal 0 1 0
    outer loop
      vertex -0.8238356932997704 -20.500000000000004 59.76830272376537
      vertex -1.6420623138546944 -20.500000000000004 60.64608697593212
      vertex -0.3849942982196808 -20.500000000000004 60.17736874520779
    endloop
  endfacet
  facet normal 0 1 0
    outer loop
      vertex -1.6420623138546944 -20.500000000000004 60.64608697593212
      vertex -1.2032209187746048 -20.500000000000004 61.055152997374535
      vertex -0.3849942982196808 -20.500000000000004 60.17736874520779
    endloop
  endfacet
  facet normal 0 1 0
    outer loop
      vertex -1.2032209187746048 -20.500000000000004 61.055152997374535
      vertex -1.1449344232678413 -20.500000000000004 61.106072686612606
      vertex -0.3849942982196808 -20.500000000000004 60.17736874520779
    endloop
  endfacet
  facet normal 0 1 0
    outer loop
      vertex -1.1449344232678413 -20.500000000000004 61.106072686612606
      vertex -0.9909502863883972 -20.500000000000004 61.2320748642087
      vertex -0.3849942982196808 -20.500000000000004 60.17736874520779
    endloop
  endfacet
  facet normal 0 1 0
    outer loop
      vertex -0.3849942982196808 -20.500000000000004 60.17736874520779
      vertex -0.9909502863883972 -20.500000000000004 61.2320748642087
      vertex -0.3535730540752411 -20.500000000000004 62.72810511291027
    endloop
  endfacet
  facet normal 0 1 0
    outer loop
      vertex -0.3849942982196808 -20.500000000000004 60.17736874520779
      vertex 0.05792626738548279 -20.500000000000004 62.0153673812747
      vertex 0.09915095567703247 -20.500000000000004 60.57353526353836
    endloop
  endfacet
  facet normal 0 1 0
    outer loop
      vertex -0.3849942982196808 -20.500000000000004 60.17736874520779
      vertex -0.3535730540752411 -20.500000000000004 62.72810511291027
      vertex 0.05792626738548279 -20.500000000000004 62.0153673812747
    endloop
  endfacet
  facet normal 0 1 0
    outer loop
      vertex 0.09915095567703247 -20.500000000000004 60.57353526353836
      vertex 0.05792626738548279 -20.500000000000004 62.0153673812747
      vertex 0.6232956796884537 -20.500000000000004 60.952461801469326
    endloop
  endfacet
  facet normal 0 1 0
    outer loop
      vertex 0.6232956796884537 -20.500000000000004 60.952461801469326
      vertex 0.05792626738548279 -20.500000000000004 62.0153673812747
      vertex 1.1816972270607948 -20.500000000000004 61.309996753931046
    endloop
  endfacet
  facet normal 0 1 0
    outer loop
      vertex -0.9909502863883972 -20.500000000000004 61.2320748642087
      vertex -1.4794060811400414 -20.500000000000004 62.078105106949806
      vertex -1.0035730600357056 -20.500000000000004 63.85393813997507
    endloop
  endfacet
  facet normal 0 1 0
    outer loop
      vertex -2.1294060796499252 -20.500000000000004 63.20393813401461
      vertex -1.0035730600357056 -20.500000000000004 63.85393813997507
      vertex -1.4794060811400414 -20.500000000000004 62.078105106949806
    endloop
  endfacet
  facet normal 0 1 0
    outer loop
      vertex -0.9909502863883972 -20.500000000000004 61.2320748642087
      vertex -1.0035730600357056 -20.500000000000004 63.85393813997507
      vertex -0.3535730540752411 -20.500000000000004 62.72810511291027
    endloop
  endfacet
  facet normal 0 1 0
    outer loop
      vertex -0.3535730540752411 -20.500000000000004 62.72810511291027
      vertex -1.0035730600357056 -20.500000000000004 63.85393813997507
      vertex -0.16480881720781326 -20.500000000000004 64.30934996902943
    endloop
  endfacet
  facet normal 0 1 0
    outer loop
      vertex -2.1294060796499252 -20.500000000000004 63.20393813401461
      vertex -2.0425116270780563 -20.500000000000004 65.65343251824379
      vertex -1.0035730600357056 -20.500000000000004 63.85393813997507
    endloop
  endfacet
  facet normal 0 1 0
    outer loop
      vertex -0.3535730540752411 -20.500000000000004 62.72810511291027
      vertex -0.16480881720781326 -20.500000000000004 64.30934996902943
      vertex 0.42537882924079895 -20.500000000000004 63.151041485369205
    endloop
  endfacet
  facet normal 0 1 0
    outer loop
      vertex 1.1816972270607948 -20.500000000000004 61.309996753931046
      vertex 0.05792626738548279 -20.500000000000004 62.0153673812747
      vertex 0.5346299931406975 -20.500000000000004 62.3205926194787
    endloop
  endfacet
  facet normal 0 1 0
    outer loop
      vertex 1.1816972270607948 -20.500000000000004 61.309996753931046
      vertex 0.5346299931406975 -20.500000000000004 62.3205926194787
      vertex 0.5902798920869827 -20.500000000000004 62.354135408997536
    endloop
  endfacet
  facet normal 0 1 0
    outer loop
      vertex 1.1816972270607948 -20.500000000000004 61.309996753931046
      vertex 0.5902798920869827 -20.500000000000004 62.354135408997536
      vertex 1.1768203005194664 -20.500000000000004 62.68636155873537
    endloop
  endfacet
  facet normal 0 1 0
    outer loop
      vertex 0.42537882924079895 -20.500000000000004 63.151041485369205
      vertex -0.16480881720781326 -20.500000000000004 64.30934996902943
      vertex 1.2835218906402588 -20.500000000000004 65.00016827881336
    endloop
  endfacet
  facet normal 0 1 0
    outer loop
      vertex 0.42537882924079895 -20.500000000000004 63.151041485369205
      vertex 1.2835218906402588 -20.500000000000004 65.00016827881336
      vertex 1.8122795224189758 -20.500000000000004 63.81255917996168
    endloop
  endfacet
  facet normal -1 0 0
    outer loop
      vertex -11.25 -20.500000000000004 50.683201380074024
      vertex -11.25 -21.300000000000004 52.18431207537651
      vertex -11.25 -20.500000000000004 52.18431207537651
    endloop
  endfacet
  facet normal 0.8526401703503551 0 -0.5224985549309371
    outer loop
      vertex -11.25 -20.500000000000004 52.35686203092337
      vertex -10.864981167018414 -20.500000000000004 52.985155679285526
      vertex -11.25 -21.300000000000004 52.35686203092337
    endloop
  endfacet
  facet normal -1 0 0
    outer loop
      vertex -11.25 -20.500000000000004 52.35686203092337
      vertex -11.25 -21.300000000000004 54
      vertex -11.25 -20.500000000000004 54
    endloop
  endfacet
  facet normal 0.8241261892432179 0 -0.5664062360209781
    outer loop
      vertex -10.864981167018414 -20.500000000000004 52.985155679285526
      vertex -9.994648784399033 -20.500000000000004 54.25149715691805
      vertex -10.864981167018414 -21.300000000000004 52.985155679285526
    endloop
  endfacet
  facet normal -0.5000000003686034 -1.421114179207251e-16 -0.8660254035716254
    outer loop
      vertex -6.175734907388687 -20.500000000000004 47.753573060035706
      vertex -11.25 -21.300000000000004 50.683201380074024
      vertex -11.25 -20.500000000000004 50.683201380074024
    endloop
  endfacet
  facet normal -0.997858922838615 0 0.06540313533278784
    outer loop
      vertex -11.25 -20.500000000000004 54
      vertex -11.197881929576397 -21.300000000000004 54.79516801983118
      vertex -11.197881929576397 -20.500000000000004 54.79516801983118
    endloop
  endfacet
  facet normal -0.8241262065176964 0 0.5664062108864547
    outer loop
      vertex -11.197881929576397 -20.500000000000004 54.79516801983118
      vertex -11.046370878815651 -21.300000000000004 55.01561798155308
      vertex -11.046370878815651 -20.500000000000004 55.01561798155308
    endloop
  endfacet
  facet normal -0.7933533418439297 0 0.6087614269852097
    outer loop
      vertex -11.046370878815651 -20.500000000000004 55.01561798155308
      vertex -10.069523721933365 -21.300000000000004 56.28866998851299
      vertex -10.069523721933365 -20.500000000000004 56.28866998851299
    endloop
  endfacet
  facet normal 0.7933533412895841 0 -0.608761427707647
    outer loop
      vertex -9.994648784399033 -20.500000000000004 54.25149715691805
      vertex -9.059233970940113 -20.500000000000004 55.47055348008871
      vertex -9.994648784399033 -21.300000000000004 54.25149715691805
    endloop
  endfacet
  facet normal -0.7604059638498695 0 0.6494480503793596
    outer loop
      vertex -10.069523721933365 -20.500000000000004 56.28866998851299
      vertex -9.027388900518417 -21.300000000000004 57.50885308533907
      vertex -9.027388900518417 -20.500000000000004 57.50885308533907
    endloop
  endfacet
  facet normal 0.7604059635568121 0 -0.6494480507224856
    outer loop
      vertex -9.059233970940113 -20.500000000000004 55.47055348008871
      vertex -8.061300627887249 -20.500000000000004 56.63898329436779
      vertex -9.059233970940113 -21.300000000000004 55.47055348008871
    endloop
  endfacet
  facet normal 0.5000000005054966 0 0.8660254034925899
    outer loop
      vertex -5.525734908878803 -20.500000000000004 48.879406079649925
      vertex -11.25 -20.500000000000004 52.18431207537651
      vertex -5.525734908878803 -21.300000000000004 48.879406079649925
    endloop
  endfacet
  facet normal 0.7253743713310753 0 -0.688354575357822
    outer loop
      vertex -8.061300627887249 -20.500000000000004 56.63898329436779
      vertex -7.003584027290344 -20.500000000000004 57.753584027290344
      vertex -8.061300627887249 -21.300000000000004 56.63898329436779
    endloop
  endfacet
  facet normal -0.7253743692635533 0 0.6883545775365355
    outer loop
      vertex -9.027388900518417 -20.500000000000004 57.50885308533907
      vertex -7.922822840511799 -21.300000000000004 58.6728228405118
      vertex -7.922822840511799 -20.500000000000004 58.6728228405118
    endloop
  endfacet
  facet normal 0.688354575357822 0 -0.7253743713310753
    outer loop
      vertex -7.003584027290344 -20.500000000000004 57.753584027290344
      vertex -5.88898329436779 -20.500000000000004 58.81130062788725
      vertex -7.003584027290344 -21.300000000000004 57.753584027290344
    endloop
  endfacet
  facet normal -0.6883545775365355 0 0.7253743692635533
    outer loop
      vertex -7.922822840511799 -20.500000000000004 58.6728228405118
      vertex -6.758853085339069 -21.300000000000004 59.77738890051842
      vertex -6.758853085339069 -20.500000000000004 59.77738890051842
    endloop
  endfacet
  facet normal 0.6494480507224856 0 -0.7604059635568121
    outer loop
      vertex -5.88898329436779 -20.500000000000004 58.81130062788725
      vertex -4.720553480088711 -20.500000000000004 59.80923397094011
      vertex -5.88898329436779 -21.300000000000004 58.81130062788725
    endloop
  endfacet
  facet normal -0.6494480503793596 0 0.7604059638498695
    outer loop
      vertex -6.758853085339069 -20.500000000000004 59.77738890051842
      vertex -5.538669988512993 -21.300000000000004 60.819523721933365
      vertex -5.538669988512993 -20.500000000000004 60.819523721933365
    endloop
  endfacet
  facet normal -0.8241261876948903 -5.851578429634551e-17 0.5664062382738085
    outer loop
      vertex -5.245888367295265 -20.500000000000004 49.33607414364815
      vertex -4.574234925210476 -21.300000000000004 50.313335962593555
      vertex -4.574234925210476 -20.500000000000004 50.313335962593555
    endloop
  endfacet
  facet normal -0.793353338486589 0 0.6087614313605815
    outer loop
      vertex -4.574234925210476 -20.500000000000004 50.313335962593555
      vertex -3.8523560240864754 -21.300000000000004 51.25410685688257
      vertex -3.8523560240864754 -20.500000000000004 51.25410685688257
    endloop
  endfacet
  facet normal 0.7933533407393649 0 -0.6087614284247067
    outer loop
      vertex -3.5225128307938576 -20.500000000000004 49.54921513795853
      vertex -2.842066280543804 -20.500000000000004 50.43599034845829
      vertex -2.842066280543804 -21.300000000000004 50.43599034845829
    endloop
  endfacet
  facet normal 0.7604059669385153 0 -0.6494480467630198
    outer loop
      vertex -2.842066280543804 -20.500000000000004 50.43599034845829
      vertex -2.116142027080059 -20.500000000000004 51.28593844920397
      vertex -2.116142027080059 -21.300000000000004 51.28593844920397
    endloop
  endfacet
  facet normal -0.7604059675937551 0 0.6494480459958325
    outer loop
      vertex -3.8523560240864754 -20.500000000000004 51.25410685688257
      vertex -3.0822302997112274 -21.300000000000004 52.15580823272467
      vertex -3.0822302997112274 -20.500000000000004 52.15580823272467
    endloop
  endfacet
  facet normal -0.7253743680377204 0 0.6883545788282939
    outer loop
      vertex -3.0822302997112274 -20.500000000000004 52.15580823272467
      vertex -2.2659685909748077 -21.300000000000004 53.01596859097481
      vertex -2.2659685909748077 -20.500000000000004 53.01596859097481
    endloop
  endfacet
  facet normal -0.9916184351874456 0 -0.1292009249053652
    outer loop
      vertex -3.4422420412302017 -20.500000000000004 56.42087726294994
      vertex -3.4877788946032524 -21.300000000000004 56.770373083651066
      vertex -3.4877788946032524 -20.500000000000004 56.770373083651066
    endloop
  endfacet
  facet normal -0.9947595101701767 0 -0.10224244190154252
    outer loop
      vertex -3.4877788946032524 -20.500000000000004 56.770373083651066
      vertex -3.494438149034977 -21.300000000000004 56.83516375720501
      vertex -3.494438149034977 -20.500000000000004 56.83516375720501
    endloop
  endfacet
  facet normal -0.9999516865752406 0 -0.009829776972646765
    outer loop
      vertex -3.494438149034977 -20.500000000000004 56.83516375720501
      vertex -3.495981104671955 -21.300000000000004 56.99212368577719
      vertex -3.495981104671955 -20.500000000000004 56.99212368577719
    endloop
  endfacet
  facet normal -0.9984536114570649 0 0.05559123823359535
    outer loop
      vertex -3.495981104671955 -20.500000000000004 56.99212368577719
      vertex -3.475256584584713 -21.300000000000004 57.364349104464054
      vertex -3.475256584584713 -20.500000000000004 57.364349104464054
    endloop
  endfacet
  facet normal -0.99744001000742 0 0.07150822635472032
    outer loop
      vertex -3.4725194573402405 -20.500000000000004 57.40252821147442
      vertex -3.475256584584713 -20.500000000000004 57.364349104464054
      vertex -3.4725194573402405 -21.300000000000004 57.40252821147442
    endloop
  endfacet
  facet normal -0.9883230840209765 0 0.15237283744574026
    outer loop
      vertex -3.4725194573402405 -20.500000000000004 57.40252821147442
      vertex -3.448601871728897 -21.300000000000004 57.55766282975674
      vertex -3.448601871728897 -20.500000000000004 57.55766282975674
    endloop
  endfacet
  facet normal -0.8573143245023692 0 -0.5147933070690083
    outer loop
      vertex -3.1697778031229973 -20.500000000000004 55.63522932678461
      vertex -2.993935465812683 -20.500000000000004 55.34238916635513
      vertex -3.1697778031229973 -21.300000000000004 55.63522932678461
    endloop
  endfacet
  facet normal -0.7363736846176779 0 -0.6765750487585133
    outer loop
      vertex -2.848806694149971 -20.500000000000004 55.148251079022884
      vertex -2.610347881913185 -20.500000000000004 54.888716243207455
      vertex -2.848806694149971 -21.300000000000004 55.148251079022884
    endloop
  endfacet
  facet normal -0.8218096456086279 0 -0.5697621489574589
    outer loop
      vertex -2.993935465812683 -20.500000000000004 55.34238916635513
      vertex -2.9045013189315796 -20.500000000000004 55.21339175105095
      vertex -2.993935465812683 -21.300000000000004 55.34238916635513
    endloop
  endfacet
  facet normal -0.760064536998697 0 -0.6498475972079578
    outer loop
      vertex -2.848806694149971 -20.500000000000004 55.148251079022884
      vertex -2.9045013189315796 -21.300000000000004 55.21339175105095
      vertex -2.9045013189315796 -20.500000000000004 55.21339175105095
    endloop
  endfacet
  facet normal -0.5455639691344945 0 -0.8380691830524591
    outer loop
      vertex -2.1472867131233215 -20.500000000000004 54.5165084823966
      vertex -2.0157370790839195 -20.500000000000004 54.43087266385555
      vertex -2.1472867131233215 -21.300000000000004 54.5165084823966
    endloop
  endfacet
  facet normal -0.475614695905614 0 -0.8796537165490806
    outer loop
      vertex -2.0157370790839195 -20.500000000000004 54.43087266385555
      vertex -1.9820664450526237 -20.500000000000004 54.412667490541935
      vertex -2.0157370790839195 -21.300000000000004 54.43087266385555
    endloop
  endfacet
  facet normal -0.6905469395019442 0 -0.723287580665186
    outer loop
      vertex -2.610347881913185 -20.500000000000004 54.888716243207455
      vertex -2.4968152344226837 -20.500000000000004 54.780322812497616
      vertex -2.610347881913185 -21.300000000000004 54.888716243207455
    endloop
  endfacet
  facet normal -0.6207143771605759 0 -0.7840367733634426
    outer loop
      vertex -2.4968152344226837 -20.500000000000004 54.780322812497616
      vertex -2.4457493871450424 -20.500000000000004 54.73989447206259
      vertex -2.4968152344226837 -21.300000000000004 54.780322812497616
    endloop
  endfacet
  facet normal -0.5992082669325726 0 -0.8005931881047095
    outer loop
      vertex -2.1472867131233215 -20.500000000000004 54.5165084823966
      vertex -2.4457493871450424 -21.300000000000004 54.73989447206259
      vertex -2.4457493871450424 -20.500000000000004 54.73989447206259
    endloop
  endfacet
  facet normal -0.9220905152003126 0 -0.38697426500688903
    outer loop
      vertex -3.2755113020539284 -20.500000000000004 55.86197555065155
      vertex -3.2147689163684845 -20.500000000000004 55.717237301170826
      vertex -3.2755113020539284 -21.300000000000004 55.86197555065155
    endloop
  endfacet
  facet normal -0.945425575902298 0 -0.32583811997648143
    outer loop
      vertex -3.2755113020539284 -20.500000000000004 55.86197555065155
      vertex -3.3868106082081795 -21.300000000000004 56.184912629425526
      vertex -3.3868106082081795 -20.500000000000004 56.184912629425526
    endloop
  endfacet
  facet normal -0.8767267654272313 0 -0.48098875120267076
    outer loop
      vertex -3.1697778031229973 -20.500000000000004 55.63522932678461
      vertex -3.2147689163684845 -21.300000000000004 55.717237301170826
      vertex -3.2147689163684845 -20.500000000000004 55.717237301170826
    endloop
  endfacet
  facet normal -0.9564582748624407 0 -0.2918690947105632
    outer loop
      vertex -3.3868106082081795 -20.500000000000004 56.184912629425526
      vertex -3.411824993789196 -21.300000000000004 56.26688504964113
      vertex -3.411824993789196 -20.500000000000004 56.26688504964113
    endloop
  endfacet
  facet normal -0.9810451562484906 0 -0.1937792594716331
    outer loop
      vertex -3.4422420412302017 -20.500000000000004 56.42087726294994
      vertex -3.411824993789196 -20.500000000000004 56.26688504964113
      vertex -3.4422420412302017 -21.300000000000004 56.42087726294994
    endloop
  endfacet
  facet normal 0.8573143245023692 0 0.5147933070690083
    outer loop
      vertex -1.9651582762598991 -20.500000000000004 55.96014113724232
      vertex -2.1410006135702133 -20.500000000000004 56.252981297671795
      vertex -2.1410006135702133 -21.300000000000004 56.252981297671795
    endloop
  endfacet
  facet normal 0.7363736846176779 0 0.6765750487585133
    outer loop
      vertex -1.9651582762598991 -20.500000000000004 55.96014113724232
      vertex -1.9651582762598991 -21.300000000000004 55.96014113724232
      vertex -1.7266994640231133 -20.500000000000004 55.70060630142689
    endloop
  endfacet
  facet normal 0.945425575902298 0 0.32583811997648143
    outer loop
      vertex -2.1410006135702133 -20.500000000000004 56.252981297671795
      vertex -2.2522999197244644 -20.500000000000004 56.57591837644577
      vertex -2.2522999197244644 -21.300000000000004 56.57591837644577
    endloop
  endfacet
  facet normal 0.9916184351874456 0 0.1292009249053652
    outer loop
      vertex -2.2522999197244644 -20.500000000000004 56.57591837644577
      vertex -2.297836773097515 -20.500000000000004 56.92541419714689
      vertex -2.297836773097515 -21.300000000000004 56.92541419714689
    endloop
  endfacet
  facet normal 0.9984536114570649 0 -0.05559123823359535
    outer loop
      vertex -2.297836773097515 -20.500000000000004 56.92541419714689
      vertex -2.277112253010273 -20.500000000000004 57.29763961583376
      vertex -2.277112253010273 -21.300000000000004 57.29763961583376
    endloop
  endfacet
  facet normal 0.9762413497006317 0 -0.21668601047296218
    outer loop
      vertex -2.277112253010273 -20.500000000000004 57.29763961583376
      vertex -2.190353438258171 -20.500000000000004 57.688516452908516
      vertex -2.190353438258171 -21.300000000000004 57.688516452908516
    endloop
  endfacet
  facet normal 0.7253743676469134 0 -0.6883545792401184
    outer loop
      vertex -2.116142027080059 -20.500000000000004 51.28593844920397
      vertex -1.3467297777533531 -20.500000000000004 52.09672977775335
      vertex -1.3467297777533531 -21.300000000000004 52.09672977775335
    endloop
  endfacet
  facet normal -0.6883545788282939 0 0.7253743680377204
    outer loop
      vertex -2.2659685909748077 -20.500000000000004 53.01596859097481
      vertex -1.4058082327246666 -21.300000000000004 53.83223029971123
      vertex -1.4058082327246666 -20.500000000000004 53.83223029971123
    endloop
  endfacet
  facet normal 0.6883545792401184 0 -0.7253743676469134
    outer loop
      vertex -1.3467297777533531 -20.500000000000004 52.09672977775335
      vertex -0.535938449203968 -20.500000000000004 52.86614202708006
      vertex -0.535938449203968 -21.300000000000004 52.86614202708006
    endloop
  endfacet
  facet normal 0.6494480467630198 0 -0.7604059669385153
    outer loop
      vertex -0.535938449203968 -20.500000000000004 52.86614202708006
      vertex 0.3140096515417099 -20.500000000000004 53.592066280543804
      vertex 0.3140096515417099 -21.300000000000004 53.592066280543804
    endloop
  endfacet
  facet normal -0.4615247144029124 0 -0.8871273516216882
    outer loop
      vertex -1.9820664450526237 -20.500000000000004 54.412667490541935
      vertex -1.6268699243664742 -20.500000000000004 54.227877818048
      vertex -1.9820664450526237 -21.300000000000004 54.412667490541935
    endloop
  endfacet
  facet normal -0.4025156357739269 0 -0.915413110544912
    outer loop
      vertex -1.6268699243664742 -20.500000000000004 54.227877818048
      vertex -1.4831798076629639 -20.500000000000004 54.16469594091177
      vertex -1.6268699243664742 -21.300000000000004 54.227877818048
    endloop
  endfacet
  facet normal -0.3331387802163662 0 -0.9428778039152007
    outer loop
      vertex -1.1531376466155052 -20.500000000000004 54.048031359910965
      vertex -1.4728068113327026 -21.300000000000004 54.16097727417946
      vertex -1.4728068113327026 -20.500000000000004 54.16097727417946
    endloop
  endfacet
  facet normal -0.6494480358345994 0 0.7604059762722678
    outer loop
      vertex -1.4058082327246666 -20.500000000000004 53.83223029971123
      vertex -1.1531376466155052 -21.300000000000004 54.048031359910965
      vertex -1.1531376466155052 -20.500000000000004 54.048031359910965
    endloop
  endfacet
  facet normal -0.33746494715341985 0 -0.9413380951829898
    outer loop
      vertex -1.4831798076629639 -20.500000000000004 54.16469594091177
      vertex -1.4728068113327026 -20.500000000000004 54.16097727417946
      vertex -1.4831798076629639 -21.300000000000004 54.16469594091177
    endloop
  endfacet
  facet normal 0.5992082669325726 0 0.8005931881047095
    outer loop
      vertex -1.4282367900013924 -20.500000000000004 55.4772203117609
      vertex -1.7266994640231133 -20.500000000000004 55.70060630142689
      vertex -1.7266994640231133 -21.300000000000004 55.70060630142689
    endloop
  endfacet
  facet normal 0.4615247144029124 0 0.8871273516216882
    outer loop
      vertex -1.4282367900013924 -20.500000000000004 55.4772203117609
      vertex -1.4282367900013924 -21.300000000000004 55.4772203117609
      vertex -1.0730402693152428 -20.500000000000004 55.29243063926697
    endloop
  endfacet
  facet normal 0.33313878221240095 0 0.9428778032099592
    outer loop
      vertex -1.0730402693152428 -20.500000000000004 55.29243063926697
      vertex -1.0730402693152428 -21.300000000000004 55.29243063926697
      vertex -0.6650015115737915 -20.500000000000004 55.14826186746359
    endloop
  endfacet
  facet normal 0.2180383699782946 0 0.9759401975619245
    outer loop
      vertex -0.6650015115737915 -20.500000000000004 55.14826186746359
      vertex -0.6650015115737915 -21.300000000000004 55.14826186746359
      vertex -0.20859107375144958 -20.500000000000004 55.046293541789055
    endloop
  endfacet
  facet normal 0.11655280367456394 0 0.9931844964333658
    outer loop
      vertex -0.20859107375144958 -20.500000000000004 55.046293541789055
      vertex -0.20859107375144958 -21.300000000000004 55.046293541789055
      vertex 0.2911905199289322 -20.500000000000004 54.987642861902714
    endloop
  endfacet
  facet normal 0.6087614079962163 0 -0.7933533564146964
    outer loop
      vertex 0.3140096515417099 -20.500000000000004 53.592066280543804
      vertex 0.5587784573435783 -20.500000000000004 53.77988398075104
      vertex 0.5587784573435783 -21.300000000000004 53.77988398075104
    endloop
  endfacet
  facet normal -0.027311890831169 0 -0.9996269607304648
    outer loop
      vertex 0.5587784573435783 -20.500000000000004 53.77988398075104
      vertex 0.796093262732029 -20.500000000000004 53.77340004593134
      vertex 0.796093262732029 -21.300000000000004 53.77340004593134
    endloop
  endfacet
  facet normal 0.012149939381841631 0 -0.9999261867623118
    outer loop
      vertex 0.796093262732029 -20.500000000000004 53.77340004593134
      vertex 0.8907790258526802 -20.500000000000004 53.774550557136536
      vertex 0.8907790258526802 -21.300000000000004 53.774550557136536
    endloop
  endfacet
  facet normal 0.02731190872675779 0 0.9996269602415199
    outer loop
      vertex 0.2911905199289322 -20.500000000000004 54.987642861902714
      vertex 0.2911905199289322 -21.300000000000004 54.987642861902714
      vertex 0.8288675546646118 -20.500000000000004 54.97295239567757
    endloop
  endfacet
  facet normal -0.05159289495124358 0 0.9986681997493211
    outer loop
      vertex 0.8288675546646118 -20.500000000000004 54.97295239567757
      vertex 0.8288675546646118 -21.300000000000004 54.97295239567757
      vertex 1.3985491245985031 -20.500000000000004 55.00238311290741
    endloop
  endfacet
  facet normal 0.608761427707647 0 -0.7933533412895841
    outer loop
      vertex -4.720553480088711 -20.500000000000004 59.80923397094011
      vertex -3.501497156918049 -20.500000000000004 60.74464878439903
      vertex -4.720553480088711 -21.300000000000004 59.80923397094011
    endloop
  endfacet
  facet normal -0.6087614269852097 0 0.7933533418439297
    outer loop
      vertex -5.538669988512993 -20.500000000000004 60.819523721933365
      vertex -4.265617981553078 -21.300000000000004 61.79637087881565
      vertex -4.265617981553078 -20.500000000000004 61.79637087881565
    endloop
  endfacet
  facet normal -0.9762413497006317 0 0.21668601047296218
    outer loop
      vertex -3.448601871728897 -20.500000000000004 57.55766282975674
      vertex -3.361843056976795 -21.300000000000004 57.94853966683149
      vertex -3.361843056976795 -20.500000000000004 57.94853966683149
    endloop
  endfacet
  facet normal -0.9752361814485482 0 0.22116597928626958
    outer loop
      vertex -3.359405927360058 -20.500000000000004 57.959286242723465
      vertex -3.361843056976795 -20.500000000000004 57.94853966683149
      vertex -3.359405927360058 -21.300000000000004 57.959286242723465
    endloop
  endfacet
  facet normal -0.9573668854981381 0 0.28887479390143206
    outer loop
      vertex -3.359405927360058 -20.500000000000004 57.959286242723465
      vertex -3.3140619695186615 -21.300000000000004 58.10956174135208
      vertex -3.3140619695186615 -20.500000000000004 58.10956174135208
    endloop
  endfacet
  facet normal -0.9364237766021044 0 0.35087107406318385
    outer loop
      vertex -3.3140619695186615 -20.500000000000004 58.10956174135208
      vertex -3.162219390273094 -21.300000000000004 58.51480746269226
      vertex -3.162219390273094 -20.500000000000004 58.51480746269226
    endloop
  endfacet
  facet normal -0.9137343274390044 0 0.40631216922409585
    outer loop
      vertex -3.162219390273094 -20.500000000000004 58.51480746269226
      vertex -3.103829972445965 -21.300000000000004 58.64611639082432
      vertex -3.103829972445965 -20.500000000000004 58.64611639082432
    endloop
  endfacet
  facet normal -0.8877659289621479 0 0.4602951828707036
    outer loop
      vertex -3.103829972445965 -20.500000000000004 58.64611639082432
      vertex -2.888567268848419 -21.300000000000004 59.0612910464406
      vertex -2.888567268848419 -20.500000000000004 59.0612910464406
    endloop
  endfacet
  facet normal -0.8628977972563581 0 0.5053784636192219
    outer loop
      vertex -2.888567268848419 -20.500000000000004 59.0612910464406
      vertex -2.8261387571692467 -21.300000000000004 59.16788329184055
      vertex -2.8261387571692467 -20.500000000000004 59.16788329184055
    endloop
  endfacet
  facet normal 0.9364237766021044 0 -0.35087107406318385
    outer loop
      vertex -2.190353438258171 -20.500000000000004 57.688516452908516
      vertex -2.0385108590126038 -20.500000000000004 58.093762174248695
      vertex -2.0385108590126038 -21.300000000000004 58.093762174248695
    endloop
  endfacet
  facet normal 0.8877659289621479 0 -0.4602951828707036
    outer loop
      vertex -2.0385108590126038 -20.500000000000004 58.093762174248695
      vertex -1.8232481554150581 -20.500000000000004 58.50893682986498
      vertex -1.8232481554150581 -21.300000000000004 58.50893682986498
    endloop
  endfacet
  facet normal -0.8357421689398625 0 0.5491220511468231
    outer loop
      vertex -2.8261387571692467 -20.500000000000004 59.16788329184055
      vertex -2.549814373254776 -21.300000000000004 59.588438138365746
      vertex -2.549814373254776 -20.500000000000004 59.588438138365746
    endloop
  endfacet
  facet normal -0.8103395987215745 0 0.5859605231956821
    outer loop
      vertex -2.549814373254776 -20.500000000000004 59.588438138365746
      vertex -2.486901082098484 -21.300000000000004 59.67544251680374
      vertex -2.486901082098484 -20.500000000000004 59.67544251680374
    endloop
  endfacet
  facet normal 0.5664062360209781 0 -0.8241261892432179
    outer loop
      vertex -3.501497156918049 -20.500000000000004 60.74464878439903
      vertex -2.2351556792855263 -20.500000000000004 61.61498116701841
      vertex -3.501497156918049 -21.300000000000004 60.74464878439903
    endloop
  endfacet
  facet normal -0.783314426211995 0 0.621625699024882
    outer loop
      vertex -2.486901082098484 -20.500000000000004 59.67544251680374
      vertex -2.152542494237423 -21.300000000000004 60.096769861876965
      vertex -2.152542494237423 -20.500000000000004 60.096769861876965
    endloop
  endfacet
  facet normal -0.7581780414462617 0 0.6520475883466719
    outer loop
      vertex -2.152542494237423 -20.500000000000004 60.096769861876965
      vertex -2.0907983258366585 -21.300000000000004 60.168563812971115
      vertex -2.0907983258366585 -20.500000000000004 60.168563812971115
    endloop
  endfacet
  facet normal 0.522498556966215 0 -0.8526401691031351
    outer loop
      vertex -2.2351556792855263 -20.500000000000004 61.61498116701841
      vertex -1.4794060811400414 -20.500000000000004 62.078105106949806
      vertex -2.2351556792855263 -21.300000000000004 61.61498116701841
    endloop
  endfacet
  facet normal -0.5664062374567599 -4.324249639983231e-17 0.8241261882564324
    outer loop
      vertex -4.265617981553078 -20.500000000000004 61.79637087881565
      vertex -2.9431864246726036 -21.300000000000004 62.70525290817022
      vertex -2.9431864246726036 -20.500000000000004 62.70525290817022
    endloop
  endfacet
  facet normal -0.5224985563688924 0 0.8526401694691749
    outer loop
      vertex -2.9431864246726036 -20.500000000000004 62.70525290817022
      vertex -2.1294060796499252 -21.300000000000004 63.20393813401461
      vertex -2.1294060796499252 -20.500000000000004 63.20393813401461
    endloop
  endfacet
  facet normal -0.866025404755153 -2.9167548874653254e-17 -0.4999999983186734
    outer loop
      vertex -2.1294060796499252 -20.500000000000004 63.20393813401461
      vertex -3.3188947662711143 -21.300000000000004 65.26419298350811
      vertex -3.3188947662711143 -20.500000000000004 65.26419298350811
    endloop
  endfacet
  facet normal -0.3214394657332937 0 0.9469301293490955
    outer loop
      vertex -3.3188947662711143 -20.500000000000004 65.26419298350811
      vertex -2.3558285385370255 -21.300000000000004 65.5911099165678
      vertex -2.3558285385370255 -20.500000000000004 65.5911099165678
    endloop
  endfacet
  facet normal -0.19509030117147802 0 0.9807852845494889
    outer loop
      vertex -2.3558285385370255 -20.500000000000004 65.5911099165678
      vertex -2.0425116270780563 -21.300000000000004 65.65343251824379
      vertex -2.0425116270780563 -20.500000000000004 65.65343251824379
    endloop
  endfacet
  facet normal 0.8357421689398625 0 -0.5491220511468231
    outer loop
      vertex -1.8232481554150581 -20.500000000000004 58.50893682986498
      vertex -1.5469237715005875 -20.500000000000004 58.92949167639017
      vertex -1.5469237715005875 -21.300000000000004 58.92949167639017
    endloop
  endfacet
  facet normal 0.783314426211995 0 -0.621625699024882
    outer loop
      vertex -1.5469237715005875 -20.500000000000004 58.92949167639017
      vertex -1.2125651836395264 -20.500000000000004 59.350819021463394
      vertex -1.2125651836395264 -21.300000000000004 59.350819021463394
    endloop
  endfacet
  facet normal 0.7318609541492263 0 -0.6814539924248622
    outer loop
      vertex -1.2125651836395264 -20.500000000000004 59.350819021463394
      vertex -0.8238356932997704 -20.500000000000004 59.76830272376537
      vertex -0.8238356932997704 -21.300000000000004 59.76830272376537
    endloop
  endfacet
  facet normal -0.7318609541492263 0 0.6814539924248622
    outer loop
      vertex -2.0907983258366585 -20.500000000000004 60.168563812971115
      vertex -1.7020688354969025 -21.300000000000004 60.586047515273094
      vertex -1.7020688354969025 -20.500000000000004 60.586047515273094
    endloop
  endfacet
  facet normal -0.7073007752329138 0 0.7069127339034988
    outer loop
      vertex -1.7020688354969025 -20.500000000000004 60.586047515273094
      vertex -1.6420623138546944 -21.300000000000004 60.64608697593212
      vertex -1.6420623138546944 -20.500000000000004 60.64608697593212
    endloop
  endfacet
  facet normal -0.6818555181547918 0 0.7314868777783101
    outer loop
      vertex -1.6420623138546944 -20.500000000000004 60.64608697593212
      vertex -1.2032209187746048 -21.300000000000004 61.055152997374535
      vertex -1.2032209187746048 -20.500000000000004 61.055152997374535
    endloop
  endfacet
  facet normal -0.6579116994328547 0 0.7530950774964428
    outer loop
      vertex -1.2032209187746048 -20.500000000000004 61.055152997374535
      vertex -1.1449344232678413 -21.300000000000004 61.106072686612606
      vertex -1.1449344232678413 -20.500000000000004 61.106072686612606
    endloop
  endfacet
  facet normal -0.8660254009642819 0 -0.5000000048846547
    outer loop
      vertex -0.9909502863883972 -20.500000000000004 61.2320748642087
      vertex -1.4794060811400414 -21.300000000000004 62.078105106949806
      vertex -1.4794060811400414 -20.500000000000004 62.078105106949806
    endloop
  endfacet
  facet normal 0.6818555181547918 0 -0.7314868777783101
    outer loop
      vertex -0.8238356932997704 -20.500000000000004 59.76830272376537
      vertex -0.3849942982196808 -20.500000000000004 60.17736874520779
      vertex -0.3849942982196808 -21.300000000000004 60.17736874520779
    endloop
  endfacet
  facet normal -0.6332834194606383 0 0.7739199639731754
    outer loop
      vertex -1.1449344232678413 -20.500000000000004 61.106072686612606
      vertex -0.9909502863883972 -21.300000000000004 61.2320748642087
      vertex -0.9909502863883972 -20.500000000000004 61.2320748642087
    endloop
  endfacet
  facet normal 0.6332834388717836 0 -0.7739199480894182
    outer loop
      vertex -0.3849942982196808 -20.500000000000004 60.17736874520779
      vertex 0.09915095567703247 -20.500000000000004 60.57353526353836
      vertex 0.09915095567703247 -21.300000000000004 60.57353526353836
    endloop
  endfacet
  facet normal 0.5858741474286943 0 -0.8104020504507009
    outer loop
      vertex 0.09915095567703247 -20.500000000000004 60.57353526353836
      vertex 0.6232956796884537 -20.500000000000004 60.952461801469326
      vertex 0.6232956796884537 -21.300000000000004 60.952461801469326
    endloop
  endfacet
  facet normal 0.5392226933850457 0 -0.842163218704413
    outer loop
      vertex 0.6232956796884537 -20.500000000000004 60.952461801469326
      vertex 1.1816972270607948 -20.500000000000004 61.309996753931046
      vertex 1.1816972270607948 -21.300000000000004 61.309996753931046
    endloop
  endfacet
  facet normal 0.8660254030876413 -6.678829856523471e-17 0.5000000012068884
    outer loop
      vertex -2.0425116270780563 -20.500000000000004 65.65343251824379
      vertex -1.0035730600357056 -21.300000000000004 63.85393813997507
      vertex -1.0035730600357056 -20.500000000000004 63.85393813997507
    endloop
  endfacet
  facet normal -0.4771587624914077 0 0.878817111450197
    outer loop
      vertex -1.0035730600357056 -20.500000000000004 63.85393813997507
      vertex -0.16480881720781326 -21.300000000000004 64.30934996902943
      vertex -0.16480881720781326 -20.500000000000004 64.30934996902943
    endloop
  endfacet
  facet normal 0.8660254036585207 0 0.5000000002180963
    outer loop
      vertex -0.3535730540752411 -20.500000000000004 62.72810511291027
      vertex 0.05792626738548279 -21.300000000000004 62.0153673812747
      vertex 0.05792626738548279 -20.500000000000004 62.0153673812747
    endloop
  endfacet
  facet normal 0.4771587669413462 0 -0.8788171090340777
    outer loop
      vertex -0.3535730540752411 -20.500000000000004 62.72810511291027
      vertex 0.42537882924079895 -20.500000000000004 63.151041485369205
      vertex -0.3535730540752411 -21.300000000000004 62.72810511291027
    endloop
  endfacet
  facet normal -0.5392226964905129 0 0.8421632167160356
    outer loop
      vertex 0.05792626738548279 -20.500000000000004 62.0153673812747
      vertex 0.5346299931406975 -21.300000000000004 62.3205926194787
      vertex 0.5346299931406975 -20.500000000000004 62.3205926194787
    endloop
  endfacet
  facet normal -0.5162243908889866 0 0.856453371907248
    outer loop
      vertex 0.5346299931406975 -20.500000000000004 62.3205926194787
      vertex 0.5902798920869827 -21.300000000000004 62.354135408997536
      vertex 0.5902798920869827 -20.500000000000004 62.354135408997536
    endloop
  endfacet
  facet normal -0.4928477799336172 0 0.870115547392704
    outer loop
      vertex 0.5902798920869827 -20.500000000000004 62.354135408997536
      vertex 1.1768203005194664 -21.300000000000004 62.68636155873537
      vertex 1.1768203005194664 -20.500000000000004 62.68636155873537
    endloop
  endfacet
  facet normal -0.4696947349216487 0 0.8828288939465462
    outer loop
      vertex 1.1768203005194664 -20.500000000000004 62.68636155873537
      vertex 1.2327809780836105 -21.300000000000004 62.716134525835514
      vertex 1.2327809780836105 -20.500000000000004 62.716134525835514
    endloop
  endfacet
  facet normal 0.4305110955700008 0 -0.9025852849404967
    outer loop
      vertex 0.42537882924079895 -20.500000000000004 63.151041485369205
      vertex 1.8122795224189758 -20.500000000000004 63.81255917996168
      vertex 0.42537882924079895 -21.300000000000004 63.151041485369205
    endloop
  endfacet
  facet normal -0.43051109624222184 0 0.9025852846198638
    outer loop
      vertex -0.16480881720781326 -20.500000000000004 64.30934996902943
      vertex 1.2835218906402588 -21.300000000000004 65.00016827881336
      vertex 1.2835218906402588 -20.500000000000004 65.00016827881336
    endloop
  endfacet
  facet normal 0 1 0
    outer loop
      vertex 1.4604605957865715 -20.500000000000004 53.80398127436638
      vertex 1.3985491245985031 -20.500000000000004 55.00238311290741
      vertex 1.5450249388813972 -20.500000000000004 53.81135631352663
    endloop
  endfacet
  facet normal 0 1 0
    outer loop
      vertex 1.5450249388813972 -20.500000000000004 53.81135631352663
      vertex 1.3985491245985031 -20.500000000000004 55.00238311290741
      vertex 1.9939936846494675 -20.500000000000004 55.07561255246401
    endloop
  endfacet
  facet normal 0 1 0
    outer loop
      vertex 1.5450249388813972 -20.500000000000004 53.81135631352663
      vertex 1.9939936846494675 -20.500000000000004 55.07561255246401
      vertex 2.1404694989323616 -20.500000000000004 53.88458575308323
    endloop
  endfacet
  facet normal 0 1 0
    outer loop
      vertex 1.9939936846494675 -20.500000000000004 55.07561255246401
      vertex 2.2169420793652534 -20.500000000000004 53.89650525897741
      vertex 2.1404694989323616 -20.500000000000004 53.88458575308323
    endloop
  endfacet
  facet normal 0 1 0
    outer loop
      vertex 1.9939936846494675 -20.500000000000004 55.07561255246401
      vertex 2.831625811755657 -20.500000000000004 54.01273111253977
      vertex 2.2169420793652534 -20.500000000000004 53.89650525897741
    endloop
  endfacet
  facet normal 0 1 0
    outer loop
      vertex 2.608677417039871 -20.500000000000004 55.19183840602636
      vertex 2.90173102915287 -20.500000000000004 54.028171963989735
      vertex 2.831625811755657 -20.500000000000004 54.01273111253977
    endloop
  endfacet
  facet normal 0 1 0
    outer loop
      vertex 1.9939936846494675 -20.500000000000004 55.07561255246401
      vertex 2.608677417039871 -20.500000000000004 55.19183840602636
      vertex 2.831625811755657 -20.500000000000004 54.01273111253977
    endloop
  endfacet
  facet normal 0 1 0
    outer loop
      vertex 2.608677417039871 -20.500000000000004 55.19183840602636
      vertex 3.134396009147167 -20.500000000000004 54.086765475571156
      vertex 2.90173102915287 -20.500000000000004 54.028171963989735
    endloop
  endfacet
  facet normal 0 1 0
    outer loop
      vertex 2.608677417039871 -20.500000000000004 55.19183840602636
      vertex 3.2358657121658325 -20.500000000000004 55.34978727251291
      vertex 3.134396009147167 -20.500000000000004 54.086765475571156
    endloop
  endfacet
  facet normal 0 1 0
    outer loop
      vertex 3.134396009147167 -20.500000000000004 54.086765475571156
      vertex 3.2358657121658325 -20.500000000000004 55.34978727251291
      vertex 3.8686869740486145 -20.500000000000004 55.54772863537073
    endloop
  endfacet
  facet normal 0 1 0
    outer loop
      vertex 3.134396009147167 -20.500000000000004 54.086765475571156
      vertex 3.8686869740486145 -20.500000000000004 55.54772863537073
      vertex 3.87153689989981 -20.500000000000004 52.81
    endloop
  endfacet
  facet normal 0 1 0
    outer loop
      vertex 3.8686869740486145 -20.500000000000004 55.54772863537073
      vertex 4.41400683671236 -20.500000000000004 54.47041451185942
      vertex 3.87153689989981 -20.500000000000004 52.81
    endloop
  endfacet
  facet normal 0 1 0
    outer loop
      vertex 3.8686869740486145 -20.500000000000004 55.54772863537073
      vertex 4.500207878649235 -20.500000000000004 55.78349380940199
      vertex 4.41400683671236 -20.500000000000004 54.47041451185942
    endloop
  endfacet
  facet normal 0 1 0
    outer loop
      vertex 4.41400683671236 -20.500000000000004 54.47041451185942
      vertex 5.372647601671945 -20.500000000000004 52.81
      vertex 3.87153689989981 -20.500000000000004 52.81
    endloop
  endfacet
  facet normal 0 1 0
    outer loop
      vertex 4.41400683671236 -20.500000000000004 54.47041451185942
      vertex 4.500207878649235 -20.500000000000004 55.78349380940199
      vertex 4.91990876942873 -20.500000000000004 54.659282460808754
    endloop
  endfacet
  facet normal 0 1 0
    outer loop
      vertex 4.91990876942873 -20.500000000000004 54.659282460808754
      vertex 4.500207878649235 -20.500000000000004 55.78349380940199
      vertex 4.97868700325489 -20.500000000000004 54.68301312625408
    endloop
  endfacet
  facet normal 0 1 0
    outer loop
      vertex 4.97868700325489 -20.500000000000004 54.68301312625408
      vertex 4.500207878649235 -20.500000000000004 55.78349380940199
      vertex 5.123509347438812 -20.500000000000004 56.05449969321489
    endloop
  endfacet
  facet normal 0 1 0
    outer loop
      vertex 4.97868700325489 -20.500000000000004 54.68301312625408
      vertex 5.123509347438812 -20.500000000000004 56.05449969321489
      vertex 5.601988472044468 -20.500000000000004 54.954019010066986
    endloop
  endfacet
  facet normal 0 1 0
    outer loop
      vertex 5.601988472044468 -20.500000000000004 54.954019010066986
      vertex 5.123509347438812 -20.500000000000004 56.05449969321489
      vertex 5.65896600484848 -20.500000000000004 54.98058807104826
    endloop
  endfacet
  facet normal 0 1 0
    outer loop
      vertex 5.65896600484848 -20.500000000000004 54.98058807104826
      vertex 5.123509347438812 -20.500000000000004 56.05449969321489
      vertex 6.2672190219163895 -20.500000000000004 55.283865474164486
    endloop
  endfacet
  facet normal 0 1 0
    outer loop
      vertex 5.123509347438812 -20.500000000000004 56.05449969321489
      vertex 5.7317623645067215 -20.500000000000004 56.35777709633112
      vertex 6.2672190219163895 -20.500000000000004 55.283865474164486
    endloop
  endfacet
  facet normal 0 1 0
    outer loop
      vertex 5.7317623645067215 -20.500000000000004 56.35777709633112
      vertex 6.323179699480534 -20.500000000000004 55.31363844126463
      vertex 6.2672190219163895 -20.500000000000004 55.283865474164486
    endloop
  endfacet
  facet normal 0 1 0
    outer loop
      vertex 5.7317623645067215 -20.500000000000004 56.35777709633112
      vertex 6.318302772939205 -20.500000000000004 56.690003246068954
      vertex 6.323179699480534 -20.500000000000004 55.31363844126463
    endloop
  endfacet
  facet normal 0 1 0
    outer loop
      vertex 6.323179699480534 -20.500000000000004 55.31363844126463
      vertex 6.318302772939205 -20.500000000000004 56.690003246068954
      vertex 6.909720107913017 -20.500000000000004 55.645864591002464
    endloop
  endfacet
  facet normal 0 1 0
    outer loop
      vertex 6.909720107913017 -20.500000000000004 55.645864591002464
      vertex 6.318302772939205 -20.500000000000004 56.690003246068954
      vertex 6.9653700068593025 -20.500000000000004 55.6794073805213
    endloop
  endfacet
  facet normal 0 1 0
    outer loop
      vertex 6.9653700068593025 -20.500000000000004 55.6794073805213
      vertex 6.318302772939205 -20.500000000000004 56.690003246068954
      vertex 7.523771554231644 -20.500000000000004 56.03694233298302
    endloop
  endfacet
  facet normal 0 1 0
    outer loop
      vertex 6.318302772939205 -20.500000000000004 56.690003246068954
      vertex 6.876704320311546 -20.500000000000004 57.047538198530674
      vertex 7.523771554231644 -20.500000000000004 56.03694233298302
    endloop
  endfacet
  facet normal 0 1 0
    outer loop
      vertex 6.876704320311546 -20.500000000000004 57.047538198530674
      vertex 7.579753294587135 -20.500000000000004 56.07505574077368
      vertex 7.523771554231644 -20.500000000000004 56.03694233298302
    endloop
  endfacet
  facet normal 0 1 0
    outer loop
      vertex 6.876704320311546 -20.500000000000004 57.047538198530674
      vertex 7.4008490443229675 -20.500000000000004 57.42646473646164
      vertex 8.103898018598557 -20.500000000000004 56.45398227870464
    endloop
  endfacet
  facet normal 0 1 0
    outer loop
      vertex 1.1816972270607948 -20.500000000000004 61.309996753931046
      vertex 1.1768203005194664 -20.500000000000004 62.68636155873537
      vertex 1.7682376354932785 -20.500000000000004 61.64222290366888
    endloop
  endfacet
  facet normal 0 1 0
    outer loop
      vertex 1.1768203005194664 -20.500000000000004 62.68636155873537
      vertex 1.2327809780836105 -20.500000000000004 62.716134525835514
      vertex 1.7682376354932785 -20.500000000000004 61.64222290366888
    endloop
  endfacet
  facet normal 0 1 0
    outer loop
      vertex 1.2327809780836105 -20.500000000000004 62.716134525835514
      vertex 2.3764906525611877 -20.500000000000004 61.94550030678511
      vertex 1.7682376354932785 -20.500000000000004 61.64222290366888
    endloop
  endfacet
  facet normal 0 1 0
    outer loop
      vertex 1.2327809780836105 -20.500000000000004 62.716134525835514
      vertex 1.8410339951515198 -20.500000000000004 63.01941192895174
      vertex 2.3764906525611877 -20.500000000000004 61.94550030678511
    endloop
  endfacet
  facet normal 0 1 0
    outer loop
      vertex 1.8410339951515198 -20.500000000000004 63.01941192895174
      vertex 1.898011527955532 -20.500000000000004 63.045980989933014
      vertex 2.3764906525611877 -20.500000000000004 61.94550030678511
    endloop
  endfacet
  facet normal 0 1 0
    outer loop
      vertex 1.898011527955532 -20.500000000000004 63.045980989933014
      vertex 2.5213129967451096 -20.500000000000004 63.31698687374592
      vertex 2.3764906525611877 -20.500000000000004 61.94550030678511
    endloop
  endfacet
  facet normal 0 1 0
    outer loop
      vertex 2.3764906525611877 -20.500000000000004 61.94550030678511
      vertex 2.5213129967451096 -20.500000000000004 63.31698687374592
      vertex 2.9997921213507652 -20.500000000000004 62.21650619059801
    endloop
  endfacet
  facet normal 0 1 0
    outer loop
      vertex 2.5213129967451096 -20.500000000000004 63.31698687374592
      vertex 2.58009123057127 -20.500000000000004 63.340717539191246
      vertex 2.9997921213507652 -20.500000000000004 62.21650619059801
    endloop
  endfacet
  facet normal 0 1 0
    outer loop
      vertex 1.8122795224189758 -20.500000000000004 63.81255917996168
      vertex 1.2835218906402588 -20.500000000000004 65.00016827881336
      vertex 2.7660223469138145 -20.500000000000004 65.6142400726676
    endloop
  endfacet
  facet normal 0 1 0
    outer loop
      vertex 1.8122795224189758 -20.500000000000004 63.81255917996168
      vertex 2.7660223469138145 -20.500000000000004 65.6142400726676
      vertex 3.2319006845355034 -20.500000000000004 64.40058551728725
    endloop
  endfacet
  facet normal 0 1 0
    outer loop
      vertex 2.9997921213507652 -20.500000000000004 62.21650619059801
      vertex 3.2116121351718903 -20.500000000000004 63.576482713222504
      vertex 3.6313130259513855 -20.500000000000004 62.45227136462927
    endloop
  endfacet
  facet normal 0 1 0
    outer loop
      vertex 2.58009123057127 -20.500000000000004 63.340717539191246
      vertex 3.2116121351718903 -20.500000000000004 63.576482713222504
      vertex 2.9997921213507652 -20.500000000000004 62.21650619059801
    endloop
  endfacet
  facet normal 0 1 0
    outer loop
      vertex 3.2116121351718903 -20.500000000000004 63.576482713222504
      vertex 3.2730784863233566 -20.500000000000004 63.59755212068558
      vertex 3.6313130259513855 -20.500000000000004 62.45227136462927
    endloop
  endfacet
  facet normal 0 1 0
    outer loop
      vertex 3.2730784863233566 -20.500000000000004 63.59755212068558
      vertex 4.2641342878341675 -20.500000000000004 62.65021272748709
      vertex 3.6313130259513855 -20.500000000000004 62.45227136462927
    endloop
  endfacet
  facet normal 0 1 0
    outer loop
      vertex 3.2730784863233566 -20.500000000000004 63.59755212068558
      vertex 3.9058997482061386 -20.500000000000004 63.795493483543396
      vertex 4.2641342878341675 -20.500000000000004 62.65021272748709
    endloop
  endfacet
  facet normal 0 1 0
    outer loop
      vertex 4.2641342878341675 -20.500000000000004 62.65021272748709
      vertex 3.9058997482061386 -20.500000000000004 63.795493483543396
      vertex 3.9710806757211685 -20.500000000000004 63.813879169523716
    endloop
  endfacet
  facet normal 0 1 0
    outer loop
      vertex 2.7660223469138145 -20.500000000000004 65.6142400726676
      vertex 3.855374775826931 -20.500000000000004 66
      vertex 3.2319006845355034 -20.500000000000004 64.40058551728725
    endloop
  endfacet
  facet normal 0 1 0
    outer loop
      vertex 3.2319006845355034 -20.500000000000004 64.40058551728725
      vertex 3.855374775826931 -20.500000000000004 66
      vertex 4.680351212620735 -20.500000000000004 64.9135087504983
    endloop
  endfacet
  facet normal 0 1 0
    outer loop
      vertex 4.2641342878341675 -20.500000000000004 62.65021272748709
      vertex 3.9710806757211685 -20.500000000000004 63.813879169523716
      vertex 4.891322582960129 -20.500000000000004 62.80816159397364
    endloop
  endfacet
  facet normal 0 1 0
    outer loop
      vertex 3.9710806757211685 -20.500000000000004 63.813879169523716
      vertex 4.59826897084713 -20.500000000000004 63.971828036010265
      vertex 4.891322582960129 -20.500000000000004 62.80816159397364
    endloop
  endfacet
  facet normal 0 1 0
    outer loop
      vertex 4.891322582960129 -20.500000000000004 62.80816159397364
      vertex 4.59826897084713 -20.500000000000004 63.971828036010265
      vertex 4.668374188244343 -20.500000000000004 63.98726888746023
    endloop
  endfacet
  facet normal 0 1 0
    outer loop
      vertex 4.891322582960129 -20.500000000000004 62.80816159397364
      vertex 4.668374188244343 -20.500000000000004 63.98726888746023
      vertex 5.5060063153505325 -20.500000000000004 62.92438744753599
    endloop
  endfacet
  facet normal 0 1 0
    outer loop
      vertex 5.5060063153505325 -20.500000000000004 62.92438744753599
      vertex 4.668374188244343 -20.500000000000004 63.98726888746023
      vertex 5.2830579206347466 -20.500000000000004 64.10349474102259
    endloop
  endfacet
  facet normal 0 1 0
    outer loop
      vertex 5.5060063153505325 -20.500000000000004 62.92438744753599
      vertex 5.2830579206347466 -20.500000000000004 64.10349474102259
      vertex 5.359530501067638 -20.500000000000004 64.11541424691677
    endloop
  endfacet
  facet normal 0 1 0
    outer loop
      vertex 5.5060063153505325 -20.500000000000004 62.92438744753599
      vertex 5.954975061118603 -20.500000000000004 64.18864368647337
      vertex 6.101450875401497 -20.500000000000004 62.99761688709259
    endloop
  endfacet
  facet normal 0 1 0
    outer loop
      vertex 5.5060063153505325 -20.500000000000004 62.92438744753599
      vertex 5.359530501067638 -20.500000000000004 64.11541424691677
      vertex 5.954975061118603 -20.500000000000004 64.18864368647337
    endloop
  endfacet
  facet normal 0 1 0
    outer loop
      vertex 3.855374775826931 -20.500000000000004 66
      vertex 6.153661027550697 -20.500000000000004 65.34992299973965
      vertex 4.680351212620735 -20.500000000000004 64.9135087504983
    endloop
  endfacet
  facet normal 0 1 0
    outer loop
      vertex 3.855374775826931 -20.500000000000004 66
      vertex 7.647791877388954 -20.500000000000004 65.70863208174706
      vertex 6.153661027550697 -20.500000000000004 65.34992299973965
    endloop
  endfacet
  facet normal 0 1 0
    outer loop
      vertex 6.101450875401497 -20.500000000000004 62.99761688709259
      vertex 6.0395394042134285 -20.500000000000004 64.19601872563362
      vertex 6.671132445335388 -20.500000000000004 63.02704760432243
    endloop
  endfacet
  facet normal 0 1 0
    outer loop
      vertex 6.101450875401497 -20.500000000000004 62.99761688709259
      vertex 5.954975061118603 -20.500000000000004 64.18864368647337
      vertex 6.0395394042134285 -20.500000000000004 64.19601872563362
    endloop
  endfacet
  facet normal 0 1 0
    outer loop
      vertex 6.671132445335388 -20.500000000000004 63.02704760432243
      vertex 6.0395394042134285 -20.500000000000004 64.19601872563362
      vertex 6.60922097414732 -20.500000000000004 64.22544944286346
    endloop
  endfacet
  facet normal 0 1 0
    outer loop
      vertex 6.671132445335388 -20.500000000000004 63.02704760432243
      vertex 6.60922097414732 -20.500000000000004 64.22544944286346
      vertex 6.703906737267971 -20.500000000000004 64.22659995406866
    endloop
  endfacet
  facet normal 0 1 0
    outer loop
      vertex 6.671132445335388 -20.500000000000004 63.02704760432243
      vertex 6.703906737267971 -20.500000000000004 64.22659995406866
      vertex 7.208809480071068 -20.500000000000004 63.012357138097286
    endloop
  endfacet
  facet normal 0 1 0
    outer loop
      vertex 7.208809480071068 -20.500000000000004 63.012357138097286
      vertex 6.703906737267971 -20.500000000000004 64.22659995406866
      vertex 7.241583772003651 -20.500000000000004 64.21190948784351
    endloop
  endfacet
  facet normal 0 1 0
    outer loop
      vertex 7.208809480071068 -20.500000000000004 63.012357138097286
      vertex 7.241583772003651 -20.500000000000004 64.21190948784351
      vertex 7.348672844469547 -20.500000000000004 64.20417853444815
    endloop
  endfacet
  facet normal 0 1 0
    outer loop
      vertex 7.208809480071068 -20.500000000000004 63.012357138097286
      vertex 7.348672844469547 -20.500000000000004 64.20417853444815
      vertex 7.848454438149929 -20.500000000000004 64.1455278545618
    endloop
  endfacet
  facet normal 0 1 0
    outer loop
      vertex 3.855374775826931 -20.500000000000004 66
      vertex 9.158648453652859 -20.500000000000004 65.98865279555321
      vertex 7.647791877388954 -20.500000000000004 65.70863208174706
    endloop
  endfacet
  facet normal 0 1 0
    outer loop
      vertex 3.855374775826931 -20.500000000000004 66
      vertex 9.244839027523994 -20.500000000000004 66
      vertex 9.158648453652859 -20.500000000000004 65.98865279555321
    endloop
  endfacet
  facet normal 0 1 0
    outer loop
      vertex 6.876704320311546 -20.500000000000004 57.047538198530674
      vertex 8.103898018598557 -20.500000000000004 56.45398227870464
      vertex 7.579753294587135 -20.500000000000004 56.07505574077368
    endloop
  endfacet
  facet normal 0 1 0
    outer loop
      vertex 7.4008490443229675 -20.500000000000004 57.42646473646164
      vertex 8.160789169371128 -20.500000000000004 56.49776079505682
      vertex 8.103898018598557 -20.500000000000004 56.45398227870464
    endloop
  endfacet
  facet normal 0 1 0
    outer loop
      vertex 7.4008490443229675 -20.500000000000004 57.42646473646164
      vertex 8.644934423267841 -20.500000000000004 56.893927313387394
      vertex 8.160789169371128 -20.500000000000004 56.49776079505682
    endloop
  endfacet
  facet normal 0 1 0
    outer loop
      vertex 7.4008490443229675 -20.500000000000004 57.42646473646164
      vertex 7.884994298219681 -20.500000000000004 57.82263125479221
      vertex 8.644934423267841 -20.500000000000004 56.893927313387394
    endloop
  endfacet
  facet normal 0 1 0
    outer loop
      vertex 8.644934423267841 -20.500000000000004 56.893927313387394
      vertex 7.884994298219681 -20.500000000000004 57.82263125479221
      vertex 8.703220918774605 -20.500000000000004 56.944847002625465
    endloop
  endfacet
  facet normal 0 1 0
    outer loop
      vertex 8.703220918774605 -20.500000000000004 56.944847002625465
      vertex 7.884994298219681 -20.500000000000004 57.82263125479221
      vertex 9.142062313854694 -20.500000000000004 57.35391302406788
    endloop
  endfacet
  facet normal 0 1 0
    outer loop
      vertex 9.142062313854694 -20.500000000000004 57.35391302406788
      vertex 7.884994298219681 -20.500000000000004 57.82263125479221
      vertex 9.202068835496902 -20.500000000000004 57.413952484726906
    endloop
  endfacet
  facet normal 0 1 0
    outer loop
      vertex 9.202068835496902 -20.500000000000004 57.413952484726906
      vertex 7.884994298219681 -20.500000000000004 57.82263125479221
      vertex 9.590798325836658 -20.500000000000004 57.831436187028885
    endloop
  endfacet
  facet normal 0 1 0
    outer loop
      vertex 13.100000008940697 -20.500000000000004 58.332979150116444
      vertex 14.399999998509884 -20.500000000000004 58.332979150116444
      vertex 13.100000008940697 -20.500000000000004 52.81
    endloop
  endfacet
  facet normal 0 1 0
    outer loop
      vertex 7.884994298219681 -20.500000000000004 57.82263125479221
      vertex 9.652542494237423 -20.500000000000004 57.903230138123035
      vertex 9.590798325836658 -20.500000000000004 57.831436187028885
    endloop
  endfacet
  facet normal 0 1 0
    outer loop
      vertex 7.884994298219681 -20.500000000000004 57.82263125479221
      vertex 9.693022400140762 -20.500000000000004 57.9542391076684
      vertex 9.652542494237423 -20.500000000000004 57.903230138123035
    endloop
  endfacet
  facet normal 0 1 0
    outer loop
      vertex 7.884994298219681 -20.500000000000004 57.82263125479221
      vertex 10.41012416779995 -20.500000000000004 58.08714607357979
      vertex 9.693022400140762 -20.500000000000004 57.9542391076684
    endloop
  endfacet
  facet normal 0 1 0
    outer loop
      vertex 7.884994298219681 -20.500000000000004 57.82263125479221
      vertex 8.32383569329977 -20.500000000000004 58.23169727623463
      vertex 11.38243030756712 -20.500000000000004 59.52592092752457
    endloop
  endfacet
  facet normal 0 1 0
    outer loop
      vertex 8.32383569329977 -20.500000000000004 58.23169727623463
      vertex 8.712565183639526 -20.500000000000004 58.649180978536606
      vertex 10.636671833693981 -20.500000000000004 59.42773995548487
    endloop
  endfacet
  facet normal 0 1 0
    outer loop
      vertex 8.712565183639526 -20.500000000000004 58.649180978536606
      vertex 9.046923771500587 -20.500000000000004 59.07050832360983
      vertex 10.636671833693981 -20.500000000000004 59.42773995548487
    endloop
  endfacet
  facet normal 0 1 0
    outer loop
      vertex 9.046923771500587 -20.500000000000004 59.07050832360983
      vertex 9.323248155415058 -20.500000000000004 59.49106317013502
      vertex 10.636671833693981 -20.500000000000004 59.42773995548487
    endloop
  endfacet
  facet normal 0 1 0
    outer loop
      vertex 9.323248155415058 -20.500000000000004 59.49106317013502
      vertex 9.538510859012604 -20.500000000000004 59.906237825751305
      vertex 10.636671833693981 -20.500000000000004 59.42773995548487
    endloop
  endfacet
  facet normal 0 1 0
    outer loop
      vertex 7.884994298219681 -20.500000000000004 57.82263125479221
      vertex 12.564590588212013 -20.500000000000004 59.618958964943886
      vertex 10.41012416779995 -20.500000000000004 58.08714607357979
    endloop
  endfacet
  facet normal 0 1 0
    outer loop
      vertex 8.32383569329977 -20.500000000000004 58.23169727623463
      vertex 10.636671833693981 -20.500000000000004 59.42773995548487
      vertex 11.38243030756712 -20.500000000000004 59.52592092752457
    endloop
  endfacet
  facet normal 0 1 0
    outer loop
      vertex 7.884994298219681 -20.500000000000004 57.82263125479221
      vertex 11.38243030756712 -20.500000000000004 59.52592092752457
      vertex 12.564590588212013 -20.500000000000004 59.618958964943886
    endloop
  endfacet
  facet normal 0 1 0
    outer loop
      vertex 9.538510859012604 -20.500000000000004 59.906237825751305
      vertex 10.662219390273094 -20.500000000000004 59.48519253730774
      vertex 10.636671833693981 -20.500000000000004 59.42773995548487
    endloop
  endfacet
  facet normal 0 1 0
    outer loop
      vertex 9.538510859012604 -20.500000000000004 59.906237825751305
      vertex 9.690353438258171 -20.500000000000004 60.311483547091484
      vertex 10.662219390273094 -20.500000000000004 59.48519253730774
    endloop
  endfacet
  facet normal 0 1 0
    outer loop
      vertex 9.690353438258171 -20.500000000000004 60.311483547091484
      vertex 9.777112253010273 -20.500000000000004 60.70236038416624
      vertex 10.948601871728897 -20.500000000000004 60.44233717024326
    endloop
  endfacet
  facet normal 0 1 0
    outer loop
      vertex 9.690353438258171 -20.500000000000004 60.311483547091484
      vertex 10.814061969518661 -20.500000000000004 59.89043825864792
      vertex 10.662219390273094 -20.500000000000004 59.48519253730774
    endloop
  endfacet
  facet normal 0 1 0
    outer loop
      vertex 9.690353438258171 -20.500000000000004 60.311483547091484
      vertex 10.861843056976795 -20.500000000000004 60.05146033316851
      vertex 10.859405927360058 -20.500000000000004 60.040713757276535
    endloop
  endfacet
  facet normal 0 1 0
    outer loop
      vertex 9.690353438258171 -20.500000000000004 60.311483547091484
      vertex 10.859405927360058 -20.500000000000004 60.040713757276535
      vertex 10.814061969518661 -20.500000000000004 59.89043825864792
    endloop
  endfacet
  facet normal 0 1 0
    outer loop
      vertex 9.690353438258171 -20.500000000000004 60.311483547091484
      vertex 10.948601871728897 -20.500000000000004 60.44233717024326
      vertex 10.861843056976795 -20.500000000000004 60.05146033316851
    endloop
  endfacet
  facet normal 0 1 0
    outer loop
      vertex 9.777112253010273 -20.500000000000004 60.70236038416624
      vertex 10.97251945734024 -20.500000000000004 60.59747178852558
      vertex 10.948601871728897 -20.500000000000004 60.44233717024326
    endloop
  endfacet
  facet normal 0 1 0
    outer loop
      vertex 9.777112253010273 -20.500000000000004 60.70236038416624
      vertex 10.975256584584713 -20.500000000000004 60.635650895535946
      vertex 10.97251945734024 -20.500000000000004 60.59747178852558
    endloop
  endfacet
  facet normal 0 1 0
    outer loop
      vertex 9.777112253010273 -20.500000000000004 60.70236038416624
      vertex 10.995981104671955 -20.500000000000004 61.00787631422281
      vertex 10.975256584584713 -20.500000000000004 60.635650895535946
    endloop
  endfacet
  facet normal 0 1 0
    outer loop
      vertex 9.777112253010273 -20.500000000000004 60.70236038416624
      vertex 9.797836773097515 -20.500000000000004 61.07458580285311
      vertex 10.995981104671955 -20.500000000000004 61.00787631422281
    endloop
  endfacet
  facet normal 0 1 0
    outer loop
      vertex 9.797836773097515 -20.500000000000004 61.07458580285311
      vertex 9.752299919724464 -20.500000000000004 61.42408162355423
      vertex 10.987778894603252 -20.500000000000004 61.229626916348934
    endloop
  endfacet
  facet normal 0 1 0
    outer loop
      vertex 9.641000613570213 -20.500000000000004 61.747018702328205
      vertex 10.88681060820818 -20.500000000000004 61.815087370574474
      vertex 9.752299919724464 -20.500000000000004 61.42408162355423
    endloop
  endfacet
  facet normal 0 1 0
    outer loop
      vertex 9.797836773097515 -20.500000000000004 61.07458580285311
      vertex 10.994438149034977 -20.500000000000004 61.16483624279499
      vertex 10.995981104671955 -20.500000000000004 61.00787631422281
    endloop
  endfacet
  facet normal 0 1 0
    outer loop
      vertex 9.797836773097515 -20.500000000000004 61.07458580285311
      vertex 10.987778894603252 -20.500000000000004 61.229626916348934
      vertex 10.994438149034977 -20.500000000000004 61.16483624279499
    endloop
  endfacet
  facet normal 0 1 0
    outer loop
      vertex 9.752299919724464 -20.500000000000004 61.42408162355423
      vertex 10.942242041230202 -20.500000000000004 61.57912273705006
      vertex 10.987778894603252 -20.500000000000004 61.229626916348934
    endloop
  endfacet
  facet normal 0 1 0
    outer loop
      vertex 9.752299919724464 -20.500000000000004 61.42408162355423
      vertex 10.911824993789196 -20.500000000000004 61.73311495035887
      vertex 10.942242041230202 -20.500000000000004 61.57912273705006
    endloop
  endfacet
  facet normal 0 1 0
    outer loop
      vertex 9.752299919724464 -20.500000000000004 61.42408162355423
      vertex 10.88681060820818 -20.500000000000004 61.815087370574474
      vertex 10.911824993789196 -20.500000000000004 61.73311495035887
    endloop
  endfacet
  facet normal 0 1 0
    outer loop
      vertex 7.208809480071068 -20.500000000000004 63.012357138097286
      vertex 7.848454438149929 -20.500000000000004 64.1455278545618
      vertex 7.70859107375145 -20.500000000000004 62.953706458210945
    endloop
  endfacet
  facet normal 0 1 0
    outer loop
      vertex 7.70859107375145 -20.500000000000004 62.953706458210945
      vertex 7.848454438149929 -20.500000000000004 64.1455278545618
      vertex 7.970237120985985 -20.500000000000004 64.1248346939683
    endloop
  endfacet
  facet normal 0 1 0
    outer loop
      vertex 8.165001511573792 -20.500000000000004 62.85173813253641
      vertex 7.70859107375145 -20.500000000000004 62.953706458210945
      vertex 7.970237120985985 -20.500000000000004 64.1248346939683
    endloop
  endfacet
  facet normal 0 1 0
    outer loop
      vertex 8.165001511573792 -20.500000000000004 62.85173813253641
      vertex 7.970237120985985 -20.500000000000004 64.1248346939683
      vertex 8.426647558808327 -20.500000000000004 64.02286636829376
    endloop
  endfacet
  facet normal 0 1 0
    outer loop
      vertex 8.165001511573792 -20.500000000000004 62.85173813253641
      vertex 8.564768053591251 -20.500000000000004 63.98319149762392
      vertex 8.573040269315243 -20.500000000000004 62.70756936073303
    endloop
  endfacet
  facet normal 0 1 0
    outer loop
      vertex 8.165001511573792 -20.500000000000004 62.85173813253641
      vertex 8.426647558808327 -20.500000000000004 64.02286636829376
      vertex 8.564768053591251 -20.500000000000004 63.98319149762392
    endloop
  endfacet
  facet normal 0 1 0
    outer loop
      vertex 8.573040269315243 -20.500000000000004 62.70756936073303
      vertex 9.482066445052624 -20.500000000000004 63.587332509458065
      vertex 8.928236790001392 -20.500000000000004 62.5227796882391
    endloop
  endfacet
  facet normal 0 1 0
    outer loop
      vertex 8.573040269315243 -20.500000000000004 62.70756936073303
      vertex 9.126869924366474 -20.500000000000004 63.772122181952
      vertex 9.482066445052624 -20.500000000000004 63.587332509458065
    endloop
  endfacet
  facet normal 0 1 0
    outer loop
      vertex 8.573040269315243 -20.500000000000004 62.70756936073303
      vertex 8.564768053591251 -20.500000000000004 63.98319149762392
      vertex 8.972806811332703 -20.500000000000004 63.83902272582054
    endloop
  endfacet
  facet normal 0 1 0
    outer loop
      vertex 8.573040269315243 -20.500000000000004 62.70756936073303
      vertex 8.972806811332703 -20.500000000000004 63.83902272582054
      vertex 8.983179807662964 -20.500000000000004 63.83530405908823
    endloop
  endfacet
  facet normal 0 1 0
    outer loop
      vertex 8.573040269315243 -20.500000000000004 62.70756936073303
      vertex 8.983179807662964 -20.500000000000004 63.83530405908823
      vertex 9.126869924366474 -20.500000000000004 63.772122181952
    endloop
  endfacet
  facet normal 0 1 0
    outer loop
      vertex 8.928236790001392 -20.500000000000004 62.5227796882391
      vertex 9.647286713123322 -20.500000000000004 63.4834915176034
      vertex 9.226699464023113 -20.500000000000004 62.29939369857311
    endloop
  endfacet
  facet normal 0 1 0
    outer loop
      vertex 9.226699464023113 -20.500000000000004 62.29939369857311
      vertex 10.348806694149971 -20.500000000000004 62.851748920977116
      vertex 9.4651582762599 -20.500000000000004 62.03985886275768
    endloop
  endfacet
  facet normal 0 1 0
    outer loop
      vertex 9.226699464023113 -20.500000000000004 62.29939369857311
      vertex 9.996815234422684 -20.500000000000004 63.219677187502384
      vertex 10.110347881913185 -20.500000000000004 63.111283756792545
    endloop
  endfacet
  facet normal 0 1 0
    outer loop
      vertex 8.928236790001392 -20.500000000000004 62.5227796882391
      vertex 9.482066445052624 -20.500000000000004 63.587332509458065
      vertex 9.51573707908392 -20.500000000000004 63.56912733614445
    endloop
  endfacet
  facet normal 0 1 0
    outer loop
      vertex 8.928236790001392 -20.500000000000004 62.5227796882391
      vertex 9.51573707908392 -20.500000000000004 63.56912733614445
      vertex 9.647286713123322 -20.500000000000004 63.4834915176034
    endloop
  endfacet
  facet normal 0 1 0
    outer loop
      vertex 9.226699464023113 -20.500000000000004 62.29939369857311
      vertex 9.647286713123322 -20.500000000000004 63.4834915176034
      vertex 9.945749387145042 -20.500000000000004 63.26010552793741
    endloop
  endfacet
  facet normal 0 1 0
    outer loop
      vertex 9.226699464023113 -20.500000000000004 62.29939369857311
      vertex 9.945749387145042 -20.500000000000004 63.26010552793741
      vertex 9.996815234422684 -20.500000000000004 63.219677187502384
    endloop
  endfacet
  facet normal 0 1 0
    outer loop
      vertex 9.641000613570213 -20.500000000000004 61.747018702328205
      vertex 9.4651582762599 -20.500000000000004 62.03985886275768
      vertex 10.669777803122997 -20.500000000000004 62.36477067321539
    endloop
  endfacet
  facet normal 0 1 0
    outer loop
      vertex 9.4651582762599 -20.500000000000004 62.03985886275768
      vertex 10.493935465812683 -20.500000000000004 62.65761083364487
      vertex 10.669777803122997 -20.500000000000004 62.36477067321539
    endloop
  endfacet
  facet normal 0 1 0
    outer loop
      vertex 9.226699464023113 -20.500000000000004 62.29939369857311
      vertex 10.110347881913185 -20.500000000000004 63.111283756792545
      vertex 10.348806694149971 -20.500000000000004 62.851748920977116
    endloop
  endfacet
  facet normal 0 1 0
    outer loop
      vertex 9.4651582762599 -20.500000000000004 62.03985886275768
      vertex 10.40450131893158 -20.500000000000004 62.78660824894905
      vertex 10.493935465812683 -20.500000000000004 62.65761083364487
    endloop
  endfacet
  facet normal 0 1 0
    outer loop
      vertex 9.4651582762599 -20.500000000000004 62.03985886275768
      vertex 10.348806694149971 -20.500000000000004 62.851748920977116
      vertex 10.40450131893158 -20.500000000000004 62.78660824894905
    endloop
  endfacet
  facet normal 0 1 0
    outer loop
      vertex 9.641000613570213 -20.500000000000004 61.747018702328205
      vertex 10.714768916368484 -20.500000000000004 62.282762698829174
      vertex 10.775511302053928 -20.500000000000004 62.13802444934845
    endloop
  endfacet
  facet normal 0 1 0
    outer loop
      vertex 9.641000613570213 -20.500000000000004 61.747018702328205
      vertex 10.669777803122997 -20.500000000000004 62.36477067321539
      vertex 10.714768916368484 -20.500000000000004 62.282762698829174
    endloop
  endfacet
  facet normal 0 1 0
    outer loop
      vertex 9.641000613570213 -20.500000000000004 61.747018702328205
      vertex 10.775511302053928 -20.500000000000004 62.13802444934845
      vertex 10.88681060820818 -20.500000000000004 61.815087370574474
    endloop
  endfacet
  facet normal 0 1 0
    outer loop
      vertex 10.41012416779995 -20.500000000000004 58.08714607357979
      vertex 12.564590588212013 -20.500000000000004 59.618958964943886
      vertex 11.518317312002182 -20.500000000000004 58.23304246366024
    endloop
  endfacet
  facet normal 0 1 0
    outer loop
      vertex 11.518317312002182 -20.500000000000004 58.23304246366024
      vertex 12.564590588212013 -20.500000000000004 59.618958964943886
      vertex 12.632627330720425 -20.500000000000004 58.320740565657616
    endloop
  endfacet
  facet normal 0 1 0
    outer loop
      vertex 12.632627330720425 -20.500000000000004 58.320740565657616
      vertex 13.100000008940697 -20.500000000000004 59.63297914713621
      vertex 13.100000008940697 -20.500000000000004 58.332979150116444
    endloop
  endfacet
  facet normal 0 1 0
    outer loop
      vertex 12.632627330720425 -20.500000000000004 58.320740565657616
      vertex 12.564590588212013 -20.500000000000004 59.618958964943886
      vertex 13.100000008940697 -20.500000000000004 59.63297914713621
    endloop
  endfacet
  facet normal 0 1 0
    outer loop
      vertex 13.100000008940697 -20.500000000000004 58.332979150116444
      vertex 13.100000008940697 -20.500000000000004 59.63297914713621
      vertex 14.399999998509884 -20.500000000000004 59.63297914713621
    endloop
  endfacet
  facet normal 0 1 0
    outer loop
      vertex 13.100000008940697 -20.500000000000004 59.63297914713621
      vertex 13.100000008940697 -20.500000000000004 66
      vertex 14.399999998509884 -20.500000000000004 59.63297914713621
    endloop
  endfacet
  facet normal -0.8660254038609159 -1.4058376555078785e-17 -0.49999999986753735
    outer loop
      vertex 3.134396009147167 -20.500000000000004 54.086765475571156
      vertex 3.87153689989981 -20.500000000000004 52.81
      vertex 3.87153689989981 -21.300000000000004 52.81
    endloop
  endfacet
  facet normal 0.05159289495124358 0 -0.9986681997493211
    outer loop
      vertex 0.8907790258526802 -20.500000000000004 53.774550557136536
      vertex 1.4604605957865715 -20.500000000000004 53.80398127436638
      vertex 1.4604605957865715 -21.300000000000004 53.80398127436638
    endloop
  endfacet
  facet normal 0.0868823755661816 0 -0.9962185768273832
    outer loop
      vertex 1.4604605957865715 -20.500000000000004 53.80398127436638
      vertex 1.5450249388813972 -20.500000000000004 53.81135631352663
      vertex 1.5450249388813972 -21.300000000000004 53.81135631352663
    endloop
  endfacet
  facet normal 0.12206317607454789 0 -0.9925223327696934
    outer loop
      vertex 1.5450249388813972 -20.500000000000004 53.81135631352663
      vertex 2.1404694989323616 -20.500000000000004 53.88458575308323
      vertex 2.1404694989323616 -21.300000000000004 53.88458575308323
    endloop
  endfacet
  facet normal -0.12206317607454789 0 0.9925223327696934
    outer loop
      vertex 1.3985491245985031 -20.500000000000004 55.00238311290741
      vertex 1.3985491245985031 -21.300000000000004 55.00238311290741
      vertex 1.9939936846494675 -20.500000000000004 55.07561255246401
    endloop
  endfacet
  facet normal 0.15400687990864423 0 -0.9880697753401854
    outer loop
      vertex 2.1404694989323616 -20.500000000000004 53.88458575308323
      vertex 2.2169420793652534 -20.500000000000004 53.89650525897741
      vertex 2.2169420793652534 -21.300000000000004 53.89650525897741
    endloop
  endfacet
  facet normal 0.1857903294757379 0 -0.9825894124573583
    outer loop
      vertex 2.2169420793652534 -20.500000000000004 53.89650525897741
      vertex 2.831625811755657 -20.500000000000004 54.01273111253977
      vertex 2.831625811755657 -21.300000000000004 54.01273111253977
    endloop
  endfacet
  facet normal -0.1857903294757379 0 0.9825894124573583
    outer loop
      vertex 1.9939936846494675 -20.500000000000004 55.07561255246401
      vertex 1.9939936846494675 -21.300000000000004 55.07561255246401
      vertex 2.608677417039871 -20.500000000000004 55.19183840602636
    endloop
  endfacet
  facet normal 0.2150970094483277 0 -0.9765926871149435
    outer loop
      vertex 2.831625811755657 -20.500000000000004 54.01273111253977
      vertex 2.90173102915287 -20.500000000000004 54.028171963989735
      vertex 2.90173102915287 -21.300000000000004 54.028171963989735
    endloop
  endfacet
  facet normal 0.24421131025225362 0 -0.9697220405584672
    outer loop
      vertex 2.90173102915287 -20.500000000000004 54.028171963989735
      vertex 3.134396009147167 -20.500000000000004 54.086765475571156
      vertex 3.134396009147167 -21.300000000000004 54.086765475571156
    endloop
  endfacet
  facet normal -0.2442113429160766 0 0.969722032332527
    outer loop
      vertex 2.608677417039871 -20.500000000000004 55.19183840602636
      vertex 2.608677417039871 -21.300000000000004 55.19183840602636
      vertex 3.2358657121658325 -20.500000000000004 55.34978727251291
    endloop
  endfacet
  facet normal -0.2985287838312991 0 0.9544006314039222
    outer loop
      vertex 3.2358657121658325 -20.500000000000004 55.34978727251291
      vertex 3.2358657121658325 -21.300000000000004 55.34978727251291
      vertex 3.8686869740486145 -20.500000000000004 55.54772863537073
    endloop
  endfacet
  facet normal -0.34975074077425294 0 0.9368427932838366
    outer loop
      vertex 3.8686869740486145 -20.500000000000004 55.54772863537073
      vertex 3.8686869740486145 -21.300000000000004 55.54772863537073
      vertex 4.500207878649235 -20.500000000000004 55.78349380940199
    endloop
  endfacet
  facet normal 0.8660254038812841 0 0.4999999998322587
    outer loop
      vertex 4.41400683671236 -20.500000000000004 54.47041451185942
      vertex 4.41400683671236 -21.300000000000004 54.47041451185942
      vertex 5.372647601671945 -20.500000000000004 52.81
    endloop
  endfacet
  facet normal 0.34975074273259116 0 -0.9368427925527317
    outer loop
      vertex 4.41400683671236 -20.500000000000004 54.47041451185942
      vertex 4.91990876942873 -20.500000000000004 54.659282460808754
      vertex 4.91990876942873 -21.300000000000004 54.659282460808754
    endloop
  endfacet
  facet normal 0.3743721949015055 0 -0.9272785232521183
    outer loop
      vertex 4.91990876942873 -20.500000000000004 54.659282460808754
      vertex 4.97868700325489 -20.500000000000004 54.68301312625408
      vertex 4.97868700325489 -21.300000000000004 54.68301312625408
    endloop
  endfacet
  facet normal 0.3987326017949962 0 -0.9170672343213409
    outer loop
      vertex 4.97868700325489 -20.500000000000004 54.68301312625408
      vertex 5.601988472044468 -20.500000000000004 54.954019010066986
      vertex 5.601988472044468 -21.300000000000004 54.954019010066986
    endloop
  endfacet
  facet normal 0.4226182760079467 0 -0.9063077803837232
    outer loop
      vertex 5.601988472044468 -20.500000000000004 54.954019010066986
      vertex 5.65896600484848 -20.500000000000004 54.98058807104826
      vertex 5.65896600484848 -21.300000000000004 54.98058807104826
    endloop
  endfacet
  facet normal -0.3987326017949962 0 0.9170672343213409
    outer loop
      vertex 4.500207878649235 -20.500000000000004 55.78349380940199
      vertex 4.500207878649235 -21.300000000000004 55.78349380940199
      vertex 5.123509347438812 -20.500000000000004 56.05449969321489
    endloop
  endfacet
  facet normal -0.4462138811495077 0 0.8949263501928485
    outer loop
      vertex 5.123509347438812 -20.500000000000004 56.05449969321489
      vertex 5.123509347438812 -21.300000000000004 56.05449969321489
      vertex 5.7317623645067215 -20.500000000000004 56.35777709633112
    endloop
  endfacet
  facet normal -0.4928477799336172 0 0.870115547392704
    outer loop
      vertex 5.7317623645067215 -20.500000000000004 56.35777709633112
      vertex 5.7317623645067215 -21.300000000000004 56.35777709633112
      vertex 6.318302772939205 -20.500000000000004 56.690003246068954
    endloop
  endfacet
  facet normal 0.4462138811495077 0 -0.8949263501928485
    outer loop
      vertex 5.65896600484848 -20.500000000000004 54.98058807104826
      vertex 6.2672190219163895 -20.500000000000004 55.283865474164486
      vertex 6.2672190219163895 -21.300000000000004 55.283865474164486
    endloop
  endfacet
  facet normal 0.4696947349216487 0 -0.8828288939465462
    outer loop
      vertex 6.2672190219163895 -20.500000000000004 55.283865474164486
      vertex 6.323179699480534 -20.500000000000004 55.31363844126463
      vertex 6.323179699480534 -21.300000000000004 55.31363844126463
    endloop
  endfacet
  facet normal 0.4928477799336172 0 -0.870115547392704
    outer loop
      vertex 6.323179699480534 -20.500000000000004 55.31363844126463
      vertex 6.909720107913017 -20.500000000000004 55.645864591002464
      vertex 6.909720107913017 -21.300000000000004 55.645864591002464
    endloop
  endfacet
  facet normal 0.5162243908889866 0 -0.856453371907248
    outer loop
      vertex 6.909720107913017 -20.500000000000004 55.645864591002464
      vertex 6.9653700068593025 -20.500000000000004 55.6794073805213
      vertex 6.9653700068593025 -21.300000000000004 55.6794073805213
    endloop
  endfacet
  facet normal -0.5392226933850457 0 0.842163218704413
    outer loop
      vertex 6.318302772939205 -20.500000000000004 56.690003246068954
      vertex 6.318302772939205 -21.300000000000004 56.690003246068954
      vertex 6.876704320311546 -20.500000000000004 57.047538198530674
    endloop
  endfacet
  facet normal 0.5392226933850457 0 -0.842163218704413
    outer loop
      vertex 6.9653700068593025 -20.500000000000004 55.6794073805213
      vertex 7.523771554231644 -20.500000000000004 56.03694233298302
      vertex 7.523771554231644 -21.300000000000004 56.03694233298302
    endloop
  endfacet
  facet normal -0.5858741474286943 0 0.8104020504507009
    outer loop
      vertex 6.876704320311546 -20.500000000000004 57.047538198530674
      vertex 6.876704320311546 -21.300000000000004 57.047538198530674
      vertex 7.4008490443229675 -20.500000000000004 57.42646473646164
    endloop
  endfacet
  facet normal 0.4928477799336172 0 -0.870115547392704
    outer loop
      vertex 1.1816972270607948 -20.500000000000004 61.309996753931046
      vertex 1.7682376354932785 -20.500000000000004 61.64222290366888
      vertex 1.7682376354932785 -21.300000000000004 61.64222290366888
    endloop
  endfacet
  facet normal 0.4462138811495077 0 -0.8949263501928485
    outer loop
      vertex 1.7682376354932785 -20.500000000000004 61.64222290366888
      vertex 2.3764906525611877 -20.500000000000004 61.94550030678511
      vertex 2.3764906525611877 -21.300000000000004 61.94550030678511
    endloop
  endfacet
  facet normal -0.4462138811495077 0 0.8949263501928485
    outer loop
      vertex 1.2327809780836105 -20.500000000000004 62.716134525835514
      vertex 1.8410339951515198 -21.300000000000004 63.01941192895174
      vertex 1.8410339951515198 -20.500000000000004 63.01941192895174
    endloop
  endfacet
  facet normal -0.4226182760079467 0 0.9063077803837232
    outer loop
      vertex 1.8410339951515198 -20.500000000000004 63.01941192895174
      vertex 1.898011527955532 -21.300000000000004 63.045980989933014
      vertex 1.898011527955532 -20.500000000000004 63.045980989933014
    endloop
  endfacet
  facet normal 0.3987326017949962 0 -0.9170672343213409
    outer loop
      vertex 2.3764906525611877 -20.500000000000004 61.94550030678511
      vertex 2.9997921213507652 -20.500000000000004 62.21650619059801
      vertex 2.9997921213507652 -21.300000000000004 62.21650619059801
    endloop
  endfacet
  facet normal -0.3987326017949962 0 0.9170672343213409
    outer loop
      vertex 1.898011527955532 -20.500000000000004 63.045980989933014
      vertex 2.5213129967451096 -21.300000000000004 63.31698687374592
      vertex 2.5213129967451096 -20.500000000000004 63.31698687374592
    endloop
  endfacet
  facet normal -0.3743721949015055 0 0.9272785232521183
    outer loop
      vertex 2.5213129967451096 -20.500000000000004 63.31698687374592
      vertex 2.58009123057127 -21.300000000000004 63.340717539191246
      vertex 2.58009123057127 -20.500000000000004 63.340717539191246
    endloop
  endfacet
  facet normal 0.3826834315568862 0 -0.9238795328460556
    outer loop
      vertex 1.8122795224189758 -20.500000000000004 63.81255917996168
      vertex 3.2319006845355034 -20.500000000000004 64.40058551728725
      vertex 1.8122795224189758 -21.300000000000004 63.81255917996168
    endloop
  endfacet
  facet normal -0.3826834316424301 -4.324249635833741e-17 0.9238795328106223
    outer loop
      vertex 1.2835218906402588 -20.500000000000004 65.00016827881336
      vertex 2.7660223469138145 -21.300000000000004 65.6142400726676
      vertex 2.7660223469138145 -20.500000000000004 65.6142400726676
    endloop
  endfacet
  facet normal 0.34975074077425294 0 -0.9368427932838366
    outer loop
      vertex 2.9997921213507652 -20.500000000000004 62.21650619059801
      vertex 3.6313130259513855 -20.500000000000004 62.45227136462927
      vertex 3.6313130259513855 -21.300000000000004 62.45227136462927
    endloop
  endfacet
  facet normal -0.34975074077425294 0 0.9368427932838366
    outer loop
      vertex 2.58009123057127 -20.500000000000004 63.340717539191246
      vertex 3.2116121351718903 -21.300000000000004 63.576482713222504
      vertex 3.2116121351718903 -20.500000000000004 63.576482713222504
    endloop
  endfacet
  facet normal -0.3242586338790405 0 0.9459684658353567
    outer loop
      vertex 3.2116121351718903 -20.500000000000004 63.576482713222504
      vertex 3.2730784863233566 -21.300000000000004 63.59755212068558
      vertex 3.2730784863233566 -20.500000000000004 63.59755212068558
    endloop
  endfacet
  facet normal 0.2985287838312991 0 -0.9544006314039222
    outer loop
      vertex 3.6313130259513855 -20.500000000000004 62.45227136462927
      vertex 4.2641342878341675 -20.500000000000004 62.65021272748709
      vertex 4.2641342878341675 -21.300000000000004 62.65021272748709
    endloop
  endfacet
  facet normal -0.2985287838312991 0 0.9544006314039222
    outer loop
      vertex 3.2730784863233566 -20.500000000000004 63.59755212068558
      vertex 3.9058997482061386 -21.300000000000004 63.795493483543396
      vertex 3.9058997482061386 -20.500000000000004 63.795493483543396
    endloop
  endfacet
  facet normal -0.27147824421080463 0 0.9624445765446541
    outer loop
      vertex 3.9058997482061386 -20.500000000000004 63.795493483543396
      vertex 3.9710806757211685 -21.300000000000004 63.813879169523716
      vertex 3.9710806757211685 -20.500000000000004 63.813879169523716
    endloop
  endfacet
  facet normal -0.3338068594051129 0 0.942641491031503
    outer loop
      vertex 2.7660223469138145 -20.500000000000004 65.6142400726676
      vertex 3.855374775826931 -21.300000000000004 66
      vertex 3.855374775826931 -20.500000000000004 66
    endloop
  endfacet
  facet normal 0.33380685913208813 0 -0.9426414911281862
    outer loop
      vertex 3.2319006845355034 -20.500000000000004 64.40058551728725
      vertex 4.680351212620735 -20.500000000000004 64.9135087504983
      vertex 3.2319006845355034 -21.300000000000004 64.40058551728725
    endloop
  endfacet
  facet normal 0.2442113429160766 0 -0.969722032332527
    outer loop
      vertex 4.2641342878341675 -20.500000000000004 62.65021272748709
      vertex 4.891322582960129 -20.500000000000004 62.80816159397364
      vertex 4.891322582960129 -21.300000000000004 62.80816159397364
    endloop
  endfacet
  facet normal -0.2442113429160766 0 0.969722032332527
    outer loop
      vertex 3.9710806757211685 -20.500000000000004 63.813879169523716
      vertex 4.59826897084713 -21.300000000000004 63.971828036010265
      vertex 4.59826897084713 -20.500000000000004 63.971828036010265
    endloop
  endfacet
  facet normal 0.1857903294757379 0 -0.9825894124573583
    outer loop
      vertex 4.891322582960129 -20.500000000000004 62.80816159397364
      vertex 5.5060063153505325 -20.500000000000004 62.92438744753599
      vertex 5.5060063153505325 -21.300000000000004 62.92438744753599
    endloop
  endfacet
  facet normal 0.12206317607454789 0 -0.9925223327696934
    outer loop
      vertex 5.5060063153505325 -20.500000000000004 62.92438744753599
      vertex 6.101450875401497 -20.500000000000004 62.99761688709259
      vertex 6.101450875401497 -21.300000000000004 62.99761688709259
    endloop
  endfacet
  facet normal -0.2150970094483277 0 0.9765926871149435
    outer loop
      vertex 4.59826897084713 -20.500000000000004 63.971828036010265
      vertex 4.668374188244343 -21.300000000000004 63.98726888746023
      vertex 4.668374188244343 -20.500000000000004 63.98726888746023
    endloop
  endfacet
  facet normal -0.1857903294757379 0 0.9825894124573583
    outer loop
      vertex 4.668374188244343 -20.500000000000004 63.98726888746023
      vertex 5.2830579206347466 -21.300000000000004 64.10349474102259
      vertex 5.2830579206347466 -20.500000000000004 64.10349474102259
    endloop
  endfacet
  facet normal -0.15400687990864423 0 0.9880697753401854
    outer loop
      vertex 5.2830579206347466 -20.500000000000004 64.10349474102259
      vertex 5.359530501067638 -21.300000000000004 64.11541424691677
      vertex 5.359530501067638 -20.500000000000004 64.11541424691677
    endloop
  endfacet
  facet normal -0.12206317607454789 0 0.9925223327696934
    outer loop
      vertex 5.359530501067638 -20.500000000000004 64.11541424691677
      vertex 5.954975061118603 -21.300000000000004 64.18864368647337
      vertex 5.954975061118603 -20.500000000000004 64.18864368647337
    endloop
  endfacet
  facet normal 0.28401534458367234 0 -0.9588197349038128
    outer loop
      vertex 4.680351212620735 -20.500000000000004 64.9135087504983
      vertex 6.153661027550697 -20.500000000000004 65.34992299973965
      vertex 4.680351212620735 -21.300000000000004 64.9135087504983
    endloop
  endfacet
  facet normal 0.05159289495124358 0 -0.9986681997493211
    outer loop
      vertex 6.101450875401497 -20.500000000000004 62.99761688709259
      vertex 6.671132445335388 -20.500000000000004 63.02704760432243
      vertex 6.671132445335388 -21.300000000000004 63.02704760432243
    endloop
  endfacet
  facet normal -0.02731190872675779 0 -0.9996269602415199
    outer loop
      vertex 6.671132445335388 -20.500000000000004 63.02704760432243
      vertex 7.208809480071068 -20.500000000000004 63.012357138097286
      vertex 7.208809480071068 -21.300000000000004 63.012357138097286
    endloop
  endfacet
  facet normal -0.0868823755661816 0 0.9962185768273832
    outer loop
      vertex 5.954975061118603 -20.500000000000004 64.18864368647337
      vertex 6.0395394042134285 -21.300000000000004 64.19601872563362
      vertex 6.0395394042134285 -20.500000000000004 64.19601872563362
    endloop
  endfacet
  facet normal -0.05159289495124358 0 0.9986681997493211
    outer loop
      vertex 6.0395394042134285 -20.500000000000004 64.19601872563362
      vertex 6.60922097414732 -21.300000000000004 64.22544944286346
      vertex 6.60922097414732 -20.500000000000004 64.22544944286346
    endloop
  endfacet
  facet normal -0.012149939381841631 0 0.9999261867623118
    outer loop
      vertex 6.60922097414732 -20.500000000000004 64.22544944286346
      vertex 6.703906737267971 -21.300000000000004 64.22659995406866
      vertex 6.703906737267971 -20.500000000000004 64.22659995406866
    endloop
  endfacet
  facet normal 0.2334453648865289 0 -0.9723699201502457
    outer loop
      vertex 6.153661027550697 -20.500000000000004 65.34992299973965
      vertex 7.647791877388954 -20.500000000000004 65.70863208174706
      vertex 6.153661027550697 -21.300000000000004 65.34992299973965
    endloop
  endfacet
  facet normal 0.02731190872675779 0 0.9996269602415199
    outer loop
      vertex 6.703906737267971 -20.500000000000004 64.22659995406866
      vertex 7.241583772003651 -21.300000000000004 64.21190948784351
      vertex 7.241583772003651 -20.500000000000004 64.21190948784351
    endloop
  endfacet
  facet normal 0.0720044172924974 0 0.9974043131500725
    outer loop
      vertex 7.241583772003651 -20.500000000000004 64.21190948784351
      vertex 7.348672844469547 -21.300000000000004 64.20417853444815
      vertex 7.348672844469547 -20.500000000000004 64.20417853444815
    endloop
  endfacet
  facet normal 0 0 1
    outer loop
      vertex 3.855374775826931 -20.500000000000004 66
      vertex 9.244839027523994 -21.300000000000004 66
      vertex 9.244839027523994 -20.500000000000004 66
    endloop
  endfacet
  facet normal 0.5627726182610427 0 -0.8266117469136346
    outer loop
      vertex 7.523771554231644 -20.500000000000004 56.03694233298302
      vertex 7.579753294587135 -20.500000000000004 56.07505574077368
      vertex 7.579753294587135 -21.300000000000004 56.07505574077368
    endloop
  endfacet
  facet normal 0.5858741474286943 0 -0.8104020504507009
    outer loop
      vertex 7.579753294587135 -20.500000000000004 56.07505574077368
      vertex 8.103898018598557 -20.500000000000004 56.45398227870464
      vertex 8.103898018598557 -21.300000000000004 56.45398227870464
    endloop
  endfacet
  facet normal 0.6098515912023507 0 -0.7925156381472614
    outer loop
      vertex 8.103898018598557 -20.500000000000004 56.45398227870464
      vertex 8.160789169371128 -20.500000000000004 56.49776079505682
      vertex 8.160789169371128 -21.300000000000004 56.49776079505682
    endloop
  endfacet
  facet normal -0.6332834388717836 0 0.7739199480894182
    outer loop
      vertex 7.4008490443229675 -20.500000000000004 57.42646473646164
      vertex 7.4008490443229675 -21.300000000000004 57.42646473646164
      vertex 7.884994298219681 -20.500000000000004 57.82263125479221
    endloop
  endfacet
  facet normal 0.6332834388717836 0 -0.7739199480894182
    outer loop
      vertex 8.160789169371128 -20.500000000000004 56.49776079505682
      vertex 8.644934423267841 -20.500000000000004 56.893927313387394
      vertex 8.644934423267841 -21.300000000000004 56.893927313387394
    endloop
  endfacet
  facet normal 0.6579116994328547 0 -0.7530950774964428
    outer loop
      vertex 8.644934423267841 -20.500000000000004 56.893927313387394
      vertex 8.703220918774605 -20.500000000000004 56.944847002625465
      vertex 8.703220918774605 -21.300000000000004 56.944847002625465
    endloop
  endfacet
  facet normal 0.6818555181547918 0 -0.7314868777783101
    outer loop
      vertex 8.703220918774605 -20.500000000000004 56.944847002625465
      vertex 9.142062313854694 -20.500000000000004 57.35391302406788
      vertex 9.142062313854694 -21.300000000000004 57.35391302406788
    endloop
  endfacet
  facet normal 0.7073007752329138 0 -0.7069127339034988
    outer loop
      vertex 9.142062313854694 -20.500000000000004 57.35391302406788
      vertex 9.202068835496902 -20.500000000000004 57.413952484726906
      vertex 9.202068835496902 -21.300000000000004 57.413952484726906
    endloop
  endfacet
  facet normal 0.7318609541492263 0 -0.6814539924248622
    outer loop
      vertex 9.202068835496902 -20.500000000000004 57.413952484726906
      vertex 9.590798325836658 -20.500000000000004 57.831436187028885
      vertex 9.590798325836658 -21.300000000000004 57.831436187028885
    endloop
  endfacet
  facet normal -1 0 0
    outer loop
      vertex 13.100000008940697 -20.500000000000004 58.332979150116444
      vertex 13.100000008940697 -20.500000000000004 52.81
      vertex 13.100000008940697 -21.300000000000004 52.81
    endloop
  endfacet
  facet normal -0.6818555181547918 0 0.7314868777783101
    outer loop
      vertex 7.884994298219681 -20.500000000000004 57.82263125479221
      vertex 7.884994298219681 -21.300000000000004 57.82263125479221
      vertex 8.32383569329977 -20.500000000000004 58.23169727623463
    endloop
  endfacet
  facet normal -0.7318609541492263 0 0.6814539924248622
    outer loop
      vertex 8.32383569329977 -20.500000000000004 58.23169727623463
      vertex 8.32383569329977 -21.300000000000004 58.23169727623463
      vertex 8.712565183639526 -20.500000000000004 58.649180978536606
    endloop
  endfacet
  facet normal -0.783314426211995 0 0.621625699024882
    outer loop
      vertex 8.712565183639526 -20.500000000000004 58.649180978536606
      vertex 8.712565183639526 -21.300000000000004 58.649180978536606
      vertex 9.046923771500587 -20.500000000000004 59.07050832360983
    endloop
  endfacet
  facet normal 0.7581780414462617 0 -0.6520475883466719
    outer loop
      vertex 9.590798325836658 -20.500000000000004 57.831436187028885
      vertex 9.652542494237423 -20.500000000000004 57.903230138123035
      vertex 9.652542494237423 -21.300000000000004 57.903230138123035
    endloop
  endfacet
  facet normal 0.783314350650051 0 -0.6216257942409479
    outer loop
      vertex 9.652542494237423 -20.500000000000004 57.903230138123035
      vertex 9.693022400140762 -20.500000000000004 57.9542391076684
      vertex 9.693022400140762 -21.300000000000004 57.9542391076684
    endloop
  endfacet
  facet normal -0.8357421689398625 0 0.5491220511468231
    outer loop
      vertex 9.046923771500587 -20.500000000000004 59.07050832360983
      vertex 9.046923771500587 -21.300000000000004 59.07050832360983
      vertex 9.323248155415058 -20.500000000000004 59.49106317013502
    endloop
  endfacet
  facet normal -0.8877659289621479 0 0.4602951828707036
    outer loop
      vertex 9.323248155415058 -20.500000000000004 59.49106317013502
      vertex 9.323248155415058 -21.300000000000004 59.49106317013502
      vertex 9.538510859012604 -20.500000000000004 59.906237825751305
    endloop
  endfacet
  facet normal 0.1822355376542979 0 -0.9832549053098333
    outer loop
      vertex 9.693022400140762 -20.500000000000004 57.9542391076684
      vertex 10.41012416779995 -20.500000000000004 58.08714607357979
      vertex 10.41012416779995 -21.300000000000004 58.08714607357979
    endloop
  endfacet
  facet normal -0.9364237766021044 0 0.35087107406318385
    outer loop
      vertex 9.538510859012604 -20.500000000000004 59.906237825751305
      vertex 9.538510859012604 -21.300000000000004 59.906237825751305
      vertex 9.690353438258171 -20.500000000000004 60.311483547091484
    endloop
  endfacet
  facet normal -0.9762413497006317 0 0.21668601047296218
    outer loop
      vertex 9.690353438258171 -20.500000000000004 60.311483547091484
      vertex 9.690353438258171 -21.300000000000004 60.311483547091484
      vertex 9.777112253010273 -20.500000000000004 60.70236038416624
    endloop
  endfacet
  facet normal -0.9984536114570649 0 0.05559123823359535
    outer loop
      vertex 9.777112253010273 -20.500000000000004 60.70236038416624
      vertex 9.777112253010273 -21.300000000000004 60.70236038416624
      vertex 9.797836773097515 -20.500000000000004 61.07458580285311
    endloop
  endfacet
  facet normal -0.9916184351874456 0 -0.1292009249053652
    outer loop
      vertex 9.797836773097515 -20.500000000000004 61.07458580285311
      vertex 9.797836773097515 -21.300000000000004 61.07458580285311
      vertex 9.752299919724464 -20.500000000000004 61.42408162355423
    endloop
  endfacet
  facet normal -0.8573143245023692 0 -0.5147933070690083
    outer loop
      vertex 9.641000613570213 -20.500000000000004 61.747018702328205
      vertex 9.641000613570213 -21.300000000000004 61.747018702328205
      vertex 9.4651582762599 -20.500000000000004 62.03985886275768
    endloop
  endfacet
  facet normal -0.945425575902298 0 -0.32583811997648143
    outer loop
      vertex 9.641000613570213 -20.500000000000004 61.747018702328205
      vertex 9.752299919724464 -20.500000000000004 61.42408162355423
      vertex 9.752299919724464 -21.300000000000004 61.42408162355423
    endloop
  endfacet
  facet normal -0.2180383699782946 0 -0.9759401975619245
    outer loop
      vertex 8.165001511573792 -20.500000000000004 62.85173813253641
      vertex 8.165001511573792 -21.300000000000004 62.85173813253641
      vertex 7.70859107375145 -20.500000000000004 62.953706458210945
    endloop
  endfacet
  facet normal -0.11655280367456394 0 -0.9931844964333658
    outer loop
      vertex 7.208809480071068 -20.500000000000004 63.012357138097286
      vertex 7.70859107375145 -20.500000000000004 62.953706458210945
      vertex 7.70859107375145 -21.300000000000004 62.953706458210945
    endloop
  endfacet
  facet normal -0.33313878221240095 0 -0.9428778032099592
    outer loop
      vertex 8.165001511573792 -20.500000000000004 62.85173813253641
      vertex 8.573040269315243 -20.500000000000004 62.70756936073303
      vertex 8.573040269315243 -21.300000000000004 62.70756936073303
    endloop
  endfacet
  facet normal -0.4615247144029124 0 -0.8871273516216882
    outer loop
      vertex 8.573040269315243 -20.500000000000004 62.70756936073303
      vertex 8.928236790001392 -20.500000000000004 62.5227796882391
      vertex 8.928236790001392 -21.300000000000004 62.5227796882391
    endloop
  endfacet
  facet normal 0.33313878221240095 0 0.9428778032099592
    outer loop
      vertex 8.972806811332703 -20.500000000000004 63.83902272582054
      vertex 8.564768053591251 -20.500000000000004 63.98319149762392
      vertex 8.972806811332703 -21.300000000000004 63.83902272582054
    endloop
  endfacet
  facet normal 0.33746494715341985 0 0.9413380951829898
    outer loop
      vertex 8.983179807662964 -20.500000000000004 63.83530405908823
      vertex 8.972806811332703 -20.500000000000004 63.83902272582054
      vertex 8.983179807662964 -21.300000000000004 63.83530405908823
    endloop
  endfacet
  facet normal 0.11655280367456394 0 0.9931844964333658
    outer loop
      vertex 7.348672844469547 -20.500000000000004 64.20417853444815
      vertex 7.848454438149929 -21.300000000000004 64.1455278545618
      vertex 7.848454438149929 -20.500000000000004 64.1455278545618
    endloop
  endfacet
  facet normal 0.16751763638980424 0 0.985869079289118
    outer loop
      vertex 7.848454438149929 -20.500000000000004 64.1455278545618
      vertex 7.970237120985985 -21.300000000000004 64.1248346939683
      vertex 7.970237120985985 -20.500000000000004 64.1248346939683
    endloop
  endfacet
  facet normal 0.2180383699782946 0 0.9759401975619245
    outer loop
      vertex 7.970237120985985 -20.500000000000004 64.1248346939683
      vertex 8.426647558808327 -21.300000000000004 64.02286636829376
      vertex 8.426647558808327 -20.500000000000004 64.02286636829376
    endloop
  endfacet
  facet normal 0.18223552482073174 0 -0.9832549076883942
    outer loop
      vertex 7.647791877388954 -20.500000000000004 65.70863208174706
      vertex 9.158648453652859 -20.500000000000004 65.98865279555321
      vertex 7.647791877388954 -21.300000000000004 65.70863208174706
    endloop
  endfacet
  facet normal 0.2760839267147631 0 0.9611335315187777
    outer loop
      vertex 8.426647558808327 -20.500000000000004 64.02286636829376
      vertex 8.564768053591251 -21.300000000000004 63.98319149762392
      vertex 8.564768053591251 -20.500000000000004 63.98319149762392
    endloop
  endfacet
  facet normal -0.5992082669325726 0 -0.8005931881047095
    outer loop
      vertex 8.928236790001392 -20.500000000000004 62.5227796882391
      vertex 9.226699464023113 -20.500000000000004 62.29939369857311
      vertex 9.226699464023113 -21.300000000000004 62.29939369857311
    endloop
  endfacet
  facet normal -0.7363736846176779 0 -0.6765750487585133
    outer loop
      vertex 9.226699464023113 -20.500000000000004 62.29939369857311
      vertex 9.4651582762599 -20.500000000000004 62.03985886275768
      vertex 9.4651582762599 -21.300000000000004 62.03985886275768
    endloop
  endfacet
  facet normal 0.4025156357739269 0 0.915413110544912
    outer loop
      vertex 8.983179807662964 -20.500000000000004 63.83530405908823
      vertex 9.126869924366474 -21.300000000000004 63.772122181952
      vertex 9.126869924366474 -20.500000000000004 63.772122181952
    endloop
  endfacet
  facet normal 0.4615247144029124 0 0.8871273516216882
    outer loop
      vertex 9.126869924366474 -20.500000000000004 63.772122181952
      vertex 9.482066445052624 -21.300000000000004 63.587332509458065
      vertex 9.482066445052624 -20.500000000000004 63.587332509458065
    endloop
  endfacet
  facet normal 0.475614695905614 0 0.8796537165490806
    outer loop
      vertex 9.482066445052624 -20.500000000000004 63.587332509458065
      vertex 9.51573707908392 -21.300000000000004 63.56912733614445
      vertex 9.51573707908392 -20.500000000000004 63.56912733614445
    endloop
  endfacet
  facet normal 0.5455639691344945 0 0.8380691830524591
    outer loop
      vertex 9.51573707908392 -20.500000000000004 63.56912733614445
      vertex 9.647286713123322 -21.300000000000004 63.4834915176034
      vertex 9.647286713123322 -20.500000000000004 63.4834915176034
    endloop
  endfacet
  facet normal 0.760064536998697 0 0.6498475972079578
    outer loop
      vertex 10.348806694149971 -20.500000000000004 62.851748920977116
      vertex 10.40450131893158 -21.300000000000004 62.78660824894905
      vertex 10.40450131893158 -20.500000000000004 62.78660824894905
    endloop
  endfacet
  facet normal 0.8573143245023692 0 0.5147933070690083
    outer loop
      vertex 10.493935465812683 -20.500000000000004 62.65761083364487
      vertex 10.669777803122997 -21.300000000000004 62.36477067321539
      vertex 10.669777803122997 -20.500000000000004 62.36477067321539
    endloop
  endfacet
  facet normal 0.8218096456086279 0 0.5697621489574589
    outer loop
      vertex 10.40450131893158 -20.500000000000004 62.78660824894905
      vertex 10.493935465812683 -21.300000000000004 62.65761083364487
      vertex 10.493935465812683 -20.500000000000004 62.65761083364487
    endloop
  endfacet
  facet normal 0.5992082669325726 0 0.8005931881047095
    outer loop
      vertex 9.647286713123322 -20.500000000000004 63.4834915176034
      vertex 9.945749387145042 -21.300000000000004 63.26010552793741
      vertex 9.945749387145042 -20.500000000000004 63.26010552793741
    endloop
  endfacet
  facet normal 0.6207143771605759 0 0.7840367733634426
    outer loop
      vertex 9.945749387145042 -20.500000000000004 63.26010552793741
      vertex 9.996815234422684 -21.300000000000004 63.219677187502384
      vertex 9.996815234422684 -20.500000000000004 63.219677187502384
    endloop
  endfacet
  facet normal 0.6905469395019442 0 0.723287580665186
    outer loop
      vertex 9.996815234422684 -20.500000000000004 63.219677187502384
      vertex 10.110347881913185 -21.300000000000004 63.111283756792545
      vertex 10.110347881913185 -20.500000000000004 63.111283756792545
    endloop
  endfacet
  facet normal 0.7363736846176779 0 0.6765750487585133
    outer loop
      vertex 10.348806694149971 -20.500000000000004 62.851748920977116
      vertex 10.110347881913185 -20.500000000000004 63.111283756792545
      vertex 10.348806694149971 -21.300000000000004 62.851748920977116
    endloop
  endfacet
  facet normal 0.13052619366922694 0 -0.9914448611830229
    outer loop
      vertex 9.158648453652859 -20.500000000000004 65.98865279555321
      vertex 9.244839027523994 -20.500000000000004 66
      vertex 9.158648453652859 -21.300000000000004 65.98865279555321
    endloop
  endfacet
  facet normal 0.13052618767966898 0 -0.9914448619715631
    outer loop
      vertex 10.41012416779995 -20.500000000000004 58.08714607357979
      vertex 11.518317312002182 -20.500000000000004 58.23304246366024
      vertex 11.518317312002182 -21.300000000000004 58.23304246366024
    endloop
  endfacet
  facet normal 0.9137343514742721 0 -0.40631211517242655
    outer loop
      vertex 10.636671833693981 -20.500000000000004 59.42773995548487
      vertex 10.662219390273094 -20.500000000000004 59.48519253730774
      vertex 10.636671833693981 -21.300000000000004 59.42773995548487
    endloop
  endfacet
  facet normal 0.9364237766021044 0 -0.35087107406318385
    outer loop
      vertex 10.662219390273094 -20.500000000000004 59.48519253730774
      vertex 10.814061969518661 -20.500000000000004 59.89043825864792
      vertex 10.662219390273094 -21.300000000000004 59.48519253730774
    endloop
  endfacet
  facet normal -0.13052620052778743 0 0.9914448602800763
    outer loop
      vertex 10.636671833693981 -20.500000000000004 59.42773995548487
      vertex 11.38243030756712 -21.300000000000004 59.52592092752457
      vertex 11.38243030756712 -20.500000000000004 59.52592092752457
    endloop
  endfacet
  facet normal -0.0784591004148048 0 0.9969173333642563
    outer loop
      vertex 11.38243030756712 -20.500000000000004 59.52592092752457
      vertex 12.564590588212013 -21.300000000000004 59.618958964943886
      vertex 12.564590588212013 -20.500000000000004 59.618958964943886
    endloop
  endfacet
  facet normal 0.9573668854981381 0 -0.28887479390143206
    outer loop
      vertex 10.814061969518661 -20.500000000000004 59.89043825864792
      vertex 10.859405927360058 -20.500000000000004 60.040713757276535
      vertex 10.814061969518661 -21.300000000000004 59.89043825864792
    endloop
  endfacet
  facet normal 0.9752361814485482 0 -0.22116597928626958
    outer loop
      vertex 10.859405927360058 -20.500000000000004 60.040713757276535
      vertex 10.861843056976795 -20.500000000000004 60.05146033316851
      vertex 10.859405927360058 -21.300000000000004 60.040713757276535
    endloop
  endfacet
  facet normal 0.9762413497006317 0 -0.21668601047296218
    outer loop
      vertex 10.861843056976795 -20.500000000000004 60.05146033316851
      vertex 10.948601871728897 -20.500000000000004 60.44233717024326
      vertex 10.861843056976795 -21.300000000000004 60.05146033316851
    endloop
  endfacet
  facet normal 0.9883230840209765 0 -0.15237283744574026
    outer loop
      vertex 10.948601871728897 -20.500000000000004 60.44233717024326
      vertex 10.97251945734024 -20.500000000000004 60.59747178852558
      vertex 10.948601871728897 -21.300000000000004 60.44233717024326
    endloop
  endfacet
  facet normal 0.99744001000742 0 -0.07150822635472032
    outer loop
      vertex 10.97251945734024 -20.500000000000004 60.59747178852558
      vertex 10.975256584584713 -20.500000000000004 60.635650895535946
      vertex 10.97251945734024 -21.300000000000004 60.59747178852558
    endloop
  endfacet
  facet normal 0.9984536114570649 0 -0.05559123823359535
    outer loop
      vertex 10.975256584584713 -20.500000000000004 60.635650895535946
      vertex 10.995981104671955 -20.500000000000004 61.00787631422281
      vertex 10.975256584584713 -21.300000000000004 60.635650895535946
    endloop
  endfacet
  facet normal 0.9999516865752406 0 0.009829776972646765
    outer loop
      vertex 10.995981104671955 -20.500000000000004 61.00787631422281
      vertex 10.994438149034977 -20.500000000000004 61.16483624279499
      vertex 10.995981104671955 -21.300000000000004 61.00787631422281
    endloop
  endfacet
  facet normal 0.9947595101701767 0 0.10224244190154252
    outer loop
      vertex 10.994438149034977 -20.500000000000004 61.16483624279499
      vertex 10.987778894603252 -20.500000000000004 61.229626916348934
      vertex 10.994438149034977 -21.300000000000004 61.16483624279499
    endloop
  endfacet
  facet normal 0.9916184351874456 0 0.1292009249053652
    outer loop
      vertex 10.987778894603252 -20.500000000000004 61.229626916348934
      vertex 10.942242041230202 -20.500000000000004 61.57912273705006
      vertex 10.987778894603252 -21.300000000000004 61.229626916348934
    endloop
  endfacet
  facet normal 0.9564582748624407 0 0.2918690947105632
    outer loop
      vertex 10.911824993789196 -20.500000000000004 61.73311495035887
      vertex 10.88681060820818 -20.500000000000004 61.815087370574474
      vertex 10.911824993789196 -21.300000000000004 61.73311495035887
    endloop
  endfacet
  facet normal 0.9810451562484906 0 0.1937792594716331
    outer loop
      vertex 10.942242041230202 -20.500000000000004 61.57912273705006
      vertex 10.911824993789196 -20.500000000000004 61.73311495035887
      vertex 10.942242041230202 -21.300000000000004 61.57912273705006
    endloop
  endfacet
  facet normal 0.07845909714378427 0 -0.9969173336216911
    outer loop
      vertex 11.518317312002182 -20.500000000000004 58.23304246366024
      vertex 12.632627330720425 -20.500000000000004 58.320740565657616
      vertex 12.632627330720425 -21.300000000000004 58.320740565657616
    endloop
  endfacet
  facet normal 0.026176948657066 0 -0.9996573249664134
    outer loop
      vertex 12.632627330720425 -20.500000000000004 58.320740565657616
      vertex 13.100000008940697 -20.500000000000004 58.332979150116444
      vertex 13.100000008940697 -21.300000000000004 58.332979150116444
    endloop
  endfacet
  facet normal -0.026176935422066776 0 0.9996573253129839
    outer loop
      vertex 12.564590588212013 -20.500000000000004 59.618958964943886
      vertex 13.100000008940697 -21.300000000000004 59.63297914713621
      vertex 13.100000008940697 -20.500000000000004 59.63297914713621
    endloop
  endfacet
  facet normal 0.8767267654272313 0 0.48098875120267076
    outer loop
      vertex 10.669777803122997 -20.500000000000004 62.36477067321539
      vertex 10.714768916368484 -21.300000000000004 62.282762698829174
      vertex 10.714768916368484 -20.500000000000004 62.282762698829174
    endloop
  endfacet
  facet normal 0.9220905152003126 0 0.38697426500688903
    outer loop
      vertex 10.714768916368484 -20.500000000000004 62.282762698829174
      vertex 10.775511302053928 -21.300000000000004 62.13802444934845
      vertex 10.775511302053928 -20.500000000000004 62.13802444934845
    endloop
  endfacet
  facet normal 0.945425575902298 0 0.32583811997648143
    outer loop
      vertex 10.88681060820818 -20.500000000000004 61.815087370574474
      vertex 10.775511302053928 -20.500000000000004 62.13802444934845
      vertex 10.88681060820818 -21.300000000000004 61.815087370574474
    endloop
  endfacet
  facet normal -1 0 0
    outer loop
      vertex 13.100000008940697 -20.500000000000004 59.63297914713621
      vertex 13.100000008940697 -21.300000000000004 66
      vertex 13.100000008940697 -20.500000000000004 66
    endloop
  endfacet
  facet normal -1 0 0
    outer loop
      vertex -11.25 -20.500000000000004 36.350000001490116
      vertex -11.25 -21.300000000000004 36.350000001490116
      vertex -11.25 -21.300000000000004 37.649999998509884
    endloop
  endfacet
  facet normal -0.9914448614599642 0 -0.13052619156564776
    outer loop
      vertex -8.621140912175179 -20.500000000000004 33.45675936341286
      vertex -8.621140912175179 -21.300000000000004 33.45675936341286
      vertex -8.775920927524567 -21.300000000000004 34.63243030756712
    endloop
  endfacet
  facet normal -0.9969173333642563 0 -0.0784591004148048
    outer loop
      vertex -8.775920927524567 -20.500000000000004 34.63243030756712
      vertex -8.775920927524567 -21.300000000000004 34.63243030756712
      vertex -8.868958964943886 -21.300000000000004 35.81459058821201
    endloop
  endfacet
  facet normal 0 0 -1
    outer loop
      vertex -8.882979154586792 -20.500000000000004 36.350000001490116
      vertex -8.882979154586792 -21.300000000000004 36.350000001490116
      vertex -11.25 -21.300000000000004 36.350000001490116
    endloop
  endfacet
  facet normal -0.9996573249394316 0 -0.026176949687455795
    outer loop
      vertex -8.868958964943886 -20.500000000000004 35.81459058821201
      vertex -8.868958964943886 -21.300000000000004 35.81459058821201
      vertex -8.882979154586792 -21.300000000000004 36.350000001490116
    endloop
  endfacet
  facet normal 0 0 1
    outer loop
      vertex -11.25 -20.500000000000004 37.649999998509884
      vertex -11.25 -21.300000000000004 37.649999998509884
      vertex -8.882979154586792 -21.300000000000004 37.649999998509884
    endloop
  endfacet
  facet normal -0.9996573249394316 0 0.026176949687455795
    outer loop
      vertex -8.882979154586792 -20.500000000000004 37.649999998509884
      vertex -8.882979154586792 -21.300000000000004 37.649999998509884
      vertex -8.868958964943886 -21.300000000000004 38.18540941178799
    endloop
  endfacet
  facet normal -0.9969173333642563 0 0.0784591004148048
    outer loop
      vertex -8.868958964943886 -20.500000000000004 38.18540941178799
      vertex -8.868958964943886 -21.300000000000004 38.18540941178799
      vertex -8.775920927524567 -21.300000000000004 39.36756969243288
    endloop
  endfacet
  facet normal -0.9914448614599642 0 0.13052619156564776
    outer loop
      vertex -8.775920927524567 -20.500000000000004 39.36756969243288
      vertex -8.775920927524567 -21.300000000000004 39.36756969243288
      vertex -8.621140912175179 -21.300000000000004 40.54324063658714
    endloop
  endfacet
  facet normal -0.9832549074697388 0 0.18223552600049084
    outer loop
      vertex -8.621140912175179 -20.500000000000004 40.54324063658714
      vertex -8.621140912175179 -21.300000000000004 40.54324063658714
      vertex -8.40504315495491 -21.300000000000004 41.7091997936368
    endloop
  endfacet
  facet normal 0.9914448619715631 0 0.13052618767966898
    outer loop
      vertex -7.337146073579788 -20.500000000000004 33.66012416779995
      vertex -7.48304246366024 -21.300000000000004 34.76831731200218
      vertex -7.337146073579788 -21.300000000000004 33.66012416779995
    endloop
  endfacet
  facet normal 0.9969173336216911 0 0.07845909714378427
    outer loop
      vertex -7.48304246366024 -20.500000000000004 34.76831731200218
      vertex -7.570740565657616 -21.300000000000004 35.882627330720425
      vertex -7.48304246366024 -21.300000000000004 34.76831731200218
    endloop
  endfacet
  facet normal 0.9996573249554934 0 0.026176949074077593
    outer loop
      vertex -7.570740565657616 -20.500000000000004 35.882627330720425
      vertex -7.582979150116444 -21.300000000000004 36.350000001490116
      vertex -7.570740565657616 -21.300000000000004 35.882627330720425
    endloop
  endfacet
  facet normal 0 0 -1
    outer loop
      vertex -7.582979150116444 -20.500000000000004 36.350000001490116
      vertex -0.53 -21.300000000000004 36.350000001490116
      vertex -7.582979150116444 -21.300000000000004 36.350000001490116
    endloop
  endfacet
  facet normal 0.9996573249554934 0 -0.026176949074077593
    outer loop
      vertex -7.582979150116444 -20.500000000000004 37.649999998509884
      vertex -7.570740565657616 -21.300000000000004 38.117372669279575
      vertex -7.582979150116444 -21.300000000000004 37.649999998509884
    endloop
  endfacet
  facet normal 0.9969173336216911 0 -0.07845909714378427
    outer loop
      vertex -7.570740565657616 -20.500000000000004 38.117372669279575
      vertex -7.48304246366024 -21.300000000000004 39.23168268799782
      vertex -7.570740565657616 -21.300000000000004 38.117372669279575
    endloop
  endfacet
  facet normal 0.9914448619715631 0 -0.13052618767966898
    outer loop
      vertex -7.48304246366024 -20.500000000000004 39.23168268799782
      vertex -7.337146073579788 -21.300000000000004 40.33987583220005
      vertex -7.48304246366024 -21.300000000000004 39.23168268799782
    endloop
  endfacet
  facet normal 0.9832549070773959 0 -0.18223552811738303
    outer loop
      vertex -7.337146073579788 -20.500000000000004 40.33987583220005
      vertex -7.133451275527477 -21.300000000000004 41.438914597034454
      vertex -7.337146073579788 -21.300000000000004 40.33987583220005
    endloop
  endfacet
  facet normal -0.9723699202155821 0 0.23344536461438326
    outer loop
      vertex -8.40504315495491 -20.500000000000004 41.7091997936368
      vertex -8.40504315495491 -21.300000000000004 41.7091997936368
      vertex -8.128219962120056 -21.300000000000004 42.86225137114525
    endloop
  endfacet
  facet normal -0.9588197354674014 0 0.2840153426810293
    outer loop
      vertex -8.128219962120056 -20.500000000000004 42.86225137114525
      vertex -8.128219962120056 -21.300000000000004 42.86225137114525
      vertex -7.791430093348026 -21.300000000000004 43.999234922230244
    endloop
  endfacet
  facet normal 0.9723699211499136 0 -0.2334453607226127
    outer loop
      vertex -7.133451275527477 -20.500000000000004 41.438914597034454
      vertex -6.872516393661499 -21.300000000000004 42.525786615908146
      vertex -7.133451275527477 -21.300000000000004 41.438914597034454
    endloop
  endfacet
  facet normal 0.9588197341087026 0 -0.2840153472679195
    outer loop
      vertex -6.872516393661499 -20.500000000000004 42.525786615908146
      vertex -6.555056624114513 -21.300000000000004 43.59751282632351
      vertex -6.872516393661499 -21.300000000000004 42.525786615908146
    endloop
  endfacet
  facet normal -0.9426414912783736 0 0.33380685870797194
    outer loop
      vertex -7.791430093348026 -20.500000000000004 43.999234922230244
      vertex -7.791430093348026 -21.300000000000004 43.999234922230244
      vertex -7.395596660673618 -21.300000000000004 45.117034055292606
    endloop
  endfacet
  facet normal 0.9426414912211697 0 -0.33380685886951067
    outer loop
      vertex -6.555056624114513 -20.500000000000004 43.59751282632351
      vertex -6.181942105293274 -21.300000000000004 44.6511557251215
      vertex -6.555056624114513 -21.300000000000004 43.59751282632351
    endloop
  endfacet
  facet normal 0.9238795322020623 0 -0.38268343311162334
    outer loop
      vertex -6.181942105293274 -20.500000000000004 44.6511557251215
      vertex -5.754195518791676 -21.300000000000004 45.683827333152294
      vertex -6.181942105293274 -21.300000000000004 44.6511557251215
    endloop
  endfacet
  facet normal -0.9238795331112124 0 0.38268343091674134
    outer loop
      vertex -7.395596660673618 -20.500000000000004 45.117034055292606
      vertex -7.395596660673618 -21.300000000000004 45.117034055292606
      vertex -6.941804617643356 -21.300000000000004 46.21258496493101
    endloop
  endfacet
  facet normal -0.9025852837356643 0 0.43051109809598453
    outer loop
      vertex -6.941804617643356 -20.500000000000004 46.21258496493101
      vertex -6.941804617643356 -21.300000000000004 46.21258496493101
      vertex -6.431297771632671 -21.300000000000004 47.28288482129574
    endloop
  endfacet
  facet normal -0.5000000003686034 0 -0.8660254035716254
    outer loop
      vertex -6.175734907388687 -20.500000000000004 47.753573060035706
      vertex -6.175734907388687 -21.300000000000004 47.753573060035706
      vertex -11.25 -21.300000000000004 50.683201380074024
    endloop
  endfacet
  facet normal 0.9025852828871898 0 -0.4305110998748486
    outer loop
      vertex -5.754195518791676 -20.500000000000004 45.683827333152294
      vertex -5.27298928797245 -21.300000000000004 46.692697167396545
      vertex -5.754195518791676 -21.300000000000004 45.683827333152294
    endloop
  endfacet
  facet normal 0.8788171134808145 0 -0.4771587587514758
    outer loop
      vertex -5.27298928797245 -20.500000000000004 46.692697167396545
      vertex -5.049901880323887 -21.300000000000004 47.10357306152582
      vertex -5.27298928797245 -21.300000000000004 46.692697167396545
    endloop
  endfacet
  facet normal -0.8788171108867807 0 0.47715876352909176
    outer loop
      vertex -6.431297771632671 -20.500000000000004 47.28288482129574
      vertex -6.431297771632671 -21.300000000000004 47.28288482129574
      vertex -6.175734907388687 -21.300000000000004 47.753573060035706
    endloop
  endfacet
  facet normal -0.8526401709692785 0 0.5224985539209459
    outer loop
      vertex -5.525734908878803 -20.500000000000004 48.879406079649925
      vertex -5.525734908878803 -21.300000000000004 48.879406079649925
      vertex -5.245888367295265 -21.300000000000004 49.33607414364815
    endloop
  endfacet
  facet normal 0 0 1
    outer loop
      vertex -7.582979150116444 -21.300000000000004 37.649999998509884
      vertex -0.53 -21.300000000000004 37.649999998509884
      vertex -0.53 -20.500000000000004 37.649999998509884
    endloop
  endfacet
  facet normal -0.5000000000450898 0 -0.8660254037584061
    outer loop
      vertex -5.049901880323887 -20.500000000000004 47.10357306152582
      vertex -0.53 -21.300000000000004 44.49400649389636
      vertex -5.049901880323887 -21.300000000000004 47.10357306152582
    endloop
  endfacet
  facet normal 0.8526401704937027 0 -0.5224985546970153
    outer loop
      vertex -4.399901881814003 -20.500000000000004 48.22940608114004
      vertex -4.1556166261434555 -21.300000000000004 48.62804339826107
      vertex -4.399901881814003 -21.300000000000004 48.22940608114004
    endloop
  endfacet
  facet normal 0.8241261890172393 0 -0.5664062363497788
    outer loop
      vertex -4.1556166261434555 -20.500000000000004 48.62804339826107
      vertex -3.5225128307938576 -21.300000000000004 49.54921513795853
      vertex -4.1556166261434555 -21.300000000000004 48.62804339826107
    endloop
  endfacet
  facet normal 0.499999999874456 -8.200890665057903e-17 0.8660254038569215
    outer loop
      vertex -4.399901881814003 -21.300000000000004 48.22940608114004
      vertex -0.53 -21.300000000000004 45.99511718868529
      vertex -0.53 -20.500000000000004 45.99511718868529
    endloop
  endfacet
  facet normal 0 -1 0
    outer loop
      vertex -8.621140912175179 -21.300000000000004 33.45675936341286
      vertex -7.48304246366024 -21.300000000000004 34.76831731200218
      vertex -8.775920927524567 -21.300000000000004 34.63243030756712
    endloop
  endfacet
  facet normal 0 -1 0
    outer loop
      vertex -11.25 -21.300000000000004 36.350000001490116
      vertex -8.882979154586792 -21.300000000000004 36.350000001490116
      vertex -8.882979154586792 -21.300000000000004 37.649999998509884
    endloop
  endfacet
  facet normal 0 -1 0
    outer loop
      vertex -8.775920927524567 -21.300000000000004 34.63243030756712
      vertex -7.570740565657616 -21.300000000000004 35.882627330720425
      vertex -8.868958964943886 -21.300000000000004 35.81459058821201
    endloop
  endfacet
  facet normal 0 -1 0
    outer loop
      vertex -8.868958964943886 -21.300000000000004 35.81459058821201
      vertex -7.582979150116444 -21.300000000000004 36.350000001490116
      vertex -8.882979154586792 -21.300000000000004 36.350000001490116
    endloop
  endfacet
  facet normal 0 -1 0
    outer loop
      vertex -8.882979154586792 -21.300000000000004 36.350000001490116
      vertex -7.582979150116444 -21.300000000000004 36.350000001490116
      vertex -8.882979154586792 -21.300000000000004 37.649999998509884
    endloop
  endfacet
  facet normal 0 -1 0
    outer loop
      vertex -11.25 -21.300000000000004 36.350000001490116
      vertex -8.882979154586792 -21.300000000000004 37.649999998509884
      vertex -11.25 -21.300000000000004 37.649999998509884
    endloop
  endfacet
  facet normal 0 -1 0
    outer loop
      vertex -8.882979154586792 -21.300000000000004 37.649999998509884
      vertex -7.570740565657616 -21.300000000000004 38.117372669279575
      vertex -8.868958964943886 -21.300000000000004 38.18540941178799
    endloop
  endfacet
  facet normal 0 -1 0
    outer loop
      vertex -8.868958964943886 -21.300000000000004 38.18540941178799
      vertex -7.48304246366024 -21.300000000000004 39.23168268799782
      vertex -8.775920927524567 -21.300000000000004 39.36756969243288
    endloop
  endfacet
  facet normal 0 -1 0
    outer loop
      vertex -8.775920927524567 -21.300000000000004 39.36756969243288
      vertex -7.337146073579788 -21.300000000000004 40.33987583220005
      vertex -8.621140912175179 -21.300000000000004 40.54324063658714
    endloop
  endfacet
  facet normal 0 -1 0
    outer loop
      vertex -8.40504315495491 -21.300000000000004 32.2908002063632
      vertex -7.337146073579788 -21.300000000000004 33.66012416779995
      vertex -8.621140912175179 -21.300000000000004 33.45675936341286
    endloop
  endfacet
  facet normal 0 -1 0
    outer loop
      vertex -8.621140912175179 -21.300000000000004 33.45675936341286
      vertex -7.337146073579788 -21.300000000000004 33.66012416779995
      vertex -7.48304246366024 -21.300000000000004 34.76831731200218
    endloop
  endfacet
  facet normal 0 -1 0
    outer loop
      vertex -8.775920927524567 -21.300000000000004 34.63243030756712
      vertex -7.48304246366024 -21.300000000000004 34.76831731200218
      vertex -7.570740565657616 -21.300000000000004 35.882627330720425
    endloop
  endfacet
  facet normal 0 -1 0
    outer loop
      vertex -8.868958964943886 -21.300000000000004 35.81459058821201
      vertex -7.570740565657616 -21.300000000000004 35.882627330720425
      vertex -7.582979150116444 -21.300000000000004 36.350000001490116
    endloop
  endfacet
  facet normal 0 -1 0
    outer loop
      vertex -8.882979154586792 -21.300000000000004 37.649999998509884
      vertex -7.582979150116444 -21.300000000000004 36.350000001490116
      vertex -7.582979150116444 -21.300000000000004 37.649999998509884
    endloop
  endfacet
  facet normal 0 -1 0
    outer loop
      vertex -8.882979154586792 -21.300000000000004 37.649999998509884
      vertex -7.582979150116444 -21.300000000000004 37.649999998509884
      vertex -7.570740565657616 -21.300000000000004 38.117372669279575
    endloop
  endfacet
  facet normal 0 -1 0
    outer loop
      vertex -8.868958964943886 -21.300000000000004 38.18540941178799
      vertex -7.570740565657616 -21.300000000000004 38.117372669279575
      vertex -7.48304246366024 -21.300000000000004 39.23168268799782
    endloop
  endfacet
  facet normal 0 -1 0
    outer loop
      vertex -8.775920927524567 -21.300000000000004 39.36756969243288
      vertex -7.48304246366024 -21.300000000000004 39.23168268799782
      vertex -7.337146073579788 -21.300000000000004 40.33987583220005
    endloop
  endfacet
  facet normal 0 -1 0
    outer loop
      vertex -8.621140912175179 -21.300000000000004 40.54324063658714
      vertex -7.133451275527477 -21.300000000000004 41.438914597034454
      vertex -8.40504315495491 -21.300000000000004 41.7091997936368
    endloop
  endfacet
  facet normal 0 -1 0
    outer loop
      vertex -8.621140912175179 -21.300000000000004 40.54324063658714
      vertex -7.337146073579788 -21.300000000000004 40.33987583220005
      vertex -7.133451275527477 -21.300000000000004 41.438914597034454
    endloop
  endfacet
  facet normal 0 -1 0
    outer loop
      vertex -7.582979150116444 -21.300000000000004 36.350000001490116
      vertex -0.53 -21.300000000000004 37.649999998509884
      vertex -7.582979150116444 -21.300000000000004 37.649999998509884
    endloop
  endfacet
  facet normal 0 -1 0
    outer loop
      vertex -8.40504315495491 -21.300000000000004 41.7091997936368
      vertex -7.133451275527477 -21.300000000000004 41.438914597034454
      vertex -6.872516393661499 -21.300000000000004 42.525786615908146
    endloop
  endfacet
  facet normal 0 -1 0
    outer loop
      vertex -8.40504315495491 -21.300000000000004 41.7091997936368
      vertex -6.872516393661499 -21.300000000000004 42.525786615908146
      vertex -8.128219962120056 -21.300000000000004 42.86225137114525
    endloop
  endfacet
  facet normal 0 -1 0
    outer loop
      vertex -8.128219962120056 -21.300000000000004 42.86225137114525
      vertex -6.872516393661499 -21.300000000000004 42.525786615908146
      vertex -6.555056624114513 -21.300000000000004 43.59751282632351
    endloop
  endfacet
  facet normal 0 -1 0
    outer loop
      vertex -8.128219962120056 -21.300000000000004 42.86225137114525
      vertex -6.555056624114513 -21.300000000000004 43.59751282632351
      vertex -7.791430093348026 -21.300000000000004 43.999234922230244
    endloop
  endfacet
  facet normal 0 -1 0
    outer loop
      vertex -7.791430093348026 -21.300000000000004 43.999234922230244
      vertex -6.555056624114513 -21.300000000000004 43.59751282632351
      vertex -6.181942105293274 -21.300000000000004 44.6511557251215
    endloop
  endfacet
  facet normal 0 -1 0
    outer loop
      vertex -7.791430093348026 -21.300000000000004 43.999234922230244
      vertex -6.181942105293274 -21.300000000000004 44.6511557251215
      vertex -7.395596660673618 -21.300000000000004 45.117034055292606
    endloop
  endfacet
  facet normal 0 -1 0
    outer loop
      vertex -7.395596660673618 -21.300000000000004 45.117034055292606
      vertex -6.181942105293274 -21.300000000000004 44.6511557251215
      vertex -5.754195518791676 -21.300000000000004 45.683827333152294
    endloop
  endfacet
  facet normal 0 -1 0
    outer loop
      vertex -7.395596660673618 -21.300000000000004 45.117034055292606
      vertex -5.754195518791676 -21.300000000000004 45.683827333152294
      vertex -6.941804617643356 -21.300000000000004 46.21258496493101
    endloop
  endfacet
  facet normal 0 -1 0
    outer loop
      vertex -6.175734907388687 -21.300000000000004 47.753573060035706
      vertex -5.525734908878803 -21.300000000000004 48.879406079649925
      vertex -11.25 -21.300000000000004 50.683201380074024
    endloop
  endfacet
  facet normal 0 -1 0
    outer loop
      vertex -6.941804617643356 -21.300000000000004 46.21258496493101
      vertex -5.754195518791676 -21.300000000000004 45.683827333152294
      vertex -5.27298928797245 -21.300000000000004 46.692697167396545
    endloop
  endfacet
  facet normal 0 -1 0
    outer loop
      vertex -6.941804617643356 -21.300000000000004 46.21258496493101
      vertex -5.27298928797245 -21.300000000000004 46.692697167396545
      vertex -6.431297771632671 -21.300000000000004 47.28288482129574
    endloop
  endfacet
  facet normal 0 -1 0
    outer loop
      vertex -6.431297771632671 -21.300000000000004 47.28288482129574
      vertex -5.049901880323887 -21.300000000000004 47.10357306152582
      vertex -6.175734907388687 -21.300000000000004 47.753573060035706
    endloop
  endfacet
  facet normal 0 -1 0
    outer loop
      vertex -6.431297771632671 -21.300000000000004 47.28288482129574
      vertex -5.27298928797245 -21.300000000000004 46.692697167396545
      vertex -5.049901880323887 -21.300000000000004 47.10357306152582
    endloop
  endfacet
  facet normal 0 -1 0
    outer loop
      vertex -5.049901880323887 -21.300000000000004 47.10357306152582
      vertex -5.525734908878803 -21.300000000000004 48.879406079649925
      vertex -6.175734907388687 -21.300000000000004 47.753573060035706
    endloop
  endfacet
  facet normal 0 -1 0
    outer loop
      vertex -7.582979150116444 -21.300000000000004 36.350000001490116
      vertex -0.53 -21.300000000000004 36.350000001490116
      vertex -0.53 -21.300000000000004 37.649999998509884
    endloop
  endfacet
  facet normal 0 -1 0
    outer loop
      vertex -5.049901880323887 -21.300000000000004 47.10357306152582
      vertex -4.399901881814003 -21.300000000000004 48.22940608114004
      vertex -5.525734908878803 -21.300000000000004 48.879406079649925
    endloop
  endfacet
  facet normal 0 -1 0
    outer loop
      vertex -5.525734908878803 -21.300000000000004 48.879406079649925
      vertex -4.1556166261434555 -21.300000000000004 48.62804339826107
      vertex -5.245888367295265 -21.300000000000004 49.33607414364815
    endloop
  endfacet
  facet normal 0 -1 0
    outer loop
      vertex -5.525734908878803 -21.300000000000004 48.879406079649925
      vertex -4.399901881814003 -21.300000000000004 48.22940608114004
      vertex -4.1556166261434555 -21.300000000000004 48.62804339826107
    endloop
  endfacet
  facet normal 0 -1 0
    outer loop
      vertex -5.245888367295265 -21.300000000000004 49.33607414364815
      vertex -4.1556166261434555 -21.300000000000004 48.62804339826107
      vertex -3.5225128307938576 -21.300000000000004 49.54921513795853
    endloop
  endfacet
  facet normal 0 -1 0
    outer loop
      vertex -5.049901880323887 -21.300000000000004 47.10357306152582
      vertex -0.53 -21.300000000000004 45.99511718868529
      vertex -4.399901881814003 -21.300000000000004 48.22940608114004
    endloop
  endfacet
  facet normal 0 -1 0
    outer loop
      vertex -5.049901880323887 -21.300000000000004 47.10357306152582
      vertex -0.53 -21.300000000000004 44.49400649389636
      vertex -0.53 -21.300000000000004 45.99511718868529
    endloop
  endfacet
  facet normal -1 0 0
    outer loop
      vertex -11.25 -20.500000000000004 50.683201380074024
      vertex -11.25 -21.300000000000004 50.683201380074024
      vertex -11.25 -21.300000000000004 52.18431207537651
    endloop
  endfacet
  facet normal -1 0 0
    outer loop
      vertex -11.25 -20.500000000000004 52.35686203092337
      vertex -11.25 -21.300000000000004 52.35686203092337
      vertex -11.25 -21.300000000000004 54
    endloop
  endfacet
  facet normal 0.8526401703503551 0 -0.5224985549309371
    outer loop
      vertex -10.864981167018414 -20.500000000000004 52.985155679285526
      vertex -10.864981167018414 -21.300000000000004 52.985155679285526
      vertex -11.25 -21.300000000000004 52.35686203092337
    endloop
  endfacet
  facet normal 0.5000000005054966 0 0.8660254034925899
    outer loop
      vertex -11.25 -20.500000000000004 52.18431207537651
      vertex -11.25 -21.300000000000004 52.18431207537651
      vertex -5.525734908878803 -21.300000000000004 48.879406079649925
    endloop
  endfacet
  facet normal -0.997858922838615 0 0.06540313533278784
    outer loop
      vertex -11.25 -20.500000000000004 54
      vertex -11.25 -21.300000000000004 54
      vertex -11.197881929576397 -21.300000000000004 54.79516801983118
    endloop
  endfacet
  facet normal -0.8241262065176964 0 0.5664062108864547
    outer loop
      vertex -11.197881929576397 -20.500000000000004 54.79516801983118
      vertex -11.197881929576397 -21.300000000000004 54.79516801983118
      vertex -11.046370878815651 -21.300000000000004 55.01561798155308
    endloop
  endfacet
  facet normal -0.7933533418439297 0 0.6087614269852097
    outer loop
      vertex -11.046370878815651 -20.500000000000004 55.01561798155308
      vertex -11.046370878815651 -21.300000000000004 55.01561798155308
      vertex -10.069523721933365 -21.300000000000004 56.28866998851299
    endloop
  endfacet
  facet normal 0.8241261892432179 0 -0.5664062360209781
    outer loop
      vertex -9.994648784399033 -20.500000000000004 54.25149715691805
      vertex -9.994648784399033 -21.300000000000004 54.25149715691805
      vertex -10.864981167018414 -21.300000000000004 52.985155679285526
    endloop
  endfacet
  facet normal -0.7604059638498695 0 0.6494480503793596
    outer loop
      vertex -10.069523721933365 -20.500000000000004 56.28866998851299
      vertex -10.069523721933365 -21.300000000000004 56.28866998851299
      vertex -9.027388900518417 -21.300000000000004 57.50885308533907
    endloop
  endfacet
  facet normal 0.7933533412895841 0 -0.608761427707647
    outer loop
      vertex -9.059233970940113 -20.500000000000004 55.47055348008871
      vertex -9.059233970940113 -21.300000000000004 55.47055348008871
      vertex -9.994648784399033 -21.300000000000004 54.25149715691805
    endloop
  endfacet
  facet normal 0.7604059635568121 0 -0.6494480507224856
    outer loop
      vertex -8.061300627887249 -20.500000000000004 56.63898329436779
      vertex -8.061300627887249 -21.300000000000004 56.63898329436779
      vertex -9.059233970940113 -21.300000000000004 55.47055348008871
    endloop
  endfacet
  facet normal -0.8241261876948903 0 0.5664062382738085
    outer loop
      vertex -5.245888367295265 -20.500000000000004 49.33607414364815
      vertex -5.245888367295265 -21.300000000000004 49.33607414364815
      vertex -4.574234925210476 -21.300000000000004 50.313335962593555
    endloop
  endfacet
  facet normal 0.7253743713310753 0 -0.688354575357822
    outer loop
      vertex -7.003584027290344 -20.500000000000004 57.753584027290344
      vertex -7.003584027290344 -21.300000000000004 57.753584027290344
      vertex -8.061300627887249 -21.300000000000004 56.63898329436779
    endloop
  endfacet
  facet normal -0.7253743692635533 0 0.6883545775365355
    outer loop
      vertex -9.027388900518417 -20.500000000000004 57.50885308533907
      vertex -9.027388900518417 -21.300000000000004 57.50885308533907
      vertex -7.922822840511799 -21.300000000000004 58.6728228405118
    endloop
  endfacet
  facet normal -0.6883545775365355 0 0.7253743692635533
    outer loop
      vertex -7.922822840511799 -20.500000000000004 58.6728228405118
      vertex -7.922822840511799 -21.300000000000004 58.6728228405118
      vertex -6.758853085339069 -21.300000000000004 59.77738890051842
    endloop
  endfacet
  facet normal 0.688354575357822 0 -0.7253743713310753
    outer loop
      vertex -5.88898329436779 -20.500000000000004 58.81130062788725
      vertex -5.88898329436779 -21.300000000000004 58.81130062788725
      vertex -7.003584027290344 -21.300000000000004 57.753584027290344
    endloop
  endfacet
  facet normal 0.6494480507224856 0 -0.7604059635568121
    outer loop
      vertex -4.720553480088711 -20.500000000000004 59.80923397094011
      vertex -4.720553480088711 -21.300000000000004 59.80923397094011
      vertex -5.88898329436779 -21.300000000000004 58.81130062788725
    endloop
  endfacet
  facet normal -0.6494480503793596 0 0.7604059638498695
    outer loop
      vertex -6.758853085339069 -20.500000000000004 59.77738890051842
      vertex -6.758853085339069 -21.300000000000004 59.77738890051842
      vertex -5.538669988512993 -21.300000000000004 60.819523721933365
    endloop
  endfacet
  facet normal -0.6087614269852097 0 0.7933533418439297
    outer loop
      vertex -5.538669988512993 -20.500000000000004 60.819523721933365
      vertex -5.538669988512993 -21.300000000000004 60.819523721933365
      vertex -4.265617981553078 -21.300000000000004 61.79637087881565
    endloop
  endfacet
  facet normal -0.793353338486589 0 0.6087614313605815
    outer loop
      vertex -4.574234925210476 -20.500000000000004 50.313335962593555
      vertex -4.574234925210476 -21.300000000000004 50.313335962593555
      vertex -3.8523560240864754 -21.300000000000004 51.25410685688257
    endloop
  endfacet
  facet normal -0.7604059675937551 0 0.6494480459958325
    outer loop
      vertex -3.8523560240864754 -20.500000000000004 51.25410685688257
      vertex -3.8523560240864754 -21.300000000000004 51.25410685688257
      vertex -3.0822302997112274 -21.300000000000004 52.15580823272467
    endloop
  endfacet
  facet normal 0.7933533407393649 0 -0.6087614284247067
    outer loop
      vertex -3.5225128307938576 -20.500000000000004 49.54921513795853
      vertex -2.842066280543804 -21.300000000000004 50.43599034845829
      vertex -3.5225128307938576 -21.300000000000004 49.54921513795853
    endloop
  endfacet
  facet normal 0.7604059669385153 0 -0.6494480467630198
    outer loop
      vertex -2.842066280543804 -20.500000000000004 50.43599034845829
      vertex -2.116142027080059 -21.300000000000004 51.28593844920397
      vertex -2.842066280543804 -21.300000000000004 50.43599034845829
    endloop
  endfacet
  facet normal -0.7253743680377204 0 0.6883545788282939
    outer loop
      vertex -3.0822302997112274 -20.500000000000004 52.15580823272467
      vertex -3.0822302997112274 -21.300000000000004 52.15580823272467
      vertex -2.2659685909748077 -21.300000000000004 53.01596859097481
    endloop
  endfacet
  facet normal -0.6883545788282939 0 0.7253743680377204
    outer loop
      vertex -2.2659685909748077 -20.500000000000004 53.01596859097481
      vertex -2.2659685909748077 -21.300000000000004 53.01596859097481
      vertex -1.4058082327246666 -21.300000000000004 53.83223029971123
    endloop
  endfacet
  facet normal -0.9916184351874456 0 -0.1292009249053652
    outer loop
      vertex -3.4422420412302017 -20.500000000000004 56.42087726294994
      vertex -3.4422420412302017 -21.300000000000004 56.42087726294994
      vertex -3.4877788946032524 -21.300000000000004 56.770373083651066
    endloop
  endfacet
  facet normal -0.9947595101701767 0 -0.10224244190154252
    outer loop
      vertex -3.4877788946032524 -20.500000000000004 56.770373083651066
      vertex -3.4877788946032524 -21.300000000000004 56.770373083651066
      vertex -3.494438149034977 -21.300000000000004 56.83516375720501
    endloop
  endfacet
  facet normal -0.9999516865752406 0 -0.009829776972646765
    outer loop
      vertex -3.494438149034977 -20.500000000000004 56.83516375720501
      vertex -3.494438149034977 -21.300000000000004 56.83516375720501
      vertex -3.495981104671955 -21.300000000000004 56.99212368577719
    endloop
  endfacet
  facet normal -0.9984536114570649 0 0.05559123823359535
    outer loop
      vertex -3.495981104671955 -20.500000000000004 56.99212368577719
      vertex -3.495981104671955 -21.300000000000004 56.99212368577719
      vertex -3.475256584584713 -21.300000000000004 57.364349104464054
    endloop
  endfacet
  facet normal -0.99744001000742 0 0.07150822635472032
    outer loop
      vertex -3.475256584584713 -20.500000000000004 57.364349104464054
      vertex -3.475256584584713 -21.300000000000004 57.364349104464054
      vertex -3.4725194573402405 -21.300000000000004 57.40252821147442
    endloop
  endfacet
  facet normal -0.9883230840209765 0 0.15237283744574026
    outer loop
      vertex -3.4725194573402405 -20.500000000000004 57.40252821147442
      vertex -3.4725194573402405 -21.300000000000004 57.40252821147442
      vertex -3.448601871728897 -21.300000000000004 57.55766282975674
    endloop
  endfacet
  facet normal -0.8767267654272313 0 -0.48098875120267076
    outer loop
      vertex -3.1697778031229973 -20.500000000000004 55.63522932678461
      vertex -3.1697778031229973 -21.300000000000004 55.63522932678461
      vertex -3.2147689163684845 -21.300000000000004 55.717237301170826
    endloop
  endfacet
  facet normal -0.8573143245023692 0 -0.5147933070690083
    outer loop
      vertex -2.993935465812683 -20.500000000000004 55.34238916635513
      vertex -2.993935465812683 -21.300000000000004 55.34238916635513
      vertex -3.1697778031229973 -21.300000000000004 55.63522932678461
    endloop
  endfacet
  facet normal -0.760064536998697 0 -0.6498475972079578
    outer loop
      vertex -2.848806694149971 -20.500000000000004 55.148251079022884
      vertex -2.848806694149971 -21.300000000000004 55.148251079022884
      vertex -2.9045013189315796 -21.300000000000004 55.21339175105095
    endloop
  endfacet
  facet normal -0.7363736846176779 0 -0.6765750487585133
    outer loop
      vertex -2.610347881913185 -20.500000000000004 54.888716243207455
      vertex -2.610347881913185 -21.300000000000004 54.888716243207455
      vertex -2.848806694149971 -21.300000000000004 55.148251079022884
    endloop
  endfacet
  facet normal -0.8218096456086279 0 -0.5697621489574589
    outer loop
      vertex -2.9045013189315796 -20.500000000000004 55.21339175105095
      vertex -2.9045013189315796 -21.300000000000004 55.21339175105095
      vertex -2.993935465812683 -21.300000000000004 55.34238916635513
    endloop
  endfacet
  facet normal -0.5992082669325726 0 -0.8005931881047095
    outer loop
      vertex -2.1472867131233215 -20.500000000000004 54.5165084823966
      vertex -2.1472867131233215 -21.300000000000004 54.5165084823966
      vertex -2.4457493871450424 -21.300000000000004 54.73989447206259
    endloop
  endfacet
  facet normal -0.5455639691344945 0 -0.8380691830524591
    outer loop
      vertex -2.0157370790839195 -20.500000000000004 54.43087266385555
      vertex -2.0157370790839195 -21.300000000000004 54.43087266385555
      vertex -2.1472867131233215 -21.300000000000004 54.5165084823966
    endloop
  endfacet
  facet normal -0.475614695905614 0 -0.8796537165490806
    outer loop
      vertex -1.9820664450526237 -20.500000000000004 54.412667490541935
      vertex -1.9820664450526237 -21.300000000000004 54.412667490541935
      vertex -2.0157370790839195 -21.300000000000004 54.43087266385555
    endloop
  endfacet
  facet normal -0.6207143771605759 0 -0.7840367733634426
    outer loop
      vertex -2.4457493871450424 -20.500000000000004 54.73989447206259
      vertex -2.4457493871450424 -21.300000000000004 54.73989447206259
      vertex -2.4968152344226837 -21.300000000000004 54.780322812497616
    endloop
  endfacet
  facet normal -0.6905469395019442 0 -0.723287580665186
    outer loop
      vertex -2.4968152344226837 -20.500000000000004 54.780322812497616
      vertex -2.4968152344226837 -21.300000000000004 54.780322812497616
      vertex -2.610347881913185 -21.300000000000004 54.888716243207455
    endloop
  endfacet
  facet normal -0.945425575902298 0 -0.32583811997648143
    outer loop
      vertex -3.2755113020539284 -20.500000000000004 55.86197555065155
      vertex -3.2755113020539284 -21.300000000000004 55.86197555065155
      vertex -3.3868106082081795 -21.300000000000004 56.184912629425526
    endloop
  endfacet
  facet normal -0.9220905152003126 0 -0.38697426500688903
    outer loop
      vertex -3.2147689163684845 -20.500000000000004 55.717237301170826
      vertex -3.2147689163684845 -21.300000000000004 55.717237301170826
      vertex -3.2755113020539284 -21.300000000000004 55.86197555065155
    endloop
  endfacet
  facet normal -0.9564582748624407 0 -0.2918690947105632
    outer loop
      vertex -3.3868106082081795 -20.500000000000004 56.184912629425526
      vertex -3.3868106082081795 -21.300000000000004 56.184912629425526
      vertex -3.411824993789196 -21.300000000000004 56.26688504964113
    endloop
  endfacet
  facet normal -0.9810451562484906 0 -0.1937792594716331
    outer loop
      vertex -3.411824993789196 -20.500000000000004 56.26688504964113
      vertex -3.411824993789196 -21.300000000000004 56.26688504964113
      vertex -3.4422420412302017 -21.300000000000004 56.42087726294994
    endloop
  endfacet
  facet normal -0.9762413497006317 0 0.21668601047296218
    outer loop
      vertex -3.448601871728897 -20.500000000000004 57.55766282975674
      vertex -3.448601871728897 -21.300000000000004 57.55766282975674
      vertex -3.361843056976795 -21.300000000000004 57.94853966683149
    endloop
  endfacet
  facet normal 0.9916184351874456 0 0.1292009249053652
    outer loop
      vertex -2.2522999197244644 -20.500000000000004 56.57591837644577
      vertex -2.297836773097515 -21.300000000000004 56.92541419714689
      vertex -2.2522999197244644 -21.300000000000004 56.57591837644577
    endloop
  endfacet
  facet normal 0.8573143245023692 0 0.5147933070690083
    outer loop
      vertex -1.9651582762598991 -20.500000000000004 55.96014113724232
      vertex -2.1410006135702133 -21.300000000000004 56.252981297671795
      vertex -1.9651582762598991 -21.300000000000004 55.96014113724232
    endloop
  endfacet
  facet normal 0.945425575902298 0 0.32583811997648143
    outer loop
      vertex -2.1410006135702133 -20.500000000000004 56.252981297671795
      vertex -2.2522999197244644 -21.300000000000004 56.57591837644577
      vertex -2.1410006135702133 -21.300000000000004 56.252981297671795
    endloop
  endfacet
  facet normal 0.9984536114570649 0 -0.05559123823359535
    outer loop
      vertex -2.297836773097515 -20.500000000000004 56.92541419714689
      vertex -2.277112253010273 -21.300000000000004 57.29763961583376
      vertex -2.297836773097515 -21.300000000000004 56.92541419714689
    endloop
  endfacet
  facet normal 0.9762413497006317 0 -0.21668601047296218
    outer loop
      vertex -2.277112253010273 -20.500000000000004 57.29763961583376
      vertex -2.190353438258171 -21.300000000000004 57.688516452908516
      vertex -2.277112253010273 -21.300000000000004 57.29763961583376
    endloop
  endfacet
  facet normal 0.7253743676469134 0 -0.6883545792401184
    outer loop
      vertex -2.116142027080059 -20.500000000000004 51.28593844920397
      vertex -1.3467297777533531 -21.300000000000004 52.09672977775335
      vertex -2.116142027080059 -21.300000000000004 51.28593844920397
    endloop
  endfacet
  facet normal 0.6883545792401184 0 -0.7253743676469134
    outer loop
      vertex -1.3467297777533531 -20.500000000000004 52.09672977775335
      vertex -0.535938449203968 -21.300000000000004 52.86614202708006
      vertex -1.3467297777533531 -21.300000000000004 52.09672977775335
    endloop
  endfacet
  facet normal 0.6494480467630198 0 -0.7604059669385153
    outer loop
      vertex -0.535938449203968 -20.500000000000004 52.86614202708006
      vertex 0.3140096515417099 -21.300000000000004 53.592066280543804
      vertex -0.535938449203968 -21.300000000000004 52.86614202708006
    endloop
  endfacet
  facet normal -0.4615247144029124 0 -0.8871273516216882
    outer loop
      vertex -1.6268699243664742 -20.500000000000004 54.227877818048
      vertex -1.6268699243664742 -21.300000000000004 54.227877818048
      vertex -1.9820664450526237 -21.300000000000004 54.412667490541935
    endloop
  endfacet
  facet normal -0.4025156357739269 0 -0.915413110544912
    outer loop
      vertex -1.4831798076629639 -20.500000000000004 54.16469594091177
      vertex -1.4831798076629639 -21.300000000000004 54.16469594091177
      vertex -1.6268699243664742 -21.300000000000004 54.227877818048
    endloop
  endfacet
  facet normal -0.6494480358345994 0 0.7604059762722678
    outer loop
      vertex -1.4058082327246666 -20.500000000000004 53.83223029971123
      vertex -1.4058082327246666 -21.300000000000004 53.83223029971123
      vertex -1.1531376466155052 -21.300000000000004 54.048031359910965
    endloop
  endfacet
  facet normal -0.3331387802163662 0 -0.9428778039152007
    outer loop
      vertex -1.1531376466155052 -20.500000000000004 54.048031359910965
      vertex -1.1531376466155052 -21.300000000000004 54.048031359910965
      vertex -1.4728068113327026 -21.300000000000004 54.16097727417946
    endloop
  endfacet
  facet normal -0.33746494715341985 0 -0.9413380951829898
    outer loop
      vertex -1.4728068113327026 -20.500000000000004 54.16097727417946
      vertex -1.4728068113327026 -21.300000000000004 54.16097727417946
      vertex -1.4831798076629639 -21.300000000000004 54.16469594091177
    endloop
  endfacet
  facet normal 0.5992082669325726 0 0.8005931881047095
    outer loop
      vertex -1.4282367900013924 -20.500000000000004 55.4772203117609
      vertex -1.7266994640231133 -21.300000000000004 55.70060630142689
      vertex -1.4282367900013924 -21.300000000000004 55.4772203117609
    endloop
  endfacet
  facet normal 0.4615247144029124 0 0.8871273516216882
    outer loop
      vertex -1.0730402693152428 -20.500000000000004 55.29243063926697
      vertex -1.4282367900013924 -21.300000000000004 55.4772203117609
      vertex -1.0730402693152428 -21.300000000000004 55.29243063926697
    endloop
  endfacet
  facet normal 0.33313878221240095 0 0.9428778032099592
    outer loop
      vertex -0.6650015115737915 -20.500000000000004 55.14826186746359
      vertex -1.0730402693152428 -21.300000000000004 55.29243063926697
      vertex -0.6650015115737915 -21.300000000000004 55.14826186746359
    endloop
  endfacet
  facet normal 0.2180383699782946 0 0.9759401975619245
    outer loop
      vertex -0.20859107375144958 -20.500000000000004 55.046293541789055
      vertex -0.6650015115737915 -21.300000000000004 55.14826186746359
      vertex -0.20859107375144958 -21.300000000000004 55.046293541789055
    endloop
  endfacet
  facet normal 0.7363736846176779 0 0.6765750487585133
    outer loop
      vertex -1.7266994640231133 -20.500000000000004 55.70060630142689
      vertex -1.9651582762598991 -21.300000000000004 55.96014113724232
      vertex -1.7266994640231133 -21.300000000000004 55.70060630142689
    endloop
  endfacet
  facet normal 0.6087614079962163 0 -0.7933533564146964
    outer loop
      vertex 0.3140096515417099 -20.500000000000004 53.592066280543804
      vertex 0.5587784573435783 -21.300000000000004 53.77988398075104
      vertex 0.3140096515417099 -21.300000000000004 53.592066280543804
    endloop
  endfacet
  facet normal 0.11655280367456394 0 0.9931844964333658
    outer loop
      vertex 0.2911905199289322 -20.500000000000004 54.987642861902714
      vertex -0.20859107375144958 -21.300000000000004 55.046293541789055
      vertex 0.2911905199289322 -21.300000000000004 54.987642861902714
    endloop
  endfacet
  facet normal -0.027311890831169 0 -0.9996269607304648
    outer loop
      vertex 0.5587784573435783 -20.500000000000004 53.77988398075104
      vertex 0.796093262732029 -21.300000000000004 53.77340004593134
      vertex 0.5587784573435783 -21.300000000000004 53.77988398075104
    endloop
  endfacet
  facet normal 0.012149939381841631 0 -0.9999261867623118
    outer loop
      vertex 0.796093262732029 -20.500000000000004 53.77340004593134
      vertex 0.8907790258526802 -21.300000000000004 53.774550557136536
      vertex 0.796093262732029 -21.300000000000004 53.77340004593134
    endloop
  endfacet
  facet normal 0.05159289495124358 0 -0.9986681997493211
    outer loop
      vertex 0.8907790258526802 -20.500000000000004 53.774550557136536
      vertex 1.4604605957865715 -21.300000000000004 53.80398127436638
      vertex 0.8907790258526802 -21.300000000000004 53.774550557136536
    endloop
  endfacet
  facet normal 0.02731190872675779 0 0.9996269602415199
    outer loop
      vertex 0.8288675546646118 -20.500000000000004 54.97295239567757
      vertex 0.2911905199289322 -21.300000000000004 54.987642861902714
      vertex 0.8288675546646118 -21.300000000000004 54.97295239567757
    endloop
  endfacet
  facet normal -0.05159289495124358 0 0.9986681997493211
    outer loop
      vertex 1.3985491245985031 -20.500000000000004 55.00238311290741
      vertex 0.8288675546646118 -21.300000000000004 54.97295239567757
      vertex 1.3985491245985031 -21.300000000000004 55.00238311290741
    endloop
  endfacet
  facet normal 0.608761427707647 0 -0.7933533412895841
    outer loop
      vertex -3.501497156918049 -20.500000000000004 60.74464878439903
      vertex -3.501497156918049 -21.300000000000004 60.74464878439903
      vertex -4.720553480088711 -21.300000000000004 59.80923397094011
    endloop
  endfacet
  facet normal -0.9752361814485482 0 0.22116597928626958
    outer loop
      vertex -3.361843056976795 -20.500000000000004 57.94853966683149
      vertex -3.361843056976795 -21.300000000000004 57.94853966683149
      vertex -3.359405927360058 -21.300000000000004 57.959286242723465
    endloop
  endfacet
  facet normal -0.9573668854981381 0 0.28887479390143206
    outer loop
      vertex -3.359405927360058 -20.500000000000004 57.959286242723465
      vertex -3.359405927360058 -21.300000000000004 57.959286242723465
      vertex -3.3140619695186615 -21.300000000000004 58.10956174135208
    endloop
  endfacet
  facet normal -0.9364237766021044 0 0.35087107406318385
    outer loop
      vertex -3.3140619695186615 -20.500000000000004 58.10956174135208
      vertex -3.3140619695186615 -21.300000000000004 58.10956174135208
      vertex -3.162219390273094 -21.300000000000004 58.51480746269226
    endloop
  endfacet
  facet normal -0.9137343274390044 0 0.40631216922409585
    outer loop
      vertex -3.162219390273094 -20.500000000000004 58.51480746269226
      vertex -3.162219390273094 -21.300000000000004 58.51480746269226
      vertex -3.103829972445965 -21.300000000000004 58.64611639082432
    endloop
  endfacet
  facet normal -0.8877659289621479 0 0.4602951828707036
    outer loop
      vertex -3.103829972445965 -20.500000000000004 58.64611639082432
      vertex -3.103829972445965 -21.300000000000004 58.64611639082432
      vertex -2.888567268848419 -21.300000000000004 59.0612910464406
    endloop
  endfacet
  facet normal -0.8628977972563581 0 0.5053784636192219
    outer loop
      vertex -2.888567268848419 -20.500000000000004 59.0612910464406
      vertex -2.888567268848419 -21.300000000000004 59.0612910464406
      vertex -2.8261387571692467 -21.300000000000004 59.16788329184055
    endloop
  endfacet
  facet normal -0.8357421689398625 0 0.5491220511468231
    outer loop
      vertex -2.8261387571692467 -20.500000000000004 59.16788329184055
      vertex -2.8261387571692467 -21.300000000000004 59.16788329184055
      vertex -2.549814373254776 -21.300000000000004 59.588438138365746
    endloop
  endfacet
  facet normal 0.9364237766021044 0 -0.35087107406318385
    outer loop
      vertex -2.190353438258171 -20.500000000000004 57.688516452908516
      vertex -2.0385108590126038 -21.300000000000004 58.093762174248695
      vertex -2.190353438258171 -21.300000000000004 57.688516452908516
    endloop
  endfacet
  facet normal 0.8877659289621479 0 -0.4602951828707036
    outer loop
      vertex -2.0385108590126038 -20.500000000000004 58.093762174248695
      vertex -1.8232481554150581 -21.300000000000004 58.50893682986498
      vertex -2.0385108590126038 -21.300000000000004 58.093762174248695
    endloop
  endfacet
  facet normal -0.8103395987215745 0 0.5859605231956821
    outer loop
      vertex -2.549814373254776 -20.500000000000004 59.588438138365746
      vertex -2.549814373254776 -21.300000000000004 59.588438138365746
      vertex -2.486901082098484 -21.300000000000004 59.67544251680374
    endloop
  endfacet
  facet normal 0.5664062360209781 0 -0.8241261892432179
    outer loop
      vertex -2.2351556792855263 -20.500000000000004 61.61498116701841
      vertex -2.2351556792855263 -21.300000000000004 61.61498116701841
      vertex -3.501497156918049 -21.300000000000004 60.74464878439903
    endloop
  endfacet
  facet normal -0.783314426211995 0 0.621625699024882
    outer loop
      vertex -2.486901082098484 -20.500000000000004 59.67544251680374
      vertex -2.486901082098484 -21.300000000000004 59.67544251680374
      vertex -2.152542494237423 -21.300000000000004 60.096769861876965
    endloop
  endfacet
  facet normal -0.7581780414462617 0 0.6520475883466719
    outer loop
      vertex -2.152542494237423 -20.500000000000004 60.096769861876965
      vertex -2.152542494237423 -21.300000000000004 60.096769861876965
      vertex -2.0907983258366585 -21.300000000000004 60.168563812971115
    endloop
  endfacet
  facet normal -0.7318609541492263 0 0.6814539924248622
    outer loop
      vertex -2.0907983258366585 -20.500000000000004 60.168563812971115
      vertex -2.0907983258366585 -21.300000000000004 60.168563812971115
      vertex -1.7020688354969025 -21.300000000000004 60.586047515273094
    endloop
  endfacet
  facet normal -0.5664062374567599 0 0.8241261882564324
    outer loop
      vertex -4.265617981553078 -20.500000000000004 61.79637087881565
      vertex -4.265617981553078 -21.300000000000004 61.79637087881565
      vertex -2.9431864246726036 -21.300000000000004 62.70525290817022
    endloop
  endfacet
  facet normal -0.5224985563688924 0 0.8526401694691749
    outer loop
      vertex -2.9431864246726036 -20.500000000000004 62.70525290817022
      vertex -2.9431864246726036 -21.300000000000004 62.70525290817022
      vertex -2.1294060796499252 -21.300000000000004 63.20393813401461
    endloop
  endfacet
  facet normal -0.866025404755153 0 -0.4999999983186734
    outer loop
      vertex -2.1294060796499252 -20.500000000000004 63.20393813401461
      vertex -2.1294060796499252 -21.300000000000004 63.20393813401461
      vertex -3.3188947662711143 -21.300000000000004 65.26419298350811
    endloop
  endfacet
  facet normal -0.3214394657332937 0 0.9469301293490955
    outer loop
      vertex -3.3188947662711143 -20.500000000000004 65.26419298350811
      vertex -3.3188947662711143 -21.300000000000004 65.26419298350811
      vertex -2.3558285385370255 -21.300000000000004 65.5911099165678
    endloop
  endfacet
  facet normal -0.19509030117147802 0 0.9807852845494889
    outer loop
      vertex -2.3558285385370255 -20.500000000000004 65.5911099165678
      vertex -2.3558285385370255 -21.300000000000004 65.5911099165678
      vertex -2.0425116270780563 -21.300000000000004 65.65343251824379
    endloop
  endfacet
  facet normal 0.8357421689398625 0 -0.5491220511468231
    outer loop
      vertex -1.8232481554150581 -20.500000000000004 58.50893682986498
      vertex -1.5469237715005875 -21.300000000000004 58.92949167639017
      vertex -1.8232481554150581 -21.300000000000004 58.50893682986498
    endloop
  endfacet
  facet normal 0.783314426211995 0 -0.621625699024882
    outer loop
      vertex -1.5469237715005875 -20.500000000000004 58.92949167639017
      vertex -1.2125651836395264 -21.300000000000004 59.350819021463394
      vertex -1.5469237715005875 -21.300000000000004 58.92949167639017
    endloop
  endfacet
  facet normal 0.7318609541492263 0 -0.6814539924248622
    outer loop
      vertex -1.2125651836395264 -20.500000000000004 59.350819021463394
      vertex -0.8238356932997704 -21.300000000000004 59.76830272376537
      vertex -1.2125651836395264 -21.300000000000004 59.350819021463394
    endloop
  endfacet
  facet normal -0.7073007752329138 0 0.7069127339034988
    outer loop
      vertex -1.7020688354969025 -20.500000000000004 60.586047515273094
      vertex -1.7020688354969025 -21.300000000000004 60.586047515273094
      vertex -1.6420623138546944 -21.300000000000004 60.64608697593212
    endloop
  endfacet
  facet normal -0.6818555181547918 0 0.7314868777783101
    outer loop
      vertex -1.6420623138546944 -20.500000000000004 60.64608697593212
      vertex -1.6420623138546944 -21.300000000000004 60.64608697593212
      vertex -1.2032209187746048 -21.300000000000004 61.055152997374535
    endloop
  endfacet
  facet normal -0.6579116994328547 0 0.7530950774964428
    outer loop
      vertex -1.2032209187746048 -20.500000000000004 61.055152997374535
      vertex -1.2032209187746048 -21.300000000000004 61.055152997374535
      vertex -1.1449344232678413 -21.300000000000004 61.106072686612606
    endloop
  endfacet
  facet normal -0.8660254009642819 0 -0.5000000048846547
    outer loop
      vertex -0.9909502863883972 -20.500000000000004 61.2320748642087
      vertex -0.9909502863883972 -21.300000000000004 61.2320748642087
      vertex -1.4794060811400414 -21.300000000000004 62.078105106949806
    endloop
  endfacet
  facet normal 0.6818555181547918 0 -0.7314868777783101
    outer loop
      vertex -0.8238356932997704 -20.500000000000004 59.76830272376537
      vertex -0.3849942982196808 -21.300000000000004 60.17736874520779
      vertex -0.8238356932997704 -21.300000000000004 59.76830272376537
    endloop
  endfacet
  facet normal -0.6332834194606383 0 0.7739199639731754
    outer loop
      vertex -1.1449344232678413 -20.500000000000004 61.106072686612606
      vertex -1.1449344232678413 -21.300000000000004 61.106072686612606
      vertex -0.9909502863883972 -21.300000000000004 61.2320748642087
    endloop
  endfacet
  facet normal 0.6332834388717836 0 -0.7739199480894182
    outer loop
      vertex -0.3849942982196808 -20.500000000000004 60.17736874520779
      vertex 0.09915095567703247 -21.300000000000004 60.57353526353836
      vertex -0.3849942982196808 -21.300000000000004 60.17736874520779
    endloop
  endfacet
  facet normal 0.5858741474286943 0 -0.8104020504507009
    outer loop
      vertex 0.09915095567703247 -20.500000000000004 60.57353526353836
      vertex 0.6232956796884537 -21.300000000000004 60.952461801469326
      vertex 0.09915095567703247 -21.300000000000004 60.57353526353836
    endloop
  endfacet
  facet normal 0.5392226933850457 0 -0.842163218704413
    outer loop
      vertex 0.6232956796884537 -20.500000000000004 60.952461801469326
      vertex 1.1816972270607948 -21.300000000000004 61.309996753931046
      vertex 0.6232956796884537 -21.300000000000004 60.952461801469326
    endloop
  endfacet
  facet normal 0.522498556966215 0 -0.8526401691031351
    outer loop
      vertex -1.4794060811400414 -20.500000000000004 62.078105106949806
      vertex -1.4794060811400414 -21.300000000000004 62.078105106949806
      vertex -2.2351556792855263 -21.300000000000004 61.61498116701841
    endloop
  endfacet
  facet normal 0.8660254030876413 0 0.5000000012068884
    outer loop
      vertex -2.0425116270780563 -20.500000000000004 65.65343251824379
      vertex -2.0425116270780563 -21.300000000000004 65.65343251824379
      vertex -1.0035730600357056 -21.300000000000004 63.85393813997507
    endloop
  endfacet
  facet normal -0.4771587624914077 0 0.878817111450197
    outer loop
      vertex -1.0035730600357056 -20.500000000000004 63.85393813997507
      vertex -1.0035730600357056 -21.300000000000004 63.85393813997507
      vertex -0.16480881720781326 -21.300000000000004 64.30934996902943
    endloop
  endfacet
  facet normal 0.8660254036585207 0 0.5000000002180963
    outer loop
      vertex -0.3535730540752411 -20.500000000000004 62.72810511291027
      vertex -0.3535730540752411 -21.300000000000004 62.72810511291027
      vertex 0.05792626738548279 -21.300000000000004 62.0153673812747
    endloop
  endfacet
  facet normal -0.5392226964905129 0 0.8421632167160356
    outer loop
      vertex 0.05792626738548279 -20.500000000000004 62.0153673812747
      vertex 0.05792626738548279 -21.300000000000004 62.0153673812747
      vertex 0.5346299931406975 -21.300000000000004 62.3205926194787
    endloop
  endfacet
  facet normal 0.4771587669413462 0 -0.8788171090340777
    outer loop
      vertex 0.42537882924079895 -20.500000000000004 63.151041485369205
      vertex 0.42537882924079895 -21.300000000000004 63.151041485369205
      vertex -0.3535730540752411 -21.300000000000004 62.72810511291027
    endloop
  endfacet
  facet normal -0.5162243908889866 0 0.856453371907248
    outer loop
      vertex 0.5346299931406975 -20.500000000000004 62.3205926194787
      vertex 0.5346299931406975 -21.300000000000004 62.3205926194787
      vertex 0.5902798920869827 -21.300000000000004 62.354135408997536
    endloop
  endfacet
  facet normal -0.4928477799336172 0 0.870115547392704
    outer loop
      vertex 0.5902798920869827 -20.500000000000004 62.354135408997536
      vertex 0.5902798920869827 -21.300000000000004 62.354135408997536
      vertex 1.1768203005194664 -21.300000000000004 62.68636155873537
    endloop
  endfacet
  facet normal -0.4696947349216487 0 0.8828288939465462
    outer loop
      vertex 1.1768203005194664 -20.500000000000004 62.68636155873537
      vertex 1.1768203005194664 -21.300000000000004 62.68636155873537
      vertex 1.2327809780836105 -21.300000000000004 62.716134525835514
    endloop
  endfacet
  facet normal -0.43051109624222184 0 0.9025852846198638
    outer loop
      vertex -0.16480881720781326 -20.500000000000004 64.30934996902943
      vertex -0.16480881720781326 -21.300000000000004 64.30934996902943
      vertex 1.2835218906402588 -21.300000000000004 65.00016827881336
    endloop
  endfacet
  facet normal 0 -1 0
    outer loop
      vertex -11.25 -21.300000000000004 52.35686203092337
      vertex -10.864981167018414 -21.300000000000004 52.985155679285526
      vertex -11.25 -21.300000000000004 54
    endloop
  endfacet
  facet normal 0 -1 0
    outer loop
      vertex -5.525734908878803 -21.300000000000004 48.879406079649925
      vertex -11.25 -21.300000000000004 52.18431207537651
      vertex -11.25 -21.300000000000004 50.683201380074024
    endloop
  endfacet
  facet normal 0 -1 0
    outer loop
      vertex -10.864981167018414 -21.300000000000004 52.985155679285526
      vertex -9.994648784399033 -21.300000000000004 54.25149715691805
      vertex -11.25 -21.300000000000004 54
    endloop
  endfacet
  facet normal 0 -1 0
    outer loop
      vertex -11.25 -21.300000000000004 54
      vertex -9.994648784399033 -21.300000000000004 54.25149715691805
      vertex -11.197881929576397 -21.300000000000004 54.79516801983118
    endloop
  endfacet
  facet normal 0 -1 0
    outer loop
      vertex -11.197881929576397 -21.300000000000004 54.79516801983118
      vertex -9.994648784399033 -21.300000000000004 54.25149715691805
      vertex -11.046370878815651 -21.300000000000004 55.01561798155308
    endloop
  endfacet
  facet normal 0 -1 0
    outer loop
      vertex -11.046370878815651 -21.300000000000004 55.01561798155308
      vertex -9.994648784399033 -21.300000000000004 54.25149715691805
      vertex -9.059233970940113 -21.300000000000004 55.47055348008871
    endloop
  endfacet
  facet normal 0 -1 0
    outer loop
      vertex -11.046370878815651 -21.300000000000004 55.01561798155308
      vertex -9.059233970940113 -21.300000000000004 55.47055348008871
      vertex -10.069523721933365 -21.300000000000004 56.28866998851299
    endloop
  endfacet
  facet normal 0 -1 0
    outer loop
      vertex -10.069523721933365 -21.300000000000004 56.28866998851299
      vertex -9.059233970940113 -21.300000000000004 55.47055348008871
      vertex -8.061300627887249 -21.300000000000004 56.63898329436779
    endloop
  endfacet
  facet normal 0 -1 0
    outer loop
      vertex -10.069523721933365 -21.300000000000004 56.28866998851299
      vertex -8.061300627887249 -21.300000000000004 56.63898329436779
      vertex -9.027388900518417 -21.300000000000004 57.50885308533907
    endloop
  endfacet
  facet normal 0 -1 0
    outer loop
      vertex -9.027388900518417 -21.300000000000004 57.50885308533907
      vertex -8.061300627887249 -21.300000000000004 56.63898329436779
      vertex -7.003584027290344 -21.300000000000004 57.753584027290344
    endloop
  endfacet
  facet normal 0 -1 0
    outer loop
      vertex -9.027388900518417 -21.300000000000004 57.50885308533907
      vertex -7.003584027290344 -21.300000000000004 57.753584027290344
      vertex -7.922822840511799 -21.300000000000004 58.6728228405118
    endloop
  endfacet
  facet normal 0 -1 0
    outer loop
      vertex -7.922822840511799 -21.300000000000004 58.6728228405118
      vertex -7.003584027290344 -21.300000000000004 57.753584027290344
      vertex -5.88898329436779 -21.300000000000004 58.81130062788725
    endloop
  endfacet
  facet normal 0 -1 0
    outer loop
      vertex -7.922822840511799 -21.300000000000004 58.6728228405118
      vertex -5.88898329436779 -21.300000000000004 58.81130062788725
      vertex -6.758853085339069 -21.300000000000004 59.77738890051842
    endloop
  endfacet
  facet normal 0 -1 0
    outer loop
      vertex -6.758853085339069 -21.300000000000004 59.77738890051842
      vertex -5.88898329436779 -21.300000000000004 58.81130062788725
      vertex -4.720553480088711 -21.300000000000004 59.80923397094011
    endloop
  endfacet
  facet normal 0 -1 0
    outer loop
      vertex -6.758853085339069 -21.300000000000004 59.77738890051842
      vertex -4.720553480088711 -21.300000000000004 59.80923397094011
      vertex -5.538669988512993 -21.300000000000004 60.819523721933365
    endloop
  endfacet
  facet normal 0 -1 0
    outer loop
      vertex -5.245888367295265 -21.300000000000004 49.33607414364815
      vertex -3.5225128307938576 -21.300000000000004 49.54921513795853
      vertex -4.574234925210476 -21.300000000000004 50.313335962593555
    endloop
  endfacet
  facet normal 0 -1 0
    outer loop
      vertex -4.574234925210476 -21.300000000000004 50.313335962593555
      vertex -3.5225128307938576 -21.300000000000004 49.54921513795853
      vertex -2.842066280543804 -21.300000000000004 50.43599034845829
    endloop
  endfacet
  facet normal 0 -1 0
    outer loop
      vertex -4.574234925210476 -21.300000000000004 50.313335962593555
      vertex -2.842066280543804 -21.300000000000004 50.43599034845829
      vertex -3.8523560240864754 -21.300000000000004 51.25410685688257
    endloop
  endfacet
  facet normal 0 -1 0
    outer loop
      vertex -3.8523560240864754 -21.300000000000004 51.25410685688257
      vertex -2.842066280543804 -21.300000000000004 50.43599034845829
      vertex -2.116142027080059 -21.300000000000004 51.28593844920397
    endloop
  endfacet
  facet normal 0 -1 0
    outer loop
      vertex -3.8523560240864754 -21.300000000000004 51.25410685688257
      vertex -2.116142027080059 -21.300000000000004 51.28593844920397
      vertex -3.0822302997112274 -21.300000000000004 52.15580823272467
    endloop
  endfacet
  facet normal 0 -1 0
    outer loop
      vertex -2.116142027080059 -21.300000000000004 51.28593844920397
      vertex -1.3467297777533531 -21.300000000000004 52.09672977775335
      vertex -3.0822302997112274 -21.300000000000004 52.15580823272467
    endloop
  endfacet
  facet normal 0 -1 0
    outer loop
      vertex -3.0822302997112274 -21.300000000000004 52.15580823272467
      vertex -1.3467297777533531 -21.300000000000004 52.09672977775335
      vertex -2.2659685909748077 -21.300000000000004 53.01596859097481
    endloop
  endfacet
  facet normal 0 -1 0
    outer loop
      vertex -3.1697778031229973 -21.300000000000004 55.63522932678461
      vertex -2.993935465812683 -21.300000000000004 55.34238916635513
      vertex -1.9651582762598991 -21.300000000000004 55.96014113724232
    endloop
  endfacet
  facet normal 0 -1 0
    outer loop
      vertex -2.610347881913185 -21.300000000000004 54.888716243207455
      vertex -2.4968152344226837 -21.300000000000004 54.780322812497616
      vertex -1.7266994640231133 -21.300000000000004 55.70060630142689
    endloop
  endfacet
  facet normal 0 -1 0
    outer loop
      vertex -2.993935465812683 -21.300000000000004 55.34238916635513
      vertex -2.9045013189315796 -21.300000000000004 55.21339175105095
      vertex -1.9651582762598991 -21.300000000000004 55.96014113724232
    endloop
  endfacet
  facet normal 0 -1 0
    outer loop
      vertex -2.848806694149971 -21.300000000000004 55.148251079022884
      vertex -1.9651582762598991 -21.300000000000004 55.96014113724232
      vertex -2.9045013189315796 -21.300000000000004 55.21339175105095
    endloop
  endfacet
  facet normal 0 -1 0
    outer loop
      vertex -2.848806694149971 -21.300000000000004 55.148251079022884
      vertex -2.610347881913185 -21.300000000000004 54.888716243207455
      vertex -1.7266994640231133 -21.300000000000004 55.70060630142689
    endloop
  endfacet
  facet normal 0 -1 0
    outer loop
      vertex -2.4968152344226837 -21.300000000000004 54.780322812497616
      vertex -2.4457493871450424 -21.300000000000004 54.73989447206259
      vertex -1.7266994640231133 -21.300000000000004 55.70060630142689
    endloop
  endfacet
  facet normal 0 -1 0
    outer loop
      vertex -2.1472867131233215 -21.300000000000004 54.5165084823966
      vertex -1.7266994640231133 -21.300000000000004 55.70060630142689
      vertex -2.4457493871450424 -21.300000000000004 54.73989447206259
    endloop
  endfacet
  facet normal 0 -1 0
    outer loop
      vertex -2.848806694149971 -21.300000000000004 55.148251079022884
      vertex -1.7266994640231133 -21.300000000000004 55.70060630142689
      vertex -1.9651582762598991 -21.300000000000004 55.96014113724232
    endloop
  endfacet
  facet normal 0 -1 0
    outer loop
      vertex -3.4422420412302017 -21.300000000000004 56.42087726294994
      vertex -2.2522999197244644 -21.300000000000004 56.57591837644577
      vertex -3.4877788946032524 -21.300000000000004 56.770373083651066
    endloop
  endfacet
  facet normal 0 -1 0
    outer loop
      vertex -3.2755113020539284 -21.300000000000004 55.86197555065155
      vertex -3.2147689163684845 -21.300000000000004 55.717237301170826
      vertex -2.1410006135702133 -21.300000000000004 56.252981297671795
    endloop
  endfacet
  facet normal 0 -1 0
    outer loop
      vertex -3.2755113020539284 -21.300000000000004 55.86197555065155
      vertex -2.1410006135702133 -21.300000000000004 56.252981297671795
      vertex -3.3868106082081795 -21.300000000000004 56.184912629425526
    endloop
  endfacet
  facet normal 0 -1 0
    outer loop
      vertex -3.1697778031229973 -21.300000000000004 55.63522932678461
      vertex -2.1410006135702133 -21.300000000000004 56.252981297671795
      vertex -3.2147689163684845 -21.300000000000004 55.717237301170826
    endloop
  endfacet
  facet normal 0 -1 0
    outer loop
      vertex -3.3868106082081795 -21.300000000000004 56.184912629425526
      vertex -2.2522999197244644 -21.300000000000004 56.57591837644577
      vertex -3.411824993789196 -21.300000000000004 56.26688504964113
    endloop
  endfacet
  facet normal 0 -1 0
    outer loop
      vertex -3.4422420412302017 -21.300000000000004 56.42087726294994
      vertex -3.411824993789196 -21.300000000000004 56.26688504964113
      vertex -2.2522999197244644 -21.300000000000004 56.57591837644577
    endloop
  endfacet
  facet normal 0 -1 0
    outer loop
      vertex -3.4877788946032524 -21.300000000000004 56.770373083651066
      vertex -2.297836773097515 -21.300000000000004 56.92541419714689
      vertex -3.494438149034977 -21.300000000000004 56.83516375720501
    endloop
  endfacet
  facet normal 0 -1 0
    outer loop
      vertex -3.494438149034977 -21.300000000000004 56.83516375720501
      vertex -2.297836773097515 -21.300000000000004 56.92541419714689
      vertex -3.495981104671955 -21.300000000000004 56.99212368577719
    endloop
  endfacet
  facet normal 0 -1 0
    outer loop
      vertex -3.495981104671955 -21.300000000000004 56.99212368577719
      vertex -2.277112253010273 -21.300000000000004 57.29763961583376
      vertex -3.475256584584713 -21.300000000000004 57.364349104464054
    endloop
  endfacet
  facet normal 0 -1 0
    outer loop
      vertex -3.4725194573402405 -21.300000000000004 57.40252821147442
      vertex -3.475256584584713 -21.300000000000004 57.364349104464054
      vertex -2.277112253010273 -21.300000000000004 57.29763961583376
    endloop
  endfacet
  facet normal 0 -1 0
    outer loop
      vertex -3.4725194573402405 -21.300000000000004 57.40252821147442
      vertex -2.277112253010273 -21.300000000000004 57.29763961583376
      vertex -3.448601871728897 -21.300000000000004 57.55766282975674
    endloop
  endfacet
  facet normal 0 -1 0
    outer loop
      vertex -3.4877788946032524 -21.300000000000004 56.770373083651066
      vertex -2.2522999197244644 -21.300000000000004 56.57591837644577
      vertex -2.297836773097515 -21.300000000000004 56.92541419714689
    endloop
  endfacet
  facet normal 0 -1 0
    outer loop
      vertex -3.495981104671955 -21.300000000000004 56.99212368577719
      vertex -2.297836773097515 -21.300000000000004 56.92541419714689
      vertex -2.277112253010273 -21.300000000000004 57.29763961583376
    endloop
  endfacet
  facet normal 0 -1 0
    outer loop
      vertex -3.448601871728897 -21.300000000000004 57.55766282975674
      vertex -2.190353438258171 -21.300000000000004 57.688516452908516
      vertex -3.361843056976795 -21.300000000000004 57.94853966683149
    endloop
  endfacet
  facet normal 0 -1 0
    outer loop
      vertex -3.1697778031229973 -21.300000000000004 55.63522932678461
      vertex -1.9651582762598991 -21.300000000000004 55.96014113724232
      vertex -2.1410006135702133 -21.300000000000004 56.252981297671795
    endloop
  endfacet
  facet normal 0 -1 0
    outer loop
      vertex -3.3868106082081795 -21.300000000000004 56.184912629425526
      vertex -2.1410006135702133 -21.300000000000004 56.252981297671795
      vertex -2.2522999197244644 -21.300000000000004 56.57591837644577
    endloop
  endfacet
  facet normal 0 -1 0
    outer loop
      vertex -3.448601871728897 -21.300000000000004 57.55766282975674
      vertex -2.277112253010273 -21.300000000000004 57.29763961583376
      vertex -2.190353438258171 -21.300000000000004 57.688516452908516
    endloop
  endfacet
  facet normal 0 -1 0
    outer loop
      vertex -2.2659685909748077 -21.300000000000004 53.01596859097481
      vertex -1.3467297777533531 -21.300000000000004 52.09672977775335
      vertex -0.535938449203968 -21.300000000000004 52.86614202708006
    endloop
  endfacet
  facet normal 0 -1 0
    outer loop
      vertex -2.2659685909748077 -21.300000000000004 53.01596859097481
      vertex -0.535938449203968 -21.300000000000004 52.86614202708006
      vertex -1.4058082327246666 -21.300000000000004 53.83223029971123
    endloop
  endfacet
  facet normal 0 -1 0
    outer loop
      vertex -0.535938449203968 -21.300000000000004 52.86614202708006
      vertex -1.1531376466155052 -21.300000000000004 54.048031359910965
      vertex -1.4058082327246666 -21.300000000000004 53.83223029971123
    endloop
  endfacet
  facet normal 0 -1 0
    outer loop
      vertex -0.535938449203968 -21.300000000000004 52.86614202708006
      vertex 0.3140096515417099 -21.300000000000004 53.592066280543804
      vertex -1.1531376466155052 -21.300000000000004 54.048031359910965
    endloop
  endfacet
  facet normal 0 -1 0
    outer loop
      vertex -1.9820664450526237 -21.300000000000004 54.412667490541935
      vertex -1.6268699243664742 -21.300000000000004 54.227877818048
      vertex -1.0730402693152428 -21.300000000000004 55.29243063926697
    endloop
  endfacet
  facet normal 0 -1 0
    outer loop
      vertex -1.6268699243664742 -21.300000000000004 54.227877818048
      vertex -1.4831798076629639 -21.300000000000004 54.16469594091177
      vertex -1.0730402693152428 -21.300000000000004 55.29243063926697
    endloop
  endfacet
  facet normal 0 -1 0
    outer loop
      vertex -1.4831798076629639 -21.300000000000004 54.16469594091177
      vertex -1.4728068113327026 -21.300000000000004 54.16097727417946
      vertex -1.0730402693152428 -21.300000000000004 55.29243063926697
    endloop
  endfacet
  facet normal 0 -1 0
    outer loop
      vertex -1.1531376466155052 -21.300000000000004 54.048031359910965
      vertex -1.0730402693152428 -21.300000000000004 55.29243063926697
      vertex -1.4728068113327026 -21.300000000000004 54.16097727417946
    endloop
  endfacet
  facet normal 0 -1 0
    outer loop
      vertex -2.0157370790839195 -21.300000000000004 54.43087266385555
      vertex -1.9820664450526237 -21.300000000000004 54.412667490541935
      vertex -1.4282367900013924 -21.300000000000004 55.4772203117609
    endloop
  endfacet
  facet normal 0 -1 0
    outer loop
      vertex -2.1472867131233215 -21.300000000000004 54.5165084823966
      vertex -2.0157370790839195 -21.300000000000004 54.43087266385555
      vertex -1.4282367900013924 -21.300000000000004 55.4772203117609
    endloop
  endfacet
  facet normal 0 -1 0
    outer loop
      vertex -1.9820664450526237 -21.300000000000004 54.412667490541935
      vertex -1.0730402693152428 -21.300000000000004 55.29243063926697
      vertex -1.4282367900013924 -21.300000000000004 55.4772203117609
    endloop
  endfacet
  facet normal 0 -1 0
    outer loop
      vertex -2.1472867131233215 -21.300000000000004 54.5165084823966
      vertex -1.4282367900013924 -21.300000000000004 55.4772203117609
      vertex -1.7266994640231133 -21.300000000000004 55.70060630142689
    endloop
  endfacet
  facet normal 0 -1 0
    outer loop
      vertex -1.1531376466155052 -21.300000000000004 54.048031359910965
      vertex -0.6650015115737915 -21.300000000000004 55.14826186746359
      vertex -1.0730402693152428 -21.300000000000004 55.29243063926697
    endloop
  endfacet
  facet normal 0 -1 0
    outer loop
      vertex -1.1531376466155052 -21.300000000000004 54.048031359910965
      vertex -0.20859107375144958 -21.300000000000004 55.046293541789055
      vertex -0.6650015115737915 -21.300000000000004 55.14826186746359
    endloop
  endfacet
  facet normal 0 -1 0
    outer loop
      vertex 0.3140096515417099 -21.300000000000004 53.592066280543804
      vertex 0.5587784573435783 -21.300000000000004 53.77988398075104
      vertex -1.1531376466155052 -21.300000000000004 54.048031359910965
    endloop
  endfacet
  facet normal 0 -1 0
    outer loop
      vertex -1.1531376466155052 -21.300000000000004 54.048031359910965
      vertex 0.5587784573435783 -21.300000000000004 53.77988398075104
      vertex -0.20859107375144958 -21.300000000000004 55.046293541789055
    endloop
  endfacet
  facet normal 0 -1 0
    outer loop
      vertex -0.20859107375144958 -21.300000000000004 55.046293541789055
      vertex 0.5587784573435783 -21.300000000000004 53.77988398075104
      vertex 0.2911905199289322 -21.300000000000004 54.987642861902714
    endloop
  endfacet
  facet normal 0 -1 0
    outer loop
      vertex 0.2911905199289322 -21.300000000000004 54.987642861902714
      vertex 0.5587784573435783 -21.300000000000004 53.77988398075104
      vertex 0.8288675546646118 -21.300000000000004 54.97295239567757
    endloop
  endfacet
  facet normal 0 -1 0
    outer loop
      vertex 0.5587784573435783 -21.300000000000004 53.77988398075104
      vertex 0.796093262732029 -21.300000000000004 53.77340004593134
      vertex 0.8288675546646118 -21.300000000000004 54.97295239567757
    endloop
  endfacet
  facet normal 0 -1 0
    outer loop
      vertex 0.796093262732029 -21.300000000000004 53.77340004593134
      vertex 0.8907790258526802 -21.300000000000004 53.774550557136536
      vertex 0.8288675546646118 -21.300000000000004 54.97295239567757
    endloop
  endfacet
  facet normal 0 -1 0
    outer loop
      vertex 0.8907790258526802 -21.300000000000004 53.774550557136536
      vertex 1.4604605957865715 -21.300000000000004 53.80398127436638
      vertex 0.8288675546646118 -21.300000000000004 54.97295239567757
    endloop
  endfacet
  facet normal 0 -1 0
    outer loop
      vertex 0.8288675546646118 -21.300000000000004 54.97295239567757
      vertex 1.4604605957865715 -21.300000000000004 53.80398127436638
      vertex 1.3985491245985031 -21.300000000000004 55.00238311290741
    endloop
  endfacet
  facet normal 0 -1 0
    outer loop
      vertex -5.538669988512993 -21.300000000000004 60.819523721933365
      vertex -4.720553480088711 -21.300000000000004 59.80923397094011
      vertex -3.501497156918049 -21.300000000000004 60.74464878439903
    endloop
  endfacet
  facet normal 0 -1 0
    outer loop
      vertex -5.538669988512993 -21.300000000000004 60.819523721933365
      vertex -3.501497156918049 -21.300000000000004 60.74464878439903
      vertex -4.265617981553078 -21.300000000000004 61.79637087881565
    endloop
  endfacet
  facet normal 0 -1 0
    outer loop
      vertex -2.190353438258171 -21.300000000000004 57.688516452908516
      vertex -3.359405927360058 -21.300000000000004 57.959286242723465
      vertex -3.361843056976795 -21.300000000000004 57.94853966683149
    endloop
  endfacet
  facet normal 0 -1 0
    outer loop
      vertex -2.190353438258171 -21.300000000000004 57.688516452908516
      vertex -3.3140619695186615 -21.300000000000004 58.10956174135208
      vertex -3.359405927360058 -21.300000000000004 57.959286242723465
    endloop
  endfacet
  facet normal 0 -1 0
    outer loop
      vertex -2.190353438258171 -21.300000000000004 57.688516452908516
      vertex -3.162219390273094 -21.300000000000004 58.51480746269226
      vertex -3.3140619695186615 -21.300000000000004 58.10956174135208
    endloop
  endfacet
  facet normal 0 -1 0
    outer loop
      vertex -3.162219390273094 -21.300000000000004 58.51480746269226
      vertex -2.0385108590126038 -21.300000000000004 58.093762174248695
      vertex -3.103829972445965 -21.300000000000004 58.64611639082432
    endloop
  endfacet
  facet normal 0 -1 0
    outer loop
      vertex -3.103829972445965 -21.300000000000004 58.64611639082432
      vertex -2.0385108590126038 -21.300000000000004 58.093762174248695
      vertex -2.888567268848419 -21.300000000000004 59.0612910464406
    endloop
  endfacet
  facet normal 0 -1 0
    outer loop
      vertex -2.190353438258171 -21.300000000000004 57.688516452908516
      vertex -2.0385108590126038 -21.300000000000004 58.093762174248695
      vertex -3.162219390273094 -21.300000000000004 58.51480746269226
    endloop
  endfacet
  facet normal 0 -1 0
    outer loop
      vertex -2.888567268848419 -21.300000000000004 59.0612910464406
      vertex -2.0385108590126038 -21.300000000000004 58.093762174248695
      vertex -1.8232481554150581 -21.300000000000004 58.50893682986498
    endloop
  endfacet
  facet normal 0 -1 0
    outer loop
      vertex -2.888567268848419 -21.300000000000004 59.0612910464406
      vertex -1.8232481554150581 -21.300000000000004 58.50893682986498
      vertex -2.8261387571692467 -21.300000000000004 59.16788329184055
    endloop
  endfacet
  facet normal 0 -1 0
    outer loop
      vertex -2.8261387571692467 -21.300000000000004 59.16788329184055
      vertex -1.5469237715005875 -21.300000000000004 58.92949167639017
      vertex -2.549814373254776 -21.300000000000004 59.588438138365746
    endloop
  endfacet
  facet normal 0 -1 0
    outer loop
      vertex -2.8261387571692467 -21.300000000000004 59.16788329184055
      vertex -1.8232481554150581 -21.300000000000004 58.50893682986498
      vertex -1.5469237715005875 -21.300000000000004 58.92949167639017
    endloop
  endfacet
  facet normal 0 -1 0
    outer loop
      vertex -2.549814373254776 -21.300000000000004 59.588438138365746
      vertex -1.5469237715005875 -21.300000000000004 58.92949167639017
      vertex -2.486901082098484 -21.300000000000004 59.67544251680374
    endloop
  endfacet
  facet normal 0 -1 0
    outer loop
      vertex -2.486901082098484 -21.300000000000004 59.67544251680374
      vertex -1.2125651836395264 -21.300000000000004 59.350819021463394
      vertex -2.152542494237423 -21.300000000000004 60.096769861876965
    endloop
  endfacet
  facet normal 0 -1 0
    outer loop
      vertex -4.265617981553078 -21.300000000000004 61.79637087881565
      vertex -3.501497156918049 -21.300000000000004 60.74464878439903
      vertex -2.2351556792855263 -21.300000000000004 61.61498116701841
    endloop
  endfacet
  facet normal 0 -1 0
    outer loop
      vertex -4.265617981553078 -21.300000000000004 61.79637087881565
      vertex -2.2351556792855263 -21.300000000000004 61.61498116701841
      vertex -2.9431864246726036 -21.300000000000004 62.70525290817022
    endloop
  endfacet
  facet normal 0 -1 0
    outer loop
      vertex -2.2351556792855263 -21.300000000000004 61.61498116701841
      vertex -1.4794060811400414 -21.300000000000004 62.078105106949806
      vertex -2.9431864246726036 -21.300000000000004 62.70525290817022
    endloop
  endfacet
  facet normal 0 -1 0
    outer loop
      vertex -2.9431864246726036 -21.300000000000004 62.70525290817022
      vertex -1.4794060811400414 -21.300000000000004 62.078105106949806
      vertex -2.1294060796499252 -21.300000000000004 63.20393813401461
    endloop
  endfacet
  facet normal 0 -1 0
    outer loop
      vertex -2.1294060796499252 -21.300000000000004 63.20393813401461
      vertex -2.3558285385370255 -21.300000000000004 65.5911099165678
      vertex -3.3188947662711143 -21.300000000000004 65.26419298350811
    endloop
  endfacet
  facet normal 0 -1 0
    outer loop
      vertex -2.1294060796499252 -21.300000000000004 63.20393813401461
      vertex -2.0425116270780563 -21.300000000000004 65.65343251824379
      vertex -2.3558285385370255 -21.300000000000004 65.5911099165678
    endloop
  endfacet
  facet normal 0 -1 0
    outer loop
      vertex -2.486901082098484 -21.300000000000004 59.67544251680374
      vertex -1.5469237715005875 -21.300000000000004 58.92949167639017
      vertex -1.2125651836395264 -21.300000000000004 59.350819021463394
    endloop
  endfacet
  facet normal 0 -1 0
    outer loop
      vertex -2.0907983258366585 -21.300000000000004 60.168563812971115
      vertex -1.2125651836395264 -21.300000000000004 59.350819021463394
      vertex -0.8238356932997704 -21.300000000000004 59.76830272376537
    endloop
  endfacet
  facet normal 0 -1 0
    outer loop
      vertex -2.152542494237423 -21.300000000000004 60.096769861876965
      vertex -1.2125651836395264 -21.300000000000004 59.350819021463394
      vertex -2.0907983258366585 -21.300000000000004 60.168563812971115
    endloop
  endfacet
  facet normal 0 -1 0
    outer loop
      vertex -2.0907983258366585 -21.300000000000004 60.168563812971115
      vertex -0.8238356932997704 -21.300000000000004 59.76830272376537
      vertex -1.7020688354969025 -21.300000000000004 60.586047515273094
    endloop
  endfacet
  facet normal 0 -1 0
    outer loop
      vertex -0.8238356932997704 -21.300000000000004 59.76830272376537
      vertex -1.6420623138546944 -21.300000000000004 60.64608697593212
      vertex -1.7020688354969025 -21.300000000000004 60.586047515273094
    endloop
  endfacet
  facet normal 0 -1 0
    outer loop
      vertex -0.8238356932997704 -21.300000000000004 59.76830272376537
      vertex -0.3849942982196808 -21.300000000000004 60.17736874520779
      vertex -1.6420623138546944 -21.300000000000004 60.64608697593212
    endloop
  endfacet
  facet normal 0 -1 0
    outer loop
      vertex -1.6420623138546944 -21.300000000000004 60.64608697593212
      vertex -0.3849942982196808 -21.300000000000004 60.17736874520779
      vertex -1.2032209187746048 -21.300000000000004 61.055152997374535
    endloop
  endfacet
  facet normal 0 -1 0
    outer loop
      vertex -1.2032209187746048 -21.300000000000004 61.055152997374535
      vertex -0.3849942982196808 -21.300000000000004 60.17736874520779
      vertex -1.1449344232678413 -21.300000000000004 61.106072686612606
    endloop
  endfacet
  facet normal 0 -1 0
    outer loop
      vertex -1.1449344232678413 -21.300000000000004 61.106072686612606
      vertex -0.3849942982196808 -21.300000000000004 60.17736874520779
      vertex -0.9909502863883972 -21.300000000000004 61.2320748642087
    endloop
  endfacet
  facet normal 0 -1 0
    outer loop
      vertex -0.3849942982196808 -21.300000000000004 60.17736874520779
      vertex -0.3535730540752411 -21.300000000000004 62.72810511291027
      vertex -0.9909502863883972 -21.300000000000004 61.2320748642087
    endloop
  endfacet
  facet normal 0 -1 0
    outer loop
      vertex -0.3849942982196808 -21.300000000000004 60.17736874520779
      vertex 0.09915095567703247 -21.300000000000004 60.57353526353836
      vertex 0.05792626738548279 -21.300000000000004 62.0153673812747
    endloop
  endfacet
  facet normal 0 -1 0
    outer loop
      vertex -0.3849942982196808 -21.300000000000004 60.17736874520779
      vertex 0.05792626738548279 -21.300000000000004 62.0153673812747
      vertex -0.3535730540752411 -21.300000000000004 62.72810511291027
    endloop
  endfacet
  facet normal 0 -1 0
    outer loop
      vertex 0.09915095567703247 -21.300000000000004 60.57353526353836
      vertex 0.6232956796884537 -21.300000000000004 60.952461801469326
      vertex 0.05792626738548279 -21.300000000000004 62.0153673812747
    endloop
  endfacet
  facet normal 0 -1 0
    outer loop
      vertex 0.6232956796884537 -21.300000000000004 60.952461801469326
      vertex 1.1816972270607948 -21.300000000000004 61.309996753931046
      vertex 0.05792626738548279 -21.300000000000004 62.0153673812747
    endloop
  endfacet
  facet normal 0 -1 0
    outer loop
      vertex -0.9909502863883972 -21.300000000000004 61.2320748642087
      vertex -1.0035730600357056 -21.300000000000004 63.85393813997507
      vertex -1.4794060811400414 -21.300000000000004 62.078105106949806
    endloop
  endfacet
  facet normal 0 -1 0
    outer loop
      vertex -2.1294060796499252 -21.300000000000004 63.20393813401461
      vertex -1.4794060811400414 -21.300000000000004 62.078105106949806
      vertex -1.0035730600357056 -21.300000000000004 63.85393813997507
    endloop
  endfacet
  facet normal 0 -1 0
    outer loop
      vertex -0.9909502863883972 -21.300000000000004 61.2320748642087
      vertex -0.3535730540752411 -21.300000000000004 62.72810511291027
      vertex -1.0035730600357056 -21.300000000000004 63.85393813997507
    endloop
  endfacet
  facet normal 0 -1 0
    outer loop
      vertex -0.3535730540752411 -21.300000000000004 62.72810511291027
      vertex -0.16480881720781326 -21.300000000000004 64.30934996902943
      vertex -1.0035730600357056 -21.300000000000004 63.85393813997507
    endloop
  endfacet
  facet normal 0 -1 0
    outer loop
      vertex -2.1294060796499252 -21.300000000000004 63.20393813401461
      vertex -1.0035730600357056 -21.300000000000004 63.85393813997507
      vertex -2.0425116270780563 -21.300000000000004 65.65343251824379
    endloop
  endfacet
  facet normal 0 -1 0
    outer loop
      vertex -0.3535730540752411 -21.300000000000004 62.72810511291027
      vertex 0.42537882924079895 -21.300000000000004 63.151041485369205
      vertex -0.16480881720781326 -21.300000000000004 64.30934996902943
    endloop
  endfacet
  facet normal 0 -1 0
    outer loop
      vertex 1.1816972270607948 -21.300000000000004 61.309996753931046
      vertex 0.5346299931406975 -21.300000000000004 62.3205926194787
      vertex 0.05792626738548279 -21.300000000000004 62.0153673812747
    endloop
  endfacet
  facet normal 0 -1 0
    outer loop
      vertex 1.1816972270607948 -21.300000000000004 61.309996753931046
      vertex 0.5902798920869827 -21.300000000000004 62.354135408997536
      vertex 0.5346299931406975 -21.300000000000004 62.3205926194787
    endloop
  endfacet
  facet normal 0 -1 0
    outer loop
      vertex 1.1816972270607948 -21.300000000000004 61.309996753931046
      vertex 1.1768203005194664 -21.300000000000004 62.68636155873537
      vertex 0.5902798920869827 -21.300000000000004 62.354135408997536
    endloop
  endfacet
  facet normal 0 -1 0
    outer loop
      vertex 0.42537882924079895 -21.300000000000004 63.151041485369205
      vertex 1.2835218906402588 -21.300000000000004 65.00016827881336
      vertex -0.16480881720781326 -21.300000000000004 64.30934996902943
    endloop
  endfacet
  facet normal 0 -1 0
    outer loop
      vertex 0.42537882924079895 -21.300000000000004 63.151041485369205
      vertex 1.8122795224189758 -21.300000000000004 63.81255917996168
      vertex 1.2835218906402588 -21.300000000000004 65.00016827881336
    endloop
  endfacet
  facet normal 0.0868823755661816 0 -0.9962185768273832
    outer loop
      vertex 1.4604605957865715 -20.500000000000004 53.80398127436638
      vertex 1.5450249388813972 -21.300000000000004 53.81135631352663
      vertex 1.4604605957865715 -21.300000000000004 53.80398127436638
    endloop
  endfacet
  facet normal 0.12206317607454789 0 -0.9925223327696934
    outer loop
      vertex 1.5450249388813972 -20.500000000000004 53.81135631352663
      vertex 2.1404694989323616 -21.300000000000004 53.88458575308323
      vertex 1.5450249388813972 -21.300000000000004 53.81135631352663
    endloop
  endfacet
  facet normal -0.12206317607454789 0 0.9925223327696934
    outer loop
      vertex 1.9939936846494675 -20.500000000000004 55.07561255246401
      vertex 1.3985491245985031 -21.300000000000004 55.00238311290741
      vertex 1.9939936846494675 -21.300000000000004 55.07561255246401
    endloop
  endfacet
  facet normal 0.15400687990864423 0 -0.9880697753401854
    outer loop
      vertex 2.1404694989323616 -20.500000000000004 53.88458575308323
      vertex 2.2169420793652534 -21.300000000000004 53.89650525897741
      vertex 2.1404694989323616 -21.300000000000004 53.88458575308323
    endloop
  endfacet
  facet normal 0.1857903294757379 0 -0.9825894124573583
    outer loop
      vertex 2.2169420793652534 -20.500000000000004 53.89650525897741
      vertex 2.831625811755657 -21.300000000000004 54.01273111253977
      vertex 2.2169420793652534 -21.300000000000004 53.89650525897741
    endloop
  endfacet
  facet normal -0.1857903294757379 0 0.9825894124573583
    outer loop
      vertex 2.608677417039871 -20.500000000000004 55.19183840602636
      vertex 1.9939936846494675 -21.300000000000004 55.07561255246401
      vertex 2.608677417039871 -21.300000000000004 55.19183840602636
    endloop
  endfacet
  facet normal 0.2150970094483277 0 -0.9765926871149435
    outer loop
      vertex 2.831625811755657 -20.500000000000004 54.01273111253977
      vertex 2.90173102915287 -21.300000000000004 54.028171963989735
      vertex 2.831625811755657 -21.300000000000004 54.01273111253977
    endloop
  endfacet
  facet normal 0.24421131025225362 0 -0.9697220405584672
    outer loop
      vertex 2.90173102915287 -20.500000000000004 54.028171963989735
      vertex 3.134396009147167 -21.300000000000004 54.086765475571156
      vertex 2.90173102915287 -21.300000000000004 54.028171963989735
    endloop
  endfacet
  facet normal -0.8660254038609159 0 -0.49999999986753735
    outer loop
      vertex 3.134396009147167 -20.500000000000004 54.086765475571156
      vertex 3.87153689989981 -21.300000000000004 52.81
      vertex 3.134396009147167 -21.300000000000004 54.086765475571156
    endloop
  endfacet
  facet normal -0.2442113429160766 0 0.969722032332527
    outer loop
      vertex 3.2358657121658325 -20.500000000000004 55.34978727251291
      vertex 2.608677417039871 -21.300000000000004 55.19183840602636
      vertex 3.2358657121658325 -21.300000000000004 55.34978727251291
    endloop
  endfacet
  facet normal -0.2985287838312991 0 0.9544006314039222
    outer loop
      vertex 3.8686869740486145 -20.500000000000004 55.54772863537073
      vertex 3.2358657121658325 -21.300000000000004 55.34978727251291
      vertex 3.8686869740486145 -21.300000000000004 55.54772863537073
    endloop
  endfacet
  facet normal -0.34975074077425294 0 0.9368427932838366
    outer loop
      vertex 4.500207878649235 -20.500000000000004 55.78349380940199
      vertex 3.8686869740486145 -21.300000000000004 55.54772863537073
      vertex 4.500207878649235 -21.300000000000004 55.78349380940199
    endloop
  endfacet
  facet normal 0.8660254038812841 -5.69789110703309e-17 0.4999999998322587
    outer loop
      vertex 4.41400683671236 -21.300000000000004 54.47041451185942
      vertex 5.372647601671945 -21.300000000000004 52.81
      vertex 5.372647601671945 -20.500000000000004 52.81
    endloop
  endfacet
  facet normal 0.34975074273259116 0 -0.9368427925527317
    outer loop
      vertex 4.41400683671236 -20.500000000000004 54.47041451185942
      vertex 4.91990876942873 -21.300000000000004 54.659282460808754
      vertex 4.41400683671236 -21.300000000000004 54.47041451185942
    endloop
  endfacet
  facet normal 0.3743721949015055 0 -0.9272785232521183
    outer loop
      vertex 4.91990876942873 -20.500000000000004 54.659282460808754
      vertex 4.97868700325489 -21.300000000000004 54.68301312625408
      vertex 4.91990876942873 -21.300000000000004 54.659282460808754
    endloop
  endfacet
  facet normal 0.3987326017949962 0 -0.9170672343213409
    outer loop
      vertex 4.97868700325489 -20.500000000000004 54.68301312625408
      vertex 5.601988472044468 -21.300000000000004 54.954019010066986
      vertex 4.97868700325489 -21.300000000000004 54.68301312625408
    endloop
  endfacet
  facet normal 0.4226182760079467 0 -0.9063077803837232
    outer loop
      vertex 5.601988472044468 -20.500000000000004 54.954019010066986
      vertex 5.65896600484848 -21.300000000000004 54.98058807104826
      vertex 5.601988472044468 -21.300000000000004 54.954019010066986
    endloop
  endfacet
  facet normal 0.4462138811495077 0 -0.8949263501928485
    outer loop
      vertex 5.65896600484848 -20.500000000000004 54.98058807104826
      vertex 6.2672190219163895 -21.300000000000004 55.283865474164486
      vertex 5.65896600484848 -21.300000000000004 54.98058807104826
    endloop
  endfacet
  facet normal -0.3987326017949962 0 0.9170672343213409
    outer loop
      vertex 5.123509347438812 -20.500000000000004 56.05449969321489
      vertex 4.500207878649235 -21.300000000000004 55.78349380940199
      vertex 5.123509347438812 -21.300000000000004 56.05449969321489
    endloop
  endfacet
  facet normal -0.4462138811495077 0 0.8949263501928485
    outer loop
      vertex 5.7317623645067215 -20.500000000000004 56.35777709633112
      vertex 5.123509347438812 -21.300000000000004 56.05449969321489
      vertex 5.7317623645067215 -21.300000000000004 56.35777709633112
    endloop
  endfacet
  facet normal 0.4696947349216487 0 -0.8828288939465462
    outer loop
      vertex 6.2672190219163895 -20.500000000000004 55.283865474164486
      vertex 6.323179699480534 -21.300000000000004 55.31363844126463
      vertex 6.2672190219163895 -21.300000000000004 55.283865474164486
    endloop
  endfacet
  facet normal 0.4928477799336172 0 -0.870115547392704
    outer loop
      vertex 6.323179699480534 -20.500000000000004 55.31363844126463
      vertex 6.909720107913017 -21.300000000000004 55.645864591002464
      vertex 6.323179699480534 -21.300000000000004 55.31363844126463
    endloop
  endfacet
  facet normal 0.5162243908889866 0 -0.856453371907248
    outer loop
      vertex 6.909720107913017 -20.500000000000004 55.645864591002464
      vertex 6.9653700068593025 -21.300000000000004 55.6794073805213
      vertex 6.909720107913017 -21.300000000000004 55.645864591002464
    endloop
  endfacet
  facet normal -0.4928477799336172 0 0.870115547392704
    outer loop
      vertex 6.318302772939205 -20.500000000000004 56.690003246068954
      vertex 5.7317623645067215 -21.300000000000004 56.35777709633112
      vertex 6.318302772939205 -21.300000000000004 56.690003246068954
    endloop
  endfacet
  facet normal -0.5392226933850457 0 0.842163218704413
    outer loop
      vertex 6.876704320311546 -20.500000000000004 57.047538198530674
      vertex 6.318302772939205 -21.300000000000004 56.690003246068954
      vertex 6.876704320311546 -21.300000000000004 57.047538198530674
    endloop
  endfacet
  facet normal 0.5392226933850457 0 -0.842163218704413
    outer loop
      vertex 6.9653700068593025 -20.500000000000004 55.6794073805213
      vertex 7.523771554231644 -21.300000000000004 56.03694233298302
      vertex 6.9653700068593025 -21.300000000000004 55.6794073805213
    endloop
  endfacet
  facet normal -0.5858741474286943 0 0.8104020504507009
    outer loop
      vertex 7.4008490443229675 -20.500000000000004 57.42646473646164
      vertex 6.876704320311546 -21.300000000000004 57.047538198530674
      vertex 7.4008490443229675 -21.300000000000004 57.42646473646164
    endloop
  endfacet
  facet normal 0.4928477799336172 0 -0.870115547392704
    outer loop
      vertex 1.1816972270607948 -20.500000000000004 61.309996753931046
      vertex 1.7682376354932785 -21.300000000000004 61.64222290366888
      vertex 1.1816972270607948 -21.300000000000004 61.309996753931046
    endloop
  endfacet
  facet normal 0.4462138811495077 0 -0.8949263501928485
    outer loop
      vertex 1.7682376354932785 -20.500000000000004 61.64222290366888
      vertex 2.3764906525611877 -21.300000000000004 61.94550030678511
      vertex 1.7682376354932785 -21.300000000000004 61.64222290366888
    endloop
  endfacet
  facet normal -0.4462138811495077 0 0.8949263501928485
    outer loop
      vertex 1.2327809780836105 -20.500000000000004 62.716134525835514
      vertex 1.2327809780836105 -21.300000000000004 62.716134525835514
      vertex 1.8410339951515198 -21.300000000000004 63.01941192895174
    endloop
  endfacet
  facet normal 0.4305110955700008 0 -0.9025852849404967
    outer loop
      vertex 1.8122795224189758 -20.500000000000004 63.81255917996168
      vertex 1.8122795224189758 -21.300000000000004 63.81255917996168
      vertex 0.42537882924079895 -21.300000000000004 63.151041485369205
    endloop
  endfacet
  facet normal -0.4226182760079467 0 0.9063077803837232
    outer loop
      vertex 1.8410339951515198 -20.500000000000004 63.01941192895174
      vertex 1.8410339951515198 -21.300000000000004 63.01941192895174
      vertex 1.898011527955532 -21.300000000000004 63.045980989933014
    endloop
  endfacet
  facet normal 0.3987326017949962 0 -0.9170672343213409
    outer loop
      vertex 2.3764906525611877 -20.500000000000004 61.94550030678511
      vertex 2.9997921213507652 -21.300000000000004 62.21650619059801
      vertex 2.3764906525611877 -21.300000000000004 61.94550030678511
    endloop
  endfacet
  facet normal -0.3987326017949962 0 0.9170672343213409
    outer loop
      vertex 1.898011527955532 -20.500000000000004 63.045980989933014
      vertex 1.898011527955532 -21.300000000000004 63.045980989933014
      vertex 2.5213129967451096 -21.300000000000004 63.31698687374592
    endloop
  endfacet
  facet normal -0.3743721949015055 0 0.9272785232521183
    outer loop
      vertex 2.5213129967451096 -20.500000000000004 63.31698687374592
      vertex 2.5213129967451096 -21.300000000000004 63.31698687374592
      vertex 2.58009123057127 -21.300000000000004 63.340717539191246
    endloop
  endfacet
  facet normal -0.34975074077425294 0 0.9368427932838366
    outer loop
      vertex 2.58009123057127 -20.500000000000004 63.340717539191246
      vertex 2.58009123057127 -21.300000000000004 63.340717539191246
      vertex 3.2116121351718903 -21.300000000000004 63.576482713222504
    endloop
  endfacet
  facet normal -0.3826834316424301 0 0.9238795328106223
    outer loop
      vertex 1.2835218906402588 -20.500000000000004 65.00016827881336
      vertex 1.2835218906402588 -21.300000000000004 65.00016827881336
      vertex 2.7660223469138145 -21.300000000000004 65.6142400726676
    endloop
  endfacet
  facet normal 0.3826834315568862 0 -0.9238795328460556
    outer loop
      vertex 3.2319006845355034 -20.500000000000004 64.40058551728725
      vertex 3.2319006845355034 -21.300000000000004 64.40058551728725
      vertex 1.8122795224189758 -21.300000000000004 63.81255917996168
    endloop
  endfacet
  facet normal 0.34975074077425294 0 -0.9368427932838366
    outer loop
      vertex 2.9997921213507652 -20.500000000000004 62.21650619059801
      vertex 3.6313130259513855 -21.300000000000004 62.45227136462927
      vertex 2.9997921213507652 -21.300000000000004 62.21650619059801
    endloop
  endfacet
  facet normal -0.3242586338790405 0 0.9459684658353567
    outer loop
      vertex 3.2116121351718903 -20.500000000000004 63.576482713222504
      vertex 3.2116121351718903 -21.300000000000004 63.576482713222504
      vertex 3.2730784863233566 -21.300000000000004 63.59755212068558
    endloop
  endfacet
  facet normal -0.2985287838312991 0 0.9544006314039222
    outer loop
      vertex 3.2730784863233566 -20.500000000000004 63.59755212068558
      vertex 3.2730784863233566 -21.300000000000004 63.59755212068558
      vertex 3.9058997482061386 -21.300000000000004 63.795493483543396
    endloop
  endfacet
  facet normal 0.2985287838312991 0 -0.9544006314039222
    outer loop
      vertex 3.6313130259513855 -20.500000000000004 62.45227136462927
      vertex 4.2641342878341675 -21.300000000000004 62.65021272748709
      vertex 3.6313130259513855 -21.300000000000004 62.45227136462927
    endloop
  endfacet
  facet normal -0.27147824421080463 0 0.9624445765446541
    outer loop
      vertex 3.9058997482061386 -20.500000000000004 63.795493483543396
      vertex 3.9058997482061386 -21.300000000000004 63.795493483543396
      vertex 3.9710806757211685 -21.300000000000004 63.813879169523716
    endloop
  endfacet
  facet normal -0.2442113429160766 0 0.969722032332527
    outer loop
      vertex 3.9710806757211685 -20.500000000000004 63.813879169523716
      vertex 3.9710806757211685 -21.300000000000004 63.813879169523716
      vertex 4.59826897084713 -21.300000000000004 63.971828036010265
    endloop
  endfacet
  facet normal -0.3338068594051129 0 0.942641491031503
    outer loop
      vertex 2.7660223469138145 -20.500000000000004 65.6142400726676
      vertex 2.7660223469138145 -21.300000000000004 65.6142400726676
      vertex 3.855374775826931 -21.300000000000004 66
    endloop
  endfacet
  facet normal 0.33380685913208813 0 -0.9426414911281862
    outer loop
      vertex 4.680351212620735 -20.500000000000004 64.9135087504983
      vertex 4.680351212620735 -21.300000000000004 64.9135087504983
      vertex 3.2319006845355034 -21.300000000000004 64.40058551728725
    endloop
  endfacet
  facet normal 0.2442113429160766 0 -0.969722032332527
    outer loop
      vertex 4.2641342878341675 -20.500000000000004 62.65021272748709
      vertex 4.891322582960129 -21.300000000000004 62.80816159397364
      vertex 4.2641342878341675 -21.300000000000004 62.65021272748709
    endloop
  endfacet
  facet normal 0.1857903294757379 0 -0.9825894124573583
    outer loop
      vertex 4.891322582960129 -20.500000000000004 62.80816159397364
      vertex 5.5060063153505325 -21.300000000000004 62.92438744753599
      vertex 4.891322582960129 -21.300000000000004 62.80816159397364
    endloop
  endfacet
  facet normal 0.12206317607454789 0 -0.9925223327696934
    outer loop
      vertex 5.5060063153505325 -20.500000000000004 62.92438744753599
      vertex 6.101450875401497 -21.300000000000004 62.99761688709259
      vertex 5.5060063153505325 -21.300000000000004 62.92438744753599
    endloop
  endfacet
  facet normal -0.2150970094483277 0 0.9765926871149435
    outer loop
      vertex 4.59826897084713 -20.500000000000004 63.971828036010265
      vertex 4.59826897084713 -21.300000000000004 63.971828036010265
      vertex 4.668374188244343 -21.300000000000004 63.98726888746023
    endloop
  endfacet
  facet normal -0.1857903294757379 0 0.9825894124573583
    outer loop
      vertex 4.668374188244343 -20.500000000000004 63.98726888746023
      vertex 4.668374188244343 -21.300000000000004 63.98726888746023
      vertex 5.2830579206347466 -21.300000000000004 64.10349474102259
    endloop
  endfacet
  facet normal -0.15400687990864423 0 0.9880697753401854
    outer loop
      vertex 5.2830579206347466 -20.500000000000004 64.10349474102259
      vertex 5.2830579206347466 -21.300000000000004 64.10349474102259
      vertex 5.359530501067638 -21.300000000000004 64.11541424691677
    endloop
  endfacet
  facet normal -0.12206317607454789 0 0.9925223327696934
    outer loop
      vertex 5.359530501067638 -20.500000000000004 64.11541424691677
      vertex 5.359530501067638 -21.300000000000004 64.11541424691677
      vertex 5.954975061118603 -21.300000000000004 64.18864368647337
    endloop
  endfacet
  facet normal 0.28401534458367234 0 -0.9588197349038128
    outer loop
      vertex 6.153661027550697 -20.500000000000004 65.34992299973965
      vertex 6.153661027550697 -21.300000000000004 65.34992299973965
      vertex 4.680351212620735 -21.300000000000004 64.9135087504983
    endloop
  endfacet
  facet normal 0 0 1
    outer loop
      vertex 3.855374775826931 -20.500000000000004 66
      vertex 3.855374775826931 -21.300000000000004 66
      vertex 9.244839027523994 -21.300000000000004 66
    endloop
  endfacet
  facet normal 0.05159289495124358 0 -0.9986681997493211
    outer loop
      vertex 6.101450875401497 -20.500000000000004 62.99761688709259
      vertex 6.671132445335388 -21.300000000000004 63.02704760432243
      vertex 6.101450875401497 -21.300000000000004 62.99761688709259
    endloop
  endfacet
  facet normal -0.02731190872675779 0 -0.9996269602415199
    outer loop
      vertex 6.671132445335388 -20.500000000000004 63.02704760432243
      vertex 7.208809480071068 -21.300000000000004 63.012357138097286
      vertex 6.671132445335388 -21.300000000000004 63.02704760432243
    endloop
  endfacet
  facet normal -0.11655280367456394 0 -0.9931844964333658
    outer loop
      vertex 7.208809480071068 -20.500000000000004 63.012357138097286
      vertex 7.70859107375145 -21.300000000000004 62.953706458210945
      vertex 7.208809480071068 -21.300000000000004 63.012357138097286
    endloop
  endfacet
  facet normal -0.0868823755661816 0 0.9962185768273832
    outer loop
      vertex 5.954975061118603 -20.500000000000004 64.18864368647337
      vertex 5.954975061118603 -21.300000000000004 64.18864368647337
      vertex 6.0395394042134285 -21.300000000000004 64.19601872563362
    endloop
  endfacet
  facet normal -0.05159289495124358 0 0.9986681997493211
    outer loop
      vertex 6.0395394042134285 -20.500000000000004 64.19601872563362
      vertex 6.0395394042134285 -21.300000000000004 64.19601872563362
      vertex 6.60922097414732 -21.300000000000004 64.22544944286346
    endloop
  endfacet
  facet normal -0.012149939381841631 0 0.9999261867623118
    outer loop
      vertex 6.60922097414732 -20.500000000000004 64.22544944286346
      vertex 6.60922097414732 -21.300000000000004 64.22544944286346
      vertex 6.703906737267971 -21.300000000000004 64.22659995406866
    endloop
  endfacet
  facet normal 0.02731190872675779 0 0.9996269602415199
    outer loop
      vertex 6.703906737267971 -20.500000000000004 64.22659995406866
      vertex 6.703906737267971 -21.300000000000004 64.22659995406866
      vertex 7.241583772003651 -21.300000000000004 64.21190948784351
    endloop
  endfacet
  facet normal 0.0720044172924974 0 0.9974043131500725
    outer loop
      vertex 7.241583772003651 -20.500000000000004 64.21190948784351
      vertex 7.241583772003651 -21.300000000000004 64.21190948784351
      vertex 7.348672844469547 -21.300000000000004 64.20417853444815
    endloop
  endfacet
  facet normal 0.2334453648865289 0 -0.9723699201502457
    outer loop
      vertex 7.647791877388954 -20.500000000000004 65.70863208174706
      vertex 7.647791877388954 -21.300000000000004 65.70863208174706
      vertex 6.153661027550697 -21.300000000000004 65.34992299973965
    endloop
  endfacet
  facet normal 0.5627726182610427 0 -0.8266117469136346
    outer loop
      vertex 7.523771554231644 -20.500000000000004 56.03694233298302
      vertex 7.579753294587135 -21.300000000000004 56.07505574077368
      vertex 7.523771554231644 -21.300000000000004 56.03694233298302
    endloop
  endfacet
  facet normal 0.5858741474286943 0 -0.8104020504507009
    outer loop
      vertex 7.579753294587135 -20.500000000000004 56.07505574077368
      vertex 8.103898018598557 -21.300000000000004 56.45398227870464
      vertex 7.579753294587135 -21.300000000000004 56.07505574077368
    endloop
  endfacet
  facet normal 0.6098515912023507 0 -0.7925156381472614
    outer loop
      vertex 8.103898018598557 -20.500000000000004 56.45398227870464
      vertex 8.160789169371128 -21.300000000000004 56.49776079505682
      vertex 8.103898018598557 -21.300000000000004 56.45398227870464
    endloop
  endfacet
  facet normal -0.6332834388717836 0 0.7739199480894182
    outer loop
      vertex 7.884994298219681 -20.500000000000004 57.82263125479221
      vertex 7.4008490443229675 -21.300000000000004 57.42646473646164
      vertex 7.884994298219681 -21.300000000000004 57.82263125479221
    endloop
  endfacet
  facet normal 0.6332834388717836 0 -0.7739199480894182
    outer loop
      vertex 8.160789169371128 -20.500000000000004 56.49776079505682
      vertex 8.644934423267841 -21.300000000000004 56.893927313387394
      vertex 8.160789169371128 -21.300000000000004 56.49776079505682
    endloop
  endfacet
  facet normal 0.6579116994328547 0 -0.7530950774964428
    outer loop
      vertex 8.644934423267841 -20.500000000000004 56.893927313387394
      vertex 8.703220918774605 -21.300000000000004 56.944847002625465
      vertex 8.644934423267841 -21.300000000000004 56.893927313387394
    endloop
  endfacet
  facet normal 0.6818555181547918 0 -0.7314868777783101
    outer loop
      vertex 8.703220918774605 -20.500000000000004 56.944847002625465
      vertex 9.142062313854694 -21.300000000000004 57.35391302406788
      vertex 8.703220918774605 -21.300000000000004 56.944847002625465
    endloop
  endfacet
  facet normal 0.7073007752329138 0 -0.7069127339034988
    outer loop
      vertex 9.142062313854694 -20.500000000000004 57.35391302406788
      vertex 9.202068835496902 -21.300000000000004 57.413952484726906
      vertex 9.142062313854694 -21.300000000000004 57.35391302406788
    endloop
  endfacet
  facet normal 0.7318609541492263 0 -0.6814539924248622
    outer loop
      vertex 9.202068835496902 -20.500000000000004 57.413952484726906
      vertex 9.590798325836658 -21.300000000000004 57.831436187028885
      vertex 9.202068835496902 -21.300000000000004 57.413952484726906
    endloop
  endfacet
  facet normal -1 0 0
    outer loop
      vertex 13.100000008940697 -20.500000000000004 58.332979150116444
      vertex 13.100000008940697 -21.300000000000004 52.81
      vertex 13.100000008940697 -21.300000000000004 58.332979150116444
    endloop
  endfacet
  facet normal -0.6818555181547918 0 0.7314868777783101
    outer loop
      vertex 8.32383569329977 -20.500000000000004 58.23169727623463
      vertex 7.884994298219681 -21.300000000000004 57.82263125479221
      vertex 8.32383569329977 -21.300000000000004 58.23169727623463
    endloop
  endfacet
  facet normal -0.7318609541492263 0 0.6814539924248622
    outer loop
      vertex 8.712565183639526 -20.500000000000004 58.649180978536606
      vertex 8.32383569329977 -21.300000000000004 58.23169727623463
      vertex 8.712565183639526 -21.300000000000004 58.649180978536606
    endloop
  endfacet
  facet normal -0.783314426211995 0 0.621625699024882
    outer loop
      vertex 9.046923771500587 -20.500000000000004 59.07050832360983
      vertex 8.712565183639526 -21.300000000000004 58.649180978536606
      vertex 9.046923771500587 -21.300000000000004 59.07050832360983
    endloop
  endfacet
  facet normal 0.7581780414462617 0 -0.6520475883466719
    outer loop
      vertex 9.590798325836658 -20.500000000000004 57.831436187028885
      vertex 9.652542494237423 -21.300000000000004 57.903230138123035
      vertex 9.590798325836658 -21.300000000000004 57.831436187028885
    endloop
  endfacet
  facet normal 0.783314350650051 0 -0.6216257942409479
    outer loop
      vertex 9.652542494237423 -20.500000000000004 57.903230138123035
      vertex 9.693022400140762 -21.300000000000004 57.9542391076684
      vertex 9.652542494237423 -21.300000000000004 57.903230138123035
    endloop
  endfacet
  facet normal -0.8357421689398625 0 0.5491220511468231
    outer loop
      vertex 9.323248155415058 -20.500000000000004 59.49106317013502
      vertex 9.046923771500587 -21.300000000000004 59.07050832360983
      vertex 9.323248155415058 -21.300000000000004 59.49106317013502
    endloop
  endfacet
  facet normal -0.8877659289621479 0 0.4602951828707036
    outer loop
      vertex 9.538510859012604 -20.500000000000004 59.906237825751305
      vertex 9.323248155415058 -21.300000000000004 59.49106317013502
      vertex 9.538510859012604 -21.300000000000004 59.906237825751305
    endloop
  endfacet
  facet normal 0.1822355376542979 0 -0.9832549053098333
    outer loop
      vertex 9.693022400140762 -20.500000000000004 57.9542391076684
      vertex 10.41012416779995 -21.300000000000004 58.08714607357979
      vertex 9.693022400140762 -21.300000000000004 57.9542391076684
    endloop
  endfacet
  facet normal -0.9364237766021044 0 0.35087107406318385
    outer loop
      vertex 9.690353438258171 -20.500000000000004 60.311483547091484
      vertex 9.538510859012604 -21.300000000000004 59.906237825751305
      vertex 9.690353438258171 -21.300000000000004 60.311483547091484
    endloop
  endfacet
  facet normal -0.9762413497006317 0 0.21668601047296218
    outer loop
      vertex 9.777112253010273 -20.500000000000004 60.70236038416624
      vertex 9.690353438258171 -21.300000000000004 60.311483547091484
      vertex 9.777112253010273 -21.300000000000004 60.70236038416624
    endloop
  endfacet
  facet normal -0.9984536114570649 0 0.05559123823359535
    outer loop
      vertex 9.797836773097515 -20.500000000000004 61.07458580285311
      vertex 9.777112253010273 -21.300000000000004 60.70236038416624
      vertex 9.797836773097515 -21.300000000000004 61.07458580285311
    endloop
  endfacet
  facet normal -0.9916184351874456 0 -0.1292009249053652
    outer loop
      vertex 9.752299919724464 -20.500000000000004 61.42408162355423
      vertex 9.797836773097515 -21.300000000000004 61.07458580285311
      vertex 9.752299919724464 -21.300000000000004 61.42408162355423
    endloop
  endfacet
  facet normal -0.945425575902298 0 -0.32583811997648143
    outer loop
      vertex 9.641000613570213 -20.500000000000004 61.747018702328205
      vertex 9.752299919724464 -21.300000000000004 61.42408162355423
      vertex 9.641000613570213 -21.300000000000004 61.747018702328205
    endloop
  endfacet
  facet normal -0.2180383699782946 0 -0.9759401975619245
    outer loop
      vertex 7.70859107375145 -20.500000000000004 62.953706458210945
      vertex 8.165001511573792 -21.300000000000004 62.85173813253641
      vertex 7.70859107375145 -21.300000000000004 62.953706458210945
    endloop
  endfacet
  facet normal -0.33313878221240095 0 -0.9428778032099592
    outer loop
      vertex 8.165001511573792 -20.500000000000004 62.85173813253641
      vertex 8.573040269315243 -21.300000000000004 62.70756936073303
      vertex 8.165001511573792 -21.300000000000004 62.85173813253641
    endloop
  endfacet
  facet normal -0.4615247144029124 0 -0.8871273516216882
    outer loop
      vertex 8.573040269315243 -20.500000000000004 62.70756936073303
      vertex 8.928236790001392 -21.300000000000004 62.5227796882391
      vertex 8.573040269315243 -21.300000000000004 62.70756936073303
    endloop
  endfacet
  facet normal -0.5992082669325726 0 -0.8005931881047095
    outer loop
      vertex 8.928236790001392 -20.500000000000004 62.5227796882391
      vertex 9.226699464023113 -21.300000000000004 62.29939369857311
      vertex 8.928236790001392 -21.300000000000004 62.5227796882391
    endloop
  endfacet
  facet normal 0.33313878221240095 0 0.9428778032099592
    outer loop
      vertex 8.564768053591251 -20.500000000000004 63.98319149762392
      vertex 8.564768053591251 -21.300000000000004 63.98319149762392
      vertex 8.972806811332703 -21.300000000000004 63.83902272582054
    endloop
  endfacet
  facet normal 0.33746494715341985 0 0.9413380951829898
    outer loop
      vertex 8.972806811332703 -20.500000000000004 63.83902272582054
      vertex 8.972806811332703 -21.300000000000004 63.83902272582054
      vertex 8.983179807662964 -21.300000000000004 63.83530405908823
    endloop
  endfacet
  facet normal 0.4025156357739269 0 0.915413110544912
    outer loop
      vertex 8.983179807662964 -20.500000000000004 63.83530405908823
      vertex 8.983179807662964 -21.300000000000004 63.83530405908823
      vertex 9.126869924366474 -21.300000000000004 63.772122181952
    endloop
  endfacet
  facet normal 0.11655280367456394 0 0.9931844964333658
    outer loop
      vertex 7.348672844469547 -20.500000000000004 64.20417853444815
      vertex 7.348672844469547 -21.300000000000004 64.20417853444815
      vertex 7.848454438149929 -21.300000000000004 64.1455278545618
    endloop
  endfacet
  facet normal 0.16751763638980424 0 0.985869079289118
    outer loop
      vertex 7.848454438149929 -20.500000000000004 64.1455278545618
      vertex 7.848454438149929 -21.300000000000004 64.1455278545618
      vertex 7.970237120985985 -21.300000000000004 64.1248346939683
    endloop
  endfacet
  facet normal 0.2180383699782946 0 0.9759401975619245
    outer loop
      vertex 7.970237120985985 -20.500000000000004 64.1248346939683
      vertex 7.970237120985985 -21.300000000000004 64.1248346939683
      vertex 8.426647558808327 -21.300000000000004 64.02286636829376
    endloop
  endfacet
  facet normal 0.2760839267147631 0 0.9611335315187777
    outer loop
      vertex 8.426647558808327 -20.500000000000004 64.02286636829376
      vertex 8.426647558808327 -21.300000000000004 64.02286636829376
      vertex 8.564768053591251 -21.300000000000004 63.98319149762392
    endloop
  endfacet
  facet normal 0.18223552482073174 0 -0.9832549076883942
    outer loop
      vertex 9.158648453652859 -20.500000000000004 65.98865279555321
      vertex 9.158648453652859 -21.300000000000004 65.98865279555321
      vertex 7.647791877388954 -21.300000000000004 65.70863208174706
    endloop
  endfacet
  facet normal -0.7363736846176779 0 -0.6765750487585133
    outer loop
      vertex 9.226699464023113 -20.500000000000004 62.29939369857311
      vertex 9.4651582762599 -21.300000000000004 62.03985886275768
      vertex 9.226699464023113 -21.300000000000004 62.29939369857311
    endloop
  endfacet
  facet normal -0.8573143245023692 0 -0.5147933070690083
    outer loop
      vertex 9.4651582762599 -20.500000000000004 62.03985886275768
      vertex 9.641000613570213 -21.300000000000004 61.747018702328205
      vertex 9.4651582762599 -21.300000000000004 62.03985886275768
    endloop
  endfacet
  facet normal 0.4615247144029124 0 0.8871273516216882
    outer loop
      vertex 9.126869924366474 -20.500000000000004 63.772122181952
      vertex 9.126869924366474 -21.300000000000004 63.772122181952
      vertex 9.482066445052624 -21.300000000000004 63.587332509458065
    endloop
  endfacet
  facet normal 0.5992082669325726 0 0.8005931881047095
    outer loop
      vertex 9.647286713123322 -20.500000000000004 63.4834915176034
      vertex 9.647286713123322 -21.300000000000004 63.4834915176034
      vertex 9.945749387145042 -21.300000000000004 63.26010552793741
    endloop
  endfacet
  facet normal 0.475614695905614 0 0.8796537165490806
    outer loop
      vertex 9.482066445052624 -20.500000000000004 63.587332509458065
      vertex 9.482066445052624 -21.300000000000004 63.587332509458065
      vertex 9.51573707908392 -21.300000000000004 63.56912733614445
    endloop
  endfacet
  facet normal 0.5455639691344945 0 0.8380691830524591
    outer loop
      vertex 9.51573707908392 -20.500000000000004 63.56912733614445
      vertex 9.51573707908392 -21.300000000000004 63.56912733614445
      vertex 9.647286713123322 -21.300000000000004 63.4834915176034
    endloop
  endfacet
  facet normal 0.760064536998697 0 0.6498475972079578
    outer loop
      vertex 10.348806694149971 -20.500000000000004 62.851748920977116
      vertex 10.348806694149971 -21.300000000000004 62.851748920977116
      vertex 10.40450131893158 -21.300000000000004 62.78660824894905
    endloop
  endfacet
  facet normal 0.8573143245023692 0 0.5147933070690083
    outer loop
      vertex 10.493935465812683 -20.500000000000004 62.65761083364487
      vertex 10.493935465812683 -21.300000000000004 62.65761083364487
      vertex 10.669777803122997 -21.300000000000004 62.36477067321539
    endloop
  endfacet
  facet normal 0.8218096456086279 0 0.5697621489574589
    outer loop
      vertex 10.40450131893158 -20.500000000000004 62.78660824894905
      vertex 10.40450131893158 -21.300000000000004 62.78660824894905
      vertex 10.493935465812683 -21.300000000000004 62.65761083364487
    endloop
  endfacet
  facet normal 0.6207143771605759 0 0.7840367733634426
    outer loop
      vertex 9.945749387145042 -20.500000000000004 63.26010552793741
      vertex 9.945749387145042 -21.300000000000004 63.26010552793741
      vertex 9.996815234422684 -21.300000000000004 63.219677187502384
    endloop
  endfacet
  facet normal 0.6905469395019442 0 0.723287580665186
    outer loop
      vertex 9.996815234422684 -20.500000000000004 63.219677187502384
      vertex 9.996815234422684 -21.300000000000004 63.219677187502384
      vertex 10.110347881913185 -21.300000000000004 63.111283756792545
    endloop
  endfacet
  facet normal 0.7363736846176779 0 0.6765750487585133
    outer loop
      vertex 10.110347881913185 -20.500000000000004 63.111283756792545
      vertex 10.110347881913185 -21.300000000000004 63.111283756792545
      vertex 10.348806694149971 -21.300000000000004 62.851748920977116
    endloop
  endfacet
  facet normal 0.13052619366922694 0 -0.9914448611830229
    outer loop
      vertex 9.244839027523994 -20.500000000000004 66
      vertex 9.244839027523994 -21.300000000000004 66
      vertex 9.158648453652859 -21.300000000000004 65.98865279555321
    endloop
  endfacet
  facet normal 0.13052618767966898 0 -0.9914448619715631
    outer loop
      vertex 10.41012416779995 -20.500000000000004 58.08714607357979
      vertex 11.518317312002182 -21.300000000000004 58.23304246366024
      vertex 10.41012416779995 -21.300000000000004 58.08714607357979
    endloop
  endfacet
  facet normal 0.9137343514742721 0 -0.40631211517242655
    outer loop
      vertex 10.662219390273094 -20.500000000000004 59.48519253730774
      vertex 10.662219390273094 -21.300000000000004 59.48519253730774
      vertex 10.636671833693981 -21.300000000000004 59.42773995548487
    endloop
  endfacet
  facet normal 0.9364237766021044 0 -0.35087107406318385
    outer loop
      vertex 10.814061969518661 -20.500000000000004 59.89043825864792
      vertex 10.814061969518661 -21.300000000000004 59.89043825864792
      vertex 10.662219390273094 -21.300000000000004 59.48519253730774
    endloop
  endfacet
  facet normal -0.13052620052778743 0 0.9914448602800763
    outer loop
      vertex 10.636671833693981 -20.500000000000004 59.42773995548487
      vertex 10.636671833693981 -21.300000000000004 59.42773995548487
      vertex 11.38243030756712 -21.300000000000004 59.52592092752457
    endloop
  endfacet
  facet normal 0.07845909714378427 0 -0.9969173336216911
    outer loop
      vertex 11.518317312002182 -20.500000000000004 58.23304246366024
      vertex 12.632627330720425 -21.300000000000004 58.320740565657616
      vertex 11.518317312002182 -21.300000000000004 58.23304246366024
    endloop
  endfacet
  facet normal -0.0784591004148048 0 0.9969173333642563
    outer loop
      vertex 11.38243030756712 -20.500000000000004 59.52592092752457
      vertex 11.38243030756712 -21.300000000000004 59.52592092752457
      vertex 12.564590588212013 -21.300000000000004 59.618958964943886
    endloop
  endfacet
  facet normal 0.9573668854981381 0 -0.28887479390143206
    outer loop
      vertex 10.859405927360058 -20.500000000000004 60.040713757276535
      vertex 10.859405927360058 -21.300000000000004 60.040713757276535
      vertex 10.814061969518661 -21.300000000000004 59.89043825864792
    endloop
  endfacet
  facet normal 0.9752361814485482 0 -0.22116597928626958
    outer loop
      vertex 10.861843056976795 -20.500000000000004 60.05146033316851
      vertex 10.861843056976795 -21.300000000000004 60.05146033316851
      vertex 10.859405927360058 -21.300000000000004 60.040713757276535
    endloop
  endfacet
  facet normal 0.9762413497006317 0 -0.21668601047296218
    outer loop
      vertex 10.948601871728897 -20.500000000000004 60.44233717024326
      vertex 10.948601871728897 -21.300000000000004 60.44233717024326
      vertex 10.861843056976795 -21.300000000000004 60.05146033316851
    endloop
  endfacet
  facet normal 0.9883230840209765 0 -0.15237283744574026
    outer loop
      vertex 10.97251945734024 -20.500000000000004 60.59747178852558
      vertex 10.97251945734024 -21.300000000000004 60.59747178852558
      vertex 10.948601871728897 -21.300000000000004 60.44233717024326
    endloop
  endfacet
  facet normal 0.99744001000742 0 -0.07150822635472032
    outer loop
      vertex 10.975256584584713 -20.500000000000004 60.635650895535946
      vertex 10.975256584584713 -21.300000000000004 60.635650895535946
      vertex 10.97251945734024 -21.300000000000004 60.59747178852558
    endloop
  endfacet
  facet normal 0.9984536114570649 0 -0.05559123823359535
    outer loop
      vertex 10.995981104671955 -20.500000000000004 61.00787631422281
      vertex 10.995981104671955 -21.300000000000004 61.00787631422281
      vertex 10.975256584584713 -21.300000000000004 60.635650895535946
    endloop
  endfacet
  facet normal 0.9999516865752406 0 0.009829776972646765
    outer loop
      vertex 10.994438149034977 -20.500000000000004 61.16483624279499
      vertex 10.994438149034977 -21.300000000000004 61.16483624279499
      vertex 10.995981104671955 -21.300000000000004 61.00787631422281
    endloop
  endfacet
  facet normal 0.9947595101701767 0 0.10224244190154252
    outer loop
      vertex 10.987778894603252 -20.500000000000004 61.229626916348934
      vertex 10.987778894603252 -21.300000000000004 61.229626916348934
      vertex 10.994438149034977 -21.300000000000004 61.16483624279499
    endloop
  endfacet
  facet normal 0.9916184351874456 0 0.1292009249053652
    outer loop
      vertex 10.942242041230202 -20.500000000000004 61.57912273705006
      vertex 10.942242041230202 -21.300000000000004 61.57912273705006
      vertex 10.987778894603252 -21.300000000000004 61.229626916348934
    endloop
  endfacet
  facet normal 0.9564582748624407 0 0.2918690947105632
    outer loop
      vertex 10.88681060820818 -20.500000000000004 61.815087370574474
      vertex 10.88681060820818 -21.300000000000004 61.815087370574474
      vertex 10.911824993789196 -21.300000000000004 61.73311495035887
    endloop
  endfacet
  facet normal 0.9810451562484906 0 0.1937792594716331
    outer loop
      vertex 10.911824993789196 -20.500000000000004 61.73311495035887
      vertex 10.911824993789196 -21.300000000000004 61.73311495035887
      vertex 10.942242041230202 -21.300000000000004 61.57912273705006
    endloop
  endfacet
  facet normal 0.026176948657066 0 -0.9996573249664134
    outer loop
      vertex 12.632627330720425 -20.500000000000004 58.320740565657616
      vertex 13.100000008940697 -21.300000000000004 58.332979150116444
      vertex 12.632627330720425 -21.300000000000004 58.320740565657616
    endloop
  endfacet
  facet normal -0.026176935422066776 0 0.9996573253129839
    outer loop
      vertex 12.564590588212013 -20.500000000000004 59.618958964943886
      vertex 12.564590588212013 -21.300000000000004 59.618958964943886
      vertex 13.100000008940697 -21.300000000000004 59.63297914713621
    endloop
  endfacet
  facet normal -1 0 0
    outer loop
      vertex 13.100000008940697 -20.500000000000004 59.63297914713621
      vertex 13.100000008940697 -21.300000000000004 59.63297914713621
      vertex 13.100000008940697 -21.300000000000004 66
    endloop
  endfacet
  facet normal 0.945425575902298 0 0.32583811997648143
    outer loop
      vertex 10.775511302053928 -20.500000000000004 62.13802444934845
      vertex 10.775511302053928 -21.300000000000004 62.13802444934845
      vertex 10.88681060820818 -21.300000000000004 61.815087370574474
    endloop
  endfacet
  facet normal 0.8767267654272313 0 0.48098875120267076
    outer loop
      vertex 10.669777803122997 -20.500000000000004 62.36477067321539
      vertex 10.669777803122997 -21.300000000000004 62.36477067321539
      vertex 10.714768916368484 -21.300000000000004 62.282762698829174
    endloop
  endfacet
  facet normal 0.9220905152003126 0 0.38697426500688903
    outer loop
      vertex 10.714768916368484 -20.500000000000004 62.282762698829174
      vertex 10.714768916368484 -21.300000000000004 62.282762698829174
      vertex 10.775511302053928 -21.300000000000004 62.13802444934845
    endloop
  endfacet
  facet normal 0 0 1
    outer loop
      vertex 13.100000008940697 -20.500000000000004 66
      vertex 13.100000008940697 -21.300000000000004 66
      vertex 14.399999998509884 -21.300000000000004 66
    endloop
  endfacet
  facet normal 0 -1 0
    outer loop
      vertex 1.4604605957865715 -21.300000000000004 53.80398127436638
      vertex 1.5450249388813972 -21.300000000000004 53.81135631352663
      vertex 1.3985491245985031 -21.300000000000004 55.00238311290741
    endloop
  endfacet
  facet normal 0 -1 0
    outer loop
      vertex 1.5450249388813972 -21.300000000000004 53.81135631352663
      vertex 1.9939936846494675 -21.300000000000004 55.07561255246401
      vertex 1.3985491245985031 -21.300000000000004 55.00238311290741
    endloop
  endfacet
  facet normal 0 -1 0
    outer loop
      vertex 1.5450249388813972 -21.300000000000004 53.81135631352663
      vertex 2.1404694989323616 -21.300000000000004 53.88458575308323
      vertex 1.9939936846494675 -21.300000000000004 55.07561255246401
    endloop
  endfacet
  facet normal 0 -1 0
    outer loop
      vertex 1.9939936846494675 -21.300000000000004 55.07561255246401
      vertex 2.1404694989323616 -21.300000000000004 53.88458575308323
      vertex 2.2169420793652534 -21.300000000000004 53.89650525897741
    endloop
  endfacet
  facet normal 0 -1 0
    outer loop
      vertex 1.9939936846494675 -21.300000000000004 55.07561255246401
      vertex 2.2169420793652534 -21.300000000000004 53.89650525897741
      vertex 2.831625811755657 -21.300000000000004 54.01273111253977
    endloop
  endfacet
  facet normal 0 -1 0
    outer loop
      vertex 2.608677417039871 -21.300000000000004 55.19183840602636
      vertex 2.831625811755657 -21.300000000000004 54.01273111253977
      vertex 2.90173102915287 -21.300000000000004 54.028171963989735
    endloop
  endfacet
  facet normal 0 -1 0
    outer loop
      vertex 1.9939936846494675 -21.300000000000004 55.07561255246401
      vertex 2.831625811755657 -21.300000000000004 54.01273111253977
      vertex 2.608677417039871 -21.300000000000004 55.19183840602636
    endloop
  endfacet
  facet normal 0 -1 0
    outer loop
      vertex 2.608677417039871 -21.300000000000004 55.19183840602636
      vertex 2.90173102915287 -21.300000000000004 54.028171963989735
      vertex 3.134396009147167 -21.300000000000004 54.086765475571156
    endloop
  endfacet
  facet normal 0 -1 0
    outer loop
      vertex 2.608677417039871 -21.300000000000004 55.19183840602636
      vertex 3.134396009147167 -21.300000000000004 54.086765475571156
      vertex 3.2358657121658325 -21.300000000000004 55.34978727251291
    endloop
  endfacet
  facet normal 0 -1 0
    outer loop
      vertex 3.134396009147167 -21.300000000000004 54.086765475571156
      vertex 3.8686869740486145 -21.300000000000004 55.54772863537073
      vertex 3.2358657121658325 -21.300000000000004 55.34978727251291
    endloop
  endfacet
  facet normal 0 -1 0
    outer loop
      vertex 3.134396009147167 -21.300000000000004 54.086765475571156
      vertex 3.87153689989981 -21.300000000000004 52.81
      vertex 3.8686869740486145 -21.300000000000004 55.54772863537073
    endloop
  endfacet
  facet normal 0 -1 0
    outer loop
      vertex 3.8686869740486145 -21.300000000000004 55.54772863537073
      vertex 3.87153689989981 -21.300000000000004 52.81
      vertex 4.41400683671236 -21.300000000000004 54.47041451185942
    endloop
  endfacet
  facet normal 0 -1 0
    outer loop
      vertex 3.8686869740486145 -21.300000000000004 55.54772863537073
      vertex 4.41400683671236 -21.300000000000004 54.47041451185942
      vertex 4.500207878649235 -21.300000000000004 55.78349380940199
    endloop
  endfacet
  facet normal 0 -1 0
    outer loop
      vertex 4.41400683671236 -21.300000000000004 54.47041451185942
      vertex 3.87153689989981 -21.300000000000004 52.81
      vertex 5.372647601671945 -21.300000000000004 52.81
    endloop
  endfacet
  facet normal 0 -1 0
    outer loop
      vertex 4.41400683671236 -21.300000000000004 54.47041451185942
      vertex 4.91990876942873 -21.300000000000004 54.659282460808754
      vertex 4.500207878649235 -21.300000000000004 55.78349380940199
    endloop
  endfacet
  facet normal 0 -1 0
    outer loop
      vertex 4.91990876942873 -21.300000000000004 54.659282460808754
      vertex 4.97868700325489 -21.300000000000004 54.68301312625408
      vertex 4.500207878649235 -21.300000000000004 55.78349380940199
    endloop
  endfacet
  facet normal 0 -1 0
    outer loop
      vertex 4.97868700325489 -21.300000000000004 54.68301312625408
      vertex 5.123509347438812 -21.300000000000004 56.05449969321489
      vertex 4.500207878649235 -21.300000000000004 55.78349380940199
    endloop
  endfacet
  facet normal 0 -1 0
    outer loop
      vertex 4.97868700325489 -21.300000000000004 54.68301312625408
      vertex 5.601988472044468 -21.300000000000004 54.954019010066986
      vertex 5.123509347438812 -21.300000000000004 56.05449969321489
    endloop
  endfacet
  facet normal 0 -1 0
    outer loop
      vertex 5.601988472044468 -21.300000000000004 54.954019010066986
      vertex 5.65896600484848 -21.300000000000004 54.98058807104826
      vertex 5.123509347438812 -21.300000000000004 56.05449969321489
    endloop
  endfacet
  facet normal 0 -1 0
    outer loop
      vertex 5.65896600484848 -21.300000000000004 54.98058807104826
      vertex 6.2672190219163895 -21.300000000000004 55.283865474164486
      vertex 5.123509347438812 -21.300000000000004 56.05449969321489
    endloop
  endfacet
  facet normal 0 -1 0
    outer loop
      vertex 5.123509347438812 -21.300000000000004 56.05449969321489
      vertex 6.2672190219163895 -21.300000000000004 55.283865474164486
      vertex 5.7317623645067215 -21.300000000000004 56.35777709633112
    endloop
  endfacet
  facet normal 0 -1 0
    outer loop
      vertex 5.7317623645067215 -21.300000000000004 56.35777709633112
      vertex 6.2672190219163895 -21.300000000000004 55.283865474164486
      vertex 6.323179699480534 -21.300000000000004 55.31363844126463
    endloop
  endfacet
  facet normal 0 -1 0
    outer loop
      vertex 5.7317623645067215 -21.300000000000004 56.35777709633112
      vertex 6.323179699480534 -21.300000000000004 55.31363844126463
      vertex 6.318302772939205 -21.300000000000004 56.690003246068954
    endloop
  endfacet
  facet normal 0 -1 0
    outer loop
      vertex 6.323179699480534 -21.300000000000004 55.31363844126463
      vertex 6.909720107913017 -21.300000000000004 55.645864591002464
      vertex 6.318302772939205 -21.300000000000004 56.690003246068954
    endloop
  endfacet
  facet normal 0 -1 0
    outer loop
      vertex 6.909720107913017 -21.300000000000004 55.645864591002464
      vertex 6.9653700068593025 -21.300000000000004 55.6794073805213
      vertex 6.318302772939205 -21.300000000000004 56.690003246068954
    endloop
  endfacet
  facet normal 0 -1 0
    outer loop
      vertex 6.9653700068593025 -21.300000000000004 55.6794073805213
      vertex 7.523771554231644 -21.300000000000004 56.03694233298302
      vertex 6.318302772939205 -21.300000000000004 56.690003246068954
    endloop
  endfacet
  facet normal 0 -1 0
    outer loop
      vertex 6.318302772939205 -21.300000000000004 56.690003246068954
      vertex 7.523771554231644 -21.300000000000004 56.03694233298302
      vertex 6.876704320311546 -21.300000000000004 57.047538198530674
    endloop
  endfacet
  facet normal 0 -1 0
    outer loop
      vertex 6.876704320311546 -21.300000000000004 57.047538198530674
      vertex 7.523771554231644 -21.300000000000004 56.03694233298302
      vertex 7.579753294587135 -21.300000000000004 56.07505574077368
    endloop
  endfacet
  facet normal 0 -1 0
    outer loop
      vertex 6.876704320311546 -21.300000000000004 57.047538198530674
      vertex 8.103898018598557 -21.300000000000004 56.45398227870464
      vertex 7.4008490443229675 -21.300000000000004 57.42646473646164
    endloop
  endfacet
  facet normal 0 -1 0
    outer loop
      vertex 1.1816972270607948 -21.300000000000004 61.309996753931046
      vertex 1.7682376354932785 -21.300000000000004 61.64222290366888
      vertex 1.1768203005194664 -21.300000000000004 62.68636155873537
    endloop
  endfacet
  facet normal 0 -1 0
    outer loop
      vertex 1.1768203005194664 -21.300000000000004 62.68636155873537
      vertex 1.7682376354932785 -21.300000000000004 61.64222290366888
      vertex 1.2327809780836105 -21.300000000000004 62.716134525835514
    endloop
  endfacet
  facet normal 0 -1 0
    outer loop
      vertex 1.2327809780836105 -21.300000000000004 62.716134525835514
      vertex 1.7682376354932785 -21.300000000000004 61.64222290366888
      vertex 2.3764906525611877 -21.300000000000004 61.94550030678511
    endloop
  endfacet
  facet normal 0 -1 0
    outer loop
      vertex 1.2327809780836105 -21.300000000000004 62.716134525835514
      vertex 2.3764906525611877 -21.300000000000004 61.94550030678511
      vertex 1.8410339951515198 -21.300000000000004 63.01941192895174
    endloop
  endfacet
  facet normal 0 -1 0
    outer loop
      vertex 1.8410339951515198 -21.300000000000004 63.01941192895174
      vertex 2.3764906525611877 -21.300000000000004 61.94550030678511
      vertex 1.898011527955532 -21.300000000000004 63.045980989933014
    endloop
  endfacet
  facet normal 0 -1 0
    outer loop
      vertex 1.898011527955532 -21.300000000000004 63.045980989933014
      vertex 2.3764906525611877 -21.300000000000004 61.94550030678511
      vertex 2.5213129967451096 -21.300000000000004 63.31698687374592
    endloop
  endfacet
  facet normal 0 -1 0
    outer loop
      vertex 2.3764906525611877 -21.300000000000004 61.94550030678511
      vertex 2.9997921213507652 -21.300000000000004 62.21650619059801
      vertex 2.5213129967451096 -21.300000000000004 63.31698687374592
    endloop
  endfacet
  facet normal 0 -1 0
    outer loop
      vertex 2.5213129967451096 -21.300000000000004 63.31698687374592
      vertex 2.9997921213507652 -21.300000000000004 62.21650619059801
      vertex 2.58009123057127 -21.300000000000004 63.340717539191246
    endloop
  endfacet
  facet normal 0 -1 0
    outer loop
      vertex 1.8122795224189758 -21.300000000000004 63.81255917996168
      vertex 2.7660223469138145 -21.300000000000004 65.6142400726676
      vertex 1.2835218906402588 -21.300000000000004 65.00016827881336
    endloop
  endfacet
  facet normal 0 -1 0
    outer loop
      vertex 1.8122795224189758 -21.300000000000004 63.81255917996168
      vertex 3.2319006845355034 -21.300000000000004 64.40058551728725
      vertex 2.7660223469138145 -21.300000000000004 65.6142400726676
    endloop
  endfacet
  facet normal 0 -1 0
    outer loop
      vertex 2.9997921213507652 -21.300000000000004 62.21650619059801
      vertex 3.6313130259513855 -21.300000000000004 62.45227136462927
      vertex 3.2116121351718903 -21.300000000000004 63.576482713222504
    endloop
  endfacet
  facet normal 0 -1 0
    outer loop
      vertex 2.58009123057127 -21.300000000000004 63.340717539191246
      vertex 2.9997921213507652 -21.300000000000004 62.21650619059801
      vertex 3.2116121351718903 -21.300000000000004 63.576482713222504
    endloop
  endfacet
  facet normal 0 -1 0
    outer loop
      vertex 3.2116121351718903 -21.300000000000004 63.576482713222504
      vertex 3.6313130259513855 -21.300000000000004 62.45227136462927
      vertex 3.2730784863233566 -21.300000000000004 63.59755212068558
    endloop
  endfacet
  facet normal 0 -1 0
    outer loop
      vertex 3.2730784863233566 -21.300000000000004 63.59755212068558
      vertex 3.6313130259513855 -21.300000000000004 62.45227136462927
      vertex 4.2641342878341675 -21.300000000000004 62.65021272748709
    endloop
  endfacet
  facet normal 0 -1 0
    outer loop
      vertex 3.2730784863233566 -21.300000000000004 63.59755212068558
      vertex 4.2641342878341675 -21.300000000000004 62.65021272748709
      vertex 3.9058997482061386 -21.300000000000004 63.795493483543396
    endloop
  endfacet
  facet normal 0 -1 0
    outer loop
      vertex 4.2641342878341675 -21.300000000000004 62.65021272748709
      vertex 3.9710806757211685 -21.300000000000004 63.813879169523716
      vertex 3.9058997482061386 -21.300000000000004 63.795493483543396
    endloop
  endfacet
  facet normal 0 -1 0
    outer loop
      vertex 2.7660223469138145 -21.300000000000004 65.6142400726676
      vertex 3.2319006845355034 -21.300000000000004 64.40058551728725
      vertex 3.855374775826931 -21.300000000000004 66
    endloop
  endfacet
  facet normal 0 -1 0
    outer loop
      vertex 3.2319006845355034 -21.300000000000004 64.40058551728725
      vertex 4.680351212620735 -21.300000000000004 64.9135087504983
      vertex 3.855374775826931 -21.300000000000004 66
    endloop
  endfacet
  facet normal 0 -1 0
    outer loop
      vertex 4.2641342878341675 -21.300000000000004 62.65021272748709
      vertex 4.891322582960129 -21.300000000000004 62.80816159397364
      vertex 3.9710806757211685 -21.300000000000004 63.813879169523716
    endloop
  endfacet
  facet normal 0 -1 0
    outer loop
      vertex 3.9710806757211685 -21.300000000000004 63.813879169523716
      vertex 4.891322582960129 -21.300000000000004 62.80816159397364
      vertex 4.59826897084713 -21.300000000000004 63.971828036010265
    endloop
  endfacet
  facet normal 0 -1 0
    outer loop
      vertex 4.891322582960129 -21.300000000000004 62.80816159397364
      vertex 4.668374188244343 -21.300000000000004 63.98726888746023
      vertex 4.59826897084713 -21.300000000000004 63.971828036010265
    endloop
  endfacet
  facet normal 0 -1 0
    outer loop
      vertex 4.891322582960129 -21.300000000000004 62.80816159397364
      vertex 5.5060063153505325 -21.300000000000004 62.92438744753599
      vertex 4.668374188244343 -21.300000000000004 63.98726888746023
    endloop
  endfacet
  facet normal 0 -1 0
    outer loop
      vertex 5.5060063153505325 -21.300000000000004 62.92438744753599
      vertex 5.2830579206347466 -21.300000000000004 64.10349474102259
      vertex 4.668374188244343 -21.300000000000004 63.98726888746023
    endloop
  endfacet
  facet normal 0 -1 0
    outer loop
      vertex 5.5060063153505325 -21.300000000000004 62.92438744753599
      vertex 5.359530501067638 -21.300000000000004 64.11541424691677
      vertex 5.2830579206347466 -21.300000000000004 64.10349474102259
    endloop
  endfacet
  facet normal 0 -1 0
    outer loop
      vertex 5.5060063153505325 -21.300000000000004 62.92438744753599
      vertex 6.101450875401497 -21.300000000000004 62.99761688709259
      vertex 5.954975061118603 -21.300000000000004 64.18864368647337
    endloop
  endfacet
  facet normal 0 -1 0
    outer loop
      vertex 5.5060063153505325 -21.300000000000004 62.92438744753599
      vertex 5.954975061118603 -21.300000000000004 64.18864368647337
      vertex 5.359530501067638 -21.300000000000004 64.11541424691677
    endloop
  endfacet
  facet normal 0 -1 0
    outer loop
      vertex 3.855374775826931 -21.300000000000004 66
      vertex 4.680351212620735 -21.300000000000004 64.9135087504983
      vertex 6.153661027550697 -21.300000000000004 65.34992299973965
    endloop
  endfacet
  facet normal 0 -1 0
    outer loop
      vertex 3.855374775826931 -21.300000000000004 66
      vertex 6.153661027550697 -21.300000000000004 65.34992299973965
      vertex 7.647791877388954 -21.300000000000004 65.70863208174706
    endloop
  endfacet
  facet normal 0 -1 0
    outer loop
      vertex 6.101450875401497 -21.300000000000004 62.99761688709259
      vertex 6.671132445335388 -21.300000000000004 63.02704760432243
      vertex 6.0395394042134285 -21.300000000000004 64.19601872563362
    endloop
  endfacet
  facet normal 0 -1 0
    outer loop
      vertex 6.101450875401497 -21.300000000000004 62.99761688709259
      vertex 6.0395394042134285 -21.300000000000004 64.19601872563362
      vertex 5.954975061118603 -21.300000000000004 64.18864368647337
    endloop
  endfacet
  facet normal 0 -1 0
    outer loop
      vertex 6.671132445335388 -21.300000000000004 63.02704760432243
      vertex 6.60922097414732 -21.300000000000004 64.22544944286346
      vertex 6.0395394042134285 -21.300000000000004 64.19601872563362
    endloop
  endfacet
  facet normal 0 -1 0
    outer loop
      vertex 6.671132445335388 -21.300000000000004 63.02704760432243
      vertex 6.703906737267971 -21.300000000000004 64.22659995406866
      vertex 6.60922097414732 -21.300000000000004 64.22544944286346
    endloop
  endfacet
  facet normal 0 -1 0
    outer loop
      vertex 6.671132445335388 -21.300000000000004 63.02704760432243
      vertex 7.208809480071068 -21.300000000000004 63.012357138097286
      vertex 6.703906737267971 -21.300000000000004 64.22659995406866
    endloop
  endfacet
  facet normal 0 -1 0
    outer loop
      vertex 7.208809480071068 -21.300000000000004 63.012357138097286
      vertex 7.241583772003651 -21.300000000000004 64.21190948784351
      vertex 6.703906737267971 -21.300000000000004 64.22659995406866
    endloop
  endfacet
  facet normal 0 -1 0
    outer loop
      vertex 7.208809480071068 -21.300000000000004 63.012357138097286
      vertex 7.348672844469547 -21.300000000000004 64.20417853444815
      vertex 7.241583772003651 -21.300000000000004 64.21190948784351
    endloop
  endfacet
  facet normal 0 -1 0
    outer loop
      vertex 7.208809480071068 -21.300000000000004 63.012357138097286
      vertex 7.848454438149929 -21.300000000000004 64.1455278545618
      vertex 7.348672844469547 -21.300000000000004 64.20417853444815
    endloop
  endfacet
  facet normal 0 -1 0
    outer loop
      vertex 3.855374775826931 -21.300000000000004 66
      vertex 7.647791877388954 -21.300000000000004 65.70863208174706
      vertex 9.158648453652859 -21.300000000000004 65.98865279555321
    endloop
  endfacet
  facet normal 0 -1 0
    outer loop
      vertex 3.855374775826931 -21.300000000000004 66
      vertex 9.158648453652859 -21.300000000000004 65.98865279555321
      vertex 9.244839027523994 -21.300000000000004 66
    endloop
  endfacet
  facet normal 0 -1 0
    outer loop
      vertex 6.876704320311546 -21.300000000000004 57.047538198530674
      vertex 7.579753294587135 -21.300000000000004 56.07505574077368
      vertex 8.103898018598557 -21.300000000000004 56.45398227870464
    endloop
  endfacet
  facet normal 0 -1 0
    outer loop
      vertex 7.4008490443229675 -21.300000000000004 57.42646473646164
      vertex 8.103898018598557 -21.300000000000004 56.45398227870464
      vertex 8.160789169371128 -21.300000000000004 56.49776079505682
    endloop
  endfacet
  facet normal 0 -1 0
    outer loop
      vertex 7.4008490443229675 -21.300000000000004 57.42646473646164
      vertex 8.160789169371128 -21.300000000000004 56.49776079505682
      vertex 8.644934423267841 -21.300000000000004 56.893927313387394
    endloop
  endfacet
  facet normal 0 -1 0
    outer loop
      vertex 7.4008490443229675 -21.300000000000004 57.42646473646164
      vertex 8.644934423267841 -21.300000000000004 56.893927313387394
      vertex 7.884994298219681 -21.300000000000004 57.82263125479221
    endloop
  endfacet
  facet normal 0 -1 0
    outer loop
      vertex 8.644934423267841 -21.300000000000004 56.893927313387394
      vertex 8.703220918774605 -21.300000000000004 56.944847002625465
      vertex 7.884994298219681 -21.300000000000004 57.82263125479221
    endloop
  endfacet
  facet normal 0 -1 0
    outer loop
      vertex 8.703220918774605 -21.300000000000004 56.944847002625465
      vertex 9.142062313854694 -21.300000000000004 57.35391302406788
      vertex 7.884994298219681 -21.300000000000004 57.82263125479221
    endloop
  endfacet
  facet normal 0 -1 0
    outer loop
      vertex 9.142062313854694 -21.300000000000004 57.35391302406788
      vertex 9.202068835496902 -21.300000000000004 57.413952484726906
      vertex 7.884994298219681 -21.300000000000004 57.82263125479221
    endloop
  endfacet
  facet normal 0 -1 0
    outer loop
      vertex 9.202068835496902 -21.300000000000004 57.413952484726906
      vertex 9.590798325836658 -21.300000000000004 57.831436187028885
      vertex 7.884994298219681 -21.300000000000004 57.82263125479221
    endloop
  endfacet
  facet normal 0 -1 0
    outer loop
      vertex 13.100000008940697 -21.300000000000004 58.332979150116444
      vertex 13.100000008940697 -21.300000000000004 52.81
      vertex 14.399999998509884 -21.300000000000004 52.81
    endloop
  endfacet
  facet normal 0 -1 0
    outer loop
      vertex 7.884994298219681 -21.300000000000004 57.82263125479221
      vertex 9.590798325836658 -21.300000000000004 57.831436187028885
      vertex 9.652542494237423 -21.300000000000004 57.903230138123035
    endloop
  endfacet
  facet normal 0 -1 0
    outer loop
      vertex 7.884994298219681 -21.300000000000004 57.82263125479221
      vertex 9.652542494237423 -21.300000000000004 57.903230138123035
      vertex 9.693022400140762 -21.300000000000004 57.9542391076684
    endloop
  endfacet
  facet normal 0 -1 0
    outer loop
      vertex 7.884994298219681 -21.300000000000004 57.82263125479221
      vertex 9.693022400140762 -21.300000000000004 57.9542391076684
      vertex 10.41012416779995 -21.300000000000004 58.08714607357979
    endloop
  endfacet
  facet normal 0 -1 0
    outer loop
      vertex 7.884994298219681 -21.300000000000004 57.82263125479221
      vertex 11.38243030756712 -21.300000000000004 59.52592092752457
      vertex 8.32383569329977 -21.300000000000004 58.23169727623463
    endloop
  endfacet
  facet normal 0 -1 0
    outer loop
      vertex 8.32383569329977 -21.300000000000004 58.23169727623463
      vertex 10.636671833693981 -21.300000000000004 59.42773995548487
      vertex 8.712565183639526 -21.300000000000004 58.649180978536606
    endloop
  endfacet
  facet normal 0 -1 0
    outer loop
      vertex 8.712565183639526 -21.300000000000004 58.649180978536606
      vertex 10.636671833693981 -21.300000000000004 59.42773995548487
      vertex 9.046923771500587 -21.300000000000004 59.07050832360983
    endloop
  endfacet
  facet normal 0 -1 0
    outer loop
      vertex 9.046923771500587 -21.300000000000004 59.07050832360983
      vertex 10.636671833693981 -21.300000000000004 59.42773995548487
      vertex 9.323248155415058 -21.300000000000004 59.49106317013502
    endloop
  endfacet
  facet normal 0 -1 0
    outer loop
      vertex 9.323248155415058 -21.300000000000004 59.49106317013502
      vertex 10.636671833693981 -21.300000000000004 59.42773995548487
      vertex 9.538510859012604 -21.300000000000004 59.906237825751305
    endloop
  endfacet
  facet normal 0 -1 0
    outer loop
      vertex 7.884994298219681 -21.300000000000004 57.82263125479221
      vertex 10.41012416779995 -21.300000000000004 58.08714607357979
      vertex 12.564590588212013 -21.300000000000004 59.618958964943886
    endloop
  endfacet
  facet normal 0 -1 0
    outer loop
      vertex 8.32383569329977 -21.300000000000004 58.23169727623463
      vertex 11.38243030756712 -21.300000000000004 59.52592092752457
      vertex 10.636671833693981 -21.300000000000004 59.42773995548487
    endloop
  endfacet
  facet normal 0 -1 0
    outer loop
      vertex 7.884994298219681 -21.300000000000004 57.82263125479221
      vertex 12.564590588212013 -21.300000000000004 59.618958964943886
      vertex 11.38243030756712 -21.300000000000004 59.52592092752457
    endloop
  endfacet
  facet normal 0 -1 0
    outer loop
      vertex 9.538510859012604 -21.300000000000004 59.906237825751305
      vertex 10.636671833693981 -21.300000000000004 59.42773995548487
      vertex 10.662219390273094 -21.300000000000004 59.48519253730774
    endloop
  endfacet
  facet normal 0 -1 0
    outer loop
      vertex 9.538510859012604 -21.300000000000004 59.906237825751305
      vertex 10.662219390273094 -21.300000000000004 59.48519253730774
      vertex 9.690353438258171 -21.300000000000004 60.311483547091484
    endloop
  endfacet
  facet normal 0 -1 0
    outer loop
      vertex 9.690353438258171 -21.300000000000004 60.311483547091484
      vertex 10.948601871728897 -21.300000000000004 60.44233717024326
      vertex 9.777112253010273 -21.300000000000004 60.70236038416624
    endloop
  endfacet
  facet normal 0 -1 0
    outer loop
      vertex 9.690353438258171 -21.300000000000004 60.311483547091484
      vertex 10.662219390273094 -21.300000000000004 59.48519253730774
      vertex 10.814061969518661 -21.300000000000004 59.89043825864792
    endloop
  endfacet
  facet normal 0 -1 0
    outer loop
      vertex 9.690353438258171 -21.300000000000004 60.311483547091484
      vertex 10.859405927360058 -21.300000000000004 60.040713757276535
      vertex 10.861843056976795 -21.300000000000004 60.05146033316851
    endloop
  endfacet
  facet normal 0 -1 0
    outer loop
      vertex 9.690353438258171 -21.300000000000004 60.311483547091484
      vertex 10.814061969518661 -21.300000000000004 59.89043825864792
      vertex 10.859405927360058 -21.300000000000004 60.040713757276535
    endloop
  endfacet
  facet normal 0 -1 0
    outer loop
      vertex 9.690353438258171 -21.300000000000004 60.311483547091484
      vertex 10.861843056976795 -21.300000000000004 60.05146033316851
      vertex 10.948601871728897 -21.300000000000004 60.44233717024326
    endloop
  endfacet
  facet normal 0 -1 0
    outer loop
      vertex 9.777112253010273 -21.300000000000004 60.70236038416624
      vertex 10.948601871728897 -21.300000000000004 60.44233717024326
      vertex 10.97251945734024 -21.300000000000004 60.59747178852558
    endloop
  endfacet
  facet normal 0 -1 0
    outer loop
      vertex 9.777112253010273 -21.300000000000004 60.70236038416624
      vertex 10.97251945734024 -21.300000000000004 60.59747178852558
      vertex 10.975256584584713 -21.300000000000004 60.635650895535946
    endloop
  endfacet
  facet normal 0 -1 0
    outer loop
      vertex 9.777112253010273 -21.300000000000004 60.70236038416624
      vertex 10.975256584584713 -21.300000000000004 60.635650895535946
      vertex 10.995981104671955 -21.300000000000004 61.00787631422281
    endloop
  endfacet
  facet normal 0 -1 0
    outer loop
      vertex 9.777112253010273 -21.300000000000004 60.70236038416624
      vertex 10.995981104671955 -21.300000000000004 61.00787631422281
      vertex 9.797836773097515 -21.300000000000004 61.07458580285311
    endloop
  endfacet
  facet normal 0 -1 0
    outer loop
      vertex 9.797836773097515 -21.300000000000004 61.07458580285311
      vertex 10.987778894603252 -21.300000000000004 61.229626916348934
      vertex 9.752299919724464 -21.300000000000004 61.42408162355423
    endloop
  endfacet
  facet normal 0 -1 0
    outer loop
      vertex 9.641000613570213 -21.300000000000004 61.747018702328205
      vertex 9.752299919724464 -21.300000000000004 61.42408162355423
      vertex 10.88681060820818 -21.300000000000004 61.815087370574474
    endloop
  endfacet
  facet normal 0 -1 0
    outer loop
      vertex 9.797836773097515 -21.300000000000004 61.07458580285311
      vertex 10.995981104671955 -21.300000000000004 61.00787631422281
      vertex 10.994438149034977 -21.300000000000004 61.16483624279499
    endloop
  endfacet
  facet normal 0 -1 0
    outer loop
      vertex 9.797836773097515 -21.300000000000004 61.07458580285311
      vertex 10.994438149034977 -21.300000000000004 61.16483624279499
      vertex 10.987778894603252 -21.300000000000004 61.229626916348934
    endloop
  endfacet
  facet normal 0 -1 0
    outer loop
      vertex 9.752299919724464 -21.300000000000004 61.42408162355423
      vertex 10.987778894603252 -21.300000000000004 61.229626916348934
      vertex 10.942242041230202 -21.300000000000004 61.57912273705006
    endloop
  endfacet
  facet normal 0 -1 0
    outer loop
      vertex 9.752299919724464 -21.300000000000004 61.42408162355423
      vertex 10.942242041230202 -21.300000000000004 61.57912273705006
      vertex 10.911824993789196 -21.300000000000004 61.73311495035887
    endloop
  endfacet
  facet normal 0 -1 0
    outer loop
      vertex 9.752299919724464 -21.300000000000004 61.42408162355423
      vertex 10.911824993789196 -21.300000000000004 61.73311495035887
      vertex 10.88681060820818 -21.300000000000004 61.815087370574474
    endloop
  endfacet
  facet normal 0 -1 0
    outer loop
      vertex 7.208809480071068 -21.300000000000004 63.012357138097286
      vertex 7.70859107375145 -21.300000000000004 62.953706458210945
      vertex 7.848454438149929 -21.300000000000004 64.1455278545618
    endloop
  endfacet
  facet normal 0 -1 0
    outer loop
      vertex 7.70859107375145 -21.300000000000004 62.953706458210945
      vertex 7.970237120985985 -21.300000000000004 64.1248346939683
      vertex 7.848454438149929 -21.300000000000004 64.1455278545618
    endloop
  endfacet
  facet normal 0 -1 0
    outer loop
      vertex 8.165001511573792 -21.300000000000004 62.85173813253641
      vertex 7.970237120985985 -21.300000000000004 64.1248346939683
      vertex 7.70859107375145 -21.300000000000004 62.953706458210945
    endloop
  endfacet
  facet normal 0 -1 0
    outer loop
      vertex 8.165001511573792 -21.300000000000004 62.85173813253641
      vertex 8.426647558808327 -21.300000000000004 64.02286636829376
      vertex 7.970237120985985 -21.300000000000004 64.1248346939683
    endloop
  endfacet
  facet normal 0 -1 0
    outer loop
      vertex 8.165001511573792 -21.300000000000004 62.85173813253641
      vertex 8.573040269315243 -21.300000000000004 62.70756936073303
      vertex 8.564768053591251 -21.300000000000004 63.98319149762392
    endloop
  endfacet
  facet normal 0 -1 0
    outer loop
      vertex 8.165001511573792 -21.300000000000004 62.85173813253641
      vertex 8.564768053591251 -21.300000000000004 63.98319149762392
      vertex 8.426647558808327 -21.300000000000004 64.02286636829376
    endloop
  endfacet
  facet normal 0 -1 0
    outer loop
      vertex 8.573040269315243 -21.300000000000004 62.70756936073303
      vertex 8.928236790001392 -21.300000000000004 62.5227796882391
      vertex 9.482066445052624 -21.300000000000004 63.587332509458065
    endloop
  endfacet
  facet normal 0 -1 0
    outer loop
      vertex 8.573040269315243 -21.300000000000004 62.70756936073303
      vertex 9.482066445052624 -21.300000000000004 63.587332509458065
      vertex 9.126869924366474 -21.300000000000004 63.772122181952
    endloop
  endfacet
  facet normal 0 -1 0
    outer loop
      vertex 8.573040269315243 -21.300000000000004 62.70756936073303
      vertex 8.972806811332703 -21.300000000000004 63.83902272582054
      vertex 8.564768053591251 -21.300000000000004 63.98319149762392
    endloop
  endfacet
  facet normal 0 -1 0
    outer loop
      vertex 8.573040269315243 -21.300000000000004 62.70756936073303
      vertex 8.983179807662964 -21.300000000000004 63.83530405908823
      vertex 8.972806811332703 -21.300000000000004 63.83902272582054
    endloop
  endfacet
  facet normal 0 -1 0
    outer loop
      vertex 8.573040269315243 -21.300000000000004 62.70756936073303
      vertex 9.126869924366474 -21.300000000000004 63.772122181952
      vertex 8.983179807662964 -21.300000000000004 63.83530405908823
    endloop
  endfacet
  facet normal 0 -1 0
    outer loop
      vertex 8.928236790001392 -21.300000000000004 62.5227796882391
      vertex 9.226699464023113 -21.300000000000004 62.29939369857311
      vertex 9.647286713123322 -21.300000000000004 63.4834915176034
    endloop
  endfacet
  facet normal 0 -1 0
    outer loop
      vertex 9.226699464023113 -21.300000000000004 62.29939369857311
      vertex 9.4651582762599 -21.300000000000004 62.03985886275768
      vertex 10.348806694149971 -21.300000000000004 62.851748920977116
    endloop
  endfacet
  facet normal 0 -1 0
    outer loop
      vertex 9.226699464023113 -21.300000000000004 62.29939369857311
      vertex 10.110347881913185 -21.300000000000004 63.111283756792545
      vertex 9.996815234422684 -21.300000000000004 63.219677187502384
    endloop
  endfacet
  facet normal 0 -1 0
    outer loop
      vertex 8.928236790001392 -21.300000000000004 62.5227796882391
      vertex 9.51573707908392 -21.300000000000004 63.56912733614445
      vertex 9.482066445052624 -21.300000000000004 63.587332509458065
    endloop
  endfacet
  facet normal 0 -1 0
    outer loop
      vertex 8.928236790001392 -21.300000000000004 62.5227796882391
      vertex 9.647286713123322 -21.300000000000004 63.4834915176034
      vertex 9.51573707908392 -21.300000000000004 63.56912733614445
    endloop
  endfacet
  facet normal 0 -1 0
    outer loop
      vertex 9.226699464023113 -21.300000000000004 62.29939369857311
      vertex 9.945749387145042 -21.300000000000004 63.26010552793741
      vertex 9.647286713123322 -21.300000000000004 63.4834915176034
    endloop
  endfacet
  facet normal 0 -1 0
    outer loop
      vertex 9.226699464023113 -21.300000000000004 62.29939369857311
      vertex 9.996815234422684 -21.300000000000004 63.219677187502384
      vertex 9.945749387145042 -21.300000000000004 63.26010552793741
    endloop
  endfacet
  facet normal 0 -1 0
    outer loop
      vertex 9.641000613570213 -21.300000000000004 61.747018702328205
      vertex 10.669777803122997 -21.300000000000004 62.36477067321539
      vertex 9.4651582762599 -21.300000000000004 62.03985886275768
    endloop
  endfacet
  facet normal 0 -1 0
    outer loop
      vertex 9.4651582762599 -21.300000000000004 62.03985886275768
      vertex 10.669777803122997 -21.300000000000004 62.36477067321539
      vertex 10.493935465812683 -21.300000000000004 62.65761083364487
    endloop
  endfacet
  facet normal 0 -1 0
    outer loop
      vertex 9.226699464023113 -21.300000000000004 62.29939369857311
      vertex 10.348806694149971 -21.300000000000004 62.851748920977116
      vertex 10.110347881913185 -21.300000000000004 63.111283756792545
    endloop
  endfacet
  facet normal 0 -1 0
    outer loop
      vertex 9.4651582762599 -21.300000000000004 62.03985886275768
      vertex 10.493935465812683 -21.300000000000004 62.65761083364487
      vertex 10.40450131893158 -21.300000000000004 62.78660824894905
    endloop
  endfacet
  facet normal 0 -1 0
    outer loop
      vertex 9.4651582762599 -21.300000000000004 62.03985886275768
      vertex 10.40450131893158 -21.300000000000004 62.78660824894905
      vertex 10.348806694149971 -21.300000000000004 62.851748920977116
    endloop
  endfacet
  facet normal 0 -1 0
    outer loop
      vertex 9.641000613570213 -21.300000000000004 61.747018702328205
      vertex 10.775511302053928 -21.300000000000004 62.13802444934845
      vertex 10.714768916368484 -21.300000000000004 62.282762698829174
    endloop
  endfacet
  facet normal 0 -1 0
    outer loop
      vertex 9.641000613570213 -21.300000000000004 61.747018702328205
      vertex 10.714768916368484 -21.300000000000004 62.282762698829174
      vertex 10.669777803122997 -21.300000000000004 62.36477067321539
    endloop
  endfacet
  facet normal 0 -1 0
    outer loop
      vertex 9.641000613570213 -21.300000000000004 61.747018702328205
      vertex 10.88681060820818 -21.300000000000004 61.815087370574474
      vertex 10.775511302053928 -21.300000000000004 62.13802444934845
    endloop
  endfacet
  facet normal 0 -1 0
    outer loop
      vertex 10.41012416779995 -21.300000000000004 58.08714607357979
      vertex 11.518317312002182 -21.300000000000004 58.23304246366024
      vertex 12.564590588212013 -21.300000000000004 59.618958964943886
    endloop
  endfacet
  facet normal 0 -1 0
    outer loop
      vertex 11.518317312002182 -21.300000000000004 58.23304246366024
      vertex 12.632627330720425 -21.300000000000004 58.320740565657616
      vertex 12.564590588212013 -21.300000000000004 59.618958964943886
    endloop
  endfacet
  facet normal 0 -1 0
    outer loop
      vertex 12.632627330720425 -21.300000000000004 58.320740565657616
      vertex 13.100000008940697 -21.300000000000004 58.332979150116444
      vertex 13.100000008940697 -21.300000000000004 59.63297914713621
    endloop
  endfacet
  facet normal 0 -1 0
    outer loop
      vertex 12.632627330720425 -21.300000000000004 58.320740565657616
      vertex 13.100000008940697 -21.300000000000004 59.63297914713621
      vertex 12.564590588212013 -21.300000000000004 59.618958964943886
    endloop
  endfacet
  facet normal 0 -1 0
    outer loop
      vertex 13.100000008940697 -21.300000000000004 58.332979150116444
      vertex 14.399999998509884 -21.300000000000004 59.63297914713621
      vertex 13.100000008940697 -21.300000000000004 59.63297914713621
    endloop
  endfacet
  facet normal 0 -1 0
    outer loop
      vertex 13.100000008940697 -21.300000000000004 59.63297914713621
      vertex 14.399999998509884 -21.300000000000004 59.63297914713621
      vertex 13.100000008940697 -21.300000000000004 66
    endloop
  endfacet
  facet normal 0 1 0
    outer loop
      vertex 13.100000008940697 -20.500000000000004 6.367020852863789
      vertex 14.399999991059303 -20.500000000000004 6.367020852863789
      vertex 14.399999991059303 -20.500000000000004 0
    endloop
  endfacet
  facet normal 0 1 0
    outer loop
      vertex 13.100000008940697 -20.500000000000004 6.367020852863789
      vertex 14.399999991059303 -20.500000000000004 7.667020849883556
      vertex 14.399999991059303 -20.500000000000004 6.367020852863789
    endloop
  endfacet
  facet normal 0 1 0
    outer loop
      vertex 14.399999991059303 -20.500000000000004 6.367020852863789
      vertex 14.399999991059303 -20.500000000000004 7.667020849883556
      vertex 15.354097060859203 -20.500000000000004 6.392004758119583
    endloop
  endfacet
  facet normal 0 1 0
    outer loop
      vertex 14.399999991059303 -20.500000000000004 7.667020849883556
      vertex 15.286060318350792 -20.500000000000004 7.690223157405853
      vertex 15.354097060859203 -20.500000000000004 6.392004758119583
    endloop
  endfacet
  facet normal 0 1 0
    outer loop
      vertex 15.286060318350792 -20.500000000000004 7.690223157405853
      vertex 16.95379739999771 -20.500000000000004 6.517903909087181
      vertex 15.354097060859203 -20.500000000000004 6.392004758119583
    endloop
  endfacet
  facet normal 0 1 0
    outer loop
      vertex 15.286060318350792 -20.500000000000004 7.690223157405853
      vertex 16.81791039556265 -20.500000000000004 7.810782372951508
      vertex 16.95379739999771 -20.500000000000004 6.517903909087181
    endloop
  endfacet
  facet normal 0 1 0
    outer loop
      vertex 16.81791039556265 -20.500000000000004 7.810782372951508
      vertex 18.544716350734234 -20.500000000000004 6.727352358400822
      vertex 16.95379739999771 -20.500000000000004 6.517903909087181
    endloop
  endfacet
  facet normal 0 1 0
    outer loop
      vertex 16.81791039556265 -20.500000000000004 7.810782372951508
      vertex 18.34135154634714 -20.500000000000004 8.011347204446793
      vertex 18.544716350734234 -20.500000000000004 6.727352358400822
    endloop
  endfacet
  facet normal 0 1 0
    outer loop
      vertex 18.34135154634714 -20.500000000000004 8.011347204446793
      vertex 20.12249332666397 -20.500000000000004 7.019776038825512
      vertex 18.544716350734234 -20.500000000000004 6.727352358400822
    endloop
  endfacet
  facet normal 0 1 0
    outer loop
      vertex 18.34135154634714 -20.500000000000004 8.011347204446793
      vertex 19.852208122611046 -20.500000000000004 8.291367918252945
      vertex 20.12249332666397 -20.500000000000004 7.019776038825512
    endloop
  endfacet
  facet normal 0 1 0
    outer loop
      vertex 13.100000001490116 -20.500000000000004 14.367020852863789
      vertex 14.399999991059303 -20.500000000000004 14.367020852863789
      vertex 14.399999991059303 -20.500000000000004 7.667020849883556
    endloop
  endfacet
  facet normal 0 1 0
    outer loop
      vertex 13.100000001490116 -20.500000000000004 14.367020852863789
      vertex 14.399999991059303 -20.500000000000004 15.667020849883556
      vertex 14.399999991059303 -20.500000000000004 14.367020852863789
    endloop
  endfacet
  facet normal 0 1 0
    outer loop
      vertex 14.399999991059303 -20.500000000000004 14.367020852863789
      vertex 14.399999991059303 -20.500000000000004 15.667020849883556
      vertex 14.935409411787987 -20.500000000000004 14.381041035056114
    endloop
  endfacet
  facet normal 0 1 0
    outer loop
      vertex 14.935409411787987 -20.500000000000004 14.381041035056114
      vertex 14.399999991059303 -20.500000000000004 15.667020849883556
      vertex 14.867372669279575 -20.500000000000004 15.679259434342384
    endloop
  endfacet
  facet normal 0 1 0
    outer loop
      vertex 14.935409411787987 -20.500000000000004 14.381041035056114
      vertex 14.867372669279575 -20.500000000000004 15.679259434342384
      vertex 16.11756969243288 -20.500000000000004 14.474079072475433
    endloop
  endfacet
  facet normal 0 1 0
    outer loop
      vertex 14.867372669279575 -20.500000000000004 15.679259434342384
      vertex 15.981682687997818 -20.500000000000004 15.76695753633976
      vertex 16.11756969243288 -20.500000000000004 14.474079072475433
    endloop
  endfacet
  facet normal 0 1 0
    outer loop
      vertex 15.981682687997818 -20.500000000000004 15.76695753633976
      vertex 17.293240636587143 -20.500000000000004 14.628859087824821
      vertex 16.11756969243288 -20.500000000000004 14.474079072475433
    endloop
  endfacet
  facet normal 0 1 0
    outer loop
      vertex 15.981682687997818 -20.500000000000004 15.76695753633976
      vertex 17.08987583220005 -20.500000000000004 15.912853926420212
      vertex 17.293240636587143 -20.500000000000004 14.628859087824821
    endloop
  endfacet
  facet normal 0 1 0
    outer loop
      vertex 17.293240636587143 -20.500000000000004 14.628859087824821
      vertex 17.08987583220005 -20.500000000000004 15.912853926420212
      vertex 18.4591997936368 -20.500000000000004 14.84495684504509
    endloop
  endfacet
  facet normal 0 1 0
    outer loop
      vertex 17.08987583220005 -20.500000000000004 15.912853926420212
      vertex 18.188914597034454 -20.500000000000004 16.116548724472523
      vertex 18.4591997936368 -20.500000000000004 14.84495684504509
    endloop
  endfacet
  facet normal 0 1 0
    outer loop
      vertex 18.188914597034454 -20.500000000000004 16.116548724472523
      vertex 19.61225137114525 -20.500000000000004 15.121780037879944
      vertex 18.4591997936368 -20.500000000000004 14.84495684504509
    endloop
  endfacet
  facet normal 0 1 0
    outer loop
      vertex 18.188914597034454 -20.500000000000004 16.116548724472523
      vertex 19.275786615908146 -20.500000000000004 16.3774836063385
      vertex 19.61225137114525 -20.500000000000004 15.121780037879944
    endloop
  endfacet
  facet normal 0 1 0
    outer loop
      vertex 19.61225137114525 -20.500000000000004 15.121780037879944
      vertex 19.275786615908146 -20.500000000000004 16.3774836063385
      vertex 20.749234922230244 -20.500000000000004 15.458569906651974
    endloop
  endfacet
  facet normal 0 1 0
    outer loop
      vertex 19.852208122611046 -20.500000000000004 8.291367918252945
      vertex 21.682803735136986 -20.500000000000004 7.394373424351215
      vertex 20.12249332666397 -20.500000000000004 7.019776038825512
    endloop
  endfacet
  facet normal 0 1 0
    outer loop
      vertex 19.852208122611046 -20.500000000000004 8.291367918252945
      vertex 21.346338972449303 -20.500000000000004 8.650077000260353
      vertex 21.682803735136986 -20.500000000000004 7.394373424351215
    endloop
  endfacet
  facet normal 0 1 0
    outer loop
      vertex 21.682803735136986 -20.500000000000004 7.394373424351215
      vertex 21.346338972449303 -20.500000000000004 8.650077000260353
      vertex 23.22137087583542 -20.500000000000004 7.850117772817612
    endloop
  endfacet
  facet normal 0 1 0
    outer loop
      vertex 23.22137087583542 -20.500000000000004 7.850117772817612
      vertex 21.346338972449303 -20.500000000000004 8.650077000260353
      vertex 22.819648787379265 -20.500000000000004 9.086491249501705
    endloop
  endfacet
  facet normal 0 1 0
    outer loop
      vertex 19.275786615908146 -20.500000000000004 16.3774836063385
      vertex 20.34751282632351 -20.500000000000004 16.694943375885487
      vertex 20.749234922230244 -20.500000000000004 15.458569906651974
    endloop
  endfacet
  facet normal 0 1 0
    outer loop
      vertex 20.749234922230244 -20.500000000000004 15.458569906651974
      vertex 20.34751282632351 -20.500000000000004 16.694943375885487
      vertex 21.867034055292606 -20.500000000000004 15.854403339326382
    endloop
  endfacet
  facet normal 0 1 0
    outer loop
      vertex 21.867034055292606 -20.500000000000004 15.854403339326382
      vertex 21.401155725121498 -20.500000000000004 17.068057894706726
      vertex 22.96258496493101 -20.500000000000004 16.308195382356644
    endloop
  endfacet
  facet normal 0 1 0
    outer loop
      vertex 23.22137087583542 -20.500000000000004 7.850117772817612
      vertex 22.819648787379265 -20.500000000000004 9.086491249501705
      vertex 24.733977653086185 -20.500000000000004 8.385759927332401
    endloop
  endfacet
  facet normal 0 1 0
    outer loop
      vertex 22.819648787379265 -20.500000000000004 9.086491249501705
      vertex 24.268099315464497 -20.500000000000004 9.599414482712746
      vertex 24.733977653086185 -20.500000000000004 8.385759927332401
    endloop
  endfacet
  facet normal 0 1 0
    outer loop
      vertex 24.268099315464497 -20.500000000000004 9.599414482712746
      vertex 26.21647810935974 -20.500000000000004 8.999831721186638
      vertex 24.733977653086185 -20.500000000000004 8.385759927332401
    endloop
  endfacet
  facet normal 0 1 0
    outer loop
      vertex 24.268099315464497 -20.500000000000004 9.599414482712746
      vertex 25.687720477581024 -20.500000000000004 10.187440820038319
      vertex 26.21647810935974 -20.500000000000004 8.999831721186638
    endloop
  endfacet
  facet normal 1 0 0
    outer loop
      vertex 14.399999991059303 -20.500000000000004 0
      vertex 14.399999991059303 -20.500000000000004 6.367020852863789
      vertex 14.399999991059303 -21.300000000000004 0
    endloop
  endfacet
  facet normal 0.026176942252479535 0 -0.9996573251341234
    outer loop
      vertex 14.399999991059303 -20.500000000000004 6.367020852863789
      vertex 15.354097060859203 -20.500000000000004 6.392004758119583
      vertex 14.399999991059303 -21.300000000000004 6.367020852863789
    endloop
  endfacet
  facet normal -0.026176949758058853 0 0.9996573249375829
    outer loop
      vertex 14.399999991059303 -20.500000000000004 7.667020849883556
      vertex 14.399999991059303 -21.300000000000004 7.667020849883556
      vertex 15.286060318350792 -20.500000000000004 7.690223157405853
    endloop
  endfacet
  facet normal 0.07845909812441985 0 -0.9969173335445134
    outer loop
      vertex 15.354097060859203 -20.500000000000004 6.392004758119583
      vertex 16.95379739999771 -20.500000000000004 6.517903909087181
      vertex 15.354097060859203 -21.300000000000004 6.392004758119583
    endloop
  endfacet
  facet normal -0.0784590956435412 0 0.9969173337397628
    outer loop
      vertex 15.286060318350792 -20.500000000000004 7.690223157405853
      vertex 15.286060318350792 -21.300000000000004 7.690223157405853
      vertex 16.81791039556265 -20.500000000000004 7.810782372951508
    endloop
  endfacet
  facet normal 0.13052618976367067 0 -0.991444861697199
    outer loop
      vertex 16.95379739999771 -20.500000000000004 6.517903909087181
      vertex 18.544716350734234 -20.500000000000004 6.727352358400822
      vertex 16.95379739999771 -21.300000000000004 6.517903909087181
    endloop
  endfacet
  facet normal -0.13052619162326407 0 0.991444861452379
    outer loop
      vertex 16.81791039556265 -20.500000000000004 7.810782372951508
      vertex 16.81791039556265 -21.300000000000004 7.810782372951508
      vertex 18.34135154634714 -20.500000000000004 8.011347204446793
    endloop
  endfacet
  facet normal 0.1822355270531542 0 -0.9832549072746389
    outer loop
      vertex 18.544716350734234 -20.500000000000004 6.727352358400822
      vertex 20.12249332666397 -20.500000000000004 7.019776038825512
      vertex 18.544716350734234 -21.300000000000004 6.727352358400822
    endloop
  endfacet
  facet normal -0.18223552482073174 0 0.9832549076883942
    outer loop
      vertex 18.34135154634714 -20.500000000000004 8.011347204446793
      vertex 18.34135154634714 -21.300000000000004 8.011347204446793
      vertex 19.852208122611046 -20.500000000000004 8.291367918252945
    endloop
  endfacet
  facet normal 1 0 0
    outer loop
      vertex 14.399999991059303 -20.500000000000004 7.667020849883556
      vertex 14.399999991059303 -20.500000000000004 14.367020852863789
      vertex 14.399999991059303 -21.300000000000004 14.367020852863789
    endloop
  endfacet
  facet normal 0.026176935422066776 0 -0.9996573253129839
    outer loop
      vertex 14.399999991059303 -20.500000000000004 14.367020852863789
      vertex 14.935409411787987 -20.500000000000004 14.381041035056114
      vertex 14.935409411787987 -21.300000000000004 14.381041035056114
    endloop
  endfacet
  facet normal -0.026176948657066 0 0.9996573249664134
    outer loop
      vertex 14.399999991059303 -20.500000000000004 15.667020849883556
      vertex 14.399999991059303 -21.300000000000004 15.667020849883556
      vertex 14.867372669279575 -20.500000000000004 15.679259434342384
    endloop
  endfacet
  facet normal -0.07845909714378427 0 0.9969173336216911
    outer loop
      vertex 14.867372669279575 -20.500000000000004 15.679259434342384
      vertex 14.867372669279575 -21.300000000000004 15.679259434342384
      vertex 15.981682687997818 -20.500000000000004 15.76695753633976
    endloop
  endfacet
  facet normal 0.0784591004148048 0 -0.9969173333642563
    outer loop
      vertex 14.935409411787987 -20.500000000000004 14.381041035056114
      vertex 16.11756969243288 -20.500000000000004 14.474079072475433
      vertex 16.11756969243288 -21.300000000000004 14.474079072475433
    endloop
  endfacet
  facet normal -0.13052618767966898 0 0.9914448619715631
    outer loop
      vertex 15.981682687997818 -20.500000000000004 15.76695753633976
      vertex 15.981682687997818 -21.300000000000004 15.76695753633976
      vertex 17.08987583220005 -20.500000000000004 15.912853926420212
    endloop
  endfacet
  facet normal 0.13052619156564776 0 -0.9914448614599642
    outer loop
      vertex 16.11756969243288 -20.500000000000004 14.474079072475433
      vertex 17.293240636587143 -20.500000000000004 14.628859087824821
      vertex 17.293240636587143 -21.300000000000004 14.628859087824821
    endloop
  endfacet
  facet normal -0.18223552811738303 0 0.9832549070773959
    outer loop
      vertex 17.08987583220005 -20.500000000000004 15.912853926420212
      vertex 17.08987583220005 -21.300000000000004 15.912853926420212
      vertex 18.188914597034454 -20.500000000000004 16.116548724472523
    endloop
  endfacet
  facet normal 0.18223552600049084 0 -0.9832549074697388
    outer loop
      vertex 17.293240636587143 -20.500000000000004 14.628859087824821
      vertex 18.4591997936368 -20.500000000000004 14.84495684504509
      vertex 18.4591997936368 -21.300000000000004 14.84495684504509
    endloop
  endfacet
  facet normal -0.2334453607226127 0 0.9723699211499136
    outer loop
      vertex 18.188914597034454 -20.500000000000004 16.116548724472523
      vertex 18.188914597034454 -21.300000000000004 16.116548724472523
      vertex 19.275786615908146 -20.500000000000004 16.3774836063385
    endloop
  endfacet
  facet normal 0.23344536461438326 0 -0.9723699202155821
    outer loop
      vertex 18.4591997936368 -20.500000000000004 14.84495684504509
      vertex 19.61225137114525 -20.500000000000004 15.121780037879944
      vertex 19.61225137114525 -21.300000000000004 15.121780037879944
    endloop
  endfacet
  facet normal -0.2840153472679195 0 0.9588197341087026
    outer loop
      vertex 19.275786615908146 -20.500000000000004 16.3774836063385
      vertex 19.275786615908146 -21.300000000000004 16.3774836063385
      vertex 20.34751282632351 -20.500000000000004 16.694943375885487
    endloop
  endfacet
  facet normal 0.2334453631958007 0 -0.9723699205561537
    outer loop
      vertex 20.12249332666397 -20.500000000000004 7.019776038825512
      vertex 21.682803735136986 -20.500000000000004 7.394373424351215
      vertex 20.12249332666397 -21.300000000000004 7.019776038825512
    endloop
  endfacet
  facet normal 0.284015343836692 0 -0.9588197351250785
    outer loop
      vertex 21.682803735136986 -20.500000000000004 7.394373424351215
      vertex 23.22137087583542 -20.500000000000004 7.850117772817612
      vertex 21.682803735136986 -21.300000000000004 7.394373424351215
    endloop
  endfacet
  facet normal 0.33380686020531863 0 -0.9426414907481352
    outer loop
      vertex 23.22137087583542 -20.500000000000004 7.850117772817612
      vertex 24.733977653086185 -20.500000000000004 8.385759927332401
      vertex 23.22137087583542 -21.300000000000004 7.850117772817612
    endloop
  endfacet
  facet normal -0.2334453648865289 0 0.9723699201502457
    outer loop
      vertex 19.852208122611046 -20.500000000000004 8.291367918252945
      vertex 19.852208122611046 -21.300000000000004 8.291367918252945
      vertex 21.346338972449303 -20.500000000000004 8.650077000260353
    endloop
  endfacet
  facet normal -0.28401534458367234 0 0.9588197349038128
    outer loop
      vertex 21.346338972449303 -20.500000000000004 8.650077000260353
      vertex 21.346338972449303 -21.300000000000004 8.650077000260353
      vertex 22.819648787379265 -20.500000000000004 9.086491249501705
    endloop
  endfacet
  facet normal 0.2840153426810293 0 -0.9588197354674014
    outer loop
      vertex 19.61225137114525 -20.500000000000004 15.121780037879944
      vertex 20.749234922230244 -20.500000000000004 15.458569906651974
      vertex 20.749234922230244 -21.300000000000004 15.458569906651974
    endloop
  endfacet
  facet normal 0.33380685870797194 0 -0.9426414912783736
    outer loop
      vertex 20.749234922230244 -20.500000000000004 15.458569906651974
      vertex 21.867034055292606 -20.500000000000004 15.854403339326382
      vertex 21.867034055292606 -21.300000000000004 15.854403339326382
    endloop
  endfacet
  facet normal 0.38268343091674134 0 -0.9238795331112124
    outer loop
      vertex 21.867034055292606 -20.500000000000004 15.854403339326382
      vertex 22.96258496493101 -20.500000000000004 16.308195382356644
      vertex 22.96258496493101 -21.300000000000004 16.308195382356644
    endloop
  endfacet
  facet normal -0.33380685913208813 0 0.9426414911281862
    outer loop
      vertex 22.819648787379265 -20.500000000000004 9.086491249501705
      vertex 22.819648787379265 -21.300000000000004 9.086491249501705
      vertex 24.268099315464497 -20.500000000000004 9.599414482712746
    endloop
  endfacet
  facet normal 0.3826834316424301 0 -0.9238795328106223
    outer loop
      vertex 24.733977653086185 -20.500000000000004 8.385759927332401
      vertex 26.21647810935974 -20.500000000000004 8.999831721186638
      vertex 24.733977653086185 -21.300000000000004 8.385759927332401
    endloop
  endfacet
  facet normal -0.3826834315568862 0 0.9238795328460556
    outer loop
      vertex 24.268099315464497 -20.500000000000004 9.599414482712746
      vertex 24.268099315464497 -21.300000000000004 9.599414482712746
      vertex 25.687720477581024 -20.500000000000004 10.187440820038319
    endloop
  endfacet
  facet normal -0.4305110955700008 0 0.9025852849404967
    outer loop
      vertex 25.687720477581024 -20.500000000000004 10.187440820038319
      vertex 25.687720477581024 -21.300000000000004 10.187440820038319
      vertex 27.0746211707592 -20.500000000000004 10.848958514630795
    endloop
  endfacet
  facet normal 0 1 0
    outer loop
      vertex 13.100000001490116 -20.500000000000004 15.667020849883556
      vertex 14.399999991059303 -20.500000000000004 21.19
      vertex 14.399999991059303 -20.500000000000004 15.667020849883556
    endloop
  endfacet
  facet normal 0 1 0
    outer loop
      vertex 21.867034055292606 -20.500000000000004 15.854403339326382
      vertex 20.34751282632351 -20.500000000000004 16.694943375885487
      vertex 21.401155725121498 -20.500000000000004 17.068057894706726
    endloop
  endfacet
  facet normal 0 1 0
    outer loop
      vertex 22.96258496493101 -20.500000000000004 16.308195382356644
      vertex 21.401155725121498 -20.500000000000004 17.068057894706726
      vertex 22.433827333152294 -20.500000000000004 17.495804481208324
    endloop
  endfacet
  facet normal 0 1 0
    outer loop
      vertex 22.96258496493101 -20.500000000000004 16.308195382356644
      vertex 22.433827333152294 -20.500000000000004 17.495804481208324
      vertex 24.032884821295738 -20.500000000000004 16.81870222836733
    endloop
  endfacet
  facet normal 0 1 0
    outer loop
      vertex 22.433827333152294 -20.500000000000004 17.495804481208324
      vertex 23.442697167396545 -20.500000000000004 17.97701071202755
      vertex 24.032884821295738 -20.500000000000004 16.81870222836733
    endloop
  endfacet
  facet normal 0 1 0
    outer loop
      vertex 23.442697167396545 -20.500000000000004 17.97701071202755
      vertex 24.503573052585125 -20.500000000000004 17.074265092611313
      vertex 24.032884821295738 -20.500000000000004 16.81870222836733
    endloop
  endfacet
  facet normal 0 1 0
    outer loop
      vertex 23.442697167396545 -20.500000000000004 17.97701071202755
      vertex 23.85357305407524 -20.500000000000004 18.200098119676113
      vertex 24.503573052585125 -20.500000000000004 17.074265092611313
    endloop
  endfacet
  facet normal 0 1 0
    outer loop
      vertex 23.85357305407524 -20.500000000000004 18.200098119676113
      vertex 25.629406079649925 -20.500000000000004 17.724265091121197
      vertex 24.503573052585125 -20.500000000000004 17.074265092611313
    endloop
  endfacet
  facet normal 0 1 0
    outer loop
      vertex 23.85357305407524 -20.500000000000004 18.200098119676113
      vertex 22.127352398412114 -20.500000000000004 21.19
      vertex 23.628463099634978 -20.500000000000004 21.19
    endloop
  endfacet
  facet normal 0 1 0
    outer loop
      vertex 23.85357305407524 -20.500000000000004 18.200098119676113
      vertex 23.628463099634978 -20.500000000000004 21.19
      vertex 24.97940608114004 -20.500000000000004 18.850098118185997
    endloop
  endfacet
  facet normal 0 1 0
    outer loop
      vertex 23.85357305407524 -20.500000000000004 18.200098119676113
      vertex 24.97940608114004 -20.500000000000004 18.850098118185997
      vertex 26.086074143648148 -20.500000000000004 18.004111632704735
    endloop
  endfacet
  facet normal 0 1 0
    outer loop
      vertex 23.85357305407524 -20.500000000000004 18.200098119676113
      vertex 26.086074143648148 -20.500000000000004 18.004111632704735
      vertex 25.629406079649925 -20.500000000000004 17.724265091121197
    endloop
  endfacet
  facet normal 0 1 0
    outer loop
      vertex 26.086074143648148 -20.500000000000004 18.004111632704735
      vertex 24.97940608114004 -20.500000000000004 18.850098118185997
      vertex 25.37804339826107 -20.500000000000004 19.094383373856544
    endloop
  endfacet
  facet normal 0 1 0
    outer loop
      vertex 26.086074143648148 -20.500000000000004 18.004111632704735
      vertex 25.37804339826107 -20.500000000000004 19.094383373856544
      vertex 27.063335962593555 -20.500000000000004 18.675765074789524
    endloop
  endfacet
  facet normal 0 1 0
    outer loop
      vertex 25.37804339826107 -20.500000000000004 19.094383373856544
      vertex 26.299215137958527 -20.500000000000004 19.727487169206142
      vertex 27.063335962593555 -20.500000000000004 18.675765074789524
    endloop
  endfacet
  facet normal 1 0 0
    outer loop
      vertex 14.399999991059303 -20.500000000000004 15.667020849883556
      vertex 14.399999991059303 -20.500000000000004 21.19
      vertex 14.399999991059303 -21.300000000000004 21.19
    endloop
  endfacet
  facet normal -0.33380685886951067 0 0.9426414912211697
    outer loop
      vertex 20.34751282632351 -20.500000000000004 16.694943375885487
      vertex 20.34751282632351 -21.300000000000004 16.694943375885487
      vertex 21.401155725121498 -20.500000000000004 17.068057894706726
    endloop
  endfacet
  facet normal -0.38268343311162334 0 0.9238795322020623
    outer loop
      vertex 21.401155725121498 -20.500000000000004 17.068057894706726
      vertex 21.401155725121498 -21.300000000000004 17.068057894706726
      vertex 22.433827333152294 -20.500000000000004 17.495804481208324
    endloop
  endfacet
  facet normal -0.4305110998748486 0 0.9025852828871898
    outer loop
      vertex 22.433827333152294 -20.500000000000004 17.495804481208324
      vertex 22.433827333152294 -21.300000000000004 17.495804481208324
      vertex 23.442697167396545 -20.500000000000004 17.97701071202755
    endloop
  endfacet
  facet normal 0.43051109809598453 -5.851578401908654e-17 -0.9025852837356643
    outer loop
      vertex 22.96258496493101 -20.500000000000004 16.308195382356644
      vertex 24.032884821295738 -20.500000000000004 16.81870222836733
      vertex 24.032884821295738 -21.300000000000004 16.81870222836733
    endloop
  endfacet
  facet normal -0.4771587654339821 0 0.8788171098525097
    outer loop
      vertex 23.442697167396545 -20.500000000000004 17.97701071202755
      vertex 23.442697167396545 -21.300000000000004 17.97701071202755
      vertex 23.85357305407524 -20.500000000000004 18.200098119676113
    endloop
  endfacet
  facet normal 0.47715876936242363 0 -0.8788171077195398
    outer loop
      vertex 24.032884821295738 -20.500000000000004 16.81870222836733
      vertex 24.503573052585125 -20.500000000000004 17.074265092611313
      vertex 24.503573052585125 -21.300000000000004 17.074265092611313
    endloop
  endfacet
  facet normal -0.8660254037584058 0 -0.5000000000450903
    outer loop
      vertex 23.85357305407524 -20.500000000000004 18.200098119676113
      vertex 23.85357305407524 -21.300000000000004 18.200098119676113
      vertex 22.127352398412114 -20.500000000000004 21.19
    endloop
  endfacet
  facet normal 0.866025403758406 -8.612538198492706e-17 0.5000000000450897
    outer loop
      vertex 24.97940608114004 -20.500000000000004 18.850098118185997
      vertex 23.628463099634978 -20.500000000000004 21.19
      vertex 23.628463099634978 -21.300000000000004 21.19
    endloop
  endfacet
  facet normal 0.5224985539209459 0 -0.8526401709692785
    outer loop
      vertex 25.629406079649925 -20.500000000000004 17.724265091121197
      vertex 26.086074143648148 -20.500000000000004 18.004111632704735
      vertex 25.629406079649925 -21.300000000000004 17.724265091121197
    endloop
  endfacet
  facet normal -0.5224985546970153 0 0.8526401704937027
    outer loop
      vertex 24.97940608114004 -20.500000000000004 18.850098118185997
      vertex 24.97940608114004 -21.300000000000004 18.850098118185997
      vertex 25.37804339826107 -20.500000000000004 19.094383373856544
    endloop
  endfacet
  facet normal -0.5664062363497788 0 0.8241261890172393
    outer loop
      vertex 25.37804339826107 -20.500000000000004 19.094383373856544
      vertex 25.37804339826107 -21.300000000000004 19.094383373856544
      vertex 26.299215137958527 -20.500000000000004 19.727487169206142
    endloop
  endfacet
  facet normal 0 1 0
    outer loop
      vertex 28.503573060035706 -20.500000000000004 10.146061860024929
      vertex 29.629406079649925 -20.500000000000004 10.796061858534813
      vertex 34.30454460531473 -20.500000000000004 2.6984843984246254
    endloop
  endfacet
  facet normal 0 1 0
    outer loop
      vertex 28.503573060035706 -20.500000000000004 10.146061860024929
      vertex 34.055137149989605 -20.500000000000004 2.47975991666317
      vertex 33.243010990321636 -20.500000000000004 1.9371145740151405
    endloop
  endfacet
  facet normal 0 1 0
    outer loop
      vertex 28.503573060035706 -20.500000000000004 10.146061860024929
      vertex 34.30454460531473 -20.500000000000004 2.6984843984246254
      vertex 34.055137149989605 -20.500000000000004 2.47975991666317
    endloop
  endfacet
  facet normal 0 1 0
    outer loop
      vertex 26.21647810935974 -20.500000000000004 8.999831721186638
      vertex 25.687720477581024 -20.500000000000004 10.187440820038319
      vertex 27.664808817207813 -20.500000000000004 9.690650030970573
    endloop
  endfacet
  facet normal 0 1 0
    outer loop
      vertex 25.687720477581024 -20.500000000000004 10.187440820038319
      vertex 27.0746211707592 -20.500000000000004 10.848958514630795
      vertex 27.664808817207813 -20.500000000000004 9.690650030970573
    endloop
  endfacet
  facet normal 0 1 0
    outer loop
      vertex 27.664808817207813 -20.500000000000004 9.690650030970573
      vertex 27.0746211707592 -20.500000000000004 10.848958514630795
      vertex 28.503573060035706 -20.500000000000004 10.146061860024929
    endloop
  endfacet
  facet normal 0 1 0
    outer loop
      vertex 27.0746211707592 -20.500000000000004 10.848958514630795
      vertex 27.85357305407524 -20.500000000000004 11.27189488708973
      vertex 28.503573060035706 -20.500000000000004 10.146061860024929
    endloop
  endfacet
  facet normal 0 1 0
    outer loop
      vertex 28.503573060035706 -20.500000000000004 10.146061860024929
      vertex 27.85357305407524 -20.500000000000004 11.27189488708973
      vertex 29.629406079649925 -20.500000000000004 10.796061858534813
    endloop
  endfacet
  facet normal 0 1 0
    outer loop
      vertex 27.85357305407524 -20.500000000000004 11.27189488708973
      vertex 30.443186424672604 -20.500000000000004 11.294747091829777
      vertex 29.629406079649925 -20.500000000000004 10.796061858534813
    endloop
  endfacet
  facet normal 0 1 0
    outer loop
      vertex 27.85357305407524 -20.500000000000004 11.27189488708973
      vertex 28.97940608114004 -20.500000000000004 11.921894893050194
      vertex 30.443186424672604 -20.500000000000004 11.294747091829777
    endloop
  endfacet
  facet normal 0 1 0
    outer loop
      vertex 24.503573052585125 -20.500000000000004 17.074265092611313
      vertex 28.97940608114004 -20.500000000000004 11.921894893050194
      vertex 27.85357305407524 -20.500000000000004 11.27189488708973
    endloop
  endfacet
  facet normal 0 1 0
    outer loop
      vertex 24.503573052585125 -20.500000000000004 17.074265092611313
      vertex 25.629406079649925 -20.500000000000004 17.724265091121197
      vertex 28.97940608114004 -20.500000000000004 11.921894893050194
    endloop
  endfacet
  facet normal 0 1 0
    outer loop
      vertex 28.97940608114004 -20.500000000000004 11.921894893050194
      vertex 29.735155679285526 -20.500000000000004 12.385018832981586
      vertex 30.443186424672604 -20.500000000000004 11.294747091829777
    endloop
  endfacet
  facet normal 0 1 0
    outer loop
      vertex 30.443186424672604 -20.500000000000004 11.294747091829777
      vertex 29.735155679285526 -20.500000000000004 12.385018832981586
      vertex 31.765617981553078 -20.500000000000004 12.203629121184349
    endloop
  endfacet
  facet normal 0 1 0
    outer loop
      vertex 31.765617981553078 -20.500000000000004 12.203629121184349
      vertex 29.735155679285526 -20.500000000000004 12.385018832981586
      vertex 31.00149715691805 -20.500000000000004 13.255351215600967
    endloop
  endfacet
  facet normal 0 1 0
    outer loop
      vertex 31.765617981553078 -20.500000000000004 12.203629121184349
      vertex 31.00149715691805 -20.500000000000004 13.255351215600967
      vertex 33.03866998851299 -20.500000000000004 13.180476278066635
    endloop
  endfacet
  facet normal 0 1 0
    outer loop
      vertex 31.00149715691805 -20.500000000000004 13.255351215600967
      vertex 32.22055348008871 -20.500000000000004 14.190766029059887
      vertex 33.03866998851299 -20.500000000000004 13.180476278066635
    endloop
  endfacet
  facet normal 0 1 0
    outer loop
      vertex 32.22055348008871 -20.500000000000004 14.190766029059887
      vertex 34.25885308533907 -20.500000000000004 14.222611099481583
      vertex 33.03866998851299 -20.500000000000004 13.180476278066635
    endloop
  endfacet
  facet normal 0 1 0
    outer loop
      vertex 32.22055348008871 -20.500000000000004 14.190766029059887
      vertex 33.38898329436779 -20.500000000000004 15.188699372112751
      vertex 34.25885308533907 -20.500000000000004 14.222611099481583
    endloop
  endfacet
  facet normal 0 1 0
    outer loop
      vertex 33.38898329436779 -20.500000000000004 15.188699372112751
      vertex 35.4228228405118 -20.500000000000004 15.327177159488201
      vertex 34.25885308533907 -20.500000000000004 14.222611099481583
    endloop
  endfacet
  facet normal 0 1 0
    outer loop
      vertex 33.38898329436779 -20.500000000000004 15.188699372112751
      vertex 34.503584027290344 -20.500000000000004 16.246415972709656
      vertex 35.4228228405118 -20.500000000000004 15.327177159488201
    endloop
  endfacet
  facet normal 0 1 0
    outer loop
      vertex 34.503584027290344 -20.500000000000004 16.246415972709656
      vertex 36.52738890051842 -20.500000000000004 16.49114691466093
      vertex 35.4228228405118 -20.500000000000004 15.327177159488201
    endloop
  endfacet
  facet normal -0.8660254035585541 0 -0.5000000003912435
    outer loop
      vertex 28.503573060035706 -20.500000000000004 10.146061860024929
      vertex 33.243010990321636 -20.500000000000004 1.9371145740151405
      vertex 28.503573060035706 -21.300000000000004 10.146061860024929
    endloop
  endfacet
  facet normal 0.43051109624222184 0 -0.9025852846198638
    outer loop
      vertex 26.21647810935974 -20.500000000000004 8.999831721186638
      vertex 27.664808817207813 -20.500000000000004 9.690650030970573
      vertex 26.21647810935974 -21.300000000000004 8.999831721186638
    endloop
  endfacet
  facet normal -0.4771587669413462 0 0.8788171090340777
    outer loop
      vertex 27.0746211707592 -20.500000000000004 10.848958514630795
      vertex 27.0746211707592 -21.300000000000004 10.848958514630795
      vertex 27.85357305407524 -20.500000000000004 11.27189488708973
    endloop
  endfacet
  facet normal 0.4771587624914077 0 -0.878817111450197
    outer loop
      vertex 27.664808817207813 -20.500000000000004 9.690650030970573
      vertex 28.503573060035706 -20.500000000000004 10.146061860024929
      vertex 27.664808817207813 -21.300000000000004 9.690650030970573
    endloop
  endfacet
  facet normal -0.8660254036943226 2.278442774115086e-16 -0.5000000001560858
    outer loop
      vertex 24.503573052585125 -20.500000000000004 17.074265092611313
      vertex 27.85357305407524 -20.500000000000004 11.27189488708973
      vertex 27.85357305407524 -21.300000000000004 11.27189488708973
    endloop
  endfacet
  facet normal 0.8660254034163158 -3.0034018414986564e-16 0.5000000006376075
    outer loop
      vertex 25.629406079649925 -20.500000000000004 17.724265091121197
      vertex 28.97940608114004 -21.300000000000004 11.921894893050194
      vertex 28.97940608114004 -20.500000000000004 11.921894893050194
    endloop
  endfacet
  facet normal 0.522498562044081 0 -0.852640165991415
    outer loop
      vertex 29.629406079649925 -20.500000000000004 10.796061858534813
      vertex 30.443186424672604 -20.500000000000004 11.294747091829777
      vertex 29.629406079649925 -21.300000000000004 10.796061858534813
    endloop
  endfacet
  facet normal -0.522498556966215 0 0.8526401691031351
    outer loop
      vertex 28.97940608114004 -20.500000000000004 11.921894893050194
      vertex 29.735155679285526 -21.300000000000004 12.385018832981586
      vertex 29.735155679285526 -20.500000000000004 12.385018832981586
    endloop
  endfacet
  facet normal 0.5664062374567599 0 -0.8241261882564324
    outer loop
      vertex 30.443186424672604 -20.500000000000004 11.294747091829777
      vertex 31.765617981553078 -20.500000000000004 12.203629121184349
      vertex 30.443186424672604 -21.300000000000004 11.294747091829777
    endloop
  endfacet
  facet normal -0.5664062360209781 0 0.8241261892432179
    outer loop
      vertex 29.735155679285526 -20.500000000000004 12.385018832981586
      vertex 31.00149715691805 -21.300000000000004 13.255351215600967
      vertex 31.00149715691805 -20.500000000000004 13.255351215600967
    endloop
  endfacet
  facet normal 0.6087614269852097 0 -0.7933533418439297
    outer loop
      vertex 31.765617981553078 -20.500000000000004 12.203629121184349
      vertex 33.03866998851299 -20.500000000000004 13.180476278066635
      vertex 31.765617981553078 -21.300000000000004 12.203629121184349
    endloop
  endfacet
  facet normal -0.608761427707647 -9.031567383532695e-17 0.7933533412895841
    outer loop
      vertex 31.00149715691805 -20.500000000000004 13.255351215600967
      vertex 32.22055348008871 -21.300000000000004 14.190766029059887
      vertex 32.22055348008871 -20.500000000000004 14.190766029059887
    endloop
  endfacet
  facet normal 0.5555702269766569 0 -0.8314696163403121
    outer loop
      vertex 33.243010990321636 -20.500000000000004 1.9371145740151405
      vertex 34.055137149989605 -20.500000000000004 2.47975991666317
      vertex 33.243010990321636 -21.300000000000004 1.9371145740151405
    endloop
  endfacet
  facet normal 0.6593458385237712 0 -0.7518397869369412
    outer loop
      vertex 34.055137149989605 -20.500000000000004 2.47975991666317
      vertex 34.30454460531473 -20.500000000000004 2.6984843984246254
      vertex 34.055137149989605 -21.300000000000004 2.47975991666317
    endloop
  endfacet
  facet normal 0.8660254038174882 3.0426333729562584e-16 0.4999999999427565
    outer loop
      vertex 29.629406079649925 -20.500000000000004 10.796061858534813
      vertex 34.30454460531473 -21.300000000000004 2.6984843984246254
      vertex 34.30454460531473 -20.500000000000004 2.6984843984246254
    endloop
  endfacet
  facet normal 0.6494480503793596 0 -0.7604059638498695
    outer loop
      vertex 33.03866998851299 -20.500000000000004 13.180476278066635
      vertex 34.25885308533907 -20.500000000000004 14.222611099481583
      vertex 33.03866998851299 -21.300000000000004 13.180476278066635
    endloop
  endfacet
  facet normal -0.6494480507224856 -9.031567391618781e-17 0.7604059635568121
    outer loop
      vertex 32.22055348008871 -20.500000000000004 14.190766029059887
      vertex 33.38898329436779 -21.300000000000004 15.188699372112751
      vertex 33.38898329436779 -20.500000000000004 15.188699372112751
    endloop
  endfacet
  facet normal 0.6883545775365355 0 -0.7253743692635533
    outer loop
      vertex 34.25885308533907 -20.500000000000004 14.222611099481583
      vertex 35.4228228405118 -20.500000000000004 15.327177159488201
      vertex 34.25885308533907 -21.300000000000004 14.222611099481583
    endloop
  endfacet
  facet normal -0.688354575357822 -9.031567366876047e-17 0.7253743713310753
    outer loop
      vertex 33.38898329436779 -20.500000000000004 15.188699372112751
      vertex 34.503584027290344 -21.300000000000004 16.246415972709656
      vertex 34.503584027290344 -20.500000000000004 16.246415972709656
    endloop
  endfacet
  facet normal 0.7253743692635533 0 -0.6883545775365355
    outer loop
      vertex 35.4228228405118 -20.500000000000004 15.327177159488201
      vertex 36.52738890051842 -20.500000000000004 16.49114691466093
      vertex 35.4228228405118 -21.300000000000004 15.327177159488201
    endloop
  endfacet
  facet normal 0 1 0
    outer loop
      vertex 26.299215137958527 -20.500000000000004 19.727487169206142
      vertex 28.004106856882572 -20.500000000000004 19.397643975913525
      vertex 27.063335962593555 -20.500000000000004 18.675765074789524
    endloop
  endfacet
  facet normal 0 1 0
    outer loop
      vertex 26.299215137958527 -20.500000000000004 19.727487169206142
      vertex 27.18599034845829 -20.500000000000004 20.407933719456196
      vertex 28.004106856882572 -20.500000000000004 19.397643975913525
    endloop
  endfacet
  facet normal 0 1 0
    outer loop
      vertex 27.18599034845829 -20.500000000000004 20.407933719456196
      vertex 28.905808232724667 -20.500000000000004 20.167769700288773
      vertex 28.004106856882572 -20.500000000000004 19.397643975913525
    endloop
  endfacet
  facet normal 0 1 0
    outer loop
      vertex 27.18599034845829 -20.500000000000004 20.407933719456196
      vertex 28.035938449203968 -20.500000000000004 21.13385797291994
      vertex 28.905808232724667 -20.500000000000004 20.167769700288773
    endloop
  endfacet
  facet normal 0 1 0
    outer loop
      vertex 28.905808232724667 -20.500000000000004 20.167769700288773
      vertex 28.035938449203968 -20.500000000000004 21.13385797291994
      vertex 29.765968590974808 -20.500000000000004 20.984031409025192
    endloop
  endfacet
  facet normal 0 1 0
    outer loop
      vertex 28.035938449203968 -20.500000000000004 21.13385797291994
      vertex 28.846729777753353 -20.500000000000004 21.903270222246647
      vertex 29.765968590974808 -20.500000000000004 20.984031409025192
    endloop
  endfacet
  facet normal 0 1 0
    outer loop
      vertex 28.846729777753353 -20.500000000000004 21.903270222246647
      vertex 30.582230299711227 -20.500000000000004 21.844191767275333
      vertex 29.765968590974808 -20.500000000000004 20.984031409025192
    endloop
  endfacet
  facet normal 0 1 0
    outer loop
      vertex 28.846729777753353 -20.500000000000004 21.903270222246647
      vertex 29.61614202708006 -20.500000000000004 22.714061550796032
      vertex 30.582230299711227 -20.500000000000004 21.844191767275333
    endloop
  endfacet
  facet normal 0 1 0
    outer loop
      vertex 30.582230299711227 -20.500000000000004 21.844191767275333
      vertex 29.61614202708006 -20.500000000000004 22.714061550796032
      vertex 31.352356024086475 -20.500000000000004 22.745893143117428
    endloop
  endfacet
  facet normal 0 1 0
    outer loop
      vertex 29.61614202708006 -20.500000000000004 22.714061550796032
      vertex 30.342066280543804 -20.500000000000004 23.56400965154171
      vertex 31.352356024086475 -20.500000000000004 22.745893143117428
    endloop
  endfacet
  facet normal 0 1 0
    outer loop
      vertex 30.342066280543804 -20.500000000000004 23.56400965154171
      vertex 32.074234925210476 -20.500000000000004 23.686664037406445
      vertex 31.352356024086475 -20.500000000000004 22.745893143117428
    endloop
  endfacet
  facet normal 0 1 0
    outer loop
      vertex 30.342066280543804 -20.500000000000004 23.56400965154171
      vertex 31.022512830793858 -20.500000000000004 24.450784862041473
      vertex 32.074234925210476 -20.500000000000004 23.686664037406445
    endloop
  endfacet
  facet normal 0 1 0
    outer loop
      vertex 31.022512830793858 -20.500000000000004 24.450784862041473
      vertex 32.745888367295265 -20.500000000000004 24.663925856351852
      vertex 32.074234925210476 -20.500000000000004 23.686664037406445
    endloop
  endfacet
  facet normal 0 1 0
    outer loop
      vertex 32.54990188032389 -20.500000000000004 26.89642693847418
      vertex 28.029999999999998 -20.500000000000004 28.00488280386413
      vertex 28.029999999999998 -20.500000000000004 29.505993506103646
    endloop
  endfacet
  facet normal 0 1 0
    outer loop
      vertex 31.899901881814003 -20.500000000000004 25.770593911409378
      vertex 28.029999999999998 -20.500000000000004 28.00488280386413
      vertex 32.54990188032389 -20.500000000000004 26.89642693847418
    endloop
  endfacet
  facet normal 0 1 0
    outer loop
      vertex 31.022512830793858 -20.500000000000004 24.450784862041473
      vertex 31.655616626143456 -20.500000000000004 25.37195660173893
      vertex 32.745888367295265 -20.500000000000004 24.663925856351852
    endloop
  endfacet
  facet normal 0 1 0
    outer loop
      vertex 31.655616626143456 -20.500000000000004 25.37195660173893
      vertex 33.0257349088788 -20.500000000000004 25.120593912899494
      vertex 32.745888367295265 -20.500000000000004 24.663925856351852
    endloop
  endfacet
  facet normal 0 1 0
    outer loop
      vertex 31.655616626143456 -20.500000000000004 25.37195660173893
      vertex 31.899901881814003 -20.500000000000004 25.770593911409378
      vertex 33.0257349088788 -20.500000000000004 25.120593912899494
    endloop
  endfacet
  facet normal 0 1 0
    outer loop
      vertex 34.503584027290344 -20.500000000000004 16.246415972709656
      vertex 35.56130062788725 -20.500000000000004 17.36101670563221
      vertex 36.52738890051842 -20.500000000000004 16.49114691466093
    endloop
  endfacet
  facet normal 0 1 0
    outer loop
      vertex 36.52738890051842 -20.500000000000004 16.49114691466093
      vertex 35.56130062788725 -20.500000000000004 17.36101670563221
      vertex 37.569523721933365 -20.500000000000004 17.711330011487007
    endloop
  endfacet
  facet normal 0 1 0
    outer loop
      vertex 35.56130062788725 -20.500000000000004 17.36101670563221
      vertex 36.55923397094011 -20.500000000000004 18.52944651991129
      vertex 37.569523721933365 -20.500000000000004 17.711330011487007
    endloop
  endfacet
  facet normal 0 1 0
    outer loop
      vertex 36.55923397094011 -20.500000000000004 18.52944651991129
      vertex 38.54637087881565 -20.500000000000004 18.984382018446922
      vertex 37.569523721933365 -20.500000000000004 17.711330011487007
    endloop
  endfacet
  facet normal 0 1 0
    outer loop
      vertex 36.55923397094011 -20.500000000000004 18.52944651991129
      vertex 37.49464878439903 -20.500000000000004 19.74850284308195
      vertex 38.54637087881565 -20.500000000000004 18.984382018446922
    endloop
  endfacet
  facet normal 0 1 0
    outer loop
      vertex 37.49464878439903 -20.500000000000004 19.74850284308195
      vertex 38.75 -20.500000000000004 19.28066422790289
      vertex 38.54637087881565 -20.500000000000004 18.984382018446922
    endloop
  endfacet
  facet normal 0 1 0
    outer loop
      vertex 37.49464878439903 -20.500000000000004 19.74850284308195
      vertex 38.36498116701841 -20.500000000000004 21.014844320714474
      vertex 38.75 -20.500000000000004 19.28066422790289
    endloop
  endfacet
  facet normal 0 1 0
    outer loop
      vertex 38.75 -20.500000000000004 21.81568792462349
      vertex 33.0257349088788 -20.500000000000004 25.120593912899494
      vertex 38.75 -20.500000000000004 23.316798619925976
    endloop
  endfacet
  facet normal 0 1 0
    outer loop
      vertex 38.75 -20.500000000000004 19.28066422790289
      vertex 38.36498116701841 -20.500000000000004 21.014844320714474
      vertex 38.75 -20.500000000000004 21.643137969076633
    endloop
  endfacet
  facet normal 0 1 0
    outer loop
      vertex 31.899901881814003 -20.500000000000004 25.770593911409378
      vertex 33.67573490738869 -20.500000000000004 26.246426939964294
      vertex 33.0257349088788 -20.500000000000004 25.120593912899494
    endloop
  endfacet
  facet normal 0 1 0
    outer loop
      vertex 31.899901881814003 -20.500000000000004 25.770593911409378
      vertex 32.54990188032389 -20.500000000000004 26.89642693847418
      vertex 33.67573490738869 -20.500000000000004 26.246426939964294
    endloop
  endfacet
  facet normal 0 1 0
    outer loop
      vertex 33.67573490738869 -20.500000000000004 26.246426939964294
      vertex 32.54990188032389 -20.500000000000004 26.89642693847418
      vertex 33.93129777163267 -20.500000000000004 26.717115178704262
    endloop
  endfacet
  facet normal 0 1 0
    outer loop
      vertex 33.93129777163267 -20.500000000000004 26.717115178704262
      vertex 32.54990188032389 -20.500000000000004 26.89642693847418
      vertex 32.77298928797245 -20.500000000000004 27.307302832603455
    endloop
  endfacet
  facet normal 0 1 0
    outer loop
      vertex 32.77298928797245 -20.500000000000004 27.307302832603455
      vertex 33.254195518791676 -20.500000000000004 28.316172666847706
      vertex 34.441804617643356 -20.500000000000004 27.78741503506899
    endloop
  endfacet
  facet normal 0 1 0
    outer loop
      vertex 33.93129777163267 -20.500000000000004 26.717115178704262
      vertex 32.77298928797245 -20.500000000000004 27.307302832603455
      vertex 34.441804617643356 -20.500000000000004 27.78741503506899
    endloop
  endfacet
  facet normal 0 1 0
    outer loop
      vertex 33.254195518791676 -20.500000000000004 28.316172666847706
      vertex 33.681942105293274 -20.500000000000004 29.348844274878502
      vertex 34.89559666067362 -20.500000000000004 28.882965944707394
    endloop
  endfacet
  facet normal 0 1 0
    outer loop
      vertex 38.75 -20.500000000000004 23.316798619925976
      vertex 33.0257349088788 -20.500000000000004 25.120593912899494
      vertex 33.67573490738869 -20.500000000000004 26.246426939964294
    endloop
  endfacet
  facet normal 0 1 0
    outer loop
      vertex 33.254195518791676 -20.500000000000004 28.316172666847706
      vertex 34.89559666067362 -20.500000000000004 28.882965944707394
      vertex 34.441804617643356 -20.500000000000004 27.78741503506899
    endloop
  endfacet
  facet normal 0 1 0
    outer loop
      vertex 33.681942105293274 -20.500000000000004 29.348844274878502
      vertex 35.291430093348026 -20.500000000000004 30.000765077769756
      vertex 34.89559666067362 -20.500000000000004 28.882965944707394
    endloop
  endfacet
  facet normal 0 1 0
    outer loop
      vertex 33.681942105293274 -20.500000000000004 29.348844274878502
      vertex 34.05505662411451 -20.500000000000004 30.40248717367649
      vertex 35.291430093348026 -20.500000000000004 30.000765077769756
    endloop
  endfacet
  facet normal 0 1 0
    outer loop
      vertex 34.05505662411451 -20.500000000000004 30.40248717367649
      vertex 35.628219962120056 -20.500000000000004 31.13774862885475
      vertex 35.291430093348026 -20.500000000000004 30.000765077769756
    endloop
  endfacet
  facet normal 0 1 0
    outer loop
      vertex 34.05505662411451 -20.500000000000004 30.40248717367649
      vertex 34.3725163936615 -20.500000000000004 31.474213384091854
      vertex 35.628219962120056 -20.500000000000004 31.13774862885475
    endloop
  endfacet
  facet normal 0 1 0
    outer loop
      vertex 34.3725163936615 -20.500000000000004 31.474213384091854
      vertex 35.90504315495491 -20.500000000000004 32.2908002063632
      vertex 35.628219962120056 -20.500000000000004 31.13774862885475
    endloop
  endfacet
  facet normal 0 1 0
    outer loop
      vertex 34.3725163936615 -20.500000000000004 31.474213384091854
      vertex 34.63345127552748 -20.500000000000004 32.561085402965546
      vertex 35.90504315495491 -20.500000000000004 32.2908002063632
    endloop
  endfacet
  facet normal 0 1 0
    outer loop
      vertex 34.63345127552748 -20.500000000000004 32.561085402965546
      vertex 36.12114091217518 -20.500000000000004 33.45675936341286
      vertex 35.90504315495491 -20.500000000000004 32.2908002063632
    endloop
  endfacet
  facet normal 0.5664062382738085 0 -0.8241261876948903
    outer loop
      vertex 26.086074143648148 -20.500000000000004 18.004111632704735
      vertex 27.063335962593555 -20.500000000000004 18.675765074789524
      vertex 26.086074143648148 -21.300000000000004 18.004111632704735
    endloop
  endfacet
  facet normal -0.6087614284247067 0 0.7933533407393649
    outer loop
      vertex 26.299215137958527 -20.500000000000004 19.727487169206142
      vertex 26.299215137958527 -21.300000000000004 19.727487169206142
      vertex 27.18599034845829 -20.500000000000004 20.407933719456196
    endloop
  endfacet
  facet normal 0.6087614313605815 0 -0.793353338486589
    outer loop
      vertex 27.063335962593555 -20.500000000000004 18.675765074789524
      vertex 28.004106856882572 -20.500000000000004 19.397643975913525
      vertex 27.063335962593555 -21.300000000000004 18.675765074789524
    endloop
  endfacet
  facet normal 0.6494480459958325 0 -0.7604059675937551
    outer loop
      vertex 28.004106856882572 -20.500000000000004 19.397643975913525
      vertex 28.905808232724667 -20.500000000000004 20.167769700288773
      vertex 28.004106856882572 -21.300000000000004 19.397643975913525
    endloop
  endfacet
  facet normal 0.6883545788282939 0 -0.7253743680377204
    outer loop
      vertex 28.905808232724667 -20.500000000000004 20.167769700288773
      vertex 29.765968590974808 -20.500000000000004 20.984031409025192
      vertex 28.905808232724667 -21.300000000000004 20.167769700288773
    endloop
  endfacet
  facet normal -0.6494480467630198 0 0.7604059669385153
    outer loop
      vertex 27.18599034845829 -20.500000000000004 20.407933719456196
      vertex 27.18599034845829 -21.300000000000004 20.407933719456196
      vertex 28.035938449203968 -20.500000000000004 21.13385797291994
    endloop
  endfacet
  facet normal -0.6883545792401184 0 0.7253743676469134
    outer loop
      vertex 28.035938449203968 -20.500000000000004 21.13385797291994
      vertex 28.035938449203968 -21.300000000000004 21.13385797291994
      vertex 28.846729777753353 -20.500000000000004 21.903270222246647
    endloop
  endfacet
  facet normal -0.7253743676469134 0 0.6883545792401184
    outer loop
      vertex 28.846729777753353 -20.500000000000004 21.903270222246647
      vertex 28.846729777753353 -21.300000000000004 21.903270222246647
      vertex 29.61614202708006 -20.500000000000004 22.714061550796032
    endloop
  endfacet
  facet normal 0.7253743680377204 0 -0.6883545788282939
    outer loop
      vertex 29.765968590974808 -20.500000000000004 20.984031409025192
      vertex 30.582230299711227 -20.500000000000004 21.844191767275333
      vertex 29.765968590974808 -21.300000000000004 20.984031409025192
    endloop
  endfacet
  facet normal 0.7604059675937551 0 -0.6494480459958325
    outer loop
      vertex 30.582230299711227 -20.500000000000004 21.844191767275333
      vertex 31.352356024086475 -20.500000000000004 22.745893143117428
      vertex 30.582230299711227 -21.300000000000004 21.844191767275333
    endloop
  endfacet
  facet normal -0.7604059669385153 0 0.6494480467630198
    outer loop
      vertex 29.61614202708006 -20.500000000000004 22.714061550796032
      vertex 29.61614202708006 -21.300000000000004 22.714061550796032
      vertex 30.342066280543804 -20.500000000000004 23.56400965154171
    endloop
  endfacet
  facet normal -0.7933533407393649 0 0.6087614284247067
    outer loop
      vertex 30.342066280543804 -20.500000000000004 23.56400965154171
      vertex 30.342066280543804 -21.300000000000004 23.56400965154171
      vertex 31.022512830793858 -20.500000000000004 24.450784862041473
    endloop
  endfacet
  facet normal 0.793353338486589 0 -0.6087614313605815
    outer loop
      vertex 31.352356024086475 -20.500000000000004 22.745893143117428
      vertex 32.074234925210476 -20.500000000000004 23.686664037406445
      vertex 31.352356024086475 -21.300000000000004 22.745893143117428
    endloop
  endfacet
  facet normal 0.8241261876948903 0 -0.5664062382738085
    outer loop
      vertex 32.074234925210476 -20.500000000000004 23.686664037406445
      vertex 32.745888367295265 -20.500000000000004 24.663925856351852
      vertex 32.074234925210476 -21.300000000000004 23.686664037406445
    endloop
  endfacet
  facet normal -0.4999999998744563 0 -0.8660254038569214
    outer loop
      vertex 31.899901881814003 -20.500000000000004 25.770593911409378
      vertex 31.899901881814003 -21.300000000000004 25.770593911409378
      vertex 28.029999999999998 -20.500000000000004 28.00488280386413
    endloop
  endfacet
  facet normal 0.50000000004509 -5.4005885694764267e-17 0.8660254037584059
    outer loop
      vertex 32.54990188032389 -20.500000000000004 26.89642693847418
      vertex 28.029999999999998 -20.500000000000004 29.505993506103646
      vertex 28.029999999999998 -21.300000000000004 29.505993506103646
    endloop
  endfacet
  facet normal -0.8241261890172393 0 0.5664062363497788
    outer loop
      vertex 31.022512830793858 -20.500000000000004 24.450784862041473
      vertex 31.022512830793858 -21.300000000000004 24.450784862041473
      vertex 31.655616626143456 -20.500000000000004 25.37195660173893
    endloop
  endfacet
  facet normal -0.8526401661431127 0 0.5224985617965329
    outer loop
      vertex 31.655616626143456 -20.500000000000004 25.37195660173893
      vertex 31.655616626143456 -21.300000000000004 25.37195660173893
      vertex 31.899901881814003 -20.500000000000004 25.770593911409378
    endloop
  endfacet
  facet normal -0.7253743713310753 -9.031567366876047e-17 0.688354575357822
    outer loop
      vertex 34.503584027290344 -20.500000000000004 16.246415972709656
      vertex 35.56130062788725 -21.300000000000004 17.36101670563221
      vertex 35.56130062788725 -20.500000000000004 17.36101670563221
    endloop
  endfacet
  facet normal -0.49999999966009673 1.3647229453647338e-16 -0.866025403980682
    outer loop
      vertex 38.75 -20.500000000000004 21.81568792462349
      vertex 33.0257349088788 -21.300000000000004 25.120593912899494
      vertex 33.0257349088788 -20.500000000000004 25.120593912899494
    endloop
  endfacet
  facet normal -0.7604059635568121 -9.031567391618781e-17 0.6494480507224856
    outer loop
      vertex 35.56130062788725 -20.500000000000004 17.36101670563221
      vertex 36.55923397094011 -21.300000000000004 18.52944651991129
      vertex 36.55923397094011 -20.500000000000004 18.52944651991129
    endloop
  endfacet
  facet normal 0.7604059638498695 0 -0.6494480503793596
    outer loop
      vertex 36.52738890051842 -20.500000000000004 16.49114691466093
      vertex 37.569523721933365 -20.500000000000004 17.711330011487007
      vertex 36.52738890051842 -21.300000000000004 16.49114691466093
    endloop
  endfacet
  facet normal -0.7933533412895841 -9.031567383532695e-17 0.608761427707647
    outer loop
      vertex 36.55923397094011 -20.500000000000004 18.52944651991129
      vertex 37.49464878439903 -21.300000000000004 19.74850284308195
      vertex 37.49464878439903 -20.500000000000004 19.74850284308195
    endloop
  endfacet
  facet normal 0.7933533418439297 0 -0.6087614269852097
    outer loop
      vertex 37.569523721933365 -20.500000000000004 17.711330011487007
      vertex 38.54637087881565 -20.500000000000004 18.984382018446922
      vertex 37.569523721933365 -21.300000000000004 17.711330011487007
    endloop
  endfacet
  facet normal 0.8241261882937165 0 -0.566406237402511
    outer loop
      vertex 38.54637087881565 -20.500000000000004 18.984382018446922
      vertex 38.75 -20.500000000000004 19.28066422790289
      vertex 38.54637087881565 -21.300000000000004 18.984382018446922
    endloop
  endfacet
  facet normal -0.8241261892432179 0 0.5664062360209781
    outer loop
      vertex 37.49464878439903 -20.500000000000004 19.74850284308195
      vertex 38.36498116701841 -21.300000000000004 21.014844320714474
      vertex 38.36498116701841 -20.500000000000004 21.014844320714474
    endloop
  endfacet
  facet normal 1 0 0
    outer loop
      vertex 38.75 -20.500000000000004 19.28066422790289
      vertex 38.75 -20.500000000000004 21.643137969076633
      vertex 38.75 -21.300000000000004 19.28066422790289
    endloop
  endfacet
  facet normal 0.5000000003686034 0 0.8660254035716254
    outer loop
      vertex 38.75 -20.500000000000004 23.316798619925976
      vertex 33.67573490738869 -20.500000000000004 26.246426939964294
      vertex 38.75 -21.300000000000004 23.316798619925976
    endloop
  endfacet
  facet normal -0.8526401703503551 0 0.5224985549309371
    outer loop
      vertex 38.36498116701841 -20.500000000000004 21.014844320714474
      vertex 38.75 -21.300000000000004 21.643137969076633
      vertex 38.75 -20.500000000000004 21.643137969076633
    endloop
  endfacet
  facet normal 1 0 0
    outer loop
      vertex 38.75 -20.500000000000004 21.81568792462349
      vertex 38.75 -20.500000000000004 23.316798619925976
      vertex 38.75 -21.300000000000004 21.81568792462349
    endloop
  endfacet
  facet normal 0.8526401671715365 0 -0.5224985601182979
    outer loop
      vertex 32.745888367295265 -20.500000000000004 24.663925856351852
      vertex 33.0257349088788 -20.500000000000004 25.120593912899494
      vertex 32.745888367295265 -21.300000000000004 24.663925856351852
    endloop
  endfacet
  facet normal 0.8788171108867807 0 -0.47715876352909176
    outer loop
      vertex 33.67573490738869 -20.500000000000004 26.246426939964294
      vertex 33.93129777163267 -20.500000000000004 26.717115178704262
      vertex 33.67573490738869 -21.300000000000004 26.246426939964294
    endloop
  endfacet
  facet normal -0.8788171134808145 0 0.4771587587514758
    outer loop
      vertex 32.54990188032389 -20.500000000000004 26.89642693847418
      vertex 32.54990188032389 -21.300000000000004 26.89642693847418
      vertex 32.77298928797245 -20.500000000000004 27.307302832603455
    endloop
  endfacet
  facet normal -0.9025852828871898 0 0.4305110998748486
    outer loop
      vertex 32.77298928797245 -20.500000000000004 27.307302832603455
      vertex 32.77298928797245 -21.300000000000004 27.307302832603455
      vertex 33.254195518791676 -20.500000000000004 28.316172666847706
    endloop
  endfacet
  facet normal -0.9238795322020623 0 0.38268343311162334
    outer loop
      vertex 33.254195518791676 -20.500000000000004 28.316172666847706
      vertex 33.254195518791676 -21.300000000000004 28.316172666847706
      vertex 33.681942105293274 -20.500000000000004 29.348844274878502
    endloop
  endfacet
  facet normal 0.9025852837356643 0 -0.43051109809598453
    outer loop
      vertex 33.93129777163267 -20.500000000000004 26.717115178704262
      vertex 34.441804617643356 -20.500000000000004 27.78741503506899
      vertex 33.93129777163267 -21.300000000000004 26.717115178704262
    endloop
  endfacet
  facet normal 0.9238795331112124 0 -0.38268343091674134
    outer loop
      vertex 34.441804617643356 -20.500000000000004 27.78741503506899
      vertex 34.89559666067362 -20.500000000000004 28.882965944707394
      vertex 34.441804617643356 -21.300000000000004 27.78741503506899
    endloop
  endfacet
  facet normal -0.9426414912211697 0 0.33380685886951067
    outer loop
      vertex 33.681942105293274 -20.500000000000004 29.348844274878502
      vertex 33.681942105293274 -21.300000000000004 29.348844274878502
      vertex 34.05505662411451 -20.500000000000004 30.40248717367649
    endloop
  endfacet
  facet normal -0.9588197341087026 0 0.2840153472679195
    outer loop
      vertex 34.05505662411451 -20.500000000000004 30.40248717367649
      vertex 34.05505662411451 -21.300000000000004 30.40248717367649
      vertex 34.3725163936615 -20.500000000000004 31.474213384091854
    endloop
  endfacet
  facet normal 0.9426414912783736 0 -0.33380685870797194
    outer loop
      vertex 34.89559666067362 -20.500000000000004 28.882965944707394
      vertex 35.291430093348026 -20.500000000000004 30.000765077769756
      vertex 34.89559666067362 -21.300000000000004 28.882965944707394
    endloop
  endfacet
  facet normal 0.9588197354674014 0 -0.2840153426810293
    outer loop
      vertex 35.291430093348026 -20.500000000000004 30.000765077769756
      vertex 35.628219962120056 -20.500000000000004 31.13774862885475
      vertex 35.291430093348026 -21.300000000000004 30.000765077769756
    endloop
  endfacet
  facet normal -0.9723699211499136 0 0.2334453607226127
    outer loop
      vertex 34.3725163936615 -20.500000000000004 31.474213384091854
      vertex 34.3725163936615 -21.300000000000004 31.474213384091854
      vertex 34.63345127552748 -20.500000000000004 32.561085402965546
    endloop
  endfacet
  facet normal -0.9832549070773959 0 0.18223552811738303
    outer loop
      vertex 34.63345127552748 -20.500000000000004 32.561085402965546
      vertex 34.63345127552748 -21.300000000000004 32.561085402965546
      vertex 34.83714607357979 -20.500000000000004 33.66012416779995
    endloop
  endfacet
  facet normal 0.9723699202155821 0 -0.23344536461438326
    outer loop
      vertex 35.628219962120056 -20.500000000000004 31.13774862885475
      vertex 35.90504315495491 -20.500000000000004 32.2908002063632
      vertex 35.628219962120056 -21.300000000000004 31.13774862885475
    endloop
  endfacet
  facet normal 0.9832549074697388 0 -0.18223552600049084
    outer loop
      vertex 35.90504315495491 -20.500000000000004 32.2908002063632
      vertex 36.12114091217518 -20.500000000000004 33.45675936341286
      vertex 35.90504315495491 -21.300000000000004 32.2908002063632
    endloop
  endfacet
  facet normal 0 0 -1
    outer loop
      vertex 13.100000008940697 -21.300000000000004 0
      vertex 14.399999991059303 -20.500000000000004 0
      vertex 14.399999991059303 -21.300000000000004 0
    endloop
  endfacet
  facet normal 1 0 0
    outer loop
      vertex 14.399999991059303 -20.500000000000004 6.367020852863789
      vertex 14.399999991059303 -21.300000000000004 6.367020852863789
      vertex 14.399999991059303 -21.300000000000004 0
    endloop
  endfacet
  facet normal 0.026176942252479535 0 -0.9996573251341234
    outer loop
      vertex 15.354097060859203 -20.500000000000004 6.392004758119583
      vertex 15.354097060859203 -21.300000000000004 6.392004758119583
      vertex 14.399999991059303 -21.300000000000004 6.367020852863789
    endloop
  endfacet
  facet normal -0.026176949758058853 0 0.9996573249375829
    outer loop
      vertex 15.286060318350792 -20.500000000000004 7.690223157405853
      vertex 14.399999991059303 -21.300000000000004 7.667020849883556
      vertex 15.286060318350792 -21.300000000000004 7.690223157405853
    endloop
  endfacet
  facet normal 0.07845909812441985 0 -0.9969173335445134
    outer loop
      vertex 16.95379739999771 -20.500000000000004 6.517903909087181
      vertex 16.95379739999771 -21.300000000000004 6.517903909087181
      vertex 15.354097060859203 -21.300000000000004 6.392004758119583
    endloop
  endfacet
  facet normal -0.0784590956435412 0 0.9969173337397628
    outer loop
      vertex 16.81791039556265 -20.500000000000004 7.810782372951508
      vertex 15.286060318350792 -21.300000000000004 7.690223157405853
      vertex 16.81791039556265 -21.300000000000004 7.810782372951508
    endloop
  endfacet
  facet normal 0.13052618976367067 0 -0.991444861697199
    outer loop
      vertex 18.544716350734234 -20.500000000000004 6.727352358400822
      vertex 18.544716350734234 -21.300000000000004 6.727352358400822
      vertex 16.95379739999771 -21.300000000000004 6.517903909087181
    endloop
  endfacet
  facet normal -0.13052619162326407 0 0.991444861452379
    outer loop
      vertex 18.34135154634714 -20.500000000000004 8.011347204446793
      vertex 16.81791039556265 -21.300000000000004 7.810782372951508
      vertex 18.34135154634714 -21.300000000000004 8.011347204446793
    endloop
  endfacet
  facet normal 0.1822355270531542 0 -0.9832549072746389
    outer loop
      vertex 20.12249332666397 -20.500000000000004 7.019776038825512
      vertex 20.12249332666397 -21.300000000000004 7.019776038825512
      vertex 18.544716350734234 -21.300000000000004 6.727352358400822
    endloop
  endfacet
  facet normal -0.18223552482073174 0 0.9832549076883942
    outer loop
      vertex 19.852208122611046 -20.500000000000004 8.291367918252945
      vertex 18.34135154634714 -21.300000000000004 8.011347204446793
      vertex 19.852208122611046 -21.300000000000004 8.291367918252945
    endloop
  endfacet
  facet normal 1 0 0
    outer loop
      vertex 14.399999991059303 -20.500000000000004 7.667020849883556
      vertex 14.399999991059303 -21.300000000000004 14.367020852863789
      vertex 14.399999991059303 -21.300000000000004 7.667020849883556
    endloop
  endfacet
  facet normal 0.026176935422066776 0 -0.9996573253129839
    outer loop
      vertex 14.399999991059303 -20.500000000000004 14.367020852863789
      vertex 14.935409411787987 -21.300000000000004 14.381041035056114
      vertex 14.399999991059303 -21.300000000000004 14.367020852863789
    endloop
  endfacet
  facet normal -0.026176948657066 0 0.9996573249664134
    outer loop
      vertex 14.867372669279575 -20.500000000000004 15.679259434342384
      vertex 14.399999991059303 -21.300000000000004 15.667020849883556
      vertex 14.867372669279575 -21.300000000000004 15.679259434342384
    endloop
  endfacet
  facet normal 0.0784591004148048 0 -0.9969173333642563
    outer loop
      vertex 14.935409411787987 -20.500000000000004 14.381041035056114
      vertex 16.11756969243288 -21.300000000000004 14.474079072475433
      vertex 14.935409411787987 -21.300000000000004 14.381041035056114
    endloop
  endfacet
  facet normal -0.07845909714378427 0 0.9969173336216911
    outer loop
      vertex 15.981682687997818 -20.500000000000004 15.76695753633976
      vertex 14.867372669279575 -21.300000000000004 15.679259434342384
      vertex 15.981682687997818 -21.300000000000004 15.76695753633976
    endloop
  endfacet
  facet normal 0.13052619156564776 0 -0.9914448614599642
    outer loop
      vertex 16.11756969243288 -20.500000000000004 14.474079072475433
      vertex 17.293240636587143 -21.300000000000004 14.628859087824821
      vertex 16.11756969243288 -21.300000000000004 14.474079072475433
    endloop
  endfacet
  facet normal -0.13052618767966898 0 0.9914448619715631
    outer loop
      vertex 17.08987583220005 -20.500000000000004 15.912853926420212
      vertex 15.981682687997818 -21.300000000000004 15.76695753633976
      vertex 17.08987583220005 -21.300000000000004 15.912853926420212
    endloop
  endfacet
  facet normal 0.18223552600049084 0 -0.9832549074697388
    outer loop
      vertex 17.293240636587143 -20.500000000000004 14.628859087824821
      vertex 18.4591997936368 -21.300000000000004 14.84495684504509
      vertex 17.293240636587143 -21.300000000000004 14.628859087824821
    endloop
  endfacet
  facet normal -0.18223552811738303 0 0.9832549070773959
    outer loop
      vertex 18.188914597034454 -20.500000000000004 16.116548724472523
      vertex 17.08987583220005 -21.300000000000004 15.912853926420212
      vertex 18.188914597034454 -21.300000000000004 16.116548724472523
    endloop
  endfacet
  facet normal 0.23344536461438326 0 -0.9723699202155821
    outer loop
      vertex 18.4591997936368 -20.500000000000004 14.84495684504509
      vertex 19.61225137114525 -21.300000000000004 15.121780037879944
      vertex 18.4591997936368 -21.300000000000004 14.84495684504509
    endloop
  endfacet
  facet normal -0.2334453607226127 0 0.9723699211499136
    outer loop
      vertex 19.275786615908146 -20.500000000000004 16.3774836063385
      vertex 18.188914597034454 -21.300000000000004 16.116548724472523
      vertex 19.275786615908146 -21.300000000000004 16.3774836063385
    endloop
  endfacet
  facet normal 0.2840153426810293 0 -0.9588197354674014
    outer loop
      vertex 19.61225137114525 -20.500000000000004 15.121780037879944
      vertex 20.749234922230244 -21.300000000000004 15.458569906651974
      vertex 19.61225137114525 -21.300000000000004 15.121780037879944
    endloop
  endfacet
  facet normal 0.2334453631958007 0 -0.9723699205561537
    outer loop
      vertex 21.682803735136986 -20.500000000000004 7.394373424351215
      vertex 21.682803735136986 -21.300000000000004 7.394373424351215
      vertex 20.12249332666397 -21.300000000000004 7.019776038825512
    endloop
  endfacet
  facet normal 0.284015343836692 0 -0.9588197351250785
    outer loop
      vertex 23.22137087583542 -20.500000000000004 7.850117772817612
      vertex 23.22137087583542 -21.300000000000004 7.850117772817612
      vertex 21.682803735136986 -21.300000000000004 7.394373424351215
    endloop
  endfacet
  facet normal 0.33380686020531863 0 -0.9426414907481352
    outer loop
      vertex 24.733977653086185 -20.500000000000004 8.385759927332401
      vertex 24.733977653086185 -21.300000000000004 8.385759927332401
      vertex 23.22137087583542 -21.300000000000004 7.850117772817612
    endloop
  endfacet
  facet normal -0.2334453648865289 0 0.9723699201502457
    outer loop
      vertex 21.346338972449303 -20.500000000000004 8.650077000260353
      vertex 19.852208122611046 -21.300000000000004 8.291367918252945
      vertex 21.346338972449303 -21.300000000000004 8.650077000260353
    endloop
  endfacet
  facet normal -0.28401534458367234 0 0.9588197349038128
    outer loop
      vertex 22.819648787379265 -20.500000000000004 9.086491249501705
      vertex 21.346338972449303 -21.300000000000004 8.650077000260353
      vertex 22.819648787379265 -21.300000000000004 9.086491249501705
    endloop
  endfacet
  facet normal 0.33380685870797194 0 -0.9426414912783736
    outer loop
      vertex 20.749234922230244 -20.500000000000004 15.458569906651974
      vertex 21.867034055292606 -21.300000000000004 15.854403339326382
      vertex 20.749234922230244 -21.300000000000004 15.458569906651974
    endloop
  endfacet
  facet normal 0.38268343091674134 0 -0.9238795331112124
    outer loop
      vertex 21.867034055292606 -20.500000000000004 15.854403339326382
      vertex 22.96258496493101 -21.300000000000004 16.308195382356644
      vertex 21.867034055292606 -21.300000000000004 15.854403339326382
    endloop
  endfacet
  facet normal -0.33380685913208813 0 0.9426414911281862
    outer loop
      vertex 24.268099315464497 -20.500000000000004 9.599414482712746
      vertex 22.819648787379265 -21.300000000000004 9.086491249501705
      vertex 24.268099315464497 -21.300000000000004 9.599414482712746
    endloop
  endfacet
  facet normal -0.3826834315568862 0 0.9238795328460556
    outer loop
      vertex 25.687720477581024 -20.500000000000004 10.187440820038319
      vertex 24.268099315464497 -21.300000000000004 9.599414482712746
      vertex 25.687720477581024 -21.300000000000004 10.187440820038319
    endloop
  endfacet
  facet normal 0.3826834316424301 0 -0.9238795328106223
    outer loop
      vertex 26.21647810935974 -20.500000000000004 8.999831721186638
      vertex 26.21647810935974 -21.300000000000004 8.999831721186638
      vertex 24.733977653086185 -21.300000000000004 8.385759927332401
    endloop
  endfacet
  facet normal 0.43051109809598453 0 -0.9025852837356643
    outer loop
      vertex 22.96258496493101 -20.500000000000004 16.308195382356644
      vertex 24.032884821295738 -21.300000000000004 16.81870222836733
      vertex 22.96258496493101 -21.300000000000004 16.308195382356644
    endloop
  endfacet
  facet normal -0.8660254036943226 0 -0.5000000001560858
    outer loop
      vertex 24.503573052585125 -20.500000000000004 17.074265092611313
      vertex 27.85357305407524 -21.300000000000004 11.27189488708973
      vertex 24.503573052585125 -21.300000000000004 17.074265092611313
    endloop
  endfacet
  facet normal 0 -1 0
    outer loop
      vertex 13.100000008940697 -21.300000000000004 6.367020852863789
      vertex 14.399999991059303 -21.300000000000004 0
      vertex 14.399999991059303 -21.300000000000004 6.367020852863789
    endloop
  endfacet
  facet normal 0 -1 0
    outer loop
      vertex 13.100000008940697 -21.300000000000004 6.367020852863789
      vertex 14.399999991059303 -21.300000000000004 6.367020852863789
      vertex 14.399999991059303 -21.300000000000004 7.667020849883556
    endloop
  endfacet
  facet normal 0 -1 0
    outer loop
      vertex 14.399999991059303 -21.300000000000004 6.367020852863789
      vertex 15.354097060859203 -21.300000000000004 6.392004758119583
      vertex 14.399999991059303 -21.300000000000004 7.667020849883556
    endloop
  endfacet
  facet normal 0 -1 0
    outer loop
      vertex 14.399999991059303 -21.300000000000004 7.667020849883556
      vertex 15.354097060859203 -21.300000000000004 6.392004758119583
      vertex 15.286060318350792 -21.300000000000004 7.690223157405853
    endloop
  endfacet
  facet normal 0 -1 0
    outer loop
      vertex 15.286060318350792 -21.300000000000004 7.690223157405853
      vertex 15.354097060859203 -21.300000000000004 6.392004758119583
      vertex 16.95379739999771 -21.300000000000004 6.517903909087181
    endloop
  endfacet
  facet normal 0 -1 0
    outer loop
      vertex 15.286060318350792 -21.300000000000004 7.690223157405853
      vertex 16.95379739999771 -21.300000000000004 6.517903909087181
      vertex 16.81791039556265 -21.300000000000004 7.810782372951508
    endloop
  endfacet
  facet normal 0 -1 0
    outer loop
      vertex 16.81791039556265 -21.300000000000004 7.810782372951508
      vertex 16.95379739999771 -21.300000000000004 6.517903909087181
      vertex 18.544716350734234 -21.300000000000004 6.727352358400822
    endloop
  endfacet
  facet normal 0 -1 0
    outer loop
      vertex 16.81791039556265 -21.300000000000004 7.810782372951508
      vertex 18.544716350734234 -21.300000000000004 6.727352358400822
      vertex 18.34135154634714 -21.300000000000004 8.011347204446793
    endloop
  endfacet
  facet normal 0 -1 0
    outer loop
      vertex 18.34135154634714 -21.300000000000004 8.011347204446793
      vertex 18.544716350734234 -21.300000000000004 6.727352358400822
      vertex 20.12249332666397 -21.300000000000004 7.019776038825512
    endloop
  endfacet
  facet normal 0 -1 0
    outer loop
      vertex 18.34135154634714 -21.300000000000004 8.011347204446793
      vertex 20.12249332666397 -21.300000000000004 7.019776038825512
      vertex 19.852208122611046 -21.300000000000004 8.291367918252945
    endloop
  endfacet
  facet normal 0 -1 0
    outer loop
      vertex 13.100000001490116 -21.300000000000004 14.367020852863789
      vertex 14.399999991059303 -21.300000000000004 7.667020849883556
      vertex 14.399999991059303 -21.300000000000004 14.367020852863789
    endloop
  endfacet
  facet normal 0 -1 0
    outer loop
      vertex 13.100000001490116 -21.300000000000004 14.367020852863789
      vertex 14.399999991059303 -21.300000000000004 14.367020852863789
      vertex 14.399999991059303 -21.300000000000004 15.667020849883556
    endloop
  endfacet
  facet normal 0 -1 0
    outer loop
      vertex 14.399999991059303 -21.300000000000004 14.367020852863789
      vertex 14.935409411787987 -21.300000000000004 14.381041035056114
      vertex 14.399999991059303 -21.300000000000004 15.667020849883556
    endloop
  endfacet
  facet normal 0 -1 0
    outer loop
      vertex 14.935409411787987 -21.300000000000004 14.381041035056114
      vertex 14.867372669279575 -21.300000000000004 15.679259434342384
      vertex 14.399999991059303 -21.300000000000004 15.667020849883556
    endloop
  endfacet
  facet normal 0 -1 0
    outer loop
      vertex 14.935409411787987 -21.300000000000004 14.381041035056114
      vertex 16.11756969243288 -21.300000000000004 14.474079072475433
      vertex 14.867372669279575 -21.300000000000004 15.679259434342384
    endloop
  endfacet
  facet normal 0 -1 0
    outer loop
      vertex 14.867372669279575 -21.300000000000004 15.679259434342384
      vertex 16.11756969243288 -21.300000000000004 14.474079072475433
      vertex 15.981682687997818 -21.300000000000004 15.76695753633976
    endloop
  endfacet
  facet normal 0 -1 0
    outer loop
      vertex 15.981682687997818 -21.300000000000004 15.76695753633976
      vertex 16.11756969243288 -21.300000000000004 14.474079072475433
      vertex 17.293240636587143 -21.300000000000004 14.628859087824821
    endloop
  endfacet
  facet normal 0 -1 0
    outer loop
      vertex 15.981682687997818 -21.300000000000004 15.76695753633976
      vertex 17.293240636587143 -21.300000000000004 14.628859087824821
      vertex 17.08987583220005 -21.300000000000004 15.912853926420212
    endloop
  endfacet
  facet normal 0 -1 0
    outer loop
      vertex 17.293240636587143 -21.300000000000004 14.628859087824821
      vertex 18.4591997936368 -21.300000000000004 14.84495684504509
      vertex 17.08987583220005 -21.300000000000004 15.912853926420212
    endloop
  endfacet
  facet normal 0 -1 0
    outer loop
      vertex 17.08987583220005 -21.300000000000004 15.912853926420212
      vertex 18.4591997936368 -21.300000000000004 14.84495684504509
      vertex 18.188914597034454 -21.300000000000004 16.116548724472523
    endloop
  endfacet
  facet normal 0 -1 0
    outer loop
      vertex 18.188914597034454 -21.300000000000004 16.116548724472523
      vertex 18.4591997936368 -21.300000000000004 14.84495684504509
      vertex 19.61225137114525 -21.300000000000004 15.121780037879944
    endloop
  endfacet
  facet normal 0 -1 0
    outer loop
      vertex 18.188914597034454 -21.300000000000004 16.116548724472523
      vertex 19.61225137114525 -21.300000000000004 15.121780037879944
      vertex 19.275786615908146 -21.300000000000004 16.3774836063385
    endloop
  endfacet
  facet normal 0 -1 0
    outer loop
      vertex 19.61225137114525 -21.300000000000004 15.121780037879944
      vertex 20.749234922230244 -21.300000000000004 15.458569906651974
      vertex 19.275786615908146 -21.300000000000004 16.3774836063385
    endloop
  endfacet
  facet normal 0 -1 0
    outer loop
      vertex 19.852208122611046 -21.300000000000004 8.291367918252945
      vertex 20.12249332666397 -21.300000000000004 7.019776038825512
      vertex 21.682803735136986 -21.300000000000004 7.394373424351215
    endloop
  endfacet
  facet normal 0 -1 0
    outer loop
      vertex 19.852208122611046 -21.300000000000004 8.291367918252945
      vertex 21.682803735136986 -21.300000000000004 7.394373424351215
      vertex 21.346338972449303 -21.300000000000004 8.650077000260353
    endloop
  endfacet
  facet normal 0 -1 0
    outer loop
      vertex 21.682803735136986 -21.300000000000004 7.394373424351215
      vertex 23.22137087583542 -21.300000000000004 7.850117772817612
      vertex 21.346338972449303 -21.300000000000004 8.650077000260353
    endloop
  endfacet
  facet normal 0 -1 0
    outer loop
      vertex 23.22137087583542 -21.300000000000004 7.850117772817612
      vertex 22.819648787379265 -21.300000000000004 9.086491249501705
      vertex 21.346338972449303 -21.300000000000004 8.650077000260353
    endloop
  endfacet
  facet normal 0 -1 0
    outer loop
      vertex 19.275786615908146 -21.300000000000004 16.3774836063385
      vertex 20.749234922230244 -21.300000000000004 15.458569906651974
      vertex 20.34751282632351 -21.300000000000004 16.694943375885487
    endloop
  endfacet
  facet normal 0 -1 0
    outer loop
      vertex 20.749234922230244 -21.300000000000004 15.458569906651974
      vertex 21.867034055292606 -21.300000000000004 15.854403339326382
      vertex 20.34751282632351 -21.300000000000004 16.694943375885487
    endloop
  endfacet
  facet normal 0 -1 0
    outer loop
      vertex 21.867034055292606 -21.300000000000004 15.854403339326382
      vertex 22.96258496493101 -21.300000000000004 16.308195382356644
      vertex 21.401155725121498 -21.300000000000004 17.068057894706726
    endloop
  endfacet
  facet normal 0 -1 0
    outer loop
      vertex 23.22137087583542 -21.300000000000004 7.850117772817612
      vertex 24.733977653086185 -21.300000000000004 8.385759927332401
      vertex 22.819648787379265 -21.300000000000004 9.086491249501705
    endloop
  endfacet
  facet normal 0 -1 0
    outer loop
      vertex 22.819648787379265 -21.300000000000004 9.086491249501705
      vertex 24.733977653086185 -21.300000000000004 8.385759927332401
      vertex 24.268099315464497 -21.300000000000004 9.599414482712746
    endloop
  endfacet
  facet normal 0 -1 0
    outer loop
      vertex 24.268099315464497 -21.300000000000004 9.599414482712746
      vertex 24.733977653086185 -21.300000000000004 8.385759927332401
      vertex 26.21647810935974 -21.300000000000004 8.999831721186638
    endloop
  endfacet
  facet normal 0 -1 0
    outer loop
      vertex 24.268099315464497 -21.300000000000004 9.599414482712746
      vertex 26.21647810935974 -21.300000000000004 8.999831721186638
      vertex 25.687720477581024 -21.300000000000004 10.187440820038319
    endloop
  endfacet
  facet normal 1 0 0
    outer loop
      vertex 14.399999991059303 -20.500000000000004 15.667020849883556
      vertex 14.399999991059303 -21.300000000000004 21.19
      vertex 14.399999991059303 -21.300000000000004 15.667020849883556
    endloop
  endfacet
  facet normal -0.2840153472679195 0 0.9588197341087026
    outer loop
      vertex 20.34751282632351 -20.500000000000004 16.694943375885487
      vertex 19.275786615908146 -21.300000000000004 16.3774836063385
      vertex 20.34751282632351 -21.300000000000004 16.694943375885487
    endloop
  endfacet
  facet normal -0.33380685886951067 0 0.9426414912211697
    outer loop
      vertex 21.401155725121498 -20.500000000000004 17.068057894706726
      vertex 20.34751282632351 -21.300000000000004 16.694943375885487
      vertex 21.401155725121498 -21.300000000000004 17.068057894706726
    endloop
  endfacet
  facet normal -0.38268343311162334 0 0.9238795322020623
    outer loop
      vertex 22.433827333152294 -20.500000000000004 17.495804481208324
      vertex 21.401155725121498 -21.300000000000004 17.068057894706726
      vertex 22.433827333152294 -21.300000000000004 17.495804481208324
    endloop
  endfacet
  facet normal -0.4305110998748486 0 0.9025852828871898
    outer loop
      vertex 23.442697167396545 -20.500000000000004 17.97701071202755
      vertex 22.433827333152294 -21.300000000000004 17.495804481208324
      vertex 23.442697167396545 -21.300000000000004 17.97701071202755
    endloop
  endfacet
  facet normal -0.8660254037584058 8.421068019839089e-17 -0.5000000000450903
    outer loop
      vertex 23.85357305407524 -21.300000000000004 18.200098119676113
      vertex 22.127352398412114 -21.300000000000004 21.19
      vertex 22.127352398412114 -20.500000000000004 21.19
    endloop
  endfacet
  facet normal -0.4771587654339821 0 0.8788171098525097
    outer loop
      vertex 23.85357305407524 -20.500000000000004 18.200098119676113
      vertex 23.442697167396545 -21.300000000000004 17.97701071202755
      vertex 23.85357305407524 -21.300000000000004 18.200098119676113
    endloop
  endfacet
  facet normal 0.47715876936242363 0 -0.8788171077195398
    outer loop
      vertex 24.032884821295738 -20.500000000000004 16.81870222836733
      vertex 24.503573052585125 -21.300000000000004 17.074265092611313
      vertex 24.032884821295738 -21.300000000000004 16.81870222836733
    endloop
  endfacet
  facet normal 0.866025403758406 0 0.5000000000450897
    outer loop
      vertex 24.97940608114004 -20.500000000000004 18.850098118185997
      vertex 23.628463099634978 -21.300000000000004 21.19
      vertex 24.97940608114004 -21.300000000000004 18.850098118185997
    endloop
  endfacet
  facet normal 0.5224985539209459 0 -0.8526401709692785
    outer loop
      vertex 26.086074143648148 -20.500000000000004 18.004111632704735
      vertex 26.086074143648148 -21.300000000000004 18.004111632704735
      vertex 25.629406079649925 -21.300000000000004 17.724265091121197
    endloop
  endfacet
  facet normal -0.5224985546970153 0 0.8526401704937027
    outer loop
      vertex 25.37804339826107 -20.500000000000004 19.094383373856544
      vertex 24.97940608114004 -21.300000000000004 18.850098118185997
      vertex 25.37804339826107 -21.300000000000004 19.094383373856544
    endloop
  endfacet
  facet normal -0.5664062363497788 0 0.8241261890172393
    outer loop
      vertex 26.299215137958527 -20.500000000000004 19.727487169206142
      vertex 25.37804339826107 -21.300000000000004 19.094383373856544
      vertex 26.299215137958527 -21.300000000000004 19.727487169206142
    endloop
  endfacet
  facet normal 0 -1 0
    outer loop
      vertex 14.399999991059303 -21.300000000000004 15.667020849883556
      vertex 14.399999991059303 -21.300000000000004 21.19
      vertex 13.100000001490116 -21.300000000000004 21.19
    endloop
  endfacet
  facet normal 0 -1 0
    outer loop
      vertex 21.867034055292606 -21.300000000000004 15.854403339326382
      vertex 21.401155725121498 -21.300000000000004 17.068057894706726
      vertex 20.34751282632351 -21.300000000000004 16.694943375885487
    endloop
  endfacet
  facet normal 0 -1 0
    outer loop
      vertex 22.96258496493101 -21.300000000000004 16.308195382356644
      vertex 22.433827333152294 -21.300000000000004 17.495804481208324
      vertex 21.401155725121498 -21.300000000000004 17.068057894706726
    endloop
  endfacet
  facet normal 0 -1 0
    outer loop
      vertex 22.96258496493101 -21.300000000000004 16.308195382356644
      vertex 24.032884821295738 -21.300000000000004 16.81870222836733
      vertex 22.433827333152294 -21.300000000000004 17.495804481208324
    endloop
  endfacet
  facet normal 0 -1 0
    outer loop
      vertex 22.433827333152294 -21.300000000000004 17.495804481208324
      vertex 24.032884821295738 -21.300000000000004 16.81870222836733
      vertex 23.442697167396545 -21.300000000000004 17.97701071202755
    endloop
  endfacet
  facet normal 0 -1 0
    outer loop
      vertex 23.442697167396545 -21.300000000000004 17.97701071202755
      vertex 24.032884821295738 -21.300000000000004 16.81870222836733
      vertex 24.503573052585125 -21.300000000000004 17.074265092611313
    endloop
  endfacet
  facet normal 0 -1 0
    outer loop
      vertex 23.442697167396545 -21.300000000000004 17.97701071202755
      vertex 24.503573052585125 -21.300000000000004 17.074265092611313
      vertex 23.85357305407524 -21.300000000000004 18.200098119676113
    endloop
  endfacet
  facet normal 0 -1 0
    outer loop
      vertex 23.85357305407524 -21.300000000000004 18.200098119676113
      vertex 24.503573052585125 -21.300000000000004 17.074265092611313
      vertex 25.629406079649925 -21.300000000000004 17.724265091121197
    endloop
  endfacet
  facet normal 0 -1 0
    outer loop
      vertex 23.85357305407524 -21.300000000000004 18.200098119676113
      vertex 23.628463099634978 -21.300000000000004 21.19
      vertex 22.127352398412114 -21.300000000000004 21.19
    endloop
  endfacet
  facet normal 0 -1 0
    outer loop
      vertex 23.85357305407524 -21.300000000000004 18.200098119676113
      vertex 24.97940608114004 -21.300000000000004 18.850098118185997
      vertex 23.628463099634978 -21.300000000000004 21.19
    endloop
  endfacet
  facet normal 0 -1 0
    outer loop
      vertex 23.85357305407524 -21.300000000000004 18.200098119676113
      vertex 26.086074143648148 -21.300000000000004 18.004111632704735
      vertex 24.97940608114004 -21.300000000000004 18.850098118185997
    endloop
  endfacet
  facet normal 0 -1 0
    outer loop
      vertex 23.85357305407524 -21.300000000000004 18.200098119676113
      vertex 25.629406079649925 -21.300000000000004 17.724265091121197
      vertex 26.086074143648148 -21.300000000000004 18.004111632704735
    endloop
  endfacet
  facet normal 0 -1 0
    outer loop
      vertex 26.086074143648148 -21.300000000000004 18.004111632704735
      vertex 25.37804339826107 -21.300000000000004 19.094383373856544
      vertex 24.97940608114004 -21.300000000000004 18.850098118185997
    endloop
  endfacet
  facet normal 0 -1 0
    outer loop
      vertex 26.086074143648148 -21.300000000000004 18.004111632704735
      vertex 27.063335962593555 -21.300000000000004 18.675765074789524
      vertex 25.37804339826107 -21.300000000000004 19.094383373856544
    endloop
  endfacet
  facet normal 0 -1 0
    outer loop
      vertex 25.37804339826107 -21.300000000000004 19.094383373856544
      vertex 27.063335962593555 -21.300000000000004 18.675765074789524
      vertex 26.299215137958527 -21.300000000000004 19.727487169206142
    endloop
  endfacet
  facet normal -0.8660254035585541 0 -0.5000000003912435
    outer loop
      vertex 33.243010990321636 -20.500000000000004 1.9371145740151405
      vertex 33.243010990321636 -21.300000000000004 1.9371145740151405
      vertex 28.503573060035706 -21.300000000000004 10.146061860024929
    endloop
  endfacet
  facet normal 0.8660254038174882 0 0.4999999999427565
    outer loop
      vertex 29.629406079649925 -20.500000000000004 10.796061858534813
      vertex 29.629406079649925 -21.300000000000004 10.796061858534813
      vertex 34.30454460531473 -21.300000000000004 2.6984843984246254
    endloop
  endfacet
  facet normal 0.43051109624222184 0 -0.9025852846198638
    outer loop
      vertex 27.664808817207813 -20.500000000000004 9.690650030970573
      vertex 27.664808817207813 -21.300000000000004 9.690650030970573
      vertex 26.21647810935974 -21.300000000000004 8.999831721186638
    endloop
  endfacet
  facet normal -0.4305110955700008 0 0.9025852849404967
    outer loop
      vertex 27.0746211707592 -20.500000000000004 10.848958514630795
      vertex 25.687720477581024 -21.300000000000004 10.187440820038319
      vertex 27.0746211707592 -21.300000000000004 10.848958514630795
    endloop
  endfacet
  facet normal -0.4771587669413462 0 0.8788171090340777
    outer loop
      vertex 27.85357305407524 -20.500000000000004 11.27189488708973
      vertex 27.0746211707592 -21.300000000000004 10.848958514630795
      vertex 27.85357305407524 -21.300000000000004 11.27189488708973
    endloop
  endfacet
  facet normal 0.4771587624914077 0 -0.878817111450197
    outer loop
      vertex 28.503573060035706 -20.500000000000004 10.146061860024929
      vertex 28.503573060035706 -21.300000000000004 10.146061860024929
      vertex 27.664808817207813 -21.300000000000004 9.690650030970573
    endloop
  endfacet
  facet normal -0.522498556966215 0 0.8526401691031351
    outer loop
      vertex 28.97940608114004 -20.500000000000004 11.921894893050194
      vertex 28.97940608114004 -21.300000000000004 11.921894893050194
      vertex 29.735155679285526 -21.300000000000004 12.385018832981586
    endloop
  endfacet
  facet normal 0.8660254034163158 0 0.5000000006376075
    outer loop
      vertex 25.629406079649925 -20.500000000000004 17.724265091121197
      vertex 25.629406079649925 -21.300000000000004 17.724265091121197
      vertex 28.97940608114004 -21.300000000000004 11.921894893050194
    endloop
  endfacet
  facet normal 0.522498562044081 0 -0.852640165991415
    outer loop
      vertex 30.443186424672604 -20.500000000000004 11.294747091829777
      vertex 30.443186424672604 -21.300000000000004 11.294747091829777
      vertex 29.629406079649925 -21.300000000000004 10.796061858534813
    endloop
  endfacet
  facet normal 0.5664062374567599 0 -0.8241261882564324
    outer loop
      vertex 31.765617981553078 -20.500000000000004 12.203629121184349
      vertex 31.765617981553078 -21.300000000000004 12.203629121184349
      vertex 30.443186424672604 -21.300000000000004 11.294747091829777
    endloop
  endfacet
  facet normal -0.5664062360209781 0 0.8241261892432179
    outer loop
      vertex 29.735155679285526 -20.500000000000004 12.385018832981586
      vertex 29.735155679285526 -21.300000000000004 12.385018832981586
      vertex 31.00149715691805 -21.300000000000004 13.255351215600967
    endloop
  endfacet
  facet normal -0.608761427707647 0 0.7933533412895841
    outer loop
      vertex 31.00149715691805 -20.500000000000004 13.255351215600967
      vertex 31.00149715691805 -21.300000000000004 13.255351215600967
      vertex 32.22055348008871 -21.300000000000004 14.190766029059887
    endloop
  endfacet
  facet normal 0.5555702269766569 0 -0.8314696163403121
    outer loop
      vertex 34.055137149989605 -20.500000000000004 2.47975991666317
      vertex 34.055137149989605 -21.300000000000004 2.47975991666317
      vertex 33.243010990321636 -21.300000000000004 1.9371145740151405
    endloop
  endfacet
  facet normal 0.6593458385237712 0 -0.7518397869369412
    outer loop
      vertex 34.30454460531473 -20.500000000000004 2.6984843984246254
      vertex 34.30454460531473 -21.300000000000004 2.6984843984246254
      vertex 34.055137149989605 -21.300000000000004 2.47975991666317
    endloop
  endfacet
  facet normal 0.6087614269852097 0 -0.7933533418439297
    outer loop
      vertex 33.03866998851299 -20.500000000000004 13.180476278066635
      vertex 33.03866998851299 -21.300000000000004 13.180476278066635
      vertex 31.765617981553078 -21.300000000000004 12.203629121184349
    endloop
  endfacet
  facet normal 0.6494480503793596 0 -0.7604059638498695
    outer loop
      vertex 34.25885308533907 -20.500000000000004 14.222611099481583
      vertex 34.25885308533907 -21.300000000000004 14.222611099481583
      vertex 33.03866998851299 -21.300000000000004 13.180476278066635
    endloop
  endfacet
  facet normal -0.6494480507224856 0 0.7604059635568121
    outer loop
      vertex 32.22055348008871 -20.500000000000004 14.190766029059887
      vertex 32.22055348008871 -21.300000000000004 14.190766029059887
      vertex 33.38898329436779 -21.300000000000004 15.188699372112751
    endloop
  endfacet
  facet normal -0.688354575357822 0 0.7253743713310753
    outer loop
      vertex 33.38898329436779 -20.500000000000004 15.188699372112751
      vertex 33.38898329436779 -21.300000000000004 15.188699372112751
      vertex 34.503584027290344 -21.300000000000004 16.246415972709656
    endloop
  endfacet
  facet normal 0.6883545775365355 0 -0.7253743692635533
    outer loop
      vertex 35.4228228405118 -20.500000000000004 15.327177159488201
      vertex 35.4228228405118 -21.300000000000004 15.327177159488201
      vertex 34.25885308533907 -21.300000000000004 14.222611099481583
    endloop
  endfacet
  facet normal 0.7253743692635533 0 -0.6883545775365355
    outer loop
      vertex 36.52738890051842 -20.500000000000004 16.49114691466093
      vertex 36.52738890051842 -21.300000000000004 16.49114691466093
      vertex 35.4228228405118 -21.300000000000004 15.327177159488201
    endloop
  endfacet
  facet normal 0 -1 0
    outer loop
      vertex 28.503573060035706 -21.300000000000004 10.146061860024929
      vertex 34.30454460531473 -21.300000000000004 2.6984843984246254
      vertex 29.629406079649925 -21.300000000000004 10.796061858534813
    endloop
  endfacet
  facet normal 0 -1 0
    outer loop
      vertex 28.503573060035706 -21.300000000000004 10.146061860024929
      vertex 33.243010990321636 -21.300000000000004 1.9371145740151405
      vertex 34.055137149989605 -21.300000000000004 2.47975991666317
    endloop
  endfacet
  facet normal 0 -1 0
    outer loop
      vertex 28.503573060035706 -21.300000000000004 10.146061860024929
      vertex 34.055137149989605 -21.300000000000004 2.47975991666317
      vertex 34.30454460531473 -21.300000000000004 2.6984843984246254
    endloop
  endfacet
  facet normal 0 -1 0
    outer loop
      vertex 26.21647810935974 -21.300000000000004 8.999831721186638
      vertex 27.664808817207813 -21.300000000000004 9.690650030970573
      vertex 25.687720477581024 -21.300000000000004 10.187440820038319
    endloop
  endfacet
  facet normal 0 -1 0
    outer loop
      vertex 25.687720477581024 -21.300000000000004 10.187440820038319
      vertex 27.664808817207813 -21.300000000000004 9.690650030970573
      vertex 27.0746211707592 -21.300000000000004 10.848958514630795
    endloop
  endfacet
  facet normal 0 -1 0
    outer loop
      vertex 27.664808817207813 -21.300000000000004 9.690650030970573
      vertex 28.503573060035706 -21.300000000000004 10.146061860024929
      vertex 27.0746211707592 -21.300000000000004 10.848958514630795
    endloop
  endfacet
  facet normal 0 -1 0
    outer loop
      vertex 27.0746211707592 -21.300000000000004 10.848958514630795
      vertex 28.503573060035706 -21.300000000000004 10.146061860024929
      vertex 27.85357305407524 -21.300000000000004 11.27189488708973
    endloop
  endfacet
  facet normal 0 -1 0
    outer loop
      vertex 28.503573060035706 -21.300000000000004 10.146061860024929
      vertex 29.629406079649925 -21.300000000000004 10.796061858534813
      vertex 27.85357305407524 -21.300000000000004 11.27189488708973
    endloop
  endfacet
  facet normal 0 -1 0
    outer loop
      vertex 27.85357305407524 -21.300000000000004 11.27189488708973
      vertex 29.629406079649925 -21.300000000000004 10.796061858534813
      vertex 30.443186424672604 -21.300000000000004 11.294747091829777
    endloop
  endfacet
  facet normal 0 -1 0
    outer loop
      vertex 27.85357305407524 -21.300000000000004 11.27189488708973
      vertex 30.443186424672604 -21.300000000000004 11.294747091829777
      vertex 28.97940608114004 -21.300000000000004 11.921894893050194
    endloop
  endfacet
  facet normal 0 -1 0
    outer loop
      vertex 24.503573052585125 -21.300000000000004 17.074265092611313
      vertex 27.85357305407524 -21.300000000000004 11.27189488708973
      vertex 28.97940608114004 -21.300000000000004 11.921894893050194
    endloop
  endfacet
  facet normal 0 -1 0
    outer loop
      vertex 24.503573052585125 -21.300000000000004 17.074265092611313
      vertex 28.97940608114004 -21.300000000000004 11.921894893050194
      vertex 25.629406079649925 -21.300000000000004 17.724265091121197
    endloop
  endfacet
  facet normal 0 -1 0
    outer loop
      vertex 28.97940608114004 -21.300000000000004 11.921894893050194
      vertex 30.443186424672604 -21.300000000000004 11.294747091829777
      vertex 29.735155679285526 -21.300000000000004 12.385018832981586
    endloop
  endfacet
  facet normal 0 -1 0
    outer loop
      vertex 30.443186424672604 -21.300000000000004 11.294747091829777
      vertex 31.765617981553078 -21.300000000000004 12.203629121184349
      vertex 29.735155679285526 -21.300000000000004 12.385018832981586
    endloop
  endfacet
  facet normal 0 -1 0
    outer loop
      vertex 31.765617981553078 -21.300000000000004 12.203629121184349
      vertex 31.00149715691805 -21.300000000000004 13.255351215600967
      vertex 29.735155679285526 -21.300000000000004 12.385018832981586
    endloop
  endfacet
  facet normal 0 -1 0
    outer loop
      vertex 31.765617981553078 -21.300000000000004 12.203629121184349
      vertex 33.03866998851299 -21.300000000000004 13.180476278066635
      vertex 31.00149715691805 -21.300000000000004 13.255351215600967
    endloop
  endfacet
  facet normal 0 -1 0
    outer loop
      vertex 31.00149715691805 -21.300000000000004 13.255351215600967
      vertex 33.03866998851299 -21.300000000000004 13.180476278066635
      vertex 32.22055348008871 -21.300000000000004 14.190766029059887
    endloop
  endfacet
  facet normal 0 -1 0
    outer loop
      vertex 32.22055348008871 -21.300000000000004 14.190766029059887
      vertex 33.03866998851299 -21.300000000000004 13.180476278066635
      vertex 34.25885308533907 -21.300000000000004 14.222611099481583
    endloop
  endfacet
  facet normal 0 -1 0
    outer loop
      vertex 32.22055348008871 -21.300000000000004 14.190766029059887
      vertex 34.25885308533907 -21.300000000000004 14.222611099481583
      vertex 33.38898329436779 -21.300000000000004 15.188699372112751
    endloop
  endfacet
  facet normal 0 -1 0
    outer loop
      vertex 33.38898329436779 -21.300000000000004 15.188699372112751
      vertex 34.25885308533907 -21.300000000000004 14.222611099481583
      vertex 35.4228228405118 -21.300000000000004 15.327177159488201
    endloop
  endfacet
  facet normal 0 -1 0
    outer loop
      vertex 33.38898329436779 -21.300000000000004 15.188699372112751
      vertex 35.4228228405118 -21.300000000000004 15.327177159488201
      vertex 34.503584027290344 -21.300000000000004 16.246415972709656
    endloop
  endfacet
  facet normal 0 -1 0
    outer loop
      vertex 34.503584027290344 -21.300000000000004 16.246415972709656
      vertex 35.4228228405118 -21.300000000000004 15.327177159488201
      vertex 36.52738890051842 -21.300000000000004 16.49114691466093
    endloop
  endfacet
  facet normal 0.5664062382738085 0 -0.8241261876948903
    outer loop
      vertex 27.063335962593555 -20.500000000000004 18.675765074789524
      vertex 27.063335962593555 -21.300000000000004 18.675765074789524
      vertex 26.086074143648148 -21.300000000000004 18.004111632704735
    endloop
  endfacet
  facet normal -0.6087614284247067 0 0.7933533407393649
    outer loop
      vertex 27.18599034845829 -20.500000000000004 20.407933719456196
      vertex 26.299215137958527 -21.300000000000004 19.727487169206142
      vertex 27.18599034845829 -21.300000000000004 20.407933719456196
    endloop
  endfacet
  facet normal 0.6087614313605815 0 -0.793353338486589
    outer loop
      vertex 28.004106856882572 -20.500000000000004 19.397643975913525
      vertex 28.004106856882572 -21.300000000000004 19.397643975913525
      vertex 27.063335962593555 -21.300000000000004 18.675765074789524
    endloop
  endfacet
  facet normal 0.6494480459958325 0 -0.7604059675937551
    outer loop
      vertex 28.905808232724667 -20.500000000000004 20.167769700288773
      vertex 28.905808232724667 -21.300000000000004 20.167769700288773
      vertex 28.004106856882572 -21.300000000000004 19.397643975913525
    endloop
  endfacet
  facet normal -0.6494480467630198 0 0.7604059669385153
    outer loop
      vertex 28.035938449203968 -20.500000000000004 21.13385797291994
      vertex 27.18599034845829 -21.300000000000004 20.407933719456196
      vertex 28.035938449203968 -21.300000000000004 21.13385797291994
    endloop
  endfacet
  facet normal -0.6883545792401184 0 0.7253743676469134
    outer loop
      vertex 28.846729777753353 -20.500000000000004 21.903270222246647
      vertex 28.035938449203968 -21.300000000000004 21.13385797291994
      vertex 28.846729777753353 -21.300000000000004 21.903270222246647
    endloop
  endfacet
  facet normal -0.7253743676469134 0 0.6883545792401184
    outer loop
      vertex 29.61614202708006 -20.500000000000004 22.714061550796032
      vertex 28.846729777753353 -21.300000000000004 21.903270222246647
      vertex 29.61614202708006 -21.300000000000004 22.714061550796032
    endloop
  endfacet
  facet normal 0.6883545788282939 0 -0.7253743680377204
    outer loop
      vertex 29.765968590974808 -20.500000000000004 20.984031409025192
      vertex 29.765968590974808 -21.300000000000004 20.984031409025192
      vertex 28.905808232724667 -21.300000000000004 20.167769700288773
    endloop
  endfacet
  facet normal 0.7253743680377204 0 -0.6883545788282939
    outer loop
      vertex 30.582230299711227 -20.500000000000004 21.844191767275333
      vertex 30.582230299711227 -21.300000000000004 21.844191767275333
      vertex 29.765968590974808 -21.300000000000004 20.984031409025192
    endloop
  endfacet
  facet normal -0.7604059669385153 0 0.6494480467630198
    outer loop
      vertex 30.342066280543804 -20.500000000000004 23.56400965154171
      vertex 29.61614202708006 -21.300000000000004 22.714061550796032
      vertex 30.342066280543804 -21.300000000000004 23.56400965154171
    endloop
  endfacet
  facet normal -0.7933533407393649 0 0.6087614284247067
    outer loop
      vertex 31.022512830793858 -20.500000000000004 24.450784862041473
      vertex 30.342066280543804 -21.300000000000004 23.56400965154171
      vertex 31.022512830793858 -21.300000000000004 24.450784862041473
    endloop
  endfacet
  facet normal 0.7604059675937551 0 -0.6494480459958325
    outer loop
      vertex 31.352356024086475 -20.500000000000004 22.745893143117428
      vertex 31.352356024086475 -21.300000000000004 22.745893143117428
      vertex 30.582230299711227 -21.300000000000004 21.844191767275333
    endloop
  endfacet
  facet normal 0.793353338486589 0 -0.6087614313605815
    outer loop
      vertex 32.074234925210476 -20.500000000000004 23.686664037406445
      vertex 32.074234925210476 -21.300000000000004 23.686664037406445
      vertex 31.352356024086475 -21.300000000000004 22.745893143117428
    endloop
  endfacet
  facet normal -0.4999999998744563 -1.2734482180525302e-16 -0.8660254038569214
    outer loop
      vertex 31.899901881814003 -21.300000000000004 25.770593911409378
      vertex 28.029999999999998 -21.300000000000004 28.00488280386413
      vertex 28.029999999999998 -20.500000000000004 28.00488280386413
    endloop
  endfacet
  facet normal -0.8241261890172393 0 0.5664062363497788
    outer loop
      vertex 31.655616626143456 -20.500000000000004 25.37195660173893
      vertex 31.022512830793858 -21.300000000000004 24.450784862041473
      vertex 31.655616626143456 -21.300000000000004 25.37195660173893
    endloop
  endfacet
  facet normal -0.8526401661431127 0 0.5224985617965329
    outer loop
      vertex 31.899901881814003 -20.500000000000004 25.770593911409378
      vertex 31.655616626143456 -21.300000000000004 25.37195660173893
      vertex 31.899901881814003 -21.300000000000004 25.770593911409378
    endloop
  endfacet
  facet normal 0.50000000004509 0 0.8660254037584059
    outer loop
      vertex 32.54990188032389 -20.500000000000004 26.89642693847418
      vertex 28.029999999999998 -21.300000000000004 29.505993506103646
      vertex 32.54990188032389 -21.300000000000004 26.89642693847418
    endloop
  endfacet
  facet normal -0.7253743713310753 0 0.688354575357822
    outer loop
      vertex 34.503584027290344 -20.500000000000004 16.246415972709656
      vertex 34.503584027290344 -21.300000000000004 16.246415972709656
      vertex 35.56130062788725 -21.300000000000004 17.36101670563221
    endloop
  endfacet
  facet normal 0.8241261876948903 0 -0.5664062382738085
    outer loop
      vertex 32.745888367295265 -20.500000000000004 24.663925856351852
      vertex 32.745888367295265 -21.300000000000004 24.663925856351852
      vertex 32.074234925210476 -21.300000000000004 23.686664037406445
    endloop
  endfacet
  facet normal -0.7604059635568121 0 0.6494480507224856
    outer loop
      vertex 35.56130062788725 -20.500000000000004 17.36101670563221
      vertex 35.56130062788725 -21.300000000000004 17.36101670563221
      vertex 36.55923397094011 -21.300000000000004 18.52944651991129
    endloop
  endfacet
  facet normal -0.7933533412895841 0 0.608761427707647
    outer loop
      vertex 36.55923397094011 -20.500000000000004 18.52944651991129
      vertex 36.55923397094011 -21.300000000000004 18.52944651991129
      vertex 37.49464878439903 -21.300000000000004 19.74850284308195
    endloop
  endfacet
  facet normal 0.7604059638498695 0 -0.6494480503793596
    outer loop
      vertex 37.569523721933365 -20.500000000000004 17.711330011487007
      vertex 37.569523721933365 -21.300000000000004 17.711330011487007
      vertex 36.52738890051842 -21.300000000000004 16.49114691466093
    endloop
  endfacet
  facet normal 0.7933533418439297 0 -0.6087614269852097
    outer loop
      vertex 38.54637087881565 -20.500000000000004 18.984382018446922
      vertex 38.54637087881565 -21.300000000000004 18.984382018446922
      vertex 37.569523721933365 -21.300000000000004 17.711330011487007
    endloop
  endfacet
  facet normal -0.8241261892432179 0 0.5664062360209781
    outer loop
      vertex 37.49464878439903 -20.500000000000004 19.74850284308195
      vertex 37.49464878439903 -21.300000000000004 19.74850284308195
      vertex 38.36498116701841 -21.300000000000004 21.014844320714474
    endloop
  endfacet
  facet normal 0.8241261882937165 0 -0.566406237402511
    outer loop
      vertex 38.75 -20.500000000000004 19.28066422790289
      vertex 38.75 -21.300000000000004 19.28066422790289
      vertex 38.54637087881565 -21.300000000000004 18.984382018446922
    endloop
  endfacet
  facet normal -0.49999999966009673 0 -0.866025403980682
    outer loop
      vertex 38.75 -20.500000000000004 21.81568792462349
      vertex 38.75 -21.300000000000004 21.81568792462349
      vertex 33.0257349088788 -21.300000000000004 25.120593912899494
    endloop
  endfacet
  facet normal 1 0 0
    outer loop
      vertex 38.75 -20.500000000000004 21.643137969076633
      vertex 38.75 -21.300000000000004 21.643137969076633
      vertex 38.75 -21.300000000000004 19.28066422790289
    endloop
  endfacet
  facet normal -0.8526401703503551 0 0.5224985549309371
    outer loop
      vertex 38.36498116701841 -20.500000000000004 21.014844320714474
      vertex 38.36498116701841 -21.300000000000004 21.014844320714474
      vertex 38.75 -21.300000000000004 21.643137969076633
    endloop
  endfacet
  facet normal 1 0 0
    outer loop
      vertex 38.75 -20.500000000000004 23.316798619925976
      vertex 38.75 -21.300000000000004 23.316798619925976
      vertex 38.75 -21.300000000000004 21.81568792462349
    endloop
  endfacet
  facet normal 0.8526401671715365 0 -0.5224985601182979
    outer loop
      vertex 33.0257349088788 -20.500000000000004 25.120593912899494
      vertex 33.0257349088788 -21.300000000000004 25.120593912899494
      vertex 32.745888367295265 -21.300000000000004 24.663925856351852
    endloop
  endfacet
  facet normal 0.8788171108867807 0 -0.47715876352909176
    outer loop
      vertex 33.93129777163267 -20.500000000000004 26.717115178704262
      vertex 33.93129777163267 -21.300000000000004 26.717115178704262
      vertex 33.67573490738869 -21.300000000000004 26.246426939964294
    endloop
  endfacet
  facet normal -0.8788171134808145 0 0.4771587587514758
    outer loop
      vertex 32.77298928797245 -20.500000000000004 27.307302832603455
      vertex 32.54990188032389 -21.300000000000004 26.89642693847418
      vertex 32.77298928797245 -21.300000000000004 27.307302832603455
    endloop
  endfacet
  facet normal -0.9025852828871898 0 0.4305110998748486
    outer loop
      vertex 33.254195518791676 -20.500000000000004 28.316172666847706
      vertex 32.77298928797245 -21.300000000000004 27.307302832603455
      vertex 33.254195518791676 -21.300000000000004 28.316172666847706
    endloop
  endfacet
  facet normal 0.5000000003686034 0 0.8660254035716254
    outer loop
      vertex 33.67573490738869 -20.500000000000004 26.246426939964294
      vertex 33.67573490738869 -21.300000000000004 26.246426939964294
      vertex 38.75 -21.300000000000004 23.316798619925976
    endloop
  endfacet
  facet normal 0.9025852837356643 0 -0.43051109809598453
    outer loop
      vertex 34.441804617643356 -20.500000000000004 27.78741503506899
      vertex 34.441804617643356 -21.300000000000004 27.78741503506899
      vertex 33.93129777163267 -21.300000000000004 26.717115178704262
    endloop
  endfacet
  facet normal 0.9238795331112124 0 -0.38268343091674134
    outer loop
      vertex 34.89559666067362 -20.500000000000004 28.882965944707394
      vertex 34.89559666067362 -21.300000000000004 28.882965944707394
      vertex 34.441804617643356 -21.300000000000004 27.78741503506899
    endloop
  endfacet
  facet normal -0.9238795322020623 0 0.38268343311162334
    outer loop
      vertex 33.681942105293274 -20.500000000000004 29.348844274878502
      vertex 33.254195518791676 -21.300000000000004 28.316172666847706
      vertex 33.681942105293274 -21.300000000000004 29.348844274878502
    endloop
  endfacet
  facet normal -0.9426414912211697 0 0.33380685886951067
    outer loop
      vertex 34.05505662411451 -20.500000000000004 30.40248717367649
      vertex 33.681942105293274 -21.300000000000004 29.348844274878502
      vertex 34.05505662411451 -21.300000000000004 30.40248717367649
    endloop
  endfacet
  facet normal 0.9426414912783736 0 -0.33380685870797194
    outer loop
      vertex 35.291430093348026 -20.500000000000004 30.000765077769756
      vertex 35.291430093348026 -21.300000000000004 30.000765077769756
      vertex 34.89559666067362 -21.300000000000004 28.882965944707394
    endloop
  endfacet
  facet normal 0.9588197354674014 0 -0.2840153426810293
    outer loop
      vertex 35.628219962120056 -20.500000000000004 31.13774862885475
      vertex 35.628219962120056 -21.300000000000004 31.13774862885475
      vertex 35.291430093348026 -21.300000000000004 30.000765077769756
    endloop
  endfacet
  facet normal -0.9588197341087026 0 0.2840153472679195
    outer loop
      vertex 34.3725163936615 -20.500000000000004 31.474213384091854
      vertex 34.05505662411451 -21.300000000000004 30.40248717367649
      vertex 34.3725163936615 -21.300000000000004 31.474213384091854
    endloop
  endfacet
  facet normal -0.9723699211499136 0 0.2334453607226127
    outer loop
      vertex 34.63345127552748 -20.500000000000004 32.561085402965546
      vertex 34.3725163936615 -21.300000000000004 31.474213384091854
      vertex 34.63345127552748 -21.300000000000004 32.561085402965546
    endloop
  endfacet
  facet normal 0.9723699202155821 0 -0.23344536461438326
    outer loop
      vertex 35.90504315495491 -20.500000000000004 32.2908002063632
      vertex 35.90504315495491 -21.300000000000004 32.2908002063632
      vertex 35.628219962120056 -21.300000000000004 31.13774862885475
    endloop
  endfacet
  facet normal 0 -1 0
    outer loop
      vertex 26.299215137958527 -21.300000000000004 19.727487169206142
      vertex 27.063335962593555 -21.300000000000004 18.675765074789524
      vertex 28.004106856882572 -21.300000000000004 19.397643975913525
    endloop
  endfacet
  facet normal 0 -1 0
    outer loop
      vertex 26.299215137958527 -21.300000000000004 19.727487169206142
      vertex 28.004106856882572 -21.300000000000004 19.397643975913525
      vertex 27.18599034845829 -21.300000000000004 20.407933719456196
    endloop
  endfacet
  facet normal 0 -1 0
    outer loop
      vertex 27.18599034845829 -21.300000000000004 20.407933719456196
      vertex 28.004106856882572 -21.300000000000004 19.397643975913525
      vertex 28.905808232724667 -21.300000000000004 20.167769700288773
    endloop
  endfacet
  facet normal 0 -1 0
    outer loop
      vertex 27.18599034845829 -21.300000000000004 20.407933719456196
      vertex 28.905808232724667 -21.300000000000004 20.167769700288773
      vertex 28.035938449203968 -21.300000000000004 21.13385797291994
    endloop
  endfacet
  facet normal 0 -1 0
    outer loop
      vertex 28.905808232724667 -21.300000000000004 20.167769700288773
      vertex 29.765968590974808 -21.300000000000004 20.984031409025192
      vertex 28.035938449203968 -21.300000000000004 21.13385797291994
    endloop
  endfacet
  facet normal 0 -1 0
    outer loop
      vertex 28.035938449203968 -21.300000000000004 21.13385797291994
      vertex 29.765968590974808 -21.300000000000004 20.984031409025192
      vertex 28.846729777753353 -21.300000000000004 21.903270222246647
    endloop
  endfacet
  facet normal 0 -1 0
    outer loop
      vertex 28.846729777753353 -21.300000000000004 21.903270222246647
      vertex 29.765968590974808 -21.300000000000004 20.984031409025192
      vertex 30.582230299711227 -21.300000000000004 21.844191767275333
    endloop
  endfacet
  facet normal 0 -1 0
    outer loop
      vertex 28.846729777753353 -21.300000000000004 21.903270222246647
      vertex 30.582230299711227 -21.300000000000004 21.844191767275333
      vertex 29.61614202708006 -21.300000000000004 22.714061550796032
    endloop
  endfacet
  facet normal 0 -1 0
    outer loop
      vertex 30.582230299711227 -21.300000000000004 21.844191767275333
      vertex 31.352356024086475 -21.300000000000004 22.745893143117428
      vertex 29.61614202708006 -21.300000000000004 22.714061550796032
    endloop
  endfacet
  facet normal 0 -1 0
    outer loop
      vertex 29.61614202708006 -21.300000000000004 22.714061550796032
      vertex 31.352356024086475 -21.300000000000004 22.745893143117428
      vertex 30.342066280543804 -21.300000000000004 23.56400965154171
    endloop
  endfacet
  facet normal 0 -1 0
    outer loop
      vertex 30.342066280543804 -21.300000000000004 23.56400965154171
      vertex 31.352356024086475 -21.300000000000004 22.745893143117428
      vertex 32.074234925210476 -21.300000000000004 23.686664037406445
    endloop
  endfacet
  facet normal 0 -1 0
    outer loop
      vertex 30.342066280543804 -21.300000000000004 23.56400965154171
      vertex 32.074234925210476 -21.300000000000004 23.686664037406445
      vertex 31.022512830793858 -21.300000000000004 24.450784862041473
    endloop
  endfacet
  facet normal 0 -1 0
    outer loop
      vertex 31.022512830793858 -21.300000000000004 24.450784862041473
      vertex 32.074234925210476 -21.300000000000004 23.686664037406445
      vertex 32.745888367295265 -21.300000000000004 24.663925856351852
    endloop
  endfacet
  facet normal 0 -1 0
    outer loop
      vertex 32.54990188032389 -21.300000000000004 26.89642693847418
      vertex 28.029999999999998 -21.300000000000004 29.505993506103646
      vertex 28.029999999999998 -21.300000000000004 28.00488280386413
    endloop
  endfacet
  facet normal 0 -1 0
    outer loop
      vertex 31.899901881814003 -21.300000000000004 25.770593911409378
      vertex 32.54990188032389 -21.300000000000004 26.89642693847418
      vertex 28.029999999999998 -21.300000000000004 28.00488280386413
    endloop
  endfacet
  facet normal 0 -1 0
    outer loop
      vertex 31.022512830793858 -21.300000000000004 24.450784862041473
      vertex 32.745888367295265 -21.300000000000004 24.663925856351852
      vertex 31.655616626143456 -21.300000000000004 25.37195660173893
    endloop
  endfacet
  facet normal 0 -1 0
    outer loop
      vertex 31.655616626143456 -21.300000000000004 25.37195660173893
      vertex 32.745888367295265 -21.300000000000004 24.663925856351852
      vertex 33.0257349088788 -21.300000000000004 25.120593912899494
    endloop
  endfacet
  facet normal 0 -1 0
    outer loop
      vertex 31.655616626143456 -21.300000000000004 25.37195660173893
      vertex 33.0257349088788 -21.300000000000004 25.120593912899494
      vertex 31.899901881814003 -21.300000000000004 25.770593911409378
    endloop
  endfacet
  facet normal 0 -1 0
    outer loop
      vertex 34.503584027290344 -21.300000000000004 16.246415972709656
      vertex 36.52738890051842 -21.300000000000004 16.49114691466093
      vertex 35.56130062788725 -21.300000000000004 17.36101670563221
    endloop
  endfacet
  facet normal 0 -1 0
    outer loop
      vertex 36.52738890051842 -21.300000000000004 16.49114691466093
      vertex 37.569523721933365 -21.300000000000004 17.711330011487007
      vertex 35.56130062788725 -21.300000000000004 17.36101670563221
    endloop
  endfacet
  facet normal 0 -1 0
    outer loop
      vertex 35.56130062788725 -21.300000000000004 17.36101670563221
      vertex 37.569523721933365 -21.300000000000004 17.711330011487007
      vertex 36.55923397094011 -21.300000000000004 18.52944651991129
    endloop
  endfacet
  facet normal 0 -1 0
    outer loop
      vertex 36.55923397094011 -21.300000000000004 18.52944651991129
      vertex 37.569523721933365 -21.300000000000004 17.711330011487007
      vertex 38.54637087881565 -21.300000000000004 18.984382018446922
    endloop
  endfacet
  facet normal 0 -1 0
    outer loop
      vertex 36.55923397094011 -21.300000000000004 18.52944651991129
      vertex 38.54637087881565 -21.300000000000004 18.984382018446922
      vertex 37.49464878439903 -21.300000000000004 19.74850284308195
    endloop
  endfacet
  facet normal 0 -1 0
    outer loop
      vertex 37.49464878439903 -21.300000000000004 19.74850284308195
      vertex 38.54637087881565 -21.300000000000004 18.984382018446922
      vertex 38.75 -21.300000000000004 19.28066422790289
    endloop
  endfacet
  facet normal 0 -1 0
    outer loop
      vertex 37.49464878439903 -21.300000000000004 19.74850284308195
      vertex 38.75 -21.300000000000004 19.28066422790289
      vertex 38.36498116701841 -21.300000000000004 21.014844320714474
    endloop
  endfacet
  facet normal 0 -1 0
    outer loop
      vertex 38.75 -21.300000000000004 21.81568792462349
      vertex 38.75 -21.300000000000004 23.316798619925976
      vertex 33.0257349088788 -21.300000000000004 25.120593912899494
    endloop
  endfacet
  facet normal 0 -1 0
    outer loop
      vertex 38.75 -21.300000000000004 19.28066422790289
      vertex 38.75 -21.300000000000004 21.643137969076633
      vertex 38.36498116701841 -21.300000000000004 21.014844320714474
    endloop
  endfacet
  facet normal 0 -1 0
    outer loop
      vertex 31.899901881814003 -21.300000000000004 25.770593911409378
      vertex 33.0257349088788 -21.300000000000004 25.120593912899494
      vertex 33.67573490738869 -21.300000000000004 26.246426939964294
    endloop
  endfacet
  facet normal 0 -1 0
    outer loop
      vertex 31.899901881814003 -21.300000000000004 25.770593911409378
      vertex 33.67573490738869 -21.300000000000004 26.246426939964294
      vertex 32.54990188032389 -21.300000000000004 26.89642693847418
    endloop
  endfacet
  facet normal 0 -1 0
    outer loop
      vertex 33.67573490738869 -21.300000000000004 26.246426939964294
      vertex 33.93129777163267 -21.300000000000004 26.717115178704262
      vertex 32.54990188032389 -21.300000000000004 26.89642693847418
    endloop
  endfacet
  facet normal 0 -1 0
    outer loop
      vertex 33.93129777163267 -21.300000000000004 26.717115178704262
      vertex 32.77298928797245 -21.300000000000004 27.307302832603455
      vertex 32.54990188032389 -21.300000000000004 26.89642693847418
    endloop
  endfacet
  facet normal 0 -1 0
    outer loop
      vertex 32.77298928797245 -21.300000000000004 27.307302832603455
      vertex 34.441804617643356 -21.300000000000004 27.78741503506899
      vertex 33.254195518791676 -21.300000000000004 28.316172666847706
    endloop
  endfacet
  facet normal 0 -1 0
    outer loop
      vertex 33.93129777163267 -21.300000000000004 26.717115178704262
      vertex 34.441804617643356 -21.300000000000004 27.78741503506899
      vertex 32.77298928797245 -21.300000000000004 27.307302832603455
    endloop
  endfacet
  facet normal 0 -1 0
    outer loop
      vertex 33.254195518791676 -21.300000000000004 28.316172666847706
      vertex 34.89559666067362 -21.300000000000004 28.882965944707394
      vertex 33.681942105293274 -21.300000000000004 29.348844274878502
    endloop
  endfacet
  facet normal 0 -1 0
    outer loop
      vertex 38.75 -21.300000000000004 23.316798619925976
      vertex 33.67573490738869 -21.300000000000004 26.246426939964294
      vertex 33.0257349088788 -21.300000000000004 25.120593912899494
    endloop
  endfacet
  facet normal 0 -1 0
    outer loop
      vertex 33.254195518791676 -21.300000000000004 28.316172666847706
      vertex 34.441804617643356 -21.300000000000004 27.78741503506899
      vertex 34.89559666067362 -21.300000000000004 28.882965944707394
    endloop
  endfacet
  facet normal 0 -1 0
    outer loop
      vertex 33.681942105293274 -21.300000000000004 29.348844274878502
      vertex 34.89559666067362 -21.300000000000004 28.882965944707394
      vertex 35.291430093348026 -21.300000000000004 30.000765077769756
    endloop
  endfacet
  facet normal 0 -1 0
    outer loop
      vertex 33.681942105293274 -21.300000000000004 29.348844274878502
      vertex 35.291430093348026 -21.300000000000004 30.000765077769756
      vertex 34.05505662411451 -21.300000000000004 30.40248717367649
    endloop
  endfacet
  facet normal 0 -1 0
    outer loop
      vertex 34.05505662411451 -21.300000000000004 30.40248717367649
      vertex 35.291430093348026 -21.300000000000004 30.000765077769756
      vertex 35.628219962120056 -21.300000000000004 31.13774862885475
    endloop
  endfacet
  facet normal 0 -1 0
    outer loop
      vertex 34.05505662411451 -21.300000000000004 30.40248717367649
      vertex 35.628219962120056 -21.300000000000004 31.13774862885475
      vertex 34.3725163936615 -21.300000000000004 31.474213384091854
    endloop
  endfacet
  facet normal 0 -1 0
    outer loop
      vertex 34.3725163936615 -21.300000000000004 31.474213384091854
      vertex 35.628219962120056 -21.300000000000004 31.13774862885475
      vertex 35.90504315495491 -21.300000000000004 32.2908002063632
    endloop
  endfacet
  facet normal 0 -1 0
    outer loop
      vertex 34.3725163936615 -21.300000000000004 31.474213384091854
      vertex 35.90504315495491 -21.300000000000004 32.2908002063632
      vertex 34.63345127552748 -21.300000000000004 32.561085402965546
    endloop
  endfacet
  facet normal 0 -1 0
    outer loop
      vertex 34.63345127552748 -21.300000000000004 32.561085402965546
      vertex 35.90504315495491 -21.300000000000004 32.2908002063632
      vertex 36.12114091217518 -21.300000000000004 33.45675936341286
    endloop
  endfacet
  facet normal 0 1 0
    outer loop
      vertex 14.399999998509884 -20.500000000000004 58.332979150116444
      vertex 14.399999998509884 -20.500000000000004 52.81
      vertex 13.100000008940697 -20.500000000000004 52.81
    endloop
  endfacet
  facet normal 0 1 0
    outer loop
      vertex 18.297931164503098 -20.500000000000004 57.413952484726906
      vertex 17.90920167416334 -20.500000000000004 57.831436187028885
      vertex 19.61500570178032 -20.500000000000004 57.82263125479221
    endloop
  endfacet
  facet normal 0 1 0
    outer loop
      vertex 18.297931164503098 -20.500000000000004 57.413952484726906
      vertex 19.61500570178032 -20.500000000000004 57.82263125479221
      vertex 18.357937686145306 -20.500000000000004 57.35391302406788
    endloop
  endfacet
  facet normal 0 1 0
    outer loop
      vertex 18.796779081225395 -20.500000000000004 56.944847002625465
      vertex 19.61500570178032 -20.500000000000004 57.82263125479221
      vertex 18.85506557673216 -20.500000000000004 56.893927313387394
    endloop
  endfacet
  facet normal 0 1 0
    outer loop
      vertex 18.357937686145306 -20.500000000000004 57.35391302406788
      vertex 19.61500570178032 -20.500000000000004 57.82263125479221
      vertex 18.796779081225395 -20.500000000000004 56.944847002625465
    endloop
  endfacet
  facet normal 0 1 0
    outer loop
      vertex 19.396101981401443 -20.500000000000004 56.45398227870464
      vertex 20.623295679688454 -20.500000000000004 57.047538198530674
      vertex 19.920246705412865 -20.500000000000004 56.07505574077368
    endloop
  endfacet
  facet normal 0 1 0
    outer loop
      vertex 18.85506557673216 -20.500000000000004 56.893927313387394
      vertex 20.099150955677032 -20.500000000000004 57.42646473646164
      vertex 19.339210830628872 -20.500000000000004 56.49776079505682
    endloop
  endfacet
  facet normal 0 1 0
    outer loop
      vertex 18.85506557673216 -20.500000000000004 56.893927313387394
      vertex 19.61500570178032 -20.500000000000004 57.82263125479221
      vertex 20.099150955677032 -20.500000000000004 57.42646473646164
    endloop
  endfacet
  facet normal 0 1 0
    outer loop
      vertex 19.396101981401443 -20.500000000000004 56.45398227870464
      vertex 19.339210830628872 -20.500000000000004 56.49776079505682
      vertex 20.099150955677032 -20.500000000000004 57.42646473646164
    endloop
  endfacet
  facet normal 0 1 0
    outer loop
      vertex 13.100000008940697 -20.500000000000004 58.332979150116444
      vertex 14.399999998509884 -20.500000000000004 59.63297914713621
      vertex 14.399999998509884 -20.500000000000004 58.332979150116444
    endloop
  endfacet
  facet normal 0 1 0
    outer loop
      vertex 14.399999998509884 -20.500000000000004 58.332979150116444
      vertex 14.935409411787987 -20.500000000000004 59.618958964943886
      vertex 14.867372669279575 -20.500000000000004 58.320740565657616
    endloop
  endfacet
  facet normal 0 1 0
    outer loop
      vertex 14.867372669279575 -20.500000000000004 58.320740565657616
      vertex 14.935409411787987 -20.500000000000004 59.618958964943886
      vertex 15.981682687997818 -20.500000000000004 58.23304246366024
    endloop
  endfacet
  facet normal 0 1 0
    outer loop
      vertex 14.399999998509884 -20.500000000000004 58.332979150116444
      vertex 14.399999998509884 -20.500000000000004 59.63297914713621
      vertex 14.935409411787987 -20.500000000000004 59.618958964943886
    endloop
  endfacet
  facet normal 0 1 0
    outer loop
      vertex 14.935409411787987 -20.500000000000004 59.618958964943886
      vertex 17.08987583220005 -20.500000000000004 58.08714607357979
      vertex 15.981682687997818 -20.500000000000004 58.23304246366024
    endloop
  endfacet
  facet normal 0 1 0
    outer loop
      vertex 14.935409411787987 -20.500000000000004 59.618958964943886
      vertex 17.806977599859238 -20.500000000000004 57.9542391076684
      vertex 17.08987583220005 -20.500000000000004 58.08714607357979
    endloop
  endfacet
  facet normal 0 1 0
    outer loop
      vertex 13.100000008940697 -20.500000000000004 66
      vertex 14.399999998509884 -20.500000000000004 66
      vertex 14.399999998509884 -20.500000000000004 59.63297914713621
    endloop
  endfacet
  facet normal 0 1 0
    outer loop
      vertex 14.935409411787987 -20.500000000000004 59.618958964943886
      vertex 19.61500570178032 -20.500000000000004 57.82263125479221
      vertex 17.806977599859238 -20.500000000000004 57.9542391076684
    endloop
  endfacet
  facet normal 0 1 0
    outer loop
      vertex 14.935409411787987 -20.500000000000004 59.618958964943886
      vertex 16.11756969243288 -20.500000000000004 59.52592092752457
      vertex 19.61500570178032 -20.500000000000004 57.82263125479221
    endloop
  endfacet
  facet normal 0 1 0
    outer loop
      vertex 16.837780609726906 -20.500000000000004 59.48519253730774
      vertex 17.961489140987396 -20.500000000000004 59.906237825751305
      vertex 16.86332816630602 -20.500000000000004 59.42773995548487
    endloop
  endfacet
  facet normal 0 1 0
    outer loop
      vertex 16.11756969243288 -20.500000000000004 59.52592092752457
      vertex 16.86332816630602 -20.500000000000004 59.42773995548487
      vertex 19.17616430670023 -20.500000000000004 58.23169727623463
    endloop
  endfacet
  facet normal 0 1 0
    outer loop
      vertex 17.847457505762577 -20.500000000000004 57.903230138123035
      vertex 17.806977599859238 -20.500000000000004 57.9542391076684
      vertex 19.61500570178032 -20.500000000000004 57.82263125479221
    endloop
  endfacet
  facet normal 0 1 0
    outer loop
      vertex 16.11756969243288 -20.500000000000004 59.52592092752457
      vertex 19.17616430670023 -20.500000000000004 58.23169727623463
      vertex 19.61500570178032 -20.500000000000004 57.82263125479221
    endloop
  endfacet
  facet normal 0 1 0
    outer loop
      vertex 16.86332816630602 -20.500000000000004 59.42773995548487
      vertex 18.787434816360474 -20.500000000000004 58.649180978536606
      vertex 19.17616430670023 -20.500000000000004 58.23169727623463
    endloop
  endfacet
  facet normal 0 1 0
    outer loop
      vertex 16.86332816630602 -20.500000000000004 59.42773995548487
      vertex 18.453076228499413 -20.500000000000004 59.07050832360983
      vertex 18.787434816360474 -20.500000000000004 58.649180978536606
    endloop
  endfacet
  facet normal 0 1 0
    outer loop
      vertex 16.86332816630602 -20.500000000000004 59.42773995548487
      vertex 18.176751844584942 -20.500000000000004 59.49106317013502
      vertex 18.453076228499413 -20.500000000000004 59.07050832360983
    endloop
  endfacet
  facet normal 0 1 0
    outer loop
      vertex 16.86332816630602 -20.500000000000004 59.42773995548487
      vertex 17.961489140987396 -20.500000000000004 59.906237825751305
      vertex 18.176751844584942 -20.500000000000004 59.49106317013502
    endloop
  endfacet
  facet normal 0 1 0
    outer loop
      vertex 16.68211904168129 -20.500000000000004 59.90077479183674
      vertex 17.80964656174183 -20.500000000000004 60.311483547091484
      vertex 16.68593803048134 -20.500000000000004 59.89043825864792
    endloop
  endfacet
  facet normal 0 1 0
    outer loop
      vertex 16.638156943023205 -20.500000000000004 60.05146033316851
      vertex 17.80964656174183 -20.500000000000004 60.311483547091484
      vertex 16.68211904168129 -20.500000000000004 59.90077479183674
    endloop
  endfacet
  facet normal 0 1 0
    outer loop
      vertex 16.638156943023205 -20.500000000000004 60.05146033316851
      vertex 16.551398128271103 -20.500000000000004 60.44233717024326
      vertex 17.80964656174183 -20.500000000000004 60.311483547091484
    endloop
  endfacet
  facet normal 0 1 0
    outer loop
      vertex 16.837780609726906 -20.500000000000004 59.48519253730774
      vertex 16.68593803048134 -20.500000000000004 59.89043825864792
      vertex 17.80964656174183 -20.500000000000004 60.311483547091484
    endloop
  endfacet
  facet normal 0 1 0
    outer loop
      vertex 16.551398128271103 -20.500000000000004 60.44233717024326
      vertex 16.54370103776455 -20.500000000000004 60.479832388460636
      vertex 17.722887746989727 -20.500000000000004 60.70236038416624
    endloop
  endfacet
  facet normal 0 1 0
    outer loop
      vertex 16.54370103776455 -20.500000000000004 60.479832388460636
      vertex 16.524743415415287 -20.500000000000004 60.635650895535946
      vertex 17.722887746989727 -20.500000000000004 60.70236038416624
    endloop
  endfacet
  facet normal 0 1 0
    outer loop
      vertex 16.524743415415287 -20.500000000000004 60.635650895535946
      vertex 16.504018895328045 -20.500000000000004 61.00787631422281
      vertex 17.722887746989727 -20.500000000000004 60.70236038416624
    endloop
  endfacet
  facet normal 0 1 0
    outer loop
      vertex 16.837780609726906 -20.500000000000004 59.48519253730774
      vertex 17.80964656174183 -20.500000000000004 60.311483547091484
      vertex 17.961489140987396 -20.500000000000004 59.906237825751305
    endloop
  endfacet
  facet normal 0 1 0
    outer loop
      vertex 16.551398128271103 -20.500000000000004 60.44233717024326
      vertex 17.722887746989727 -20.500000000000004 60.70236038416624
      vertex 17.80964656174183 -20.500000000000004 60.311483547091484
    endloop
  endfacet
  facet normal 0 1 0
    outer loop
      vertex 16.504018895328045 -20.500000000000004 61.00787631422281
      vertex 16.50216429680586 -20.500000000000004 61.07298190146685
      vertex 17.702163226902485 -20.500000000000004 61.07458580285311
    endloop
  endfacet
  facet normal 0 1 0
    outer loop
      vertex 16.50216429680586 -20.500000000000004 61.07298190146685
      vertex 16.512221105396748 -20.500000000000004 61.229626916348934
      vertex 17.702163226902485 -20.500000000000004 61.07458580285311
    endloop
  endfacet
  facet normal 0 1 0
    outer loop
      vertex 16.512221105396748 -20.500000000000004 61.229626916348934
      vertex 16.5577579587698 -20.500000000000004 61.57912273705006
      vertex 17.747700080275536 -20.500000000000004 61.42408162355423
    endloop
  endfacet
  facet normal 0 1 0
    outer loop
      vertex 16.5577579587698 -20.500000000000004 61.57912273705006
      vertex 16.571858793497086 -20.500000000000004 61.663658902049065
      vertex 17.747700080275536 -20.500000000000004 61.42408162355423
    endloop
  endfacet
  facet normal 0 1 0
    outer loop
      vertex 16.571858793497086 -20.500000000000004 61.663658902049065
      vertex 16.61318939179182 -20.500000000000004 61.815087370574474
      vertex 17.747700080275536 -20.500000000000004 61.42408162355423
    endloop
  endfacet
  facet normal 0 1 0
    outer loop
      vertex 16.504018895328045 -20.500000000000004 61.00787631422281
      vertex 17.702163226902485 -20.500000000000004 61.07458580285311
      vertex 17.722887746989727 -20.500000000000004 60.70236038416624
    endloop
  endfacet
  facet normal 0 1 0
    outer loop
      vertex 16.512221105396748 -20.500000000000004 61.229626916348934
      vertex 17.747700080275536 -20.500000000000004 61.42408162355423
      vertex 17.702163226902485 -20.500000000000004 61.07458580285311
    endloop
  endfacet
  facet normal 0 1 0
    outer loop
      vertex 16.61318939179182 -20.500000000000004 61.815087370574474
      vertex 17.858999386429787 -20.500000000000004 61.747018702328205
      vertex 17.747700080275536 -20.500000000000004 61.42408162355423
    endloop
  endfacet
  facet normal 0 1 0
    outer loop
      vertex 17.847457505762577 -20.500000000000004 57.903230138123035
      vertex 19.61500570178032 -20.500000000000004 57.82263125479221
      vertex 17.90920167416334 -20.500000000000004 57.831436187028885
    endloop
  endfacet
  facet normal 0 1 0
    outer loop
      vertex 16.61318939179182 -20.500000000000004 61.815087370574474
      vertex 16.72448869794607 -20.500000000000004 62.13802444934845
      vertex 17.858999386429787 -20.500000000000004 61.747018702328205
    endloop
  endfacet
  facet normal 0 1 0
    outer loop
      vertex 16.72448869794607 -20.500000000000004 62.13802444934845
      vertex 16.758390717208385 -20.500000000000004 62.22520335018635
      vertex 17.858999386429787 -20.500000000000004 61.747018702328205
    endloop
  endfacet
  facet normal 0 1 0
    outer loop
      vertex 16.758390717208385 -20.500000000000004 62.22520335018635
      vertex 16.830222196877003 -20.500000000000004 62.36477067321539
      vertex 17.858999386429787 -20.500000000000004 61.747018702328205
    endloop
  endfacet
  facet normal 0 1 0
    outer loop
      vertex 16.830222196877003 -20.500000000000004 62.36477067321539
      vertex 17.006064534187317 -20.500000000000004 62.65761083364487
      vertex 18.0348417237401 -20.500000000000004 62.03985886275768
    endloop
  endfacet
  facet normal 0 1 0
    outer loop
      vertex 16.830222196877003 -20.500000000000004 62.36477067321539
      vertex 18.0348417237401 -20.500000000000004 62.03985886275768
      vertex 17.858999386429787 -20.500000000000004 61.747018702328205
    endloop
  endfacet
  facet normal 0 1 0
    outer loop
      vertex 17.006064534187317 -20.500000000000004 62.65761083364487
      vertex 17.052780121564865 -20.500000000000004 62.72946382313967
      vertex 18.0348417237401 -20.500000000000004 62.03985886275768
    endloop
  endfacet
  facet normal 0 1 0
    outer loop
      vertex 17.052780121564865 -20.500000000000004 62.72946382313967
      vertex 17.15119330585003 -20.500000000000004 62.851748920977116
      vertex 18.0348417237401 -20.500000000000004 62.03985886275768
    endloop
  endfacet
  facet normal 0 1 0
    outer loop
      vertex 17.15119330585003 -20.500000000000004 62.851748920977116
      vertex 17.389652118086815 -20.500000000000004 63.111283756792545
      vertex 18.273300535976887 -20.500000000000004 62.29939369857311
    endloop
  endfacet
  facet normal 0 1 0
    outer loop
      vertex 17.15119330585003 -20.500000000000004 62.851748920977116
      vertex 18.273300535976887 -20.500000000000004 62.29939369857311
      vertex 18.0348417237401 -20.500000000000004 62.03985886275768
    endloop
  endfacet
  facet normal 0 1 0
    outer loop
      vertex 17.389652118086815 -20.500000000000004 63.111283756792545
      vertex 17.435004130005836 -20.500000000000004 63.15803164988756
      vertex 18.273300535976887 -20.500000000000004 62.29939369857311
    endloop
  endfacet
  facet normal 0 1 0
    outer loop
      vertex 17.435004130005836 -20.500000000000004 63.15803164988756
      vertex 17.554250612854958 -20.500000000000004 63.26010552793741
      vertex 18.273300535976887 -20.500000000000004 62.29939369857311
    endloop
  endfacet
  facet normal 0 1 0
    outer loop
      vertex 18.273300535976887 -20.500000000000004 62.29939369857311
      vertex 17.85271328687668 -20.500000000000004 63.4834915176034
      vertex 18.571763209998608 -20.500000000000004 62.5227796882391
    endloop
  endfacet
  facet normal 0 1 0
    outer loop
      vertex 17.554250612854958 -20.500000000000004 63.26010552793741
      vertex 17.85271328687668 -20.500000000000004 63.4834915176034
      vertex 18.273300535976887 -20.500000000000004 62.29939369857311
    endloop
  endfacet
  facet normal 0 1 0
    outer loop
      vertex 17.85271328687668 -20.500000000000004 63.4834915176034
      vertex 17.883719615638256 -20.500000000000004 63.505935840308666
      vertex 18.571763209998608 -20.500000000000004 62.5227796882391
    endloop
  endfacet
  facet normal 0 1 0
    outer loop
      vertex 17.883719615638256 -20.500000000000004 63.505935840308666
      vertex 18.017933554947376 -20.500000000000004 63.587332509458065
      vertex 18.571763209998608 -20.500000000000004 62.5227796882391
    endloop
  endfacet
  facet normal 0 1 0
    outer loop
      vertex 18.017933554947376 -20.500000000000004 63.587332509458065
      vertex 18.926959730684757 -20.500000000000004 62.70756936073303
      vertex 18.571763209998608 -20.500000000000004 62.5227796882391
    endloop
  endfacet
  facet normal 0 1 0
    outer loop
      vertex 18.017933554947376 -20.500000000000004 63.587332509458065
      vertex 18.373130075633526 -20.500000000000004 63.772122181952
      vertex 18.926959730684757 -20.500000000000004 62.70756936073303
    endloop
  endfacet
  facet normal 0 1 0
    outer loop
      vertex 18.38292895257473 -20.500000000000004 63.77716297656298
      vertex 18.926959730684757 -20.500000000000004 62.70756936073303
      vertex 18.373130075633526 -20.500000000000004 63.772122181952
    endloop
  endfacet
  facet normal 0 1 0
    outer loop
      vertex 18.38292895257473 -20.500000000000004 63.77716297656298
      vertex 18.527193188667297 -20.500000000000004 63.83902272582054
      vertex 18.926959730684757 -20.500000000000004 62.70756936073303
    endloop
  endfacet
  facet normal 0 1 0
    outer loop
      vertex 18.926959730684757 -20.500000000000004 62.70756936073303
      vertex 18.527193188667297 -20.500000000000004 63.83902272582054
      vertex 18.93523194640875 -20.500000000000004 63.98319149762392
    endloop
  endfacet
  facet normal 0 1 0
    outer loop
      vertex 18.926959730684757 -20.500000000000004 62.70756936073303
      vertex 18.93523194640875 -20.500000000000004 63.98319149762392
      vertex 19.33499848842621 -20.500000000000004 62.85173813253641
    endloop
  endfacet
  facet normal 0 1 0
    outer loop
      vertex 19.33499848842621 -20.500000000000004 62.85173813253641
      vertex 18.93523194640875 -20.500000000000004 63.98319149762392
      vertex 19.073352441191673 -20.500000000000004 64.02286636829376
    endloop
  endfacet
  facet normal 0 1 0
    outer loop
      vertex 19.33499848842621 -20.500000000000004 62.85173813253641
      vertex 19.529762879014015 -20.500000000000004 64.1248346939683
      vertex 19.79140892624855 -20.500000000000004 62.953706458210945
    endloop
  endfacet
  facet normal 0 1 0
    outer loop
      vertex 19.33499848842621 -20.500000000000004 62.85173813253641
      vertex 19.073352441191673 -20.500000000000004 64.02286636829376
      vertex 19.529762879014015 -20.500000000000004 64.1248346939683
    endloop
  endfacet
  facet normal 0 1 0
    outer loop
      vertex 19.79140892624855 -20.500000000000004 62.953706458210945
      vertex 19.65154556185007 -20.500000000000004 64.1455278545618
      vertex 20.291190519928932 -20.500000000000004 63.012357138097286
    endloop
  endfacet
  facet normal 0 1 0
    outer loop
      vertex 19.79140892624855 -20.500000000000004 62.953706458210945
      vertex 19.529762879014015 -20.500000000000004 64.1248346939683
      vertex 19.65154556185007 -20.500000000000004 64.1455278545618
    endloop
  endfacet
  facet normal 0 1 0
    outer loop
      vertex 23.08599317073822 -20.500000000000004 54.470414504408836
      vertex 23.62846310010019 -20.500000000000004 52.81
      vertex 22.12735240960548 -20.500000000000004 52.81
    endloop
  endfacet
  facet normal 0 1 0
    outer loop
      vertex 21.23278097808361 -20.500000000000004 55.283865474164486
      vertex 21.176820300519466 -20.500000000000004 55.31363844126463
      vertex 21.76823763549328 -20.500000000000004 56.35777709633112
    endloop
  endfacet
  facet normal 0 1 0
    outer loop
      vertex 19.976228445768356 -20.500000000000004 56.03694233298302
      vertex 19.920246705412865 -20.500000000000004 56.07505574077368
      vertex 20.623295679688454 -20.500000000000004 57.047538198530674
    endloop
  endfacet
  facet normal 0 1 0
    outer loop
      vertex 19.976228445768356 -20.500000000000004 56.03694233298302
      vertex 21.181697227060795 -20.500000000000004 56.690003246068954
      vertex 20.534629993140697 -20.500000000000004 55.6794073805213
    endloop
  endfacet
  facet normal 0 1 0
    outer loop
      vertex 20.534629993140697 -20.500000000000004 55.6794073805213
      vertex 21.181697227060795 -20.500000000000004 56.690003246068954
      vertex 20.590279892086983 -20.500000000000004 55.645864591002464
    endloop
  endfacet
  facet normal 0 1 0
    outer loop
      vertex 19.976228445768356 -20.500000000000004 56.03694233298302
      vertex 20.623295679688454 -20.500000000000004 57.047538198530674
      vertex 21.181697227060795 -20.500000000000004 56.690003246068954
    endloop
  endfacet
  facet normal 0 1 0
    outer loop
      vertex 19.396101981401443 -20.500000000000004 56.45398227870464
      vertex 20.099150955677032 -20.500000000000004 57.42646473646164
      vertex 20.623295679688454 -20.500000000000004 57.047538198530674
    endloop
  endfacet
  facet normal 0 1 0
    outer loop
      vertex 20.590279892086983 -20.500000000000004 55.645864591002464
      vertex 21.181697227060795 -20.500000000000004 56.690003246068954
      vertex 21.176820300519466 -20.500000000000004 55.31363844126463
    endloop
  endfacet
  facet normal 0 1 0
    outer loop
      vertex 21.176820300519466 -20.500000000000004 55.31363844126463
      vertex 21.181697227060795 -20.500000000000004 56.690003246068954
      vertex 21.76823763549328 -20.500000000000004 56.35777709633112
    endloop
  endfacet
  facet normal 0 1 0
    outer loop
      vertex 21.23278097808361 -20.500000000000004 55.283865474164486
      vertex 22.376490652561188 -20.500000000000004 56.05449969321489
      vertex 21.84103399515152 -20.500000000000004 54.98058807104826
    endloop
  endfacet
  facet normal 0 1 0
    outer loop
      vertex 21.84103399515152 -20.500000000000004 54.98058807104826
      vertex 22.376490652561188 -20.500000000000004 56.05449969321489
      vertex 21.898011527955532 -20.500000000000004 54.954019010066986
    endloop
  endfacet
  facet normal 0 1 0
    outer loop
      vertex 21.898011527955532 -20.500000000000004 54.954019010066986
      vertex 22.376490652561188 -20.500000000000004 56.05449969321489
      vertex 22.52131299674511 -20.500000000000004 54.68301312625408
    endloop
  endfacet
  facet normal 0 1 0
    outer loop
      vertex 22.52131299674511 -20.500000000000004 54.68301312625408
      vertex 22.999792121350765 -20.500000000000004 55.78349380940199
      vertex 22.58009123057127 -20.500000000000004 54.659282460808754
    endloop
  endfacet
  facet normal 0 1 0
    outer loop
      vertex 22.52131299674511 -20.500000000000004 54.68301312625408
      vertex 22.376490652561188 -20.500000000000004 56.05449969321489
      vertex 22.999792121350765 -20.500000000000004 55.78349380940199
    endloop
  endfacet
  facet normal 0 1 0
    outer loop
      vertex 23.08599317073822 -20.500000000000004 54.470414504408836
      vertex 22.58009123057127 -20.500000000000004 54.659282460808754
      vertex 22.999792121350765 -20.500000000000004 55.78349380940199
    endloop
  endfacet
  facet normal 0 1 0
    outer loop
      vertex 21.23278097808361 -20.500000000000004 55.283865474164486
      vertex 21.76823763549328 -20.500000000000004 56.35777709633112
      vertex 22.376490652561188 -20.500000000000004 56.05449969321489
    endloop
  endfacet
  facet normal 0 1 0
    outer loop
      vertex 23.08599317073822 -20.500000000000004 54.470414504408836
      vertex 24.365603990852833 -20.500000000000004 54.086765475571156
      vertex 23.62846310010019 -20.500000000000004 52.81
    endloop
  endfacet
  facet normal 0 1 0
    outer loop
      vertex 23.08599317073822 -20.500000000000004 54.470414504408836
      vertex 22.999792121350765 -20.500000000000004 55.78349380940199
      vertex 23.631313025951385 -20.500000000000004 55.54772863537073
    endloop
  endfacet
  facet normal 0 1 0
    outer loop
      vertex 23.08599317073822 -20.500000000000004 54.470414504408836
      vertex 23.631313025951385 -20.500000000000004 55.54772863537073
      vertex 24.264134287834167 -20.500000000000004 55.34978727251291
    endloop
  endfacet
  facet normal 0 1 0
    outer loop
      vertex 23.08599317073822 -20.500000000000004 54.470414504408836
      vertex 24.264134287834167 -20.500000000000004 55.34978727251291
      vertex 24.89132258296013 -20.500000000000004 55.19183840602636
    endloop
  endfacet
  facet normal 0 1 0
    outer loop
      vertex 23.08599317073822 -20.500000000000004 54.470414504408836
      vertex 24.89132258296013 -20.500000000000004 55.19183840602636
      vertex 25.506006315350533 -20.500000000000004 55.07561255246401
    endloop
  endfacet
  facet normal 0 1 0
    outer loop
      vertex 23.08599317073822 -20.500000000000004 54.470414504408836
      vertex 25.506006315350533 -20.500000000000004 55.07561255246401
      vertex 26.101450875401497 -20.500000000000004 55.00238311290741
    endloop
  endfacet
  facet normal 0 1 0
    outer loop
      vertex 23.08599317073822 -20.500000000000004 54.470414504408836
      vertex 26.101450875401497 -20.500000000000004 55.00238311290741
      vertex 26.671132445335388 -20.500000000000004 54.97295239567757
    endloop
  endfacet
  facet normal 0 1 0
    outer loop
      vertex 23.08599317073822 -20.500000000000004 54.470414504408836
      vertex 29.616280384361744 -20.500000000000004 54.494064159691334
      vertex 24.365603990852833 -20.500000000000004 54.086765475571156
    endloop
  endfacet
  facet normal 0 1 0
    outer loop
      vertex 24.365603990852833 -20.500000000000004 54.086765475571156
      vertex 29.616280384361744 -20.500000000000004 54.494064159691334
      vertex 24.59826897084713 -20.500000000000004 54.028171963989735
    endloop
  endfacet
  facet normal 0 1 0
    outer loop
      vertex 23.08599317073822 -20.500000000000004 54.470414504408836
      vertex 26.671132445335388 -20.500000000000004 54.97295239567757
      vertex 27.208809480071068 -20.500000000000004 54.987642861902714
    endloop
  endfacet
  facet normal 0 1 0
    outer loop
      vertex 19.65154556185007 -20.500000000000004 64.1455278545618
      vertex 20.151327155530453 -20.500000000000004 64.20417853444815
      vertex 20.291190519928932 -20.500000000000004 63.012357138097286
    endloop
  endfacet
  facet normal 0 1 0
    outer loop
      vertex 20.291190519928932 -20.500000000000004 63.012357138097286
      vertex 20.151327155530453 -20.500000000000004 64.20417853444815
      vertex 20.25841622799635 -20.500000000000004 64.21190948784351
    endloop
  endfacet
  facet normal 0 1 0
    outer loop
      vertex 20.291190519928932 -20.500000000000004 63.012357138097286
      vertex 20.25841622799635 -20.500000000000004 64.21190948784351
      vertex 20.79609326273203 -20.500000000000004 64.22659995406866
    endloop
  endfacet
  facet normal 0 1 0
    outer loop
      vertex 20.291190519928932 -20.500000000000004 63.012357138097286
      vertex 20.79609326273203 -20.500000000000004 64.22659995406866
      vertex 20.828867554664612 -20.500000000000004 63.02704760432243
    endloop
  endfacet
  facet normal 0 1 0
    outer loop
      vertex 20.828867554664612 -20.500000000000004 63.02704760432243
      vertex 20.79609326273203 -20.500000000000004 64.22659995406866
      vertex 20.89077902585268 -20.500000000000004 64.22544944286346
    endloop
  endfacet
  facet normal 0 1 0
    outer loop
      vertex 20.828867554664612 -20.500000000000004 63.02704760432243
      vertex 20.89077902585268 -20.500000000000004 64.22544944286346
      vertex 21.46046059578657 -20.500000000000004 64.19601872563362
    endloop
  endfacet
  facet normal 0 1 0
    outer loop
      vertex 20.828867554664612 -20.500000000000004 63.02704760432243
      vertex 21.46046059578657 -20.500000000000004 64.19601872563362
      vertex 21.398549124598503 -20.500000000000004 62.99761688709259
    endloop
  endfacet
  facet normal 0 1 0
    outer loop
      vertex 21.398549124598503 -20.500000000000004 62.99761688709259
      vertex 21.46046059578657 -20.500000000000004 64.19601872563362
      vertex 21.545024938881397 -20.500000000000004 64.18864368647337
    endloop
  endfacet
  facet normal 0 1 0
    outer loop
      vertex 18.255160972476006 -20.500000000000004 66
      vertex 23.64462522417307 -20.500000000000004 66
      vertex 18.34135154634714 -20.500000000000004 65.98865279555321
    endloop
  endfacet
  facet normal 0 1 0
    outer loop
      vertex 18.34135154634714 -20.500000000000004 65.98865279555321
      vertex 23.64462522417307 -20.500000000000004 66
      vertex 19.852208122611046 -20.500000000000004 65.70863208174706
    endloop
  endfacet
  facet normal 0 1 0
    outer loop
      vertex 21.398549124598503 -20.500000000000004 62.99761688709259
      vertex 21.545024938881397 -20.500000000000004 64.18864368647337
      vertex 21.993993684649467 -20.500000000000004 62.92438744753599
    endloop
  endfacet
  facet normal 0 1 0
    outer loop
      vertex 21.545024938881397 -20.500000000000004 64.18864368647337
      vertex 22.14046949893236 -20.500000000000004 64.11541424691677
      vertex 21.993993684649467 -20.500000000000004 62.92438744753599
    endloop
  endfacet
  facet normal 0 1 0
    outer loop
      vertex 21.993993684649467 -20.500000000000004 62.92438744753599
      vertex 22.14046949893236 -20.500000000000004 64.11541424691677
      vertex 22.216942079365253 -20.500000000000004 64.10349474102259
    endloop
  endfacet
  facet normal 0 1 0
    outer loop
      vertex 21.993993684649467 -20.500000000000004 62.92438744753599
      vertex 22.831625811755657 -20.500000000000004 63.98726888746023
      vertex 22.60867741703987 -20.500000000000004 62.80816159397364
    endloop
  endfacet
  facet normal 0 1 0
    outer loop
      vertex 21.993993684649467 -20.500000000000004 62.92438744753599
      vertex 22.216942079365253 -20.500000000000004 64.10349474102259
      vertex 22.831625811755657 -20.500000000000004 63.98726888746023
    endloop
  endfacet
  facet normal 0 1 0
    outer loop
      vertex 22.60867741703987 -20.500000000000004 62.80816159397364
      vertex 23.52891932427883 -20.500000000000004 63.813879169523716
      vertex 23.235865712165833 -20.500000000000004 62.65021272748709
    endloop
  endfacet
  facet normal 0 1 0
    outer loop
      vertex 22.60867741703987 -20.500000000000004 62.80816159397364
      vertex 22.831625811755657 -20.500000000000004 63.98726888746023
      vertex 22.90173102915287 -20.500000000000004 63.971828036010265
    endloop
  endfacet
  facet normal 0 1 0
    outer loop
      vertex 22.60867741703987 -20.500000000000004 62.80816159397364
      vertex 22.90173102915287 -20.500000000000004 63.971828036010265
      vertex 23.52891932427883 -20.500000000000004 63.813879169523716
    endloop
  endfacet
  facet normal 0 1 0
    outer loop
      vertex 19.852208122611046 -20.500000000000004 65.70863208174706
      vertex 23.64462522417307 -20.500000000000004 66
      vertex 21.346338972449303 -20.500000000000004 65.34992299973965
    endloop
  endfacet
  facet normal 0 1 0
    outer loop
      vertex 21.346338972449303 -20.500000000000004 65.34992299973965
      vertex 23.64462522417307 -20.500000000000004 66
      vertex 22.819648787379265 -20.500000000000004 64.9135087504983
    endloop
  endfacet
  facet normal 0 1 0
    outer loop
      vertex 23.235865712165833 -20.500000000000004 62.65021272748709
      vertex 24.226921513676643 -20.500000000000004 63.59755212068558
      vertex 23.868686974048615 -20.500000000000004 62.45227136462927
    endloop
  endfacet
  facet normal 0 1 0
    outer loop
      vertex 23.235865712165833 -20.500000000000004 62.65021272748709
      vertex 23.52891932427883 -20.500000000000004 63.813879169523716
      vertex 23.59410025179386 -20.500000000000004 63.795493483543396
    endloop
  endfacet
  facet normal 0 1 0
    outer loop
      vertex 23.235865712165833 -20.500000000000004 62.65021272748709
      vertex 23.59410025179386 -20.500000000000004 63.795493483543396
      vertex 24.226921513676643 -20.500000000000004 63.59755212068558
    endloop
  endfacet
  facet normal 0 1 0
    outer loop
      vertex 23.868686974048615 -20.500000000000004 62.45227136462927
      vertex 24.28838786482811 -20.500000000000004 63.576482713222504
      vertex 24.500207878649235 -20.500000000000004 62.21650619059801
    endloop
  endfacet
  facet normal 0 1 0
    outer loop
      vertex 23.868686974048615 -20.500000000000004 62.45227136462927
      vertex 24.226921513676643 -20.500000000000004 63.59755212068558
      vertex 24.28838786482811 -20.500000000000004 63.576482713222504
    endloop
  endfacet
  facet normal 0 1 0
    outer loop
      vertex 24.500207878649235 -20.500000000000004 62.21650619059801
      vertex 24.28838786482811 -20.500000000000004 63.576482713222504
      vertex 24.91990876942873 -20.500000000000004 63.340717539191246
    endloop
  endfacet
  facet normal 0 1 0
    outer loop
      vertex 22.819648787379265 -20.500000000000004 64.9135087504983
      vertex 23.64462522417307 -20.500000000000004 66
      vertex 24.268099315464497 -20.500000000000004 64.40058551728725
    endloop
  endfacet
  facet normal 0 1 0
    outer loop
      vertex 23.64462522417307 -20.500000000000004 66
      vertex 24.733977653086185 -20.500000000000004 65.6142400726676
      vertex 24.268099315464497 -20.500000000000004 64.40058551728725
    endloop
  endfacet
  facet normal 0 1 0
    outer loop
      vertex 24.500207878649235 -20.500000000000004 62.21650619059801
      vertex 24.97868700325489 -20.500000000000004 63.31698687374592
      vertex 25.123509347438812 -20.500000000000004 61.94550030678511
    endloop
  endfacet
  facet normal 0 1 0
    outer loop
      vertex 25.123509347438812 -20.500000000000004 61.94550030678511
      vertex 24.97868700325489 -20.500000000000004 63.31698687374592
      vertex 25.601988472044468 -20.500000000000004 63.045980989933014
    endloop
  endfacet
  facet normal 0 1 0
    outer loop
      vertex 25.123509347438812 -20.500000000000004 61.94550030678511
      vertex 25.601988472044468 -20.500000000000004 63.045980989933014
      vertex 25.65896600484848 -20.500000000000004 63.01941192895174
    endloop
  endfacet
  facet normal 0 1 0
    outer loop
      vertex 24.500207878649235 -20.500000000000004 62.21650619059801
      vertex 24.91990876942873 -20.500000000000004 63.340717539191246
      vertex 24.97868700325489 -20.500000000000004 63.31698687374592
    endloop
  endfacet
  facet normal 0 1 0
    outer loop
      vertex 25.73176236450672 -20.500000000000004 61.64222290366888
      vertex 25.123509347438812 -20.500000000000004 61.94550030678511
      vertex 26.26721902191639 -20.500000000000004 62.716134525835514
    endloop
  endfacet
  facet normal 0 1 0
    outer loop
      vertex 25.123509347438812 -20.500000000000004 61.94550030678511
      vertex 25.65896600484848 -20.500000000000004 63.01941192895174
      vertex 26.26721902191639 -20.500000000000004 62.716134525835514
    endloop
  endfacet
  facet normal 0 1 0
    outer loop
      vertex 25.73176236450672 -20.500000000000004 61.64222290366888
      vertex 26.323179699480534 -20.500000000000004 62.68636155873537
      vertex 26.318302772939205 -20.500000000000004 61.309996753931046
    endloop
  endfacet
  facet normal 0 1 0
    outer loop
      vertex 25.73176236450672 -20.500000000000004 61.64222290366888
      vertex 26.26721902191639 -20.500000000000004 62.716134525835514
      vertex 26.323179699480534 -20.500000000000004 62.68636155873537
    endloop
  endfacet
  facet normal 0 1 0
    outer loop
      vertex 24.268099315464497 -20.500000000000004 64.40058551728725
      vertex 24.733977653086185 -20.500000000000004 65.6142400726676
      vertex 25.687720477581024 -20.500000000000004 63.81255917996168
    endloop
  endfacet
  facet normal 0 1 0
    outer loop
      vertex 25.687720477581024 -20.500000000000004 63.81255917996168
      vertex 24.733977653086185 -20.500000000000004 65.6142400726676
      vertex 26.21647810935974 -20.500000000000004 65.00016827881336
    endloop
  endfacet
  facet normal 1 0 0
    outer loop
      vertex 14.399999998509884 -20.500000000000004 58.332979150116444
      vertex 14.399999998509884 -21.300000000000004 58.332979150116444
      vertex 14.399999998509884 -20.500000000000004 52.81
    endloop
  endfacet
  facet normal -0.7318609541492263 0 -0.6814539924248622
    outer loop
      vertex 18.297931164503098 -20.500000000000004 57.413952484726906
      vertex 18.297931164503098 -21.300000000000004 57.413952484726906
      vertex 17.90920167416334 -20.500000000000004 57.831436187028885
    endloop
  endfacet
  facet normal -0.7073007752329138 0 -0.7069127339034988
    outer loop
      vertex 18.297931164503098 -20.500000000000004 57.413952484726906
      vertex 18.357937686145306 -20.500000000000004 57.35391302406788
      vertex 18.357937686145306 -21.300000000000004 57.35391302406788
    endloop
  endfacet
  facet normal -0.6332834388717836 0 -0.7739199480894182
    outer loop
      vertex 18.85506557673216 -20.500000000000004 56.893927313387394
      vertex 19.339210830628872 -20.500000000000004 56.49776079505682
      vertex 19.339210830628872 -21.300000000000004 56.49776079505682
    endloop
  endfacet
  facet normal -0.6818555181547918 0 -0.7314868777783101
    outer loop
      vertex 18.357937686145306 -20.500000000000004 57.35391302406788
      vertex 18.796779081225395 -20.500000000000004 56.944847002625465
      vertex 18.796779081225395 -21.300000000000004 56.944847002625465
    endloop
  endfacet
  facet normal -0.6579116994328547 0 -0.7530950774964428
    outer loop
      vertex 18.796779081225395 -20.500000000000004 56.944847002625465
      vertex 18.85506557673216 -20.500000000000004 56.893927313387394
      vertex 18.85506557673216 -21.300000000000004 56.893927313387394
    endloop
  endfacet
  facet normal -0.6098515912023507 0 -0.7925156381472614
    outer loop
      vertex 19.396101981401443 -20.500000000000004 56.45398227870464
      vertex 19.396101981401443 -21.300000000000004 56.45398227870464
      vertex 19.339210830628872 -20.500000000000004 56.49776079505682
    endloop
  endfacet
  facet normal -0.5858741474286943 0 -0.8104020504507009
    outer loop
      vertex 19.396101981401443 -20.500000000000004 56.45398227870464
      vertex 19.920246705412865 -20.500000000000004 56.07505574077368
      vertex 19.920246705412865 -21.300000000000004 56.07505574077368
    endloop
  endfacet
  facet normal -0.5627726182610427 0 -0.8266117469136346
    outer loop
      vertex 19.976228445768356 -20.500000000000004 56.03694233298302
      vertex 19.976228445768356 -21.300000000000004 56.03694233298302
      vertex 19.920246705412865 -20.500000000000004 56.07505574077368
    endloop
  endfacet
  facet normal 0.6332834388717836 0 0.7739199480894182
    outer loop
      vertex 19.61500570178032 -20.500000000000004 57.82263125479221
      vertex 19.61500570178032 -21.300000000000004 57.82263125479221
      vertex 20.099150955677032 -20.500000000000004 57.42646473646164
    endloop
  endfacet
  facet normal -0.026176949074077593 0 -0.9996573249554934
    outer loop
      vertex 14.399999998509884 -20.500000000000004 58.332979150116444
      vertex 14.867372669279575 -20.500000000000004 58.320740565657616
      vertex 14.867372669279575 -21.300000000000004 58.320740565657616
    endloop
  endfacet
  facet normal 0.026176935786086757 0 0.9996573253034517
    outer loop
      vertex 14.399999998509884 -20.500000000000004 59.63297914713621
      vertex 14.935409411787987 -21.300000000000004 59.618958964943886
      vertex 14.935409411787987 -20.500000000000004 59.618958964943886
    endloop
  endfacet
  facet normal 1 0 0
    outer loop
      vertex 14.399999998509884 -20.500000000000004 59.63297914713621
      vertex 14.399999998509884 -20.500000000000004 66
      vertex 14.399999998509884 -21.300000000000004 59.63297914713621
    endloop
  endfacet
  facet normal -0.07845909714378427 0 -0.9969173336216911
    outer loop
      vertex 14.867372669279575 -20.500000000000004 58.320740565657616
      vertex 15.981682687997818 -20.500000000000004 58.23304246366024
      vertex 15.981682687997818 -21.300000000000004 58.23304246366024
    endloop
  endfacet
  facet normal 0.0784591004148048 0 0.9969173333642563
    outer loop
      vertex 14.935409411787987 -20.500000000000004 59.618958964943886
      vertex 16.11756969243288 -21.300000000000004 59.52592092752457
      vertex 16.11756969243288 -20.500000000000004 59.52592092752457
    endloop
  endfacet
  facet normal -0.13052618767966898 0 -0.9914448619715631
    outer loop
      vertex 15.981682687997818 -20.500000000000004 58.23304246366024
      vertex 17.08987583220005 -20.500000000000004 58.08714607357979
      vertex 17.08987583220005 -21.300000000000004 58.08714607357979
    endloop
  endfacet
  facet normal 0.13052620052778743 0 0.9914448602800763
    outer loop
      vertex 16.11756969243288 -20.500000000000004 59.52592092752457
      vertex 16.86332816630602 -21.300000000000004 59.42773995548487
      vertex 16.86332816630602 -20.500000000000004 59.42773995548487
    endloop
  endfacet
  facet normal -0.9137343514742721 0 -0.40631211517242655
    outer loop
      vertex 16.837780609726906 -20.500000000000004 59.48519253730774
      vertex 16.86332816630602 -20.500000000000004 59.42773995548487
      vertex 16.837780609726906 -21.300000000000004 59.48519253730774
    endloop
  endfacet
  facet normal -0.9364237766021044 0 -0.35087107406318385
    outer loop
      vertex 16.837780609726906 -20.500000000000004 59.48519253730774
      vertex 16.68593803048134 -21.300000000000004 59.89043825864792
      vertex 16.68593803048134 -20.500000000000004 59.89043825864792
    endloop
  endfacet
  facet normal -0.9599791925418193 0 -0.2800713299978357
    outer loop
      vertex 16.638156943023205 -20.500000000000004 60.05146033316851
      vertex 16.68211904168129 -20.500000000000004 59.90077479183674
      vertex 16.638156943023205 -21.300000000000004 60.05146033316851
    endloop
  endfacet
  facet normal -0.9762413497006317 0 -0.21668601047296218
    outer loop
      vertex 16.638156943023205 -20.500000000000004 60.05146033316851
      vertex 16.551398128271103 -21.300000000000004 60.44233717024326
      vertex 16.551398128271103 -20.500000000000004 60.44233717024326
    endloop
  endfacet
  facet normal -0.9380250157458948 0 -0.3465675545040442
    outer loop
      vertex 16.68211904168129 -20.500000000000004 59.90077479183674
      vertex 16.68593803048134 -20.500000000000004 59.89043825864792
      vertex 16.68211904168129 -21.300000000000004 59.90077479183674
    endloop
  endfacet
  facet normal -0.9926800073654026 0 -0.12077418174851776
    outer loop
      vertex 16.54370103776455 -20.500000000000004 60.479832388460636
      vertex 16.524743415415287 -21.300000000000004 60.635650895535946
      vertex 16.524743415415287 -20.500000000000004 60.635650895535946
    endloop
  endfacet
  facet normal -0.9795730493774817 0 -0.20108863949338832
    outer loop
      vertex 16.551398128271103 -20.500000000000004 60.44233717024326
      vertex 16.54370103776455 -21.300000000000004 60.479832388460636
      vertex 16.54370103776455 -20.500000000000004 60.479832388460636
    endloop
  endfacet
  facet normal -0.9984536114570649 0 -0.05559123823359535
    outer loop
      vertex 16.524743415415287 -20.500000000000004 60.635650895535946
      vertex 16.504018895328045 -21.300000000000004 61.00787631422281
      vertex 16.504018895328045 -20.500000000000004 61.00787631422281
    endloop
  endfacet
  facet normal -0.9995945203217983 0 -0.02847446123518675
    outer loop
      vertex 16.504018895328045 -20.500000000000004 61.00787631422281
      vertex 16.50216429680586 -21.300000000000004 61.07298190146685
      vertex 16.50216429680586 -20.500000000000004 61.07298190146685
    endloop
  endfacet
  facet normal -0.9979454477569946 0 0.06406936320185903
    outer loop
      vertex 16.50216429680586 -20.500000000000004 61.07298190146685
      vertex 16.512221105396748 -21.300000000000004 61.229626916348934
      vertex 16.512221105396748 -20.500000000000004 61.229626916348934
    endloop
  endfacet
  facet normal -0.9916184351874456 0 0.1292009249053652
    outer loop
      vertex 16.512221105396748 -20.500000000000004 61.229626916348934
      vertex 16.5577579587698 -21.300000000000004 61.57912273705006
      vertex 16.5577579587698 -20.500000000000004 61.57912273705006
    endloop
  endfacet
  facet normal -0.9863722052900904 0 0.1645292455193424
    outer loop
      vertex 16.5577579587698 -20.500000000000004 61.57912273705006
      vertex 16.571858793497086 -21.300000000000004 61.663658902049065
      vertex 16.571858793497086 -20.500000000000004 61.663658902049065
    endloop
  endfacet
  facet normal -0.9647121738037422 0 0.2633067065512351
    outer loop
      vertex 16.571858793497086 -20.500000000000004 61.663658902049065
      vertex 16.61318939179182 -21.300000000000004 61.815087370574474
      vertex 16.61318939179182 -20.500000000000004 61.815087370574474
    endloop
  endfacet
  facet normal 0 0 1
    outer loop
      vertex 13.100000008940697 -20.500000000000004 66
      vertex 14.399999998509884 -21.300000000000004 66
      vertex 14.399999998509884 -20.500000000000004 66
    endloop
  endfacet
  facet normal -0.945425575902298 0 0.32583811997648143
    outer loop
      vertex 16.61318939179182 -20.500000000000004 61.815087370574474
      vertex 16.72448869794607 -21.300000000000004 62.13802444934845
      vertex 16.72448869794607 -20.500000000000004 62.13802444934845
    endloop
  endfacet
  facet normal -0.9320078733991758 0 0.36243802769845485
    outer loop
      vertex 16.72448869794607 -20.500000000000004 62.13802444934845
      vertex 16.758390717208385 -21.300000000000004 62.22520335018635
      vertex 16.758390717208385 -20.500000000000004 62.22520335018635
    endloop
  endfacet
  facet normal -0.889147844786622 0 0.45762004994460775
    outer loop
      vertex 16.758390717208385 -20.500000000000004 62.22520335018635
      vertex 16.830222196877003 -21.300000000000004 62.36477067321539
      vertex 16.830222196877003 -20.500000000000004 62.36477067321539
    endloop
  endfacet
  facet normal -0.1822355376542979 0 -0.9832549053098333
    outer loop
      vertex 17.08987583220005 -20.500000000000004 58.08714607357979
      vertex 17.806977599859238 -20.500000000000004 57.9542391076684
      vertex 17.806977599859238 -21.300000000000004 57.9542391076684
    endloop
  endfacet
  facet normal -0.783314350650051 0 -0.6216257942409479
    outer loop
      vertex 17.847457505762577 -20.500000000000004 57.903230138123035
      vertex 17.847457505762577 -21.300000000000004 57.903230138123035
      vertex 17.806977599859238 -20.500000000000004 57.9542391076684
    endloop
  endfacet
  facet normal -0.7581780414462617 0 -0.6520475883466719
    outer loop
      vertex 17.847457505762577 -20.500000000000004 57.903230138123035
      vertex 17.90920167416334 -20.500000000000004 57.831436187028885
      vertex 17.90920167416334 -21.300000000000004 57.831436187028885
    endloop
  endfacet
  facet normal 0.8877659289621479 0 0.4602951828707036
    outer loop
      vertex 18.176751844584942 -20.500000000000004 59.49106317013502
      vertex 17.961489140987396 -20.500000000000004 59.906237825751305
      vertex 17.961489140987396 -21.300000000000004 59.906237825751305
    endloop
  endfacet
  facet normal 0.8357421689398625 0 0.5491220511468231
    outer loop
      vertex 18.176751844584942 -20.500000000000004 59.49106317013502
      vertex 18.176751844584942 -21.300000000000004 59.49106317013502
      vertex 18.453076228499413 -20.500000000000004 59.07050832360983
    endloop
  endfacet
  facet normal 0.9364237766021044 0 0.35087107406318385
    outer loop
      vertex 17.80964656174183 -20.500000000000004 60.311483547091484
      vertex 17.80964656174183 -21.300000000000004 60.311483547091484
      vertex 17.961489140987396 -20.500000000000004 59.906237825751305
    endloop
  endfacet
  facet normal 0.9762413497006317 0 0.21668601047296218
    outer loop
      vertex 17.80964656174183 -20.500000000000004 60.311483547091484
      vertex 17.722887746989727 -20.500000000000004 60.70236038416624
      vertex 17.722887746989727 -21.300000000000004 60.70236038416624
    endloop
  endfacet
  facet normal 0.9984536114570649 0 0.05559123823359535
    outer loop
      vertex 17.722887746989727 -20.500000000000004 60.70236038416624
      vertex 17.702163226902485 -20.500000000000004 61.07458580285311
      vertex 17.702163226902485 -21.300000000000004 61.07458580285311
    endloop
  endfacet
  facet normal 0.9916184351874456 0 -0.1292009249053652
    outer loop
      vertex 17.702163226902485 -20.500000000000004 61.07458580285311
      vertex 17.747700080275536 -20.500000000000004 61.42408162355423
      vertex 17.747700080275536 -21.300000000000004 61.42408162355423
    endloop
  endfacet
  facet normal 0.945425575902298 0 -0.32583811997648143
    outer loop
      vertex 17.747700080275536 -20.500000000000004 61.42408162355423
      vertex 17.858999386429787 -20.500000000000004 61.747018702328205
      vertex 17.858999386429787 -21.300000000000004 61.747018702328205
    endloop
  endfacet
  facet normal 0.7318609541492263 0 0.6814539924248622
    outer loop
      vertex 18.787434816360474 -20.500000000000004 58.649180978536606
      vertex 18.787434816360474 -21.300000000000004 58.649180978536606
      vertex 19.17616430670023 -20.500000000000004 58.23169727623463
    endloop
  endfacet
  facet normal 0.783314426211995 0 0.621625699024882
    outer loop
      vertex 18.787434816360474 -20.500000000000004 58.649180978536606
      vertex 18.453076228499413 -20.500000000000004 59.07050832360983
      vertex 18.453076228499413 -21.300000000000004 59.07050832360983
    endloop
  endfacet
  facet normal 0.6818555181547918 0 0.7314868777783101
    outer loop
      vertex 19.17616430670023 -20.500000000000004 58.23169727623463
      vertex 19.17616430670023 -21.300000000000004 58.23169727623463
      vertex 19.61500570178032 -20.500000000000004 57.82263125479221
    endloop
  endfacet
  facet normal -0.8573143245023692 0 0.5147933070690083
    outer loop
      vertex 16.830222196877003 -20.500000000000004 62.36477067321539
      vertex 17.006064534187317 -21.300000000000004 62.65761083364487
      vertex 17.006064534187317 -20.500000000000004 62.65761083364487
    endloop
  endfacet
  facet normal -0.8383841946282162 0 0.5450797576479951
    outer loop
      vertex 17.006064534187317 -20.500000000000004 62.65761083364487
      vertex 17.052780121564865 -21.300000000000004 62.72946382313967
      vertex 17.052780121564865 -20.500000000000004 62.72946382313967
    endloop
  endfacet
  facet normal -0.779047178970537 0 0.6269653044132891
    outer loop
      vertex 17.052780121564865 -20.500000000000004 62.72946382313967
      vertex 17.15119330585003 -21.300000000000004 62.851748920977116
      vertex 17.15119330585003 -20.500000000000004 62.851748920977116
    endloop
  endfacet
  facet normal -0.7363736846176779 0 0.6765750487585133
    outer loop
      vertex 17.15119330585003 -20.500000000000004 62.851748920977116
      vertex 17.389652118086815 -21.300000000000004 63.111283756792545
      vertex 17.389652118086815 -20.500000000000004 63.111283756792545
    endloop
  endfacet
  facet normal -0.7177413756530313 0 0.6963097857101352
    outer loop
      vertex 17.389652118086815 -20.500000000000004 63.111283756792545
      vertex 17.435004130005836 -21.300000000000004 63.15803164988756
      vertex 17.435004130005836 -20.500000000000004 63.15803164988756
    endloop
  endfacet
  facet normal -0.6502866476099016 0 0.7596889336697458
    outer loop
      vertex 17.435004130005836 -20.500000000000004 63.15803164988756
      vertex 17.554250612854958 -21.300000000000004 63.26010552793741
      vertex 17.554250612854958 -20.500000000000004 63.26010552793741
    endloop
  endfacet
  facet normal 0.8573143245023692 0 -0.5147933070690083
    outer loop
      vertex 17.858999386429787 -20.500000000000004 61.747018702328205
      vertex 18.0348417237401 -20.500000000000004 62.03985886275768
      vertex 18.0348417237401 -21.300000000000004 62.03985886275768
    endloop
  endfacet
  facet normal 0.7363736846176779 0 -0.6765750487585133
    outer loop
      vertex 18.0348417237401 -20.500000000000004 62.03985886275768
      vertex 18.273300535976887 -20.500000000000004 62.29939369857311
      vertex 18.273300535976887 -21.300000000000004 62.29939369857311
    endloop
  endfacet
  facet normal -0.5992082669325726 0 0.8005931881047095
    outer loop
      vertex 17.554250612854958 -20.500000000000004 63.26010552793741
      vertex 17.85271328687668 -21.300000000000004 63.4834915176034
      vertex 17.85271328687668 -20.500000000000004 63.4834915176034
    endloop
  endfacet
  facet normal -0.586363508922945 0 0.8100480451205172
    outer loop
      vertex 17.85271328687668 -20.500000000000004 63.4834915176034
      vertex 17.883719615638256 -21.300000000000004 63.505935840308666
      vertex 17.883719615638256 -20.500000000000004 63.505935840308666
    endloop
  endfacet
  facet normal -0.5185574330240582 0 0.855042799312116
    outer loop
      vertex 17.883719615638256 -20.500000000000004 63.505935840308666
      vertex 18.017933554947376 -21.300000000000004 63.587332509458065
      vertex 18.017933554947376 -20.500000000000004 63.587332509458065
    endloop
  endfacet
  facet normal -0.4615247144029124 0 0.8871273516216882
    outer loop
      vertex 18.017933554947376 -20.500000000000004 63.587332509458065
      vertex 18.373130075633526 -21.300000000000004 63.772122181952
      vertex 18.373130075633526 -20.500000000000004 63.772122181952
    endloop
  endfacet
  facet normal -0.4574464876170137 0 0.8892371511395918
    outer loop
      vertex 18.38292895257473 -20.500000000000004 63.77716297656298
      vertex 18.373130075633526 -20.500000000000004 63.772122181952
      vertex 18.38292895257473 -21.300000000000004 63.77716297656298
    endloop
  endfacet
  facet normal -0.13052619366922694 0 -0.9914448611830229
    outer loop
      vertex 18.255160972476006 -20.500000000000004 66
      vertex 18.34135154634714 -20.500000000000004 65.98865279555321
      vertex 18.255160972476006 -21.300000000000004 66
    endloop
  endfacet
  facet normal 0.5992082669325726 0 -0.8005931881047095
    outer loop
      vertex 18.273300535976887 -20.500000000000004 62.29939369857311
      vertex 18.571763209998608 -20.500000000000004 62.5227796882391
      vertex 18.571763209998608 -21.300000000000004 62.5227796882391
    endloop
  endfacet
  facet normal 0.4615247144029124 0 -0.8871273516216882
    outer loop
      vertex 18.571763209998608 -20.500000000000004 62.5227796882391
      vertex 18.926959730684757 -20.500000000000004 62.70756936073303
      vertex 18.926959730684757 -21.300000000000004 62.70756936073303
    endloop
  endfacet
  facet normal 0.33313878221240095 0 -0.9428778032099592
    outer loop
      vertex 18.926959730684757 -20.500000000000004 62.70756936073303
      vertex 19.33499848842621 -20.500000000000004 62.85173813253641
      vertex 19.33499848842621 -21.300000000000004 62.85173813253641
    endloop
  endfacet
  facet normal -0.3940927027788433 0 0.9190706945695016
    outer loop
      vertex 18.38292895257473 -20.500000000000004 63.77716297656298
      vertex 18.527193188667297 -21.300000000000004 63.83902272582054
      vertex 18.527193188667297 -20.500000000000004 63.83902272582054
    endloop
  endfacet
  facet normal -0.33313878221240095 0 0.9428778032099592
    outer loop
      vertex 18.527193188667297 -20.500000000000004 63.83902272582054
      vertex 18.93523194640875 -21.300000000000004 63.98319149762392
      vertex 18.93523194640875 -20.500000000000004 63.98319149762392
    endloop
  endfacet
  facet normal 0.2180383699782946 0 -0.9759401975619245
    outer loop
      vertex 19.33499848842621 -20.500000000000004 62.85173813253641
      vertex 19.79140892624855 -20.500000000000004 62.953706458210945
      vertex 19.79140892624855 -21.300000000000004 62.953706458210945
    endloop
  endfacet
  facet normal -0.2760839267147631 0 0.9611335315187777
    outer loop
      vertex 18.93523194640875 -20.500000000000004 63.98319149762392
      vertex 19.073352441191673 -21.300000000000004 64.02286636829376
      vertex 19.073352441191673 -20.500000000000004 64.02286636829376
    endloop
  endfacet
  facet normal -0.18223552482073174 0 -0.9832549076883942
    outer loop
      vertex 18.34135154634714 -20.500000000000004 65.98865279555321
      vertex 19.852208122611046 -20.500000000000004 65.70863208174706
      vertex 18.34135154634714 -21.300000000000004 65.98865279555321
    endloop
  endfacet
  facet normal -0.2180383699782946 0 0.9759401975619245
    outer loop
      vertex 19.073352441191673 -20.500000000000004 64.02286636829376
      vertex 19.529762879014015 -21.300000000000004 64.1248346939683
      vertex 19.529762879014015 -20.500000000000004 64.1248346939683
    endloop
  endfacet
  facet normal -0.16751763638980424 0 0.985869079289118
    outer loop
      vertex 19.529762879014015 -20.500000000000004 64.1248346939683
      vertex 19.65154556185007 -21.300000000000004 64.1455278545618
      vertex 19.65154556185007 -20.500000000000004 64.1455278545618
    endloop
  endfacet
  facet normal -0.11655280367456394 0 0.9931844964333658
    outer loop
      vertex 19.65154556185007 -20.500000000000004 64.1455278545618
      vertex 20.151327155530453 -21.300000000000004 64.20417853444815
      vertex 20.151327155530453 -20.500000000000004 64.20417853444815
    endloop
  endfacet
  facet normal -0.8660254037740628 5.051011743463597e-17 0.5000000000179716
    outer loop
      vertex 23.08599317073822 -20.500000000000004 54.470414504408836
      vertex 22.12735240960548 -20.500000000000004 52.81
      vertex 22.12735240960548 -21.300000000000004 52.81
    endloop
  endfacet
  facet normal -0.5162243908889866 0 -0.856453371907248
    outer loop
      vertex 20.534629993140697 -20.500000000000004 55.6794073805213
      vertex 20.590279892086983 -20.500000000000004 55.645864591002464
      vertex 20.590279892086983 -21.300000000000004 55.645864591002464
    endloop
  endfacet
  facet normal -0.4928477799336172 0 -0.870115547392704
    outer loop
      vertex 20.590279892086983 -20.500000000000004 55.645864591002464
      vertex 21.176820300519466 -20.500000000000004 55.31363844126463
      vertex 21.176820300519466 -21.300000000000004 55.31363844126463
    endloop
  endfacet
  facet normal -0.4696947349216487 0 -0.8828288939465462
    outer loop
      vertex 21.23278097808361 -20.500000000000004 55.283865474164486
      vertex 21.23278097808361 -21.300000000000004 55.283865474164486
      vertex 21.176820300519466 -20.500000000000004 55.31363844126463
    endloop
  endfacet
  facet normal -0.5392226933850457 0 -0.842163218704413
    outer loop
      vertex 19.976228445768356 -20.500000000000004 56.03694233298302
      vertex 20.534629993140697 -20.500000000000004 55.6794073805213
      vertex 20.534629993140697 -21.300000000000004 55.6794073805213
    endloop
  endfacet
  facet normal 0.5858741474286943 0 0.8104020504507009
    outer loop
      vertex 20.099150955677032 -20.500000000000004 57.42646473646164
      vertex 20.099150955677032 -21.300000000000004 57.42646473646164
      vertex 20.623295679688454 -20.500000000000004 57.047538198530674
    endloop
  endfacet
  facet normal 0.4928477799336172 0 0.870115547392704
    outer loop
      vertex 21.181697227060795 -20.500000000000004 56.690003246068954
      vertex 21.181697227060795 -21.300000000000004 56.690003246068954
      vertex 21.76823763549328 -20.500000000000004 56.35777709633112
    endloop
  endfacet
  facet normal 0.5392226933850457 0 0.842163218704413
    outer loop
      vertex 20.623295679688454 -20.500000000000004 57.047538198530674
      vertex 20.623295679688454 -21.300000000000004 57.047538198530674
      vertex 21.181697227060795 -20.500000000000004 56.690003246068954
    endloop
  endfacet
  facet normal -0.4462138811495077 0 -0.8949263501928485
    outer loop
      vertex 21.23278097808361 -20.500000000000004 55.283865474164486
      vertex 21.84103399515152 -20.500000000000004 54.98058807104826
      vertex 21.84103399515152 -21.300000000000004 54.98058807104826
    endloop
  endfacet
  facet normal -0.4226182760079467 0 -0.9063077803837232
    outer loop
      vertex 21.84103399515152 -20.500000000000004 54.98058807104826
      vertex 21.898011527955532 -20.500000000000004 54.954019010066986
      vertex 21.898011527955532 -21.300000000000004 54.954019010066986
    endloop
  endfacet
  facet normal -0.3987326017949962 0 -0.9170672343213409
    outer loop
      vertex 21.898011527955532 -20.500000000000004 54.954019010066986
      vertex 22.52131299674511 -20.500000000000004 54.68301312625408
      vertex 22.52131299674511 -21.300000000000004 54.68301312625408
    endloop
  endfacet
  facet normal -0.3497507503212217 0 -0.9368427897196745
    outer loop
      vertex 23.08599317073822 -20.500000000000004 54.470414504408836
      vertex 23.08599317073822 -21.300000000000004 54.470414504408836
      vertex 22.58009123057127 -20.500000000000004 54.659282460808754
    endloop
  endfacet
  facet normal -0.3743721949015055 0 -0.9272785232521183
    outer loop
      vertex 22.52131299674511 -20.500000000000004 54.68301312625408
      vertex 22.58009123057127 -20.500000000000004 54.659282460808754
      vertex 22.58009123057127 -21.300000000000004 54.659282460808754
    endloop
  endfacet
  facet normal 0.4462138811495077 0 0.8949263501928485
    outer loop
      vertex 21.76823763549328 -20.500000000000004 56.35777709633112
      vertex 21.76823763549328 -21.300000000000004 56.35777709633112
      vertex 22.376490652561188 -20.500000000000004 56.05449969321489
    endloop
  endfacet
  facet normal 0.3987326017949962 0 0.9170672343213409
    outer loop
      vertex 22.376490652561188 -20.500000000000004 56.05449969321489
      vertex 22.376490652561188 -21.300000000000004 56.05449969321489
      vertex 22.999792121350765 -20.500000000000004 55.78349380940199
    endloop
  endfacet
  facet normal 0.2985287838312991 0 0.9544006314039222
    outer loop
      vertex 23.631313025951385 -20.500000000000004 55.54772863537073
      vertex 23.631313025951385 -21.300000000000004 55.54772863537073
      vertex 24.264134287834167 -20.500000000000004 55.34978727251291
    endloop
  endfacet
  facet normal 0.8660254038609164 0 -0.4999999998675367
    outer loop
      vertex 24.365603990852833 -20.500000000000004 54.086765475571156
      vertex 24.365603990852833 -21.300000000000004 54.086765475571156
      vertex 23.62846310010019 -20.500000000000004 52.81
    endloop
  endfacet
  facet normal -0.24421131025225362 0 -0.9697220405584672
    outer loop
      vertex 24.365603990852833 -20.500000000000004 54.086765475571156
      vertex 24.59826897084713 -20.500000000000004 54.028171963989735
      vertex 24.59826897084713 -21.300000000000004 54.028171963989735
    endloop
  endfacet
  facet normal -0.2150970094483277 0 -0.9765926871149435
    outer loop
      vertex 24.59826897084713 -20.500000000000004 54.028171963989735
      vertex 24.668374188244343 -20.500000000000004 54.01273111253977
      vertex 24.668374188244343 -21.300000000000004 54.01273111253977
    endloop
  endfacet
  facet normal 0.2442113429160766 0 0.969722032332527
    outer loop
      vertex 24.264134287834167 -20.500000000000004 55.34978727251291
      vertex 24.264134287834167 -21.300000000000004 55.34978727251291
      vertex 24.89132258296013 -20.500000000000004 55.19183840602636
    endloop
  endfacet
  facet normal 0.34975074077425294 0 0.9368427932838366
    outer loop
      vertex 22.999792121350765 -20.500000000000004 55.78349380940199
      vertex 22.999792121350765 -21.300000000000004 55.78349380940199
      vertex 23.631313025951385 -20.500000000000004 55.54772863537073
    endloop
  endfacet
  facet normal -0.1857903294757379 0 -0.9825894124573583
    outer loop
      vertex 24.668374188244343 -20.500000000000004 54.01273111253977
      vertex 25.283057920634747 -20.500000000000004 53.89650525897741
      vertex 25.283057920634747 -21.300000000000004 53.89650525897741
    endloop
  endfacet
  facet normal -0.15400687990864423 0 -0.9880697753401854
    outer loop
      vertex 25.283057920634747 -20.500000000000004 53.89650525897741
      vertex 25.35953050106764 -20.500000000000004 53.88458575308323
      vertex 25.35953050106764 -21.300000000000004 53.88458575308323
    endloop
  endfacet
  facet normal 0.1857903294757379 0 0.9825894124573583
    outer loop
      vertex 24.89132258296013 -20.500000000000004 55.19183840602636
      vertex 24.89132258296013 -21.300000000000004 55.19183840602636
      vertex 25.506006315350533 -20.500000000000004 55.07561255246401
    endloop
  endfacet
  facet normal -0.12206317607454789 0 -0.9925223327696934
    outer loop
      vertex 25.35953050106764 -20.500000000000004 53.88458575308323
      vertex 25.954975061118603 -20.500000000000004 53.81135631352663
      vertex 25.954975061118603 -21.300000000000004 53.81135631352663
    endloop
  endfacet
  facet normal -0.0868823755661816 0 -0.9962185768273832
    outer loop
      vertex 25.954975061118603 -20.500000000000004 53.81135631352663
      vertex 26.03953940421343 -20.500000000000004 53.80398127436638
      vertex 26.03953940421343 -21.300000000000004 53.80398127436638
    endloop
  endfacet
  facet normal 0.12206317607454789 0 0.9925223327696934
    outer loop
      vertex 25.506006315350533 -20.500000000000004 55.07561255246401
      vertex 25.506006315350533 -21.300000000000004 55.07561255246401
      vertex 26.101450875401497 -20.500000000000004 55.00238311290741
    endloop
  endfacet
  facet normal 0.11655280367456394 0 -0.9931844964333658
    outer loop
      vertex 19.79140892624855 -20.500000000000004 62.953706458210945
      vertex 20.291190519928932 -20.500000000000004 63.012357138097286
      vertex 20.291190519928932 -21.300000000000004 63.012357138097286
    endloop
  endfacet
  facet normal 0.02731190872675779 0 -0.9996269602415199
    outer loop
      vertex 20.291190519928932 -20.500000000000004 63.012357138097286
      vertex 20.828867554664612 -20.500000000000004 63.02704760432243
      vertex 20.828867554664612 -21.300000000000004 63.02704760432243
    endloop
  endfacet
  facet normal -0.05159289495124358 0 -0.9986681997493211
    outer loop
      vertex 20.828867554664612 -20.500000000000004 63.02704760432243
      vertex 21.398549124598503 -20.500000000000004 62.99761688709259
      vertex 21.398549124598503 -21.300000000000004 62.99761688709259
    endloop
  endfacet
  facet normal -0.0720044172924974 0 0.9974043131500725
    outer loop
      vertex 20.151327155530453 -20.500000000000004 64.20417853444815
      vertex 20.25841622799635 -21.300000000000004 64.21190948784351
      vertex 20.25841622799635 -20.500000000000004 64.21190948784351
    endloop
  endfacet
  facet normal -0.02731190872675779 0 0.9996269602415199
    outer loop
      vertex 20.25841622799635 -20.500000000000004 64.21190948784351
      vertex 20.79609326273203 -21.300000000000004 64.22659995406866
      vertex 20.79609326273203 -20.500000000000004 64.22659995406866
    endloop
  endfacet
  facet normal -0.2334453648865289 0 -0.9723699201502457
    outer loop
      vertex 19.852208122611046 -20.500000000000004 65.70863208174706
      vertex 21.346338972449303 -20.500000000000004 65.34992299973965
      vertex 19.852208122611046 -21.300000000000004 65.70863208174706
    endloop
  endfacet
  facet normal 0.012149939381841631 0 0.9999261867623118
    outer loop
      vertex 20.79609326273203 -20.500000000000004 64.22659995406866
      vertex 20.89077902585268 -21.300000000000004 64.22544944286346
      vertex 20.89077902585268 -20.500000000000004 64.22544944286346
    endloop
  endfacet
  facet normal 0.05159289495124358 0 0.9986681997493211
    outer loop
      vertex 20.89077902585268 -20.500000000000004 64.22544944286346
      vertex 21.46046059578657 -21.300000000000004 64.19601872563362
      vertex 21.46046059578657 -20.500000000000004 64.19601872563362
    endloop
  endfacet
  facet normal 0.0868823755661816 0 0.9962185768273832
    outer loop
      vertex 21.545024938881397 -20.500000000000004 64.18864368647337
      vertex 21.46046059578657 -20.500000000000004 64.19601872563362
      vertex 21.545024938881397 -21.300000000000004 64.18864368647337
    endloop
  endfacet
  facet normal -0.12206317607454789 0 -0.9925223327696934
    outer loop
      vertex 21.398549124598503 -20.500000000000004 62.99761688709259
      vertex 21.993993684649467 -20.500000000000004 62.92438744753599
      vertex 21.993993684649467 -21.300000000000004 62.92438744753599
    endloop
  endfacet
  facet normal -0.1857903294757379 0 -0.9825894124573583
    outer loop
      vertex 21.993993684649467 -20.500000000000004 62.92438744753599
      vertex 22.60867741703987 -20.500000000000004 62.80816159397364
      vertex 22.60867741703987 -21.300000000000004 62.80816159397364
    endloop
  endfacet
  facet normal -0.2442113429160766 0 -0.969722032332527
    outer loop
      vertex 22.60867741703987 -20.500000000000004 62.80816159397364
      vertex 23.235865712165833 -20.500000000000004 62.65021272748709
      vertex 23.235865712165833 -21.300000000000004 62.65021272748709
    endloop
  endfacet
  facet normal 0.12206317607454789 0 0.9925223327696934
    outer loop
      vertex 21.545024938881397 -20.500000000000004 64.18864368647337
      vertex 22.14046949893236 -21.300000000000004 64.11541424691677
      vertex 22.14046949893236 -20.500000000000004 64.11541424691677
    endloop
  endfacet
  facet normal 0.15400687990864423 0 0.9880697753401854
    outer loop
      vertex 22.14046949893236 -20.500000000000004 64.11541424691677
      vertex 22.216942079365253 -21.300000000000004 64.10349474102259
      vertex 22.216942079365253 -20.500000000000004 64.10349474102259
    endloop
  endfacet
  facet normal -0.28401534458367234 0 -0.9588197349038128
    outer loop
      vertex 21.346338972449303 -20.500000000000004 65.34992299973965
      vertex 22.819648787379265 -20.500000000000004 64.9135087504983
      vertex 21.346338972449303 -21.300000000000004 65.34992299973965
    endloop
  endfacet
  facet normal 0 0 1
    outer loop
      vertex 18.255160972476006 -20.500000000000004 66
      vertex 23.64462522417307 -21.300000000000004 66
      vertex 23.64462522417307 -20.500000000000004 66
    endloop
  endfacet
  facet normal 0.1857903294757379 0 0.9825894124573583
    outer loop
      vertex 22.216942079365253 -20.500000000000004 64.10349474102259
      vertex 22.831625811755657 -21.300000000000004 63.98726888746023
      vertex 22.831625811755657 -20.500000000000004 63.98726888746023
    endloop
  endfacet
  facet normal 0.2150970094483277 0 0.9765926871149435
    outer loop
      vertex 22.831625811755657 -20.500000000000004 63.98726888746023
      vertex 22.90173102915287 -21.300000000000004 63.971828036010265
      vertex 22.90173102915287 -20.500000000000004 63.971828036010265
    endloop
  endfacet
  facet normal -0.4462138811495077 0 -0.8949263501928485
    outer loop
      vertex 25.73176236450672 -20.500000000000004 61.64222290366888
      vertex 25.73176236450672 -21.300000000000004 61.64222290366888
      vertex 25.123509347438812 -20.500000000000004 61.94550030678511
    endloop
  endfacet
  facet normal -0.4928477799336172 0 -0.870115547392704
    outer loop
      vertex 25.73176236450672 -20.500000000000004 61.64222290366888
      vertex 26.318302772939205 -20.500000000000004 61.309996753931046
      vertex 26.318302772939205 -21.300000000000004 61.309996753931046
    endloop
  endfacet
  facet normal -0.2985287838312991 0 -0.9544006314039222
    outer loop
      vertex 23.235865712165833 -20.500000000000004 62.65021272748709
      vertex 23.868686974048615 -20.500000000000004 62.45227136462927
      vertex 23.868686974048615 -21.300000000000004 62.45227136462927
    endloop
  endfacet
  facet normal 0.2442113429160766 0 0.969722032332527
    outer loop
      vertex 22.90173102915287 -20.500000000000004 63.971828036010265
      vertex 23.52891932427883 -21.300000000000004 63.813879169523716
      vertex 23.52891932427883 -20.500000000000004 63.813879169523716
    endloop
  endfacet
  facet normal 0.27147824421080463 0 0.9624445765446541
    outer loop
      vertex 23.59410025179386 -20.500000000000004 63.795493483543396
      vertex 23.52891932427883 -20.500000000000004 63.813879169523716
      vertex 23.59410025179386 -21.300000000000004 63.795493483543396
    endloop
  endfacet
  facet normal -0.34975074077425294 0 -0.9368427932838366
    outer loop
      vertex 23.868686974048615 -20.500000000000004 62.45227136462927
      vertex 24.500207878649235 -20.500000000000004 62.21650619059801
      vertex 24.500207878649235 -21.300000000000004 62.21650619059801
    endloop
  endfacet
  facet normal 0.2985287838312991 0 0.9544006314039222
    outer loop
      vertex 23.59410025179386 -20.500000000000004 63.795493483543396
      vertex 24.226921513676643 -21.300000000000004 63.59755212068558
      vertex 24.226921513676643 -20.500000000000004 63.59755212068558
    endloop
  endfacet
  facet normal 0.3242586338790405 0 0.9459684658353567
    outer loop
      vertex 24.226921513676643 -20.500000000000004 63.59755212068558
      vertex 24.28838786482811 -21.300000000000004 63.576482713222504
      vertex 24.28838786482811 -20.500000000000004 63.576482713222504
    endloop
  endfacet
  facet normal -0.33380685913208813 0 -0.9426414911281862
    outer loop
      vertex 22.819648787379265 -20.500000000000004 64.9135087504983
      vertex 24.268099315464497 -20.500000000000004 64.40058551728725
      vertex 22.819648787379265 -21.300000000000004 64.9135087504983
    endloop
  endfacet
  facet normal 0.3338068594051129 0 0.942641491031503
    outer loop
      vertex 23.64462522417307 -20.500000000000004 66
      vertex 24.733977653086185 -21.300000000000004 65.6142400726676
      vertex 24.733977653086185 -20.500000000000004 65.6142400726676
    endloop
  endfacet
  facet normal -0.3987326017949962 0 -0.9170672343213409
    outer loop
      vertex 24.500207878649235 -20.500000000000004 62.21650619059801
      vertex 25.123509347438812 -20.500000000000004 61.94550030678511
      vertex 25.123509347438812 -21.300000000000004 61.94550030678511
    endloop
  endfacet
  facet normal 0.34975074077425294 0 0.9368427932838366
    outer loop
      vertex 24.28838786482811 -20.500000000000004 63.576482713222504
      vertex 24.91990876942873 -21.300000000000004 63.340717539191246
      vertex 24.91990876942873 -20.500000000000004 63.340717539191246
    endloop
  endfacet
  facet normal 0.3743721949015055 0 0.9272785232521183
    outer loop
      vertex 24.91990876942873 -20.500000000000004 63.340717539191246
      vertex 24.97868700325489 -21.300000000000004 63.31698687374592
      vertex 24.97868700325489 -20.500000000000004 63.31698687374592
    endloop
  endfacet
  facet normal 0.3987326017949962 0 0.9170672343213409
    outer loop
      vertex 24.97868700325489 -20.500000000000004 63.31698687374592
      vertex 25.601988472044468 -21.300000000000004 63.045980989933014
      vertex 25.601988472044468 -20.500000000000004 63.045980989933014
    endloop
  endfacet
  facet normal 0.4462138811495077 0 0.8949263501928485
    outer loop
      vertex 25.65896600484848 -20.500000000000004 63.01941192895174
      vertex 26.26721902191639 -21.300000000000004 62.716134525835514
      vertex 26.26721902191639 -20.500000000000004 62.716134525835514
    endloop
  endfacet
  facet normal 0.4226182760079467 0 0.9063077803837232
    outer loop
      vertex 25.65896600484848 -20.500000000000004 63.01941192895174
      vertex 25.601988472044468 -20.500000000000004 63.045980989933014
      vertex 25.65896600484848 -21.300000000000004 63.01941192895174
    endloop
  endfacet
  facet normal -0.4305110955700008 0 -0.9025852849404967
    outer loop
      vertex 25.687720477581024 -20.500000000000004 63.81255917996168
      vertex 27.0746211707592 -20.500000000000004 63.151041485369205
      vertex 25.687720477581024 -21.300000000000004 63.81255917996168
    endloop
  endfacet
  facet normal -0.3826834315568862 0 -0.9238795328460556
    outer loop
      vertex 24.268099315464497 -20.500000000000004 64.40058551728725
      vertex 25.687720477581024 -20.500000000000004 63.81255917996168
      vertex 24.268099315464497 -21.300000000000004 64.40058551728725
    endloop
  endfacet
  facet normal 0.3826834316424301 4.324249635833741e-17 0.9238795328106223
    outer loop
      vertex 24.733977653086185 -20.500000000000004 65.6142400726676
      vertex 26.21647810935974 -21.300000000000004 65.00016827881336
      vertex 26.21647810935974 -20.500000000000004 65.00016827881336
    endloop
  endfacet
  facet normal 0 1 0
    outer loop
      vertex 35.082979150116444 -20.500000000000004 36.350000001490116
      vertex 28.029999999999998 -20.500000000000004 36.350000001490116
      vertex 28.029999999999998 -20.500000000000004 37.649999998509884
    endloop
  endfacet
  facet normal 0 1 0
    outer loop
      vertex 32.54990188032389 -20.500000000000004 47.10357306152582
      vertex 28.029999999999998 -20.500000000000004 44.49400649389635
      vertex 28.029999999999998 -20.500000000000004 45.995117188685285
    endloop
  endfacet
  facet normal 0 1 0
    outer loop
      vertex 31.899901881814003 -20.500000000000004 48.22940608114004
      vertex 32.54990188032389 -20.500000000000004 47.10357306152582
      vertex 28.029999999999998 -20.500000000000004 45.995117188685285
    endloop
  endfacet
  facet normal 0 1 0
    outer loop
      vertex 31.655616626143456 -20.500000000000004 48.62804339826107
      vertex 31.022512830793858 -20.500000000000004 49.54921513795853
      vertex 32.745888367295265 -20.500000000000004 49.33607414364815
    endloop
  endfacet
  facet normal 0 1 0
    outer loop
      vertex 31.655616626143456 -20.500000000000004 48.62804339826107
      vertex 33.0257349088788 -20.500000000000004 48.879406079649925
      vertex 31.899901881814003 -20.500000000000004 48.22940608114004
    endloop
  endfacet
  facet normal 0 1 0
    outer loop
      vertex 31.655616626143456 -20.500000000000004 48.62804339826107
      vertex 32.745888367295265 -20.500000000000004 49.33607414364815
      vertex 33.0257349088788 -20.500000000000004 48.879406079649925
    endloop
  endfacet
  facet normal 0 1 0
    outer loop
      vertex 34.63345127552748 -20.500000000000004 32.561085402965546
      vertex 34.83714607357979 -20.500000000000004 33.66012416779995
      vertex 36.12114091217518 -20.500000000000004 33.45675936341286
    endloop
  endfacet
  facet normal 0 1 0
    outer loop
      vertex 34.83714607357979 -20.500000000000004 33.66012416779995
      vertex 34.98304246366024 -20.500000000000004 34.76831731200218
      vertex 36.27592092752457 -20.500000000000004 34.63243030756712
    endloop
  endfacet
  facet normal 0 1 0
    outer loop
      vertex 34.98304246366024 -20.500000000000004 34.76831731200218
      vertex 35.070740565657616 -20.500000000000004 35.882627330720425
      vertex 36.368958964943886 -20.500000000000004 35.81459058821201
    endloop
  endfacet
  facet normal 0 1 0
    outer loop
      vertex 35.070740565657616 -20.500000000000004 35.882627330720425
      vertex 35.082979150116444 -20.500000000000004 36.350000001490116
      vertex 36.38297915458679 -20.500000000000004 36.350000001490116
    endloop
  endfacet
  facet normal 0 1 0
    outer loop
      vertex 35.082979150116444 -20.500000000000004 36.350000001490116
      vertex 28.029999999999998 -20.500000000000004 37.649999998509884
      vertex 35.082979150116444 -20.500000000000004 37.649999998509884
    endloop
  endfacet
  facet normal 0 1 0
    outer loop
      vertex 35.082979150116444 -20.500000000000004 36.350000001490116
      vertex 35.082979150116444 -20.500000000000004 37.649999998509884
      vertex 36.38297915458679 -20.500000000000004 37.649999998509884
    endloop
  endfacet
  facet normal 0 1 0
    outer loop
      vertex 35.082979150116444 -20.500000000000004 37.649999998509884
      vertex 35.070740565657616 -20.500000000000004 38.117372669279575
      vertex 36.38297915458679 -20.500000000000004 37.649999998509884
    endloop
  endfacet
  facet normal 0 1 0
    outer loop
      vertex 35.070740565657616 -20.500000000000004 38.117372669279575
      vertex 34.98304246366024 -20.500000000000004 39.23168268799782
      vertex 36.368958964943886 -20.500000000000004 38.18540941178799
    endloop
  endfacet
  facet normal 0 1 0
    outer loop
      vertex 34.83714607357979 -20.500000000000004 40.33987583220005
      vertex 36.27592092752457 -20.500000000000004 39.36756969243288
      vertex 34.98304246366024 -20.500000000000004 39.23168268799782
    endloop
  endfacet
  facet normal 0 1 0
    outer loop
      vertex 34.83714607357979 -20.500000000000004 40.33987583220005
      vertex 34.63345127552748 -20.500000000000004 41.438914597034454
      vertex 36.12114091217518 -20.500000000000004 40.54324063658714
    endloop
  endfacet
  facet normal 0 1 0
    outer loop
      vertex 36.12114091217518 -20.500000000000004 40.54324063658714
      vertex 34.63345127552748 -20.500000000000004 41.438914597034454
      vertex 35.90504315495491 -20.500000000000004 41.7091997936368
    endloop
  endfacet
  facet normal 0 1 0
    outer loop
      vertex 34.83714607357979 -20.500000000000004 33.66012416779995
      vertex 36.27592092752457 -20.500000000000004 34.63243030756712
      vertex 36.12114091217518 -20.500000000000004 33.45675936341286
    endloop
  endfacet
  facet normal 0 1 0
    outer loop
      vertex 34.98304246366024 -20.500000000000004 34.76831731200218
      vertex 36.368958964943886 -20.500000000000004 35.81459058821201
      vertex 36.27592092752457 -20.500000000000004 34.63243030756712
    endloop
  endfacet
  facet normal 0 1 0
    outer loop
      vertex 35.070740565657616 -20.500000000000004 35.882627330720425
      vertex 36.38297915458679 -20.500000000000004 36.350000001490116
      vertex 36.368958964943886 -20.500000000000004 35.81459058821201
    endloop
  endfacet
  facet normal 0 1 0
    outer loop
      vertex 35.082979150116444 -20.500000000000004 36.350000001490116
      vertex 36.38297915458679 -20.500000000000004 37.649999998509884
      vertex 36.38297915458679 -20.500000000000004 36.350000001490116
    endloop
  endfacet
  facet normal 0 1 0
    outer loop
      vertex 36.38297915458679 -20.500000000000004 36.350000001490116
      vertex 38.75 -20.500000000000004 37.649999998509884
      vertex 38.75 -20.500000000000004 36.350000001490116
    endloop
  endfacet
  facet normal 0 1 0
    outer loop
      vertex 35.070740565657616 -20.500000000000004 38.117372669279575
      vertex 36.368958964943886 -20.500000000000004 38.18540941178799
      vertex 36.38297915458679 -20.500000000000004 37.649999998509884
    endloop
  endfacet
  facet normal 0 1 0
    outer loop
      vertex 34.98304246366024 -20.500000000000004 39.23168268799782
      vertex 36.27592092752457 -20.500000000000004 39.36756969243288
      vertex 36.368958964943886 -20.500000000000004 38.18540941178799
    endloop
  endfacet
  facet normal 0 1 0
    outer loop
      vertex 36.38297915458679 -20.500000000000004 36.350000001490116
      vertex 36.38297915458679 -20.500000000000004 37.649999998509884
      vertex 38.75 -20.500000000000004 37.649999998509884
    endloop
  endfacet
  facet normal 0 1 0
    outer loop
      vertex 34.83714607357979 -20.500000000000004 40.33987583220005
      vertex 36.12114091217518 -20.500000000000004 40.54324063658714
      vertex 36.27592092752457 -20.500000000000004 39.36756969243288
    endloop
  endfacet
  facet normal 0 1 0
    outer loop
      vertex 33.681942105293274 -20.500000000000004 44.6511557251215
      vertex 33.254195518791676 -20.500000000000004 45.683827333152294
      vertex 34.89559666067362 -20.500000000000004 45.117034055292606
    endloop
  endfacet
  facet normal 0 1 0
    outer loop
      vertex 34.05505662411451 -20.500000000000004 43.59751282632351
      vertex 35.628219962120056 -20.500000000000004 42.86225137114525
      vertex 34.3725163936615 -20.500000000000004 42.525786615908146
    endloop
  endfacet
  facet normal 0 1 0
    outer loop
      vertex 34.63345127552748 -20.500000000000004 41.438914597034454
      vertex 34.3725163936615 -20.500000000000004 42.525786615908146
      vertex 35.90504315495491 -20.500000000000004 41.7091997936368
    endloop
  endfacet
  facet normal 0 1 0
    outer loop
      vertex 34.3725163936615 -20.500000000000004 42.525786615908146
      vertex 35.628219962120056 -20.500000000000004 42.86225137114525
      vertex 35.90504315495491 -20.500000000000004 41.7091997936368
    endloop
  endfacet
  facet normal 0 1 0
    outer loop
      vertex 34.05505662411451 -20.500000000000004 43.59751282632351
      vertex 33.681942105293274 -20.500000000000004 44.6511557251215
      vertex 35.291430093348026 -20.500000000000004 43.999234922230244
    endloop
  endfacet
  facet normal 0 1 0
    outer loop
      vertex 33.681942105293274 -20.500000000000004 44.6511557251215
      vertex 34.89559666067362 -20.500000000000004 45.117034055292606
      vertex 35.291430093348026 -20.500000000000004 43.999234922230244
    endloop
  endfacet
  facet normal 0 1 0
    outer loop
      vertex 34.05505662411451 -20.500000000000004 43.59751282632351
      vertex 35.291430093348026 -20.500000000000004 43.999234922230244
      vertex 35.628219962120056 -20.500000000000004 42.86225137114525
    endloop
  endfacet
  facet normal 0 1 0
    outer loop
      vertex 32.77298928797245 -20.500000000000004 46.692697167396545
      vertex 32.54990188032389 -20.500000000000004 47.10357306152582
      vertex 33.93129777163267 -20.500000000000004 47.28288482129574
    endloop
  endfacet
  facet normal 0 1 0
    outer loop
      vertex 33.254195518791676 -20.500000000000004 45.683827333152294
      vertex 32.77298928797245 -20.500000000000004 46.692697167396545
      vertex 34.441804617643356 -20.500000000000004 46.21258496493101
    endloop
  endfacet
  facet normal 0 1 0
    outer loop
      vertex 32.54990188032389 -20.500000000000004 47.10357306152582
      vertex 33.67573490738869 -20.500000000000004 47.753573060035706
      vertex 33.93129777163267 -20.500000000000004 47.28288482129574
    endloop
  endfacet
  facet normal 0 1 0
    outer loop
      vertex 32.77298928797245 -20.500000000000004 46.692697167396545
      vertex 33.93129777163267 -20.500000000000004 47.28288482129574
      vertex 34.441804617643356 -20.500000000000004 46.21258496493101
    endloop
  endfacet
  facet normal 0 1 0
    outer loop
      vertex 31.899901881814003 -20.500000000000004 48.22940608114004
      vertex 33.67573490738869 -20.500000000000004 47.753573060035706
      vertex 32.54990188032389 -20.500000000000004 47.10357306152582
    endloop
  endfacet
  facet normal 0 1 0
    outer loop
      vertex 31.899901881814003 -20.500000000000004 48.22940608114004
      vertex 33.0257349088788 -20.500000000000004 48.879406079649925
      vertex 33.67573490738869 -20.500000000000004 47.753573060035706
    endloop
  endfacet
  facet normal 0 1 0
    outer loop
      vertex 34.89559666067362 -20.500000000000004 45.117034055292606
      vertex 33.254195518791676 -20.500000000000004 45.683827333152294
      vertex 34.441804617643356 -20.500000000000004 46.21258496493101
    endloop
  endfacet
  facet normal 0 1 0
    outer loop
      vertex 33.0257349088788 -20.500000000000004 48.879406079649925
      vertex 38.75 -20.500000000000004 50.683201380074024
      vertex 33.67573490738869 -20.500000000000004 47.753573060035706
    endloop
  endfacet
  facet normal 0 0 1
    outer loop
      vertex 35.082979150116444 -20.500000000000004 37.649999998509884
      vertex 28.029999999999998 -20.500000000000004 37.649999998509884
      vertex 28.029999999999998 -21.300000000000004 37.649999998509884
    endloop
  endfacet
  facet normal -0.4999999998744569 -1.9472556176797598e-18 0.8660254038569211
    outer loop
      vertex 31.899901881814003 -20.500000000000004 48.22940608114004
      vertex 28.029999999999998 -20.500000000000004 45.995117188685285
      vertex 28.029999999999998 -21.300000000000004 45.995117188685285
    endloop
  endfacet
  facet normal 0.5000000000450906 0 -0.8660254037584056
    outer loop
      vertex 32.54990188032389 -20.500000000000004 47.10357306152582
      vertex 32.54990188032389 -21.300000000000004 47.10357306152582
      vertex 28.029999999999998 -20.500000000000004 44.49400649389635
    endloop
  endfacet
  facet normal -0.8241261890172393 0 -0.5664062363497788
    outer loop
      vertex 31.655616626143456 -20.500000000000004 48.62804339826107
      vertex 31.655616626143456 -21.300000000000004 48.62804339826107
      vertex 31.022512830793858 -20.500000000000004 49.54921513795853
    endloop
  endfacet
  facet normal -0.8526401704937027 0 -0.5224985546970153
    outer loop
      vertex 31.655616626143456 -20.500000000000004 48.62804339826107
      vertex 31.899901881814003 -20.500000000000004 48.22940608114004
      vertex 31.899901881814003 -21.300000000000004 48.22940608114004
    endloop
  endfacet
  facet normal 0 0 -1
    outer loop
      vertex 35.082979150116444 -20.500000000000004 36.350000001490116
      vertex 35.082979150116444 -21.300000000000004 36.350000001490116
      vertex 28.029999999999998 -20.500000000000004 36.350000001490116
    endloop
  endfacet
  facet normal -0.9914448619715631 0 0.13052618767966898
    outer loop
      vertex 34.83714607357979 -20.500000000000004 33.66012416779995
      vertex 34.83714607357979 -21.300000000000004 33.66012416779995
      vertex 34.98304246366024 -20.500000000000004 34.76831731200218
    endloop
  endfacet
  facet normal -0.9969173336216911 0 0.07845909714378427
    outer loop
      vertex 34.98304246366024 -20.500000000000004 34.76831731200218
      vertex 34.98304246366024 -21.300000000000004 34.76831731200218
      vertex 35.070740565657616 -20.500000000000004 35.882627330720425
    endloop
  endfacet
  facet normal -0.9996573249554934 0 0.026176949074077593
    outer loop
      vertex 35.070740565657616 -20.500000000000004 35.882627330720425
      vertex 35.070740565657616 -21.300000000000004 35.882627330720425
      vertex 35.082979150116444 -20.500000000000004 36.350000001490116
    endloop
  endfacet
  facet normal -0.9996573249554934 0 -0.026176949074077593
    outer loop
      vertex 35.082979150116444 -20.500000000000004 37.649999998509884
      vertex 35.082979150116444 -21.300000000000004 37.649999998509884
      vertex 35.070740565657616 -20.500000000000004 38.117372669279575
    endloop
  endfacet
  facet normal -0.9969173336216911 0 -0.07845909714378427
    outer loop
      vertex 35.070740565657616 -20.500000000000004 38.117372669279575
      vertex 35.070740565657616 -21.300000000000004 38.117372669279575
      vertex 34.98304246366024 -20.500000000000004 39.23168268799782
    endloop
  endfacet
  facet normal -0.9832549070773959 0 -0.18223552811738303
    outer loop
      vertex 34.83714607357979 -20.500000000000004 40.33987583220005
      vertex 34.83714607357979 -21.300000000000004 40.33987583220005
      vertex 34.63345127552748 -20.500000000000004 41.438914597034454
    endloop
  endfacet
  facet normal -0.9914448619715631 0 -0.13052618767966898
    outer loop
      vertex 34.83714607357979 -20.500000000000004 40.33987583220005
      vertex 34.98304246366024 -20.500000000000004 39.23168268799782
      vertex 34.98304246366024 -21.300000000000004 39.23168268799782
    endloop
  endfacet
  facet normal 0.9914448614599642 0 -0.13052619156564776
    outer loop
      vertex 36.12114091217518 -20.500000000000004 33.45675936341286
      vertex 36.27592092752457 -20.500000000000004 34.63243030756712
      vertex 36.12114091217518 -21.300000000000004 33.45675936341286
    endloop
  endfacet
  facet normal 0.9969173333642563 0 -0.0784591004148048
    outer loop
      vertex 36.27592092752457 -20.500000000000004 34.63243030756712
      vertex 36.368958964943886 -20.500000000000004 35.81459058821201
      vertex 36.27592092752457 -21.300000000000004 34.63243030756712
    endloop
  endfacet
  facet normal 0.9996573249394316 0 -0.026176949687455795
    outer loop
      vertex 36.368958964943886 -20.500000000000004 35.81459058821201
      vertex 36.38297915458679 -20.500000000000004 36.350000001490116
      vertex 36.368958964943886 -21.300000000000004 35.81459058821201
    endloop
  endfacet
  facet normal 0 0 -1
    outer loop
      vertex 36.38297915458679 -20.500000000000004 36.350000001490116
      vertex 38.75 -20.500000000000004 36.350000001490116
      vertex 36.38297915458679 -21.300000000000004 36.350000001490116
    endloop
  endfacet
  facet normal 1 0 0
    outer loop
      vertex 38.75 -20.500000000000004 36.350000001490116
      vertex 38.75 -20.500000000000004 37.649999998509884
      vertex 38.75 -21.300000000000004 36.350000001490116
    endloop
  endfacet
  facet normal 0.9996573249394316 0 0.026176949687455795
    outer loop
      vertex 36.38297915458679 -20.500000000000004 37.649999998509884
      vertex 36.368958964943886 -20.500000000000004 38.18540941178799
      vertex 36.38297915458679 -21.300000000000004 37.649999998509884
    endloop
  endfacet
  facet normal 0.9969173333642563 0 0.0784591004148048
    outer loop
      vertex 36.368958964943886 -20.500000000000004 38.18540941178799
      vertex 36.27592092752457 -20.500000000000004 39.36756969243288
      vertex 36.368958964943886 -21.300000000000004 38.18540941178799
    endloop
  endfacet
  facet normal 0.9914448614599642 0 0.13052619156564776
    outer loop
      vertex 36.27592092752457 -20.500000000000004 39.36756969243288
      vertex 36.12114091217518 -20.500000000000004 40.54324063658714
      vertex 36.27592092752457 -21.300000000000004 39.36756969243288
    endloop
  endfacet
  facet normal 0.9832549074697388 0 0.18223552600049084
    outer loop
      vertex 36.12114091217518 -20.500000000000004 40.54324063658714
      vertex 35.90504315495491 -20.500000000000004 41.7091997936368
      vertex 36.12114091217518 -21.300000000000004 40.54324063658714
    endloop
  endfacet
  facet normal 0 0 1
    outer loop
      vertex 36.38297915458679 -20.500000000000004 37.649999998509884
      vertex 38.75 -21.300000000000004 37.649999998509884
      vertex 38.75 -20.500000000000004 37.649999998509884
    endloop
  endfacet
  facet normal -0.9426414912211697 0 -0.33380685886951067
    outer loop
      vertex 34.05505662411451 -20.500000000000004 43.59751282632351
      vertex 34.05505662411451 -21.300000000000004 43.59751282632351
      vertex 33.681942105293274 -20.500000000000004 44.6511557251215
    endloop
  endfacet
  facet normal -0.9238795322020623 0 -0.38268343311162334
    outer loop
      vertex 33.681942105293274 -20.500000000000004 44.6511557251215
      vertex 33.681942105293274 -21.300000000000004 44.6511557251215
      vertex 33.254195518791676 -20.500000000000004 45.683827333152294
    endloop
  endfacet
  facet normal -0.9723699211499136 0 -0.2334453607226127
    outer loop
      vertex 34.63345127552748 -20.500000000000004 41.438914597034454
      vertex 34.63345127552748 -21.300000000000004 41.438914597034454
      vertex 34.3725163936615 -20.500000000000004 42.525786615908146
    endloop
  endfacet
  facet normal -0.9588197341087026 0 -0.2840153472679195
    outer loop
      vertex 34.05505662411451 -20.500000000000004 43.59751282632351
      vertex 34.3725163936615 -20.500000000000004 42.525786615908146
      vertex 34.3725163936615 -21.300000000000004 42.525786615908146
    endloop
  endfacet
  facet normal 0.9588197354674014 0 0.2840153426810293
    outer loop
      vertex 35.291430093348026 -20.500000000000004 43.999234922230244
      vertex 35.628219962120056 -21.300000000000004 42.86225137114525
      vertex 35.628219962120056 -20.500000000000004 42.86225137114525
    endloop
  endfacet
  facet normal 0.9426414912783736 0 0.33380685870797194
    outer loop
      vertex 35.291430093348026 -20.500000000000004 43.999234922230244
      vertex 34.89559666067362 -20.500000000000004 45.117034055292606
      vertex 35.291430093348026 -21.300000000000004 43.999234922230244
    endloop
  endfacet
  facet normal -0.9025852828871898 0 -0.4305110998748486
    outer loop
      vertex 33.254195518791676 -20.500000000000004 45.683827333152294
      vertex 33.254195518791676 -21.300000000000004 45.683827333152294
      vertex 32.77298928797245 -20.500000000000004 46.692697167396545
    endloop
  endfacet
  facet normal -0.8788171134808145 0 -0.4771587587514758
    outer loop
      vertex 32.77298928797245 -20.500000000000004 46.692697167396545
      vertex 32.77298928797245 -21.300000000000004 46.692697167396545
      vertex 32.54990188032389 -20.500000000000004 47.10357306152582
    endloop
  endfacet
  facet normal 0.8526401709692785 0 0.5224985539209459
    outer loop
      vertex 32.745888367295265 -20.500000000000004 49.33607414364815
      vertex 33.0257349088788 -21.300000000000004 48.879406079649925
      vertex 33.0257349088788 -20.500000000000004 48.879406079649925
    endloop
  endfacet
  facet normal 0.8788171108867807 0 0.47715876352909176
    outer loop
      vertex 33.93129777163267 -20.500000000000004 47.28288482129574
      vertex 33.67573490738869 -20.500000000000004 47.753573060035706
      vertex 33.93129777163267 -21.300000000000004 47.28288482129574
    endloop
  endfacet
  facet normal 0.9238795331112124 0 0.38268343091674134
    outer loop
      vertex 34.89559666067362 -20.500000000000004 45.117034055292606
      vertex 34.441804617643356 -20.500000000000004 46.21258496493101
      vertex 34.89559666067362 -21.300000000000004 45.117034055292606
    endloop
  endfacet
  facet normal 0.9025852837356643 5.851578401908654e-17 0.43051109809598453
    outer loop
      vertex 33.93129777163267 -20.500000000000004 47.28288482129574
      vertex 34.441804617643356 -21.300000000000004 46.21258496493101
      vertex 34.441804617643356 -20.500000000000004 46.21258496493101
    endloop
  endfacet
  facet normal 0.5000000003686034 0 -0.8660254035716254
    outer loop
      vertex 33.67573490738869 -20.500000000000004 47.753573060035706
      vertex 38.75 -20.500000000000004 50.683201380074024
      vertex 33.67573490738869 -21.300000000000004 47.753573060035706
    endloop
  endfacet
  facet normal 0.9723699202155821 0 0.23344536461438326
    outer loop
      vertex 35.90504315495491 -20.500000000000004 41.7091997936368
      vertex 35.628219962120056 -20.500000000000004 42.86225137114525
      vertex 35.90504315495491 -21.300000000000004 41.7091997936368
    endloop
  endfacet
  facet normal 0 1 0
    outer loop
      vertex 27.18599034845829 -20.500000000000004 53.592066280543804
      vertex 28.653137646615505 -20.500000000000004 54.048031359910965
      vertex 28.035938449203968 -20.500000000000004 52.86614202708006
    endloop
  endfacet
  facet normal 0 1 0
    outer loop
      vertex 28.035938449203968 -20.500000000000004 52.86614202708006
      vertex 28.653137646615505 -20.500000000000004 54.048031359910965
      vertex 28.905808232724667 -20.500000000000004 53.83223029971123
    endloop
  endfacet
  facet normal 0 1 0
    outer loop
      vertex 28.035938449203968 -20.500000000000004 52.86614202708006
      vertex 29.765968590974808 -20.500000000000004 53.01596859097481
      vertex 28.846729777753353 -20.500000000000004 52.09672977775335
    endloop
  endfacet
  facet normal 0 1 0
    outer loop
      vertex 28.035938449203968 -20.500000000000004 52.86614202708006
      vertex 28.905808232724667 -20.500000000000004 53.83223029971123
      vertex 29.765968590974808 -20.500000000000004 53.01596859097481
    endloop
  endfacet
  facet normal 0 1 0
    outer loop
      vertex 24.668374188244343 -20.500000000000004 54.01273111253977
      vertex 29.616280384361744 -20.500000000000004 54.494064159691334
      vertex 25.283057920634747 -20.500000000000004 53.89650525897741
    endloop
  endfacet
  facet normal 0 1 0
    outer loop
      vertex 24.59826897084713 -20.500000000000004 54.028171963989735
      vertex 29.616280384361744 -20.500000000000004 54.494064159691334
      vertex 24.668374188244343 -20.500000000000004 54.01273111253977
    endloop
  endfacet
  facet normal 0 1 0
    outer loop
      vertex 23.08599317073822 -20.500000000000004 54.470414504408836
      vertex 27.208809480071068 -20.500000000000004 54.987642861902714
      vertex 29.616280384361744 -20.500000000000004 54.494064159691334
    endloop
  endfacet
  facet normal 0 1 0
    outer loop
      vertex 25.283057920634747 -20.500000000000004 53.89650525897741
      vertex 29.616280384361744 -20.500000000000004 54.494064159691334
      vertex 25.35953050106764 -20.500000000000004 53.88458575308323
    endloop
  endfacet
  facet normal 0 1 0
    outer loop
      vertex 25.35953050106764 -20.500000000000004 53.88458575308323
      vertex 29.616280384361744 -20.500000000000004 54.494064159691334
      vertex 25.954975061118603 -20.500000000000004 53.81135631352663
    endloop
  endfacet
  facet normal 0 1 0
    outer loop
      vertex 25.954975061118603 -20.500000000000004 53.81135631352663
      vertex 29.482066445052624 -20.500000000000004 54.412667490541935
      vertex 26.03953940421343 -20.500000000000004 53.80398127436638
    endloop
  endfacet
  facet normal 0 1 0
    outer loop
      vertex 26.03953940421343 -20.500000000000004 53.80398127436638
      vertex 29.126869924366474 -20.500000000000004 54.227877818048
      vertex 26.60922097414732 -20.500000000000004 53.774550557136536
    endloop
  endfacet
  facet normal 0 1 0
    outer loop
      vertex 26.70390673726797 -20.500000000000004 53.77340004593134
      vertex 28.653137646615505 -20.500000000000004 54.048031359910965
      vertex 26.94122154265642 -20.500000000000004 53.77988398075104
    endloop
  endfacet
  facet normal 0 1 0
    outer loop
      vertex 27.18599034845829 -20.500000000000004 53.592066280543804
      vertex 26.94122154265642 -20.500000000000004 53.77988398075104
      vertex 28.653137646615505 -20.500000000000004 54.048031359910965
    endloop
  endfacet
  facet normal 0 1 0
    outer loop
      vertex 26.60922097414732 -20.500000000000004 53.774550557136536
      vertex 28.972806811332703 -20.500000000000004 54.16097727417946
      vertex 26.70390673726797 -20.500000000000004 53.77340004593134
    endloop
  endfacet
  facet normal 0 1 0
    outer loop
      vertex 26.70390673726797 -20.500000000000004 53.77340004593134
      vertex 28.972806811332703 -20.500000000000004 54.16097727417946
      vertex 28.653137646615505 -20.500000000000004 54.048031359910965
    endloop
  endfacet
  facet normal 0 1 0
    outer loop
      vertex 26.60922097414732 -20.500000000000004 53.774550557136536
      vertex 29.11707104742527 -20.500000000000004 54.22283702343702
      vertex 28.972806811332703 -20.500000000000004 54.16097727417946
    endloop
  endfacet
  facet normal 0 1 0
    outer loop
      vertex 26.60922097414732 -20.500000000000004 53.774550557136536
      vertex 29.126869924366474 -20.500000000000004 54.227877818048
      vertex 29.11707104742527 -20.500000000000004 54.22283702343702
    endloop
  endfacet
  facet normal 0 1 0
    outer loop
      vertex 26.03953940421343 -20.500000000000004 53.80398127436638
      vertex 29.482066445052624 -20.500000000000004 54.412667490541935
      vertex 29.126869924366474 -20.500000000000004 54.227877818048
    endloop
  endfacet
  facet normal 0 1 0
    outer loop
      vertex 25.954975061118603 -20.500000000000004 53.81135631352663
      vertex 29.616280384361744 -20.500000000000004 54.494064159691334
      vertex 29.482066445052624 -20.500000000000004 54.412667490541935
    endloop
  endfacet
  facet normal 0 1 0
    outer loop
      vertex 27.208809480071068 -20.500000000000004 54.987642861902714
      vertex 27.70859107375145 -20.500000000000004 55.046293541789055
      vertex 29.616280384361744 -20.500000000000004 54.494064159691334
    endloop
  endfacet
  facet normal 0 1 0
    outer loop
      vertex 27.70859107375145 -20.500000000000004 55.046293541789055
      vertex 28.16500151157379 -20.500000000000004 55.14826186746359
      vertex 29.616280384361744 -20.500000000000004 54.494064159691334
    endloop
  endfacet
  facet normal 0 1 0
    outer loop
      vertex 28.16500151157379 -20.500000000000004 55.14826186746359
      vertex 28.573040269315243 -20.500000000000004 55.29243063926697
      vertex 29.616280384361744 -20.500000000000004 54.494064159691334
    endloop
  endfacet
  facet normal 0 1 0
    outer loop
      vertex 28.573040269315243 -20.500000000000004 55.29243063926697
      vertex 28.928236790001392 -20.500000000000004 55.4772203117609
      vertex 29.616280384361744 -20.500000000000004 54.494064159691334
    endloop
  endfacet
  facet normal 0 1 0
    outer loop
      vertex 28.928236790001392 -20.500000000000004 55.4772203117609
      vertex 29.226699464023113 -20.500000000000004 55.70060630142689
      vertex 29.64728671312332 -20.500000000000004 54.5165084823966
    endloop
  endfacet
  facet normal 0 1 0
    outer loop
      vertex 29.61614202708006 -20.500000000000004 51.28593844920397
      vertex 31.352356024086475 -20.500000000000004 51.25410685688257
      vertex 30.342066280543804 -20.500000000000004 50.43599034845829
    endloop
  endfacet
  facet normal 0 1 0
    outer loop
      vertex 28.846729777753353 -20.500000000000004 52.09672977775335
      vertex 30.582230299711227 -20.500000000000004 52.15580823272467
      vertex 29.61614202708006 -20.500000000000004 51.28593844920397
    endloop
  endfacet
  facet normal 0 1 0
    outer loop
      vertex 28.846729777753353 -20.500000000000004 52.09672977775335
      vertex 29.765968590974808 -20.500000000000004 53.01596859097481
      vertex 30.582230299711227 -20.500000000000004 52.15580823272467
    endloop
  endfacet
  facet normal 0 1 0
    outer loop
      vertex 29.61614202708006 -20.500000000000004 51.28593844920397
      vertex 30.582230299711227 -20.500000000000004 52.15580823272467
      vertex 31.352356024086475 -20.500000000000004 51.25410685688257
    endloop
  endfacet
  facet normal 0 1 0
    outer loop
      vertex 30.342066280543804 -20.500000000000004 50.43599034845829
      vertex 32.074234925210476 -20.500000000000004 50.313335962593555
      vertex 31.022512830793858 -20.500000000000004 49.54921513795853
    endloop
  endfacet
  facet normal 0 1 0
    outer loop
      vertex 30.342066280543804 -20.500000000000004 50.43599034845829
      vertex 31.352356024086475 -20.500000000000004 51.25410685688257
      vertex 32.074234925210476 -20.500000000000004 50.313335962593555
    endloop
  endfacet
  facet normal 0 1 0
    outer loop
      vertex 32.745888367295265 -20.500000000000004 49.33607414364815
      vertex 31.022512830793858 -20.500000000000004 49.54921513795853
      vertex 32.074234925210476 -20.500000000000004 50.313335962593555
    endloop
  endfacet
  facet normal 0 1 0
    outer loop
      vertex 28.928236790001392 -20.500000000000004 55.4772203117609
      vertex 29.64728671312332 -20.500000000000004 54.5165084823966
      vertex 29.616280384361744 -20.500000000000004 54.494064159691334
    endloop
  endfacet
  facet normal 0 1 0
    outer loop
      vertex 29.226699464023113 -20.500000000000004 55.70060630142689
      vertex 29.945749387145042 -20.500000000000004 54.73989447206259
      vertex 29.64728671312332 -20.500000000000004 54.5165084823966
    endloop
  endfacet
  facet normal 0 1 0
    outer loop
      vertex 29.226699464023113 -20.500000000000004 55.70060630142689
      vertex 30.064995869994164 -20.500000000000004 54.84196835011244
      vertex 29.945749387145042 -20.500000000000004 54.73989447206259
    endloop
  endfacet
  facet normal 0 1 0
    outer loop
      vertex 29.226699464023113 -20.500000000000004 55.70060630142689
      vertex 29.4651582762599 -20.500000000000004 55.96014113724232
      vertex 30.34880669414997 -20.500000000000004 55.148251079022884
    endloop
  endfacet
  facet normal 0 1 0
    outer loop
      vertex 29.226699464023113 -20.500000000000004 55.70060630142689
      vertex 30.110347881913185 -20.500000000000004 54.888716243207455
      vertex 30.064995869994164 -20.500000000000004 54.84196835011244
    endloop
  endfacet
  facet normal 0 1 0
    outer loop
      vertex 29.226699464023113 -20.500000000000004 55.70060630142689
      vertex 30.34880669414997 -20.500000000000004 55.148251079022884
      vertex 30.110347881913185 -20.500000000000004 54.888716243207455
    endloop
  endfacet
  facet normal 0 1 0
    outer loop
      vertex 30.34880669414997 -20.500000000000004 55.148251079022884
      vertex 29.4651582762599 -20.500000000000004 55.96014113724232
      vertex 30.447219878435135 -20.500000000000004 55.27053617686033
    endloop
  endfacet
  facet normal 0 1 0
    outer loop
      vertex 30.447219878435135 -20.500000000000004 55.27053617686033
      vertex 29.4651582762599 -20.500000000000004 55.96014113724232
      vertex 30.493935465812683 -20.500000000000004 55.34238916635513
    endloop
  endfacet
  facet normal 0 1 0
    outer loop
      vertex 30.493935465812683 -20.500000000000004 55.34238916635513
      vertex 29.4651582762599 -20.500000000000004 55.96014113724232
      vertex 30.669777803122997 -20.500000000000004 55.63522932678461
    endloop
  endfacet
  facet normal 0 1 0
    outer loop
      vertex 30.669777803122997 -20.500000000000004 55.63522932678461
      vertex 29.4651582762599 -20.500000000000004 55.96014113724232
      vertex 29.641000613570213 -20.500000000000004 56.252981297671795
    endloop
  endfacet
  facet normal 0 1 0
    outer loop
      vertex 29.641000613570213 -20.500000000000004 56.252981297671795
      vertex 29.752299919724464 -20.500000000000004 56.57591837644577
      vertex 30.88681060820818 -20.500000000000004 56.184912629425526
    endloop
  endfacet
  facet normal 0 1 0
    outer loop
      vertex 29.69035343825817 -20.500000000000004 57.688516452908516
      vertex 30.948601871728897 -20.500000000000004 57.55766282975674
      vertex 29.777112253010273 -20.500000000000004 57.29763961583376
    endloop
  endfacet
  facet normal 0 1 0
    outer loop
      vertex 30.669777803122997 -20.500000000000004 55.63522932678461
      vertex 29.641000613570213 -20.500000000000004 56.252981297671795
      vertex 30.741609282791615 -20.500000000000004 55.77479664981365
    endloop
  endfacet
  facet normal 0 1 0
    outer loop
      vertex 29.641000613570213 -20.500000000000004 56.252981297671795
      vertex 30.77551130205393 -20.500000000000004 55.86197555065155
      vertex 30.741609282791615 -20.500000000000004 55.77479664981365
    endloop
  endfacet
  facet normal 0 1 0
    outer loop
      vertex 29.641000613570213 -20.500000000000004 56.252981297671795
      vertex 30.88681060820818 -20.500000000000004 56.184912629425526
      vertex 30.77551130205393 -20.500000000000004 55.86197555065155
    endloop
  endfacet
  facet normal 0 1 0
    outer loop
      vertex 29.752299919724464 -20.500000000000004 56.57591837644577
      vertex 30.928141206502914 -20.500000000000004 56.336341097950935
      vertex 30.88681060820818 -20.500000000000004 56.184912629425526
    endloop
  endfacet
  facet normal 0 1 0
    outer loop
      vertex 29.752299919724464 -20.500000000000004 56.57591837644577
      vertex 30.9422420412302 -20.500000000000004 56.42087726294994
      vertex 30.928141206502914 -20.500000000000004 56.336341097950935
    endloop
  endfacet
  facet normal 0 1 0
    outer loop
      vertex 29.752299919724464 -20.500000000000004 56.57591837644577
      vertex 30.987778894603252 -20.500000000000004 56.770373083651066
      vertex 30.9422420412302 -20.500000000000004 56.42087726294994
    endloop
  endfacet
  facet normal 0 1 0
    outer loop
      vertex 29.752299919724464 -20.500000000000004 56.57591837644577
      vertex 29.797836773097515 -20.500000000000004 56.92541419714689
      vertex 30.987778894603252 -20.500000000000004 56.770373083651066
    endloop
  endfacet
  facet normal 0 1 0
    outer loop
      vertex 29.797836773097515 -20.500000000000004 56.92541419714689
      vertex 29.777112253010273 -20.500000000000004 57.29763961583376
      vertex 30.995981104671955 -20.500000000000004 56.99212368577719
    endloop
  endfacet
  facet normal 0 1 0
    outer loop
      vertex 29.69035343825817 -20.500000000000004 57.688516452908516
      vertex 30.861843056976795 -20.500000000000004 57.94853966683149
      vertex 30.948601871728897 -20.500000000000004 57.55766282975674
    endloop
  endfacet
  facet normal 0 1 0
    outer loop
      vertex 29.797836773097515 -20.500000000000004 56.92541419714689
      vertex 30.99783570319414 -20.500000000000004 56.92701809853315
      vertex 30.987778894603252 -20.500000000000004 56.770373083651066
    endloop
  endfacet
  facet normal 0 1 0
    outer loop
      vertex 29.797836773097515 -20.500000000000004 56.92541419714689
      vertex 30.995981104671955 -20.500000000000004 56.99212368577719
      vertex 30.99783570319414 -20.500000000000004 56.92701809853315
    endloop
  endfacet
  facet normal 0 1 0
    outer loop
      vertex 29.777112253010273 -20.500000000000004 57.29763961583376
      vertex 30.975256584584713 -20.500000000000004 57.364349104464054
      vertex 30.995981104671955 -20.500000000000004 56.99212368577719
    endloop
  endfacet
  facet normal 0 1 0
    outer loop
      vertex 29.777112253010273 -20.500000000000004 57.29763961583376
      vertex 30.95629896223545 -20.500000000000004 57.520167611539364
      vertex 30.975256584584713 -20.500000000000004 57.364349104464054
    endloop
  endfacet
  facet normal 0 1 0
    outer loop
      vertex 29.777112253010273 -20.500000000000004 57.29763961583376
      vertex 30.948601871728897 -20.500000000000004 57.55766282975674
      vertex 30.95629896223545 -20.500000000000004 57.520167611539364
    endloop
  endfacet
  facet normal 0 1 0
    outer loop
      vertex 26.318302772939205 -20.500000000000004 61.309996753931046
      vertex 27.442073740065098 -20.500000000000004 62.01536737382412
      vertex 26.876704320311546 -20.500000000000004 60.952461801469326
    endloop
  endfacet
  facet normal 0 1 0
    outer loop
      vertex 26.876704320311546 -20.500000000000004 60.952461801469326
      vertex 28.490950286388397 -20.500000000000004 61.2320748642087
      vertex 27.400849044322968 -20.500000000000004 60.57353526353836
    endloop
  endfacet
  facet normal 0 1 0
    outer loop
      vertex 26.876704320311546 -20.500000000000004 60.952461801469326
      vertex 27.442073740065098 -20.500000000000004 62.01536737382412
      vertex 28.97940608114004 -20.500000000000004 62.078105106949806
    endloop
  endfacet
  facet normal 0 1 0
    outer loop
      vertex 28.32383569329977 -20.500000000000004 59.76830272376537
      vertex 29.59079832583666 -20.500000000000004 60.168563812971115
      vertex 28.712565183639526 -20.500000000000004 59.350819021463394
    endloop
  endfacet
  facet normal 0 1 0
    outer loop
      vertex 28.712565183639526 -20.500000000000004 59.350819021463394
      vertex 29.986901082098484 -20.500000000000004 59.67544251680374
      vertex 29.046923771500587 -20.500000000000004 58.92949167639017
    endloop
  endfacet
  facet normal 0 1 0
    outer loop
      vertex 27.400849044322968 -20.500000000000004 60.57353526353836
      vertex 28.490950286388397 -20.500000000000004 61.2320748642087
      vertex 27.88499429821968 -20.500000000000004 60.17736874520779
    endloop
  endfacet
  facet normal 0 1 0
    outer loop
      vertex 28.32383569329977 -20.500000000000004 59.76830272376537
      vertex 27.88499429821968 -20.500000000000004 60.17736874520779
      vertex 29.142062313854694 -20.500000000000004 60.64608697593212
    endloop
  endfacet
  facet normal 0 1 0
    outer loop
      vertex 27.88499429821968 -20.500000000000004 60.17736874520779
      vertex 28.490950286388397 -20.500000000000004 61.2320748642087
      vertex 28.64493442326784 -20.500000000000004 61.106072686612606
    endloop
  endfacet
  facet normal 0 1 0
    outer loop
      vertex 27.88499429821968 -20.500000000000004 60.17736874520779
      vertex 28.64493442326784 -20.500000000000004 61.106072686612606
      vertex 28.703220918774605 -20.500000000000004 61.055152997374535
    endloop
  endfacet
  facet normal 0 1 0
    outer loop
      vertex 27.88499429821968 -20.500000000000004 60.17736874520779
      vertex 28.703220918774605 -20.500000000000004 61.055152997374535
      vertex 29.142062313854694 -20.500000000000004 60.64608697593212
    endloop
  endfacet
  facet normal 0 1 0
    outer loop
      vertex 26.876704320311546 -20.500000000000004 60.952461801469326
      vertex 28.97940608114004 -20.500000000000004 62.078105106949806
      vertex 28.490950286388397 -20.500000000000004 61.2320748642087
    endloop
  endfacet
  facet normal 0 1 0
    outer loop
      vertex 28.32383569329977 -20.500000000000004 59.76830272376537
      vertex 29.142062313854694 -20.500000000000004 60.64608697593212
      vertex 29.202068835496902 -20.500000000000004 60.586047515273094
    endloop
  endfacet
  facet normal 0 1 0
    outer loop
      vertex 28.32383569329977 -20.500000000000004 59.76830272376537
      vertex 29.202068835496902 -20.500000000000004 60.586047515273094
      vertex 29.59079832583666 -20.500000000000004 60.168563812971115
    endloop
  endfacet
  facet normal 0 1 0
    outer loop
      vertex 28.712565183639526 -20.500000000000004 59.350819021463394
      vertex 29.59079832583666 -20.500000000000004 60.168563812971115
      vertex 29.652542494237423 -20.500000000000004 60.096769861876965
    endloop
  endfacet
  facet normal 0 1 0
    outer loop
      vertex 26.318302772939205 -20.500000000000004 61.309996753931046
      vertex 26.323179699480534 -20.500000000000004 62.68636155873537
      vertex 26.909720107913017 -20.500000000000004 62.354135408997536
    endloop
  endfacet
  facet normal 0 1 0
    outer loop
      vertex 26.318302772939205 -20.500000000000004 61.309996753931046
      vertex 26.909720107913017 -20.500000000000004 62.354135408997536
      vertex 26.965370006859303 -20.500000000000004 62.3205926194787
    endloop
  endfacet
  facet normal 0 1 0
    outer loop
      vertex 26.318302772939205 -20.500000000000004 61.309996753931046
      vertex 26.965370006859303 -20.500000000000004 62.3205926194787
      vertex 27.442073740065098 -20.500000000000004 62.01536737382412
    endloop
  endfacet
  facet normal 0 1 0
    outer loop
      vertex 26.21647810935974 -20.500000000000004 65.00016827881336
      vertex 27.85357306152582 -20.500000000000004 62.72810510545969
      vertex 27.0746211707592 -20.500000000000004 63.151041485369205
    endloop
  endfacet
  facet normal 0 1 0
    outer loop
      vertex 26.21647810935974 -20.500000000000004 65.00016827881336
      vertex 28.97940608114004 -20.500000000000004 62.078105106949806
      vertex 27.85357306152582 -20.500000000000004 62.72810510545969
    endloop
  endfacet
  facet normal 0 1 0
    outer loop
      vertex 26.21647810935974 -20.500000000000004 65.00016827881336
      vertex 27.664808817207813 -20.500000000000004 64.30934996902943
      vertex 28.97940608114004 -20.500000000000004 62.078105106949806
    endloop
  endfacet
  facet normal 0 1 0
    outer loop
      vertex 25.687720477581024 -20.500000000000004 63.81255917996168
      vertex 26.21647810935974 -20.500000000000004 65.00016827881336
      vertex 27.0746211707592 -20.500000000000004 63.151041485369205
    endloop
  endfacet
  facet normal 0 1 0
    outer loop
      vertex 27.442073740065098 -20.500000000000004 62.01536737382412
      vertex 27.85357306152582 -20.500000000000004 62.72810510545969
      vertex 28.97940608114004 -20.500000000000004 62.078105106949806
    endloop
  endfacet
  facet normal 0 1 0
    outer loop
      vertex 27.664808817207813 -20.500000000000004 64.30934996902943
      vertex 28.503573060035706 -20.500000000000004 63.85393813252449
      vertex 28.97940608114004 -20.500000000000004 62.078105106949806
    endloop
  endfacet
  facet normal 0 1 0
    outer loop
      vertex 28.503573060035706 -20.500000000000004 63.85393813252449
      vertex 29.629406079649925 -20.500000000000004 63.20393813401461
      vertex 28.97940608114004 -20.500000000000004 62.078105106949806
    endloop
  endfacet
  facet normal 0 1 0
    outer loop
      vertex 28.503573060035706 -20.500000000000004 63.85393813252449
      vertex 29.542511627078056 -20.500000000000004 65.65343251824379
      vertex 29.629406079649925 -20.500000000000004 63.20393813401461
    endloop
  endfacet
  facet normal 0 1 0
    outer loop
      vertex 29.323248155415058 -20.500000000000004 58.50893682986498
      vertex 30.38856726884842 -20.500000000000004 59.0612910464406
      vertex 29.538510859012604 -20.500000000000004 58.093762174248695
    endloop
  endfacet
  facet normal 0 1 0
    outer loop
      vertex 29.69035343825817 -20.500000000000004 57.688516452908516
      vertex 29.538510859012604 -20.500000000000004 58.093762174248695
      vertex 30.662219390273094 -20.500000000000004 58.51480746269226
    endloop
  endfacet
  facet normal 0 1 0
    outer loop
      vertex 29.323248155415058 -20.500000000000004 58.50893682986498
      vertex 29.046923771500587 -20.500000000000004 58.92949167639017
      vertex 30.326138757169247 -20.500000000000004 59.16788329184055
    endloop
  endfacet
  facet normal 0 1 0
    outer loop
      vertex 28.712565183639526 -20.500000000000004 59.350819021463394
      vertex 29.652542494237423 -20.500000000000004 60.096769861876965
      vertex 29.986901082098484 -20.500000000000004 59.67544251680374
    endloop
  endfacet
  facet normal 0 1 0
    outer loop
      vertex 29.046923771500587 -20.500000000000004 58.92949167639017
      vertex 29.986901082098484 -20.500000000000004 59.67544251680374
      vertex 30.049814373254776 -20.500000000000004 59.588438138365746
    endloop
  endfacet
  facet normal 0 1 0
    outer loop
      vertex 29.046923771500587 -20.500000000000004 58.92949167639017
      vertex 30.049814373254776 -20.500000000000004 59.588438138365746
      vertex 30.326138757169247 -20.500000000000004 59.16788329184055
    endloop
  endfacet
  facet normal 0 1 0
    outer loop
      vertex 29.323248155415058 -20.500000000000004 58.50893682986498
      vertex 30.326138757169247 -20.500000000000004 59.16788329184055
      vertex 30.38856726884842 -20.500000000000004 59.0612910464406
    endloop
  endfacet
  facet normal 0 1 0
    outer loop
      vertex 29.69035343825817 -20.500000000000004 57.688516452908516
      vertex 30.81406196951866 -20.500000000000004 58.10956174135208
      vertex 30.81788095831871 -20.500000000000004 58.09922520816326
    endloop
  endfacet
  facet normal 0 1 0
    outer loop
      vertex 29.69035343825817 -20.500000000000004 57.688516452908516
      vertex 30.81788095831871 -20.500000000000004 58.09922520816326
      vertex 30.861843056976795 -20.500000000000004 57.94853966683149
    endloop
  endfacet
  facet normal 0 1 0
    outer loop
      vertex 29.69035343825817 -20.500000000000004 57.688516452908516
      vertex 30.662219390273094 -20.500000000000004 58.51480746269226
      vertex 30.81406196951866 -20.500000000000004 58.10956174135208
    endloop
  endfacet
  facet normal 0 1 0
    outer loop
      vertex 29.538510859012604 -20.500000000000004 58.093762174248695
      vertex 30.603829972445965 -20.500000000000004 58.64611639082432
      vertex 30.662219390273094 -20.500000000000004 58.51480746269226
    endloop
  endfacet
  facet normal 0 1 0
    outer loop
      vertex 29.538510859012604 -20.500000000000004 58.093762174248695
      vertex 30.38856726884842 -20.500000000000004 59.0612910464406
      vertex 30.603829972445965 -20.500000000000004 58.64611639082432
    endloop
  endfacet
  facet normal 0 1 0
    outer loop
      vertex 29.735155679285526 -20.500000000000004 61.61498116701841
      vertex 31.765617981553078 -20.500000000000004 61.79637087881565
      vertex 31.00149715691805 -20.500000000000004 60.74464878439903
    endloop
  endfacet
  facet normal 0 1 0
    outer loop
      vertex 32.22055348008871 -20.500000000000004 59.80923397094011
      vertex 31.00149715691805 -20.500000000000004 60.74464878439903
      vertex 33.03866998851299 -20.500000000000004 60.819523721933365
    endloop
  endfacet
  facet normal 0 1 0
    outer loop
      vertex 31.00149715691805 -20.500000000000004 60.74464878439903
      vertex 31.765617981553078 -20.500000000000004 61.79637087881565
      vertex 33.03866998851299 -20.500000000000004 60.819523721933365
    endloop
  endfacet
  facet normal 0 1 0
    outer loop
      vertex 28.97940608114004 -20.500000000000004 62.078105106949806
      vertex 30.443186424672604 -20.500000000000004 62.70525290817022
      vertex 29.735155679285526 -20.500000000000004 61.61498116701841
    endloop
  endfacet
  facet normal 0 1 0
    outer loop
      vertex 28.97940608114004 -20.500000000000004 62.078105106949806
      vertex 29.629406079649925 -20.500000000000004 63.20393813401461
      vertex 30.443186424672604 -20.500000000000004 62.70525290817022
    endloop
  endfacet
  facet normal 0 1 0
    outer loop
      vertex 29.735155679285526 -20.500000000000004 61.61498116701841
      vertex 30.443186424672604 -20.500000000000004 62.70525290817022
      vertex 31.765617981553078 -20.500000000000004 61.79637087881565
    endloop
  endfacet
  facet normal 0 1 0
    outer loop
      vertex 29.629406079649925 -20.500000000000004 63.20393813401461
      vertex 29.542511627078056 -20.500000000000004 65.65343251824379
      vertex 29.855828538537025 -20.500000000000004 65.5911099165678
    endloop
  endfacet
  facet normal 0 1 0
    outer loop
      vertex 29.629406079649925 -20.500000000000004 63.20393813401461
      vertex 29.855828538537025 -20.500000000000004 65.5911099165678
      vertex 30.818894766271114 -20.500000000000004 65.26419298350811
    endloop
  endfacet
  facet normal 0 1 0
    outer loop
      vertex 35.56130062788725 -20.500000000000004 56.63898329436779
      vertex 34.503584027290344 -20.500000000000004 57.753584027290344
      vertex 36.52738890051842 -20.500000000000004 57.50885308533907
    endloop
  endfacet
  facet normal 0 1 0
    outer loop
      vertex 33.0257349088788 -20.500000000000004 48.879406079649925
      vertex 38.75 -20.500000000000004 52.18431207537651
      vertex 38.75 -20.500000000000004 50.683201380074024
    endloop
  endfacet
  facet normal 0 1 0
    outer loop
      vertex 38.75 -20.500000000000004 52.35686203092337
      vertex 38.36498116701841 -20.500000000000004 52.985155679285526
      vertex 38.75 -20.500000000000004 54
    endloop
  endfacet
  facet normal 0 1 0
    outer loop
      vertex 35.56130062788725 -20.500000000000004 56.63898329436779
      vertex 37.569523721933365 -20.500000000000004 56.28866998851299
      vertex 36.55923397094011 -20.500000000000004 55.47055348008871
    endloop
  endfacet
  facet normal 0 1 0
    outer loop
      vertex 35.56130062788725 -20.500000000000004 56.63898329436779
      vertex 36.52738890051842 -20.500000000000004 57.50885308533907
      vertex 37.569523721933365 -20.500000000000004 56.28866998851299
    endloop
  endfacet
  facet normal 0 1 0
    outer loop
      vertex 36.55923397094011 -20.500000000000004 55.47055348008871
      vertex 38.54637087881565 -20.500000000000004 55.01561798155308
      vertex 37.49464878439903 -20.500000000000004 54.25149715691805
    endloop
  endfacet
  facet normal 0 1 0
    outer loop
      vertex 36.55923397094011 -20.500000000000004 55.47055348008871
      vertex 37.569523721933365 -20.500000000000004 56.28866998851299
      vertex 38.54637087881565 -20.500000000000004 55.01561798155308
    endloop
  endfacet
  facet normal 0 1 0
    outer loop
      vertex 38.36498116701841 -20.500000000000004 52.985155679285526
      vertex 37.49464878439903 -20.500000000000004 54.25149715691805
      vertex 38.75 -20.500000000000004 54
    endloop
  endfacet
  facet normal 0 1 0
    outer loop
      vertex 37.49464878439903 -20.500000000000004 54.25149715691805
      vertex 38.6978819295764 -20.500000000000004 54.79516801983118
      vertex 38.75 -20.500000000000004 54
    endloop
  endfacet
  facet normal 0 1 0
    outer loop
      vertex 37.49464878439903 -20.500000000000004 54.25149715691805
      vertex 38.54637087881565 -20.500000000000004 55.01561798155308
      vertex 38.6978819295764 -20.500000000000004 54.79516801983118
    endloop
  endfacet
  facet normal 0 1 0
    outer loop
      vertex 32.22055348008871 -20.500000000000004 59.80923397094011
      vertex 34.25885308533907 -20.500000000000004 59.77738890051842
      vertex 33.38898329436779 -20.500000000000004 58.81130062788725
    endloop
  endfacet
  facet normal 0 1 0
    outer loop
      vertex 32.22055348008871 -20.500000000000004 59.80923397094011
      vertex 33.03866998851299 -20.500000000000004 60.819523721933365
      vertex 34.25885308533907 -20.500000000000004 59.77738890051842
    endloop
  endfacet
  facet normal 0 1 0
    outer loop
      vertex 33.38898329436779 -20.500000000000004 58.81130062788725
      vertex 35.4228228405118 -20.500000000000004 58.6728228405118
      vertex 34.503584027290344 -20.500000000000004 57.753584027290344
    endloop
  endfacet
  facet normal 0 1 0
    outer loop
      vertex 33.38898329436779 -20.500000000000004 58.81130062788725
      vertex 34.25885308533907 -20.500000000000004 59.77738890051842
      vertex 35.4228228405118 -20.500000000000004 58.6728228405118
    endloop
  endfacet
  facet normal 0 1 0
    outer loop
      vertex 36.52738890051842 -20.500000000000004 57.50885308533907
      vertex 34.503584027290344 -20.500000000000004 57.753584027290344
      vertex 35.4228228405118 -20.500000000000004 58.6728228405118
    endloop
  endfacet
  facet normal -0.6494480467630198 0 -0.7604059669385153
    outer loop
      vertex 27.18599034845829 -20.500000000000004 53.592066280543804
      vertex 28.035938449203968 -20.500000000000004 52.86614202708006
      vertex 28.035938449203968 -21.300000000000004 52.86614202708006
    endloop
  endfacet
  facet normal -0.7253743676469134 0 -0.6883545792401184
    outer loop
      vertex 28.846729777753353 -20.500000000000004 52.09672977775335
      vertex 29.61614202708006 -20.500000000000004 51.28593844920397
      vertex 29.61614202708006 -21.300000000000004 51.28593844920397
    endloop
  endfacet
  facet normal -0.6883545792401184 0 -0.7253743676469134
    outer loop
      vertex 28.035938449203968 -20.500000000000004 52.86614202708006
      vertex 28.846729777753353 -20.500000000000004 52.09672977775335
      vertex 28.846729777753353 -21.300000000000004 52.09672977775335
    endloop
  endfacet
  facet normal -0.05159289495124358 0 -0.9986681997493211
    outer loop
      vertex 26.03953940421343 -20.500000000000004 53.80398127436638
      vertex 26.60922097414732 -20.500000000000004 53.774550557136536
      vertex 26.60922097414732 -21.300000000000004 53.774550557136536
    endloop
  endfacet
  facet normal -0.012149939381841631 0 -0.9999261867623118
    outer loop
      vertex 26.60922097414732 -20.500000000000004 53.774550557136536
      vertex 26.70390673726797 -20.500000000000004 53.77340004593134
      vertex 26.70390673726797 -21.300000000000004 53.77340004593134
    endloop
  endfacet
  facet normal 0.027311890831169 0 -0.9996269607304648
    outer loop
      vertex 26.70390673726797 -20.500000000000004 53.77340004593134
      vertex 26.94122154265642 -20.500000000000004 53.77988398075104
      vertex 26.94122154265642 -21.300000000000004 53.77988398075104
    endloop
  endfacet
  facet normal 0.05159289495124358 0 0.9986681997493211
    outer loop
      vertex 26.101450875401497 -20.500000000000004 55.00238311290741
      vertex 26.101450875401497 -21.300000000000004 55.00238311290741
      vertex 26.671132445335388 -20.500000000000004 54.97295239567757
    endloop
  endfacet
  facet normal -0.02731190872675779 0 0.9996269602415199
    outer loop
      vertex 26.671132445335388 -20.500000000000004 54.97295239567757
      vertex 26.671132445335388 -21.300000000000004 54.97295239567757
      vertex 27.208809480071068 -20.500000000000004 54.987642861902714
    endloop
  endfacet
  facet normal -0.6087614079962163 0 -0.7933533564146964
    outer loop
      vertex 27.18599034845829 -20.500000000000004 53.592066280543804
      vertex 27.18599034845829 -21.300000000000004 53.592066280543804
      vertex 26.94122154265642 -20.500000000000004 53.77988398075104
    endloop
  endfacet
  facet normal -0.11655280367456394 0 0.9931844964333658
    outer loop
      vertex 27.208809480071068 -20.500000000000004 54.987642861902714
      vertex 27.208809480071068 -21.300000000000004 54.987642861902714
      vertex 27.70859107375145 -20.500000000000004 55.046293541789055
    endloop
  endfacet
  facet normal -0.2180383699782946 0 0.9759401975619245
    outer loop
      vertex 27.70859107375145 -20.500000000000004 55.046293541789055
      vertex 27.70859107375145 -21.300000000000004 55.046293541789055
      vertex 28.16500151157379 -20.500000000000004 55.14826186746359
    endloop
  endfacet
  facet normal -0.33313878221240095 0 0.9428778032099592
    outer loop
      vertex 28.16500151157379 -20.500000000000004 55.14826186746359
      vertex 28.16500151157379 -21.300000000000004 55.14826186746359
      vertex 28.573040269315243 -20.500000000000004 55.29243063926697
    endloop
  endfacet
  facet normal 0.3331387802163662 0 -0.9428778039152007
    outer loop
      vertex 28.653137646615505 -20.500000000000004 54.048031359910965
      vertex 28.972806811332703 -20.500000000000004 54.16097727417946
      vertex 28.653137646615505 -21.300000000000004 54.048031359910965
    endloop
  endfacet
  facet normal 0.6494480358345994 0 0.7604059762722678
    outer loop
      vertex 28.653137646615505 -20.500000000000004 54.048031359910965
      vertex 28.905808232724667 -21.300000000000004 53.83223029971123
      vertex 28.905808232724667 -20.500000000000004 53.83223029971123
    endloop
  endfacet
  facet normal 0.3940927027788433 0 -0.9190706945695016
    outer loop
      vertex 28.972806811332703 -20.500000000000004 54.16097727417946
      vertex 29.11707104742527 -20.500000000000004 54.22283702343702
      vertex 28.972806811332703 -21.300000000000004 54.16097727417946
    endloop
  endfacet
  facet normal 0.4574464876170137 0 -0.8892371511395918
    outer loop
      vertex 29.11707104742527 -20.500000000000004 54.22283702343702
      vertex 29.126869924366474 -20.500000000000004 54.227877818048
      vertex 29.11707104742527 -21.300000000000004 54.22283702343702
    endloop
  endfacet
  facet normal 0.4615247144029124 0 -0.8871273516216882
    outer loop
      vertex 29.126869924366474 -20.500000000000004 54.227877818048
      vertex 29.482066445052624 -20.500000000000004 54.412667490541935
      vertex 29.126869924366474 -21.300000000000004 54.227877818048
    endloop
  endfacet
  facet normal -0.4615247144029124 0 0.8871273516216882
    outer loop
      vertex 28.573040269315243 -20.500000000000004 55.29243063926697
      vertex 28.573040269315243 -21.300000000000004 55.29243063926697
      vertex 28.928236790001392 -20.500000000000004 55.4772203117609
    endloop
  endfacet
  facet normal -0.5992082669325726 0 0.8005931881047095
    outer loop
      vertex 28.928236790001392 -20.500000000000004 55.4772203117609
      vertex 28.928236790001392 -21.300000000000004 55.4772203117609
      vertex 29.226699464023113 -20.500000000000004 55.70060630142689
    endloop
  endfacet
  facet normal -0.7363736846176779 0 0.6765750487585133
    outer loop
      vertex 29.226699464023113 -20.500000000000004 55.70060630142689
      vertex 29.226699464023113 -21.300000000000004 55.70060630142689
      vertex 29.4651582762599 -20.500000000000004 55.96014113724232
    endloop
  endfacet
  facet normal -0.7604059669385153 0 -0.6494480467630198
    outer loop
      vertex 29.61614202708006 -20.500000000000004 51.28593844920397
      vertex 30.342066280543804 -20.500000000000004 50.43599034845829
      vertex 30.342066280543804 -21.300000000000004 50.43599034845829
    endloop
  endfacet
  facet normal -0.7933533407393649 0 -0.6087614284247067
    outer loop
      vertex 30.342066280543804 -20.500000000000004 50.43599034845829
      vertex 31.022512830793858 -20.500000000000004 49.54921513795853
      vertex 31.022512830793858 -21.300000000000004 49.54921513795853
    endloop
  endfacet
  facet normal 0.6883545788282939 0 0.7253743680377204
    outer loop
      vertex 28.905808232724667 -20.500000000000004 53.83223029971123
      vertex 29.765968590974808 -21.300000000000004 53.01596859097481
      vertex 29.765968590974808 -20.500000000000004 53.01596859097481
    endloop
  endfacet
  facet normal 0.7253743680377204 0 0.6883545788282939
    outer loop
      vertex 29.765968590974808 -20.500000000000004 53.01596859097481
      vertex 30.582230299711227 -21.300000000000004 52.15580823272467
      vertex 30.582230299711227 -20.500000000000004 52.15580823272467
    endloop
  endfacet
  facet normal 0.7604059675937551 0 0.6494480459958325
    outer loop
      vertex 30.582230299711227 -20.500000000000004 52.15580823272467
      vertex 31.352356024086475 -21.300000000000004 51.25410685688257
      vertex 31.352356024086475 -20.500000000000004 51.25410685688257
    endloop
  endfacet
  facet normal 0.793353338486589 0 0.6087614313605815
    outer loop
      vertex 31.352356024086475 -20.500000000000004 51.25410685688257
      vertex 32.074234925210476 -21.300000000000004 50.313335962593555
      vertex 32.074234925210476 -20.500000000000004 50.313335962593555
    endloop
  endfacet
  facet normal 0.5185574330240582 0 -0.855042799312116
    outer loop
      vertex 29.482066445052624 -20.500000000000004 54.412667490541935
      vertex 29.616280384361744 -20.500000000000004 54.494064159691334
      vertex 29.482066445052624 -21.300000000000004 54.412667490541935
    endloop
  endfacet
  facet normal 0.586363508922945 0 -0.8100480451205172
    outer loop
      vertex 29.616280384361744 -20.500000000000004 54.494064159691334
      vertex 29.64728671312332 -20.500000000000004 54.5165084823966
      vertex 29.616280384361744 -21.300000000000004 54.494064159691334
    endloop
  endfacet
  facet normal 0.5992082669325726 0 -0.8005931881047095
    outer loop
      vertex 29.64728671312332 -20.500000000000004 54.5165084823966
      vertex 29.945749387145042 -20.500000000000004 54.73989447206259
      vertex 29.64728671312332 -21.300000000000004 54.5165084823966
    endloop
  endfacet
  facet normal 0.6502866476099016 0 -0.7596889336697458
    outer loop
      vertex 29.945749387145042 -20.500000000000004 54.73989447206259
      vertex 30.064995869994164 -20.500000000000004 54.84196835011244
      vertex 29.945749387145042 -21.300000000000004 54.73989447206259
    endloop
  endfacet
  facet normal 0.7177413756530313 0 -0.6963097857101352
    outer loop
      vertex 30.064995869994164 -20.500000000000004 54.84196835011244
      vertex 30.110347881913185 -20.500000000000004 54.888716243207455
      vertex 30.064995869994164 -21.300000000000004 54.84196835011244
    endloop
  endfacet
  facet normal 0.7363736846176779 0 -0.6765750487585133
    outer loop
      vertex 30.110347881913185 -20.500000000000004 54.888716243207455
      vertex 30.34880669414997 -20.500000000000004 55.148251079022884
      vertex 30.110347881913185 -21.300000000000004 54.888716243207455
    endloop
  endfacet
  facet normal 0.779047178970537 0 -0.6269653044132891
    outer loop
      vertex 30.34880669414997 -20.500000000000004 55.148251079022884
      vertex 30.447219878435135 -20.500000000000004 55.27053617686033
      vertex 30.34880669414997 -21.300000000000004 55.148251079022884
    endloop
  endfacet
  facet normal 0.8383841946282162 0 -0.5450797576479951
    outer loop
      vertex 30.447219878435135 -20.500000000000004 55.27053617686033
      vertex 30.493935465812683 -20.500000000000004 55.34238916635513
      vertex 30.447219878435135 -21.300000000000004 55.27053617686033
    endloop
  endfacet
  facet normal 0.8573143245023692 0 -0.5147933070690083
    outer loop
      vertex 30.493935465812683 -20.500000000000004 55.34238916635513
      vertex 30.669777803122997 -20.500000000000004 55.63522932678461
      vertex 30.493935465812683 -21.300000000000004 55.34238916635513
    endloop
  endfacet
  facet normal 0.889147844786622 0 -0.45762004994460775
    outer loop
      vertex 30.669777803122997 -20.500000000000004 55.63522932678461
      vertex 30.741609282791615 -20.500000000000004 55.77479664981365
      vertex 30.669777803122997 -21.300000000000004 55.63522932678461
    endloop
  endfacet
  facet normal -0.8573143245023692 0 0.5147933070690083
    outer loop
      vertex 29.4651582762599 -20.500000000000004 55.96014113724232
      vertex 29.4651582762599 -21.300000000000004 55.96014113724232
      vertex 29.641000613570213 -20.500000000000004 56.252981297671795
    endloop
  endfacet
  facet normal -0.945425575902298 0 0.32583811997648143
    outer loop
      vertex 29.641000613570213 -20.500000000000004 56.252981297671795
      vertex 29.641000613570213 -21.300000000000004 56.252981297671795
      vertex 29.752299919724464 -20.500000000000004 56.57591837644577
    endloop
  endfacet
  facet normal -0.9916184351874456 0 0.1292009249053652
    outer loop
      vertex 29.752299919724464 -20.500000000000004 56.57591837644577
      vertex 29.752299919724464 -21.300000000000004 56.57591837644577
      vertex 29.797836773097515 -20.500000000000004 56.92541419714689
    endloop
  endfacet
  facet normal -0.9762413497006317 0 -0.21668601047296218
    outer loop
      vertex 29.69035343825817 -20.500000000000004 57.688516452908516
      vertex 29.777112253010273 -20.500000000000004 57.29763961583376
      vertex 29.777112253010273 -21.300000000000004 57.29763961583376
    endloop
  endfacet
  facet normal -0.9984536114570649 0 -0.05559123823359535
    outer loop
      vertex 29.797836773097515 -20.500000000000004 56.92541419714689
      vertex 29.797836773097515 -21.300000000000004 56.92541419714689
      vertex 29.777112253010273 -20.500000000000004 57.29763961583376
    endloop
  endfacet
  facet normal 0.9320078733991758 0 -0.36243802769845485
    outer loop
      vertex 30.741609282791615 -20.500000000000004 55.77479664981365
      vertex 30.77551130205393 -20.500000000000004 55.86197555065155
      vertex 30.741609282791615 -21.300000000000004 55.77479664981365
    endloop
  endfacet
  facet normal 0.945425575902298 0 -0.32583811997648143
    outer loop
      vertex 30.77551130205393 -20.500000000000004 55.86197555065155
      vertex 30.88681060820818 -20.500000000000004 56.184912629425526
      vertex 30.77551130205393 -21.300000000000004 55.86197555065155
    endloop
  endfacet
  facet normal 0.9647121738037422 0 -0.2633067065512351
    outer loop
      vertex 30.88681060820818 -20.500000000000004 56.184912629425526
      vertex 30.928141206502914 -20.500000000000004 56.336341097950935
      vertex 30.88681060820818 -21.300000000000004 56.184912629425526
    endloop
  endfacet
  facet normal 0.9863722052900904 0 -0.1645292455193424
    outer loop
      vertex 30.928141206502914 -20.500000000000004 56.336341097950935
      vertex 30.9422420412302 -20.500000000000004 56.42087726294994
      vertex 30.928141206502914 -21.300000000000004 56.336341097950935
    endloop
  endfacet
  facet normal 0.9762413497006317 0 0.21668601047296218
    outer loop
      vertex 30.948601871728897 -20.500000000000004 57.55766282975674
      vertex 30.861843056976795 -20.500000000000004 57.94853966683149
      vertex 30.948601871728897 -21.300000000000004 57.55766282975674
    endloop
  endfacet
  facet normal 0.9916184351874456 0 -0.1292009249053652
    outer loop
      vertex 30.9422420412302 -20.500000000000004 56.42087726294994
      vertex 30.987778894603252 -20.500000000000004 56.770373083651066
      vertex 30.9422420412302 -21.300000000000004 56.42087726294994
    endloop
  endfacet
  facet normal 0.9979454477569946 0 -0.06406936320185903
    outer loop
      vertex 30.987778894603252 -20.500000000000004 56.770373083651066
      vertex 30.99783570319414 -20.500000000000004 56.92701809853315
      vertex 30.987778894603252 -21.300000000000004 56.770373083651066
    endloop
  endfacet
  facet normal 0.9995945203217983 0 0.02847446123518675
    outer loop
      vertex 30.99783570319414 -20.500000000000004 56.92701809853315
      vertex 30.995981104671955 -20.500000000000004 56.99212368577719
      vertex 30.99783570319414 -21.300000000000004 56.92701809853315
    endloop
  endfacet
  facet normal 0.9984536114570649 0 0.05559123823359535
    outer loop
      vertex 30.995981104671955 -20.500000000000004 56.99212368577719
      vertex 30.975256584584713 -20.500000000000004 57.364349104464054
      vertex 30.995981104671955 -21.300000000000004 56.99212368577719
    endloop
  endfacet
  facet normal 0.9926800073654026 0 0.12077418174851776
    outer loop
      vertex 30.975256584584713 -20.500000000000004 57.364349104464054
      vertex 30.95629896223545 -20.500000000000004 57.520167611539364
      vertex 30.975256584584713 -21.300000000000004 57.364349104464054
    endloop
  endfacet
  facet normal 0.9795730493774817 0 0.20108863949338832
    outer loop
      vertex 30.95629896223545 -20.500000000000004 57.520167611539364
      vertex 30.948601871728897 -20.500000000000004 57.55766282975674
      vertex 30.95629896223545 -21.300000000000004 57.520167611539364
    endloop
  endfacet
  facet normal -0.5392226933850457 0 -0.842163218704413
    outer loop
      vertex 26.318302772939205 -20.500000000000004 61.309996753931046
      vertex 26.876704320311546 -20.500000000000004 60.952461801469326
      vertex 26.876704320311546 -21.300000000000004 60.952461801469326
    endloop
  endfacet
  facet normal -0.5858741474286943 0 -0.8104020504507009
    outer loop
      vertex 26.876704320311546 -20.500000000000004 60.952461801469326
      vertex 27.400849044322968 -20.500000000000004 60.57353526353836
      vertex 27.400849044322968 -21.300000000000004 60.57353526353836
    endloop
  endfacet
  facet normal -0.6332834388717836 0 -0.7739199480894182
    outer loop
      vertex 27.400849044322968 -20.500000000000004 60.57353526353836
      vertex 27.88499429821968 -20.500000000000004 60.17736874520779
      vertex 27.88499429821968 -21.300000000000004 60.17736874520779
    endloop
  endfacet
  facet normal -0.7318609541492263 0 -0.6814539924248622
    outer loop
      vertex 28.32383569329977 -20.500000000000004 59.76830272376537
      vertex 28.712565183639526 -20.500000000000004 59.350819021463394
      vertex 28.712565183639526 -21.300000000000004 59.350819021463394
    endloop
  endfacet
  facet normal -0.8357421689398625 0 -0.5491220511468231
    outer loop
      vertex 29.323248155415058 -20.500000000000004 58.50893682986498
      vertex 29.323248155415058 -21.300000000000004 58.50893682986498
      vertex 29.046923771500587 -20.500000000000004 58.92949167639017
    endloop
  endfacet
  facet normal -0.783314426211995 0 -0.621625699024882
    outer loop
      vertex 28.712565183639526 -20.500000000000004 59.350819021463394
      vertex 29.046923771500587 -20.500000000000004 58.92949167639017
      vertex 29.046923771500587 -21.300000000000004 58.92949167639017
    endloop
  endfacet
  facet normal -0.6818555181547918 0 -0.7314868777783101
    outer loop
      vertex 28.32383569329977 -20.500000000000004 59.76830272376537
      vertex 28.32383569329977 -21.300000000000004 59.76830272376537
      vertex 27.88499429821968 -20.500000000000004 60.17736874520779
    endloop
  endfacet
  facet normal 0.6332834194606383 0 0.7739199639731754
    outer loop
      vertex 28.490950286388397 -20.500000000000004 61.2320748642087
      vertex 28.64493442326784 -21.300000000000004 61.106072686612606
      vertex 28.64493442326784 -20.500000000000004 61.106072686612606
    endloop
  endfacet
  facet normal 0.6818555181547918 0 0.7314868777783101
    outer loop
      vertex 29.142062313854694 -20.500000000000004 60.64608697593212
      vertex 28.703220918774605 -20.500000000000004 61.055152997374535
      vertex 29.142062313854694 -21.300000000000004 60.64608697593212
    endloop
  endfacet
  facet normal 0.7073007752329138 0 0.7069127339034988
    outer loop
      vertex 29.142062313854694 -20.500000000000004 60.64608697593212
      vertex 29.202068835496902 -21.300000000000004 60.586047515273094
      vertex 29.202068835496902 -20.500000000000004 60.586047515273094
    endloop
  endfacet
  facet normal 0.6579116994328547 0 0.7530950774964428
    outer loop
      vertex 28.703220918774605 -20.500000000000004 61.055152997374535
      vertex 28.64493442326784 -20.500000000000004 61.106072686612606
      vertex 28.703220918774605 -21.300000000000004 61.055152997374535
    endloop
  endfacet
  facet normal 0.8660254009642819 0 -0.5000000048846547
    outer loop
      vertex 28.490950286388397 -20.500000000000004 61.2320748642087
      vertex 28.97940608114004 -20.500000000000004 62.078105106949806
      vertex 28.490950286388397 -21.300000000000004 61.2320748642087
    endloop
  endfacet
  facet normal 0.4696947349216487 0 0.8828288939465462
    outer loop
      vertex 26.26721902191639 -20.500000000000004 62.716134525835514
      vertex 26.323179699480534 -21.300000000000004 62.68636155873537
      vertex 26.323179699480534 -20.500000000000004 62.68636155873537
    endloop
  endfacet
  facet normal 0.5162243908889866 0 0.856453371907248
    outer loop
      vertex 26.909720107913017 -20.500000000000004 62.354135408997536
      vertex 26.965370006859303 -21.300000000000004 62.3205926194787
      vertex 26.965370006859303 -20.500000000000004 62.3205926194787
    endloop
  endfacet
  facet normal 0.4928477799336172 0 0.870115547392704
    outer loop
      vertex 26.323179699480534 -20.500000000000004 62.68636155873537
      vertex 26.909720107913017 -21.300000000000004 62.354135408997536
      vertex 26.909720107913017 -20.500000000000004 62.354135408997536
    endloop
  endfacet
  facet normal 0.5392226998485962 0 0.8421632145659123
    outer loop
      vertex 26.965370006859303 -20.500000000000004 62.3205926194787
      vertex 27.442073740065098 -21.300000000000004 62.01536737382412
      vertex 27.442073740065098 -20.500000000000004 62.01536737382412
    endloop
  endfacet
  facet normal -0.8660254036585207 0 0.5000000002180963
    outer loop
      vertex 27.442073740065098 -20.500000000000004 62.01536737382412
      vertex 27.85357306152582 -21.300000000000004 62.72810510545969
      vertex 27.85357306152582 -20.500000000000004 62.72810510545969
    endloop
  endfacet
  facet normal -0.47715876990845363 0 -0.8788171074230698
    outer loop
      vertex 27.0746211707592 -20.500000000000004 63.151041485369205
      vertex 27.85357306152582 -20.500000000000004 62.72810510545969
      vertex 27.0746211707592 -21.300000000000004 63.151041485369205
    endloop
  endfacet
  facet normal 0.43051109624222184 0 0.9025852846198638
    outer loop
      vertex 26.21647810935974 -20.500000000000004 65.00016827881336
      vertex 27.664808817207813 -21.300000000000004 64.30934996902943
      vertex 27.664808817207813 -20.500000000000004 64.30934996902943
    endloop
  endfacet
  facet normal -0.522498556966215 0 -0.8526401691031351
    outer loop
      vertex 28.97940608114004 -20.500000000000004 62.078105106949806
      vertex 29.735155679285526 -20.500000000000004 61.61498116701841
      vertex 28.97940608114004 -21.300000000000004 62.078105106949806
    endloop
  endfacet
  facet normal 0.4771587685204139 0 0.878817108176714
    outer loop
      vertex 27.664808817207813 -20.500000000000004 64.30934996902943
      vertex 28.503573060035706 -21.300000000000004 63.85393813252449
      vertex 28.503573060035706 -20.500000000000004 63.85393813252449
    endloop
  endfacet
  facet normal -0.8660254039840587 0 0.4999999996542479
    outer loop
      vertex 28.503573060035706 -20.500000000000004 63.85393813252449
      vertex 29.542511627078056 -21.300000000000004 65.65343251824379
      vertex 29.542511627078056 -20.500000000000004 65.65343251824379
    endloop
  endfacet
  facet normal -0.8877659289621479 0 -0.4602951828707036
    outer loop
      vertex 29.323248155415058 -20.500000000000004 58.50893682986498
      vertex 29.538510859012604 -20.500000000000004 58.093762174248695
      vertex 29.538510859012604 -21.300000000000004 58.093762174248695
    endloop
  endfacet
  facet normal -0.9364237766021044 0 -0.35087107406318385
    outer loop
      vertex 29.69035343825817 -20.500000000000004 57.688516452908516
      vertex 29.69035343825817 -21.300000000000004 57.688516452908516
      vertex 29.538510859012604 -20.500000000000004 58.093762174248695
    endloop
  endfacet
  facet normal 0.8103395987215745 0 0.5859605231956821
    outer loop
      vertex 29.986901082098484 -20.500000000000004 59.67544251680374
      vertex 30.049814373254776 -21.300000000000004 59.588438138365746
      vertex 30.049814373254776 -20.500000000000004 59.588438138365746
    endloop
  endfacet
  facet normal 0.9599791925418193 0 0.2800713299978357
    outer loop
      vertex 30.861843056976795 -20.500000000000004 57.94853966683149
      vertex 30.81788095831871 -20.500000000000004 58.09922520816326
      vertex 30.861843056976795 -21.300000000000004 57.94853966683149
    endloop
  endfacet
  facet normal 0.9380250157458948 0 0.3465675545040442
    outer loop
      vertex 30.81788095831871 -20.500000000000004 58.09922520816326
      vertex 30.81406196951866 -20.500000000000004 58.10956174135208
      vertex 30.81788095831871 -21.300000000000004 58.09922520816326
    endloop
  endfacet
  facet normal 0.9364237766021044 0 0.35087107406318385
    outer loop
      vertex 30.81406196951866 -20.500000000000004 58.10956174135208
      vertex 30.662219390273094 -20.500000000000004 58.51480746269226
      vertex 30.81406196951866 -21.300000000000004 58.10956174135208
    endloop
  endfacet
  facet normal 0.9137343274390044 0 0.40631216922409585
    outer loop
      vertex 30.662219390273094 -20.500000000000004 58.51480746269226
      vertex 30.603829972445965 -20.500000000000004 58.64611639082432
      vertex 30.662219390273094 -21.300000000000004 58.51480746269226
    endloop
  endfacet
  facet normal 0.8877659289621479 0 0.4602951828707036
    outer loop
      vertex 30.603829972445965 -20.500000000000004 58.64611639082432
      vertex 30.38856726884842 -20.500000000000004 59.0612910464406
      vertex 30.603829972445965 -21.300000000000004 58.64611639082432
    endloop
  endfacet
  facet normal 0.8628977972563581 0 0.5053784636192219
    outer loop
      vertex 30.326138757169247 -20.500000000000004 59.16788329184055
      vertex 30.38856726884842 -21.300000000000004 59.0612910464406
      vertex 30.38856726884842 -20.500000000000004 59.0612910464406
    endloop
  endfacet
  facet normal 0.8357421689398625 0 0.5491220511468231
    outer loop
      vertex 30.049814373254776 -20.500000000000004 59.588438138365746
      vertex 30.326138757169247 -21.300000000000004 59.16788329184055
      vertex 30.326138757169247 -20.500000000000004 59.16788329184055
    endloop
  endfacet
  facet normal 0.7318609541492263 0 0.6814539924248622
    outer loop
      vertex 29.202068835496902 -20.500000000000004 60.586047515273094
      vertex 29.59079832583666 -21.300000000000004 60.168563812971115
      vertex 29.59079832583666 -20.500000000000004 60.168563812971115
    endloop
  endfacet
  facet normal 0.7581780414462617 0 0.6520475883466719
    outer loop
      vertex 29.59079832583666 -20.500000000000004 60.168563812971115
      vertex 29.652542494237423 -21.300000000000004 60.096769861876965
      vertex 29.652542494237423 -20.500000000000004 60.096769861876965
    endloop
  endfacet
  facet normal 0.783314426211995 0 0.621625699024882
    outer loop
      vertex 29.986901082098484 -20.500000000000004 59.67544251680374
      vertex 29.652542494237423 -20.500000000000004 60.096769861876965
      vertex 29.986901082098484 -21.300000000000004 59.67544251680374
    endloop
  endfacet
  facet normal -0.5664062360209781 0 -0.8241261892432179
    outer loop
      vertex 29.735155679285526 -20.500000000000004 61.61498116701841
      vertex 31.00149715691805 -20.500000000000004 60.74464878439903
      vertex 29.735155679285526 -21.300000000000004 61.61498116701841
    endloop
  endfacet
  facet normal -0.608761427707647 9.031567383532695e-17 -0.7933533412895841
    outer loop
      vertex 32.22055348008871 -20.500000000000004 59.80923397094011
      vertex 31.00149715691805 -21.300000000000004 60.74464878439903
      vertex 31.00149715691805 -20.500000000000004 60.74464878439903
    endloop
  endfacet
  facet normal 0.866025404755153 0 -0.4999999983186734
    outer loop
      vertex 29.629406079649925 -20.500000000000004 63.20393813401461
      vertex 30.818894766271114 -20.500000000000004 65.26419298350811
      vertex 29.629406079649925 -21.300000000000004 63.20393813401461
    endloop
  endfacet
  facet normal 0.5224985563688924 0 0.8526401694691749
    outer loop
      vertex 29.629406079649925 -20.500000000000004 63.20393813401461
      vertex 30.443186424672604 -21.300000000000004 62.70525290817022
      vertex 30.443186424672604 -20.500000000000004 62.70525290817022
    endloop
  endfacet
  facet normal 0.19509030117147802 0 0.9807852845494889
    outer loop
      vertex 29.542511627078056 -20.500000000000004 65.65343251824379
      vertex 29.855828538537025 -21.300000000000004 65.5911099165678
      vertex 29.855828538537025 -20.500000000000004 65.5911099165678
    endloop
  endfacet
  facet normal 0.3214394657332937 0 0.9469301293490955
    outer loop
      vertex 29.855828538537025 -20.500000000000004 65.5911099165678
      vertex 30.818894766271114 -21.300000000000004 65.26419298350811
      vertex 30.818894766271114 -20.500000000000004 65.26419298350811
    endloop
  endfacet
  facet normal 0.5664062374567599 0 0.8241261882564324
    outer loop
      vertex 31.765617981553078 -20.500000000000004 61.79637087881565
      vertex 30.443186424672604 -20.500000000000004 62.70525290817022
      vertex 31.765617981553078 -21.300000000000004 61.79637087881565
    endloop
  endfacet
  facet normal 0.8241261876948903 0 0.5664062382738085
    outer loop
      vertex 32.745888367295265 -20.500000000000004 49.33607414364815
      vertex 32.074234925210476 -20.500000000000004 50.313335962593555
      vertex 32.745888367295265 -21.300000000000004 49.33607414364815
    endloop
  endfacet
  facet normal -0.7253743713310753 9.031567366876047e-17 -0.688354575357822
    outer loop
      vertex 35.56130062788725 -20.500000000000004 56.63898329436779
      vertex 34.503584027290344 -21.300000000000004 57.753584027290344
      vertex 34.503584027290344 -20.500000000000004 57.753584027290344
    endloop
  endfacet
  facet normal -0.5000000005054966 -1.469701632641389e-16 0.8660254034925899
    outer loop
      vertex 33.0257349088788 -20.500000000000004 48.879406079649925
      vertex 38.75 -21.300000000000004 52.18431207537651
      vertex 38.75 -20.500000000000004 52.18431207537651
    endloop
  endfacet
  facet normal 1 0 0
    outer loop
      vertex 38.75 -20.500000000000004 50.683201380074024
      vertex 38.75 -20.500000000000004 52.18431207537651
      vertex 38.75 -21.300000000000004 50.683201380074024
    endloop
  endfacet
  facet normal -0.8526401703503551 0 -0.5224985549309371
    outer loop
      vertex 38.75 -20.500000000000004 52.35686203092337
      vertex 38.36498116701841 -21.300000000000004 52.985155679285526
      vertex 38.36498116701841 -20.500000000000004 52.985155679285526
    endloop
  endfacet
  facet normal 1 0 0
    outer loop
      vertex 38.75 -20.500000000000004 52.35686203092337
      vertex 38.75 -20.500000000000004 54
      vertex 38.75 -21.300000000000004 52.35686203092337
    endloop
  endfacet
  facet normal -0.7933533412895841 0 -0.608761427707647
    outer loop
      vertex 36.55923397094011 -20.500000000000004 55.47055348008871
      vertex 37.49464878439903 -20.500000000000004 54.25149715691805
      vertex 36.55923397094011 -21.300000000000004 55.47055348008871
    endloop
  endfacet
  facet normal -0.7604059635568121 0 -0.6494480507224856
    outer loop
      vertex 35.56130062788725 -20.500000000000004 56.63898329436779
      vertex 36.55923397094011 -20.500000000000004 55.47055348008871
      vertex 35.56130062788725 -21.300000000000004 56.63898329436779
    endloop
  endfacet
  facet normal -0.8241261892432179 0 -0.5664062360209781
    outer loop
      vertex 38.36498116701841 -20.500000000000004 52.985155679285526
      vertex 37.49464878439903 -21.300000000000004 54.25149715691805
      vertex 37.49464878439903 -20.500000000000004 54.25149715691805
    endloop
  endfacet
  facet normal 0.997858922838615 0 0.06540313533278784
    outer loop
      vertex 38.75 -20.500000000000004 54
      vertex 38.6978819295764 -20.500000000000004 54.79516801983118
      vertex 38.75 -21.300000000000004 54
    endloop
  endfacet
  facet normal 0.7933533418439297 0 0.6087614269852097
    outer loop
      vertex 38.54637087881565 -20.500000000000004 55.01561798155308
      vertex 37.569523721933365 -20.500000000000004 56.28866998851299
      vertex 38.54637087881565 -21.300000000000004 55.01561798155308
    endloop
  endfacet
  facet normal 0.8241262065176964 0 0.5664062108864547
    outer loop
      vertex 38.54637087881565 -20.500000000000004 55.01561798155308
      vertex 38.6978819295764 -21.300000000000004 54.79516801983118
      vertex 38.6978819295764 -20.500000000000004 54.79516801983118
    endloop
  endfacet
  facet normal 0.7604059638498695 0 0.6494480503793596
    outer loop
      vertex 36.52738890051842 -20.500000000000004 57.50885308533907
      vertex 37.569523721933365 -21.300000000000004 56.28866998851299
      vertex 37.569523721933365 -20.500000000000004 56.28866998851299
    endloop
  endfacet
  facet normal -0.6494480507224856 0 -0.7604059635568121
    outer loop
      vertex 32.22055348008871 -20.500000000000004 59.80923397094011
      vertex 33.38898329436779 -20.500000000000004 58.81130062788725
      vertex 32.22055348008871 -21.300000000000004 59.80923397094011
    endloop
  endfacet
  facet normal -0.688354575357822 0 -0.7253743713310753
    outer loop
      vertex 33.38898329436779 -20.500000000000004 58.81130062788725
      vertex 34.503584027290344 -20.500000000000004 57.753584027290344
      vertex 33.38898329436779 -21.300000000000004 58.81130062788725
    endloop
  endfacet
  facet normal 0.6087614269852097 0 0.7933533418439297
    outer loop
      vertex 31.765617981553078 -20.500000000000004 61.79637087881565
      vertex 33.03866998851299 -21.300000000000004 60.819523721933365
      vertex 33.03866998851299 -20.500000000000004 60.819523721933365
    endloop
  endfacet
  facet normal 0.6494480503793596 0 0.7604059638498695
    outer loop
      vertex 33.03866998851299 -20.500000000000004 60.819523721933365
      vertex 34.25885308533907 -21.300000000000004 59.77738890051842
      vertex 34.25885308533907 -20.500000000000004 59.77738890051842
    endloop
  endfacet
  facet normal 0.6883545775365355 0 0.7253743692635533
    outer loop
      vertex 34.25885308533907 -20.500000000000004 59.77738890051842
      vertex 35.4228228405118 -21.300000000000004 58.6728228405118
      vertex 35.4228228405118 -20.500000000000004 58.6728228405118
    endloop
  endfacet
  facet normal 0.7253743692635533 0 0.6883545775365355
    outer loop
      vertex 36.52738890051842 -20.500000000000004 57.50885308533907
      vertex 35.4228228405118 -20.500000000000004 58.6728228405118
      vertex 36.52738890051842 -21.300000000000004 57.50885308533907
    endloop
  endfacet
  facet normal 1 0 0
    outer loop
      vertex 14.399999998509884 -21.300000000000004 58.332979150116444
      vertex 14.399999998509884 -21.300000000000004 52.81
      vertex 14.399999998509884 -20.500000000000004 52.81
    endloop
  endfacet
  facet normal -0.7318609541492263 0 -0.6814539924248622
    outer loop
      vertex 17.90920167416334 -20.500000000000004 57.831436187028885
      vertex 18.297931164503098 -21.300000000000004 57.413952484726906
      vertex 17.90920167416334 -21.300000000000004 57.831436187028885
    endloop
  endfacet
  facet normal -0.7073007752329138 0 -0.7069127339034988
    outer loop
      vertex 18.297931164503098 -20.500000000000004 57.413952484726906
      vertex 18.357937686145306 -21.300000000000004 57.35391302406788
      vertex 18.297931164503098 -21.300000000000004 57.413952484726906
    endloop
  endfacet
  facet normal -0.6818555181547918 0 -0.7314868777783101
    outer loop
      vertex 18.357937686145306 -20.500000000000004 57.35391302406788
      vertex 18.796779081225395 -21.300000000000004 56.944847002625465
      vertex 18.357937686145306 -21.300000000000004 57.35391302406788
    endloop
  endfacet
  facet normal -0.6579116994328547 0 -0.7530950774964428
    outer loop
      vertex 18.796779081225395 -20.500000000000004 56.944847002625465
      vertex 18.85506557673216 -21.300000000000004 56.893927313387394
      vertex 18.796779081225395 -21.300000000000004 56.944847002625465
    endloop
  endfacet
  facet normal -0.6332834388717836 0 -0.7739199480894182
    outer loop
      vertex 18.85506557673216 -20.500000000000004 56.893927313387394
      vertex 19.339210830628872 -21.300000000000004 56.49776079505682
      vertex 18.85506557673216 -21.300000000000004 56.893927313387394
    endloop
  endfacet
  facet normal -0.6098515912023507 0 -0.7925156381472614
    outer loop
      vertex 19.339210830628872 -20.500000000000004 56.49776079505682
      vertex 19.396101981401443 -21.300000000000004 56.45398227870464
      vertex 19.339210830628872 -21.300000000000004 56.49776079505682
    endloop
  endfacet
  facet normal -0.5858741474286943 0 -0.8104020504507009
    outer loop
      vertex 19.396101981401443 -20.500000000000004 56.45398227870464
      vertex 19.920246705412865 -21.300000000000004 56.07505574077368
      vertex 19.396101981401443 -21.300000000000004 56.45398227870464
    endloop
  endfacet
  facet normal -0.5627726182610427 0 -0.8266117469136346
    outer loop
      vertex 19.920246705412865 -20.500000000000004 56.07505574077368
      vertex 19.976228445768356 -21.300000000000004 56.03694233298302
      vertex 19.920246705412865 -21.300000000000004 56.07505574077368
    endloop
  endfacet
  facet normal 0.6332834388717836 0 0.7739199480894182
    outer loop
      vertex 20.099150955677032 -20.500000000000004 57.42646473646164
      vertex 19.61500570178032 -21.300000000000004 57.82263125479221
      vertex 20.099150955677032 -21.300000000000004 57.42646473646164
    endloop
  endfacet
  facet normal -0.026176949074077593 0 -0.9996573249554934
    outer loop
      vertex 14.399999998509884 -20.500000000000004 58.332979150116444
      vertex 14.867372669279575 -21.300000000000004 58.320740565657616
      vertex 14.399999998509884 -21.300000000000004 58.332979150116444
    endloop
  endfacet
  facet normal -0.07845909714378427 0 -0.9969173336216911
    outer loop
      vertex 14.867372669279575 -20.500000000000004 58.320740565657616
      vertex 15.981682687997818 -21.300000000000004 58.23304246366024
      vertex 14.867372669279575 -21.300000000000004 58.320740565657616
    endloop
  endfacet
  facet normal 0.026176935786086757 0 0.9996573253034517
    outer loop
      vertex 14.399999998509884 -20.500000000000004 59.63297914713621
      vertex 14.399999998509884 -21.300000000000004 59.63297914713621
      vertex 14.935409411787987 -21.300000000000004 59.618958964943886
    endloop
  endfacet
  facet normal 0.0784591004148048 0 0.9969173333642563
    outer loop
      vertex 14.935409411787987 -20.500000000000004 59.618958964943886
      vertex 14.935409411787987 -21.300000000000004 59.618958964943886
      vertex 16.11756969243288 -21.300000000000004 59.52592092752457
    endloop
  endfacet
  facet normal -0.13052618767966898 0 -0.9914448619715631
    outer loop
      vertex 15.981682687997818 -20.500000000000004 58.23304246366024
      vertex 17.08987583220005 -21.300000000000004 58.08714607357979
      vertex 15.981682687997818 -21.300000000000004 58.23304246366024
    endloop
  endfacet
  facet normal 0.13052620052778743 0 0.9914448602800763
    outer loop
      vertex 16.11756969243288 -20.500000000000004 59.52592092752457
      vertex 16.11756969243288 -21.300000000000004 59.52592092752457
      vertex 16.86332816630602 -21.300000000000004 59.42773995548487
    endloop
  endfacet
  facet normal -0.9137343514742721 0 -0.40631211517242655
    outer loop
      vertex 16.86332816630602 -20.500000000000004 59.42773995548487
      vertex 16.86332816630602 -21.300000000000004 59.42773995548487
      vertex 16.837780609726906 -21.300000000000004 59.48519253730774
    endloop
  endfacet
  facet normal -0.9364237766021044 0 -0.35087107406318385
    outer loop
      vertex 16.837780609726906 -20.500000000000004 59.48519253730774
      vertex 16.837780609726906 -21.300000000000004 59.48519253730774
      vertex 16.68593803048134 -21.300000000000004 59.89043825864792
    endloop
  endfacet
  facet normal -0.9599791925418193 0 -0.2800713299978357
    outer loop
      vertex 16.68211904168129 -20.500000000000004 59.90077479183674
      vertex 16.68211904168129 -21.300000000000004 59.90077479183674
      vertex 16.638156943023205 -21.300000000000004 60.05146033316851
    endloop
  endfacet
  facet normal -0.9762413497006317 0 -0.21668601047296218
    outer loop
      vertex 16.638156943023205 -20.500000000000004 60.05146033316851
      vertex 16.638156943023205 -21.300000000000004 60.05146033316851
      vertex 16.551398128271103 -21.300000000000004 60.44233717024326
    endloop
  endfacet
  facet normal -0.9380250157458948 0 -0.3465675545040442
    outer loop
      vertex 16.68593803048134 -20.500000000000004 59.89043825864792
      vertex 16.68593803048134 -21.300000000000004 59.89043825864792
      vertex 16.68211904168129 -21.300000000000004 59.90077479183674
    endloop
  endfacet
  facet normal -0.9795730493774817 0 -0.20108863949338832
    outer loop
      vertex 16.551398128271103 -20.500000000000004 60.44233717024326
      vertex 16.551398128271103 -21.300000000000004 60.44233717024326
      vertex 16.54370103776455 -21.300000000000004 60.479832388460636
    endloop
  endfacet
  facet normal -0.9926800073654026 0 -0.12077418174851776
    outer loop
      vertex 16.54370103776455 -20.500000000000004 60.479832388460636
      vertex 16.54370103776455 -21.300000000000004 60.479832388460636
      vertex 16.524743415415287 -21.300000000000004 60.635650895535946
    endloop
  endfacet
  facet normal -0.9984536114570649 0 -0.05559123823359535
    outer loop
      vertex 16.524743415415287 -20.500000000000004 60.635650895535946
      vertex 16.524743415415287 -21.300000000000004 60.635650895535946
      vertex 16.504018895328045 -21.300000000000004 61.00787631422281
    endloop
  endfacet
  facet normal -0.9995945203217983 0 -0.02847446123518675
    outer loop
      vertex 16.504018895328045 -20.500000000000004 61.00787631422281
      vertex 16.504018895328045 -21.300000000000004 61.00787631422281
      vertex 16.50216429680586 -21.300000000000004 61.07298190146685
    endloop
  endfacet
  facet normal -0.9979454477569946 0 0.06406936320185903
    outer loop
      vertex 16.50216429680586 -20.500000000000004 61.07298190146685
      vertex 16.50216429680586 -21.300000000000004 61.07298190146685
      vertex 16.512221105396748 -21.300000000000004 61.229626916348934
    endloop
  endfacet
  facet normal -0.9916184351874456 0 0.1292009249053652
    outer loop
      vertex 16.512221105396748 -20.500000000000004 61.229626916348934
      vertex 16.512221105396748 -21.300000000000004 61.229626916348934
      vertex 16.5577579587698 -21.300000000000004 61.57912273705006
    endloop
  endfacet
  facet normal -0.9863722052900904 0 0.1645292455193424
    outer loop
      vertex 16.5577579587698 -20.500000000000004 61.57912273705006
      vertex 16.5577579587698 -21.300000000000004 61.57912273705006
      vertex 16.571858793497086 -21.300000000000004 61.663658902049065
    endloop
  endfacet
  facet normal -0.9647121738037422 0 0.2633067065512351
    outer loop
      vertex 16.571858793497086 -20.500000000000004 61.663658902049065
      vertex 16.571858793497086 -21.300000000000004 61.663658902049065
      vertex 16.61318939179182 -21.300000000000004 61.815087370574474
    endloop
  endfacet
  facet normal 1 0 0
    outer loop
      vertex 14.399999998509884 -20.500000000000004 66
      vertex 14.399999998509884 -21.300000000000004 66
      vertex 14.399999998509884 -21.300000000000004 59.63297914713621
    endloop
  endfacet
  facet normal -0.945425575902298 0 0.32583811997648143
    outer loop
      vertex 16.61318939179182 -20.500000000000004 61.815087370574474
      vertex 16.61318939179182 -21.300000000000004 61.815087370574474
      vertex 16.72448869794607 -21.300000000000004 62.13802444934845
    endloop
  endfacet
  facet normal -0.9320078733991758 0 0.36243802769845485
    outer loop
      vertex 16.72448869794607 -20.500000000000004 62.13802444934845
      vertex 16.72448869794607 -21.300000000000004 62.13802444934845
      vertex 16.758390717208385 -21.300000000000004 62.22520335018635
    endloop
  endfacet
  facet normal -0.889147844786622 0 0.45762004994460775
    outer loop
      vertex 16.758390717208385 -20.500000000000004 62.22520335018635
      vertex 16.758390717208385 -21.300000000000004 62.22520335018635
      vertex 16.830222196877003 -21.300000000000004 62.36477067321539
    endloop
  endfacet
  facet normal -0.1822355376542979 0 -0.9832549053098333
    outer loop
      vertex 17.08987583220005 -20.500000000000004 58.08714607357979
      vertex 17.806977599859238 -21.300000000000004 57.9542391076684
      vertex 17.08987583220005 -21.300000000000004 58.08714607357979
    endloop
  endfacet
  facet normal -0.783314350650051 0 -0.6216257942409479
    outer loop
      vertex 17.806977599859238 -20.500000000000004 57.9542391076684
      vertex 17.847457505762577 -21.300000000000004 57.903230138123035
      vertex 17.806977599859238 -21.300000000000004 57.9542391076684
    endloop
  endfacet
  facet normal -0.7581780414462617 0 -0.6520475883466719
    outer loop
      vertex 17.847457505762577 -20.500000000000004 57.903230138123035
      vertex 17.90920167416334 -21.300000000000004 57.831436187028885
      vertex 17.847457505762577 -21.300000000000004 57.903230138123035
    endloop
  endfacet
  facet normal 0.8357421689398625 0 0.5491220511468231
    outer loop
      vertex 18.453076228499413 -20.500000000000004 59.07050832360983
      vertex 18.176751844584942 -21.300000000000004 59.49106317013502
      vertex 18.453076228499413 -21.300000000000004 59.07050832360983
    endloop
  endfacet
  facet normal 0.8877659289621479 0 0.4602951828707036
    outer loop
      vertex 18.176751844584942 -20.500000000000004 59.49106317013502
      vertex 17.961489140987396 -21.300000000000004 59.906237825751305
      vertex 18.176751844584942 -21.300000000000004 59.49106317013502
    endloop
  endfacet
  facet normal 0.9364237766021044 0 0.35087107406318385
    outer loop
      vertex 17.961489140987396 -20.500000000000004 59.906237825751305
      vertex 17.80964656174183 -21.300000000000004 60.311483547091484
      vertex 17.961489140987396 -21.300000000000004 59.906237825751305
    endloop
  endfacet
  facet normal 0.9762413497006317 0 0.21668601047296218
    outer loop
      vertex 17.80964656174183 -20.500000000000004 60.311483547091484
      vertex 17.722887746989727 -21.300000000000004 60.70236038416624
      vertex 17.80964656174183 -21.300000000000004 60.311483547091484
    endloop
  endfacet
  facet normal 0.9984536114570649 0 0.05559123823359535
    outer loop
      vertex 17.722887746989727 -20.500000000000004 60.70236038416624
      vertex 17.702163226902485 -21.300000000000004 61.07458580285311
      vertex 17.722887746989727 -21.300000000000004 60.70236038416624
    endloop
  endfacet
  facet normal 0.9916184351874456 0 -0.1292009249053652
    outer loop
      vertex 17.702163226902485 -20.500000000000004 61.07458580285311
      vertex 17.747700080275536 -21.300000000000004 61.42408162355423
      vertex 17.702163226902485 -21.300000000000004 61.07458580285311
    endloop
  endfacet
  facet normal 0.945425575902298 0 -0.32583811997648143
    outer loop
      vertex 17.747700080275536 -20.500000000000004 61.42408162355423
      vertex 17.858999386429787 -21.300000000000004 61.747018702328205
      vertex 17.747700080275536 -21.300000000000004 61.42408162355423
    endloop
  endfacet
  facet normal 0.8573143245023692 0 -0.5147933070690083
    outer loop
      vertex 17.858999386429787 -20.500000000000004 61.747018702328205
      vertex 18.0348417237401 -21.300000000000004 62.03985886275768
      vertex 17.858999386429787 -21.300000000000004 61.747018702328205
    endloop
  endfacet
  facet normal 0.7318609541492263 0 0.6814539924248622
    outer loop
      vertex 19.17616430670023 -20.500000000000004 58.23169727623463
      vertex 18.787434816360474 -21.300000000000004 58.649180978536606
      vertex 19.17616430670023 -21.300000000000004 58.23169727623463
    endloop
  endfacet
  facet normal 0.783314426211995 0 0.621625699024882
    outer loop
      vertex 18.787434816360474 -20.500000000000004 58.649180978536606
      vertex 18.453076228499413 -21.300000000000004 59.07050832360983
      vertex 18.787434816360474 -21.300000000000004 58.649180978536606
    endloop
  endfacet
  facet normal 0.6818555181547918 0 0.7314868777783101
    outer loop
      vertex 19.61500570178032 -20.500000000000004 57.82263125479221
      vertex 19.17616430670023 -21.300000000000004 58.23169727623463
      vertex 19.61500570178032 -21.300000000000004 57.82263125479221
    endloop
  endfacet
  facet normal -0.8573143245023692 0 0.5147933070690083
    outer loop
      vertex 16.830222196877003 -20.500000000000004 62.36477067321539
      vertex 16.830222196877003 -21.300000000000004 62.36477067321539
      vertex 17.006064534187317 -21.300000000000004 62.65761083364487
    endloop
  endfacet
  facet normal -0.8383841946282162 0 0.5450797576479951
    outer loop
      vertex 17.006064534187317 -20.500000000000004 62.65761083364487
      vertex 17.006064534187317 -21.300000000000004 62.65761083364487
      vertex 17.052780121564865 -21.300000000000004 62.72946382313967
    endloop
  endfacet
  facet normal -0.779047178970537 0 0.6269653044132891
    outer loop
      vertex 17.052780121564865 -20.500000000000004 62.72946382313967
      vertex 17.052780121564865 -21.300000000000004 62.72946382313967
      vertex 17.15119330585003 -21.300000000000004 62.851748920977116
    endloop
  endfacet
  facet normal -0.7363736846176779 0 0.6765750487585133
    outer loop
      vertex 17.15119330585003 -20.500000000000004 62.851748920977116
      vertex 17.15119330585003 -21.300000000000004 62.851748920977116
      vertex 17.389652118086815 -21.300000000000004 63.111283756792545
    endloop
  endfacet
  facet normal -0.7177413756530313 0 0.6963097857101352
    outer loop
      vertex 17.389652118086815 -20.500000000000004 63.111283756792545
      vertex 17.389652118086815 -21.300000000000004 63.111283756792545
      vertex 17.435004130005836 -21.300000000000004 63.15803164988756
    endloop
  endfacet
  facet normal -0.6502866476099016 0 0.7596889336697458
    outer loop
      vertex 17.435004130005836 -20.500000000000004 63.15803164988756
      vertex 17.435004130005836 -21.300000000000004 63.15803164988756
      vertex 17.554250612854958 -21.300000000000004 63.26010552793741
    endloop
  endfacet
  facet normal -0.5992082669325726 0 0.8005931881047095
    outer loop
      vertex 17.554250612854958 -20.500000000000004 63.26010552793741
      vertex 17.554250612854958 -21.300000000000004 63.26010552793741
      vertex 17.85271328687668 -21.300000000000004 63.4834915176034
    endloop
  endfacet
  facet normal 0.7363736846176779 0 -0.6765750487585133
    outer loop
      vertex 18.0348417237401 -20.500000000000004 62.03985886275768
      vertex 18.273300535976887 -21.300000000000004 62.29939369857311
      vertex 18.0348417237401 -21.300000000000004 62.03985886275768
    endloop
  endfacet
  facet normal 0.5992082669325726 0 -0.8005931881047095
    outer loop
      vertex 18.273300535976887 -20.500000000000004 62.29939369857311
      vertex 18.571763209998608 -21.300000000000004 62.5227796882391
      vertex 18.273300535976887 -21.300000000000004 62.29939369857311
    endloop
  endfacet
  facet normal -0.586363508922945 0 0.8100480451205172
    outer loop
      vertex 17.85271328687668 -20.500000000000004 63.4834915176034
      vertex 17.85271328687668 -21.300000000000004 63.4834915176034
      vertex 17.883719615638256 -21.300000000000004 63.505935840308666
    endloop
  endfacet
  facet normal -0.5185574330240582 0 0.855042799312116
    outer loop
      vertex 17.883719615638256 -20.500000000000004 63.505935840308666
      vertex 17.883719615638256 -21.300000000000004 63.505935840308666
      vertex 18.017933554947376 -21.300000000000004 63.587332509458065
    endloop
  endfacet
  facet normal -0.4615247144029124 0 0.8871273516216882
    outer loop
      vertex 18.017933554947376 -20.500000000000004 63.587332509458065
      vertex 18.017933554947376 -21.300000000000004 63.587332509458065
      vertex 18.373130075633526 -21.300000000000004 63.772122181952
    endloop
  endfacet
  facet normal -0.4574464876170137 0 0.8892371511395918
    outer loop
      vertex 18.373130075633526 -20.500000000000004 63.772122181952
      vertex 18.373130075633526 -21.300000000000004 63.772122181952
      vertex 18.38292895257473 -21.300000000000004 63.77716297656298
    endloop
  endfacet
  facet normal -0.3940927027788433 0 0.9190706945695016
    outer loop
      vertex 18.38292895257473 -20.500000000000004 63.77716297656298
      vertex 18.38292895257473 -21.300000000000004 63.77716297656298
      vertex 18.527193188667297 -21.300000000000004 63.83902272582054
    endloop
  endfacet
  facet normal -0.13052619366922694 0 -0.9914448611830229
    outer loop
      vertex 18.34135154634714 -20.500000000000004 65.98865279555321
      vertex 18.34135154634714 -21.300000000000004 65.98865279555321
      vertex 18.255160972476006 -21.300000000000004 66
    endloop
  endfacet
  facet normal 0.4615247144029124 0 -0.8871273516216882
    outer loop
      vertex 18.571763209998608 -20.500000000000004 62.5227796882391
      vertex 18.926959730684757 -21.300000000000004 62.70756936073303
      vertex 18.571763209998608 -21.300000000000004 62.5227796882391
    endloop
  endfacet
  facet normal 0.33313878221240095 0 -0.9428778032099592
    outer loop
      vertex 18.926959730684757 -20.500000000000004 62.70756936073303
      vertex 19.33499848842621 -21.300000000000004 62.85173813253641
      vertex 18.926959730684757 -21.300000000000004 62.70756936073303
    endloop
  endfacet
  facet normal -0.33313878221240095 0 0.9428778032099592
    outer loop
      vertex 18.527193188667297 -20.500000000000004 63.83902272582054
      vertex 18.527193188667297 -21.300000000000004 63.83902272582054
      vertex 18.93523194640875 -21.300000000000004 63.98319149762392
    endloop
  endfacet
  facet normal 0.2180383699782946 0 -0.9759401975619245
    outer loop
      vertex 19.33499848842621 -20.500000000000004 62.85173813253641
      vertex 19.79140892624855 -21.300000000000004 62.953706458210945
      vertex 19.33499848842621 -21.300000000000004 62.85173813253641
    endloop
  endfacet
  facet normal 0.11655280367456394 0 -0.9931844964333658
    outer loop
      vertex 19.79140892624855 -20.500000000000004 62.953706458210945
      vertex 20.291190519928932 -21.300000000000004 63.012357138097286
      vertex 19.79140892624855 -21.300000000000004 62.953706458210945
    endloop
  endfacet
  facet normal -0.2760839267147631 0 0.9611335315187777
    outer loop
      vertex 18.93523194640875 -20.500000000000004 63.98319149762392
      vertex 18.93523194640875 -21.300000000000004 63.98319149762392
      vertex 19.073352441191673 -21.300000000000004 64.02286636829376
    endloop
  endfacet
  facet normal -0.2180383699782946 0 0.9759401975619245
    outer loop
      vertex 19.073352441191673 -20.500000000000004 64.02286636829376
      vertex 19.073352441191673 -21.300000000000004 64.02286636829376
      vertex 19.529762879014015 -21.300000000000004 64.1248346939683
    endloop
  endfacet
  facet normal -0.16751763638980424 0 0.985869079289118
    outer loop
      vertex 19.529762879014015 -20.500000000000004 64.1248346939683
      vertex 19.529762879014015 -21.300000000000004 64.1248346939683
      vertex 19.65154556185007 -21.300000000000004 64.1455278545618
    endloop
  endfacet
  facet normal -0.11655280367456394 0 0.9931844964333658
    outer loop
      vertex 19.65154556185007 -20.500000000000004 64.1455278545618
      vertex 19.65154556185007 -21.300000000000004 64.1455278545618
      vertex 20.151327155530453 -21.300000000000004 64.20417853444815
    endloop
  endfacet
  facet normal -0.18223552482073174 0 -0.9832549076883942
    outer loop
      vertex 19.852208122611046 -20.500000000000004 65.70863208174706
      vertex 19.852208122611046 -21.300000000000004 65.70863208174706
      vertex 18.34135154634714 -21.300000000000004 65.98865279555321
    endloop
  endfacet
  facet normal -0.5162243908889866 0 -0.856453371907248
    outer loop
      vertex 20.534629993140697 -20.500000000000004 55.6794073805213
      vertex 20.590279892086983 -21.300000000000004 55.645864591002464
      vertex 20.534629993140697 -21.300000000000004 55.6794073805213
    endloop
  endfacet
  facet normal -0.4928477799336172 0 -0.870115547392704
    outer loop
      vertex 20.590279892086983 -20.500000000000004 55.645864591002464
      vertex 21.176820300519466 -21.300000000000004 55.31363844126463
      vertex 20.590279892086983 -21.300000000000004 55.645864591002464
    endloop
  endfacet
  facet normal -0.4696947349216487 0 -0.8828288939465462
    outer loop
      vertex 21.176820300519466 -20.500000000000004 55.31363844126463
      vertex 21.23278097808361 -21.300000000000004 55.283865474164486
      vertex 21.176820300519466 -21.300000000000004 55.31363844126463
    endloop
  endfacet
  facet normal -0.4462138811495077 0 -0.8949263501928485
    outer loop
      vertex 21.23278097808361 -20.500000000000004 55.283865474164486
      vertex 21.84103399515152 -21.300000000000004 54.98058807104826
      vertex 21.23278097808361 -21.300000000000004 55.283865474164486
    endloop
  endfacet
  facet normal -0.5392226933850457 0 -0.842163218704413
    outer loop
      vertex 19.976228445768356 -20.500000000000004 56.03694233298302
      vertex 20.534629993140697 -21.300000000000004 55.6794073805213
      vertex 19.976228445768356 -21.300000000000004 56.03694233298302
    endloop
  endfacet
  facet normal 0.5858741474286943 0 0.8104020504507009
    outer loop
      vertex 20.623295679688454 -20.500000000000004 57.047538198530674
      vertex 20.099150955677032 -21.300000000000004 57.42646473646164
      vertex 20.623295679688454 -21.300000000000004 57.047538198530674
    endloop
  endfacet
  facet normal 0.5392226933850457 0 0.842163218704413
    outer loop
      vertex 21.181697227060795 -20.500000000000004 56.690003246068954
      vertex 20.623295679688454 -21.300000000000004 57.047538198530674
      vertex 21.181697227060795 -21.300000000000004 56.690003246068954
    endloop
  endfacet
  facet normal -0.4226182760079467 0 -0.9063077803837232
    outer loop
      vertex 21.84103399515152 -20.500000000000004 54.98058807104826
      vertex 21.898011527955532 -21.300000000000004 54.954019010066986
      vertex 21.84103399515152 -21.300000000000004 54.98058807104826
    endloop
  endfacet
  facet normal -0.3987326017949962 0 -0.9170672343213409
    outer loop
      vertex 21.898011527955532 -20.500000000000004 54.954019010066986
      vertex 22.52131299674511 -21.300000000000004 54.68301312625408
      vertex 21.898011527955532 -21.300000000000004 54.954019010066986
    endloop
  endfacet
  facet normal -0.8660254037740628 0 0.5000000000179716
    outer loop
      vertex 23.08599317073822 -20.500000000000004 54.470414504408836
      vertex 22.12735240960548 -21.300000000000004 52.81
      vertex 23.08599317073822 -21.300000000000004 54.470414504408836
    endloop
  endfacet
  facet normal -0.3497507503212217 0 -0.9368427897196745
    outer loop
      vertex 22.58009123057127 -20.500000000000004 54.659282460808754
      vertex 23.08599317073822 -21.300000000000004 54.470414504408836
      vertex 22.58009123057127 -21.300000000000004 54.659282460808754
    endloop
  endfacet
  facet normal -0.3743721949015055 0 -0.9272785232521183
    outer loop
      vertex 22.52131299674511 -20.500000000000004 54.68301312625408
      vertex 22.58009123057127 -21.300000000000004 54.659282460808754
      vertex 22.52131299674511 -21.300000000000004 54.68301312625408
    endloop
  endfacet
  facet normal 0.4928477799336172 0 0.870115547392704
    outer loop
      vertex 21.76823763549328 -20.500000000000004 56.35777709633112
      vertex 21.181697227060795 -21.300000000000004 56.690003246068954
      vertex 21.76823763549328 -21.300000000000004 56.35777709633112
    endloop
  endfacet
  facet normal 0.4462138811495077 0 0.8949263501928485
    outer loop
      vertex 22.376490652561188 -20.500000000000004 56.05449969321489
      vertex 21.76823763549328 -21.300000000000004 56.35777709633112
      vertex 22.376490652561188 -21.300000000000004 56.05449969321489
    endloop
  endfacet
  facet normal 0.3987326017949962 0 0.9170672343213409
    outer loop
      vertex 22.999792121350765 -20.500000000000004 55.78349380940199
      vertex 22.376490652561188 -21.300000000000004 56.05449969321489
      vertex 22.999792121350765 -21.300000000000004 55.78349380940199
    endloop
  endfacet
  facet normal 0.8660254038609164 -1.6175647505698306e-17 -0.4999999998675367
    outer loop
      vertex 24.365603990852833 -21.300000000000004 54.086765475571156
      vertex 23.62846310010019 -21.300000000000004 52.81
      vertex 23.62846310010019 -20.500000000000004 52.81
    endloop
  endfacet
  facet normal 0.34975074077425294 0 0.9368427932838366
    outer loop
      vertex 23.631313025951385 -20.500000000000004 55.54772863537073
      vertex 22.999792121350765 -21.300000000000004 55.78349380940199
      vertex 23.631313025951385 -21.300000000000004 55.54772863537073
    endloop
  endfacet
  facet normal -0.24421131025225362 0 -0.9697220405584672
    outer loop
      vertex 24.365603990852833 -20.500000000000004 54.086765475571156
      vertex 24.59826897084713 -21.300000000000004 54.028171963989735
      vertex 24.365603990852833 -21.300000000000004 54.086765475571156
    endloop
  endfacet
  facet normal -0.2150970094483277 0 -0.9765926871149435
    outer loop
      vertex 24.59826897084713 -20.500000000000004 54.028171963989735
      vertex 24.668374188244343 -21.300000000000004 54.01273111253977
      vertex 24.59826897084713 -21.300000000000004 54.028171963989735
    endloop
  endfacet
  facet normal 0.2985287838312991 0 0.9544006314039222
    outer loop
      vertex 24.264134287834167 -20.500000000000004 55.34978727251291
      vertex 23.631313025951385 -21.300000000000004 55.54772863537073
      vertex 24.264134287834167 -21.300000000000004 55.34978727251291
    endloop
  endfacet
  facet normal 0.2442113429160766 0 0.969722032332527
    outer loop
      vertex 24.89132258296013 -20.500000000000004 55.19183840602636
      vertex 24.264134287834167 -21.300000000000004 55.34978727251291
      vertex 24.89132258296013 -21.300000000000004 55.19183840602636
    endloop
  endfacet
  facet normal -0.1857903294757379 0 -0.9825894124573583
    outer loop
      vertex 24.668374188244343 -20.500000000000004 54.01273111253977
      vertex 25.283057920634747 -21.300000000000004 53.89650525897741
      vertex 24.668374188244343 -21.300000000000004 54.01273111253977
    endloop
  endfacet
  facet normal -0.15400687990864423 0 -0.9880697753401854
    outer loop
      vertex 25.283057920634747 -20.500000000000004 53.89650525897741
      vertex 25.35953050106764 -21.300000000000004 53.88458575308323
      vertex 25.283057920634747 -21.300000000000004 53.89650525897741
    endloop
  endfacet
  facet normal 0.1857903294757379 0 0.9825894124573583
    outer loop
      vertex 25.506006315350533 -20.500000000000004 55.07561255246401
      vertex 24.89132258296013 -21.300000000000004 55.19183840602636
      vertex 25.506006315350533 -21.300000000000004 55.07561255246401
    endloop
  endfacet
  facet normal -0.12206317607454789 0 -0.9925223327696934
    outer loop
      vertex 25.35953050106764 -20.500000000000004 53.88458575308323
      vertex 25.954975061118603 -21.300000000000004 53.81135631352663
      vertex 25.35953050106764 -21.300000000000004 53.88458575308323
    endloop
  endfacet
  facet normal -0.0868823755661816 0 -0.9962185768273832
    outer loop
      vertex 25.954975061118603 -20.500000000000004 53.81135631352663
      vertex 26.03953940421343 -21.300000000000004 53.80398127436638
      vertex 25.954975061118603 -21.300000000000004 53.81135631352663
    endloop
  endfacet
  facet normal -0.05159289495124358 0 -0.9986681997493211
    outer loop
      vertex 26.03953940421343 -20.500000000000004 53.80398127436638
      vertex 26.60922097414732 -21.300000000000004 53.774550557136536
      vertex 26.03953940421343 -21.300000000000004 53.80398127436638
    endloop
  endfacet
  facet normal 0.12206317607454789 0 0.9925223327696934
    outer loop
      vertex 26.101450875401497 -20.500000000000004 55.00238311290741
      vertex 25.506006315350533 -21.300000000000004 55.07561255246401
      vertex 26.101450875401497 -21.300000000000004 55.00238311290741
    endloop
  endfacet
  facet normal 0.02731190872675779 0 -0.9996269602415199
    outer loop
      vertex 20.291190519928932 -20.500000000000004 63.012357138097286
      vertex 20.828867554664612 -21.300000000000004 63.02704760432243
      vertex 20.291190519928932 -21.300000000000004 63.012357138097286
    endloop
  endfacet
  facet normal -0.05159289495124358 0 -0.9986681997493211
    outer loop
      vertex 20.828867554664612 -20.500000000000004 63.02704760432243
      vertex 21.398549124598503 -21.300000000000004 62.99761688709259
      vertex 20.828867554664612 -21.300000000000004 63.02704760432243
    endloop
  endfacet
  facet normal -0.0720044172924974 0 0.9974043131500725
    outer loop
      vertex 20.151327155530453 -20.500000000000004 64.20417853444815
      vertex 20.151327155530453 -21.300000000000004 64.20417853444815
      vertex 20.25841622799635 -21.300000000000004 64.21190948784351
    endloop
  endfacet
  facet normal -0.02731190872675779 0 0.9996269602415199
    outer loop
      vertex 20.25841622799635 -20.500000000000004 64.21190948784351
      vertex 20.25841622799635 -21.300000000000004 64.21190948784351
      vertex 20.79609326273203 -21.300000000000004 64.22659995406866
    endloop
  endfacet
  facet normal 0 0 1
    outer loop
      vertex 18.255160972476006 -20.500000000000004 66
      vertex 18.255160972476006 -21.300000000000004 66
      vertex 23.64462522417307 -21.300000000000004 66
    endloop
  endfacet
  facet normal 0.012149939381841631 0 0.9999261867623118
    outer loop
      vertex 20.79609326273203 -20.500000000000004 64.22659995406866
      vertex 20.79609326273203 -21.300000000000004 64.22659995406866
      vertex 20.89077902585268 -21.300000000000004 64.22544944286346
    endloop
  endfacet
  facet normal 0.05159289495124358 0 0.9986681997493211
    outer loop
      vertex 20.89077902585268 -20.500000000000004 64.22544944286346
      vertex 20.89077902585268 -21.300000000000004 64.22544944286346
      vertex 21.46046059578657 -21.300000000000004 64.19601872563362
    endloop
  endfacet
  facet normal 0.0868823755661816 0 0.9962185768273832
    outer loop
      vertex 21.46046059578657 -20.500000000000004 64.19601872563362
      vertex 21.46046059578657 -21.300000000000004 64.19601872563362
      vertex 21.545024938881397 -21.300000000000004 64.18864368647337
    endloop
  endfacet
  facet normal -0.2334453648865289 0 -0.9723699201502457
    outer loop
      vertex 21.346338972449303 -20.500000000000004 65.34992299973965
      vertex 21.346338972449303 -21.300000000000004 65.34992299973965
      vertex 19.852208122611046 -21.300000000000004 65.70863208174706
    endloop
  endfacet
  facet normal -0.1857903294757379 0 -0.9825894124573583
    outer loop
      vertex 21.993993684649467 -20.500000000000004 62.92438744753599
      vertex 22.60867741703987 -21.300000000000004 62.80816159397364
      vertex 21.993993684649467 -21.300000000000004 62.92438744753599
    endloop
  endfacet
  facet normal -0.12206317607454789 0 -0.9925223327696934
    outer loop
      vertex 21.398549124598503 -20.500000000000004 62.99761688709259
      vertex 21.993993684649467 -21.300000000000004 62.92438744753599
      vertex 21.398549124598503 -21.300000000000004 62.99761688709259
    endloop
  endfacet
  facet normal -0.2442113429160766 0 -0.969722032332527
    outer loop
      vertex 22.60867741703987 -20.500000000000004 62.80816159397364
      vertex 23.235865712165833 -21.300000000000004 62.65021272748709
      vertex 22.60867741703987 -21.300000000000004 62.80816159397364
    endloop
  endfacet
  facet normal 0.2442113429160766 0 0.969722032332527
    outer loop
      vertex 22.90173102915287 -20.500000000000004 63.971828036010265
      vertex 22.90173102915287 -21.300000000000004 63.971828036010265
      vertex 23.52891932427883 -21.300000000000004 63.813879169523716
    endloop
  endfacet
  facet normal 0.12206317607454789 0 0.9925223327696934
    outer loop
      vertex 21.545024938881397 -20.500000000000004 64.18864368647337
      vertex 21.545024938881397 -21.300000000000004 64.18864368647337
      vertex 22.14046949893236 -21.300000000000004 64.11541424691677
    endloop
  endfacet
  facet normal 0.15400687990864423 0 0.9880697753401854
    outer loop
      vertex 22.14046949893236 -20.500000000000004 64.11541424691677
      vertex 22.14046949893236 -21.300000000000004 64.11541424691677
      vertex 22.216942079365253 -21.300000000000004 64.10349474102259
    endloop
  endfacet
  facet normal -0.28401534458367234 0 -0.9588197349038128
    outer loop
      vertex 22.819648787379265 -20.500000000000004 64.9135087504983
      vertex 22.819648787379265 -21.300000000000004 64.9135087504983
      vertex 21.346338972449303 -21.300000000000004 65.34992299973965
    endloop
  endfacet
  facet normal 0.1857903294757379 0 0.9825894124573583
    outer loop
      vertex 22.216942079365253 -20.500000000000004 64.10349474102259
      vertex 22.216942079365253 -21.300000000000004 64.10349474102259
      vertex 22.831625811755657 -21.300000000000004 63.98726888746023
    endloop
  endfacet
  facet normal 0.2150970094483277 0 0.9765926871149435
    outer loop
      vertex 22.831625811755657 -20.500000000000004 63.98726888746023
      vertex 22.831625811755657 -21.300000000000004 63.98726888746023
      vertex 22.90173102915287 -21.300000000000004 63.971828036010265
    endloop
  endfacet
  facet normal -0.4462138811495077 0 -0.8949263501928485
    outer loop
      vertex 25.123509347438812 -20.500000000000004 61.94550030678511
      vertex 25.73176236450672 -21.300000000000004 61.64222290366888
      vertex 25.123509347438812 -21.300000000000004 61.94550030678511
    endloop
  endfacet
  facet normal -0.4928477799336172 0 -0.870115547392704
    outer loop
      vertex 25.73176236450672 -20.500000000000004 61.64222290366888
      vertex 26.318302772939205 -21.300000000000004 61.309996753931046
      vertex 25.73176236450672 -21.300000000000004 61.64222290366888
    endloop
  endfacet
  facet normal -0.2985287838312991 0 -0.9544006314039222
    outer loop
      vertex 23.235865712165833 -20.500000000000004 62.65021272748709
      vertex 23.868686974048615 -21.300000000000004 62.45227136462927
      vertex 23.235865712165833 -21.300000000000004 62.65021272748709
    endloop
  endfacet
  facet normal 0.27147824421080463 0 0.9624445765446541
    outer loop
      vertex 23.52891932427883 -20.500000000000004 63.813879169523716
      vertex 23.52891932427883 -21.300000000000004 63.813879169523716
      vertex 23.59410025179386 -21.300000000000004 63.795493483543396
    endloop
  endfacet
  facet normal 0.2985287838312991 0 0.9544006314039222
    outer loop
      vertex 23.59410025179386 -20.500000000000004 63.795493483543396
      vertex 23.59410025179386 -21.300000000000004 63.795493483543396
      vertex 24.226921513676643 -21.300000000000004 63.59755212068558
    endloop
  endfacet
  facet normal -0.34975074077425294 0 -0.9368427932838366
    outer loop
      vertex 23.868686974048615 -20.500000000000004 62.45227136462927
      vertex 24.500207878649235 -21.300000000000004 62.21650619059801
      vertex 23.868686974048615 -21.300000000000004 62.45227136462927
    endloop
  endfacet
  facet normal 0.3242586338790405 0 0.9459684658353567
    outer loop
      vertex 24.226921513676643 -20.500000000000004 63.59755212068558
      vertex 24.226921513676643 -21.300000000000004 63.59755212068558
      vertex 24.28838786482811 -21.300000000000004 63.576482713222504
    endloop
  endfacet
  facet normal 0.34975074077425294 0 0.9368427932838366
    outer loop
      vertex 24.28838786482811 -20.500000000000004 63.576482713222504
      vertex 24.28838786482811 -21.300000000000004 63.576482713222504
      vertex 24.91990876942873 -21.300000000000004 63.340717539191246
    endloop
  endfacet
  facet normal -0.33380685913208813 0 -0.9426414911281862
    outer loop
      vertex 24.268099315464497 -20.500000000000004 64.40058551728725
      vertex 24.268099315464497 -21.300000000000004 64.40058551728725
      vertex 22.819648787379265 -21.300000000000004 64.9135087504983
    endloop
  endfacet
  facet normal 0.3338068594051129 0 0.942641491031503
    outer loop
      vertex 23.64462522417307 -20.500000000000004 66
      vertex 23.64462522417307 -21.300000000000004 66
      vertex 24.733977653086185 -21.300000000000004 65.6142400726676
    endloop
  endfacet
  facet normal -0.3987326017949962 0 -0.9170672343213409
    outer loop
      vertex 24.500207878649235 -20.500000000000004 62.21650619059801
      vertex 25.123509347438812 -21.300000000000004 61.94550030678511
      vertex 24.500207878649235 -21.300000000000004 62.21650619059801
    endloop
  endfacet
  facet normal 0.3743721949015055 0 0.9272785232521183
    outer loop
      vertex 24.91990876942873 -20.500000000000004 63.340717539191246
      vertex 24.91990876942873 -21.300000000000004 63.340717539191246
      vertex 24.97868700325489 -21.300000000000004 63.31698687374592
    endloop
  endfacet
  facet normal 0.3987326017949962 0 0.9170672343213409
    outer loop
      vertex 24.97868700325489 -20.500000000000004 63.31698687374592
      vertex 24.97868700325489 -21.300000000000004 63.31698687374592
      vertex 25.601988472044468 -21.300000000000004 63.045980989933014
    endloop
  endfacet
  facet normal 0.4226182760079467 0 0.9063077803837232
    outer loop
      vertex 25.601988472044468 -20.500000000000004 63.045980989933014
      vertex 25.601988472044468 -21.300000000000004 63.045980989933014
      vertex 25.65896600484848 -21.300000000000004 63.01941192895174
    endloop
  endfacet
  facet normal 0.4462138811495077 0 0.8949263501928485
    outer loop
      vertex 25.65896600484848 -20.500000000000004 63.01941192895174
      vertex 25.65896600484848 -21.300000000000004 63.01941192895174
      vertex 26.26721902191639 -21.300000000000004 62.716134525835514
    endloop
  endfacet
  facet normal -0.3826834315568862 0 -0.9238795328460556
    outer loop
      vertex 25.687720477581024 -20.500000000000004 63.81255917996168
      vertex 25.687720477581024 -21.300000000000004 63.81255917996168
      vertex 24.268099315464497 -21.300000000000004 64.40058551728725
    endloop
  endfacet
  facet normal 0.3826834316424301 0 0.9238795328106223
    outer loop
      vertex 24.733977653086185 -20.500000000000004 65.6142400726676
      vertex 24.733977653086185 -21.300000000000004 65.6142400726676
      vertex 26.21647810935974 -21.300000000000004 65.00016827881336
    endloop
  endfacet
  facet normal 0 -1 0
    outer loop
      vertex 13.100000008940697 -21.300000000000004 58.332979150116444
      vertex 14.399999998509884 -21.300000000000004 52.81
      vertex 14.399999998509884 -21.300000000000004 58.332979150116444
    endloop
  endfacet
  facet normal 0 -1 0
    outer loop
      vertex 18.297931164503098 -21.300000000000004 57.413952484726906
      vertex 19.61500570178032 -21.300000000000004 57.82263125479221
      vertex 17.90920167416334 -21.300000000000004 57.831436187028885
    endloop
  endfacet
  facet normal 0 -1 0
    outer loop
      vertex 18.297931164503098 -21.300000000000004 57.413952484726906
      vertex 18.357937686145306 -21.300000000000004 57.35391302406788
      vertex 19.61500570178032 -21.300000000000004 57.82263125479221
    endloop
  endfacet
  facet normal 0 -1 0
    outer loop
      vertex 18.796779081225395 -21.300000000000004 56.944847002625465
      vertex 18.85506557673216 -21.300000000000004 56.893927313387394
      vertex 19.61500570178032 -21.300000000000004 57.82263125479221
    endloop
  endfacet
  facet normal 0 -1 0
    outer loop
      vertex 18.357937686145306 -21.300000000000004 57.35391302406788
      vertex 18.796779081225395 -21.300000000000004 56.944847002625465
      vertex 19.61500570178032 -21.300000000000004 57.82263125479221
    endloop
  endfacet
  facet normal 0 -1 0
    outer loop
      vertex 19.396101981401443 -21.300000000000004 56.45398227870464
      vertex 19.920246705412865 -21.300000000000004 56.07505574077368
      vertex 20.623295679688454 -21.300000000000004 57.047538198530674
    endloop
  endfacet
  facet normal 0 -1 0
    outer loop
      vertex 18.85506557673216 -21.300000000000004 56.893927313387394
      vertex 19.339210830628872 -21.300000000000004 56.49776079505682
      vertex 20.099150955677032 -21.300000000000004 57.42646473646164
    endloop
  endfacet
  facet normal 0 -1 0
    outer loop
      vertex 18.85506557673216 -21.300000000000004 56.893927313387394
      vertex 20.099150955677032 -21.300000000000004 57.42646473646164
      vertex 19.61500570178032 -21.300000000000004 57.82263125479221
    endloop
  endfacet
  facet normal 0 -1 0
    outer loop
      vertex 19.396101981401443 -21.300000000000004 56.45398227870464
      vertex 20.099150955677032 -21.300000000000004 57.42646473646164
      vertex 19.339210830628872 -21.300000000000004 56.49776079505682
    endloop
  endfacet
  facet normal 0 -1 0
    outer loop
      vertex 13.100000008940697 -21.300000000000004 58.332979150116444
      vertex 14.399999998509884 -21.300000000000004 58.332979150116444
      vertex 14.399999998509884 -21.300000000000004 59.63297914713621
    endloop
  endfacet
  facet normal 0 -1 0
    outer loop
      vertex 14.399999998509884 -21.300000000000004 58.332979150116444
      vertex 14.867372669279575 -21.300000000000004 58.320740565657616
      vertex 14.935409411787987 -21.300000000000004 59.618958964943886
    endloop
  endfacet
  facet normal 0 -1 0
    outer loop
      vertex 14.867372669279575 -21.300000000000004 58.320740565657616
      vertex 15.981682687997818 -21.300000000000004 58.23304246366024
      vertex 14.935409411787987 -21.300000000000004 59.618958964943886
    endloop
  endfacet
  facet normal 0 -1 0
    outer loop
      vertex 14.399999998509884 -21.300000000000004 58.332979150116444
      vertex 14.935409411787987 -21.300000000000004 59.618958964943886
      vertex 14.399999998509884 -21.300000000000004 59.63297914713621
    endloop
  endfacet
  facet normal 0 -1 0
    outer loop
      vertex 14.935409411787987 -21.300000000000004 59.618958964943886
      vertex 15.981682687997818 -21.300000000000004 58.23304246366024
      vertex 17.08987583220005 -21.300000000000004 58.08714607357979
    endloop
  endfacet
  facet normal 0 -1 0
    outer loop
      vertex 14.935409411787987 -21.300000000000004 59.618958964943886
      vertex 17.08987583220005 -21.300000000000004 58.08714607357979
      vertex 17.806977599859238 -21.300000000000004 57.9542391076684
    endloop
  endfacet
  facet normal 0 -1 0
    outer loop
      vertex 13.100000008940697 -21.300000000000004 66
      vertex 14.399999998509884 -21.300000000000004 59.63297914713621
      vertex 14.399999998509884 -21.300000000000004 66
    endloop
  endfacet
  facet normal 0 -1 0
    outer loop
      vertex 14.935409411787987 -21.300000000000004 59.618958964943886
      vertex 17.806977599859238 -21.300000000000004 57.9542391076684
      vertex 19.61500570178032 -21.300000000000004 57.82263125479221
    endloop
  endfacet
  facet normal 0 -1 0
    outer loop
      vertex 14.935409411787987 -21.300000000000004 59.618958964943886
      vertex 19.61500570178032 -21.300000000000004 57.82263125479221
      vertex 16.11756969243288 -21.300000000000004 59.52592092752457
    endloop
  endfacet
  facet normal 0 -1 0
    outer loop
      vertex 16.837780609726906 -21.300000000000004 59.48519253730774
      vertex 16.86332816630602 -21.300000000000004 59.42773995548487
      vertex 17.961489140987396 -21.300000000000004 59.906237825751305
    endloop
  endfacet
  facet normal 0 -1 0
    outer loop
      vertex 16.11756969243288 -21.300000000000004 59.52592092752457
      vertex 19.17616430670023 -21.300000000000004 58.23169727623463
      vertex 16.86332816630602 -21.300000000000004 59.42773995548487
    endloop
  endfacet
  facet normal 0 -1 0
    outer loop
      vertex 17.847457505762577 -21.300000000000004 57.903230138123035
      vertex 19.61500570178032 -21.300000000000004 57.82263125479221
      vertex 17.806977599859238 -21.300000000000004 57.9542391076684
    endloop
  endfacet
  facet normal 0 -1 0
    outer loop
      vertex 16.11756969243288 -21.300000000000004 59.52592092752457
      vertex 19.61500570178032 -21.300000000000004 57.82263125479221
      vertex 19.17616430670023 -21.300000000000004 58.23169727623463
    endloop
  endfacet
  facet normal 0 -1 0
    outer loop
      vertex 16.86332816630602 -21.300000000000004 59.42773995548487
      vertex 19.17616430670023 -21.300000000000004 58.23169727623463
      vertex 18.787434816360474 -21.300000000000004 58.649180978536606
    endloop
  endfacet
  facet normal 0 -1 0
    outer loop
      vertex 16.86332816630602 -21.300000000000004 59.42773995548487
      vertex 18.787434816360474 -21.300000000000004 58.649180978536606
      vertex 18.453076228499413 -21.300000000000004 59.07050832360983
    endloop
  endfacet
  facet normal 0 -1 0
    outer loop
      vertex 16.86332816630602 -21.300000000000004 59.42773995548487
      vertex 18.453076228499413 -21.300000000000004 59.07050832360983
      vertex 18.176751844584942 -21.300000000000004 59.49106317013502
    endloop
  endfacet
  facet normal 0 -1 0
    outer loop
      vertex 16.86332816630602 -21.300000000000004 59.42773995548487
      vertex 18.176751844584942 -21.300000000000004 59.49106317013502
      vertex 17.961489140987396 -21.300000000000004 59.906237825751305
    endloop
  endfacet
  facet normal 0 -1 0
    outer loop
      vertex 16.68211904168129 -21.300000000000004 59.90077479183674
      vertex 16.68593803048134 -21.300000000000004 59.89043825864792
      vertex 17.80964656174183 -21.300000000000004 60.311483547091484
    endloop
  endfacet
  facet normal 0 -1 0
    outer loop
      vertex 16.638156943023205 -21.300000000000004 60.05146033316851
      vertex 16.68211904168129 -21.300000000000004 59.90077479183674
      vertex 17.80964656174183 -21.300000000000004 60.311483547091484
    endloop
  endfacet
  facet normal 0 -1 0
    outer loop
      vertex 16.638156943023205 -21.300000000000004 60.05146033316851
      vertex 17.80964656174183 -21.300000000000004 60.311483547091484
      vertex 16.551398128271103 -21.300000000000004 60.44233717024326
    endloop
  endfacet
  facet normal 0 -1 0
    outer loop
      vertex 16.837780609726906 -21.300000000000004 59.48519253730774
      vertex 17.80964656174183 -21.300000000000004 60.311483547091484
      vertex 16.68593803048134 -21.300000000000004 59.89043825864792
    endloop
  endfacet
  facet normal 0 -1 0
    outer loop
      vertex 16.551398128271103 -21.300000000000004 60.44233717024326
      vertex 17.722887746989727 -21.300000000000004 60.70236038416624
      vertex 16.54370103776455 -21.300000000000004 60.479832388460636
    endloop
  endfacet
  facet normal 0 -1 0
    outer loop
      vertex 16.54370103776455 -21.300000000000004 60.479832388460636
      vertex 17.722887746989727 -21.300000000000004 60.70236038416624
      vertex 16.524743415415287 -21.300000000000004 60.635650895535946
    endloop
  endfacet
  facet normal 0 -1 0
    outer loop
      vertex 16.524743415415287 -21.300000000000004 60.635650895535946
      vertex 17.722887746989727 -21.300000000000004 60.70236038416624
      vertex 16.504018895328045 -21.300000000000004 61.00787631422281
    endloop
  endfacet
  facet normal 0 -1 0
    outer loop
      vertex 16.837780609726906 -21.300000000000004 59.48519253730774
      vertex 17.961489140987396 -21.300000000000004 59.906237825751305
      vertex 17.80964656174183 -21.300000000000004 60.311483547091484
    endloop
  endfacet
  facet normal 0 -1 0
    outer loop
      vertex 16.551398128271103 -21.300000000000004 60.44233717024326
      vertex 17.80964656174183 -21.300000000000004 60.311483547091484
      vertex 17.722887746989727 -21.300000000000004 60.70236038416624
    endloop
  endfacet
  facet normal 0 -1 0
    outer loop
      vertex 16.504018895328045 -21.300000000000004 61.00787631422281
      vertex 17.702163226902485 -21.300000000000004 61.07458580285311
      vertex 16.50216429680586 -21.300000000000004 61.07298190146685
    endloop
  endfacet
  facet normal 0 -1 0
    outer loop
      vertex 16.50216429680586 -21.300000000000004 61.07298190146685
      vertex 17.702163226902485 -21.300000000000004 61.07458580285311
      vertex 16.512221105396748 -21.300000000000004 61.229626916348934
    endloop
  endfacet
  facet normal 0 -1 0
    outer loop
      vertex 16.512221105396748 -21.300000000000004 61.229626916348934
      vertex 17.747700080275536 -21.300000000000004 61.42408162355423
      vertex 16.5577579587698 -21.300000000000004 61.57912273705006
    endloop
  endfacet
  facet normal 0 -1 0
    outer loop
      vertex 16.5577579587698 -21.300000000000004 61.57912273705006
      vertex 17.747700080275536 -21.300000000000004 61.42408162355423
      vertex 16.571858793497086 -21.300000000000004 61.663658902049065
    endloop
  endfacet
  facet normal 0 -1 0
    outer loop
      vertex 16.571858793497086 -21.300000000000004 61.663658902049065
      vertex 17.747700080275536 -21.300000000000004 61.42408162355423
      vertex 16.61318939179182 -21.300000000000004 61.815087370574474
    endloop
  endfacet
  facet normal 0 -1 0
    outer loop
      vertex 16.504018895328045 -21.300000000000004 61.00787631422281
      vertex 17.722887746989727 -21.300000000000004 60.70236038416624
      vertex 17.702163226902485 -21.300000000000004 61.07458580285311
    endloop
  endfacet
  facet normal 0 -1 0
    outer loop
      vertex 16.512221105396748 -21.300000000000004 61.229626916348934
      vertex 17.702163226902485 -21.300000000000004 61.07458580285311
      vertex 17.747700080275536 -21.300000000000004 61.42408162355423
    endloop
  endfacet
  facet normal 0 -1 0
    outer loop
      vertex 16.61318939179182 -21.300000000000004 61.815087370574474
      vertex 17.747700080275536 -21.300000000000004 61.42408162355423
      vertex 17.858999386429787 -21.300000000000004 61.747018702328205
    endloop
  endfacet
  facet normal 0 -1 0
    outer loop
      vertex 17.847457505762577 -21.300000000000004 57.903230138123035
      vertex 17.90920167416334 -21.300000000000004 57.831436187028885
      vertex 19.61500570178032 -21.300000000000004 57.82263125479221
    endloop
  endfacet
  facet normal 0 -1 0
    outer loop
      vertex 16.61318939179182 -21.300000000000004 61.815087370574474
      vertex 17.858999386429787 -21.300000000000004 61.747018702328205
      vertex 16.72448869794607 -21.300000000000004 62.13802444934845
    endloop
  endfacet
  facet normal 0 -1 0
    outer loop
      vertex 16.72448869794607 -21.300000000000004 62.13802444934845
      vertex 17.858999386429787 -21.300000000000004 61.747018702328205
      vertex 16.758390717208385 -21.300000000000004 62.22520335018635
    endloop
  endfacet
  facet normal 0 -1 0
    outer loop
      vertex 16.758390717208385 -21.300000000000004 62.22520335018635
      vertex 17.858999386429787 -21.300000000000004 61.747018702328205
      vertex 16.830222196877003 -21.300000000000004 62.36477067321539
    endloop
  endfacet
  facet normal 0 -1 0
    outer loop
      vertex 16.830222196877003 -21.300000000000004 62.36477067321539
      vertex 18.0348417237401 -21.300000000000004 62.03985886275768
      vertex 17.006064534187317 -21.300000000000004 62.65761083364487
    endloop
  endfacet
  facet normal 0 -1 0
    outer loop
      vertex 16.830222196877003 -21.300000000000004 62.36477067321539
      vertex 17.858999386429787 -21.300000000000004 61.747018702328205
      vertex 18.0348417237401 -21.300000000000004 62.03985886275768
    endloop
  endfacet
  facet normal 0 -1 0
    outer loop
      vertex 17.006064534187317 -21.300000000000004 62.65761083364487
      vertex 18.0348417237401 -21.300000000000004 62.03985886275768
      vertex 17.052780121564865 -21.300000000000004 62.72946382313967
    endloop
  endfacet
  facet normal 0 -1 0
    outer loop
      vertex 17.052780121564865 -21.300000000000004 62.72946382313967
      vertex 18.0348417237401 -21.300000000000004 62.03985886275768
      vertex 17.15119330585003 -21.300000000000004 62.851748920977116
    endloop
  endfacet
  facet normal 0 -1 0
    outer loop
      vertex 17.15119330585003 -21.300000000000004 62.851748920977116
      vertex 18.273300535976887 -21.300000000000004 62.29939369857311
      vertex 17.389652118086815 -21.300000000000004 63.111283756792545
    endloop
  endfacet
  facet normal 0 -1 0
    outer loop
      vertex 17.15119330585003 -21.300000000000004 62.851748920977116
      vertex 18.0348417237401 -21.300000000000004 62.03985886275768
      vertex 18.273300535976887 -21.300000000000004 62.29939369857311
    endloop
  endfacet
  facet normal 0 -1 0
    outer loop
      vertex 17.389652118086815 -21.300000000000004 63.111283756792545
      vertex 18.273300535976887 -21.300000000000004 62.29939369857311
      vertex 17.435004130005836 -21.300000000000004 63.15803164988756
    endloop
  endfacet
  facet normal 0 -1 0
    outer loop
      vertex 17.435004130005836 -21.300000000000004 63.15803164988756
      vertex 18.273300535976887 -21.300000000000004 62.29939369857311
      vertex 17.554250612854958 -21.300000000000004 63.26010552793741
    endloop
  endfacet
  facet normal 0 -1 0
    outer loop
      vertex 18.273300535976887 -21.300000000000004 62.29939369857311
      vertex 18.571763209998608 -21.300000000000004 62.5227796882391
      vertex 17.85271328687668 -21.300000000000004 63.4834915176034
    endloop
  endfacet
  facet normal 0 -1 0
    outer loop
      vertex 17.554250612854958 -21.300000000000004 63.26010552793741
      vertex 18.273300535976887 -21.300000000000004 62.29939369857311
      vertex 17.85271328687668 -21.300000000000004 63.4834915176034
    endloop
  endfacet
  facet normal 0 -1 0
    outer loop
      vertex 17.85271328687668 -21.300000000000004 63.4834915176034
      vertex 18.571763209998608 -21.300000000000004 62.5227796882391
      vertex 17.883719615638256 -21.300000000000004 63.505935840308666
    endloop
  endfacet
  facet normal 0 -1 0
    outer loop
      vertex 17.883719615638256 -21.300000000000004 63.505935840308666
      vertex 18.571763209998608 -21.300000000000004 62.5227796882391
      vertex 18.017933554947376 -21.300000000000004 63.587332509458065
    endloop
  endfacet
  facet normal 0 -1 0
    outer loop
      vertex 18.017933554947376 -21.300000000000004 63.587332509458065
      vertex 18.571763209998608 -21.300000000000004 62.5227796882391
      vertex 18.926959730684757 -21.300000000000004 62.70756936073303
    endloop
  endfacet
  facet normal 0 -1 0
    outer loop
      vertex 18.017933554947376 -21.300000000000004 63.587332509458065
      vertex 18.926959730684757 -21.300000000000004 62.70756936073303
      vertex 18.373130075633526 -21.300000000000004 63.772122181952
    endloop
  endfacet
  facet normal 0 -1 0
    outer loop
      vertex 18.38292895257473 -21.300000000000004 63.77716297656298
      vertex 18.373130075633526 -21.300000000000004 63.772122181952
      vertex 18.926959730684757 -21.300000000000004 62.70756936073303
    endloop
  endfacet
  facet normal 0 -1 0
    outer loop
      vertex 18.38292895257473 -21.300000000000004 63.77716297656298
      vertex 18.926959730684757 -21.300000000000004 62.70756936073303
      vertex 18.527193188667297 -21.300000000000004 63.83902272582054
    endloop
  endfacet
  facet normal 0 -1 0
    outer loop
      vertex 18.926959730684757 -21.300000000000004 62.70756936073303
      vertex 18.93523194640875 -21.300000000000004 63.98319149762392
      vertex 18.527193188667297 -21.300000000000004 63.83902272582054
    endloop
  endfacet
  facet normal 0 -1 0
    outer loop
      vertex 18.926959730684757 -21.300000000000004 62.70756936073303
      vertex 19.33499848842621 -21.300000000000004 62.85173813253641
      vertex 18.93523194640875 -21.300000000000004 63.98319149762392
    endloop
  endfacet
  facet normal 0 -1 0
    outer loop
      vertex 19.33499848842621 -21.300000000000004 62.85173813253641
      vertex 19.073352441191673 -21.300000000000004 64.02286636829376
      vertex 18.93523194640875 -21.300000000000004 63.98319149762392
    endloop
  endfacet
  facet normal 0 -1 0
    outer loop
      vertex 19.33499848842621 -21.300000000000004 62.85173813253641
      vertex 19.79140892624855 -21.300000000000004 62.953706458210945
      vertex 19.529762879014015 -21.300000000000004 64.1248346939683
    endloop
  endfacet
  facet normal 0 -1 0
    outer loop
      vertex 19.33499848842621 -21.300000000000004 62.85173813253641
      vertex 19.529762879014015 -21.300000000000004 64.1248346939683
      vertex 19.073352441191673 -21.300000000000004 64.02286636829376
    endloop
  endfacet
  facet normal 0 -1 0
    outer loop
      vertex 19.79140892624855 -21.300000000000004 62.953706458210945
      vertex 20.291190519928932 -21.300000000000004 63.012357138097286
      vertex 19.65154556185007 -21.300000000000004 64.1455278545618
    endloop
  endfacet
  facet normal 0 -1 0
    outer loop
      vertex 19.79140892624855 -21.300000000000004 62.953706458210945
      vertex 19.65154556185007 -21.300000000000004 64.1455278545618
      vertex 19.529762879014015 -21.300000000000004 64.1248346939683
    endloop
  endfacet
  facet normal 0 -1 0
    outer loop
      vertex 23.08599317073822 -21.300000000000004 54.470414504408836
      vertex 22.12735240960548 -21.300000000000004 52.81
      vertex 23.62846310010019 -21.300000000000004 52.81
    endloop
  endfacet
  facet normal 0 -1 0
    outer loop
      vertex 21.23278097808361 -21.300000000000004 55.283865474164486
      vertex 21.76823763549328 -21.300000000000004 56.35777709633112
      vertex 21.176820300519466 -21.300000000000004 55.31363844126463
    endloop
  endfacet
  facet normal 0 -1 0
    outer loop
      vertex 19.976228445768356 -21.300000000000004 56.03694233298302
      vertex 20.623295679688454 -21.300000000000004 57.047538198530674
      vertex 19.920246705412865 -21.300000000000004 56.07505574077368
    endloop
  endfacet
  facet normal 0 -1 0
    outer loop
      vertex 19.976228445768356 -21.300000000000004 56.03694233298302
      vertex 20.534629993140697 -21.300000000000004 55.6794073805213
      vertex 21.181697227060795 -21.300000000000004 56.690003246068954
    endloop
  endfacet
  facet normal 0 -1 0
    outer loop
      vertex 20.534629993140697 -21.300000000000004 55.6794073805213
      vertex 20.590279892086983 -21.300000000000004 55.645864591002464
      vertex 21.181697227060795 -21.300000000000004 56.690003246068954
    endloop
  endfacet
  facet normal 0 -1 0
    outer loop
      vertex 19.976228445768356 -21.300000000000004 56.03694233298302
      vertex 21.181697227060795 -21.300000000000004 56.690003246068954
      vertex 20.623295679688454 -21.300000000000004 57.047538198530674
    endloop
  endfacet
  facet normal 0 -1 0
    outer loop
      vertex 19.396101981401443 -21.300000000000004 56.45398227870464
      vertex 20.623295679688454 -21.300000000000004 57.047538198530674
      vertex 20.099150955677032 -21.300000000000004 57.42646473646164
    endloop
  endfacet
  facet normal 0 -1 0
    outer loop
      vertex 20.590279892086983 -21.300000000000004 55.645864591002464
      vertex 21.176820300519466 -21.300000000000004 55.31363844126463
      vertex 21.181697227060795 -21.300000000000004 56.690003246068954
    endloop
  endfacet
  facet normal 0 -1 0
    outer loop
      vertex 21.176820300519466 -21.300000000000004 55.31363844126463
      vertex 21.76823763549328 -21.300000000000004 56.35777709633112
      vertex 21.181697227060795 -21.300000000000004 56.690003246068954
    endloop
  endfacet
  facet normal 0 -1 0
    outer loop
      vertex 21.23278097808361 -21.300000000000004 55.283865474164486
      vertex 21.84103399515152 -21.300000000000004 54.98058807104826
      vertex 22.376490652561188 -21.300000000000004 56.05449969321489
    endloop
  endfacet
  facet normal 0 -1 0
    outer loop
      vertex 21.84103399515152 -21.300000000000004 54.98058807104826
      vertex 21.898011527955532 -21.300000000000004 54.954019010066986
      vertex 22.376490652561188 -21.300000000000004 56.05449969321489
    endloop
  endfacet
  facet normal 0 -1 0
    outer loop
      vertex 21.898011527955532 -21.300000000000004 54.954019010066986
      vertex 22.52131299674511 -21.300000000000004 54.68301312625408
      vertex 22.376490652561188 -21.300000000000004 56.05449969321489
    endloop
  endfacet
  facet normal 0 -1 0
    outer loop
      vertex 22.52131299674511 -21.300000000000004 54.68301312625408
      vertex 22.58009123057127 -21.300000000000004 54.659282460808754
      vertex 22.999792121350765 -21.300000000000004 55.78349380940199
    endloop
  endfacet
  facet normal 0 -1 0
    outer loop
      vertex 22.52131299674511 -21.300000000000004 54.68301312625408
      vertex 22.999792121350765 -21.300000000000004 55.78349380940199
      vertex 22.376490652561188 -21.300000000000004 56.05449969321489
    endloop
  endfacet
  facet normal 0 -1 0
    outer loop
      vertex 23.08599317073822 -21.300000000000004 54.470414504408836
      vertex 22.999792121350765 -21.300000000000004 55.78349380940199
      vertex 22.58009123057127 -21.300000000000004 54.659282460808754
    endloop
  endfacet
  facet normal 0 -1 0
    outer loop
      vertex 21.23278097808361 -21.300000000000004 55.283865474164486
      vertex 22.376490652561188 -21.300000000000004 56.05449969321489
      vertex 21.76823763549328 -21.300000000000004 56.35777709633112
    endloop
  endfacet
  facet normal 0 -1 0
    outer loop
      vertex 23.08599317073822 -21.300000000000004 54.470414504408836
      vertex 23.62846310010019 -21.300000000000004 52.81
      vertex 24.365603990852833 -21.300000000000004 54.086765475571156
    endloop
  endfacet
  facet normal 0 -1 0
    outer loop
      vertex 23.08599317073822 -21.300000000000004 54.470414504408836
      vertex 23.631313025951385 -21.300000000000004 55.54772863537073
      vertex 22.999792121350765 -21.300000000000004 55.78349380940199
    endloop
  endfacet
  facet normal 0 -1 0
    outer loop
      vertex 23.08599317073822 -21.300000000000004 54.470414504408836
      vertex 24.264134287834167 -21.300000000000004 55.34978727251291
      vertex 23.631313025951385 -21.300000000000004 55.54772863537073
    endloop
  endfacet
  facet normal 0 -1 0
    outer loop
      vertex 23.08599317073822 -21.300000000000004 54.470414504408836
      vertex 24.89132258296013 -21.300000000000004 55.19183840602636
      vertex 24.264134287834167 -21.300000000000004 55.34978727251291
    endloop
  endfacet
  facet normal 0 -1 0
    outer loop
      vertex 23.08599317073822 -21.300000000000004 54.470414504408836
      vertex 25.506006315350533 -21.300000000000004 55.07561255246401
      vertex 24.89132258296013 -21.300000000000004 55.19183840602636
    endloop
  endfacet
  facet normal 0 -1 0
    outer loop
      vertex 23.08599317073822 -21.300000000000004 54.470414504408836
      vertex 26.101450875401497 -21.300000000000004 55.00238311290741
      vertex 25.506006315350533 -21.300000000000004 55.07561255246401
    endloop
  endfacet
  facet normal 0 -1 0
    outer loop
      vertex 23.08599317073822 -21.300000000000004 54.470414504408836
      vertex 26.671132445335388 -21.300000000000004 54.97295239567757
      vertex 26.101450875401497 -21.300000000000004 55.00238311290741
    endloop
  endfacet
  facet normal 0 -1 0
    outer loop
      vertex 23.08599317073822 -21.300000000000004 54.470414504408836
      vertex 24.365603990852833 -21.300000000000004 54.086765475571156
      vertex 29.616280384361744 -21.300000000000004 54.494064159691334
    endloop
  endfacet
  facet normal 0 -1 0
    outer loop
      vertex 24.365603990852833 -21.300000000000004 54.086765475571156
      vertex 24.59826897084713 -21.300000000000004 54.028171963989735
      vertex 29.616280384361744 -21.300000000000004 54.494064159691334
    endloop
  endfacet
  facet normal 0 -1 0
    outer loop
      vertex 23.08599317073822 -21.300000000000004 54.470414504408836
      vertex 27.208809480071068 -21.300000000000004 54.987642861902714
      vertex 26.671132445335388 -21.300000000000004 54.97295239567757
    endloop
  endfacet
  facet normal 0 -1 0
    outer loop
      vertex 19.65154556185007 -21.300000000000004 64.1455278545618
      vertex 20.291190519928932 -21.300000000000004 63.012357138097286
      vertex 20.151327155530453 -21.300000000000004 64.20417853444815
    endloop
  endfacet
  facet normal 0 -1 0
    outer loop
      vertex 20.291190519928932 -21.300000000000004 63.012357138097286
      vertex 20.25841622799635 -21.300000000000004 64.21190948784351
      vertex 20.151327155530453 -21.300000000000004 64.20417853444815
    endloop
  endfacet
  facet normal 0 -1 0
    outer loop
      vertex 20.291190519928932 -21.300000000000004 63.012357138097286
      vertex 20.79609326273203 -21.300000000000004 64.22659995406866
      vertex 20.25841622799635 -21.300000000000004 64.21190948784351
    endloop
  endfacet
  facet normal 0 -1 0
    outer loop
      vertex 20.291190519928932 -21.300000000000004 63.012357138097286
      vertex 20.828867554664612 -21.300000000000004 63.02704760432243
      vertex 20.79609326273203 -21.300000000000004 64.22659995406866
    endloop
  endfacet
  facet normal 0 -1 0
    outer loop
      vertex 20.828867554664612 -21.300000000000004 63.02704760432243
      vertex 20.89077902585268 -21.300000000000004 64.22544944286346
      vertex 20.79609326273203 -21.300000000000004 64.22659995406866
    endloop
  endfacet
  facet normal 0 -1 0
    outer loop
      vertex 20.828867554664612 -21.300000000000004 63.02704760432243
      vertex 21.46046059578657 -21.300000000000004 64.19601872563362
      vertex 20.89077902585268 -21.300000000000004 64.22544944286346
    endloop
  endfacet
  facet normal 0 -1 0
    outer loop
      vertex 20.828867554664612 -21.300000000000004 63.02704760432243
      vertex 21.398549124598503 -21.300000000000004 62.99761688709259
      vertex 21.46046059578657 -21.300000000000004 64.19601872563362
    endloop
  endfacet
  facet normal 0 -1 0
    outer loop
      vertex 21.398549124598503 -21.300000000000004 62.99761688709259
      vertex 21.545024938881397 -21.300000000000004 64.18864368647337
      vertex 21.46046059578657 -21.300000000000004 64.19601872563362
    endloop
  endfacet
  facet normal 0 -1 0
    outer loop
      vertex 18.255160972476006 -21.300000000000004 66
      vertex 18.34135154634714 -21.300000000000004 65.98865279555321
      vertex 23.64462522417307 -21.300000000000004 66
    endloop
  endfacet
  facet normal 0 -1 0
    outer loop
      vertex 18.34135154634714 -21.300000000000004 65.98865279555321
      vertex 19.852208122611046 -21.300000000000004 65.70863208174706
      vertex 23.64462522417307 -21.300000000000004 66
    endloop
  endfacet
  facet normal 0 -1 0
    outer loop
      vertex 21.398549124598503 -21.300000000000004 62.99761688709259
      vertex 21.993993684649467 -21.300000000000004 62.92438744753599
      vertex 21.545024938881397 -21.300000000000004 64.18864368647337
    endloop
  endfacet
  facet normal 0 -1 0
    outer loop
      vertex 21.545024938881397 -21.300000000000004 64.18864368647337
      vertex 21.993993684649467 -21.300000000000004 62.92438744753599
      vertex 22.14046949893236 -21.300000000000004 64.11541424691677
    endloop
  endfacet
  facet normal 0 -1 0
    outer loop
      vertex 21.993993684649467 -21.300000000000004 62.92438744753599
      vertex 22.216942079365253 -21.300000000000004 64.10349474102259
      vertex 22.14046949893236 -21.300000000000004 64.11541424691677
    endloop
  endfacet
  facet normal 0 -1 0
    outer loop
      vertex 21.993993684649467 -21.300000000000004 62.92438744753599
      vertex 22.60867741703987 -21.300000000000004 62.80816159397364
      vertex 22.831625811755657 -21.300000000000004 63.98726888746023
    endloop
  endfacet
  facet normal 0 -1 0
    outer loop
      vertex 21.993993684649467 -21.300000000000004 62.92438744753599
      vertex 22.831625811755657 -21.300000000000004 63.98726888746023
      vertex 22.216942079365253 -21.300000000000004 64.10349474102259
    endloop
  endfacet
  facet normal 0 -1 0
    outer loop
      vertex 22.60867741703987 -21.300000000000004 62.80816159397364
      vertex 23.235865712165833 -21.300000000000004 62.65021272748709
      vertex 23.52891932427883 -21.300000000000004 63.813879169523716
    endloop
  endfacet
  facet normal 0 -1 0
    outer loop
      vertex 22.60867741703987 -21.300000000000004 62.80816159397364
      vertex 22.90173102915287 -21.300000000000004 63.971828036010265
      vertex 22.831625811755657 -21.300000000000004 63.98726888746023
    endloop
  endfacet
  facet normal 0 -1 0
    outer loop
      vertex 22.60867741703987 -21.300000000000004 62.80816159397364
      vertex 23.52891932427883 -21.300000000000004 63.813879169523716
      vertex 22.90173102915287 -21.300000000000004 63.971828036010265
    endloop
  endfacet
  facet normal 0 -1 0
    outer loop
      vertex 19.852208122611046 -21.300000000000004 65.70863208174706
      vertex 21.346338972449303 -21.300000000000004 65.34992299973965
      vertex 23.64462522417307 -21.300000000000004 66
    endloop
  endfacet
  facet normal 0 -1 0
    outer loop
      vertex 21.346338972449303 -21.300000000000004 65.34992299973965
      vertex 22.819648787379265 -21.300000000000004 64.9135087504983
      vertex 23.64462522417307 -21.300000000000004 66
    endloop
  endfacet
  facet normal 0 -1 0
    outer loop
      vertex 23.235865712165833 -21.300000000000004 62.65021272748709
      vertex 23.868686974048615 -21.300000000000004 62.45227136462927
      vertex 24.226921513676643 -21.300000000000004 63.59755212068558
    endloop
  endfacet
  facet normal 0 -1 0
    outer loop
      vertex 23.235865712165833 -21.300000000000004 62.65021272748709
      vertex 23.59410025179386 -21.300000000000004 63.795493483543396
      vertex 23.52891932427883 -21.300000000000004 63.813879169523716
    endloop
  endfacet
  facet normal 0 -1 0
    outer loop
      vertex 23.235865712165833 -21.300000000000004 62.65021272748709
      vertex 24.226921513676643 -21.300000000000004 63.59755212068558
      vertex 23.59410025179386 -21.300000000000004 63.795493483543396
    endloop
  endfacet
  facet normal 0 -1 0
    outer loop
      vertex 23.868686974048615 -21.300000000000004 62.45227136462927
      vertex 24.500207878649235 -21.300000000000004 62.21650619059801
      vertex 24.28838786482811 -21.300000000000004 63.576482713222504
    endloop
  endfacet
  facet normal 0 -1 0
    outer loop
      vertex 23.868686974048615 -21.300000000000004 62.45227136462927
      vertex 24.28838786482811 -21.300000000000004 63.576482713222504
      vertex 24.226921513676643 -21.300000000000004 63.59755212068558
    endloop
  endfacet
  facet normal 0 -1 0
    outer loop
      vertex 24.500207878649235 -21.300000000000004 62.21650619059801
      vertex 24.91990876942873 -21.300000000000004 63.340717539191246
      vertex 24.28838786482811 -21.300000000000004 63.576482713222504
    endloop
  endfacet
  facet normal 0 -1 0
    outer loop
      vertex 22.819648787379265 -21.300000000000004 64.9135087504983
      vertex 24.268099315464497 -21.300000000000004 64.40058551728725
      vertex 23.64462522417307 -21.300000000000004 66
    endloop
  endfacet
  facet normal 0 -1 0
    outer loop
      vertex 23.64462522417307 -21.300000000000004 66
      vertex 24.268099315464497 -21.300000000000004 64.40058551728725
      vertex 24.733977653086185 -21.300000000000004 65.6142400726676
    endloop
  endfacet
  facet normal 0 -1 0
    outer loop
      vertex 24.500207878649235 -21.300000000000004 62.21650619059801
      vertex 25.123509347438812 -21.300000000000004 61.94550030678511
      vertex 24.97868700325489 -21.300000000000004 63.31698687374592
    endloop
  endfacet
  facet normal 0 -1 0
    outer loop
      vertex 25.123509347438812 -21.300000000000004 61.94550030678511
      vertex 25.601988472044468 -21.300000000000004 63.045980989933014
      vertex 24.97868700325489 -21.300000000000004 63.31698687374592
    endloop
  endfacet
  facet normal 0 -1 0
    outer loop
      vertex 25.123509347438812 -21.300000000000004 61.94550030678511
      vertex 25.65896600484848 -21.300000000000004 63.01941192895174
      vertex 25.601988472044468 -21.300000000000004 63.045980989933014
    endloop
  endfacet
  facet normal 0 -1 0
    outer loop
      vertex 24.500207878649235 -21.300000000000004 62.21650619059801
      vertex 24.97868700325489 -21.300000000000004 63.31698687374592
      vertex 24.91990876942873 -21.300000000000004 63.340717539191246
    endloop
  endfacet
  facet normal 0 -1 0
    outer loop
      vertex 25.73176236450672 -21.300000000000004 61.64222290366888
      vertex 26.26721902191639 -21.300000000000004 62.716134525835514
      vertex 25.123509347438812 -21.300000000000004 61.94550030678511
    endloop
  endfacet
  facet normal 0 -1 0
    outer loop
      vertex 25.123509347438812 -21.300000000000004 61.94550030678511
      vertex 26.26721902191639 -21.300000000000004 62.716134525835514
      vertex 25.65896600484848 -21.300000000000004 63.01941192895174
    endloop
  endfacet
  facet normal 0 -1 0
    outer loop
      vertex 25.73176236450672 -21.300000000000004 61.64222290366888
      vertex 26.318302772939205 -21.300000000000004 61.309996753931046
      vertex 26.323179699480534 -21.300000000000004 62.68636155873537
    endloop
  endfacet
  facet normal 0 -1 0
    outer loop
      vertex 25.73176236450672 -21.300000000000004 61.64222290366888
      vertex 26.323179699480534 -21.300000000000004 62.68636155873537
      vertex 26.26721902191639 -21.300000000000004 62.716134525835514
    endloop
  endfacet
  facet normal 0 -1 0
    outer loop
      vertex 24.268099315464497 -21.300000000000004 64.40058551728725
      vertex 25.687720477581024 -21.300000000000004 63.81255917996168
      vertex 24.733977653086185 -21.300000000000004 65.6142400726676
    endloop
  endfacet
  facet normal 0 -1 0
    outer loop
      vertex 25.687720477581024 -21.300000000000004 63.81255917996168
      vertex 26.21647810935974 -21.300000000000004 65.00016827881336
      vertex 24.733977653086185 -21.300000000000004 65.6142400726676
    endloop
  endfacet
  facet normal 0 0 -1
    outer loop
      vertex 35.082979150116444 -21.300000000000004 36.350000001490116
      vertex 28.029999999999998 -21.300000000000004 36.350000001490116
      vertex 28.029999999999998 -20.500000000000004 36.350000001490116
    endloop
  endfacet
  facet normal 0.5000000000450906 7.094013527091543e-17 -0.8660254037584056
    outer loop
      vertex 32.54990188032389 -21.300000000000004 47.10357306152582
      vertex 28.029999999999998 -21.300000000000004 44.49400649389635
      vertex 28.029999999999998 -20.500000000000004 44.49400649389635
    endloop
  endfacet
  facet normal -0.4999999998744569 0 0.8660254038569211
    outer loop
      vertex 31.899901881814003 -20.500000000000004 48.22940608114004
      vertex 28.029999999999998 -21.300000000000004 45.995117188685285
      vertex 31.899901881814003 -21.300000000000004 48.22940608114004
    endloop
  endfacet
  facet normal -0.8241261890172393 0 -0.5664062363497788
    outer loop
      vertex 31.022512830793858 -20.500000000000004 49.54921513795853
      vertex 31.655616626143456 -21.300000000000004 48.62804339826107
      vertex 31.022512830793858 -21.300000000000004 49.54921513795853
    endloop
  endfacet
  facet normal -0.8526401704937027 0 -0.5224985546970153
    outer loop
      vertex 31.655616626143456 -20.500000000000004 48.62804339826107
      vertex 31.899901881814003 -21.300000000000004 48.22940608114004
      vertex 31.655616626143456 -21.300000000000004 48.62804339826107
    endloop
  endfacet
  facet normal -0.9832549070773959 0 0.18223552811738303
    outer loop
      vertex 34.63345127552748 -21.300000000000004 32.561085402965546
      vertex 34.83714607357979 -21.300000000000004 33.66012416779995
      vertex 34.83714607357979 -20.500000000000004 33.66012416779995
    endloop
  endfacet
  facet normal -0.9914448619715631 0 0.13052618767966898
    outer loop
      vertex 34.98304246366024 -20.500000000000004 34.76831731200218
      vertex 34.83714607357979 -21.300000000000004 33.66012416779995
      vertex 34.98304246366024 -21.300000000000004 34.76831731200218
    endloop
  endfacet
  facet normal -0.9969173336216911 0 0.07845909714378427
    outer loop
      vertex 35.070740565657616 -20.500000000000004 35.882627330720425
      vertex 34.98304246366024 -21.300000000000004 34.76831731200218
      vertex 35.070740565657616 -21.300000000000004 35.882627330720425
    endloop
  endfacet
  facet normal -0.9996573249554934 0 0.026176949074077593
    outer loop
      vertex 35.082979150116444 -20.500000000000004 36.350000001490116
      vertex 35.070740565657616 -21.300000000000004 35.882627330720425
      vertex 35.082979150116444 -21.300000000000004 36.350000001490116
    endloop
  endfacet
  facet normal 0 0 1
    outer loop
      vertex 35.082979150116444 -20.500000000000004 37.649999998509884
      vertex 28.029999999999998 -21.300000000000004 37.649999998509884
      vertex 35.082979150116444 -21.300000000000004 37.649999998509884
    endloop
  endfacet
  facet normal -0.9996573249554934 0 -0.026176949074077593
    outer loop
      vertex 35.070740565657616 -20.500000000000004 38.117372669279575
      vertex 35.082979150116444 -21.300000000000004 37.649999998509884
      vertex 35.070740565657616 -21.300000000000004 38.117372669279575
    endloop
  endfacet
  facet normal -0.9969173336216911 0 -0.07845909714378427
    outer loop
      vertex 34.98304246366024 -20.500000000000004 39.23168268799782
      vertex 35.070740565657616 -21.300000000000004 38.117372669279575
      vertex 34.98304246366024 -21.300000000000004 39.23168268799782
    endloop
  endfacet
  facet normal -0.9832549070773959 0 -0.18223552811738303
    outer loop
      vertex 34.63345127552748 -20.500000000000004 41.438914597034454
      vertex 34.83714607357979 -21.300000000000004 40.33987583220005
      vertex 34.63345127552748 -21.300000000000004 41.438914597034454
    endloop
  endfacet
  facet normal -0.9914448619715631 0 -0.13052618767966898
    outer loop
      vertex 34.83714607357979 -20.500000000000004 40.33987583220005
      vertex 34.98304246366024 -21.300000000000004 39.23168268799782
      vertex 34.83714607357979 -21.300000000000004 40.33987583220005
    endloop
  endfacet
  facet normal 0.9832549074697388 0 -0.18223552600049084
    outer loop
      vertex 35.90504315495491 -21.300000000000004 32.2908002063632
      vertex 36.12114091217518 -20.500000000000004 33.45675936341286
      vertex 36.12114091217518 -21.300000000000004 33.45675936341286
    endloop
  endfacet
  facet normal 0.9914448614599642 0 -0.13052619156564776
    outer loop
      vertex 36.27592092752457 -20.500000000000004 34.63243030756712
      vertex 36.27592092752457 -21.300000000000004 34.63243030756712
      vertex 36.12114091217518 -21.300000000000004 33.45675936341286
    endloop
  endfacet
  facet normal 0.9969173333642563 0 -0.0784591004148048
    outer loop
      vertex 36.368958964943886 -20.500000000000004 35.81459058821201
      vertex 36.368958964943886 -21.300000000000004 35.81459058821201
      vertex 36.27592092752457 -21.300000000000004 34.63243030756712
    endloop
  endfacet
  facet normal 0.9996573249394316 0 -0.026176949687455795
    outer loop
      vertex 36.38297915458679 -20.500000000000004 36.350000001490116
      vertex 36.38297915458679 -21.300000000000004 36.350000001490116
      vertex 36.368958964943886 -21.300000000000004 35.81459058821201
    endloop
  endfacet
  facet normal 0 0 -1
    outer loop
      vertex 38.75 -20.500000000000004 36.350000001490116
      vertex 38.75 -21.300000000000004 36.350000001490116
      vertex 36.38297915458679 -21.300000000000004 36.350000001490116
    endloop
  endfacet
  facet normal 0.9996573249394316 0 0.026176949687455795
    outer loop
      vertex 36.368958964943886 -20.500000000000004 38.18540941178799
      vertex 36.368958964943886 -21.300000000000004 38.18540941178799
      vertex 36.38297915458679 -21.300000000000004 37.649999998509884
    endloop
  endfacet
  facet normal 0.9969173333642563 0 0.0784591004148048
    outer loop
      vertex 36.27592092752457 -20.500000000000004 39.36756969243288
      vertex 36.27592092752457 -21.300000000000004 39.36756969243288
      vertex 36.368958964943886 -21.300000000000004 38.18540941178799
    endloop
  endfacet
  facet normal 0 0 1
    outer loop
      vertex 36.38297915458679 -20.500000000000004 37.649999998509884
      vertex 36.38297915458679 -21.300000000000004 37.649999998509884
      vertex 38.75 -21.300000000000004 37.649999998509884
    endloop
  endfacet
  facet normal 0.9914448614599642 0 0.13052619156564776
    outer loop
      vertex 36.12114091217518 -20.500000000000004 40.54324063658714
      vertex 36.12114091217518 -21.300000000000004 40.54324063658714
      vertex 36.27592092752457 -21.300000000000004 39.36756969243288
    endloop
  endfacet
  facet normal 1 0 0
    outer loop
      vertex 38.75 -20.500000000000004 37.649999998509884
      vertex 38.75 -21.300000000000004 37.649999998509884
      vertex 38.75 -21.300000000000004 36.350000001490116
    endloop
  endfacet
  facet normal -0.9426414912211697 0 -0.33380685886951067
    outer loop
      vertex 33.681942105293274 -20.500000000000004 44.6511557251215
      vertex 34.05505662411451 -21.300000000000004 43.59751282632351
      vertex 33.681942105293274 -21.300000000000004 44.6511557251215
    endloop
  endfacet
  facet normal -0.9238795322020623 0 -0.38268343311162334
    outer loop
      vertex 33.254195518791676 -20.500000000000004 45.683827333152294
      vertex 33.681942105293274 -21.300000000000004 44.6511557251215
      vertex 33.254195518791676 -21.300000000000004 45.683827333152294
    endloop
  endfacet
  facet normal -0.9723699211499136 0 -0.2334453607226127
    outer loop
      vertex 34.3725163936615 -20.500000000000004 42.525786615908146
      vertex 34.63345127552748 -21.300000000000004 41.438914597034454
      vertex 34.3725163936615 -21.300000000000004 42.525786615908146
    endloop
  endfacet
  facet normal -0.9588197341087026 0 -0.2840153472679195
    outer loop
      vertex 34.05505662411451 -20.500000000000004 43.59751282632351
      vertex 34.3725163936615 -21.300000000000004 42.525786615908146
      vertex 34.05505662411451 -21.300000000000004 43.59751282632351
    endloop
  endfacet
  facet normal 0.9588197354674014 0 0.2840153426810293
    outer loop
      vertex 35.291430093348026 -20.500000000000004 43.999234922230244
      vertex 35.291430093348026 -21.300000000000004 43.999234922230244
      vertex 35.628219962120056 -21.300000000000004 42.86225137114525
    endloop
  endfacet
  facet normal 0.9426414912783736 0 0.33380685870797194
    outer loop
      vertex 34.89559666067362 -20.500000000000004 45.117034055292606
      vertex 34.89559666067362 -21.300000000000004 45.117034055292606
      vertex 35.291430093348026 -21.300000000000004 43.999234922230244
    endloop
  endfacet
  facet normal -0.9025852828871898 0 -0.4305110998748486
    outer loop
      vertex 32.77298928797245 -20.500000000000004 46.692697167396545
      vertex 33.254195518791676 -21.300000000000004 45.683827333152294
      vertex 32.77298928797245 -21.300000000000004 46.692697167396545
    endloop
  endfacet
  facet normal -0.8788171134808145 0 -0.4771587587514758
    outer loop
      vertex 32.54990188032389 -20.500000000000004 47.10357306152582
      vertex 32.77298928797245 -21.300000000000004 46.692697167396545
      vertex 32.54990188032389 -21.300000000000004 47.10357306152582
    endloop
  endfacet
  facet normal 0.8526401709692785 0 0.5224985539209459
    outer loop
      vertex 32.745888367295265 -20.500000000000004 49.33607414364815
      vertex 32.745888367295265 -21.300000000000004 49.33607414364815
      vertex 33.0257349088788 -21.300000000000004 48.879406079649925
    endloop
  endfacet
  facet normal 0.8788171108867807 0 0.47715876352909176
    outer loop
      vertex 33.67573490738869 -20.500000000000004 47.753573060035706
      vertex 33.67573490738869 -21.300000000000004 47.753573060035706
      vertex 33.93129777163267 -21.300000000000004 47.28288482129574
    endloop
  endfacet
  facet normal 0.9238795331112124 0 0.38268343091674134
    outer loop
      vertex 34.441804617643356 -20.500000000000004 46.21258496493101
      vertex 34.441804617643356 -21.300000000000004 46.21258496493101
      vertex 34.89559666067362 -21.300000000000004 45.117034055292606
    endloop
  endfacet
  facet normal 0.9025852837356643 0 0.43051109809598453
    outer loop
      vertex 33.93129777163267 -20.500000000000004 47.28288482129574
      vertex 33.93129777163267 -21.300000000000004 47.28288482129574
      vertex 34.441804617643356 -21.300000000000004 46.21258496493101
    endloop
  endfacet
  facet normal 0.9832549074697388 0 0.18223552600049084
    outer loop
      vertex 35.90504315495491 -20.500000000000004 41.7091997936368
      vertex 35.90504315495491 -21.300000000000004 41.7091997936368
      vertex 36.12114091217518 -21.300000000000004 40.54324063658714
    endloop
  endfacet
  facet normal 0.9723699202155821 0 0.23344536461438326
    outer loop
      vertex 35.628219962120056 -20.500000000000004 42.86225137114525
      vertex 35.628219962120056 -21.300000000000004 42.86225137114525
      vertex 35.90504315495491 -21.300000000000004 41.7091997936368
    endloop
  endfacet
  facet normal 0 -1 0
    outer loop
      vertex 35.082979150116444 -21.300000000000004 37.649999998509884
      vertex 28.029999999999998 -21.300000000000004 37.649999998509884
      vertex 28.029999999999998 -21.300000000000004 36.350000001490116
    endloop
  endfacet
  facet normal 0 -1 0
    outer loop
      vertex 31.899901881814003 -21.300000000000004 48.22940608114004
      vertex 28.029999999999998 -21.300000000000004 45.995117188685285
      vertex 28.029999999999998 -21.300000000000004 44.49400649389635
    endloop
  endfacet
  facet normal 0 -1 0
    outer loop
      vertex 31.899901881814003 -21.300000000000004 48.22940608114004
      vertex 28.029999999999998 -21.300000000000004 44.49400649389635
      vertex 32.54990188032389 -21.300000000000004 47.10357306152582
    endloop
  endfacet
  facet normal 0 -1 0
    outer loop
      vertex 31.655616626143456 -21.300000000000004 48.62804339826107
      vertex 32.745888367295265 -21.300000000000004 49.33607414364815
      vertex 31.022512830793858 -21.300000000000004 49.54921513795853
    endloop
  endfacet
  facet normal 0 -1 0
    outer loop
      vertex 31.655616626143456 -21.300000000000004 48.62804339826107
      vertex 31.899901881814003 -21.300000000000004 48.22940608114004
      vertex 33.0257349088788 -21.300000000000004 48.879406079649925
    endloop
  endfacet
  facet normal 0 -1 0
    outer loop
      vertex 31.655616626143456 -21.300000000000004 48.62804339826107
      vertex 33.0257349088788 -21.300000000000004 48.879406079649925
      vertex 32.745888367295265 -21.300000000000004 49.33607414364815
    endloop
  endfacet
  facet normal 0 -1 0
    outer loop
      vertex 35.082979150116444 -21.300000000000004 36.350000001490116
      vertex 35.082979150116444 -21.300000000000004 37.649999998509884
      vertex 28.029999999999998 -21.300000000000004 36.350000001490116
    endloop
  endfacet
  facet normal 0 -1 0
    outer loop
      vertex 34.63345127552748 -21.300000000000004 32.561085402965546
      vertex 36.12114091217518 -21.300000000000004 33.45675936341286
      vertex 34.83714607357979 -21.300000000000004 33.66012416779995
    endloop
  endfacet
  facet normal 0 -1 0
    outer loop
      vertex 34.83714607357979 -21.300000000000004 33.66012416779995
      vertex 36.27592092752457 -21.300000000000004 34.63243030756712
      vertex 34.98304246366024 -21.300000000000004 34.76831731200218
    endloop
  endfacet
  facet normal 0 -1 0
    outer loop
      vertex 34.98304246366024 -21.300000000000004 34.76831731200218
      vertex 36.368958964943886 -21.300000000000004 35.81459058821201
      vertex 35.070740565657616 -21.300000000000004 35.882627330720425
    endloop
  endfacet
  facet normal 0 -1 0
    outer loop
      vertex 35.070740565657616 -21.300000000000004 35.882627330720425
      vertex 36.38297915458679 -21.300000000000004 36.350000001490116
      vertex 35.082979150116444 -21.300000000000004 36.350000001490116
    endloop
  endfacet
  facet normal 0 -1 0
    outer loop
      vertex 35.082979150116444 -21.300000000000004 36.350000001490116
      vertex 36.38297915458679 -21.300000000000004 37.649999998509884
      vertex 35.082979150116444 -21.300000000000004 37.649999998509884
    endloop
  endfacet
  facet normal 0 -1 0
    outer loop
      vertex 35.082979150116444 -21.300000000000004 37.649999998509884
      vertex 36.38297915458679 -21.300000000000004 37.649999998509884
      vertex 35.070740565657616 -21.300000000000004 38.117372669279575
    endloop
  endfacet
  facet normal 0 -1 0
    outer loop
      vertex 35.070740565657616 -21.300000000000004 38.117372669279575
      vertex 36.368958964943886 -21.300000000000004 38.18540941178799
      vertex 34.98304246366024 -21.300000000000004 39.23168268799782
    endloop
  endfacet
  facet normal 0 -1 0
    outer loop
      vertex 34.83714607357979 -21.300000000000004 40.33987583220005
      vertex 34.98304246366024 -21.300000000000004 39.23168268799782
      vertex 36.27592092752457 -21.300000000000004 39.36756969243288
    endloop
  endfacet
  facet normal 0 -1 0
    outer loop
      vertex 34.83714607357979 -21.300000000000004 40.33987583220005
      vertex 36.12114091217518 -21.300000000000004 40.54324063658714
      vertex 34.63345127552748 -21.300000000000004 41.438914597034454
    endloop
  endfacet
  facet normal 0 -1 0
    outer loop
      vertex 36.12114091217518 -21.300000000000004 40.54324063658714
      vertex 35.90504315495491 -21.300000000000004 41.7091997936368
      vertex 34.63345127552748 -21.300000000000004 41.438914597034454
    endloop
  endfacet
  facet normal 0 -1 0
    outer loop
      vertex 34.83714607357979 -21.300000000000004 33.66012416779995
      vertex 36.12114091217518 -21.300000000000004 33.45675936341286
      vertex 36.27592092752457 -21.300000000000004 34.63243030756712
    endloop
  endfacet
  facet normal 0 -1 0
    outer loop
      vertex 34.98304246366024 -21.300000000000004 34.76831731200218
      vertex 36.27592092752457 -21.300000000000004 34.63243030756712
      vertex 36.368958964943886 -21.300000000000004 35.81459058821201
    endloop
  endfacet
  facet normal 0 -1 0
    outer loop
      vertex 35.070740565657616 -21.300000000000004 35.882627330720425
      vertex 36.368958964943886 -21.300000000000004 35.81459058821201
      vertex 36.38297915458679 -21.300000000000004 36.350000001490116
    endloop
  endfacet
  facet normal 0 -1 0
    outer loop
      vertex 35.082979150116444 -21.300000000000004 36.350000001490116
      vertex 36.38297915458679 -21.300000000000004 36.350000001490116
      vertex 36.38297915458679 -21.300000000000004 37.649999998509884
    endloop
  endfacet
  facet normal 0 -1 0
    outer loop
      vertex 36.38297915458679 -21.300000000000004 36.350000001490116
      vertex 38.75 -21.300000000000004 36.350000001490116
      vertex 38.75 -21.300000000000004 37.649999998509884
    endloop
  endfacet
  facet normal 0 -1 0
    outer loop
      vertex 35.070740565657616 -21.300000000000004 38.117372669279575
      vertex 36.38297915458679 -21.300000000000004 37.649999998509884
      vertex 36.368958964943886 -21.300000000000004 38.18540941178799
    endloop
  endfacet
  facet normal 0 -1 0
    outer loop
      vertex 34.98304246366024 -21.300000000000004 39.23168268799782
      vertex 36.368958964943886 -21.300000000000004 38.18540941178799
      vertex 36.27592092752457 -21.300000000000004 39.36756969243288
    endloop
  endfacet
  facet normal 0 -1 0
    outer loop
      vertex 36.38297915458679 -21.300000000000004 36.350000001490116
      vertex 38.75 -21.300000000000004 37.649999998509884
      vertex 36.38297915458679 -21.300000000000004 37.649999998509884
    endloop
  endfacet
  facet normal 0 -1 0
    outer loop
      vertex 34.83714607357979 -21.300000000000004 40.33987583220005
      vertex 36.27592092752457 -21.300000000000004 39.36756969243288
      vertex 36.12114091217518 -21.300000000000004 40.54324063658714
    endloop
  endfacet
  facet normal 0 -1 0
    outer loop
      vertex 33.681942105293274 -21.300000000000004 44.6511557251215
      vertex 34.89559666067362 -21.300000000000004 45.117034055292606
      vertex 33.254195518791676 -21.300000000000004 45.683827333152294
    endloop
  endfacet
  facet normal 0 -1 0
    outer loop
      vertex 34.05505662411451 -21.300000000000004 43.59751282632351
      vertex 34.3725163936615 -21.300000000000004 42.525786615908146
      vertex 35.628219962120056 -21.300000000000004 42.86225137114525
    endloop
  endfacet
  facet normal 0 -1 0
    outer loop
      vertex 34.63345127552748 -21.300000000000004 41.438914597034454
      vertex 35.90504315495491 -21.300000000000004 41.7091997936368
      vertex 34.3725163936615 -21.300000000000004 42.525786615908146
    endloop
  endfacet
  facet normal 0 -1 0
    outer loop
      vertex 34.3725163936615 -21.300000000000004 42.525786615908146
      vertex 35.90504315495491 -21.300000000000004 41.7091997936368
      vertex 35.628219962120056 -21.300000000000004 42.86225137114525
    endloop
  endfacet
  facet normal 0 -1 0
    outer loop
      vertex 34.05505662411451 -21.300000000000004 43.59751282632351
      vertex 35.291430093348026 -21.300000000000004 43.999234922230244
      vertex 33.681942105293274 -21.300000000000004 44.6511557251215
    endloop
  endfacet
  facet normal 0 -1 0
    outer loop
      vertex 33.681942105293274 -21.300000000000004 44.6511557251215
      vertex 35.291430093348026 -21.300000000000004 43.999234922230244
      vertex 34.89559666067362 -21.300000000000004 45.117034055292606
    endloop
  endfacet
  facet normal 0 -1 0
    outer loop
      vertex 34.05505662411451 -21.300000000000004 43.59751282632351
      vertex 35.628219962120056 -21.300000000000004 42.86225137114525
      vertex 35.291430093348026 -21.300000000000004 43.999234922230244
    endloop
  endfacet
  facet normal 0 -1 0
    outer loop
      vertex 32.77298928797245 -21.300000000000004 46.692697167396545
      vertex 33.93129777163267 -21.300000000000004 47.28288482129574
      vertex 32.54990188032389 -21.300000000000004 47.10357306152582
    endloop
  endfacet
  facet normal 0 -1 0
    outer loop
      vertex 33.254195518791676 -21.300000000000004 45.683827333152294
      vertex 34.441804617643356 -21.300000000000004 46.21258496493101
      vertex 32.77298928797245 -21.300000000000004 46.692697167396545
    endloop
  endfacet
  facet normal 0 -1 0
    outer loop
      vertex 32.54990188032389 -21.300000000000004 47.10357306152582
      vertex 33.93129777163267 -21.300000000000004 47.28288482129574
      vertex 33.67573490738869 -21.300000000000004 47.753573060035706
    endloop
  endfacet
  facet normal 0 -1 0
    outer loop
      vertex 32.77298928797245 -21.300000000000004 46.692697167396545
      vertex 34.441804617643356 -21.300000000000004 46.21258496493101
      vertex 33.93129777163267 -21.300000000000004 47.28288482129574
    endloop
  endfacet
  facet normal 0 -1 0
    outer loop
      vertex 31.899901881814003 -21.300000000000004 48.22940608114004
      vertex 32.54990188032389 -21.300000000000004 47.10357306152582
      vertex 33.67573490738869 -21.300000000000004 47.753573060035706
    endloop
  endfacet
  facet normal 0 -1 0
    outer loop
      vertex 31.899901881814003 -21.300000000000004 48.22940608114004
      vertex 33.67573490738869 -21.300000000000004 47.753573060035706
      vertex 33.0257349088788 -21.300000000000004 48.879406079649925
    endloop
  endfacet
  facet normal 0 -1 0
    outer loop
      vertex 34.89559666067362 -21.300000000000004 45.117034055292606
      vertex 34.441804617643356 -21.300000000000004 46.21258496493101
      vertex 33.254195518791676 -21.300000000000004 45.683827333152294
    endloop
  endfacet
  facet normal 0 -1 0
    outer loop
      vertex 33.0257349088788 -21.300000000000004 48.879406079649925
      vertex 33.67573490738869 -21.300000000000004 47.753573060035706
      vertex 38.75 -21.300000000000004 50.683201380074024
    endloop
  endfacet
  facet normal -0.6494480467630198 0 -0.7604059669385153
    outer loop
      vertex 27.18599034845829 -20.500000000000004 53.592066280543804
      vertex 28.035938449203968 -21.300000000000004 52.86614202708006
      vertex 27.18599034845829 -21.300000000000004 53.592066280543804
    endloop
  endfacet
  facet normal -0.6883545792401184 0 -0.7253743676469134
    outer loop
      vertex 28.035938449203968 -20.500000000000004 52.86614202708006
      vertex 28.846729777753353 -21.300000000000004 52.09672977775335
      vertex 28.035938449203968 -21.300000000000004 52.86614202708006
    endloop
  endfacet
  facet normal -0.7253743676469134 0 -0.6883545792401184
    outer loop
      vertex 28.846729777753353 -20.500000000000004 52.09672977775335
      vertex 29.61614202708006 -21.300000000000004 51.28593844920397
      vertex 28.846729777753353 -21.300000000000004 52.09672977775335
    endloop
  endfacet
  facet normal 0.6883545788282939 0 0.7253743680377204
    outer loop
      vertex 28.905808232724667 -20.500000000000004 53.83223029971123
      vertex 28.905808232724667 -21.300000000000004 53.83223029971123
      vertex 29.765968590974808 -21.300000000000004 53.01596859097481
    endloop
  endfacet
  facet normal -0.012149939381841631 0 -0.9999261867623118
    outer loop
      vertex 26.60922097414732 -20.500000000000004 53.774550557136536
      vertex 26.70390673726797 -21.300000000000004 53.77340004593134
      vertex 26.60922097414732 -21.300000000000004 53.774550557136536
    endloop
  endfacet
  facet normal 0.027311890831169 0 -0.9996269607304648
    outer loop
      vertex 26.70390673726797 -20.500000000000004 53.77340004593134
      vertex 26.94122154265642 -21.300000000000004 53.77988398075104
      vertex 26.70390673726797 -21.300000000000004 53.77340004593134
    endloop
  endfacet
  facet normal -0.6087614079962163 0 -0.7933533564146964
    outer loop
      vertex 26.94122154265642 -20.500000000000004 53.77988398075104
      vertex 27.18599034845829 -21.300000000000004 53.592066280543804
      vertex 26.94122154265642 -21.300000000000004 53.77988398075104
    endloop
  endfacet
  facet normal 0.05159289495124358 0 0.9986681997493211
    outer loop
      vertex 26.671132445335388 -20.500000000000004 54.97295239567757
      vertex 26.101450875401497 -21.300000000000004 55.00238311290741
      vertex 26.671132445335388 -21.300000000000004 54.97295239567757
    endloop
  endfacet
  facet normal -0.02731190872675779 0 0.9996269602415199
    outer loop
      vertex 27.208809480071068 -20.500000000000004 54.987642861902714
      vertex 26.671132445335388 -21.300000000000004 54.97295239567757
      vertex 27.208809480071068 -21.300000000000004 54.987642861902714
    endloop
  endfacet
  facet normal -0.11655280367456394 0 0.9931844964333658
    outer loop
      vertex 27.70859107375145 -20.500000000000004 55.046293541789055
      vertex 27.208809480071068 -21.300000000000004 54.987642861902714
      vertex 27.70859107375145 -21.300000000000004 55.046293541789055
    endloop
  endfacet
  facet normal -0.2180383699782946 0 0.9759401975619245
    outer loop
      vertex 28.16500151157379 -20.500000000000004 55.14826186746359
      vertex 27.70859107375145 -21.300000000000004 55.046293541789055
      vertex 28.16500151157379 -21.300000000000004 55.14826186746359
    endloop
  endfacet
  facet normal -0.33313878221240095 0 0.9428778032099592
    outer loop
      vertex 28.573040269315243 -20.500000000000004 55.29243063926697
      vertex 28.16500151157379 -21.300000000000004 55.14826186746359
      vertex 28.573040269315243 -21.300000000000004 55.29243063926697
    endloop
  endfacet
  facet normal 0.6494480358345994 0 0.7604059762722678
    outer loop
      vertex 28.653137646615505 -20.500000000000004 54.048031359910965
      vertex 28.653137646615505 -21.300000000000004 54.048031359910965
      vertex 28.905808232724667 -21.300000000000004 53.83223029971123
    endloop
  endfacet
  facet normal 0.3331387802163662 0 -0.9428778039152007
    outer loop
      vertex 28.972806811332703 -20.500000000000004 54.16097727417946
      vertex 28.972806811332703 -21.300000000000004 54.16097727417946
      vertex 28.653137646615505 -21.300000000000004 54.048031359910965
    endloop
  endfacet
  facet normal 0.3940927027788433 0 -0.9190706945695016
    outer loop
      vertex 29.11707104742527 -20.500000000000004 54.22283702343702
      vertex 29.11707104742527 -21.300000000000004 54.22283702343702
      vertex 28.972806811332703 -21.300000000000004 54.16097727417946
    endloop
  endfacet
  facet normal 0.4574464876170137 0 -0.8892371511395918
    outer loop
      vertex 29.126869924366474 -20.500000000000004 54.227877818048
      vertex 29.126869924366474 -21.300000000000004 54.227877818048
      vertex 29.11707104742527 -21.300000000000004 54.22283702343702
    endloop
  endfacet
  facet normal 0.4615247144029124 0 -0.8871273516216882
    outer loop
      vertex 29.482066445052624 -20.500000000000004 54.412667490541935
      vertex 29.482066445052624 -21.300000000000004 54.412667490541935
      vertex 29.126869924366474 -21.300000000000004 54.227877818048
    endloop
  endfacet
  facet normal -0.4615247144029124 0 0.8871273516216882
    outer loop
      vertex 28.928236790001392 -20.500000000000004 55.4772203117609
      vertex 28.573040269315243 -21.300000000000004 55.29243063926697
      vertex 28.928236790001392 -21.300000000000004 55.4772203117609
    endloop
  endfacet
  facet normal -0.5992082669325726 0 0.8005931881047095
    outer loop
      vertex 29.226699464023113 -20.500000000000004 55.70060630142689
      vertex 28.928236790001392 -21.300000000000004 55.4772203117609
      vertex 29.226699464023113 -21.300000000000004 55.70060630142689
    endloop
  endfacet
  facet normal -0.7604059669385153 0 -0.6494480467630198
    outer loop
      vertex 29.61614202708006 -20.500000000000004 51.28593844920397
      vertex 30.342066280543804 -21.300000000000004 50.43599034845829
      vertex 29.61614202708006 -21.300000000000004 51.28593844920397
    endloop
  endfacet
  facet normal -0.7933533407393649 0 -0.6087614284247067
    outer loop
      vertex 30.342066280543804 -20.500000000000004 50.43599034845829
      vertex 31.022512830793858 -21.300000000000004 49.54921513795853
      vertex 30.342066280543804 -21.300000000000004 50.43599034845829
    endloop
  endfacet
  facet normal 0.7253743680377204 0 0.6883545788282939
    outer loop
      vertex 29.765968590974808 -20.500000000000004 53.01596859097481
      vertex 29.765968590974808 -21.300000000000004 53.01596859097481
      vertex 30.582230299711227 -21.300000000000004 52.15580823272467
    endloop
  endfacet
  facet normal 0.7604059675937551 0 0.6494480459958325
    outer loop
      vertex 30.582230299711227 -20.500000000000004 52.15580823272467
      vertex 30.582230299711227 -21.300000000000004 52.15580823272467
      vertex 31.352356024086475 -21.300000000000004 51.25410685688257
    endloop
  endfacet
  facet normal 0.793353338486589 0 0.6087614313605815
    outer loop
      vertex 31.352356024086475 -20.500000000000004 51.25410685688257
      vertex 31.352356024086475 -21.300000000000004 51.25410685688257
      vertex 32.074234925210476 -21.300000000000004 50.313335962593555
    endloop
  endfacet
  facet normal 0.8241261876948903 0 0.5664062382738085
    outer loop
      vertex 32.074234925210476 -20.500000000000004 50.313335962593555
      vertex 32.074234925210476 -21.300000000000004 50.313335962593555
      vertex 32.745888367295265 -21.300000000000004 49.33607414364815
    endloop
  endfacet
  facet normal 0.5185574330240582 0 -0.855042799312116
    outer loop
      vertex 29.616280384361744 -20.500000000000004 54.494064159691334
      vertex 29.616280384361744 -21.300000000000004 54.494064159691334
      vertex 29.482066445052624 -21.300000000000004 54.412667490541935
    endloop
  endfacet
  facet normal 0.586363508922945 0 -0.8100480451205172
    outer loop
      vertex 29.64728671312332 -20.500000000000004 54.5165084823966
      vertex 29.64728671312332 -21.300000000000004 54.5165084823966
      vertex 29.616280384361744 -21.300000000000004 54.494064159691334
    endloop
  endfacet
  facet normal 0.5992082669325726 0 -0.8005931881047095
    outer loop
      vertex 29.945749387145042 -20.500000000000004 54.73989447206259
      vertex 29.945749387145042 -21.300000000000004 54.73989447206259
      vertex 29.64728671312332 -21.300000000000004 54.5165084823966
    endloop
  endfacet
  facet normal 0.6502866476099016 0 -0.7596889336697458
    outer loop
      vertex 30.064995869994164 -20.500000000000004 54.84196835011244
      vertex 30.064995869994164 -21.300000000000004 54.84196835011244
      vertex 29.945749387145042 -21.300000000000004 54.73989447206259
    endloop
  endfacet
  facet normal 0.7177413756530313 0 -0.6963097857101352
    outer loop
      vertex 30.110347881913185 -20.500000000000004 54.888716243207455
      vertex 30.110347881913185 -21.300000000000004 54.888716243207455
      vertex 30.064995869994164 -21.300000000000004 54.84196835011244
    endloop
  endfacet
  facet normal 0.7363736846176779 0 -0.6765750487585133
    outer loop
      vertex 30.34880669414997 -20.500000000000004 55.148251079022884
      vertex 30.34880669414997 -21.300000000000004 55.148251079022884
      vertex 30.110347881913185 -21.300000000000004 54.888716243207455
    endloop
  endfacet
  facet normal 0.779047178970537 0 -0.6269653044132891
    outer loop
      vertex 30.447219878435135 -20.500000000000004 55.27053617686033
      vertex 30.447219878435135 -21.300000000000004 55.27053617686033
      vertex 30.34880669414997 -21.300000000000004 55.148251079022884
    endloop
  endfacet
  facet normal 0.8383841946282162 0 -0.5450797576479951
    outer loop
      vertex 30.493935465812683 -20.500000000000004 55.34238916635513
      vertex 30.493935465812683 -21.300000000000004 55.34238916635513
      vertex 30.447219878435135 -21.300000000000004 55.27053617686033
    endloop
  endfacet
  facet normal 0.8573143245023692 0 -0.5147933070690083
    outer loop
      vertex 30.669777803122997 -20.500000000000004 55.63522932678461
      vertex 30.669777803122997 -21.300000000000004 55.63522932678461
      vertex 30.493935465812683 -21.300000000000004 55.34238916635513
    endloop
  endfacet
  facet normal -0.7363736846176779 0 0.6765750487585133
    outer loop
      vertex 29.4651582762599 -20.500000000000004 55.96014113724232
      vertex 29.226699464023113 -21.300000000000004 55.70060630142689
      vertex 29.4651582762599 -21.300000000000004 55.96014113724232
    endloop
  endfacet
  facet normal -0.8573143245023692 0 0.5147933070690083
    outer loop
      vertex 29.641000613570213 -20.500000000000004 56.252981297671795
      vertex 29.4651582762599 -21.300000000000004 55.96014113724232
      vertex 29.641000613570213 -21.300000000000004 56.252981297671795
    endloop
  endfacet
  facet normal -0.945425575902298 0 0.32583811997648143
    outer loop
      vertex 29.752299919724464 -20.500000000000004 56.57591837644577
      vertex 29.641000613570213 -21.300000000000004 56.252981297671795
      vertex 29.752299919724464 -21.300000000000004 56.57591837644577
    endloop
  endfacet
  facet normal -0.9762413497006317 0 -0.21668601047296218
    outer loop
      vertex 29.69035343825817 -20.500000000000004 57.688516452908516
      vertex 29.777112253010273 -21.300000000000004 57.29763961583376
      vertex 29.69035343825817 -21.300000000000004 57.688516452908516
    endloop
  endfacet
  facet normal -0.9916184351874456 0 0.1292009249053652
    outer loop
      vertex 29.797836773097515 -20.500000000000004 56.92541419714689
      vertex 29.752299919724464 -21.300000000000004 56.57591837644577
      vertex 29.797836773097515 -21.300000000000004 56.92541419714689
    endloop
  endfacet
  facet normal -0.9984536114570649 0 -0.05559123823359535
    outer loop
      vertex 29.777112253010273 -20.500000000000004 57.29763961583376
      vertex 29.797836773097515 -21.300000000000004 56.92541419714689
      vertex 29.777112253010273 -21.300000000000004 57.29763961583376
    endloop
  endfacet
  facet normal 0.889147844786622 0 -0.45762004994460775
    outer loop
      vertex 30.741609282791615 -20.500000000000004 55.77479664981365
      vertex 30.741609282791615 -21.300000000000004 55.77479664981365
      vertex 30.669777803122997 -21.300000000000004 55.63522932678461
    endloop
  endfacet
  facet normal 0.9320078733991758 0 -0.36243802769845485
    outer loop
      vertex 30.77551130205393 -20.500000000000004 55.86197555065155
      vertex 30.77551130205393 -21.300000000000004 55.86197555065155
      vertex 30.741609282791615 -21.300000000000004 55.77479664981365
    endloop
  endfacet
  facet normal 0.945425575902298 0 -0.32583811997648143
    outer loop
      vertex 30.88681060820818 -20.500000000000004 56.184912629425526
      vertex 30.88681060820818 -21.300000000000004 56.184912629425526
      vertex 30.77551130205393 -21.300000000000004 55.86197555065155
    endloop
  endfacet
  facet normal 0.9647121738037422 0 -0.2633067065512351
    outer loop
      vertex 30.928141206502914 -20.500000000000004 56.336341097950935
      vertex 30.928141206502914 -21.300000000000004 56.336341097950935
      vertex 30.88681060820818 -21.300000000000004 56.184912629425526
    endloop
  endfacet
  facet normal 0.9863722052900904 0 -0.1645292455193424
    outer loop
      vertex 30.9422420412302 -20.500000000000004 56.42087726294994
      vertex 30.9422420412302 -21.300000000000004 56.42087726294994
      vertex 30.928141206502914 -21.300000000000004 56.336341097950935
    endloop
  endfacet
  facet normal 0.9916184351874456 0 -0.1292009249053652
    outer loop
      vertex 30.987778894603252 -20.500000000000004 56.770373083651066
      vertex 30.987778894603252 -21.300000000000004 56.770373083651066
      vertex 30.9422420412302 -21.300000000000004 56.42087726294994
    endloop
  endfacet
  facet normal 0.9979454477569946 0 -0.06406936320185903
    outer loop
      vertex 30.99783570319414 -20.500000000000004 56.92701809853315
      vertex 30.99783570319414 -21.300000000000004 56.92701809853315
      vertex 30.987778894603252 -21.300000000000004 56.770373083651066
    endloop
  endfacet
  facet normal 0.9995945203217983 0 0.02847446123518675
    outer loop
      vertex 30.995981104671955 -20.500000000000004 56.99212368577719
      vertex 30.995981104671955 -21.300000000000004 56.99212368577719
      vertex 30.99783570319414 -21.300000000000004 56.92701809853315
    endloop
  endfacet
  facet normal 0.9984536114570649 0 0.05559123823359535
    outer loop
      vertex 30.975256584584713 -20.500000000000004 57.364349104464054
      vertex 30.975256584584713 -21.300000000000004 57.364349104464054
      vertex 30.995981104671955 -21.300000000000004 56.99212368577719
    endloop
  endfacet
  facet normal 0.9926800073654026 0 0.12077418174851776
    outer loop
      vertex 30.95629896223545 -20.500000000000004 57.520167611539364
      vertex 30.95629896223545 -21.300000000000004 57.520167611539364
      vertex 30.975256584584713 -21.300000000000004 57.364349104464054
    endloop
  endfacet
  facet normal 0.9795730493774817 0 0.20108863949338832
    outer loop
      vertex 30.948601871728897 -20.500000000000004 57.55766282975674
      vertex 30.948601871728897 -21.300000000000004 57.55766282975674
      vertex 30.95629896223545 -21.300000000000004 57.520167611539364
    endloop
  endfacet
  facet normal -0.5392226933850457 0 -0.842163218704413
    outer loop
      vertex 26.318302772939205 -20.500000000000004 61.309996753931046
      vertex 26.876704320311546 -21.300000000000004 60.952461801469326
      vertex 26.318302772939205 -21.300000000000004 61.309996753931046
    endloop
  endfacet
  facet normal -0.5858741474286943 0 -0.8104020504507009
    outer loop
      vertex 26.876704320311546 -20.500000000000004 60.952461801469326
      vertex 27.400849044322968 -21.300000000000004 60.57353526353836
      vertex 26.876704320311546 -21.300000000000004 60.952461801469326
    endloop
  endfacet
  facet normal -0.6332834388717836 0 -0.7739199480894182
    outer loop
      vertex 27.400849044322968 -20.500000000000004 60.57353526353836
      vertex 27.88499429821968 -21.300000000000004 60.17736874520779
      vertex 27.400849044322968 -21.300000000000004 60.57353526353836
    endloop
  endfacet
  facet normal -0.7318609541492263 0 -0.6814539924248622
    outer loop
      vertex 28.32383569329977 -20.500000000000004 59.76830272376537
      vertex 28.712565183639526 -21.300000000000004 59.350819021463394
      vertex 28.32383569329977 -21.300000000000004 59.76830272376537
    endloop
  endfacet
  facet normal -0.783314426211995 0 -0.621625699024882
    outer loop
      vertex 28.712565183639526 -20.500000000000004 59.350819021463394
      vertex 29.046923771500587 -21.300000000000004 58.92949167639017
      vertex 28.712565183639526 -21.300000000000004 59.350819021463394
    endloop
  endfacet
  facet normal -0.8357421689398625 0 -0.5491220511468231
    outer loop
      vertex 29.046923771500587 -20.500000000000004 58.92949167639017
      vertex 29.323248155415058 -21.300000000000004 58.50893682986498
      vertex 29.046923771500587 -21.300000000000004 58.92949167639017
    endloop
  endfacet
  facet normal -0.6818555181547918 0 -0.7314868777783101
    outer loop
      vertex 27.88499429821968 -20.500000000000004 60.17736874520779
      vertex 28.32383569329977 -21.300000000000004 59.76830272376537
      vertex 27.88499429821968 -21.300000000000004 60.17736874520779
    endloop
  endfacet
  facet normal 0.6332834194606383 0 0.7739199639731754
    outer loop
      vertex 28.490950286388397 -20.500000000000004 61.2320748642087
      vertex 28.490950286388397 -21.300000000000004 61.2320748642087
      vertex 28.64493442326784 -21.300000000000004 61.106072686612606
    endloop
  endfacet
  facet normal 0.7073007752329138 0 0.7069127339034988
    outer loop
      vertex 29.142062313854694 -20.500000000000004 60.64608697593212
      vertex 29.142062313854694 -21.300000000000004 60.64608697593212
      vertex 29.202068835496902 -21.300000000000004 60.586047515273094
    endloop
  endfacet
  facet normal 0.7318609541492263 0 0.6814539924248622
    outer loop
      vertex 29.202068835496902 -20.500000000000004 60.586047515273094
      vertex 29.202068835496902 -21.300000000000004 60.586047515273094
      vertex 29.59079832583666 -21.300000000000004 60.168563812971115
    endloop
  endfacet
  facet normal 0.6579116994328547 0 0.7530950774964428
    outer loop
      vertex 28.64493442326784 -20.500000000000004 61.106072686612606
      vertex 28.64493442326784 -21.300000000000004 61.106072686612606
      vertex 28.703220918774605 -21.300000000000004 61.055152997374535
    endloop
  endfacet
  facet normal 0.6818555181547918 0 0.7314868777783101
    outer loop
      vertex 28.703220918774605 -20.500000000000004 61.055152997374535
      vertex 28.703220918774605 -21.300000000000004 61.055152997374535
      vertex 29.142062313854694 -21.300000000000004 60.64608697593212
    endloop
  endfacet
  facet normal 0.8660254009642819 0 -0.5000000048846547
    outer loop
      vertex 28.97940608114004 -20.500000000000004 62.078105106949806
      vertex 28.97940608114004 -21.300000000000004 62.078105106949806
      vertex 28.490950286388397 -21.300000000000004 61.2320748642087
    endloop
  endfacet
  facet normal 0.4696947349216487 0 0.8828288939465462
    outer loop
      vertex 26.26721902191639 -20.500000000000004 62.716134525835514
      vertex 26.26721902191639 -21.300000000000004 62.716134525835514
      vertex 26.323179699480534 -21.300000000000004 62.68636155873537
    endloop
  endfacet
  facet normal 0.4928477799336172 0 0.870115547392704
    outer loop
      vertex 26.323179699480534 -20.500000000000004 62.68636155873537
      vertex 26.323179699480534 -21.300000000000004 62.68636155873537
      vertex 26.909720107913017 -21.300000000000004 62.354135408997536
    endloop
  endfacet
  facet normal 0.5162243908889866 0 0.856453371907248
    outer loop
      vertex 26.909720107913017 -20.500000000000004 62.354135408997536
      vertex 26.909720107913017 -21.300000000000004 62.354135408997536
      vertex 26.965370006859303 -21.300000000000004 62.3205926194787
    endloop
  endfacet
  facet normal -0.4305110955700008 0 -0.9025852849404967
    outer loop
      vertex 27.0746211707592 -20.500000000000004 63.151041485369205
      vertex 27.0746211707592 -21.300000000000004 63.151041485369205
      vertex 25.687720477581024 -21.300000000000004 63.81255917996168
    endloop
  endfacet
  facet normal 0.5392226998485962 0 0.8421632145659123
    outer loop
      vertex 26.965370006859303 -20.500000000000004 62.3205926194787
      vertex 26.965370006859303 -21.300000000000004 62.3205926194787
      vertex 27.442073740065098 -21.300000000000004 62.01536737382412
    endloop
  endfacet
  facet normal -0.8660254036585207 0 0.5000000002180963
    outer loop
      vertex 27.442073740065098 -20.500000000000004 62.01536737382412
      vertex 27.442073740065098 -21.300000000000004 62.01536737382412
      vertex 27.85357306152582 -21.300000000000004 62.72810510545969
    endloop
  endfacet
  facet normal -0.47715876990845363 0 -0.8788171074230698
    outer loop
      vertex 27.85357306152582 -20.500000000000004 62.72810510545969
      vertex 27.85357306152582 -21.300000000000004 62.72810510545969
      vertex 27.0746211707592 -21.300000000000004 63.151041485369205
    endloop
  endfacet
  facet normal 0.43051109624222184 0 0.9025852846198638
    outer loop
      vertex 26.21647810935974 -20.500000000000004 65.00016827881336
      vertex 26.21647810935974 -21.300000000000004 65.00016827881336
      vertex 27.664808817207813 -21.300000000000004 64.30934996902943
    endloop
  endfacet
  facet normal 0.4771587685204139 0 0.878817108176714
    outer loop
      vertex 27.664808817207813 -20.500000000000004 64.30934996902943
      vertex 27.664808817207813 -21.300000000000004 64.30934996902943
      vertex 28.503573060035706 -21.300000000000004 63.85393813252449
    endloop
  endfacet
  facet normal -0.8660254039840587 0 0.4999999996542479
    outer loop
      vertex 28.503573060035706 -20.500000000000004 63.85393813252449
      vertex 28.503573060035706 -21.300000000000004 63.85393813252449
      vertex 29.542511627078056 -21.300000000000004 65.65343251824379
    endloop
  endfacet
  facet normal -0.9364237766021044 0 -0.35087107406318385
    outer loop
      vertex 29.538510859012604 -20.500000000000004 58.093762174248695
      vertex 29.69035343825817 -21.300000000000004 57.688516452908516
      vertex 29.538510859012604 -21.300000000000004 58.093762174248695
    endloop
  endfacet
  facet normal -0.8877659289621479 0 -0.4602951828707036
    outer loop
      vertex 29.323248155415058 -20.500000000000004 58.50893682986498
      vertex 29.538510859012604 -21.300000000000004 58.093762174248695
      vertex 29.323248155415058 -21.300000000000004 58.50893682986498
    endloop
  endfacet
  facet normal 0.8357421689398625 0 0.5491220511468231
    outer loop
      vertex 30.049814373254776 -20.500000000000004 59.588438138365746
      vertex 30.049814373254776 -21.300000000000004 59.588438138365746
      vertex 30.326138757169247 -21.300000000000004 59.16788329184055
    endloop
  endfacet
  facet normal 0.8103395987215745 0 0.5859605231956821
    outer loop
      vertex 29.986901082098484 -20.500000000000004 59.67544251680374
      vertex 29.986901082098484 -21.300000000000004 59.67544251680374
      vertex 30.049814373254776 -21.300000000000004 59.588438138365746
    endloop
  endfacet
  facet normal 0.9762413497006317 0 0.21668601047296218
    outer loop
      vertex 30.861843056976795 -20.500000000000004 57.94853966683149
      vertex 30.861843056976795 -21.300000000000004 57.94853966683149
      vertex 30.948601871728897 -21.300000000000004 57.55766282975674
    endloop
  endfacet
  facet normal 0.9599791925418193 0 0.2800713299978357
    outer loop
      vertex 30.81788095831871 -20.500000000000004 58.09922520816326
      vertex 30.81788095831871 -21.300000000000004 58.09922520816326
      vertex 30.861843056976795 -21.300000000000004 57.94853966683149
    endloop
  endfacet
  facet normal 0.9380250157458948 0 0.3465675545040442
    outer loop
      vertex 30.81406196951866 -20.500000000000004 58.10956174135208
      vertex 30.81406196951866 -21.300000000000004 58.10956174135208
      vertex 30.81788095831871 -21.300000000000004 58.09922520816326
    endloop
  endfacet
  facet normal 0.9364237766021044 0 0.35087107406318385
    outer loop
      vertex 30.662219390273094 -20.500000000000004 58.51480746269226
      vertex 30.662219390273094 -21.300000000000004 58.51480746269226
      vertex 30.81406196951866 -21.300000000000004 58.10956174135208
    endloop
  endfacet
  facet normal 0.9137343274390044 0 0.40631216922409585
    outer loop
      vertex 30.603829972445965 -20.500000000000004 58.64611639082432
      vertex 30.603829972445965 -21.300000000000004 58.64611639082432
      vertex 30.662219390273094 -21.300000000000004 58.51480746269226
    endloop
  endfacet
  facet normal 0.8628977972563581 0 0.5053784636192219
    outer loop
      vertex 30.326138757169247 -20.500000000000004 59.16788329184055
      vertex 30.326138757169247 -21.300000000000004 59.16788329184055
      vertex 30.38856726884842 -21.300000000000004 59.0612910464406
    endloop
  endfacet
  facet normal 0.8877659289621479 0 0.4602951828707036
    outer loop
      vertex 30.38856726884842 -20.500000000000004 59.0612910464406
      vertex 30.38856726884842 -21.300000000000004 59.0612910464406
      vertex 30.603829972445965 -21.300000000000004 58.64611639082432
    endloop
  endfacet
  facet normal 0.783314426211995 0 0.621625699024882
    outer loop
      vertex 29.652542494237423 -20.500000000000004 60.096769861876965
      vertex 29.652542494237423 -21.300000000000004 60.096769861876965
      vertex 29.986901082098484 -21.300000000000004 59.67544251680374
    endloop
  endfacet
  facet normal 0.7581780414462617 0 0.6520475883466719
    outer loop
      vertex 29.59079832583666 -20.500000000000004 60.168563812971115
      vertex 29.59079832583666 -21.300000000000004 60.168563812971115
      vertex 29.652542494237423 -21.300000000000004 60.096769861876965
    endloop
  endfacet
  facet normal -0.522498556966215 0 -0.8526401691031351
    outer loop
      vertex 29.735155679285526 -20.500000000000004 61.61498116701841
      vertex 29.735155679285526 -21.300000000000004 61.61498116701841
      vertex 28.97940608114004 -21.300000000000004 62.078105106949806
    endloop
  endfacet
  facet normal -0.5664062360209781 0 -0.8241261892432179
    outer loop
      vertex 31.00149715691805 -20.500000000000004 60.74464878439903
      vertex 31.00149715691805 -21.300000000000004 60.74464878439903
      vertex 29.735155679285526 -21.300000000000004 61.61498116701841
    endloop
  endfacet
  facet normal -0.608761427707647 0 -0.7933533412895841
    outer loop
      vertex 32.22055348008871 -20.500000000000004 59.80923397094011
      vertex 32.22055348008871 -21.300000000000004 59.80923397094011
      vertex 31.00149715691805 -21.300000000000004 60.74464878439903
    endloop
  endfacet
  facet normal 0.6087614269852097 0 0.7933533418439297
    outer loop
      vertex 31.765617981553078 -20.500000000000004 61.79637087881565
      vertex 31.765617981553078 -21.300000000000004 61.79637087881565
      vertex 33.03866998851299 -21.300000000000004 60.819523721933365
    endloop
  endfacet
  facet normal 0.5224985563688924 0 0.8526401694691749
    outer loop
      vertex 29.629406079649925 -20.500000000000004 63.20393813401461
      vertex 29.629406079649925 -21.300000000000004 63.20393813401461
      vertex 30.443186424672604 -21.300000000000004 62.70525290817022
    endloop
  endfacet
  facet normal 0.5664062374567599 0 0.8241261882564324
    outer loop
      vertex 30.443186424672604 -20.500000000000004 62.70525290817022
      vertex 30.443186424672604 -21.300000000000004 62.70525290817022
      vertex 31.765617981553078 -21.300000000000004 61.79637087881565
    endloop
  endfacet
  facet normal 0.19509030117147802 0 0.9807852845494889
    outer loop
      vertex 29.542511627078056 -20.500000000000004 65.65343251824379
      vertex 29.542511627078056 -21.300000000000004 65.65343251824379
      vertex 29.855828538537025 -21.300000000000004 65.5911099165678
    endloop
  endfacet
  facet normal 0.866025404755153 0 -0.4999999983186734
    outer loop
      vertex 30.818894766271114 -20.500000000000004 65.26419298350811
      vertex 30.818894766271114 -21.300000000000004 65.26419298350811
      vertex 29.629406079649925 -21.300000000000004 63.20393813401461
    endloop
  endfacet
  facet normal 0.3214394657332937 0 0.9469301293490955
    outer loop
      vertex 29.855828538537025 -20.500000000000004 65.5911099165678
      vertex 29.855828538537025 -21.300000000000004 65.5911099165678
      vertex 30.818894766271114 -21.300000000000004 65.26419298350811
    endloop
  endfacet
  facet normal -0.5000000005054966 0 0.8660254034925899
    outer loop
      vertex 33.0257349088788 -20.500000000000004 48.879406079649925
      vertex 33.0257349088788 -21.300000000000004 48.879406079649925
      vertex 38.75 -21.300000000000004 52.18431207537651
    endloop
  endfacet
  facet normal -0.7253743713310753 0 -0.688354575357822
    outer loop
      vertex 35.56130062788725 -20.500000000000004 56.63898329436779
      vertex 35.56130062788725 -21.300000000000004 56.63898329436779
      vertex 34.503584027290344 -21.300000000000004 57.753584027290344
    endloop
  endfacet
  facet normal 0.5000000003686034 0 -0.8660254035716254
    outer loop
      vertex 38.75 -20.500000000000004 50.683201380074024
      vertex 38.75 -21.300000000000004 50.683201380074024
      vertex 33.67573490738869 -21.300000000000004 47.753573060035706
    endloop
  endfacet
  facet normal 1 0 0
    outer loop
      vertex 38.75 -20.500000000000004 52.18431207537651
      vertex 38.75 -21.300000000000004 52.18431207537651
      vertex 38.75 -21.300000000000004 50.683201380074024
    endloop
  endfacet
  facet normal -0.8526401703503551 0 -0.5224985549309371
    outer loop
      vertex 38.75 -20.500000000000004 52.35686203092337
      vertex 38.75 -21.300000000000004 52.35686203092337
      vertex 38.36498116701841 -21.300000000000004 52.985155679285526
    endloop
  endfacet
  facet normal -0.8241261892432179 0 -0.5664062360209781
    outer loop
      vertex 38.36498116701841 -20.500000000000004 52.985155679285526
      vertex 38.36498116701841 -21.300000000000004 52.985155679285526
      vertex 37.49464878439903 -21.300000000000004 54.25149715691805
    endloop
  endfacet
  facet normal 1 0 0
    outer loop
      vertex 38.75 -20.500000000000004 54
      vertex 38.75 -21.300000000000004 54
      vertex 38.75 -21.300000000000004 52.35686203092337
    endloop
  endfacet
  facet normal -0.7933533412895841 0 -0.608761427707647
    outer loop
      vertex 37.49464878439903 -20.500000000000004 54.25149715691805
      vertex 37.49464878439903 -21.300000000000004 54.25149715691805
      vertex 36.55923397094011 -21.300000000000004 55.47055348008871
    endloop
  endfacet
  facet normal -0.7604059635568121 0 -0.6494480507224856
    outer loop
      vertex 36.55923397094011 -20.500000000000004 55.47055348008871
      vertex 36.55923397094011 -21.300000000000004 55.47055348008871
      vertex 35.56130062788725 -21.300000000000004 56.63898329436779
    endloop
  endfacet
  facet normal 0.7604059638498695 0 0.6494480503793596
    outer loop
      vertex 36.52738890051842 -20.500000000000004 57.50885308533907
      vertex 36.52738890051842 -21.300000000000004 57.50885308533907
      vertex 37.569523721933365 -21.300000000000004 56.28866998851299
    endloop
  endfacet
  facet normal 0.997858922838615 0 0.06540313533278784
    outer loop
      vertex 38.6978819295764 -20.500000000000004 54.79516801983118
      vertex 38.6978819295764 -21.300000000000004 54.79516801983118
      vertex 38.75 -21.300000000000004 54
    endloop
  endfacet
  facet normal 0.8241262065176964 0 0.5664062108864547
    outer loop
      vertex 38.54637087881565 -20.500000000000004 55.01561798155308
      vertex 38.54637087881565 -21.300000000000004 55.01561798155308
      vertex 38.6978819295764 -21.300000000000004 54.79516801983118
    endloop
  endfacet
  facet normal 0.7933533418439297 0 0.6087614269852097
    outer loop
      vertex 37.569523721933365 -20.500000000000004 56.28866998851299
      vertex 37.569523721933365 -21.300000000000004 56.28866998851299
      vertex 38.54637087881565 -21.300000000000004 55.01561798155308
    endloop
  endfacet
  facet normal -0.6494480507224856 0 -0.7604059635568121
    outer loop
      vertex 33.38898329436779 -20.500000000000004 58.81130062788725
      vertex 33.38898329436779 -21.300000000000004 58.81130062788725
      vertex 32.22055348008871 -21.300000000000004 59.80923397094011
    endloop
  endfacet
  facet normal 0.6494480503793596 0 0.7604059638498695
    outer loop
      vertex 33.03866998851299 -20.500000000000004 60.819523721933365
      vertex 33.03866998851299 -21.300000000000004 60.819523721933365
      vertex 34.25885308533907 -21.300000000000004 59.77738890051842
    endloop
  endfacet
  facet normal -0.688354575357822 0 -0.7253743713310753
    outer loop
      vertex 34.503584027290344 -20.500000000000004 57.753584027290344
      vertex 34.503584027290344 -21.300000000000004 57.753584027290344
      vertex 33.38898329436779 -21.300000000000004 58.81130062788725
    endloop
  endfacet
  facet normal 0.6883545775365355 0 0.7253743692635533
    outer loop
      vertex 34.25885308533907 -20.500000000000004 59.77738890051842
      vertex 34.25885308533907 -21.300000000000004 59.77738890051842
      vertex 35.4228228405118 -21.300000000000004 58.6728228405118
    endloop
  endfacet
  facet normal 0.7253743692635533 0 0.6883545775365355
    outer loop
      vertex 35.4228228405118 -20.500000000000004 58.6728228405118
      vertex 35.4228228405118 -21.300000000000004 58.6728228405118
      vertex 36.52738890051842 -21.300000000000004 57.50885308533907
    endloop
  endfacet
  facet normal 0 -1 0
    outer loop
      vertex 27.18599034845829 -21.300000000000004 53.592066280543804
      vertex 28.035938449203968 -21.300000000000004 52.86614202708006
      vertex 28.653137646615505 -21.300000000000004 54.048031359910965
    endloop
  endfacet
  facet normal 0 -1 0
    outer loop
      vertex 28.035938449203968 -21.300000000000004 52.86614202708006
      vertex 28.905808232724667 -21.300000000000004 53.83223029971123
      vertex 28.653137646615505 -21.300000000000004 54.048031359910965
    endloop
  endfacet
  facet normal 0 -1 0
    outer loop
      vertex 28.035938449203968 -21.300000000000004 52.86614202708006
      vertex 28.846729777753353 -21.300000000000004 52.09672977775335
      vertex 29.765968590974808 -21.300000000000004 53.01596859097481
    endloop
  endfacet
  facet normal 0 -1 0
    outer loop
      vertex 28.035938449203968 -21.300000000000004 52.86614202708006
      vertex 29.765968590974808 -21.300000000000004 53.01596859097481
      vertex 28.905808232724667 -21.300000000000004 53.83223029971123
    endloop
  endfacet
  facet normal 0 -1 0
    outer loop
      vertex 24.668374188244343 -21.300000000000004 54.01273111253977
      vertex 25.283057920634747 -21.300000000000004 53.89650525897741
      vertex 29.616280384361744 -21.300000000000004 54.494064159691334
    endloop
  endfacet
  facet normal 0 -1 0
    outer loop
      vertex 24.59826897084713 -21.300000000000004 54.028171963989735
      vertex 24.668374188244343 -21.300000000000004 54.01273111253977
      vertex 29.616280384361744 -21.300000000000004 54.494064159691334
    endloop
  endfacet
  facet normal 0 -1 0
    outer loop
      vertex 23.08599317073822 -21.300000000000004 54.470414504408836
      vertex 29.616280384361744 -21.300000000000004 54.494064159691334
      vertex 27.208809480071068 -21.300000000000004 54.987642861902714
    endloop
  endfacet
  facet normal 0 -1 0
    outer loop
      vertex 25.283057920634747 -21.300000000000004 53.89650525897741
      vertex 25.35953050106764 -21.300000000000004 53.88458575308323
      vertex 29.616280384361744 -21.300000000000004 54.494064159691334
    endloop
  endfacet
  facet normal 0 -1 0
    outer loop
      vertex 25.35953050106764 -21.300000000000004 53.88458575308323
      vertex 25.954975061118603 -21.300000000000004 53.81135631352663
      vertex 29.616280384361744 -21.300000000000004 54.494064159691334
    endloop
  endfacet
  facet normal 0 -1 0
    outer loop
      vertex 25.954975061118603 -21.300000000000004 53.81135631352663
      vertex 26.03953940421343 -21.300000000000004 53.80398127436638
      vertex 29.482066445052624 -21.300000000000004 54.412667490541935
    endloop
  endfacet
  facet normal 0 -1 0
    outer loop
      vertex 26.03953940421343 -21.300000000000004 53.80398127436638
      vertex 26.60922097414732 -21.300000000000004 53.774550557136536
      vertex 29.126869924366474 -21.300000000000004 54.227877818048
    endloop
  endfacet
  facet normal 0 -1 0
    outer loop
      vertex 26.70390673726797 -21.300000000000004 53.77340004593134
      vertex 26.94122154265642 -21.300000000000004 53.77988398075104
      vertex 28.653137646615505 -21.300000000000004 54.048031359910965
    endloop
  endfacet
  facet normal 0 -1 0
    outer loop
      vertex 27.18599034845829 -21.300000000000004 53.592066280543804
      vertex 28.653137646615505 -21.300000000000004 54.048031359910965
      vertex 26.94122154265642 -21.300000000000004 53.77988398075104
    endloop
  endfacet
  facet normal 0 -1 0
    outer loop
      vertex 26.60922097414732 -21.300000000000004 53.774550557136536
      vertex 26.70390673726797 -21.300000000000004 53.77340004593134
      vertex 28.972806811332703 -21.300000000000004 54.16097727417946
    endloop
  endfacet
  facet normal 0 -1 0
    outer loop
      vertex 26.70390673726797 -21.300000000000004 53.77340004593134
      vertex 28.653137646615505 -21.300000000000004 54.048031359910965
      vertex 28.972806811332703 -21.300000000000004 54.16097727417946
    endloop
  endfacet
  facet normal 0 -1 0
    outer loop
      vertex 26.60922097414732 -21.300000000000004 53.774550557136536
      vertex 28.972806811332703 -21.300000000000004 54.16097727417946
      vertex 29.11707104742527 -21.300000000000004 54.22283702343702
    endloop
  endfacet
  facet normal 0 -1 0
    outer loop
      vertex 26.60922097414732 -21.300000000000004 53.774550557136536
      vertex 29.11707104742527 -21.300000000000004 54.22283702343702
      vertex 29.126869924366474 -21.300000000000004 54.227877818048
    endloop
  endfacet
  facet normal 0 -1 0
    outer loop
      vertex 26.03953940421343 -21.300000000000004 53.80398127436638
      vertex 29.126869924366474 -21.300000000000004 54.227877818048
      vertex 29.482066445052624 -21.300000000000004 54.412667490541935
    endloop
  endfacet
  facet normal 0 -1 0
    outer loop
      vertex 25.954975061118603 -21.300000000000004 53.81135631352663
      vertex 29.482066445052624 -21.300000000000004 54.412667490541935
      vertex 29.616280384361744 -21.300000000000004 54.494064159691334
    endloop
  endfacet
  facet normal 0 -1 0
    outer loop
      vertex 27.208809480071068 -21.300000000000004 54.987642861902714
      vertex 29.616280384361744 -21.300000000000004 54.494064159691334
      vertex 27.70859107375145 -21.300000000000004 55.046293541789055
    endloop
  endfacet
  facet normal 0 -1 0
    outer loop
      vertex 27.70859107375145 -21.300000000000004 55.046293541789055
      vertex 29.616280384361744 -21.300000000000004 54.494064159691334
      vertex 28.16500151157379 -21.300000000000004 55.14826186746359
    endloop
  endfacet
  facet normal 0 -1 0
    outer loop
      vertex 28.16500151157379 -21.300000000000004 55.14826186746359
      vertex 29.616280384361744 -21.300000000000004 54.494064159691334
      vertex 28.573040269315243 -21.300000000000004 55.29243063926697
    endloop
  endfacet
  facet normal 0 -1 0
    outer loop
      vertex 28.573040269315243 -21.300000000000004 55.29243063926697
      vertex 29.616280384361744 -21.300000000000004 54.494064159691334
      vertex 28.928236790001392 -21.300000000000004 55.4772203117609
    endloop
  endfacet
  facet normal 0 -1 0
    outer loop
      vertex 28.928236790001392 -21.300000000000004 55.4772203117609
      vertex 29.64728671312332 -21.300000000000004 54.5165084823966
      vertex 29.226699464023113 -21.300000000000004 55.70060630142689
    endloop
  endfacet
  facet normal 0 -1 0
    outer loop
      vertex 29.61614202708006 -21.300000000000004 51.28593844920397
      vertex 30.342066280543804 -21.300000000000004 50.43599034845829
      vertex 31.352356024086475 -21.300000000000004 51.25410685688257
    endloop
  endfacet
  facet normal 0 -1 0
    outer loop
      vertex 28.846729777753353 -21.300000000000004 52.09672977775335
      vertex 29.61614202708006 -21.300000000000004 51.28593844920397
      vertex 30.582230299711227 -21.300000000000004 52.15580823272467
    endloop
  endfacet
  facet normal 0 -1 0
    outer loop
      vertex 28.846729777753353 -21.300000000000004 52.09672977775335
      vertex 30.582230299711227 -21.300000000000004 52.15580823272467
      vertex 29.765968590974808 -21.300000000000004 53.01596859097481
    endloop
  endfacet
  facet normal 0 -1 0
    outer loop
      vertex 29.61614202708006 -21.300000000000004 51.28593844920397
      vertex 31.352356024086475 -21.300000000000004 51.25410685688257
      vertex 30.582230299711227 -21.300000000000004 52.15580823272467
    endloop
  endfacet
  facet normal 0 -1 0
    outer loop
      vertex 30.342066280543804 -21.300000000000004 50.43599034845829
      vertex 31.022512830793858 -21.300000000000004 49.54921513795853
      vertex 32.074234925210476 -21.300000000000004 50.313335962593555
    endloop
  endfacet
  facet normal 0 -1 0
    outer loop
      vertex 30.342066280543804 -21.300000000000004 50.43599034845829
      vertex 32.074234925210476 -21.300000000000004 50.313335962593555
      vertex 31.352356024086475 -21.300000000000004 51.25410685688257
    endloop
  endfacet
  facet normal 0 -1 0
    outer loop
      vertex 32.745888367295265 -21.300000000000004 49.33607414364815
      vertex 32.074234925210476 -21.300000000000004 50.313335962593555
      vertex 31.022512830793858 -21.300000000000004 49.54921513795853
    endloop
  endfacet
  facet normal 0 -1 0
    outer loop
      vertex 28.928236790001392 -21.300000000000004 55.4772203117609
      vertex 29.616280384361744 -21.300000000000004 54.494064159691334
      vertex 29.64728671312332 -21.300000000000004 54.5165084823966
    endloop
  endfacet
  facet normal 0 -1 0
    outer loop
      vertex 29.226699464023113 -21.300000000000004 55.70060630142689
      vertex 29.64728671312332 -21.300000000000004 54.5165084823966
      vertex 29.945749387145042 -21.300000000000004 54.73989447206259
    endloop
  endfacet
  facet normal 0 -1 0
    outer loop
      vertex 29.226699464023113 -21.300000000000004 55.70060630142689
      vertex 29.945749387145042 -21.300000000000004 54.73989447206259
      vertex 30.064995869994164 -21.300000000000004 54.84196835011244
    endloop
  endfacet
  facet normal 0 -1 0
    outer loop
      vertex 29.226699464023113 -21.300000000000004 55.70060630142689
      vertex 30.34880669414997 -21.300000000000004 55.148251079022884
      vertex 29.4651582762599 -21.300000000000004 55.96014113724232
    endloop
  endfacet
  facet normal 0 -1 0
    outer loop
      vertex 29.226699464023113 -21.300000000000004 55.70060630142689
      vertex 30.064995869994164 -21.300000000000004 54.84196835011244
      vertex 30.110347881913185 -21.300000000000004 54.888716243207455
    endloop
  endfacet
  facet normal 0 -1 0
    outer loop
      vertex 29.226699464023113 -21.300000000000004 55.70060630142689
      vertex 30.110347881913185 -21.300000000000004 54.888716243207455
      vertex 30.34880669414997 -21.300000000000004 55.148251079022884
    endloop
  endfacet
  facet normal 0 -1 0
    outer loop
      vertex 30.34880669414997 -21.300000000000004 55.148251079022884
      vertex 30.447219878435135 -21.300000000000004 55.27053617686033
      vertex 29.4651582762599 -21.300000000000004 55.96014113724232
    endloop
  endfacet
  facet normal 0 -1 0
    outer loop
      vertex 30.447219878435135 -21.300000000000004 55.27053617686033
      vertex 30.493935465812683 -21.300000000000004 55.34238916635513
      vertex 29.4651582762599 -21.300000000000004 55.96014113724232
    endloop
  endfacet
  facet normal 0 -1 0
    outer loop
      vertex 30.493935465812683 -21.300000000000004 55.34238916635513
      vertex 30.669777803122997 -21.300000000000004 55.63522932678461
      vertex 29.4651582762599 -21.300000000000004 55.96014113724232
    endloop
  endfacet
  facet normal 0 -1 0
    outer loop
      vertex 30.669777803122997 -21.300000000000004 55.63522932678461
      vertex 29.641000613570213 -21.300000000000004 56.252981297671795
      vertex 29.4651582762599 -21.300000000000004 55.96014113724232
    endloop
  endfacet
  facet normal 0 -1 0
    outer loop
      vertex 29.641000613570213 -21.300000000000004 56.252981297671795
      vertex 30.88681060820818 -21.300000000000004 56.184912629425526
      vertex 29.752299919724464 -21.300000000000004 56.57591837644577
    endloop
  endfacet
  facet normal 0 -1 0
    outer loop
      vertex 29.69035343825817 -21.300000000000004 57.688516452908516
      vertex 29.777112253010273 -21.300000000000004 57.29763961583376
      vertex 30.948601871728897 -21.300000000000004 57.55766282975674
    endloop
  endfacet
  facet normal 0 -1 0
    outer loop
      vertex 30.669777803122997 -21.300000000000004 55.63522932678461
      vertex 30.741609282791615 -21.300000000000004 55.77479664981365
      vertex 29.641000613570213 -21.300000000000004 56.252981297671795
    endloop
  endfacet
  facet normal 0 -1 0
    outer loop
      vertex 29.641000613570213 -21.300000000000004 56.252981297671795
      vertex 30.741609282791615 -21.300000000000004 55.77479664981365
      vertex 30.77551130205393 -21.300000000000004 55.86197555065155
    endloop
  endfacet
  facet normal 0 -1 0
    outer loop
      vertex 29.641000613570213 -21.300000000000004 56.252981297671795
      vertex 30.77551130205393 -21.300000000000004 55.86197555065155
      vertex 30.88681060820818 -21.300000000000004 56.184912629425526
    endloop
  endfacet
  facet normal 0 -1 0
    outer loop
      vertex 29.752299919724464 -21.300000000000004 56.57591837644577
      vertex 30.88681060820818 -21.300000000000004 56.184912629425526
      vertex 30.928141206502914 -21.300000000000004 56.336341097950935
    endloop
  endfacet
  facet normal 0 -1 0
    outer loop
      vertex 29.752299919724464 -21.300000000000004 56.57591837644577
      vertex 30.928141206502914 -21.300000000000004 56.336341097950935
      vertex 30.9422420412302 -21.300000000000004 56.42087726294994
    endloop
  endfacet
  facet normal 0 -1 0
    outer loop
      vertex 29.752299919724464 -21.300000000000004 56.57591837644577
      vertex 30.9422420412302 -21.300000000000004 56.42087726294994
      vertex 30.987778894603252 -21.300000000000004 56.770373083651066
    endloop
  endfacet
  facet normal 0 -1 0
    outer loop
      vertex 29.752299919724464 -21.300000000000004 56.57591837644577
      vertex 30.987778894603252 -21.300000000000004 56.770373083651066
      vertex 29.797836773097515 -21.300000000000004 56.92541419714689
    endloop
  endfacet
  facet normal 0 -1 0
    outer loop
      vertex 29.797836773097515 -21.300000000000004 56.92541419714689
      vertex 30.995981104671955 -21.300000000000004 56.99212368577719
      vertex 29.777112253010273 -21.300000000000004 57.29763961583376
    endloop
  endfacet
  facet normal 0 -1 0
    outer loop
      vertex 29.69035343825817 -21.300000000000004 57.688516452908516
      vertex 30.948601871728897 -21.300000000000004 57.55766282975674
      vertex 30.861843056976795 -21.300000000000004 57.94853966683149
    endloop
  endfacet
  facet normal 0 -1 0
    outer loop
      vertex 29.797836773097515 -21.300000000000004 56.92541419714689
      vertex 30.987778894603252 -21.300000000000004 56.770373083651066
      vertex 30.99783570319414 -21.300000000000004 56.92701809853315
    endloop
  endfacet
  facet normal 0 -1 0
    outer loop
      vertex 29.797836773097515 -21.300000000000004 56.92541419714689
      vertex 30.99783570319414 -21.300000000000004 56.92701809853315
      vertex 30.995981104671955 -21.300000000000004 56.99212368577719
    endloop
  endfacet
  facet normal 0 -1 0
    outer loop
      vertex 29.777112253010273 -21.300000000000004 57.29763961583376
      vertex 30.995981104671955 -21.300000000000004 56.99212368577719
      vertex 30.975256584584713 -21.300000000000004 57.364349104464054
    endloop
  endfacet
  facet normal 0 -1 0
    outer loop
      vertex 29.777112253010273 -21.300000000000004 57.29763961583376
      vertex 30.975256584584713 -21.300000000000004 57.364349104464054
      vertex 30.95629896223545 -21.300000000000004 57.520167611539364
    endloop
  endfacet
  facet normal 0 -1 0
    outer loop
      vertex 29.777112253010273 -21.300000000000004 57.29763961583376
      vertex 30.95629896223545 -21.300000000000004 57.520167611539364
      vertex 30.948601871728897 -21.300000000000004 57.55766282975674
    endloop
  endfacet
  facet normal 0 -1 0
    outer loop
      vertex 26.318302772939205 -21.300000000000004 61.309996753931046
      vertex 26.876704320311546 -21.300000000000004 60.952461801469326
      vertex 27.442073740065098 -21.300000000000004 62.01536737382412
    endloop
  endfacet
  facet normal 0 -1 0
    outer loop
      vertex 26.876704320311546 -21.300000000000004 60.952461801469326
      vertex 27.400849044322968 -21.300000000000004 60.57353526353836
      vertex 28.490950286388397 -21.300000000000004 61.2320748642087
    endloop
  endfacet
  facet normal 0 -1 0
    outer loop
      vertex 26.876704320311546 -21.300000000000004 60.952461801469326
      vertex 28.97940608114004 -21.300000000000004 62.078105106949806
      vertex 27.442073740065098 -21.300000000000004 62.01536737382412
    endloop
  endfacet
  facet normal 0 -1 0
    outer loop
      vertex 28.32383569329977 -21.300000000000004 59.76830272376537
      vertex 28.712565183639526 -21.300000000000004 59.350819021463394
      vertex 29.59079832583666 -21.300000000000004 60.168563812971115
    endloop
  endfacet
  facet normal 0 -1 0
    outer loop
      vertex 28.712565183639526 -21.300000000000004 59.350819021463394
      vertex 29.046923771500587 -21.300000000000004 58.92949167639017
      vertex 29.986901082098484 -21.300000000000004 59.67544251680374
    endloop
  endfacet
  facet normal 0 -1 0
    outer loop
      vertex 27.400849044322968 -21.300000000000004 60.57353526353836
      vertex 27.88499429821968 -21.300000000000004 60.17736874520779
      vertex 28.490950286388397 -21.300000000000004 61.2320748642087
    endloop
  endfacet
  facet normal 0 -1 0
    outer loop
      vertex 28.32383569329977 -21.300000000000004 59.76830272376537
      vertex 29.142062313854694 -21.300000000000004 60.64608697593212
      vertex 27.88499429821968 -21.300000000000004 60.17736874520779
    endloop
  endfacet
  facet normal 0 -1 0
    outer loop
      vertex 27.88499429821968 -21.300000000000004 60.17736874520779
      vertex 28.64493442326784 -21.300000000000004 61.106072686612606
      vertex 28.490950286388397 -21.300000000000004 61.2320748642087
    endloop
  endfacet
  facet normal 0 -1 0
    outer loop
      vertex 27.88499429821968 -21.300000000000004 60.17736874520779
      vertex 28.703220918774605 -21.300000000000004 61.055152997374535
      vertex 28.64493442326784 -21.300000000000004 61.106072686612606
    endloop
  endfacet
  facet normal 0 -1 0
    outer loop
      vertex 27.88499429821968 -21.300000000000004 60.17736874520779
      vertex 29.142062313854694 -21.300000000000004 60.64608697593212
      vertex 28.703220918774605 -21.300000000000004 61.055152997374535
    endloop
  endfacet
  facet normal 0 -1 0
    outer loop
      vertex 26.876704320311546 -21.300000000000004 60.952461801469326
      vertex 28.490950286388397 -21.300000000000004 61.2320748642087
      vertex 28.97940608114004 -21.300000000000004 62.078105106949806
    endloop
  endfacet
  facet normal 0 -1 0
    outer loop
      vertex 28.32383569329977 -21.300000000000004 59.76830272376537
      vertex 29.202068835496902 -21.300000000000004 60.586047515273094
      vertex 29.142062313854694 -21.300000000000004 60.64608697593212
    endloop
  endfacet
  facet normal 0 -1 0
    outer loop
      vertex 28.32383569329977 -21.300000000000004 59.76830272376537
      vertex 29.59079832583666 -21.300000000000004 60.168563812971115
      vertex 29.202068835496902 -21.300000000000004 60.586047515273094
    endloop
  endfacet
  facet normal 0 -1 0
    outer loop
      vertex 28.712565183639526 -21.300000000000004 59.350819021463394
      vertex 29.652542494237423 -21.300000000000004 60.096769861876965
      vertex 29.59079832583666 -21.300000000000004 60.168563812971115
    endloop
  endfacet
  facet normal 0 -1 0
    outer loop
      vertex 26.318302772939205 -21.300000000000004 61.309996753931046
      vertex 26.909720107913017 -21.300000000000004 62.354135408997536
      vertex 26.323179699480534 -21.300000000000004 62.68636155873537
    endloop
  endfacet
  facet normal 0 -1 0
    outer loop
      vertex 26.318302772939205 -21.300000000000004 61.309996753931046
      vertex 26.965370006859303 -21.300000000000004 62.3205926194787
      vertex 26.909720107913017 -21.300000000000004 62.354135408997536
    endloop
  endfacet
  facet normal 0 -1 0
    outer loop
      vertex 26.318302772939205 -21.300000000000004 61.309996753931046
      vertex 27.442073740065098 -21.300000000000004 62.01536737382412
      vertex 26.965370006859303 -21.300000000000004 62.3205926194787
    endloop
  endfacet
  facet normal 0 -1 0
    outer loop
      vertex 26.21647810935974 -21.300000000000004 65.00016827881336
      vertex 27.0746211707592 -21.300000000000004 63.151041485369205
      vertex 27.85357306152582 -21.300000000000004 62.72810510545969
    endloop
  endfacet
  facet normal 0 -1 0
    outer loop
      vertex 26.21647810935974 -21.300000000000004 65.00016827881336
      vertex 27.85357306152582 -21.300000000000004 62.72810510545969
      vertex 28.97940608114004 -21.300000000000004 62.078105106949806
    endloop
  endfacet
  facet normal 0 -1 0
    outer loop
      vertex 26.21647810935974 -21.300000000000004 65.00016827881336
      vertex 28.97940608114004 -21.300000000000004 62.078105106949806
      vertex 27.664808817207813 -21.300000000000004 64.30934996902943
    endloop
  endfacet
  facet normal 0 -1 0
    outer loop
      vertex 25.687720477581024 -21.300000000000004 63.81255917996168
      vertex 27.0746211707592 -21.300000000000004 63.151041485369205
      vertex 26.21647810935974 -21.300000000000004 65.00016827881336
    endloop
  endfacet
  facet normal 0 -1 0
    outer loop
      vertex 27.442073740065098 -21.300000000000004 62.01536737382412
      vertex 28.97940608114004 -21.300000000000004 62.078105106949806
      vertex 27.85357306152582 -21.300000000000004 62.72810510545969
    endloop
  endfacet
  facet normal 0 -1 0
    outer loop
      vertex 27.664808817207813 -21.300000000000004 64.30934996902943
      vertex 28.97940608114004 -21.300000000000004 62.078105106949806
      vertex 28.503573060035706 -21.300000000000004 63.85393813252449
    endloop
  endfacet
  facet normal 0 -1 0
    outer loop
      vertex 28.503573060035706 -21.300000000000004 63.85393813252449
      vertex 28.97940608114004 -21.300000000000004 62.078105106949806
      vertex 29.629406079649925 -21.300000000000004 63.20393813401461
    endloop
  endfacet
  facet normal 0 -1 0
    outer loop
      vertex 28.503573060035706 -21.300000000000004 63.85393813252449
      vertex 29.629406079649925 -21.300000000000004 63.20393813401461
      vertex 29.542511627078056 -21.300000000000004 65.65343251824379
    endloop
  endfacet
  facet normal 0 -1 0
    outer loop
      vertex 29.323248155415058 -21.300000000000004 58.50893682986498
      vertex 29.538510859012604 -21.300000000000004 58.093762174248695
      vertex 30.38856726884842 -21.300000000000004 59.0612910464406
    endloop
  endfacet
  facet normal 0 -1 0
    outer loop
      vertex 29.69035343825817 -21.300000000000004 57.688516452908516
      vertex 30.662219390273094 -21.300000000000004 58.51480746269226
      vertex 29.538510859012604 -21.300000000000004 58.093762174248695
    endloop
  endfacet
  facet normal 0 -1 0
    outer loop
      vertex 29.323248155415058 -21.300000000000004 58.50893682986498
      vertex 30.326138757169247 -21.300000000000004 59.16788329184055
      vertex 29.046923771500587 -21.300000000000004 58.92949167639017
    endloop
  endfacet
  facet normal 0 -1 0
    outer loop
      vertex 28.712565183639526 -21.300000000000004 59.350819021463394
      vertex 29.986901082098484 -21.300000000000004 59.67544251680374
      vertex 29.652542494237423 -21.300000000000004 60.096769861876965
    endloop
  endfacet
  facet normal 0 -1 0
    outer loop
      vertex 29.046923771500587 -21.300000000000004 58.92949167639017
      vertex 30.049814373254776 -21.300000000000004 59.588438138365746
      vertex 29.986901082098484 -21.300000000000004 59.67544251680374
    endloop
  endfacet
  facet normal 0 -1 0
    outer loop
      vertex 29.046923771500587 -21.300000000000004 58.92949167639017
      vertex 30.326138757169247 -21.300000000000004 59.16788329184055
      vertex 30.049814373254776 -21.300000000000004 59.588438138365746
    endloop
  endfacet
  facet normal 0 -1 0
    outer loop
      vertex 29.323248155415058 -21.300000000000004 58.50893682986498
      vertex 30.38856726884842 -21.300000000000004 59.0612910464406
      vertex 30.326138757169247 -21.300000000000004 59.16788329184055
    endloop
  endfacet
  facet normal 0 -1 0
    outer loop
      vertex 29.69035343825817 -21.300000000000004 57.688516452908516
      vertex 30.81788095831871 -21.300000000000004 58.09922520816326
      vertex 30.81406196951866 -21.300000000000004 58.10956174135208
    endloop
  endfacet
  facet normal 0 -1 0
    outer loop
      vertex 29.69035343825817 -21.300000000000004 57.688516452908516
      vertex 30.861843056976795 -21.300000000000004 57.94853966683149
      vertex 30.81788095831871 -21.300000000000004 58.09922520816326
    endloop
  endfacet
  facet normal 0 -1 0
    outer loop
      vertex 29.69035343825817 -21.300000000000004 57.688516452908516
      vertex 30.81406196951866 -21.300000000000004 58.10956174135208
      vertex 30.662219390273094 -21.300000000000004 58.51480746269226
    endloop
  endfacet
  facet normal 0 -1 0
    outer loop
      vertex 29.538510859012604 -21.300000000000004 58.093762174248695
      vertex 30.662219390273094 -21.300000000000004 58.51480746269226
      vertex 30.603829972445965 -21.300000000000004 58.64611639082432
    endloop
  endfacet
  facet normal 0 -1 0
    outer loop
      vertex 29.538510859012604 -21.300000000000004 58.093762174248695
      vertex 30.603829972445965 -21.300000000000004 58.64611639082432
      vertex 30.38856726884842 -21.300000000000004 59.0612910464406
    endloop
  endfacet
  facet normal 0 -1 0
    outer loop
      vertex 29.735155679285526 -21.300000000000004 61.61498116701841
      vertex 31.00149715691805 -21.300000000000004 60.74464878439903
      vertex 31.765617981553078 -21.300000000000004 61.79637087881565
    endloop
  endfacet
  facet normal 0 -1 0
    outer loop
      vertex 32.22055348008871 -21.300000000000004 59.80923397094011
      vertex 33.03866998851299 -21.300000000000004 60.819523721933365
      vertex 31.00149715691805 -21.300000000000004 60.74464878439903
    endloop
  endfacet
  facet normal 0 -1 0
    outer loop
      vertex 31.00149715691805 -21.300000000000004 60.74464878439903
      vertex 33.03866998851299 -21.300000000000004 60.819523721933365
      vertex 31.765617981553078 -21.300000000000004 61.79637087881565
    endloop
  endfacet
  facet normal 0 -1 0
    outer loop
      vertex 28.97940608114004 -21.300000000000004 62.078105106949806
      vertex 29.735155679285526 -21.300000000000004 61.61498116701841
      vertex 30.443186424672604 -21.300000000000004 62.70525290817022
    endloop
  endfacet
  facet normal 0 -1 0
    outer loop
      vertex 28.97940608114004 -21.300000000000004 62.078105106949806
      vertex 30.443186424672604 -21.300000000000004 62.70525290817022
      vertex 29.629406079649925 -21.300000000000004 63.20393813401461
    endloop
  endfacet
  facet normal 0 -1 0
    outer loop
      vertex 29.735155679285526 -21.300000000000004 61.61498116701841
      vertex 31.765617981553078 -21.300000000000004 61.79637087881565
      vertex 30.443186424672604 -21.300000000000004 62.70525290817022
    endloop
  endfacet
  facet normal 0 -1 0
    outer loop
      vertex 29.629406079649925 -21.300000000000004 63.20393813401461
      vertex 29.855828538537025 -21.300000000000004 65.5911099165678
      vertex 29.542511627078056 -21.300000000000004 65.65343251824379
    endloop
  endfacet
  facet normal 0 -1 0
    outer loop
      vertex 29.629406079649925 -21.300000000000004 63.20393813401461
      vertex 30.818894766271114 -21.300000000000004 65.26419298350811
      vertex 29.855828538537025 -21.300000000000004 65.5911099165678
    endloop
  endfacet
  facet normal 0 -1 0
    outer loop
      vertex 35.56130062788725 -21.300000000000004 56.63898329436779
      vertex 36.52738890051842 -21.300000000000004 57.50885308533907
      vertex 34.503584027290344 -21.300000000000004 57.753584027290344
    endloop
  endfacet
  facet normal 0 -1 0
    outer loop
      vertex 33.0257349088788 -21.300000000000004 48.879406079649925
      vertex 38.75 -21.300000000000004 50.683201380074024
      vertex 38.75 -21.300000000000004 52.18431207537651
    endloop
  endfacet
  facet normal 0 -1 0
    outer loop
      vertex 38.75 -21.300000000000004 52.35686203092337
      vertex 38.75 -21.300000000000004 54
      vertex 38.36498116701841 -21.300000000000004 52.985155679285526
    endloop
  endfacet
  facet normal 0 -1 0
    outer loop
      vertex 35.56130062788725 -21.300000000000004 56.63898329436779
      vertex 36.55923397094011 -21.300000000000004 55.47055348008871
      vertex 37.569523721933365 -21.300000000000004 56.28866998851299
    endloop
  endfacet
  facet normal 0 -1 0
    outer loop
      vertex 35.56130062788725 -21.300000000000004 56.63898329436779
      vertex 37.569523721933365 -21.300000000000004 56.28866998851299
      vertex 36.52738890051842 -21.300000000000004 57.50885308533907
    endloop
  endfacet
  facet normal 0 -1 0
    outer loop
      vertex 36.55923397094011 -21.300000000000004 55.47055348008871
      vertex 37.49464878439903 -21.300000000000004 54.25149715691805
      vertex 38.54637087881565 -21.300000000000004 55.01561798155308
    endloop
  endfacet
  facet normal 0 -1 0
    outer loop
      vertex 36.55923397094011 -21.300000000000004 55.47055348008871
      vertex 38.54637087881565 -21.300000000000004 55.01561798155308
      vertex 37.569523721933365 -21.300000000000004 56.28866998851299
    endloop
  endfacet
  facet normal 0 -1 0
    outer loop
      vertex 38.36498116701841 -21.300000000000004 52.985155679285526
      vertex 38.75 -21.300000000000004 54
      vertex 37.49464878439903 -21.300000000000004 54.25149715691805
    endloop
  endfacet
  facet normal 0 -1 0
    outer loop
      vertex 37.49464878439903 -21.300000000000004 54.25149715691805
      vertex 38.75 -21.300000000000004 54
      vertex 38.6978819295764 -21.300000000000004 54.79516801983118
    endloop
  endfacet
  facet normal 0 -1 0
    outer loop
      vertex 37.49464878439903 -21.300000000000004 54.25149715691805
      vertex 38.6978819295764 -21.300000000000004 54.79516801983118
      vertex 38.54637087881565 -21.300000000000004 55.01561798155308
    endloop
  endfacet
  facet normal 0 -1 0
    outer loop
      vertex 32.22055348008871 -21.300000000000004 59.80923397094011
      vertex 33.38898329436779 -21.300000000000004 58.81130062788725
      vertex 34.25885308533907 -21.300000000000004 59.77738890051842
    endloop
  endfacet
  facet normal 0 -1 0
    outer loop
      vertex 32.22055348008871 -21.300000000000004 59.80923397094011
      vertex 34.25885308533907 -21.300000000000004 59.77738890051842
      vertex 33.03866998851299 -21.300000000000004 60.819523721933365
    endloop
  endfacet
  facet normal 0 -1 0
    outer loop
      vertex 33.38898329436779 -21.300000000000004 58.81130062788725
      vertex 34.503584027290344 -21.300000000000004 57.753584027290344
      vertex 35.4228228405118 -21.300000000000004 58.6728228405118
    endloop
  endfacet
  facet normal 0 -1 0
    outer loop
      vertex 33.38898329436779 -21.300000000000004 58.81130062788725
      vertex 35.4228228405118 -21.300000000000004 58.6728228405118
      vertex 34.25885308533907 -21.300000000000004 59.77738890051842
    endloop
  endfacet
  facet normal 0 -1 0
    outer loop
      vertex 36.52738890051842 -21.300000000000004 57.50885308533907
      vertex 35.4228228405118 -21.300000000000004 58.6728228405118
      vertex 34.503584027290344 -21.300000000000004 57.753584027290344
    endloop
  endfacet
endsolid OpenSCAD_Model
