solid OpenSCAD_Model
  facet normal -0.8204014430698211 0 -0.5717879608814401
    outer loop
      vertex -19.508784495294094 3.7 9.777190677821636
      vertex -18.610679775476456 3.7 8.488589905202389
      vertex -19.508784495294094 -21.300000000000004 9.777190677821636
    endloop
  endfacet
  facet normal -0.7475083264867453 0 -0.6642524383342414
    outer loop
      vertex -16.666238620877266 3.7 6.022078067064285
      vertex -15.622900374233723 3.7 4.847970180213451
      vertex -16.666238620877266 -21.300000000000004 6.022078067064285
    endloop
  endfacet
  facet normal -0.7730104517196759 0 -0.6343932861657213
    outer loop
      vertex -17.662677235901356 3.7 7.236242026090622
      vertex -16.666238620877266 3.7 6.022078067064285
      vertex -17.662677235901356 -21.300000000000004 7.236242026090622
    endloop
  endfacet
  facet normal -0.7973206534647818 -1.413670693663187e-18 -0.6035559423603526
    outer loop
      vertex -17.662677235901356 3.7 7.236242026090622
      vertex -18.610679775476456 -21.300000000000004 8.488589905202389
      vertex -18.610679775476456 3.7 8.488589905202389
    endloop
  endfacet
  facet normal -0.8819212643443392 0 -0.47139673683351074
    outer loop
      vertex -21.890260964632034 3.7 13.840380012989044
      vertex -21.149840280413628 3.7 12.455150343477726
      vertex -21.890260964632034 -21.300000000000004 13.840380012989044
    endloop
  endfacet
  facet normal -0.8997482823183388 0 -0.4364092442481012
    outer loop
      vertex -21.890260964632034 3.7 13.840380012989044
      vertex -22.575726956129074 -21.300000000000004 15.253610499203205
      vertex -22.575726956129074 3.7 15.253610499203205
    endloop
  endfacet
  facet normal -0.9448060452963782 0 -0.3276301829371309
    outer loop
      vertex -23.77765343338251 3.7 18.155317716300488
      vertex -24.29226065427065 -21.300000000000004 19.639320224523544
      vertex -24.29226065427065 3.7 19.639320224523544
    endloop
  endfacet
  facet normal -0.916187958045493 0 -0.4007488309807401
    outer loop
      vertex -22.575726956129074 3.7 15.253610499203205
      vertex -23.205181300640106 -21.300000000000004 16.692662708461285
      vertex -23.205181300640106 3.7 16.692662708461285
    endloop
  endfacet
  facet normal -0.9312149352495637 0 -0.3644704986252671
    outer loop
      vertex -23.77765343338251 3.7 18.155317716300488
      vertex -23.205181300640106 3.7 16.692662708461285
      vertex -23.77765343338251 -21.300000000000004 18.155317716300488
    endloop
  endfacet
  facet normal -0.8422172352753996 -1.4136706969141574e-18 -0.5391383204754253
    outer loop
      vertex -19.508784495294094 3.7 9.777190677821636
      vertex -20.355606570839882 -21.300000000000004 11.100057408213615
      vertex -20.355606570839882 3.7 11.100057408213615
    endloop
  endfacet
  facet normal -0.8627343868073287 0 -0.5056573719626588
    outer loop
      vertex -20.355606570839882 3.7 11.100057408213615
      vertex -21.149840280413628 -21.300000000000004 12.455150343477726
      vertex -21.149840280413628 3.7 12.455150343477726
    endloop
  endfacet
  facet normal -0.720853598326221 0 -0.6930873608573016
    outer loop
      vertex -15.622900374233723 3.7 4.847970180213451
      vertex -14.534271247684956 3.7 3.7157287523150444
      vertex -15.622900374233723 -21.300000000000004 4.847970180213451
    endloop
  endfacet
  facet normal -0.6930873608573016 0 -0.720853598326221
    outer loop
      vertex -14.534271247684956 3.7 3.7157287523150444
      vertex -13.402029819786549 3.7 2.6270996257662773
      vertex -14.534271247684956 -21.300000000000004 3.7157287523150444
    endloop
  endfacet
  facet normal -0.6642524383342414 -1.4136706932282776e-18 -0.7475083264867453
    outer loop
      vertex -12.227921932935715 3.7 1.583761379122734
      vertex -13.402029819786549 -21.300000000000004 2.6270996257662773
      vertex -13.402029819786549 3.7 2.6270996257662773
    endloop
  endfacet
  facet normal -0.6343932861657213 0 -0.7730104517196759
    outer loop
      vertex -12.227921932935715 3.7 1.583761379122734
      vertex -11.013757973909378 3.7 0.5873227640986443
      vertex -12.227921932935715 -21.300000000000004 1.583761379122734
    endloop
  endfacet
  facet normal -0.6035559418811017 0 -0.7973206538275651
    outer loop
      vertex -11.013757973909378 3.7 0.5873227640986443
      vertex -10.23788197338581 3.7 0
      vertex -11.013757973909378 -21.300000000000004 0.5873227640986443
    endloop
  endfacet
  facet normal -0.9982656100016107 -9.585284252673713e-16 -0.05887080675608419
    outer loop
      vertex -26.126693345606327 3.7 28.86163616925478
      vertex -26.18429385015355 -3.0519497022032738 29.83836140841246
      vertex -26.19452936015554 -2.7000000029802322 30.01192379355431
    endloop
  endfacet
  facet normal -0.9982656100016108 -5.095551306891183e-16 -0.058870806756081084
    outer loop
      vertex -26.126693345606327 3.7 28.86163616925478
      vertex -26.176855050695288 -3.4235428646206856 29.712222527563576
      vertex -26.18429385015355 -3.0519497022032738 29.83836140841246
    endloop
  endfacet
  facet normal -0.9982656100016112 -4.00080677793069e-18 -0.05887080675607691
    outer loop
      vertex -26.126693345606327 3.7 28.86163616925478
      vertex -26.172340241587644 -3.8084214255213737 29.63566542029381
      vertex -26.176855050695288 -3.4235428646206856 29.712222527563576
    endloop
  endfacet
  facet normal -0.9982656100016132 3.7198080343551815e-15 -0.05887080675604088
    outer loop
      vertex -26.126693345606327 3.7 28.86163616925478
      vertex -26.17082667264583 -4.200000002980232 29.610000002980236
      vertex -26.172340241587644 -3.8084214255213737 29.63566542029381
    endloop
  endfacet
  facet normal -0.9982656100016111 0 -0.05887080675607767
    outer loop
      vertex -26.126693345606327 3.7 28.86163616925478
      vertex -26.219161450862885 -2.1460386938139795 30.42960736900568
      vertex -26.219161450862885 3.7 30.42960736900568
    endloop
  endfacet
  facet normal -0.9998072404976415 0 -0.019633691667419618
    outer loop
      vertex -26.219161450862885 3.7 30.42960736900568
      vertex -26.25 -1.2691121440201776 32
      vertex -26.25 3.7 32
    endloop
  endfacet
  facet normal -0.9998072404976415 -1.5992067590623926e-16 0.019633691667419618
    outer loop
      vertex -26.25 3.7 32
      vertex -26.238021138985072 -1.2000000029802322 32.610000002980236
      vertex -26.219161450862885 3.7 33.57039263099432
    endloop
  endfacet
  facet normal -0.9982656100016111 0 0.05887080675607768
    outer loop
      vertex -26.219161450862885 3.7 33.57039263099432
      vertex -26.126693345606327 -1.2000000029802322 35.13836383074522
      vertex -26.126693345606327 3.7 35.13836383074522
    endloop
  endfacet
  facet normal -0.9951847270754589 0 0.09801713623517277
    outer loop
      vertex -26.126693345606327 3.7 35.13836383074522
      vertex -25.972738280892372 -1.2000000029802322 36.70149590075016
      vertex -25.972738280892372 3.7 36.70149590075016
    endloop
  endfacet
  facet normal -0.9905693402519419 0 0.13701234306744958
    outer loop
      vertex -25.972738280892372 3.7 36.70149590075016
      vertex -25.757533624768257 -1.2000000029802322 38.25737860053778
      vertex -25.757533624768257 3.7 38.25737860053778
    endloop
  endfacet
  facet normal -0.9844265682772355 0 0.17579627888526342
    outer loop
      vertex -25.757533624768257 3.7 38.25737860053778
      vertex -25.48141121864319 -1.2000000029802322 39.803612880408764
      vertex -25.48141121864319 3.7 39.803612880408764
    endloop
  endfacet
  facet normal -0.9998072404976415 2.830248034650908e-16 -0.01963369166741962
    outer loop
      vertex -26.219161450862885 3.7 30.42960736900568
      vertex -26.22611524532787 -1.8199399784207344 30.78371571362019
      vertex -26.232522645548364 -1.601923793554306 31.110000002980236
    endloop
  endfacet
  facet normal -0.9998072404976421 0 -0.019633691667390967
    outer loop
      vertex -26.219161450862885 3.7 30.42960736900568
      vertex -26.219161450862885 -2.1460386938139795 30.42960736900568
      vertex -26.22032148158731 -2.078679658472538 30.48867965847254
    endloop
  endfacet
  facet normal -0.9998072404976412 -4.022286054008331e-16 -0.0196336916674303
    outer loop
      vertex -26.219161450862885 3.7 30.42960736900568
      vertex -26.22032148158731 -2.078679658472538 30.48867965847254
      vertex -26.22611524532787 -1.8199399784207344 30.78371571362019
    endloop
  endfacet
  facet normal -0.9998072404976415 1.7966190808739283e-16 -0.01963369166742043
    outer loop
      vertex -26.219161450862885 3.7 30.42960736900568
      vertex -26.232522645548364 -1.601923793554306 31.110000002980236
      vertex -26.23943404966417 -1.4283614084124565 31.461949702203277
    endloop
  endfacet
  facet normal -0.9998072404976416 1.7730067313944976e-15 -0.019633691667412516
    outer loop
      vertex -26.219161450862885 3.7 30.42960736900568
      vertex -26.23943404966417 -1.4283614084124565 31.461949702203277
      vertex -26.246731201836212 -1.302222527563572 31.83354286462069
    endloop
  endfacet
  facet normal -0.9998072404976412 -1.9698321105978796e-15 -0.019633691667425845
    outer loop
      vertex -26.219161450862885 3.7 30.42960736900568
      vertex -26.246731201836212 -1.302222527563572 31.83354286462069
      vertex -26.25 -1.2691121440201776 32
    endloop
  endfacet
  facet normal -0.9998072404976417 0 0.019633691667417328
    outer loop
      vertex -26.25 3.7 32
      vertex -26.25 -1.2691121440201776 32
      vertex -26.245710754284886 -1.225665420293808 32.21842142552138
    endloop
  endfacet
  facet normal -0.9982656100016111 -4.89877261409904e-16 -0.05887080675607947
    outer loop
      vertex -26.126693345606327 3.7 28.86163616925478
      vertex -26.207386448049157 -2.373715713620186 30.229939978420738
      vertex -26.219161450862885 -2.1460386938139795 30.42960736900568
    endloop
  endfacet
  facet normal -0.9982656100016115 1.3694728042803072e-15 -0.05887080675607126
    outer loop
      vertex -26.126693345606327 3.7 28.86163616925478
      vertex -26.19452936015554 -2.7000000029802322 30.01192379355431
      vertex -26.207386448049157 -2.373715713620186 30.229939978420738
    endloop
  endfacet
  facet normal -0.9998072404976414 2.4655459447628446e-16 0.01963369166742288
    outer loop
      vertex -26.25 3.7 32
      vertex -26.245710754284886 -1.225665420293808 32.21842142552138
      vertex -26.238021138985072 -1.2000000029802322 32.610000002980236
    endloop
  endfacet
  facet normal -0.9998072404976415 0 0.019633691667418803
    outer loop
      vertex -26.219161450862885 3.7 33.57039263099432
      vertex -26.238021138985072 -1.2000000029802322 32.610000002980236
      vertex -26.219161450862885 -1.2000000029802322 33.57039263099432
    endloop
  endfacet
  facet normal -0.9982656100016111 0 0.05887080675607768
    outer loop
      vertex -26.219161450862885 3.7 33.57039263099432
      vertex -26.219161450862885 -1.2000000029802322 33.57039263099432
      vertex -26.126693345606327 -1.2000000029802322 35.13836383074522
    endloop
  endfacet
  facet normal -0.9951847270754589 0 0.09801713623517277
    outer loop
      vertex -26.126693345606327 3.7 35.13836383074522
      vertex -26.126693345606327 -1.2000000029802322 35.13836383074522
      vertex -25.972738280892372 -1.2000000029802322 36.70149590075016
    endloop
  endfacet
  facet normal -0.9905693402519419 0 0.13701234306744958
    outer loop
      vertex -25.972738280892372 3.7 36.70149590075016
      vertex -25.972738280892372 -1.2000000029802322 36.70149590075016
      vertex -25.757533624768257 -1.2000000029802322 38.25737860053778
    endloop
  endfacet
  facet normal -0.9844265682772355 0 0.17579627888526342
    outer loop
      vertex -25.757533624768257 3.7 38.25737860053778
      vertex -25.757533624768257 -1.2000000029802322 38.25737860053778
      vertex -25.48141121864319 -1.2000000029802322 39.803612880408764
    endloop
  endfacet
  facet normal -0.9675990925590835 0 -0.2524915762532251
    outer loop
      vertex -24.748209461569786 3.7 21.142382003366947
      vertex -25.144796818494797 -21.300000000000004 22.662185445427895
      vertex -25.144796818494797 3.7 22.662185445427895
    endloop
  endfacet
  facet normal -0.9569403354792997 -1.4136706935082383e-18 -0.29028467808819225
    outer loop
      vertex -24.29226065427065 3.7 19.639320224523544
      vertex -24.748209461569786 -21.300000000000004 21.142382003366947
      vertex -24.748209461569786 3.7 21.142382003366947
    endloop
  endfacet
  facet normal -0.976765881347436 0 -0.21430915294398042
    outer loop
      vertex -25.144796818494797 3.7 22.662185445427895
      vertex -25.48141121864319 -21.300000000000004 24.196387119591236
      vertex -25.48141121864319 3.7 24.196387119591236
    endloop
  endfacet
  facet normal -0.9844265682772355 0 -0.17579627888526342
    outer loop
      vertex -25.48141121864319 3.7 24.196387119591236
      vertex -25.757533624768257 -21.300000000000004 25.742621399462223
      vertex -25.757533624768257 3.7 25.742621399462223
    endloop
  endfacet
  facet normal -0.990569340251942 0 -0.13701234306744958
    outer loop
      vertex -25.757533624768257 3.7 25.742621399462223
      vertex -25.972738280892372 -21.300000000000004 27.29850409924984
      vertex -25.972738280892372 3.7 27.29850409924984
    endloop
  endfacet
  facet normal -0.9951847270754589 0 -0.09801713623517277
    outer loop
      vertex -25.972738280892372 3.7 27.29850409924984
      vertex -26.126693345606327 -21.300000000000004 28.86163616925478
      vertex -26.126693345606327 3.7 28.86163616925478
    endloop
  endfacet
  facet normal -0.9982656100016107 0 -0.05887080675607999
    outer loop
      vertex -26.126693345606327 3.7 28.86163616925478
      vertex -26.126693345606327 -21.300000000000004 28.86163616925478
      vertex -26.17082667264583 -4.200000002980232 29.610000002980236
    endloop
  endfacet
  facet normal 0 1 0
    outer loop
      vertex -19.508784495294094 3.7 9.777190677821636
      vertex 48.64984028041363 3.7 12.455150343477726
      vertex -18.610679775476456 3.7 8.488589905202389
    endloop
  endfacet
  facet normal 0 1 0
    outer loop
      vertex -19.508784495294094 3.7 9.777190677821636
      vertex -20.355606570839882 3.7 11.100057408213615
      vertex 49.390260964632034 3.7 13.840380012989044
    endloop
  endfacet
  facet normal 0 1 0
    outer loop
      vertex -20.355606570839882 3.7 11.100057408213615
      vertex -21.149840280413628 3.7 12.455150343477726
      vertex 50.075726956129074 3.7 15.253610499203205
    endloop
  endfacet
  facet normal 0 1 0
    outer loop
      vertex -21.890260964632034 3.7 13.840380012989044
      vertex 50.705181300640106 3.7 16.692662708461285
      vertex -21.149840280413628 3.7 12.455150343477726
    endloop
  endfacet
  facet normal 0 1 0
    outer loop
      vertex -21.890260964632034 3.7 13.840380012989044
      vertex -22.575726956129074 3.7 15.253610499203205
      vertex 51.27765343338251 3.7 18.155317716300488
    endloop
  endfacet
  facet normal 0 1 0
    outer loop
      vertex -22.575726956129074 3.7 15.253610499203205
      vertex -23.205181300640106 3.7 16.692662708461285
      vertex 51.79226065427065 3.7 19.639320224523544
    endloop
  endfacet
  facet normal 0 1 0
    outer loop
      vertex -23.77765343338251 3.7 18.155317716300488
      vertex 52.248209461569786 3.7 21.142382003366947
      vertex -23.205181300640106 3.7 16.692662708461285
    endloop
  endfacet
  facet normal 0 1 0
    outer loop
      vertex -12.227921932935715 3.7 1.583761379122734
      vertex -13.402029819786549 3.7 2.6270996257662773
      vertex 43.12290037423372 3.7 4.847970180213451
    endloop
  endfacet
  facet normal 0 1 0
    outer loop
      vertex -14.534271247684956 3.7 3.7157287523150444
      vertex 44.166238620877266 3.7 6.022078067064285
      vertex -13.402029819786549 3.7 2.6270996257662773
    endloop
  endfacet
  facet normal 0 1 0
    outer loop
      vertex -11.013757973909378 3.7 0.5873227640986443
      vertex 40.90202981978655 3.7 2.6270996257662773
      vertex -10.23788197338581 3.7 0
    endloop
  endfacet
  facet normal 0 1 0
    outer loop
      vertex -12.227921932935715 3.7 1.583761379122734
      vertex 42.034271247684956 3.7 3.7157287523150444
      vertex -11.013757973909378 3.7 0.5873227640986443
    endloop
  endfacet
  facet normal 0 0 -1
    outer loop
      vertex -10.23788197338581 3.7 0
      vertex 37.73788197338581 3.7 0
      vertex -2.9499999999999997 1.9000000000000001 0
    endloop
  endfacet
  facet normal 0 1 0
    outer loop
      vertex -16.666238620877266 3.7 6.022078067064285
      vertex 46.110679775476456 3.7 8.488589905202389
      vertex -15.622900374233723 3.7 4.847970180213451
    endloop
  endfacet
  facet normal 0 1 0
    outer loop
      vertex -15.622900374233723 3.7 4.847970180213451
      vertex 45.162677235901356 3.7 7.236242026090622
      vertex -14.534271247684956 3.7 3.7157287523150444
    endloop
  endfacet
  facet normal 0 1 0
    outer loop
      vertex -17.662677235901356 3.7 7.236242026090622
      vertex 47.008784495294094 3.7 9.777190677821636
      vertex -16.666238620877266 3.7 6.022078067064285
    endloop
  endfacet
  facet normal 0 1 0
    outer loop
      vertex -17.662677235901356 3.7 7.236242026090622
      vertex -18.610679775476456 3.7 8.488589905202389
      vertex 47.85560657083988 3.7 11.100057408213615
    endloop
  endfacet
  facet normal 0 0 -1
    outer loop
      vertex -10.23788197338581 3.7 0
      vertex -2.9499999999999997 1.9000000000000001 0
      vertex -2.9499999999999997 -19.500000000000004 0
    endloop
  endfacet
  facet normal 0 1 0
    outer loop
      vertex -24.748209461569786 3.7 21.142382003366947
      vertex -25.144796818494797 3.7 22.662185445427895
      vertex 53.25753362476826 3.7 25.742621399462223
    endloop
  endfacet
  facet normal 0 1 0
    outer loop
      vertex -23.77765343338251 3.7 18.155317716300488
      vertex -24.29226065427065 3.7 19.639320224523544
      vertex 52.6447968184948 3.7 22.662185445427895
    endloop
  endfacet
  facet normal 0 1 0
    outer loop
      vertex -24.29226065427065 3.7 19.639320224523544
      vertex -24.748209461569786 3.7 21.142382003366947
      vertex 52.98141121864319 3.7 24.196387119591236
    endloop
  endfacet
  facet normal 0 1 0
    outer loop
      vertex -25.144796818494797 3.7 22.662185445427895
      vertex -25.48141121864319 3.7 24.196387119591236
      vertex 53.47273828089237 3.7 27.29850409924984
    endloop
  endfacet
  facet normal 0 1 0
    outer loop
      vertex -25.48141121864319 3.7 24.196387119591236
      vertex -25.757533624768257 3.7 25.742621399462223
      vertex 53.62669334560633 3.7 28.86163616925478
    endloop
  endfacet
  facet normal 0 1 0
    outer loop
      vertex -25.757533624768257 3.7 25.742621399462223
      vertex -25.972738280892372 3.7 27.29850409924984
      vertex 53.719161450862885 3.7 30.42960736900568
    endloop
  endfacet
  facet normal 0 1 0
    outer loop
      vertex -25.972738280892372 3.7 27.29850409924984
      vertex -26.126693345606327 3.7 28.86163616925478
      vertex 53.75 3.7 32
    endloop
  endfacet
  facet normal 0 1 0
    outer loop
      vertex -26.126693345606327 3.7 28.86163616925478
      vertex -26.219161450862885 3.7 30.42960736900568
      vertex 53.719161450862885 3.7 33.57039263099432
    endloop
  endfacet
  facet normal 0 1 0
    outer loop
      vertex -26.219161450862885 3.7 30.42960736900568
      vertex -26.25 3.7 32
      vertex 53.62669334560633 3.7 35.13836383074522
    endloop
  endfacet
  facet normal 0 1 0
    outer loop
      vertex -26.25 3.7 32
      vertex -26.219161450862885 3.7 33.57039263099432
      vertex 53.47273828089237 3.7 36.70149590075016
    endloop
  endfacet
  facet normal 0 1 0
    outer loop
      vertex -26.219161450862885 3.7 33.57039263099432
      vertex -26.126693345606327 3.7 35.13836383074522
      vertex 53.25753362476826 3.7 38.25737860053778
    endloop
  endfacet
  facet normal 0 1 0
    outer loop
      vertex -26.126693345606327 3.7 35.13836383074522
      vertex -25.972738280892372 3.7 36.70149590075016
      vertex 52.98141121864319 3.7 39.803612880408764
    endloop
  endfacet
  facet normal 0 1 0
    outer loop
      vertex -25.972738280892372 3.7 36.70149590075016
      vertex -25.757533624768257 3.7 38.25737860053778
      vertex 52.6447968184948 3.7 41.337814554572105
    endloop
  endfacet
  facet normal -0.8204014430698211 0 -0.5717879608814401
    outer loop
      vertex -18.610679775476456 3.7 8.488589905202389
      vertex -18.610679775476456 -21.300000000000004 8.488589905202389
      vertex -19.508784495294094 -21.300000000000004 9.777190677821636
    endloop
  endfacet
  facet normal -0.7730104517196759 0 -0.6343932861657213
    outer loop
      vertex -16.666238620877266 3.7 6.022078067064285
      vertex -16.666238620877266 -21.300000000000004 6.022078067064285
      vertex -17.662677235901356 -21.300000000000004 7.236242026090622
    endloop
  endfacet
  facet normal -0.7973206534647818 0 -0.6035559423603526
    outer loop
      vertex -17.662677235901356 3.7 7.236242026090622
      vertex -17.662677235901356 -21.300000000000004 7.236242026090622
      vertex -18.610679775476456 -21.300000000000004 8.488589905202389
    endloop
  endfacet
  facet normal -0.8819212643443392 0 -0.47139673683351074
    outer loop
      vertex -21.149840280413628 3.7 12.455150343477726
      vertex -21.149840280413628 -21.300000000000004 12.455150343477726
      vertex -21.890260964632034 -21.300000000000004 13.840380012989044
    endloop
  endfacet
  facet normal -0.8997482823183388 0 -0.4364092442481012
    outer loop
      vertex -21.890260964632034 3.7 13.840380012989044
      vertex -21.890260964632034 -21.300000000000004 13.840380012989044
      vertex -22.575726956129074 -21.300000000000004 15.253610499203205
    endloop
  endfacet
  facet normal -0.9448060452963782 0 -0.3276301829371309
    outer loop
      vertex -23.77765343338251 3.7 18.155317716300488
      vertex -23.77765343338251 -21.300000000000004 18.155317716300488
      vertex -24.29226065427065 -21.300000000000004 19.639320224523544
    endloop
  endfacet
  facet normal -0.916187958045493 0 -0.4007488309807401
    outer loop
      vertex -22.575726956129074 3.7 15.253610499203205
      vertex -22.575726956129074 -21.300000000000004 15.253610499203205
      vertex -23.205181300640106 -21.300000000000004 16.692662708461285
    endloop
  endfacet
  facet normal -0.9312149352495637 0 -0.3644704986252671
    outer loop
      vertex -23.205181300640106 3.7 16.692662708461285
      vertex -23.205181300640106 -21.300000000000004 16.692662708461285
      vertex -23.77765343338251 -21.300000000000004 18.155317716300488
    endloop
  endfacet
  facet normal -0.8627343868073287 0 -0.5056573719626588
    outer loop
      vertex -20.355606570839882 3.7 11.100057408213615
      vertex -20.355606570839882 -21.300000000000004 11.100057408213615
      vertex -21.149840280413628 -21.300000000000004 12.455150343477726
    endloop
  endfacet
  facet normal -0.8422172352753996 0 -0.5391383204754253
    outer loop
      vertex -19.508784495294094 3.7 9.777190677821636
      vertex -19.508784495294094 -21.300000000000004 9.777190677821636
      vertex -20.355606570839882 -21.300000000000004 11.100057408213615
    endloop
  endfacet
  facet normal -0.6930873608573016 0 -0.720853598326221
    outer loop
      vertex -13.402029819786549 3.7 2.6270996257662773
      vertex -13.402029819786549 -21.300000000000004 2.6270996257662773
      vertex -14.534271247684956 -21.300000000000004 3.7157287523150444
    endloop
  endfacet
  facet normal -0.720853598326221 0 -0.6930873608573016
    outer loop
      vertex -14.534271247684956 3.7 3.7157287523150444
      vertex -14.534271247684956 -21.300000000000004 3.7157287523150444
      vertex -15.622900374233723 -21.300000000000004 4.847970180213451
    endloop
  endfacet
  facet normal -0.6642524383342414 0 -0.7475083264867453
    outer loop
      vertex -12.227921932935715 3.7 1.583761379122734
      vertex -12.227921932935715 -21.300000000000004 1.583761379122734
      vertex -13.402029819786549 -21.300000000000004 2.6270996257662773
    endloop
  endfacet
  facet normal -0.6343932861657213 0 -0.7730104517196759
    outer loop
      vertex -11.013757973909378 3.7 0.5873227640986443
      vertex -11.013757973909378 -21.300000000000004 0.5873227640986443
      vertex -12.227921932935715 -21.300000000000004 1.583761379122734
    endloop
  endfacet
  facet normal -0.7475083264867453 0 -0.6642524383342414
    outer loop
      vertex -15.622900374233723 3.7 4.847970180213451
      vertex -15.622900374233723 -21.300000000000004 4.847970180213451
      vertex -16.666238620877266 -21.300000000000004 6.022078067064285
    endloop
  endfacet
  facet normal -0.6035559418811017 0 -0.7973206538275651
    outer loop
      vertex -10.23788197338581 3.7 0
      vertex -10.23788197338581 -21.300000000000004 0
      vertex -11.013757973909378 -21.300000000000004 0.5873227640986443
    endloop
  endfacet
  facet normal 0 0 -1
    outer loop
      vertex -10.23788197338581 3.7 0
      vertex -2.9499999999999997 -19.500000000000004 0
      vertex -10.23788197338581 -21.300000000000004 0
    endloop
  endfacet
  facet normal 0 -1 0
    outer loop
      vertex -17.662677235901356 -21.300000000000004 7.236242026090622
      vertex -13.450108647346497 -21.300000000000004 9.973786316812038
      vertex -18.610679775476456 -21.300000000000004 8.488589905202389
    endloop
  endfacet
  facet normal 0 -1 0
    outer loop
      vertex -22.575726956129074 -21.300000000000004 15.253610499203205
      vertex -18.22409101575613 -21.300000000000004 17.764217495918274
      vertex -23.205181300640106 -21.300000000000004 16.692662708461285
    endloop
  endfacet
  facet normal 0 -1 0
    outer loop
      vertex -23.77765343338251 -21.300000000000004 18.155317716300488
      vertex -19.53697807341814 -21.300000000000004 21.18440520018339
      vertex -24.29226065427065 -21.300000000000004 19.639320224523544
    endloop
  endfacet
  facet normal 0 -1 0
    outer loop
      vertex -23.77765343338251 -21.300000000000004 18.155317716300488
      vertex -23.205181300640106 -21.300000000000004 16.692662708461285
      vertex -18.92531492561102 -21.300000000000004 19.457121767103672
    endloop
  endfacet
  facet normal 0 -1 0
    outer loop
      vertex -20.355606570839882 -21.300000000000004 11.100057408213615
      vertex -15.603469878435135 -21.300000000000004 12.937633775174618
      vertex -21.149840280413628 -21.300000000000004 12.455150343477726
    endloop
  endfacet
  facet normal 0 -1 0
    outer loop
      vertex -21.890260964632034 -21.300000000000004 13.840380012989044
      vertex -21.149840280413628 -21.300000000000004 12.455150343477726
      vertex -16.56088913232088 -21.300000000000004 14.5
    endloop
  endfacet
  facet normal 0 -1 0
    outer loop
      vertex -19.508784495294094 -21.300000000000004 9.777190677821636
      vertex -14.565594799816608 -21.300000000000004 11.427516169846058
      vertex -20.355606570839882 -21.300000000000004 11.100057408213615
    endloop
  endfacet
  facet normal 0 -1 0
    outer loop
      vertex -19.508784495294094 -21.300000000000004 9.777190677821636
      vertex -18.610679775476456 -21.300000000000004 8.488589905202389
      vertex -14.565594799816608 -21.300000000000004 11.427516169846058
    endloop
  endfacet
  facet normal 0 -1 0
    outer loop
      vertex -20.355606570839882 -21.300000000000004 11.100057408213615
      vertex -14.565594799816608 -21.300000000000004 11.427516169846058
      vertex -15.603469878435135 -21.300000000000004 12.937633775174618
    endloop
  endfacet
  facet normal 0 -1 0
    outer loop
      vertex -21.149840280413628 -21.300000000000004 12.455150343477726
      vertex -15.603469878435135 -21.300000000000004 12.937633775174618
      vertex -16.56088913232088 -21.300000000000004 14.5
    endloop
  endfacet
  facet normal 0 -1 0
    outer loop
      vertex -21.890260964632034 -21.300000000000004 13.840380012989044
      vertex -17.43522834777832 -21.300000000000004 16.110332511365414
      vertex -22.575726956129074 -21.300000000000004 15.253610499203205
    endloop
  endfacet
  facet normal 0 -1 0
    outer loop
      vertex -22.575726956129074 -21.300000000000004 15.253610499203205
      vertex -17.43522834777832 -21.300000000000004 16.110332511365414
      vertex -18.22409101575613 -21.300000000000004 17.764217495918274
    endloop
  endfacet
  facet normal 0 -1 0
    outer loop
      vertex -23.205181300640106 -21.300000000000004 16.692662708461285
      vertex -18.22409101575613 -21.300000000000004 17.764217495918274
      vertex -18.92531492561102 -21.300000000000004 19.457121767103672
    endloop
  endfacet
  facet normal 0 -1 0
    outer loop
      vertex -23.77765343338251 -21.300000000000004 18.155317716300488
      vertex -18.92531492561102 -21.300000000000004 19.457121767103672
      vertex -19.53697807341814 -21.300000000000004 21.18440520018339
    endloop
  endfacet
  facet normal 0 -1 0
    outer loop
      vertex -21.890260964632034 -21.300000000000004 13.840380012989044
      vertex -16.56088913232088 -21.300000000000004 14.5
      vertex -17.43522834777832 -21.300000000000004 16.110332511365414
    endloop
  endfacet
  facet normal 0 -1 0
    outer loop
      vertex -15.622900374233723 -21.300000000000004 4.847970180213451
      vertex -14.534271247684956 -21.300000000000004 3.7157287523150444
      vertex -9.669571220874786 -21.300000000000004 5.989931106567383
    endloop
  endfacet
  facet normal 0 -1 0
    outer loop
      vertex -14.534271247684956 -21.300000000000004 3.7157287523150444
      vertex -13.402029819786549 -21.300000000000004 2.6270996257662773
      vertex -8.276213683187962 -21.300000000000004 4.799891352653503
    endloop
  endfacet
  facet normal 0 -1 0
    outer loop
      vertex -17.662677235901356 -21.300000000000004 7.236242026090622
      vertex -16.666238620877266 -21.300000000000004 6.022078067064285
      vertex -12.260068893432617 -21.300000000000004 8.580428779125214
    endloop
  endfacet
  facet normal 0 -1 0
    outer loop
      vertex -16.666238620877266 -21.300000000000004 6.022078067064285
      vertex -15.622900374233723 -21.300000000000004 4.847970180213451
      vertex -10.998737342655659 -21.300000000000004 7.251262657344341
    endloop
  endfacet
  facet normal 0 -1 0
    outer loop
      vertex -17.662677235901356 -21.300000000000004 7.236242026090622
      vertex -12.260068893432617 -21.300000000000004 8.580428779125214
      vertex -13.450108647346497 -21.300000000000004 9.973786316812038
    endloop
  endfacet
  facet normal 0 -1 0
    outer loop
      vertex -16.666238620877266 -21.300000000000004 6.022078067064285
      vertex -10.998737342655659 -21.300000000000004 7.251262657344341
      vertex -12.260068893432617 -21.300000000000004 8.580428779125214
    endloop
  endfacet
  facet normal 0 -1 0
    outer loop
      vertex -15.622900374233723 -21.300000000000004 4.847970180213451
      vertex -9.669571220874786 -21.300000000000004 5.989931106567383
      vertex -10.998737342655659 -21.300000000000004 7.251262657344341
    endloop
  endfacet
  facet normal 0 -1 0
    outer loop
      vertex -12.227921932935715 -21.300000000000004 1.583761379122734
      vertex -11.013757973909378 -21.300000000000004 0.5873227640986443
      vertex -5.312366224825382 -21.300000000000004 2.646530121564865
    endloop
  endfacet
  facet normal 0 -1 0
    outer loop
      vertex -12.227921932935715 -21.300000000000004 1.583761379122734
      vertex -6.822483830153942 -21.300000000000004 3.6844052001833916
      vertex -13.402029819786549 -21.300000000000004 2.6270996257662773
    endloop
  endfacet
  facet normal 0 -1 0
    outer loop
      vertex -14.534271247684956 -21.300000000000004 3.7157287523150444
      vertex -8.276213683187962 -21.300000000000004 4.799891352653503
      vertex -9.669571220874786 -21.300000000000004 5.989931106567383
    endloop
  endfacet
  facet normal 0 -1 0
    outer loop
      vertex -13.402029819786549 -21.300000000000004 2.6270996257662773
      vertex -6.822483830153942 -21.300000000000004 3.6844052001833916
      vertex -8.276213683187962 -21.300000000000004 4.799891352653503
    endloop
  endfacet
  facet normal 0 -1 0
    outer loop
      vertex -11.013757973909378 -21.300000000000004 0.5873227640986443
      vertex -10.23788197338581 -21.300000000000004 0
      vertex -3.75 -21.300000000000004 1.689110867679119
    endloop
  endfacet
  facet normal 0 -1 0
    outer loop
      vertex -11.013757973909378 -21.300000000000004 0.5873227640986443
      vertex -3.75 -21.300000000000004 1.689110867679119
      vertex -5.312366224825382 -21.300000000000004 2.646530121564865
    endloop
  endfacet
  facet normal 0 -1 0
    outer loop
      vertex -12.227921932935715 -21.300000000000004 1.583761379122734
      vertex -5.312366224825382 -21.300000000000004 2.646530121564865
      vertex -6.822483830153942 -21.300000000000004 3.6844052001833916
    endloop
  endfacet
  facet normal 0 -1 0
    outer loop
      vertex -18.610679775476456 -21.300000000000004 8.488589905202389
      vertex -13.450108647346497 -21.300000000000004 9.973786316812038
      vertex -14.565594799816608 -21.300000000000004 11.427516169846058
    endloop
  endfacet
  facet normal 0 -1 0
    outer loop
      vertex -14.11313645541668 -21.300000000000004 19.594532385468483
      vertex -13.42569898813963 -21.300000000000004 18.153289757668972
      vertex -10.002181895077229 -21.300000000000004 21.424847282469273
    endloop
  endfacet
  facet normal 0 -1 0
    outer loop
      vertex -12.663774818181992 -21.300000000000004 16.75
      vertex -8.766660496592522 -21.300000000000004 19
      vertex -13.42569898813963 -21.300000000000004 18.153289757668972
    endloop
  endfacet
  facet normal 0 -1 0
    outer loop
      vertex -10.925018325448036 -21.300000000000004 14.072549805045128
      vertex -9.952951826155186 -21.300000000000004 12.805728070437908
      vertex -5.571765460073948 -21.300000000000004 14.602604232728481
    endloop
  endfacet
  facet normal 0 -1 0
    outer loop
      vertex -8.915917180478573 -21.300000000000004 11.591516509652138
      vertex -7.816756829619408 -21.300000000000004 10.433243170380592
      vertex -3.6473957672715187 -21.300000000000004 12.678234539926052
    endloop
  endfacet
  facet normal 0 -1 0
    outer loop
      vertex -8.915917180478573 -21.300000000000004 11.591516509652138
      vertex -4.634776309132576 -21.300000000000004 13.615223690867424
      vertex -9.952951826155186 -21.300000000000004 12.805728070437908
    endloop
  endfacet
  facet normal 0 -1 0
    outer loop
      vertex -10.925018325448036 -21.300000000000004 14.072549805045128
      vertex -5.571765460073948 -21.300000000000004 14.602604232728481
      vertex -6.455794997513294 -21.300000000000004 15.637669831514359
    endloop
  endfacet
  facet normal 0 -1 0
    outer loop
      vertex -9.952951826155186 -21.300000000000004 12.805728070437908
      vertex -4.634776309132576 -21.300000000000004 13.615223690867424
      vertex -5.571765460073948 -21.300000000000004 14.602604232728481
    endloop
  endfacet
  facet normal 0 -1 0
    outer loop
      vertex -11.829452320933342 -21.300000000000004 15.388509429991245
      vertex -10.925018325448036 -21.300000000000004 14.072549805045128
      vertex -7.284441851079464 -21.300000000000004 16.717583440244198
    endloop
  endfacet
  facet normal 0 -1 0
    outer loop
      vertex -12.663774818181992 -21.300000000000004 16.75
      vertex -11.829452320933342 -21.300000000000004 15.388509429991245
      vertex -8.055434763431549 -21.300000000000004 17.839385092258453
    endloop
  endfacet
  facet normal 0 -1 0
    outer loop
      vertex -11.829452320933342 -21.300000000000004 15.388509429991245
      vertex -7.284441851079464 -21.300000000000004 16.717583440244198
      vertex -8.055434763431549 -21.300000000000004 17.839385092258453
    endloop
  endfacet
  facet normal 0 -1 0
    outer loop
      vertex -13.42569898813963 -21.300000000000004 18.153289757668972
      vertex -8.766660496592522 -21.300000000000004 19
      vertex -9.416169628500938 -21.300000000000004 20.19624700397253
    endloop
  endfacet
  facet normal 0 -1 0
    outer loop
      vertex -12.663774818181992 -21.300000000000004 16.75
      vertex -8.055434763431549 -21.300000000000004 17.839385092258453
      vertex -8.766660496592522 -21.300000000000004 19
    endloop
  endfacet
  facet normal 0 -1 0
    outer loop
      vertex -10.925018325448036 -21.300000000000004 14.072549805045128
      vertex -6.455794997513294 -21.300000000000004 15.637669831514359
      vertex -7.284441851079464 -21.300000000000004 16.717583440244198
    endloop
  endfacet
  facet normal -0.9982656100016107 0 -0.05887080675607999
    outer loop
      vertex -26.17082667264583 -4.200000002980232 29.610000002980236
      vertex -26.126693345606327 -21.300000000000004 28.86163616925478
      vertex -26.17082667264583 -8.799999997019768 29.610000002980236
    endloop
  endfacet
  facet normal -0.9569403354792997 0 -0.29028467808819225
    outer loop
      vertex -24.29226065427065 3.7 19.639320224523544
      vertex -24.29226065427065 -21.300000000000004 19.639320224523544
      vertex -24.748209461569786 -21.300000000000004 21.142382003366947
    endloop
  endfacet
  facet normal -0.9675990925590835 0 -0.2524915762532251
    outer loop
      vertex -24.748209461569786 3.7 21.142382003366947
      vertex -24.748209461569786 -21.300000000000004 21.142382003366947
      vertex -25.144796818494797 -21.300000000000004 22.662185445427895
    endloop
  endfacet
  facet normal -0.976765881347436 0 -0.21430915294398042
    outer loop
      vertex -25.144796818494797 3.7 22.662185445427895
      vertex -25.144796818494797 -21.300000000000004 22.662185445427895
      vertex -25.48141121864319 -21.300000000000004 24.196387119591236
    endloop
  endfacet
  facet normal -0.9844265682772355 0 -0.17579627888526342
    outer loop
      vertex -25.48141121864319 3.7 24.196387119591236
      vertex -25.48141121864319 -21.300000000000004 24.196387119591236
      vertex -25.757533624768257 -21.300000000000004 25.742621399462223
    endloop
  endfacet
  facet normal -0.990569340251942 0 -0.13701234306744958
    outer loop
      vertex -25.757533624768257 3.7 25.742621399462223
      vertex -25.757533624768257 -21.300000000000004 25.742621399462223
      vertex -25.972738280892372 -21.300000000000004 27.29850409924984
    endloop
  endfacet
  facet normal -0.9951847270754589 0 -0.09801713623517277
    outer loop
      vertex -25.972738280892372 3.7 27.29850409924984
      vertex -25.972738280892372 -21.300000000000004 27.29850409924984
      vertex -26.126693345606327 -21.300000000000004 28.86163616925478
    endloop
  endfacet
  facet normal -0.9982656100016138 -3.0023470899949486e-15 -0.05887080675603002
    outer loop
      vertex -26.17082667264583 -8.799999997019768 29.610000002980236
      vertex -26.126693345606327 -21.300000000000004 28.86163616925478
      vertex -26.172340241587644 -9.191578574478626 29.63566542029381
    endloop
  endfacet
  facet normal -0.9982656100016112 1.537428652834972e-16 -0.058870806756076165
    outer loop
      vertex -26.172340241587644 -9.191578574478626 29.63566542029381
      vertex -26.219161450862885 -21.300000000000004 30.42960736900568
      vertex -26.176855050695288 -9.576457135379314 29.712222527563576
    endloop
  endfacet
  facet normal -0.9982656100016107 -2.923566878811505e-16 -0.05887080675608344
    outer loop
      vertex -26.176855050695288 -9.576457135379314 29.712222527563576
      vertex -26.219161450862885 -21.300000000000004 30.42960736900568
      vertex -26.18429385015355 -9.948050297796726 29.83836140841246
    endloop
  endfacet
  facet normal -0.9982656100016104 -4.852302515260304e-16 -0.05887080675608712
    outer loop
      vertex -26.18429385015355 -9.948050297796726 29.83836140841246
      vertex -26.219161450862885 -21.300000000000004 30.42960736900568
      vertex -26.19452936015554 -10.299999997019768 30.01192379355431
    endloop
  endfacet
  facet normal -0.9982656100016115 2.0901723372400597e-16 -0.058870806756068886
    outer loop
      vertex -26.19452936015554 -10.299999997019768 30.01192379355431
      vertex -26.219161450862885 -21.300000000000004 30.42960736900568
      vertex -26.207386448049157 -10.626284286379814 30.229939978420738
    endloop
  endfacet
  facet normal -0.9982656100016108 1.0191403841703225e-19 -0.058870806756080044
    outer loop
      vertex -26.207386448049157 -10.626284286379814 30.229939978420738
      vertex -26.219161450862885 -21.300000000000004 30.42960736900568
      vertex -26.219161450862885 -10.853961306186019 30.42960736900568
    endloop
  endfacet
  facet normal -0.9998072404976421 0 -0.01963369166739097
    outer loop
      vertex -26.219161450862885 -10.853961306186019 30.42960736900568
      vertex -26.219161450862885 -21.300000000000004 30.42960736900568
      vertex -26.22032148158731 -10.921320341527462 30.48867965847254
    endloop
  endfacet
  facet normal -0.9998072404976412 2.2484227362773707e-16 -0.019633691667430456
    outer loop
      vertex -26.22032148158731 -10.921320341527462 30.48867965847254
      vertex -26.219161450862885 -21.300000000000004 30.42960736900568
      vertex -26.22611524532787 -11.180060021579266 30.78371571362019
    endloop
  endfacet
  facet normal -0.9998072404976416 -1.573412217887044e-16 -0.019633691667419538
    outer loop
      vertex -26.22611524532787 -11.180060021579266 30.78371571362019
      vertex -26.219161450862885 -21.300000000000004 30.42960736900568
      vertex -26.232522645548364 -11.398076206445694 31.110000002980236
    endloop
  endfacet
  facet normal -0.9998072404976415 -2.2699870411011197e-16 -0.019633691667420454
    outer loop
      vertex -26.232522645548364 -11.398076206445694 31.110000002980236
      vertex -26.25 -21.300000000000004 32
      vertex -26.23943404966417 -11.571638591587543 31.461949702203277
    endloop
  endfacet
  facet normal -0.9998072404976416 2.4999654143855393e-16 -0.01963369166741183
    outer loop
      vertex -26.23943404966417 -11.571638591587543 31.461949702203277
      vertex -26.25 -21.300000000000004 32
      vertex -26.246731201836212 -11.697777472436428 31.83354286462069
    endloop
  endfacet
  facet normal -0.9998072404976414 3.0627695973825633e-20 -0.019633691667426244
    outer loop
      vertex -26.246731201836212 -11.697777472436428 31.83354286462069
      vertex -26.25 -21.300000000000004 32
      vertex -26.25 -11.730887855979823 32
    endloop
  endfacet
  facet normal -0.9998072404976415 0 0.019633691667417325
    outer loop
      vertex -26.25 -11.730887855979823 32
      vertex -26.25 -21.300000000000004 32
      vertex -26.245710754284886 -11.774334579706192 32.21842142552138
    endloop
  endfacet
  facet normal -0.9998072404976414 -1.2767007908438002e-16 0.01963369166742289
    outer loop
      vertex -26.245710754284886 -11.774334579706192 32.21842142552138
      vertex -26.25 -21.300000000000004 32
      vertex -26.238021138985072 -11.799999997019768 32.610000002980236
    endloop
  endfacet
  facet normal -0.9998072404976415 1.7511783894322626e-19 0.0196336916674188
    outer loop
      vertex -26.238021138985072 -11.799999997019768 32.610000002980236
      vertex -26.219161450862885 -21.300000000000004 33.57039263099432
      vertex -26.219161450862885 -11.799999997019768 33.57039263099432
    endloop
  endfacet
  facet normal -0.9982656100016111 0 0.05887080675607767
    outer loop
      vertex -26.219161450862885 -11.799999997019768 33.57039263099432
      vertex -26.126693345606327 -21.300000000000004 35.13836383074522
      vertex -26.126693345606327 -11.799999997019768 35.13836383074522
    endloop
  endfacet
  facet normal -0.9951847270754589 0 0.09801713623517279
    outer loop
      vertex -26.126693345606327 -11.799999997019768 35.13836383074522
      vertex -25.972738280892372 -21.300000000000004 36.70149590075016
      vertex -25.972738280892372 -11.799999997019768 36.70149590075016
    endloop
  endfacet
  facet normal -0.990569340251942 0 0.13701234306744958
    outer loop
      vertex -25.972738280892372 -11.799999997019768 36.70149590075016
      vertex -25.757533624768257 -21.300000000000004 38.25737860053778
      vertex -25.757533624768257 -11.799999997019768 38.25737860053778
    endloop
  endfacet
  facet normal -0.9844265682772354 0 0.17579627888526342
    outer loop
      vertex -25.757533624768257 -11.799999997019768 38.25737860053778
      vertex -25.48141121864319 -21.300000000000004 39.803612880408764
      vertex -25.48141121864319 -11.799999997019768 39.803612880408764
    endloop
  endfacet
  facet normal 0 -1 0
    outer loop
      vertex -24.29226065427065 -21.300000000000004 19.639320224523544
      vertex -20.057403922080994 -21.300000000000004 22.941333420574665
      vertex -24.748209461569786 -21.300000000000004 21.142382003366947
    endloop
  endfacet
  facet normal 0 -1 0
    outer loop
      vertex -24.29226065427065 -21.300000000000004 19.639320224523544
      vertex -19.53697807341814 -21.300000000000004 21.18440520018339
      vertex -20.057403922080994 -21.300000000000004 22.941333420574665
    endloop
  endfacet
  facet normal 0 -1 0
    outer loop
      vertex -24.748209461569786 -21.300000000000004 21.142382003366947
      vertex -20.057403922080994 -21.300000000000004 22.941333420574665
      vertex -25.144796818494797 -21.300000000000004 22.662185445427895
    endloop
  endfacet
  facet normal 0 -1 0
    outer loop
      vertex -25.144796818494797 -21.300000000000004 22.662185445427895
      vertex -20.485166028141975 -21.300000000000004 24.723090820014477
      vertex -25.48141121864319 -21.300000000000004 24.196387119591236
    endloop
  endfacet
  facet normal 0 -1 0
    outer loop
      vertex -25.144796818494797 -21.300000000000004 22.662185445427895
      vertex -20.057403922080994 -21.300000000000004 22.941333420574665
      vertex -20.485166028141975 -21.300000000000004 24.723090820014477
    endloop
  endfacet
  facet normal 0 -1 0
    outer loop
      vertex -25.48141121864319 -21.300000000000004 24.196387119591236
      vertex -20.81909192353487 -21.300000000000004 26.524793721735477
      vertex -25.757533624768257 -21.300000000000004 25.742621399462223
    endloop
  endfacet
  facet normal 0 -1 0
    outer loop
      vertex -25.757533624768257 -21.300000000000004 25.742621399462223
      vertex -21.058266334235668 -21.300000000000004 28.341503784060478
      vertex -25.972738280892372 -21.300000000000004 27.29850409924984
    endloop
  endfacet
  facet normal 0 -1 0
    outer loop
      vertex -25.972738280892372 -21.300000000000004 27.29850409924984
      vertex -21.058266334235668 -21.300000000000004 28.341503784060478
      vertex -26.126693345606327 -21.300000000000004 28.86163616925478
    endloop
  endfacet
  facet normal 0 -1 0
    outer loop
      vertex -25.757533624768257 -21.300000000000004 25.742621399462223
      vertex -20.81909192353487 -21.300000000000004 26.524793721735477
      vertex -21.058266334235668 -21.300000000000004 28.341503784060478
    endloop
  endfacet
  facet normal 0 -1 0
    outer loop
      vertex -25.48141121864319 -21.300000000000004 24.196387119591236
      vertex -20.485166028141975 -21.300000000000004 24.723090820014477
      vertex -20.81909192353487 -21.300000000000004 26.524793721735477
    endloop
  endfacet
  facet normal 0 -1 0
    outer loop
      vertex -26.126693345606327 -21.300000000000004 28.86163616925478
      vertex -21.058266334235668 -21.300000000000004 28.341503784060478
      vertex -21.20203371345997 -21.300000000000004 30.168241530656815
    endloop
  endfacet
  facet normal -0.998265610001611 5.4543602387375216e-17 -0.05887080675607767
    outer loop
      vertex -26.172340241587644 -9.191578574478626 29.63566542029381
      vertex -26.126693345606327 -21.300000000000004 28.86163616925478
      vertex -26.219161450862885 -21.300000000000004 30.42960736900568
    endloop
  endfacet
  facet normal -0.9998072404976415 -1.51951002828387e-16 -0.019633691667419614
    outer loop
      vertex -26.232522645548364 -11.398076206445694 31.110000002980236
      vertex -26.219161450862885 -21.300000000000004 30.42960736900568
      vertex -26.25 -21.300000000000004 32
    endloop
  endfacet
  facet normal -0.9998072404976415 8.262432621516604e-17 0.019633691667419618
    outer loop
      vertex -26.238021138985072 -11.799999997019768 32.610000002980236
      vertex -26.25 -21.300000000000004 32
      vertex -26.219161450862885 -21.300000000000004 33.57039263099432
    endloop
  endfacet
  facet normal -0.9982656100016111 0 0.05887080675607767
    outer loop
      vertex -26.219161450862885 -11.799999997019768 33.57039263099432
      vertex -26.219161450862885 -21.300000000000004 33.57039263099432
      vertex -26.126693345606327 -21.300000000000004 35.13836383074522
    endloop
  endfacet
  facet normal -0.9951847270754589 0 0.09801713623517279
    outer loop
      vertex -26.126693345606327 -11.799999997019768 35.13836383074522
      vertex -26.126693345606327 -21.300000000000004 35.13836383074522
      vertex -25.972738280892372 -21.300000000000004 36.70149590075016
    endloop
  endfacet
  facet normal -0.990569340251942 0 0.13701234306744958
    outer loop
      vertex -25.972738280892372 -11.799999997019768 36.70149590075016
      vertex -25.972738280892372 -21.300000000000004 36.70149590075016
      vertex -25.757533624768257 -21.300000000000004 38.25737860053778
    endloop
  endfacet
  facet normal -0.9844265682772354 0 0.17579627888526342
    outer loop
      vertex -25.757533624768257 -11.799999997019768 38.25737860053778
      vertex -25.757533624768257 -21.300000000000004 38.25737860053778
      vertex -25.48141121864319 -21.300000000000004 39.803612880408764
    endloop
  endfacet
  facet normal 0 -1 0
    outer loop
      vertex -26.126693345606327 -21.300000000000004 28.86163616925478
      vertex -21.20203371345997 -21.300000000000004 30.168241530656815
      vertex -26.219161450862885 -21.300000000000004 30.42960736900568
    endloop
  endfacet
  facet normal 0 -1 0
    outer loop
      vertex -26.219161450862885 -21.300000000000004 30.42960736900568
      vertex -21.25 -21.300000000000004 32
      vertex -26.25 -21.300000000000004 32
    endloop
  endfacet
  facet normal 0 -1 0
    outer loop
      vertex -26.25 -21.300000000000004 32
      vertex -21.20203371345997 -21.300000000000004 33.831758469343185
      vertex -26.219161450862885 -21.300000000000004 33.57039263099432
    endloop
  endfacet
  facet normal 0 -1 0
    outer loop
      vertex -26.219161450862885 -21.300000000000004 30.42960736900568
      vertex -21.20203371345997 -21.300000000000004 30.168241530656815
      vertex -21.25 -21.300000000000004 32
    endloop
  endfacet
  facet normal 0 -1 0
    outer loop
      vertex -26.25 -21.300000000000004 32
      vertex -21.25 -21.300000000000004 32
      vertex -21.20203371345997 -21.300000000000004 33.831758469343185
    endloop
  endfacet
  facet normal 0 -1 0
    outer loop
      vertex -26.219161450862885 -21.300000000000004 33.57039263099432
      vertex -21.20203371345997 -21.300000000000004 33.831758469343185
      vertex -21.058266334235668 -21.300000000000004 35.65849621593952
    endloop
  endfacet
  facet normal 0 -1 0
    outer loop
      vertex -26.219161450862885 -21.300000000000004 33.57039263099432
      vertex -21.058266334235668 -21.300000000000004 35.65849621593952
      vertex -26.126693345606327 -21.300000000000004 35.13836383074522
    endloop
  endfacet
  facet normal 0 -1 0
    outer loop
      vertex -26.126693345606327 -21.300000000000004 35.13836383074522
      vertex -21.058266334235668 -21.300000000000004 35.65849621593952
      vertex -25.972738280892372 -21.300000000000004 36.70149590075016
    endloop
  endfacet
  facet normal 0 -1 0
    outer loop
      vertex -25.972738280892372 -21.300000000000004 36.70149590075016
      vertex -20.81909192353487 -21.300000000000004 37.47520627826452
      vertex -25.757533624768257 -21.300000000000004 38.25737860053778
    endloop
  endfacet
  facet normal 0 -1 0
    outer loop
      vertex -25.757533624768257 -21.300000000000004 38.25737860053778
      vertex -20.485166028141975 -21.300000000000004 39.27690917998552
      vertex -25.48141121864319 -21.300000000000004 39.803612880408764
    endloop
  endfacet
  facet normal 0 -1 0
    outer loop
      vertex -25.972738280892372 -21.300000000000004 36.70149590075016
      vertex -21.058266334235668 -21.300000000000004 35.65849621593952
      vertex -20.81909192353487 -21.300000000000004 37.47520627826452
    endloop
  endfacet
  facet normal 0 -1 0
    outer loop
      vertex -25.757533624768257 -21.300000000000004 38.25737860053778
      vertex -20.81909192353487 -21.300000000000004 37.47520627826452
      vertex -20.485166028141975 -21.300000000000004 39.27690917998552
    endloop
  endfacet
  facet normal 0 -1 0
    outer loop
      vertex -15.25722374767065 -21.300000000000004 22.574981674551964
      vertex -11.364071480929852 -21.300000000000004 25.270704828202724
      vertex -15.710737705230713 -21.300000000000004 24.106019124388695
    endloop
  endfacet
  facet normal 0 -1 0
    outer loop
      vertex -14.11313645541668 -21.300000000000004 19.594532385468483
      vertex -10.523091085255146 -21.300000000000004 22.68243331462145
      vertex -14.724203005433083 -21.300000000000004 21.06977754086256
    endloop
  endfacet
  facet normal 0 -1 0
    outer loop
      vertex -14.11313645541668 -21.300000000000004 19.594532385468483
      vertex -10.002181895077229 -21.300000000000004 21.424847282469273
      vertex -10.523091085255146 -21.300000000000004 22.68243331462145
    endloop
  endfacet
  facet normal 0 -1 0
    outer loop
      vertex -14.724203005433083 -21.300000000000004 21.06977754086256
      vertex -10.97746942192316 -21.300000000000004 23.965558148920536
      vertex -15.25722374767065 -21.300000000000004 22.574981674551964
    endloop
  endfacet
  facet normal 0 -1 0
    outer loop
      vertex -15.25722374767065 -21.300000000000004 22.574981674551964
      vertex -10.97746942192316 -21.300000000000004 23.965558148920536
      vertex -11.364071480929852 -21.300000000000004 25.270704828202724
    endloop
  endfacet
  facet normal 0 -1 0
    outer loop
      vertex -14.724203005433083 -21.300000000000004 21.06977754086256
      vertex -10.523091085255146 -21.300000000000004 22.68243331462145
      vertex -10.97746942192316 -21.300000000000004 23.965558148920536
    endloop
  endfacet
  facet normal 0 -1 0
    outer loop
      vertex -15.710737705230713 -21.300000000000004 24.106019124388695
      vertex -11.681837618350983 -21.300000000000004 26.594296038150787
      vertex -16.08350182324648 -21.300000000000004 25.658693432807922
    endloop
  endfacet
  facet normal 0 -1 0
    outer loop
      vertex -16.37449438869953 -21.300000000000004 27.228748813271523
      vertex -16.08350182324648 -21.300000000000004 25.658693432807922
      vertex -11.929896853864193 -21.300000000000004 27.932703912258148
    endloop
  endfacet
  facet normal 0 -1 0
    outer loop
      vertex -16.37449438869953 -21.300000000000004 27.228748813271523
      vertex -12.10756927728653 -21.300000000000004 29.282259956002235
      vertex -16.58291780948639 -21.300000000000004 28.811881870031357
    endloop
  endfacet
  facet normal 0 -1 0
    outer loop
      vertex -15.710737705230713 -21.300000000000004 24.106019124388695
      vertex -11.364071480929852 -21.300000000000004 25.270704828202724
      vertex -11.681837618350983 -21.300000000000004 26.594296038150787
    endloop
  endfacet
  facet normal 0 -1 0
    outer loop
      vertex -16.08350182324648 -21.300000000000004 25.658693432807922
      vertex -11.681837618350983 -21.300000000000004 26.594296038150787
      vertex -11.929896853864193 -21.300000000000004 27.932703912258148
    endloop
  endfacet
  facet normal 0 -1 0
    outer loop
      vertex -16.37449438869953 -21.300000000000004 27.228748813271523
      vertex -11.929896853864193 -21.300000000000004 27.932703912258148
      vertex -12.10756927728653 -21.300000000000004 29.282259956002235
    endloop
  endfacet
  facet normal 0 -1 0
    outer loop
      vertex -16.58291780948639 -21.300000000000004 28.811881870031357
      vertex -12.10756927728653 -21.300000000000004 29.282259956002235
      vertex -12.214367903769016 -21.300000000000004 30.63926513493061
    endloop
  endfacet
  facet normal 0 -1 0
    outer loop
      vertex -13.42569898813963 -21.300000000000004 18.153289757668972
      vertex -9.416169628500938 -21.300000000000004 20.19624700397253
      vertex -10.002181895077229 -21.300000000000004 21.424847282469273
    endloop
  endfacet
  facet normal 0 -1 0
    outer loop
      vertex -16.58291780948639 -21.300000000000004 28.811881870031357
      vertex -12.214367903769016 -21.300000000000004 30.63926513493061
      vertex -16.708200812339783 -21.300000000000004 30.403753332793713
    endloop
  endfacet
  facet normal 0 -1 0
    outer loop
      vertex -16.708200812339783 -21.300000000000004 30.403753332793713
      vertex -12.25 -21.300000000000004 32
      vertex -16.75 -21.300000000000004 32
    endloop
  endfacet
  facet normal 0 -1 0
    outer loop
      vertex -16.75 -21.300000000000004 32
      vertex -12.214367903769016 -21.300000000000004 33.36073486506939
      vertex -16.708200812339783 -21.300000000000004 33.59624666720629
    endloop
  endfacet
  facet normal 0 -1 0
    outer loop
      vertex -16.708200812339783 -21.300000000000004 33.59624666720629
      vertex -12.10756927728653 -21.300000000000004 34.717740043997765
      vertex -16.58291780948639 -21.300000000000004 35.18811812996864
    endloop
  endfacet
  facet normal 0 -1 0
    outer loop
      vertex -16.708200812339783 -21.300000000000004 30.403753332793713
      vertex -12.214367903769016 -21.300000000000004 30.63926513493061
      vertex -12.25 -21.300000000000004 32
    endloop
  endfacet
  facet normal 0 -1 0
    outer loop
      vertex -16.75 -21.300000000000004 32
      vertex -12.25 -21.300000000000004 32
      vertex -12.214367903769016 -21.300000000000004 33.36073486506939
    endloop
  endfacet
  facet normal 0 -1 0
    outer loop
      vertex -16.708200812339783 -21.300000000000004 33.59624666720629
      vertex -12.214367903769016 -21.300000000000004 33.36073486506939
      vertex -12.10756927728653 -21.300000000000004 34.717740043997765
    endloop
  endfacet
  facet normal 0 -1 0
    outer loop
      vertex -16.58291780948639 -21.300000000000004 35.18811812996864
      vertex -11.929896853864193 -21.300000000000004 36.06729608774185
      vertex -16.37449438869953 -21.300000000000004 36.77125118672848
    endloop
  endfacet
  facet normal 0 -1 0
    outer loop
      vertex -16.37449438869953 -21.300000000000004 36.77125118672848
      vertex -11.364071480929852 -21.300000000000004 38.729295171797276
      vertex -16.08350182324648 -21.300000000000004 38.34130656719208
    endloop
  endfacet
  facet normal 0 -1 0
    outer loop
      vertex -16.08350182324648 -21.300000000000004 38.34130656719208
      vertex -10.97746942192316 -21.300000000000004 40.034441851079464
      vertex -15.710737705230713 -21.300000000000004 39.893980875611305
    endloop
  endfacet
  facet normal 0 -1 0
    outer loop
      vertex -16.58291780948639 -21.300000000000004 35.18811812996864
      vertex -12.10756927728653 -21.300000000000004 34.717740043997765
      vertex -11.929896853864193 -21.300000000000004 36.06729608774185
    endloop
  endfacet
  facet normal 0 -1 0
    outer loop
      vertex -16.37449438869953 -21.300000000000004 36.77125118672848
      vertex -11.929896853864193 -21.300000000000004 36.06729608774185
      vertex -11.681837618350983 -21.300000000000004 37.40570396184921
    endloop
  endfacet
  facet normal 0 -1 0
    outer loop
      vertex -16.37449438869953 -21.300000000000004 36.77125118672848
      vertex -11.681837618350983 -21.300000000000004 37.40570396184921
      vertex -11.364071480929852 -21.300000000000004 38.729295171797276
    endloop
  endfacet
  facet normal 0 -1 0
    outer loop
      vertex -16.08350182324648 -21.300000000000004 38.34130656719208
      vertex -11.364071480929852 -21.300000000000004 38.729295171797276
      vertex -10.97746942192316 -21.300000000000004 40.034441851079464
    endloop
  endfacet
  facet normal 0 -1 0
    outer loop
      vertex -10.23788197338581 -21.300000000000004 0
      vertex -2.1396674886345863 -21.300000000000004 0.8147716522216797
      vertex -3.75 -21.300000000000004 1.689110867679119
    endloop
  endfacet
  facet normal 0 0 -1
    outer loop
      vertex -10.23788197338581 -21.300000000000004 0
      vertex -2.9499999999999997 -19.500000000000004 0
      vertex -0.42323268301587136 -21.300000000000004 0
    endloop
  endfacet
  facet normal 0 -1 0
    outer loop
      vertex -10.23788197338581 -21.300000000000004 0
      vertex -0.4857825040817261 -21.300000000000004 0.02590898424386978
      vertex -2.1396674886345863 -21.300000000000004 0.8147716522216797
    endloop
  endfacet
  facet normal 0 0 -1
    outer loop
      vertex -2.9499999999999997 -19.500000000000004 0
      vertex -0.42323268301587136 -20.500000000000004 0
      vertex -0.42323268301587136 -21.300000000000004 0
    endloop
  endfacet
  facet normal 0 -1 0
    outer loop
      vertex -10.23788197338581 -21.300000000000004 0
      vertex -0.42323268301587136 -21.300000000000004 0
      vertex -0.4857825040817261 -21.300000000000004 0.02590898424386978
    endloop
  endfacet
  facet normal 0 -1 0
    outer loop
      vertex -6.658483490347862 -21.300000000000004 9.334082819521427
      vertex -5.444271929562092 -21.300000000000004 8.297048173844814
      vertex -1.5324165597558022 -21.300000000000004 10.965558148920536
    endloop
  endfacet
  facet normal 0 -1 0
    outer loop
      vertex -4.177450194954872 -21.300000000000004 7.324981674551964
      vertex -2.8614905700087547 -21.300000000000004 6.420547679066658
      vertex 3.1748472824692726 -21.300000000000004 8.247818104922771
    endloop
  endfacet
  facet normal 0 -1 0
    outer loop
      vertex -4.177450194954872 -21.300000000000004 7.324981674551964
      vertex 0.75 -21.300000000000004 9.483339503407478
      vertex -5.444271929562092 -21.300000000000004 8.297048173844814
    endloop
  endfacet
  facet normal 0 -1 0
    outer loop
      vertex -5.444271929562092 -21.300000000000004 8.297048173844814
      vertex -0.41061490774154663 -21.300000000000004 10.194565236568451
      vertex -1.5324165597558022 -21.300000000000004 10.965558148920536
    endloop
  endfacet
  facet normal 0 -1 0
    outer loop
      vertex -5.444271929562092 -21.300000000000004 8.297048173844814
      vertex 0.75 -21.300000000000004 9.483339503407478
      vertex -0.41061490774154663 -21.300000000000004 10.194565236568451
    endloop
  endfacet
  facet normal 0 -1 0
    outer loop
      vertex -2.8614905700087547 -21.300000000000004 6.420547679066658
      vertex -1.5 -21.300000000000004 5.586225181818008
      vertex 5.715558148920536 -21.300000000000004 7.2725305780768394
    endloop
  endfacet
  facet normal 0 -1 0
    outer loop
      vertex -4.177450194954872 -21.300000000000004 7.324981674551964
      vertex 1.9462470039725304 -21.300000000000004 8.833830371499062
      vertex 0.75 -21.300000000000004 9.483339503407478
    endloop
  endfacet
  facet normal 0 -1 0
    outer loop
      vertex -4.177450194954872 -21.300000000000004 7.324981674551964
      vertex 3.1748472824692726 -21.300000000000004 8.247818104922771
      vertex 1.9462470039725304 -21.300000000000004 8.833830371499062
    endloop
  endfacet
  facet normal 0 -1 0
    outer loop
      vertex -1.5 -21.300000000000004 5.586225181818008
      vertex -0.09671024233102798 -21.300000000000004 4.824301011860371
      vertex 8.344296038150787 -21.300000000000004 6.568162381649017
    endloop
  endfacet
  facet normal 0 -1 0
    outer loop
      vertex -2.8614905700087547 -21.300000000000004 6.420547679066658
      vertex 5.715558148920536 -21.300000000000004 7.2725305780768394
      vertex 4.4324333146214485 -21.300000000000004 7.726908914744854
    endloop
  endfacet
  facet normal 0 -1 0
    outer loop
      vertex -1.5 -21.300000000000004 5.586225181818008
      vertex 7.0207048282027245 -21.300000000000004 6.8859285190701485
      vertex 5.715558148920536 -21.300000000000004 7.2725305780768394
    endloop
  endfacet
  facet normal 0 -1 0
    outer loop
      vertex -2.8614905700087547 -21.300000000000004 6.420547679066658
      vertex 4.4324333146214485 -21.300000000000004 7.726908914744854
      vertex 3.1748472824692726 -21.300000000000004 8.247818104922771
    endloop
  endfacet
  facet normal 0 -1 0
    outer loop
      vertex -6.658483490347862 -21.300000000000004 9.334082819521427
      vertex -1.5324165597558022 -21.300000000000004 10.965558148920536
      vertex -7.816756829619408 -21.300000000000004 10.433243170380592
    endloop
  endfacet
  facet normal 0 -1 0
    outer loop
      vertex -7.816756829619408 -21.300000000000004 10.433243170380592
      vertex -1.5324165597558022 -21.300000000000004 10.965558148920536
      vertex -2.6123301684856415 -21.300000000000004 11.794205002486706
    endloop
  endfacet
  facet normal 0 -1 0
    outer loop
      vertex -7.816756829619408 -21.300000000000004 10.433243170380592
      vertex -2.6123301684856415 -21.300000000000004 11.794205002486706
      vertex -3.6473957672715187 -21.300000000000004 12.678234539926052
    endloop
  endfacet
  facet normal 0 -1 0
    outer loop
      vertex -8.915917180478573 -21.300000000000004 11.591516509652138
      vertex -3.6473957672715187 -21.300000000000004 12.678234539926052
      vertex -4.634776309132576 -21.300000000000004 13.615223690867424
    endloop
  endfacet
  facet normal 0 -1 0
    outer loop
      vertex -0.09671024233102798 -21.300000000000004 4.824301011860371
      vertex 1.344532385468483 -21.300000000000004 4.136863544583321
      vertex 12.38926513493061 -21.300000000000004 6.035632096230984
    endloop
  endfacet
  facet normal 0 -1 0
    outer loop
      vertex -1.5 -21.300000000000004 5.586225181818008
      vertex 8.344296038150787 -21.300000000000004 6.568162381649017
      vertex 7.0207048282027245 -21.300000000000004 6.8859285190701485
    endloop
  endfacet
  facet normal 0 -1 0
    outer loop
      vertex -0.09671024233102798 -21.300000000000004 4.824301011860371
      vertex 9.682703912258148 -21.300000000000004 6.320103146135807
      vertex 8.344296038150787 -21.300000000000004 6.568162381649017
    endloop
  endfacet
  facet normal 0 -1 0
    outer loop
      vertex -0.09671024233102798 -21.300000000000004 4.824301011860371
      vertex 11.032259956002235 -21.300000000000004 6.1424307227134705
      vertex 9.682703912258148 -21.300000000000004 6.320103146135807
    endloop
  endfacet
  facet normal 0 -1 0
    outer loop
      vertex -0.09671024233102798 -21.300000000000004 4.824301011860371
      vertex 12.38926513493061 -21.300000000000004 6.035632096230984
      vertex 11.032259956002235 -21.300000000000004 6.1424307227134705
    endloop
  endfacet
  facet normal 0 0 -1
    outer loop
      vertex -2.9499999999999997 -19.500000000000004 0
      vertex 30.45 -19.500000000000004 0
      vertex -0.42323268301587136 -20.500000000000004 0
    endloop
  endfacet
  facet normal 0 -1 0
    outer loop
      vertex 1.344532385468483 -21.300000000000004 4.136863544583321
      vertex 2.8197775408625603 -21.300000000000004 3.5257969945669174
      vertex 29 -21.300000000000004 5.586225181818008
    endloop
  endfacet
  facet normal 0 -1 0
    outer loop
      vertex 10.561881870031357 -21.300000000000004 1.6670821905136108
      vertex 12.153753332793713 -21.300000000000004 1.5417991876602173
      vertex 18.521251186728477 -21.300000000000004 1.8755056113004684
    endloop
  endfacet
  facet normal 0 -1 0
    outer loop
      vertex 7.408693432807922 -21.300000000000004 2.166498176753521
      vertex 8.978748813271523 -21.300000000000004 1.8755056113004684
      vertex 23.175018325448036 -21.300000000000004 2.9927762523293495
    endloop
  endfacet
  facet normal 0 -1 0
    outer loop
      vertex 8.978748813271523 -21.300000000000004 1.8755056113004684
      vertex 10.561881870031357 -21.300000000000004 1.6670821905136108
      vertex 21.643980875611305 -21.300000000000004 2.539262294769287
    endloop
  endfacet
  facet normal 0 -1 0
    outer loop
      vertex 5.856019124388695 -21.300000000000004 2.539262294769287
      vertex 7.408693432807922 -21.300000000000004 2.166498176753521
      vertex 23.175018325448036 -21.300000000000004 2.9927762523293495
    endloop
  endfacet
  facet normal 0 -1 0
    outer loop
      vertex 2.8197775408625603 -21.300000000000004 3.5257969945669174
      vertex 4.324981674551964 -21.300000000000004 2.9927762523293495
      vertex 27.596710242331028 -21.300000000000004 4.824301011860371
    endloop
  endfacet
  facet normal 0 -1 0
    outer loop
      vertex 4.324981674551964 -21.300000000000004 2.9927762523293495
      vertex 5.856019124388695 -21.300000000000004 2.539262294769287
      vertex 27.596710242331028 -21.300000000000004 4.824301011860371
    endloop
  endfacet
  facet normal 0 -1 0
    outer loop
      vertex 1.344532385468483 -21.300000000000004 4.136863544583321
      vertex 13.75 -21.300000000000004 6
      vertex 12.38926513493061 -21.300000000000004 6.035632096230984
    endloop
  endfacet
  facet normal 0 -1 0
    outer loop
      vertex 1.344532385468483 -21.300000000000004 4.136863544583321
      vertex 15.11073486506939 -21.300000000000004 6.035632096230984
      vertex 13.75 -21.300000000000004 6
    endloop
  endfacet
  facet normal -0.9767658813474361 0 0.21430915294398042
    outer loop
      vertex -25.48141121864319 3.7 39.803612880408764
      vertex -25.144796818494797 -1.2000000029802322 41.337814554572105
      vertex -25.144796818494797 3.7 41.337814554572105
    endloop
  endfacet
  facet normal -0.9675990925590835 0 0.25249157625322516
    outer loop
      vertex -25.144796818494797 3.7 41.337814554572105
      vertex -24.748209461569786 -1.2000000029802322 42.85761799663305
      vertex -24.748209461569786 3.7 42.85761799663305
    endloop
  endfacet
  facet normal -0.9569403354792997 7.212605574736883e-18 0.29028467808819225
    outer loop
      vertex -24.748209461569786 3.7 42.85761799663305
      vertex -24.29226065427065 -1.2000000029802322 44.360679775476456
      vertex -24.29226065427065 3.7 44.360679775476456
    endloop
  endfacet
  facet normal -0.9448060452963783 -2.008127284935944e-16 0.327630182937131
    outer loop
      vertex -24.29226065427065 3.7 44.360679775476456
      vertex -24.07001631771136 -1.225665420293808 45.001578580439094
      vertex -23.77765343338251 3.7 45.84468228369951
    endloop
  endfacet
  facet normal -0.9312149352495638 -2.149741109718383e-16 0.3644704986252672
    outer loop
      vertex -23.77765343338251 3.7 45.84468228369951
      vertex -23.546104871482324 -1.8199399784207344 46.43628429234028
      vertex -23.205181300640106 3.7 47.307337291538715
    endloop
  endfacet
  facet normal -0.9767658813474361 0 0.21430915294398042
    outer loop
      vertex -25.48141121864319 3.7 39.803612880408764
      vertex -25.48141121864319 -1.2000000029802322 39.803612880408764
      vertex -25.144796818494797 -1.2000000029802322 41.337814554572105
    endloop
  endfacet
  facet normal -0.9675990925590835 0 0.25249157625322516
    outer loop
      vertex -25.144796818494797 3.7 41.337814554572105
      vertex -25.144796818494797 -1.2000000029802322 41.337814554572105
      vertex -24.748209461569786 -1.2000000029802322 42.85761799663305
    endloop
  endfacet
  facet normal -0.9569403354792997 0 0.29028467808819225
    outer loop
      vertex -24.748209461569786 3.7 42.85761799663305
      vertex -24.748209461569786 -1.2000000029802322 42.85761799663305
      vertex -24.29226065427065 -1.2000000029802322 44.360679775476456
    endloop
  endfacet
  facet normal -0.9448060452963791 0 0.3276301829371286
    outer loop
      vertex -24.29226065427065 3.7 44.360679775476456
      vertex -24.29226065427065 -1.2000000029802322 44.360679775476456
      vertex -24.20580393423414 -1.2000000029802322 44.610000002980236
    endloop
  endfacet
  facet normal -0.944806045296377 3.521967902945816e-16 0.3276301829371348
    outer loop
      vertex -24.29226065427065 3.7 44.360679775476456
      vertex -24.20580393423414 -1.2000000029802322 44.610000002980236
      vertex -24.07001631771136 -1.225665420293808 45.001578580439094
    endloop
  endfacet
  facet normal -0.9448060452963796 4.1652956614875337e-16 0.3276301829371278
    outer loop
      vertex -23.77765343338251 3.7 45.84468228369951
      vertex -24.07001631771136 -1.225665420293808 45.001578580439094
      vertex -23.936552064445586 -1.302222527563572 45.38645714133978
    endloop
  endfacet
  facet normal -0.9448060452963778 -4.381933629508937e-17 0.3276301829371322
    outer loop
      vertex -23.77765343338251 3.7 45.84468228369951
      vertex -23.936552064445586 -1.302222527563572 45.38645714133978
      vertex -23.80769478586751 -1.4283614084124565 45.758050303757194
    endloop
  endfacet
  facet normal -0.9448060452963787 0 0.32763018293713
    outer loop
      vertex -23.77765343338251 3.7 45.84468228369951
      vertex -23.80769478586751 -1.4283614084124565 45.758050303757194
      vertex -23.77765343338251 -1.4710835732602814 45.84468228369951
    endloop
  endfacet
  facet normal -0.9312149352495634 0 0.36447049862526765
    outer loop
      vertex -23.77765343338251 3.7 45.84468228369951
      vertex -23.77765343338251 -1.4710835732602814 45.84468228369951
      vertex -23.67381008016734 -1.601923793554306 46.110000002980236
    endloop
  endfacet
  facet normal -0.9312149352495626 1.2882746265079971e-16 0.3644704986252699
    outer loop
      vertex -23.77765343338251 3.7 45.84468228369951
      vertex -23.67381008016734 -1.601923793554306 46.110000002980236
      vertex -23.546104871482324 -1.8199399784207344 46.43628429234028
    endloop
  endfacet
  facet normal -0.931214935249564 -1.0958987549339919e-16 0.3644704986252665
    outer loop
      vertex -23.205181300640106 3.7 47.307337291538715
      vertex -23.546104871482324 -1.8199399784207344 46.43628429234028
      vertex -23.430629985866066 -2.078679658472538 46.73132034748793
    endloop
  endfacet
  facet normal -0.9312149352495669 7.576685595714632e-16 0.364470498625259
    outer loop
      vertex -23.205181300640106 3.7 47.307337291538715
      vertex -23.430629985866066 -2.078679658472538 46.73132034748793
      vertex -23.329361227566622 -2.373715713620186 46.990060027539734
    endloop
  endfacet
  facet normal -0.9312149352495599 -3.136320584779173e-16 0.3644704986252767
    outer loop
      vertex -23.205181300640106 3.7 47.307337291538715
      vertex -23.329361227566622 -2.373715713620186 46.990060027539734
      vertex -23.24403133797958 -2.7000000029802322 47.20807621240616
    endloop
  endfacet
  facet normal -0.9312149352495668 0 0.36447049862525926
    outer loop
      vertex -23.205181300640106 3.7 47.307337291538715
      vertex -23.24403133797958 -2.7000000029802322 47.20807621240616
      vertex -23.205181300640106 -2.9012815589850365 47.307337291538715
    endloop
  endfacet
  facet normal -0.9161879580454956 0 0.4007488309807344
    outer loop
      vertex -23.205181300640106 3.7 47.307337291538715
      vertex -23.205181300640106 -2.9012815589850365 47.307337291538715
      vertex -23.172681242914955 -3.0519497022032738 47.38163859754801
    endloop
  endfacet
  facet normal -0.9161879580454919 1.1164816726493087e-16 0.40074883098074293
    outer loop
      vertex -23.205181300640106 3.7 47.307337291538715
      vertex -23.172681242914955 -3.0519497022032738 47.38163859754801
      vertex -23.117506964976126 -3.4235428646206856 47.507777478396896
    endloop
  endfacet
  facet normal -0.9161879580455012 -6.057040868109395e-16 0.40074883098072145
    outer loop
      vertex -23.205181300640106 3.7 47.307337291538715
      vertex -23.117506964976126 -3.4235428646206856 47.507777478396896
      vertex -23.084020199545293 -3.8084214255213737 47.58433458566666
    endloop
  endfacet
  facet normal -0.916187958045493 0 0.4007488309807401
    outer loop
      vertex -23.205181300640106 3.7 47.307337291538715
      vertex -22.575726956129074 -21.300000000000004 48.746389500796795
      vertex -22.575726956129074 3.7 48.746389500796795
    endloop
  endfacet
  facet normal -0.9161879580454892 5.997592653466232e-16 0.400748830980749
    outer loop
      vertex -23.205181300640106 3.7 47.307337291538715
      vertex -23.084020199545293 -3.8084214255213737 47.58433458566666
      vertex -22.575726956129074 -21.300000000000004 48.746389500796795
    endloop
  endfacet
  facet normal -0.8997482823183388 0 0.4364092442481012
    outer loop
      vertex -22.575726956129074 3.7 48.746389500796795
      vertex -21.890260964632034 -21.300000000000004 50.159619987010956
      vertex -21.890260964632034 3.7 50.159619987010956
    endloop
  endfacet
  facet normal -0.8819212643443392 2.827341386434588e-18 0.47139673683351074
    outer loop
      vertex -21.890260964632034 3.7 50.159619987010956
      vertex -21.149840280413628 -21.300000000000004 51.544849656522274
      vertex -21.149840280413628 3.7 51.544849656522274
    endloop
  endfacet
  facet normal -0.8627343868073287 0 0.5056573719626588
    outer loop
      vertex -21.149840280413628 3.7 51.544849656522274
      vertex -20.355606570839882 -21.300000000000004 52.899942591786385
      vertex -20.355606570839882 3.7 52.899942591786385
    endloop
  endfacet
  facet normal -0.8422172352753996 1.4136706969141574e-18 0.5391383204754253
    outer loop
      vertex -20.355606570839882 3.7 52.899942591786385
      vertex -19.508784495294094 -21.300000000000004 54.222809322178364
      vertex -19.508784495294094 3.7 54.222809322178364
    endloop
  endfacet
  facet normal -0.8204014430698211 0 0.5717879608814401
    outer loop
      vertex -19.508784495294094 3.7 54.222809322178364
      vertex -18.610679775476456 -21.300000000000004 55.51141009479761
      vertex -18.610679775476456 3.7 55.51141009479761
    endloop
  endfacet
  facet normal -0.7973206534647818 1.413670693663187e-18 0.6035559423603526
    outer loop
      vertex -18.610679775476456 3.7 55.51141009479761
      vertex -17.662677235901356 -21.300000000000004 56.76375797390938
      vertex -17.662677235901356 3.7 56.76375797390938
    endloop
  endfacet
  facet normal -0.7730104517196759 0 0.6343932861657213
    outer loop
      vertex -17.662677235901356 3.7 56.76375797390938
      vertex -16.666238620877266 -21.300000000000004 57.977921932935715
      vertex -16.666238620877266 3.7 57.977921932935715
    endloop
  endfacet
  facet normal -0.7475083264867453 1.4136706932282776e-18 0.6642524383342414
    outer loop
      vertex -16.666238620877266 3.7 57.977921932935715
      vertex -15.622900374233723 -21.300000000000004 59.15202981978655
      vertex -15.622900374233723 3.7 59.15202981978655
    endloop
  endfacet
  facet normal -0.720853598326221 0 0.6930873608573016
    outer loop
      vertex -15.622900374233723 3.7 59.15202981978655
      vertex -14.534271247684956 -21.300000000000004 60.284271247684956
      vertex -14.534271247684956 3.7 60.284271247684956
    endloop
  endfacet
  facet normal -0.6930873608573016 0 0.720853598326221
    outer loop
      vertex -14.534271247684956 3.7 60.284271247684956
      vertex -13.402029819786549 -21.300000000000004 61.37290037423372
      vertex -13.402029819786549 3.7 61.37290037423372
    endloop
  endfacet
  facet normal -0.6642524383342414 1.4136706932282776e-18 0.7475083264867453
    outer loop
      vertex -13.402029819786549 3.7 61.37290037423372
      vertex -12.227921932935715 -21.300000000000004 62.416238620877266
      vertex -12.227921932935715 3.7 62.416238620877266
    endloop
  endfacet
  facet normal -0.6343932861657213 0 0.7730104517196759
    outer loop
      vertex -12.227921932935715 3.7 62.416238620877266
      vertex -11.013757973909378 -21.300000000000004 63.412677235901356
      vertex -11.013757973909378 3.7 63.412677235901356
    endloop
  endfacet
  facet normal -0.6035559423603526 1.413670693663187e-18 0.7973206534647818
    outer loop
      vertex -11.013757973909378 3.7 63.412677235901356
      vertex -9.761410094797611 -21.300000000000004 64.36067977547646
      vertex -9.761410094797611 3.7 64.36067977547646
    endloop
  endfacet
  facet normal -0.5717879608814401 0 0.8204014430698211
    outer loop
      vertex -9.761410094797611 3.7 64.36067977547646
      vertex -8.472809322178364 -21.300000000000004 65.2587844952941
      vertex -8.472809322178364 3.7 65.2587844952941
    endloop
  endfacet
  facet normal -0.5391383204754253 1.4136706969141574e-18 0.8422172352753996
    outer loop
      vertex -8.472809322178364 3.7 65.2587844952941
      vertex -7.149942591786385 -21.300000000000004 66.10560657083988
      vertex -7.149942591786385 3.7 66.10560657083988
    endloop
  endfacet
  facet normal 0 1 0
    outer loop
      vertex -25.757533624768257 3.7 38.25737860053778
      vertex -25.48141121864319 3.7 39.803612880408764
      vertex 52.248209461569786 3.7 42.85761799663305
    endloop
  endfacet
  facet normal 0 1 0
    outer loop
      vertex -25.48141121864319 3.7 39.803612880408764
      vertex -25.144796818494797 3.7 41.337814554572105
      vertex 51.79226065427065 3.7 44.360679775476456
    endloop
  endfacet
  facet normal 0 1 0
    outer loop
      vertex -25.144796818494797 3.7 41.337814554572105
      vertex -24.748209461569786 3.7 42.85761799663305
      vertex 51.27765343338251 3.7 45.84468228369951
    endloop
  endfacet
  facet normal 0 1 0
    outer loop
      vertex -24.748209461569786 3.7 42.85761799663305
      vertex -24.29226065427065 3.7 44.360679775476456
      vertex 50.705181300640106 3.7 47.307337291538715
    endloop
  endfacet
  facet normal 0 1 0
    outer loop
      vertex -24.29226065427065 3.7 44.360679775476456
      vertex -23.77765343338251 3.7 45.84468228369951
      vertex 50.075726956129074 3.7 48.746389500796795
    endloop
  endfacet
  facet normal 0 1 0
    outer loop
      vertex -23.77765343338251 3.7 45.84468228369951
      vertex -23.205181300640106 3.7 47.307337291538715
      vertex 49.390260964632034 3.7 50.159619987010956
    endloop
  endfacet
  facet normal 0 1 0
    outer loop
      vertex -23.205181300640106 3.7 47.307337291538715
      vertex -22.575726956129074 3.7 48.746389500796795
      vertex 48.64984028041363 3.7 51.544849656522274
    endloop
  endfacet
  facet normal 0 1 0
    outer loop
      vertex -22.575726956129074 3.7 48.746389500796795
      vertex -21.890260964632034 3.7 50.159619987010956
      vertex 47.85560657083988 3.7 52.899942591786385
    endloop
  endfacet
  facet normal 0 1 0
    outer loop
      vertex -21.890260964632034 3.7 50.159619987010956
      vertex -21.149840280413628 3.7 51.544849656522274
      vertex 47.008784495294094 3.7 54.222809322178364
    endloop
  endfacet
  facet normal 0 1 0
    outer loop
      vertex -21.149840280413628 3.7 51.544849656522274
      vertex -20.355606570839882 3.7 52.899942591786385
      vertex 46.110679775476456 3.7 55.51141009479761
    endloop
  endfacet
  facet normal 0 1 0
    outer loop
      vertex -20.355606570839882 3.7 52.899942591786385
      vertex -19.508784495294094 3.7 54.222809322178364
      vertex 45.162677235901356 3.7 56.76375797390938
    endloop
  endfacet
  facet normal 0 1 0
    outer loop
      vertex -19.508784495294094 3.7 54.222809322178364
      vertex -18.610679775476456 3.7 55.51141009479761
      vertex 44.166238620877266 3.7 57.977921932935715
    endloop
  endfacet
  facet normal 0 1 0
    outer loop
      vertex -18.610679775476456 3.7 55.51141009479761
      vertex -17.662677235901356 3.7 56.76375797390938
      vertex 43.12290037423372 3.7 59.15202981978655
    endloop
  endfacet
  facet normal 0 1 0
    outer loop
      vertex -17.662677235901356 3.7 56.76375797390938
      vertex -16.666238620877266 3.7 57.977921932935715
      vertex 42.034271247684956 3.7 60.284271247684956
    endloop
  endfacet
  facet normal 0 1 0
    outer loop
      vertex -16.666238620877266 3.7 57.977921932935715
      vertex -15.622900374233723 3.7 59.15202981978655
      vertex 40.90202981978655 3.7 61.37290037423372
    endloop
  endfacet
  facet normal 0 1 0
    outer loop
      vertex -15.622900374233723 3.7 59.15202981978655
      vertex -14.534271247684956 3.7 60.284271247684956
      vertex 39.727921932935715 3.7 62.416238620877266
    endloop
  endfacet
  facet normal 0 1 0
    outer loop
      vertex -14.534271247684956 3.7 60.284271247684956
      vertex -13.402029819786549 3.7 61.37290037423372
      vertex 38.51375797390938 3.7 63.412677235901356
    endloop
  endfacet
  facet normal 0 1 0
    outer loop
      vertex -13.402029819786549 3.7 61.37290037423372
      vertex -12.227921932935715 3.7 62.416238620877266
      vertex 37.26141009479761 3.7 64.36067977547646
    endloop
  endfacet
  facet normal 0 1 0
    outer loop
      vertex -12.227921932935715 3.7 62.416238620877266
      vertex -11.013757973909378 3.7 63.412677235901356
      vertex 35.972809322178364 3.7 65.2587844952941
    endloop
  endfacet
  facet normal 0 1 0
    outer loop
      vertex -11.013757973909378 3.7 63.412677235901356
      vertex -9.761410094797611 3.7 64.36067977547646
      vertex 34.649942591786385 3.7 66.10560657083988
    endloop
  endfacet
  facet normal 0 1 0
    outer loop
      vertex -9.761410094797611 3.7 64.36067977547646
      vertex -8.472809322178364 3.7 65.2587844952941
      vertex 33.294849656522274 3.7 66.89984028041363
    endloop
  endfacet
  facet normal 0 1 0
    outer loop
      vertex -8.472809322178364 3.7 65.2587844952941
      vertex -7.149942591786385 3.7 66.10560657083988
      vertex 31.909619987010956 3.7 67.64026096463203
    endloop
  endfacet
  facet normal 0 1 0
    outer loop
      vertex -7.149942591786385 3.7 66.10560657083988
      vertex -5.794849656522274 3.7 66.89984028041363
      vertex 30.496389500796795 3.7 68.32572695612907
    endloop
  endfacet
  facet normal 0 1 0
    outer loop
      vertex -5.794849656522274 3.7 66.89984028041363
      vertex -4.409619987010956 3.7 67.64026096463203
      vertex 29.057337291538715 3.7 68.9551813006401
    endloop
  endfacet
  facet normal 0 1 0
    outer loop
      vertex -4.409619987010956 3.7 67.64026096463203
      vertex -2.996389500796795 3.7 68.32572695612907
      vertex 27.594682283699512 3.7 69.52765343338251
    endloop
  endfacet
  facet normal 0 1 0
    outer loop
      vertex -2.996389500796795 3.7 68.32572695612907
      vertex -1.5573372915387154 3.7 68.9551813006401
      vertex 26.110679775476456 3.7 70.04226065427065
    endloop
  endfacet
  facet normal 0 1 0
    outer loop
      vertex -1.5573372915387154 3.7 68.9551813006401
      vertex -0.09468228369951248 3.7 69.52765343338251
      vertex 24.607617996633053 3.7 70.49820946156979
    endloop
  endfacet
  facet normal 0 1 0
    outer loop
      vertex -0.09468228369951248 3.7 69.52765343338251
      vertex 1.3893202245235443 3.7 70.04226065427065
      vertex 23.087814554572105 3.7 70.8947968184948
    endloop
  endfacet
  facet normal 0 1 0
    outer loop
      vertex 1.3893202245235443 3.7 70.04226065427065
      vertex 2.892382003366947 3.7 70.49820946156979
      vertex 21.553612880408764 3.7 71.23141121864319
    endloop
  endfacet
  facet normal 0 1 0
    outer loop
      vertex 2.892382003366947 3.7 70.49820946156979
      vertex 4.412185445427895 3.7 70.8947968184948
      vertex 20.007378600537777 3.7 71.50753362476826
    endloop
  endfacet
  facet normal 0 1 0
    outer loop
      vertex 4.412185445427895 3.7 70.8947968184948
      vertex 5.946387119591236 3.7 71.23141121864319
      vertex 18.45149590075016 3.7 71.72273828089237
    endloop
  endfacet
  facet normal 0 1 0
    outer loop
      vertex 5.946387119591236 3.7 71.23141121864319
      vertex 7.492621399462223 3.7 71.50753362476826
      vertex 16.88836383074522 3.7 71.87669334560633
    endloop
  endfacet
  facet normal 0 1 0
    outer loop
      vertex 7.492621399462223 3.7 71.50753362476826
      vertex 9.04850409924984 3.7 71.72273828089237
      vertex 15.32039263099432 3.7 71.96916145086288
    endloop
  endfacet
  facet normal 0 1 0
    outer loop
      vertex 9.04850409924984 3.7 71.72273828089237
      vertex 10.61163616925478 3.7 71.87669334560633
      vertex 13.75 3.7 72
    endloop
  endfacet
  facet normal 0 1 0
    outer loop
      vertex 10.61163616925478 3.7 71.87669334560633
      vertex 12.17960736900568 3.7 71.96916145086288
      vertex 13.75 3.7 72
    endloop
  endfacet
  facet normal 0 1 0
    outer loop
      vertex 9.04850409924984 3.7 71.72273828089237
      vertex 13.75 3.7 72
      vertex 15.32039263099432 3.7 71.96916145086288
    endloop
  endfacet
  facet normal 0 1 0
    outer loop
      vertex 7.492621399462223 3.7 71.50753362476826
      vertex 15.32039263099432 3.7 71.96916145086288
      vertex 16.88836383074522 3.7 71.87669334560633
    endloop
  endfacet
  facet normal -0.09801713623517277 0 0.995184727075459
    outer loop
      vertex 9.04850409924984 3.7 71.72273828089237
      vertex 10.61163616925478 -6.8000000000000025 71.87669334560633
      vertex 10.61163616925478 3.7 71.87669334560633
    endloop
  endfacet
  facet normal -0.058870806756077664 0 0.998265610001611
    outer loop
      vertex 10.61163616925478 3.7 71.87669334560633
      vertex 12.17960736900568 -6.8000000000000025 71.96916145086288
      vertex 12.17960736900568 3.7 71.96916145086288
    endloop
  endfacet
  facet normal -0.019633691667419618 0 0.9998072404976416
    outer loop
      vertex 12.17960736900568 3.7 71.96916145086288
      vertex 13.75 -6.8000000000000025 72
      vertex 13.75 3.7 72
    endloop
  endfacet
  facet normal -0.5056573719626588 0 0.8627343868073287
    outer loop
      vertex -7.149942591786385 3.7 66.10560657083988
      vertex -5.794849656522274 -21.300000000000004 66.89984028041363
      vertex -5.794849656522274 3.7 66.89984028041363
    endloop
  endfacet
  facet normal -0.47139673683351074 2.827341386434588e-18 0.8819212643443392
    outer loop
      vertex -5.794849656522274 3.7 66.89984028041363
      vertex -4.409619987010956 -21.300000000000004 67.64026096463203
      vertex -4.409619987010956 3.7 67.64026096463203
    endloop
  endfacet
  facet normal -0.4364092442481012 0 0.8997482823183388
    outer loop
      vertex -4.409619987010956 3.7 67.64026096463203
      vertex -2.996389500796795 -21.300000000000004 68.32572695612907
      vertex -2.996389500796795 3.7 68.32572695612907
    endloop
  endfacet
  facet normal -0.4007488309807401 0 0.916187958045493
    outer loop
      vertex -2.996389500796795 3.7 68.32572695612907
      vertex -1.5573372915387154 -21.300000000000004 68.9551813006401
      vertex -1.5573372915387154 3.7 68.9551813006401
    endloop
  endfacet
  facet normal -0.3644704986252671 0 0.9312149352495637
    outer loop
      vertex -1.5573372915387154 3.7 68.9551813006401
      vertex -0.09468228369951248 -21.300000000000004 69.52765343338251
      vertex -0.09468228369951248 3.7 69.52765343338251
    endloop
  endfacet
  facet normal -0.3276301829371309 0 0.9448060452963782
    outer loop
      vertex -0.09468228369951248 3.7 69.52765343338251
      vertex 1.3893202245235443 -21.300000000000004 70.04226065427065
      vertex 1.3893202245235443 3.7 70.04226065427065
    endloop
  endfacet
  facet normal -0.29028467808819225 1.4136706935082383e-18 0.9569403354792997
    outer loop
      vertex 1.3893202245235443 3.7 70.04226065427065
      vertex 2.892382003366947 -21.300000000000004 70.49820946156979
      vertex 2.892382003366947 3.7 70.49820946156979
    endloop
  endfacet
  facet normal -0.2524915762532251 0 0.9675990925590835
    outer loop
      vertex 2.892382003366947 3.7 70.49820946156979
      vertex 4.412185445427895 -21.300000000000004 70.8947968184948
      vertex 4.412185445427895 3.7 70.8947968184948
    endloop
  endfacet
  facet normal -0.21430915294398042 0 0.976765881347436
    outer loop
      vertex 4.412185445427895 3.7 70.8947968184948
      vertex 5.946387119591236 -21.300000000000004 71.23141121864319
      vertex 5.946387119591236 3.7 71.23141121864319
    endloop
  endfacet
  facet normal -0.17579627888526342 0 0.9844265682772355
    outer loop
      vertex 5.946387119591236 3.7 71.23141121864319
      vertex 7.492621399462223 -21.300000000000004 71.50753362476826
      vertex 7.492621399462223 3.7 71.50753362476826
    endloop
  endfacet
  facet normal -0.13701234306744958 0 0.990569340251942
    outer loop
      vertex 7.492621399462223 3.7 71.50753362476826
      vertex 9.04850409924984 -21.300000000000004 71.72273828089237
      vertex 9.04850409924984 3.7 71.72273828089237
    endloop
  endfacet
  facet normal -0.09801713623516418 1.2834366246240729e-15 0.9951847270754597
    outer loop
      vertex 9.04850409924984 3.7 71.72273828089237
      vertex 10.133769545185054 -6.8000000000000025 71.82962759316926
      vertex 10.61163616925478 -6.8000000000000025 71.87669334560633
    endloop
  endfacet
  facet normal -0.058870806756077664 0 0.998265610001611
    outer loop
      vertex 10.61163616925478 3.7 71.87669334560633
      vertex 10.61163616925478 -6.8000000000000025 71.87669334560633
      vertex 12.17960736900568 -6.8000000000000025 71.96916145086288
    endloop
  endfacet
  facet normal -0.019633691667419618 0 0.9998072404976416
    outer loop
      vertex 12.17960736900568 3.7 71.96916145086288
      vertex 12.17960736900568 -6.8000000000000025 71.96916145086288
      vertex 13.75 -6.8000000000000025 72
    endloop
  endfacet
  facet normal -0.09801713623517654 1.1859527573319052e-18 0.9951847270754586
    outer loop
      vertex 9.04850409924984 3.7 71.72273828089237
      vertex 10.133769545185054 -10.800000000000002 71.82962759316926
      vertex 10.133769545185054 -6.8000000000000025 71.82962759316926
    endloop
  endfacet
  facet normal -0.9161879580480837 -4.688880212467799e-13 0.40074883097481745
    outer loop
      vertex -23.084020199545293 -3.8084214255213737 47.58433458566666
      vertex -23.07279391579562 -4.200000002980232 47.610000002980236
      vertex -22.575726956129074 -21.300000000000004 48.746389500796795
    endloop
  endfacet
  facet normal -0.9161879580454934 0 0.40074883098073955
    outer loop
      vertex -23.07279391579562 -4.200000002980232 47.610000002980236
      vertex -23.07279391579562 -8.799999997019768 47.610000002980236
      vertex -22.575726956129074 -21.300000000000004 48.746389500796795
    endloop
  endfacet
  facet normal -0.976765881347436 0 0.2143091529439804
    outer loop
      vertex -25.48141121864319 -11.799999997019768 39.803612880408764
      vertex -25.144796818494797 -21.300000000000004 41.337814554572105
      vertex -25.144796818494797 -11.799999997019768 41.337814554572105
    endloop
  endfacet
  facet normal -0.9675990925590835 0 0.2524915762532251
    outer loop
      vertex -25.144796818494797 -11.799999997019768 41.337814554572105
      vertex -24.748209461569786 -21.300000000000004 42.85761799663305
      vertex -24.748209461569786 -11.799999997019768 42.85761799663305
    endloop
  endfacet
  facet normal -0.9569403354792997 3.72018603438094e-18 0.2902846780881923
    outer loop
      vertex -24.748209461569786 -11.799999997019768 42.85761799663305
      vertex -24.29226065427065 -21.300000000000004 44.360679775476456
      vertex -24.29226065427065 -11.799999997019768 44.360679775476456
    endloop
  endfacet
  facet normal -0.9161879580454783 3.740778912142418e-15 0.40074883098077396
    outer loop
      vertex -23.07279391579562 -8.799999997019768 47.610000002980236
      vertex -23.084020199545293 -9.191578574478626 47.58433458566666
      vertex -22.575726956129074 -21.300000000000004 48.746389500796795
    endloop
  endfacet
  facet normal -0.9161879580454977 -1.3345766554829147e-15 0.40074883098072966
    outer loop
      vertex -23.117506964976126 -9.576457135379314 47.507777478396896
      vertex -22.575726956129074 -21.300000000000004 48.746389500796795
      vertex -23.084020199545293 -9.191578574478626 47.58433458566666
    endloop
  endfacet
  facet normal -0.8997482823183388 0 0.4364092442481012
    outer loop
      vertex -22.575726956129074 3.7 48.746389500796795
      vertex -22.575726956129074 -21.300000000000004 48.746389500796795
      vertex -21.890260964632034 -21.300000000000004 50.159619987010956
    endloop
  endfacet
  facet normal -0.9448060452963792 0 0.3276301829371286
    outer loop
      vertex -24.29226065427065 -11.799999997019768 44.360679775476456
      vertex -24.29226065427065 -21.300000000000004 44.360679775476456
      vertex -24.20580393423414 -11.799999997019768 44.610000002980236
    endloop
  endfacet
  facet normal -0.9448060452963771 4.740264350626822e-16 0.32763018293713475
    outer loop
      vertex -24.20580393423414 -11.799999997019768 44.610000002980236
      vertex -23.77765343338251 -21.300000000000004 45.84468228369951
      vertex -24.07001631771136 -11.774334579706192 45.001578580439094
    endloop
  endfacet
  facet normal -0.9448060452963795 -2.212031585842074e-16 0.3276301829371277
    outer loop
      vertex -24.07001631771136 -11.774334579706192 45.001578580439094
      vertex -23.77765343338251 -21.300000000000004 45.84468228369951
      vertex -23.936552064445586 -11.697777472436428 45.38645714133978
    endloop
  endfacet
  facet normal -0.9448060452963779 2.2917550828369335e-17 0.32763018293713225
    outer loop
      vertex -23.936552064445586 -11.697777472436428 45.38645714133978
      vertex -23.77765343338251 -21.300000000000004 45.84468228369951
      vertex -23.80769478586751 -11.571638591587543 45.758050303757194
    endloop
  endfacet
  facet normal -0.9448060452963787 0 0.3276301829371299
    outer loop
      vertex -23.77765343338251 -11.528916426739718 45.84468228369951
      vertex -23.80769478586751 -11.571638591587543 45.758050303757194
      vertex -23.77765343338251 -21.300000000000004 45.84468228369951
    endloop
  endfacet
  facet normal -0.9312149352495628 3.6537752152024455e-16 0.3644704986252696
    outer loop
      vertex -23.67381008016734 -11.398076206445694 46.110000002980236
      vertex -23.205181300640106 -21.300000000000004 47.307337291538715
      vertex -23.546104871482324 -11.180060021579266 46.43628429234028
    endloop
  endfacet
  facet normal -0.9312149352495639 6.226671880903087e-17 0.3644704986252666
    outer loop
      vertex -23.430629985866066 -10.921320341527462 46.73132034748793
      vertex -23.546104871482324 -11.180060021579266 46.43628429234028
      vertex -23.205181300640106 -21.300000000000004 47.307337291538715
    endloop
  endfacet
  facet normal -0.9312149352495636 8.51652153986353e-17 0.36447049862526765
    outer loop
      vertex -23.77765343338251 -11.528916426739718 45.84468228369951
      vertex -23.205181300640106 -21.300000000000004 47.307337291538715
      vertex -23.67381008016734 -11.398076206445694 46.110000002980236
    endloop
  endfacet
  facet normal -0.9161879580454922 2.251813941564269e-16 0.40074883098074204
    outer loop
      vertex -23.117506964976126 -9.576457135379314 47.507777478396896
      vertex -23.172681242914955 -9.948050297796726 47.38163859754801
      vertex -22.575726956129074 -21.300000000000004 48.746389500796795
    endloop
  endfacet
  facet normal -0.916187958045495 -7.00419008411628e-16 0.4007488309807356
    outer loop
      vertex -23.172681242914955 -9.948050297796726 47.38163859754801
      vertex -23.205181300640106 -10.098718441014961 47.307337291538715
      vertex -22.575726956129074 -21.300000000000004 48.746389500796795
    endloop
  endfacet
  facet normal -0.9312149352495669 0 0.3644704986252592
    outer loop
      vertex -23.205181300640106 -10.098718441014961 47.307337291538715
      vertex -23.24403133797958 -10.299999997019768 47.20807621240616
      vertex -23.205181300640106 -21.300000000000004 47.307337291538715
    endloop
  endfacet
  facet normal -0.9312149352495598 1.8417045679978284e-16 0.364470498625277
    outer loop
      vertex -23.24403133797958 -10.299999997019768 47.20807621240616
      vertex -23.329361227566622 -10.626284286379814 46.990060027539734
      vertex -23.205181300640106 -21.300000000000004 47.307337291538715
    endloop
  endfacet
  facet normal -0.9312149352495671 -4.4071243925042015e-16 0.3644704986252587
    outer loop
      vertex -23.430629985866066 -10.921320341527462 46.73132034748793
      vertex -23.205181300640106 -21.300000000000004 47.307337291538715
      vertex -23.329361227566622 -10.626284286379814 46.990060027539734
    endloop
  endfacet
  facet normal -0.8819212643443392 0 0.47139673683351074
    outer loop
      vertex -21.890260964632034 3.7 50.159619987010956
      vertex -21.890260964632034 -21.300000000000004 50.159619987010956
      vertex -21.149840280413628 -21.300000000000004 51.544849656522274
    endloop
  endfacet
  facet normal -0.8627343868073287 0 0.5056573719626588
    outer loop
      vertex -21.149840280413628 3.7 51.544849656522274
      vertex -21.149840280413628 -21.300000000000004 51.544849656522274
      vertex -20.355606570839882 -21.300000000000004 52.899942591786385
    endloop
  endfacet
  facet normal -0.8422172352753996 0 0.5391383204754253
    outer loop
      vertex -20.355606570839882 3.7 52.899942591786385
      vertex -20.355606570839882 -21.300000000000004 52.899942591786385
      vertex -19.508784495294094 -21.300000000000004 54.222809322178364
    endloop
  endfacet
  facet normal -0.8204014430698211 0 0.5717879608814401
    outer loop
      vertex -19.508784495294094 3.7 54.222809322178364
      vertex -19.508784495294094 -21.300000000000004 54.222809322178364
      vertex -18.610679775476456 -21.300000000000004 55.51141009479761
    endloop
  endfacet
  facet normal -0.7973206534647818 0 0.6035559423603526
    outer loop
      vertex -18.610679775476456 3.7 55.51141009479761
      vertex -18.610679775476456 -21.300000000000004 55.51141009479761
      vertex -17.662677235901356 -21.300000000000004 56.76375797390938
    endloop
  endfacet
  facet normal -0.7730104517196759 0 0.6343932861657213
    outer loop
      vertex -17.662677235901356 3.7 56.76375797390938
      vertex -17.662677235901356 -21.300000000000004 56.76375797390938
      vertex -16.666238620877266 -21.300000000000004 57.977921932935715
    endloop
  endfacet
  facet normal -0.7475083264867453 0 0.6642524383342414
    outer loop
      vertex -16.666238620877266 3.7 57.977921932935715
      vertex -16.666238620877266 -21.300000000000004 57.977921932935715
      vertex -15.622900374233723 -21.300000000000004 59.15202981978655
    endloop
  endfacet
  facet normal -0.976765881347436 0 0.2143091529439804
    outer loop
      vertex -25.48141121864319 -11.799999997019768 39.803612880408764
      vertex -25.48141121864319 -21.300000000000004 39.803612880408764
      vertex -25.144796818494797 -21.300000000000004 41.337814554572105
    endloop
  endfacet
  facet normal -0.9675990925590835 0 0.2524915762532251
    outer loop
      vertex -25.144796818494797 -11.799999997019768 41.337814554572105
      vertex -25.144796818494797 -21.300000000000004 41.337814554572105
      vertex -24.748209461569786 -21.300000000000004 42.85761799663305
    endloop
  endfacet
  facet normal -0.9569403354792997 0 0.2902846780881923
    outer loop
      vertex -24.748209461569786 -11.799999997019768 42.85761799663305
      vertex -24.748209461569786 -21.300000000000004 42.85761799663305
      vertex -24.29226065427065 -21.300000000000004 44.360679775476456
    endloop
  endfacet
  facet normal -0.9448060452963782 -7.077049150712528e-17 0.327630182937131
    outer loop
      vertex -24.20580393423414 -11.799999997019768 44.610000002980236
      vertex -24.29226065427065 -21.300000000000004 44.360679775476456
      vertex -23.77765343338251 -21.300000000000004 45.84468228369951
    endloop
  endfacet
  facet normal -0.9312149352495638 0 0.36447049862526715
    outer loop
      vertex -23.77765343338251 -11.528916426739718 45.84468228369951
      vertex -23.77765343338251 -21.300000000000004 45.84468228369951
      vertex -23.205181300640106 -21.300000000000004 47.307337291538715
    endloop
  endfacet
  facet normal -0.9161879580454931 0 0.40074883098074016
    outer loop
      vertex -23.205181300640106 -10.098718441014961 47.307337291538715
      vertex -23.205181300640106 -21.300000000000004 47.307337291538715
      vertex -22.575726956129074 -21.300000000000004 48.746389500796795
    endloop
  endfacet
  facet normal 0 -1 0
    outer loop
      vertex -25.48141121864319 -21.300000000000004 39.803612880408764
      vertex -20.057403922080994 -21.300000000000004 41.058666579425335
      vertex -25.144796818494797 -21.300000000000004 41.337814554572105
    endloop
  endfacet
  facet normal 0 -1 0
    outer loop
      vertex -20.485166028141975 -21.300000000000004 39.27690917998552
      vertex -20.057403922080994 -21.300000000000004 41.058666579425335
      vertex -25.48141121864319 -21.300000000000004 39.803612880408764
    endloop
  endfacet
  facet normal 0 -1 0
    outer loop
      vertex -25.144796818494797 -21.300000000000004 41.337814554572105
      vertex -20.057403922080994 -21.300000000000004 41.058666579425335
      vertex -19.53697807341814 -21.300000000000004 42.81559479981661
    endloop
  endfacet
  facet normal 0 -1 0
    outer loop
      vertex -25.144796818494797 -21.300000000000004 41.337814554572105
      vertex -19.53697807341814 -21.300000000000004 42.81559479981661
      vertex -24.748209461569786 -21.300000000000004 42.85761799663305
    endloop
  endfacet
  facet normal 0 -1 0
    outer loop
      vertex -24.748209461569786 -21.300000000000004 42.85761799663305
      vertex -18.92531492561102 -21.300000000000004 44.54287823289633
      vertex -24.29226065427065 -21.300000000000004 44.360679775476456
    endloop
  endfacet
  facet normal 0 -1 0
    outer loop
      vertex -24.29226065427065 -21.300000000000004 44.360679775476456
      vertex -18.22409101575613 -21.300000000000004 46.235782504081726
      vertex -23.77765343338251 -21.300000000000004 45.84468228369951
    endloop
  endfacet
  facet normal 0 -1 0
    outer loop
      vertex -23.77765343338251 -21.300000000000004 45.84468228369951
      vertex -18.22409101575613 -21.300000000000004 46.235782504081726
      vertex -23.205181300640106 -21.300000000000004 47.307337291538715
    endloop
  endfacet
  facet normal 0 -1 0
    outer loop
      vertex -24.748209461569786 -21.300000000000004 42.85761799663305
      vertex -19.53697807341814 -21.300000000000004 42.81559479981661
      vertex -18.92531492561102 -21.300000000000004 44.54287823289633
    endloop
  endfacet
  facet normal 0 -1 0
    outer loop
      vertex -24.29226065427065 -21.300000000000004 44.360679775476456
      vertex -18.92531492561102 -21.300000000000004 44.54287823289633
      vertex -18.22409101575613 -21.300000000000004 46.235782504081726
    endloop
  endfacet
  facet normal 0 -1 0
    outer loop
      vertex -23.205181300640106 -21.300000000000004 47.307337291538715
      vertex -17.43522834777832 -21.300000000000004 47.889667488634586
      vertex -22.575726956129074 -21.300000000000004 48.746389500796795
    endloop
  endfacet
  facet normal 0 -1 0
    outer loop
      vertex -23.205181300640106 -21.300000000000004 47.307337291538715
      vertex -18.22409101575613 -21.300000000000004 46.235782504081726
      vertex -17.43522834777832 -21.300000000000004 47.889667488634586
    endloop
  endfacet
  facet normal 0 -1 0
    outer loop
      vertex -22.575726956129074 -21.300000000000004 48.746389500796795
      vertex -17.43522834777832 -21.300000000000004 47.889667488634586
      vertex -16.56088913232088 -21.300000000000004 49.5
    endloop
  endfacet
  facet normal 0 -1 0
    outer loop
      vertex -22.575726956129074 -21.300000000000004 48.746389500796795
      vertex -16.56088913232088 -21.300000000000004 49.5
      vertex -21.890260964632034 -21.300000000000004 50.159619987010956
    endloop
  endfacet
  facet normal 0 -1 0
    outer loop
      vertex -21.890260964632034 -21.300000000000004 50.159619987010956
      vertex -15.603469878435135 -21.300000000000004 51.06236622482538
      vertex -21.149840280413628 -21.300000000000004 51.544849656522274
    endloop
  endfacet
  facet normal 0 -1 0
    outer loop
      vertex -21.890260964632034 -21.300000000000004 50.159619987010956
      vertex -16.56088913232088 -21.300000000000004 49.5
      vertex -15.603469878435135 -21.300000000000004 51.06236622482538
    endloop
  endfacet
  facet normal 0 -1 0
    outer loop
      vertex -21.149840280413628 -21.300000000000004 51.544849656522274
      vertex -15.603469878435135 -21.300000000000004 51.06236622482538
      vertex -14.565594799816608 -21.300000000000004 52.57248383015394
    endloop
  endfacet
  facet normal 0 -1 0
    outer loop
      vertex -21.149840280413628 -21.300000000000004 51.544849656522274
      vertex -14.565594799816608 -21.300000000000004 52.57248383015394
      vertex -20.355606570839882 -21.300000000000004 52.899942591786385
    endloop
  endfacet
  facet normal 0 -1 0
    outer loop
      vertex -20.355606570839882 -21.300000000000004 52.899942591786385
      vertex -13.450108647346497 -21.300000000000004 54.02621368318796
      vertex -19.508784495294094 -21.300000000000004 54.222809322178364
    endloop
  endfacet
  facet normal 0 -1 0
    outer loop
      vertex -19.508784495294094 -21.300000000000004 54.222809322178364
      vertex -12.260068893432617 -21.300000000000004 55.419571220874786
      vertex -18.610679775476456 -21.300000000000004 55.51141009479761
    endloop
  endfacet
  facet normal 0 -1 0
    outer loop
      vertex -15.710737705230713 -21.300000000000004 39.893980875611305
      vertex -10.523091085255146 -21.300000000000004 41.31756668537855
      vertex -15.25722374767065 -21.300000000000004 41.425018325448036
    endloop
  endfacet
  facet normal 0 -1 0
    outer loop
      vertex -15.710737705230713 -21.300000000000004 39.893980875611305
      vertex -10.97746942192316 -21.300000000000004 40.034441851079464
      vertex -10.523091085255146 -21.300000000000004 41.31756668537855
    endloop
  endfacet
  facet normal 0 -1 0
    outer loop
      vertex -15.25722374767065 -21.300000000000004 41.425018325448036
      vertex -10.523091085255146 -21.300000000000004 41.31756668537855
      vertex -10.002181895077229 -21.300000000000004 42.57515271753073
    endloop
  endfacet
  facet normal 0 -1 0
    outer loop
      vertex -15.25722374767065 -21.300000000000004 41.425018325448036
      vertex -10.002181895077229 -21.300000000000004 42.57515271753073
      vertex -14.724203005433083 -21.300000000000004 42.93022245913744
    endloop
  endfacet
  facet normal 0 -1 0
    outer loop
      vertex -14.724203005433083 -21.300000000000004 42.93022245913744
      vertex -9.416169628500938 -21.300000000000004 43.80375299602747
      vertex -14.11313645541668 -21.300000000000004 44.40546761453152
    endloop
  endfacet
  facet normal 0 -1 0
    outer loop
      vertex -14.724203005433083 -21.300000000000004 42.93022245913744
      vertex -10.002181895077229 -21.300000000000004 42.57515271753073
      vertex -9.416169628500938 -21.300000000000004 43.80375299602747
    endloop
  endfacet
  facet normal 0 -1 0
    outer loop
      vertex -14.11313645541668 -21.300000000000004 44.40546761453152
      vertex -8.055434763431549 -21.300000000000004 46.16061490774155
      vertex -13.42569898813963 -21.300000000000004 45.84671024233103
    endloop
  endfacet
  facet normal 0 -1 0
    outer loop
      vertex -14.11313645541668 -21.300000000000004 44.40546761453152
      vertex -9.416169628500938 -21.300000000000004 43.80375299602747
      vertex -8.766660496592522 -21.300000000000004 45
    endloop
  endfacet
  facet normal 0 -1 0
    outer loop
      vertex -14.11313645541668 -21.300000000000004 44.40546761453152
      vertex -8.766660496592522 -21.300000000000004 45
      vertex -8.055434763431549 -21.300000000000004 46.16061490774155
    endloop
  endfacet
  facet normal 0 -1 0
    outer loop
      vertex -13.42569898813963 -21.300000000000004 45.84671024233103
      vertex -7.284441851079464 -21.300000000000004 47.2824165597558
      vertex -12.663774818181992 -21.300000000000004 47.25
    endloop
  endfacet
  facet normal 0 -1 0
    outer loop
      vertex -13.42569898813963 -21.300000000000004 45.84671024233103
      vertex -8.055434763431549 -21.300000000000004 46.16061490774155
      vertex -7.284441851079464 -21.300000000000004 47.2824165597558
    endloop
  endfacet
  facet normal 0 -1 0
    outer loop
      vertex -12.663774818181992 -21.300000000000004 47.25
      vertex -6.455794997513294 -21.300000000000004 48.36233016848564
      vertex -11.829452320933342 -21.300000000000004 48.611490570008755
    endloop
  endfacet
  facet normal 0 -1 0
    outer loop
      vertex -12.663774818181992 -21.300000000000004 47.25
      vertex -7.284441851079464 -21.300000000000004 47.2824165597558
      vertex -6.455794997513294 -21.300000000000004 48.36233016848564
    endloop
  endfacet
  facet normal 0 -1 0
    outer loop
      vertex -11.829452320933342 -21.300000000000004 48.611490570008755
      vertex -6.455794997513294 -21.300000000000004 48.36233016848564
      vertex -5.571765460073948 -21.300000000000004 49.39739576727152
    endloop
  endfacet
  facet normal 0 -1 0
    outer loop
      vertex -20.355606570839882 -21.300000000000004 52.899942591786385
      vertex -14.565594799816608 -21.300000000000004 52.57248383015394
      vertex -13.450108647346497 -21.300000000000004 54.02621368318796
    endloop
  endfacet
  facet normal 0 -1 0
    outer loop
      vertex -19.508784495294094 -21.300000000000004 54.222809322178364
      vertex -13.450108647346497 -21.300000000000004 54.02621368318796
      vertex -12.260068893432617 -21.300000000000004 55.419571220874786
    endloop
  endfacet
  facet normal 0 -1 0
    outer loop
      vertex -18.610679775476456 -21.300000000000004 55.51141009479761
      vertex -10.998737342655659 -21.300000000000004 56.74873734265566
      vertex -17.662677235901356 -21.300000000000004 56.76375797390938
    endloop
  endfacet
  facet normal 0 -1 0
    outer loop
      vertex -18.610679775476456 -21.300000000000004 55.51141009479761
      vertex -12.260068893432617 -21.300000000000004 55.419571220874786
      vertex -10.998737342655659 -21.300000000000004 56.74873734265566
    endloop
  endfacet
  facet normal 0 -1 0
    outer loop
      vertex -17.662677235901356 -21.300000000000004 56.76375797390938
      vertex -9.669571220874786 -21.300000000000004 58.01006889343262
      vertex -16.666238620877266 -21.300000000000004 57.977921932935715
    endloop
  endfacet
  facet normal 0 -1 0
    outer loop
      vertex -17.662677235901356 -21.300000000000004 56.76375797390938
      vertex -10.998737342655659 -21.300000000000004 56.74873734265566
      vertex -9.669571220874786 -21.300000000000004 58.01006889343262
    endloop
  endfacet
  facet normal 0 -1 0
    outer loop
      vertex -16.666238620877266 -21.300000000000004 57.977921932935715
      vertex -8.276213683187962 -21.300000000000004 59.2001086473465
      vertex -15.622900374233723 -21.300000000000004 59.15202981978655
    endloop
  endfacet
  facet normal 0 -1 0
    outer loop
      vertex -16.666238620877266 -21.300000000000004 57.977921932935715
      vertex -9.669571220874786 -21.300000000000004 58.01006889343262
      vertex -8.276213683187962 -21.300000000000004 59.2001086473465
    endloop
  endfacet
  facet normal 0 -1 0
    outer loop
      vertex -11.829452320933342 -21.300000000000004 48.611490570008755
      vertex -4.634776309132576 -21.300000000000004 50.384776309132576
      vertex -10.925018325448036 -21.300000000000004 49.92745019495487
    endloop
  endfacet
  facet normal 0 -1 0
    outer loop
      vertex -10.925018325448036 -21.300000000000004 49.92745019495487
      vertex -3.6473957672715187 -21.300000000000004 51.32176546007395
      vertex -9.952951826155186 -21.300000000000004 51.19427192956209
    endloop
  endfacet
  facet normal 0 -1 0
    outer loop
      vertex -11.829452320933342 -21.300000000000004 48.611490570008755
      vertex -5.571765460073948 -21.300000000000004 49.39739576727152
      vertex -4.634776309132576 -21.300000000000004 50.384776309132576
    endloop
  endfacet
  facet normal 0 -1 0
    outer loop
      vertex -10.925018325448036 -21.300000000000004 49.92745019495487
      vertex -4.634776309132576 -21.300000000000004 50.384776309132576
      vertex -3.6473957672715187 -21.300000000000004 51.32176546007395
    endloop
  endfacet
  facet normal 0 -1 0
    outer loop
      vertex -9.952951826155186 -21.300000000000004 51.19427192956209
      vertex -1.5324165597558022 -21.300000000000004 53.034441851079464
      vertex -8.915917180478573 -21.300000000000004 52.40848349034786
    endloop
  endfacet
  facet normal -0.720853598326221 0 0.6930873608573016
    outer loop
      vertex -15.622900374233723 3.7 59.15202981978655
      vertex -15.622900374233723 -21.300000000000004 59.15202981978655
      vertex -14.534271247684956 -21.300000000000004 60.284271247684956
    endloop
  endfacet
  facet normal -0.6930873608573016 0 0.720853598326221
    outer loop
      vertex -14.534271247684956 3.7 60.284271247684956
      vertex -14.534271247684956 -21.300000000000004 60.284271247684956
      vertex -13.402029819786549 -21.300000000000004 61.37290037423372
    endloop
  endfacet
  facet normal -0.6642524383342414 0 0.7475083264867453
    outer loop
      vertex -13.402029819786549 3.7 61.37290037423372
      vertex -13.402029819786549 -21.300000000000004 61.37290037423372
      vertex -12.227921932935715 -21.300000000000004 62.416238620877266
    endloop
  endfacet
  facet normal -0.6343932861657213 0 0.7730104517196759
    outer loop
      vertex -12.227921932935715 3.7 62.416238620877266
      vertex -12.227921932935715 -21.300000000000004 62.416238620877266
      vertex -11.013757973909378 -21.300000000000004 63.412677235901356
    endloop
  endfacet
  facet normal -0.6035559423603526 0 0.7973206534647818
    outer loop
      vertex -11.013757973909378 3.7 63.412677235901356
      vertex -11.013757973909378 -21.300000000000004 63.412677235901356
      vertex -9.761410094797611 -21.300000000000004 64.36067977547646
    endloop
  endfacet
  facet normal -0.5717879608814401 0 0.8204014430698211
    outer loop
      vertex -9.761410094797611 3.7 64.36067977547646
      vertex -9.761410094797611 -21.300000000000004 64.36067977547646
      vertex -8.472809322178364 -21.300000000000004 65.2587844952941
    endloop
  endfacet
  facet normal -0.5391383204754253 0 0.8422172352753996
    outer loop
      vertex -8.472809322178364 3.7 65.2587844952941
      vertex -8.472809322178364 -21.300000000000004 65.2587844952941
      vertex -7.149942591786385 -21.300000000000004 66.10560657083988
    endloop
  endfacet
  facet normal -0.5056573719626588 0 0.8627343868073287
    outer loop
      vertex -7.149942591786385 3.7 66.10560657083988
      vertex -7.149942591786385 -21.300000000000004 66.10560657083988
      vertex -5.794849656522274 -21.300000000000004 66.89984028041363
    endloop
  endfacet
  facet normal 0 -1 0
    outer loop
      vertex -15.622900374233723 -21.300000000000004 59.15202981978655
      vertex -6.822483830153942 -21.300000000000004 60.31559479981661
      vertex -14.534271247684956 -21.300000000000004 60.284271247684956
    endloop
  endfacet
  facet normal 0 -1 0
    outer loop
      vertex -15.622900374233723 -21.300000000000004 59.15202981978655
      vertex -8.276213683187962 -21.300000000000004 59.2001086473465
      vertex -6.822483830153942 -21.300000000000004 60.31559479981661
    endloop
  endfacet
  facet normal 0 -1 0
    outer loop
      vertex -14.534271247684956 -21.300000000000004 60.284271247684956
      vertex -5.312366224825382 -21.300000000000004 61.353469878435135
      vertex -13.402029819786549 -21.300000000000004 61.37290037423372
    endloop
  endfacet
  facet normal 0 -1 0
    outer loop
      vertex -14.534271247684956 -21.300000000000004 60.284271247684956
      vertex -6.822483830153942 -21.300000000000004 60.31559479981661
      vertex -5.312366224825382 -21.300000000000004 61.353469878435135
    endloop
  endfacet
  facet normal 0 -1 0
    outer loop
      vertex -13.402029819786549 -21.300000000000004 61.37290037423372
      vertex -3.75 -21.300000000000004 62.31088913232088
      vertex -12.227921932935715 -21.300000000000004 62.416238620877266
    endloop
  endfacet
  facet normal 0 -1 0
    outer loop
      vertex -13.402029819786549 -21.300000000000004 61.37290037423372
      vertex -5.312366224825382 -21.300000000000004 61.353469878435135
      vertex -3.75 -21.300000000000004 62.31088913232088
    endloop
  endfacet
  facet normal 0 -1 0
    outer loop
      vertex -12.227921932935715 -21.300000000000004 62.416238620877266
      vertex -2.1396674886345863 -21.300000000000004 63.18522834777832
      vertex -11.013757973909378 -21.300000000000004 63.412677235901356
    endloop
  endfacet
  facet normal 0 -1 0
    outer loop
      vertex -11.013757973909378 -21.300000000000004 63.412677235901356
      vertex 1.207121767103672 -21.300000000000004 64.67531492561102
      vertex -9.761410094797611 -21.300000000000004 64.36067977547646
    endloop
  endfacet
  facet normal 0 -1 0
    outer loop
      vertex -9.952951826155186 -21.300000000000004 51.19427192956209
      vertex -3.6473957672715187 -21.300000000000004 51.32176546007395
      vertex -2.6123301684856415 -21.300000000000004 52.205794997513294
    endloop
  endfacet
  facet normal 0 -1 0
    outer loop
      vertex -8.915917180478573 -21.300000000000004 52.40848349034786
      vertex -0.41061490774154663 -21.300000000000004 53.80543476343155
      vertex -7.816756829619408 -21.300000000000004 53.56675682961941
    endloop
  endfacet
  facet normal 0 -1 0
    outer loop
      vertex -9.952951826155186 -21.300000000000004 51.19427192956209
      vertex -2.6123301684856415 -21.300000000000004 52.205794997513294
      vertex -1.5324165597558022 -21.300000000000004 53.034441851079464
    endloop
  endfacet
  facet normal 0 -1 0
    outer loop
      vertex -7.816756829619408 -21.300000000000004 53.56675682961941
      vertex 0.75 -21.300000000000004 54.51666049659252
      vertex -6.658483490347862 -21.300000000000004 54.66591718047857
    endloop
  endfacet
  facet normal 0 -1 0
    outer loop
      vertex -8.915917180478573 -21.300000000000004 52.40848349034786
      vertex -1.5324165597558022 -21.300000000000004 53.034441851079464
      vertex -0.41061490774154663 -21.300000000000004 53.80543476343155
    endloop
  endfacet
  facet normal 0 -1 0
    outer loop
      vertex -7.816756829619408 -21.300000000000004 53.56675682961941
      vertex -0.41061490774154663 -21.300000000000004 53.80543476343155
      vertex 0.75 -21.300000000000004 54.51666049659252
    endloop
  endfacet
  facet normal 0 -1 0
    outer loop
      vertex -6.658483490347862 -21.300000000000004 54.66591718047857
      vertex 3.1748472824692726 -21.300000000000004 55.75218189507723
      vertex -5.444271929562092 -21.300000000000004 55.702951826155186
    endloop
  endfacet
  facet normal 0 -1 0
    outer loop
      vertex -6.658483490347862 -21.300000000000004 54.66591718047857
      vertex 0.75 -21.300000000000004 54.51666049659252
      vertex 1.9462470039725304 -21.300000000000004 55.16616962850094
    endloop
  endfacet
  facet normal 0 -1 0
    outer loop
      vertex -6.658483490347862 -21.300000000000004 54.66591718047857
      vertex 1.9462470039725304 -21.300000000000004 55.16616962850094
      vertex 3.1748472824692726 -21.300000000000004 55.75218189507723
    endloop
  endfacet
  facet normal 0 -1 0
    outer loop
      vertex -5.444271929562092 -21.300000000000004 55.702951826155186
      vertex 7.0207048282027245 -21.300000000000004 57.11407148092985
      vertex -4.177450194954872 -21.300000000000004 56.675018325448036
    endloop
  endfacet
  facet normal 0 -1 0
    outer loop
      vertex -5.444271929562092 -21.300000000000004 55.702951826155186
      vertex 3.1748472824692726 -21.300000000000004 55.75218189507723
      vertex 4.4324333146214485 -21.300000000000004 56.273091085255146
    endloop
  endfacet
  facet normal 0 -1 0
    outer loop
      vertex -5.444271929562092 -21.300000000000004 55.702951826155186
      vertex 4.4324333146214485 -21.300000000000004 56.273091085255146
      vertex 5.715558148920536 -21.300000000000004 56.72746942192316
    endloop
  endfacet
  facet normal 0 -1 0
    outer loop
      vertex -5.444271929562092 -21.300000000000004 55.702951826155186
      vertex 5.715558148920536 -21.300000000000004 56.72746942192316
      vertex 7.0207048282027245 -21.300000000000004 57.11407148092985
    endloop
  endfacet
  facet normal 0 -1 0
    outer loop
      vertex -4.177450194954872 -21.300000000000004 56.675018325448036
      vertex 12.38926513493061 -21.300000000000004 57.964367903769016
      vertex -2.8614905700087547 -21.300000000000004 57.57945232093334
    endloop
  endfacet
  facet normal 0 -1 0
    outer loop
      vertex -4.177450194954872 -21.300000000000004 56.675018325448036
      vertex 7.0207048282027245 -21.300000000000004 57.11407148092985
      vertex 8.344296038150787 -21.300000000000004 57.43183761835098
    endloop
  endfacet
  facet normal 0 -1 0
    outer loop
      vertex -4.177450194954872 -21.300000000000004 56.675018325448036
      vertex 8.344296038150787 -21.300000000000004 57.43183761835098
      vertex 9.682703912258148 -21.300000000000004 57.67989685386419
    endloop
  endfacet
  facet normal 0 -1 0
    outer loop
      vertex -4.177450194954872 -21.300000000000004 56.675018325448036
      vertex 9.682703912258148 -21.300000000000004 57.67989685386419
      vertex 11.032259956002235 -21.300000000000004 57.85756927728653
    endloop
  endfacet
  facet normal 0 -1 0
    outer loop
      vertex -4.177450194954872 -21.300000000000004 56.675018325448036
      vertex 11.032259956002235 -21.300000000000004 57.85756927728653
      vertex 12.38926513493061 -21.300000000000004 57.964367903769016
    endloop
  endfacet
  facet normal 0 -1 0
    outer loop
      vertex -2.8614905700087547 -21.300000000000004 57.57945232093334
      vertex 26.155467614531517 -21.300000000000004 59.86313645541668
      vertex -1.5 -21.300000000000004 58.41377481818199
    endloop
  endfacet
  facet normal 0 -1 0
    outer loop
      vertex -2.8614905700087547 -21.300000000000004 57.57945232093334
      vertex 12.38926513493061 -21.300000000000004 57.964367903769016
      vertex 26.155467614531517 -21.300000000000004 59.86313645541668
    endloop
  endfacet
  facet normal -0.47139673683351074 0 0.8819212643443392
    outer loop
      vertex -5.794849656522274 3.7 66.89984028041363
      vertex -5.794849656522274 -21.300000000000004 66.89984028041363
      vertex -4.409619987010956 -21.300000000000004 67.64026096463203
    endloop
  endfacet
  facet normal -0.4364092442481012 0 0.8997482823183388
    outer loop
      vertex -4.409619987010956 3.7 67.64026096463203
      vertex -4.409619987010956 -21.300000000000004 67.64026096463203
      vertex -2.996389500796795 -21.300000000000004 68.32572695612907
    endloop
  endfacet
  facet normal -0.4007488309807401 0 0.916187958045493
    outer loop
      vertex -2.996389500796795 3.7 68.32572695612907
      vertex -2.996389500796795 -21.300000000000004 68.32572695612907
      vertex -1.5573372915387154 -21.300000000000004 68.9551813006401
    endloop
  endfacet
  facet normal -0.3644704986252671 0 0.9312149352495637
    outer loop
      vertex -1.5573372915387154 3.7 68.9551813006401
      vertex -1.5573372915387154 -21.300000000000004 68.9551813006401
      vertex -0.09468228369951248 -21.300000000000004 69.52765343338251
    endloop
  endfacet
  facet normal -0.3276301829371309 0 0.9448060452963782
    outer loop
      vertex -0.09468228369951248 3.7 69.52765343338251
      vertex -0.09468228369951248 -21.300000000000004 69.52765343338251
      vertex 1.3893202245235443 -21.300000000000004 70.04226065427065
    endloop
  endfacet
  facet normal -0.29028467808819225 0 0.9569403354792997
    outer loop
      vertex 1.3893202245235443 3.7 70.04226065427065
      vertex 1.3893202245235443 -21.300000000000004 70.04226065427065
      vertex 2.892382003366947 -21.300000000000004 70.49820946156979
    endloop
  endfacet
  facet normal -0.2524915762532251 0 0.9675990925590835
    outer loop
      vertex 2.892382003366947 3.7 70.49820946156979
      vertex 2.892382003366947 -21.300000000000004 70.49820946156979
      vertex 4.412185445427895 -21.300000000000004 70.8947968184948
    endloop
  endfacet
  facet normal -0.09801713623519565 -1.44170955257401e-15 0.9951847270754565
    outer loop
      vertex 9.04850409924984 3.7 71.72273828089237
      vertex 10.61163616925478 -21.300000000000004 71.87669334560633
      vertex 10.133769545185054 -10.800000000000002 71.82962759316926
    endloop
  endfacet
  facet normal -0.21430915294398042 0 0.976765881347436
    outer loop
      vertex 4.412185445427895 3.7 70.8947968184948
      vertex 4.412185445427895 -21.300000000000004 70.8947968184948
      vertex 5.946387119591236 -21.300000000000004 71.23141121864319
    endloop
  endfacet
  facet normal -0.17579627888526342 0 0.9844265682772355
    outer loop
      vertex 5.946387119591236 3.7 71.23141121864319
      vertex 5.946387119591236 -21.300000000000004 71.23141121864319
      vertex 7.492621399462223 -21.300000000000004 71.50753362476826
    endloop
  endfacet
  facet normal -0.13701234306744958 0 0.990569340251942
    outer loop
      vertex 7.492621399462223 3.7 71.50753362476826
      vertex 7.492621399462223 -21.300000000000004 71.50753362476826
      vertex 9.04850409924984 -21.300000000000004 71.72273828089237
    endloop
  endfacet
  facet normal -0.09801713623517277 0 0.9951847270754589
    outer loop
      vertex 9.04850409924984 3.7 71.72273828089237
      vertex 9.04850409924984 -21.300000000000004 71.72273828089237
      vertex 10.61163616925478 -21.300000000000004 71.87669334560633
    endloop
  endfacet
  facet normal -0.09801713623516424 1.8299421663163635e-19 0.9951847270754597
    outer loop
      vertex 10.133769545185054 -10.800000000000002 71.82962759316926
      vertex 10.61163616925478 -21.300000000000004 71.87669334560633
      vertex 10.61163616925478 -10.800000000000002 71.87669334560633
    endloop
  endfacet
  facet normal -0.058870806756077664 0 0.998265610001611
    outer loop
      vertex 10.61163616925478 -10.800000000000002 71.87669334560633
      vertex 12.17960736900568 -21.300000000000004 71.96916145086288
      vertex 12.17960736900568 -10.800000000000002 71.96916145086288
    endloop
  endfacet
  facet normal -0.019633691667419618 0 0.9998072404976416
    outer loop
      vertex 12.17960736900568 -10.800000000000002 71.96916145086288
      vertex 13.75 -21.300000000000004 72
      vertex 13.75 -10.800000000000002 72
    endloop
  endfacet
  facet normal 0 -1 0
    outer loop
      vertex -12.227921932935715 -21.300000000000004 62.416238620877266
      vertex -3.75 -21.300000000000004 62.31088913232088
      vertex -2.1396674886345863 -21.300000000000004 63.18522834777832
    endloop
  endfacet
  facet normal 0 -1 0
    outer loop
      vertex -11.013757973909378 -21.300000000000004 63.412677235901356
      vertex -2.1396674886345863 -21.300000000000004 63.18522834777832
      vertex -0.4857825040817261 -21.300000000000004 63.97409101575613
    endloop
  endfacet
  facet normal 0 -1 0
    outer loop
      vertex -11.013757973909378 -21.300000000000004 63.412677235901356
      vertex -0.4857825040817261 -21.300000000000004 63.97409101575613
      vertex 1.207121767103672 -21.300000000000004 64.67531492561102
    endloop
  endfacet
  facet normal 0 -1 0
    outer loop
      vertex -9.761410094797611 -21.300000000000004 64.36067977547646
      vertex 2.9344052001833916 -21.300000000000004 65.28697807341814
      vertex -8.472809322178364 -21.300000000000004 65.2587844952941
    endloop
  endfacet
  facet normal 0 -1 0
    outer loop
      vertex -8.472809322178364 -21.300000000000004 65.2587844952941
      vertex 6.473090820014477 -21.300000000000004 66.23516602814198
      vertex -7.149942591786385 -21.300000000000004 66.10560657083988
    endloop
  endfacet
  facet normal 0 -1 0
    outer loop
      vertex -9.761410094797611 -21.300000000000004 64.36067977547646
      vertex 1.207121767103672 -21.300000000000004 64.67531492561102
      vertex 2.9344052001833916 -21.300000000000004 65.28697807341814
    endloop
  endfacet
  facet normal 0 -1 0
    outer loop
      vertex -8.472809322178364 -21.300000000000004 65.2587844952941
      vertex 2.9344052001833916 -21.300000000000004 65.28697807341814
      vertex 4.691333420574665 -21.300000000000004 65.807403922081
    endloop
  endfacet
  facet normal 0 -1 0
    outer loop
      vertex -8.472809322178364 -21.300000000000004 65.2587844952941
      vertex 4.691333420574665 -21.300000000000004 65.807403922081
      vertex 6.473090820014477 -21.300000000000004 66.23516602814198
    endloop
  endfacet
  facet normal 0 -1 0
    outer loop
      vertex -7.149942591786385 -21.300000000000004 66.10560657083988
      vertex 6.473090820014477 -21.300000000000004 66.23516602814198
      vertex 8.274793721735477 -21.300000000000004 66.56909192353487
    endloop
  endfacet
  facet normal 0 -1 0
    outer loop
      vertex -7.149942591786385 -21.300000000000004 66.10560657083988
      vertex 8.274793721735477 -21.300000000000004 66.56909192353487
      vertex 10.091503784060478 -21.300000000000004 66.80826633423567
    endloop
  endfacet
  facet normal 0 -1 0
    outer loop
      vertex -1.5 -21.300000000000004 58.41377481818199
      vertex 24.68022245913744 -21.300000000000004 60.47420300543308
      vertex -0.09671024233102798 -21.300000000000004 59.17569898813963
    endloop
  endfacet
  facet normal 0 -1 0
    outer loop
      vertex -0.09671024233102798 -21.300000000000004 59.17569898813963
      vertex 21.643980875611305 -21.300000000000004 61.46073770523071
      vertex 1.344532385468483 -21.300000000000004 59.86313645541668
    endloop
  endfacet
  facet normal 0 -1 0
    outer loop
      vertex 1.344532385468483 -21.300000000000004 59.86313645541668
      vertex 21.643980875611305 -21.300000000000004 61.46073770523071
      vertex 2.8197775408625603 -21.300000000000004 60.47420300543308
    endloop
  endfacet
  facet normal 0 -1 0
    outer loop
      vertex -7.149942591786385 -21.300000000000004 66.10560657083988
      vertex 10.091503784060478 -21.300000000000004 66.80826633423567
      vertex 11.918241530656815 -21.300000000000004 66.95203371345997
    endloop
  endfacet
  facet normal 0 -1 0
    outer loop
      vertex -7.149942591786385 -21.300000000000004 66.10560657083988
      vertex 30.496389500796795 -21.300000000000004 68.32572695612907
      vertex -5.794849656522274 -21.300000000000004 66.89984028041363
    endloop
  endfacet
  facet normal 0 -1 0
    outer loop
      vertex -5.794849656522274 -21.300000000000004 66.89984028041363
      vertex 29.057337291538715 -21.300000000000004 68.9551813006401
      vertex -4.409619987010956 -21.300000000000004 67.64026096463203
    endloop
  endfacet
  facet normal 0 -1 0
    outer loop
      vertex -4.409619987010956 -21.300000000000004 67.64026096463203
      vertex 27.594682283699512 -21.300000000000004 69.52765343338251
      vertex -2.996389500796795 -21.300000000000004 68.32572695612907
    endloop
  endfacet
  facet normal 0 -1 0
    outer loop
      vertex -2.996389500796795 -21.300000000000004 68.32572695612907
      vertex 26.110679775476456 -21.300000000000004 70.04226065427065
      vertex -1.5573372915387154 -21.300000000000004 68.9551813006401
    endloop
  endfacet
  facet normal 0 -1 0
    outer loop
      vertex 2.8197775408625603 -21.300000000000004 60.47420300543308
      vertex 21.643980875611305 -21.300000000000004 61.46073770523071
      vertex 4.324981674551964 -21.300000000000004 61.00722374767065
    endloop
  endfacet
  facet normal 0 -1 0
    outer loop
      vertex 4.324981674551964 -21.300000000000004 61.00722374767065
      vertex 18.521251186728477 -21.300000000000004 62.12449438869953
      vertex 5.856019124388695 -21.300000000000004 61.46073770523071
    endloop
  endfacet
  facet normal 0 -1 0
    outer loop
      vertex 5.856019124388695 -21.300000000000004 61.46073770523071
      vertex 16.938118129968643 -21.300000000000004 62.33291780948639
      vertex 7.408693432807922 -21.300000000000004 61.83350182324648
    endloop
  endfacet
  facet normal 0 -1 0
    outer loop
      vertex 7.408693432807922 -21.300000000000004 61.83350182324648
      vertex 16.938118129968643 -21.300000000000004 62.33291780948639
      vertex 8.978748813271523 -21.300000000000004 62.12449438869953
    endloop
  endfacet
  facet normal 0 -1 0
    outer loop
      vertex 8.978748813271523 -21.300000000000004 62.12449438869953
      vertex 13.75 -21.300000000000004 62.5
      vertex 10.561881870031357 -21.300000000000004 62.33291780948639
    endloop
  endfacet
  facet normal 0 -1 0
    outer loop
      vertex 10.561881870031357 -21.300000000000004 62.33291780948639
      vertex 13.75 -21.300000000000004 62.5
      vertex 12.153753332793713 -21.300000000000004 62.45820081233978
    endloop
  endfacet
  facet normal 0 -1 0
    outer loop
      vertex 8.978748813271523 -21.300000000000004 62.12449438869953
      vertex 15.346246667206287 -21.300000000000004 62.45820081233978
      vertex 13.75 -21.300000000000004 62.5
    endloop
  endfacet
  facet normal 0 -1 0
    outer loop
      vertex -7.149942591786385 -21.300000000000004 66.10560657083988
      vertex 11.918241530656815 -21.300000000000004 66.95203371345997
      vertex 30.496389500796795 -21.300000000000004 68.32572695612907
    endloop
  endfacet
  facet normal -0.058870806756077664 0 0.998265610001611
    outer loop
      vertex 10.61163616925478 -10.800000000000002 71.87669334560633
      vertex 10.61163616925478 -21.300000000000004 71.87669334560633
      vertex 12.17960736900568 -21.300000000000004 71.96916145086288
    endloop
  endfacet
  facet normal -0.019633691667419618 0 0.9998072404976416
    outer loop
      vertex 12.17960736900568 -10.800000000000002 71.96916145086288
      vertex 12.17960736900568 -21.300000000000004 71.96916145086288
      vertex 13.75 -21.300000000000004 72
    endloop
  endfacet
  facet normal 0 -1 0
    outer loop
      vertex -1.5573372915387154 -21.300000000000004 68.9551813006401
      vertex 24.607617996633053 -21.300000000000004 70.49820946156979
      vertex -0.09468228369951248 -21.300000000000004 69.52765343338251
    endloop
  endfacet
  facet normal 0 -1 0
    outer loop
      vertex -0.09468228369951248 -21.300000000000004 69.52765343338251
      vertex 23.087814554572105 -21.300000000000004 70.8947968184948
      vertex 1.3893202245235443 -21.300000000000004 70.04226065427065
    endloop
  endfacet
  facet normal 0 -1 0
    outer loop
      vertex 1.3893202245235443 -21.300000000000004 70.04226065427065
      vertex 21.553612880408764 -21.300000000000004 71.23141121864319
      vertex 2.892382003366947 -21.300000000000004 70.49820946156979
    endloop
  endfacet
  facet normal 0 -1 0
    outer loop
      vertex 2.892382003366947 -21.300000000000004 70.49820946156979
      vertex 20.007378600537777 -21.300000000000004 71.50753362476826
      vertex 4.412185445427895 -21.300000000000004 70.8947968184948
    endloop
  endfacet
  facet normal 0 -1 0
    outer loop
      vertex 4.412185445427895 -21.300000000000004 70.8947968184948
      vertex 18.45149590075016 -21.300000000000004 71.72273828089237
      vertex 5.946387119591236 -21.300000000000004 71.23141121864319
    endloop
  endfacet
  facet normal 0 -1 0
    outer loop
      vertex 5.946387119591236 -21.300000000000004 71.23141121864319
      vertex 16.88836383074522 -21.300000000000004 71.87669334560633
      vertex 7.492621399462223 -21.300000000000004 71.50753362476826
    endloop
  endfacet
  facet normal 0 -1 0
    outer loop
      vertex 7.492621399462223 -21.300000000000004 71.50753362476826
      vertex 15.32039263099432 -21.300000000000004 71.96916145086288
      vertex 9.04850409924984 -21.300000000000004 71.72273828089237
    endloop
  endfacet
  facet normal 0 -1 0
    outer loop
      vertex 9.04850409924984 -21.300000000000004 71.72273828089237
      vertex 13.75 -21.300000000000004 72
      vertex 10.61163616925478 -21.300000000000004 71.87669334560633
    endloop
  endfacet
  facet normal 0 -1 0
    outer loop
      vertex 10.61163616925478 -21.300000000000004 71.87669334560633
      vertex 13.75 -21.300000000000004 72
      vertex 12.17960736900568 -21.300000000000004 71.96916145086288
    endloop
  endfacet
  facet normal 0 -1 0
    outer loop
      vertex 9.04850409924984 -21.300000000000004 71.72273828089237
      vertex 15.32039263099432 -21.300000000000004 71.96916145086288
      vertex 13.75 -21.300000000000004 72
    endloop
  endfacet
  facet normal 0 -1 0
    outer loop
      vertex 7.492621399462223 -21.300000000000004 71.50753362476826
      vertex 16.88836383074522 -21.300000000000004 71.87669334560633
      vertex 15.32039263099432 -21.300000000000004 71.96916145086288
    endloop
  endfacet
  facet normal 0 1 0
    outer loop
      vertex -10.23788197338581 3.7 0
      vertex 39.727921932935715 3.7 1.583761379122734
      vertex 37.73788197338581 3.7 0
    endloop
  endfacet
  facet normal 0 1 0
    outer loop
      vertex -10.23788197338581 3.7 0
      vertex 40.90202981978655 3.7 2.6270996257662773
      vertex 39.727921932935715 3.7 1.583761379122734
    endloop
  endfacet
  facet normal 0 0 -1
    outer loop
      vertex -2.9499999999999997 1.9000000000000001 0
      vertex 37.73788197338581 3.7 0
      vertex 30.45 1.9000000000000001 0
    endloop
  endfacet
  facet normal 0 1 0
    outer loop
      vertex -11.013757973909378 3.7 0.5873227640986443
      vertex 42.034271247684956 3.7 3.7157287523150444
      vertex 40.90202981978655 3.7 2.6270996257662773
    endloop
  endfacet
  facet normal 0 1 0
    outer loop
      vertex -12.227921932935715 3.7 1.583761379122734
      vertex 43.12290037423372 3.7 4.847970180213451
      vertex 42.034271247684956 3.7 3.7157287523150444
    endloop
  endfacet
  facet normal 0 1 0
    outer loop
      vertex -13.402029819786549 3.7 2.6270996257662773
      vertex 44.166238620877266 3.7 6.022078067064285
      vertex 43.12290037423372 3.7 4.847970180213451
    endloop
  endfacet
  facet normal 0 1 0
    outer loop
      vertex -14.534271247684956 3.7 3.7157287523150444
      vertex 45.162677235901356 3.7 7.236242026090622
      vertex 44.166238620877266 3.7 6.022078067064285
    endloop
  endfacet
  facet normal 0 1 0
    outer loop
      vertex -15.622900374233723 3.7 4.847970180213451
      vertex 46.110679775476456 3.7 8.488589905202389
      vertex 45.162677235901356 3.7 7.236242026090622
    endloop
  endfacet
  facet normal 0 1 0
    outer loop
      vertex -16.666238620877266 3.7 6.022078067064285
      vertex 47.008784495294094 3.7 9.777190677821636
      vertex 46.110679775476456 3.7 8.488589905202389
    endloop
  endfacet
  facet normal 0 1 0
    outer loop
      vertex -17.662677235901356 3.7 7.236242026090622
      vertex 47.85560657083988 3.7 11.100057408213615
      vertex 47.008784495294094 3.7 9.777190677821636
    endloop
  endfacet
  facet normal 0 1 0
    outer loop
      vertex -18.610679775476456 3.7 8.488589905202389
      vertex 48.64984028041363 3.7 12.455150343477726
      vertex 47.85560657083988 3.7 11.100057408213615
    endloop
  endfacet
  facet normal 0 1 0
    outer loop
      vertex -19.508784495294094 3.7 9.777190677821636
      vertex 49.390260964632034 3.7 13.840380012989044
      vertex 48.64984028041363 3.7 12.455150343477726
    endloop
  endfacet
  facet normal 0 1 0
    outer loop
      vertex -20.355606570839882 3.7 11.100057408213615
      vertex 50.075726956129074 3.7 15.253610499203205
      vertex 49.390260964632034 3.7 13.840380012989044
    endloop
  endfacet
  facet normal 0 1 0
    outer loop
      vertex -21.149840280413628 3.7 12.455150343477726
      vertex 50.705181300640106 3.7 16.692662708461285
      vertex 50.075726956129074 3.7 15.253610499203205
    endloop
  endfacet
  facet normal 0 1 0
    outer loop
      vertex -21.890260964632034 3.7 13.840380012989044
      vertex 51.27765343338251 3.7 18.155317716300488
      vertex 50.705181300640106 3.7 16.692662708461285
    endloop
  endfacet
  facet normal 0 1 0
    outer loop
      vertex -22.575726956129074 3.7 15.253610499203205
      vertex 51.79226065427065 3.7 19.639320224523544
      vertex 51.27765343338251 3.7 18.155317716300488
    endloop
  endfacet
  facet normal 0 1 0
    outer loop
      vertex -23.205181300640106 3.7 16.692662708461285
      vertex 52.248209461569786 3.7 21.142382003366947
      vertex 51.79226065427065 3.7 19.639320224523544
    endloop
  endfacet
  facet normal 0 1 0
    outer loop
      vertex -23.77765343338251 3.7 18.155317716300488
      vertex 52.6447968184948 3.7 22.662185445427895
      vertex 52.248209461569786 3.7 21.142382003366947
    endloop
  endfacet
  facet normal 0 1 0
    outer loop
      vertex -24.29226065427065 3.7 19.639320224523544
      vertex 52.98141121864319 3.7 24.196387119591236
      vertex 52.6447968184948 3.7 22.662185445427895
    endloop
  endfacet
  facet normal 0 1 0
    outer loop
      vertex -24.748209461569786 3.7 21.142382003366947
      vertex 53.25753362476826 3.7 25.742621399462223
      vertex 52.98141121864319 3.7 24.196387119591236
    endloop
  endfacet
  facet normal 0 1 0
    outer loop
      vertex -25.144796818494797 3.7 22.662185445427895
      vertex 53.47273828089237 3.7 27.29850409924984
      vertex 53.25753362476826 3.7 25.742621399462223
    endloop
  endfacet
  facet normal 0 1 0
    outer loop
      vertex -25.48141121864319 3.7 24.196387119591236
      vertex 53.62669334560633 3.7 28.86163616925478
      vertex 53.47273828089237 3.7 27.29850409924984
    endloop
  endfacet
  facet normal 0 1 0
    outer loop
      vertex -25.757533624768257 3.7 25.742621399462223
      vertex 53.719161450862885 3.7 30.42960736900568
      vertex 53.62669334560633 3.7 28.86163616925478
    endloop
  endfacet
  facet normal 0 1 0
    outer loop
      vertex -25.972738280892372 3.7 27.29850409924984
      vertex 53.75 3.7 32
      vertex 53.719161450862885 3.7 30.42960736900568
    endloop
  endfacet
  facet normal 0 1 0
    outer loop
      vertex -26.126693345606327 3.7 28.86163616925478
      vertex 53.719161450862885 3.7 33.57039263099432
      vertex 53.75 3.7 32
    endloop
  endfacet
  facet normal 0 1 0
    outer loop
      vertex -26.219161450862885 3.7 30.42960736900568
      vertex 53.62669334560633 3.7 35.13836383074522
      vertex 53.719161450862885 3.7 33.57039263099432
    endloop
  endfacet
  facet normal 0 1 0
    outer loop
      vertex -26.25 3.7 32
      vertex 53.47273828089237 3.7 36.70149590075016
      vertex 53.62669334560633 3.7 35.13836383074522
    endloop
  endfacet
  facet normal 0 1 0
    outer loop
      vertex -26.219161450862885 3.7 33.57039263099432
      vertex 53.25753362476826 3.7 38.25737860053778
      vertex 53.47273828089237 3.7 36.70149590075016
    endloop
  endfacet
  facet normal 0 1 0
    outer loop
      vertex -26.126693345606327 3.7 35.13836383074522
      vertex 52.98141121864319 3.7 39.803612880408764
      vertex 53.25753362476826 3.7 38.25737860053778
    endloop
  endfacet
  facet normal 0 1 0
    outer loop
      vertex -25.972738280892372 3.7 36.70149590075016
      vertex 52.6447968184948 3.7 41.337814554572105
      vertex 52.98141121864319 3.7 39.803612880408764
    endloop
  endfacet
  facet normal 0 1 0
    outer loop
      vertex 37.73788197338581 3.7 0
      vertex 39.727921932935715 3.7 1.583761379122734
      vertex 38.51375797390938 3.7 0.5873227640986443
    endloop
  endfacet
  facet normal 0 0 -1
    outer loop
      vertex 30.45 1.9000000000000001 0
      vertex 37.73788197338581 3.7 0
      vertex 37.73788197338581 -21.300000000000004 0
    endloop
  endfacet
  facet normal 0.6035559418811017 0 -0.7973206538275651
    outer loop
      vertex 37.73788197338581 3.7 0
      vertex 38.51375797390938 3.7 0.5873227640986443
      vertex 37.73788197338581 -21.300000000000004 0
    endloop
  endfacet
  facet normal 0.6343932861657213 0 -0.7730104517196759
    outer loop
      vertex 38.51375797390938 3.7 0.5873227640986443
      vertex 39.727921932935715 3.7 1.583761379122734
      vertex 38.51375797390938 -21.300000000000004 0.5873227640986443
    endloop
  endfacet
  facet normal 0.6642524383342414 0 -0.7475083264867453
    outer loop
      vertex 39.727921932935715 3.7 1.583761379122734
      vertex 40.90202981978655 3.7 2.6270996257662773
      vertex 39.727921932935715 -21.300000000000004 1.583761379122734
    endloop
  endfacet
  facet normal 0.6930873608573016 0 -0.720853598326221
    outer loop
      vertex 40.90202981978655 3.7 2.6270996257662773
      vertex 42.034271247684956 3.7 3.7157287523150444
      vertex 40.90202981978655 -21.300000000000004 2.6270996257662773
    endloop
  endfacet
  facet normal 0.720853598326221 0 -0.6930873608573016
    outer loop
      vertex 42.034271247684956 3.7 3.7157287523150444
      vertex 43.12290037423372 3.7 4.847970180213451
      vertex 42.034271247684956 -21.300000000000004 3.7157287523150444
    endloop
  endfacet
  facet normal 0.7475083264867453 0 -0.6642524383342414
    outer loop
      vertex 43.12290037423372 3.7 4.847970180213451
      vertex 44.166238620877266 3.7 6.022078067064285
      vertex 43.12290037423372 -21.300000000000004 4.847970180213451
    endloop
  endfacet
  facet normal 0.7730104517196759 0 -0.6343932861657213
    outer loop
      vertex 44.166238620877266 3.7 6.022078067064285
      vertex 45.162677235901356 3.7 7.236242026090622
      vertex 44.166238620877266 -21.300000000000004 6.022078067064285
    endloop
  endfacet
  facet normal 0.7973206534647818 0 -0.6035559423603526
    outer loop
      vertex 45.162677235901356 3.7 7.236242026090622
      vertex 46.110679775476456 3.7 8.488589905202389
      vertex 45.162677235901356 -21.300000000000004 7.236242026090622
    endloop
  endfacet
  facet normal 0.8204014430698211 0 -0.5717879608814401
    outer loop
      vertex 46.110679775476456 3.7 8.488589905202389
      vertex 47.008784495294094 3.7 9.777190677821636
      vertex 46.110679775476456 -21.300000000000004 8.488589905202389
    endloop
  endfacet
  facet normal 0.8422172352753996 0 -0.5391383204754253
    outer loop
      vertex 47.008784495294094 3.7 9.777190677821636
      vertex 47.85560657083988 3.7 11.100057408213615
      vertex 47.008784495294094 -21.300000000000004 9.777190677821636
    endloop
  endfacet
  facet normal 0.8627343868073287 0 -0.5056573719626588
    outer loop
      vertex 47.85560657083988 3.7 11.100057408213615
      vertex 48.64984028041363 3.7 12.455150343477726
      vertex 47.85560657083988 -21.300000000000004 11.100057408213615
    endloop
  endfacet
  facet normal 0.8819212643443392 0 -0.47139673683351074
    outer loop
      vertex 48.64984028041363 3.7 12.455150343477726
      vertex 49.390260964632034 3.7 13.840380012989044
      vertex 48.64984028041363 -21.300000000000004 12.455150343477726
    endloop
  endfacet
  facet normal 0.8997482823183388 0 -0.4364092442481012
    outer loop
      vertex 49.390260964632034 3.7 13.840380012989044
      vertex 50.075726956129074 3.7 15.253610499203205
      vertex 49.390260964632034 -21.300000000000004 13.840380012989044
    endloop
  endfacet
  facet normal 0.916187958045493 0 -0.4007488309807401
    outer loop
      vertex 50.075726956129074 3.7 15.253610499203205
      vertex 50.705181300640106 3.7 16.692662708461285
      vertex 50.075726956129074 -21.300000000000004 15.253610499203205
    endloop
  endfacet
  facet normal 0.9312149352495637 0 -0.3644704986252671
    outer loop
      vertex 50.705181300640106 3.7 16.692662708461285
      vertex 51.27765343338251 3.7 18.155317716300488
      vertex 50.705181300640106 -21.300000000000004 16.692662708461285
    endloop
  endfacet
  facet normal 0.9448060452963782 0 -0.3276301829371309
    outer loop
      vertex 51.27765343338251 3.7 18.155317716300488
      vertex 51.79226065427065 3.7 19.639320224523544
      vertex 51.27765343338251 -21.300000000000004 18.155317716300488
    endloop
  endfacet
  facet normal 0.9905693402519419 3.68157279524629e-16 0.13701234306744958
    outer loop
      vertex 53.47273828089237 3.7 36.70149590075016
      vertex 53.25753362476826 3.7 38.25737860053778
      vertex 53.32996497996071 -2.8199399784207344 37.73371570914984
    endloop
  endfacet
  facet normal 0.9844265682772355 4.854465478465138e-16 0.17579627888526342
    outer loop
      vertex 53.25753362476826 3.7 38.25737860053778
      vertex 52.98141121864319 3.7 39.803612880408764
      vertex 53.094842020424785 -2.225665420293808 39.16842142105103
    endloop
  endfacet
  facet normal 0.9905693402519442 0 0.13701234306743362
    outer loop
      vertex 53.25753362476826 3.7 38.25737860053778
      vertex 53.25753362476826 -2.504587438332095 38.25737860053778
      vertex 53.28483439376676 -2.601923793554306 38.05999999850989
    endloop
  endfacet
  facet normal 0.9905693402519394 -1.072846019975685e-15 0.1370123430674672
    outer loop
      vertex 53.25753362476826 3.7 38.25737860053778
      vertex 53.28483439376676 -2.601923793554306 38.05999999850989
      vertex 53.32996497996071 -2.8199399784207344 37.73371570914984
    endloop
  endfacet
  facet normal 0.9905693402519418 4.957506365635313e-16 0.1370123430674504
    outer loop
      vertex 53.47273828089237 3.7 36.70149590075016
      vertex 53.32996497996071 -2.8199399784207344 37.73371570914984
      vertex 53.3707734115995 -3.078679658472538 37.43867965400219
    endloop
  endfacet
  facet normal 0.9905693402519448 -1.820632016590418e-15 0.13701234306742946
    outer loop
      vertex 53.47273828089237 3.7 36.70149590075016
      vertex 53.3707734115995 -3.078679658472538 37.43867965400219
      vertex 53.406561446185144 -3.373715713620186 37.17993997395039
    endloop
  endfacet
  facet normal 0.9844265682772341 3.651804147884802e-16 0.17579627888527158
    outer loop
      vertex 53.25753362476826 3.7 38.25737860053778
      vertex 53.163572610404145 -2.302222527563572 38.78354286015034
      vertex 53.229930729249425 -2.4283614084124565 38.41194969773293
    endloop
  endfacet
  facet normal 0.9844265682772378 -1.5072843879179e-15 0.17579627888525085
    outer loop
      vertex 53.25753362476826 3.7 38.25737860053778
      vertex 53.094842020424785 -2.225665420293808 39.16842142105103
      vertex 53.163572610404145 -2.302222527563572 38.78354286015034
    endloop
  endfacet
  facet normal 0.9844265682772365 0 0.17579627888525753
    outer loop
      vertex 53.25753362476826 3.7 38.25737860053778
      vertex 53.229930729249425 -2.4283614084124565 38.41194969773293
      vertex 53.25753362476826 -2.504587438332095 38.25737860053778
    endloop
  endfacet
  facet normal 0.9905693402519401 4.259046748370482e-16 0.13701234306746207
    outer loop
      vertex 53.47273828089237 3.7 36.70149590075016
      vertex 53.406561446185144 -3.373715713620186 37.17993997395039
      vertex 53.43671673880462 -3.7000000029802322 36.96192378908396
    endloop
  endfacet
  facet normal 0.9905693402519413 1.4384688403236673e-16 0.1370123430674542
    outer loop
      vertex 53.47273828089237 3.7 36.70149590075016
      vertex 53.43671673880462 -3.7000000029802322 36.96192378908396
      vertex 53.46072332581509 -4.051949702203274 36.78836140394211
    endloop
  endfacet
  facet normal 0.990569340251943 0 0.13701234306744162
    outer loop
      vertex 53.47273828089237 3.7 36.70149590075016
      vertex 53.46072332581509 -4.051949702203274 36.78836140394211
      vertex 53.47273828089237 -4.307847224195299 36.70149590075016
    endloop
  endfacet
  facet normal 0.9951847270754525 0 0.09801713623523796
    outer loop
      vertex 53.47273828089237 3.7 36.70149590075016
      vertex 53.47273828089237 -4.307847224195299 36.70149590075016
      vertex 53.476606370809236 -4.423542864620686 36.66222252309323
    endloop
  endfacet
  facet normal 0.9951847270754652 6.343026084660698e-16 0.098017136235108
    outer loop
      vertex 53.47273828089237 3.7 36.70149590075016
      vertex 53.476606370809236 -4.423542864620686 36.66222252309323
      vertex 53.48414658742317 -4.808421425521374 36.58566541582346
    endloop
  endfacet
  facet normal 0.9569403354792997 0 -0.29028467808819225
    outer loop
      vertex 51.79226065427065 3.7 19.639320224523544
      vertex 52.248209461569786 3.7 21.142382003366947
      vertex 51.79226065427065 -21.300000000000004 19.639320224523544
    endloop
  endfacet
  facet normal 0.9675990925590835 0 -0.2524915762532251
    outer loop
      vertex 52.248209461569786 3.7 21.142382003366947
      vertex 52.6447968184948 3.7 22.662185445427895
      vertex 52.248209461569786 -21.300000000000004 21.142382003366947
    endloop
  endfacet
  facet normal 0.976765881347436 0 -0.21430915294398042
    outer loop
      vertex 52.6447968184948 3.7 22.662185445427895
      vertex 52.98141121864319 3.7 24.196387119591236
      vertex 52.6447968184948 -21.300000000000004 22.662185445427895
    endloop
  endfacet
  facet normal 0.9844265682772355 0 -0.17579627888526342
    outer loop
      vertex 52.98141121864319 3.7 24.196387119591236
      vertex 53.25753362476826 3.7 25.742621399462223
      vertex 52.98141121864319 -21.300000000000004 24.196387119591236
    endloop
  endfacet
  facet normal 0.990569340251942 0 -0.13701234306744958
    outer loop
      vertex 53.25753362476826 3.7 25.742621399462223
      vertex 53.47273828089237 3.7 27.29850409924984
      vertex 53.25753362476826 -21.300000000000004 25.742621399462223
    endloop
  endfacet
  facet normal 0.9951847270754589 0 -0.09801713623517277
    outer loop
      vertex 53.47273828089237 3.7 27.29850409924984
      vertex 53.62669334560633 3.7 28.86163616925478
      vertex 53.47273828089237 -21.300000000000004 27.29850409924984
    endloop
  endfacet
  facet normal 0.998265610001611 0 -0.05887080675607767
    outer loop
      vertex 53.62669334560633 3.7 28.86163616925478
      vertex 53.719161450862885 3.7 30.42960736900568
      vertex 53.62669334560633 -21.300000000000004 28.86163616925478
    endloop
  endfacet
  facet normal 0.9998072404976415 0 -0.019633691667419618
    outer loop
      vertex 53.719161450862885 3.7 30.42960736900568
      vertex 53.75 3.7 32
      vertex 53.719161450862885 -21.300000000000004 30.42960736900568
    endloop
  endfacet
  facet normal 0.9998072404976415 0 0.019633691667419618
    outer loop
      vertex 53.75 3.7 32
      vertex 53.719161450862885 3.7 33.57039263099432
      vertex 53.75 -21.300000000000004 32
    endloop
  endfacet
  facet normal 0.998265610001611 0 0.05887080675607767
    outer loop
      vertex 53.719161450862885 3.7 33.57039263099432
      vertex 53.62669334560633 3.7 35.13836383074522
      vertex 53.719161450862885 -21.300000000000004 33.57039263099432
    endloop
  endfacet
  facet normal 0.9951847270754589 0 0.09801713623517277
    outer loop
      vertex 53.62669334560633 3.7 35.13836383074522
      vertex 53.47273828089237 3.7 36.70149590075016
      vertex 53.62669334560633 -21.300000000000004 35.13836383074522
    endloop
  endfacet
  facet normal 0.9951847270754585 -3.274600283238906e-16 0.09801713623517797
    outer loop
      vertex 53.47273828089237 3.7 36.70149590075016
      vertex 53.48414658742317 -4.808421425521374 36.58566541582346
      vertex 53.62669334560633 -21.300000000000004 35.13836383074522
    endloop
  endfacet
  facet normal 0 0 -1
    outer loop
      vertex 30.45 1.9000000000000001 0
      vertex 37.73788197338581 -21.300000000000004 0
      vertex 30.45 -19.500000000000004 0
    endloop
  endfacet
  facet normal 0 -1 0
    outer loop
      vertex 12.153753332793713 -21.300000000000004 1.5417991876602173
      vertex 13.75 -21.300000000000004 1.5
      vertex 18.521251186728477 -21.300000000000004 1.8755056113004684
    endloop
  endfacet
  facet normal 0 -1 0
    outer loop
      vertex 13.75 -21.300000000000004 1.5
      vertex 15.346246667206287 -21.300000000000004 1.5417991876602173
      vertex 16.938118129968643 -21.300000000000004 1.6670821905136108
    endloop
  endfacet
  facet normal 0 -1 0
    outer loop
      vertex 13.75 -21.300000000000004 1.5
      vertex 16.938118129968643 -21.300000000000004 1.6670821905136108
      vertex 18.521251186728477 -21.300000000000004 1.8755056113004684
    endloop
  endfacet
  facet normal 0 -1 0
    outer loop
      vertex 10.561881870031357 -21.300000000000004 1.6670821905136108
      vertex 18.521251186728477 -21.300000000000004 1.8755056113004684
      vertex 20.091306567192078 -21.300000000000004 2.166498176753521
    endloop
  endfacet
  facet normal 0 -1 0
    outer loop
      vertex 10.561881870031357 -21.300000000000004 1.6670821905136108
      vertex 20.091306567192078 -21.300000000000004 2.166498176753521
      vertex 21.643980875611305 -21.300000000000004 2.539262294769287
    endloop
  endfacet
  facet normal 0 -1 0
    outer loop
      vertex 8.978748813271523 -21.300000000000004 1.8755056113004684
      vertex 21.643980875611305 -21.300000000000004 2.539262294769287
      vertex 23.175018325448036 -21.300000000000004 2.9927762523293495
    endloop
  endfacet
  facet normal 0 -1 0
    outer loop
      vertex 5.856019124388695 -21.300000000000004 2.539262294769287
      vertex 23.175018325448036 -21.300000000000004 2.9927762523293495
      vertex 24.68022245913744 -21.300000000000004 3.5257969945669174
    endloop
  endfacet
  facet normal 0 -1 0
    outer loop
      vertex 1.344532385468483 -21.300000000000004 4.136863544583321
      vertex 30.361490570008755 -21.300000000000004 6.420547679066658
      vertex 15.11073486506939 -21.300000000000004 6.035632096230984
    endloop
  endfacet
  facet normal 0 0 -1
    outer loop
      vertex -0.42323268301587136 -20.500000000000004 0
      vertex 30.45 -19.500000000000004 0
      vertex 27.923232683015872 -20.500000000000004 0
    endloop
  endfacet
  facet normal 0 -1 0
    outer loop
      vertex 5.856019124388695 -21.300000000000004 2.539262294769287
      vertex 24.68022245913744 -21.300000000000004 3.5257969945669174
      vertex 26.155467614531517 -21.300000000000004 4.136863544583321
    endloop
  endfacet
  facet normal 0 -1 0
    outer loop
      vertex 5.856019124388695 -21.300000000000004 2.539262294769287
      vertex 26.155467614531517 -21.300000000000004 4.136863544583321
      vertex 27.596710242331028 -21.300000000000004 4.824301011860371
    endloop
  endfacet
  facet normal 0 -1 0
    outer loop
      vertex 2.8197775408625603 -21.300000000000004 3.5257969945669174
      vertex 27.596710242331028 -21.300000000000004 4.824301011860371
      vertex 29 -21.300000000000004 5.586225181818008
    endloop
  endfacet
  facet normal 0 -1 0
    outer loop
      vertex 1.344532385468483 -21.300000000000004 4.136863544583321
      vertex 29 -21.300000000000004 5.586225181818008
      vertex 30.361490570008755 -21.300000000000004 6.420547679066658
    endloop
  endfacet
  facet normal 0 -1 0
    outer loop
      vertex 15.11073486506939 -21.300000000000004 6.035632096230984
      vertex 31.677450194954872 -21.300000000000004 7.324981674551964
      vertex 16.467740043997765 -21.300000000000004 6.1424307227134705
    endloop
  endfacet
  facet normal 0 -1 0
    outer loop
      vertex 16.467740043997765 -21.300000000000004 6.1424307227134705
      vertex 31.677450194954872 -21.300000000000004 7.324981674551964
      vertex 17.817296087741852 -21.300000000000004 6.320103146135807
    endloop
  endfacet
  facet normal 0 -1 0
    outer loop
      vertex 17.817296087741852 -21.300000000000004 6.320103146135807
      vertex 31.677450194954872 -21.300000000000004 7.324981674551964
      vertex 19.155703961849213 -21.300000000000004 6.568162381649017
    endloop
  endfacet
  facet normal 0 -1 0
    outer loop
      vertex 19.155703961849213 -21.300000000000004 6.568162381649017
      vertex 31.677450194954872 -21.300000000000004 7.324981674551964
      vertex 20.479295171797276 -21.300000000000004 6.8859285190701485
    endloop
  endfacet
  facet normal 0 -1 0
    outer loop
      vertex 15.11073486506939 -21.300000000000004 6.035632096230984
      vertex 30.361490570008755 -21.300000000000004 6.420547679066658
      vertex 31.677450194954872 -21.300000000000004 7.324981674551964
    endloop
  endfacet
  facet normal 0 -1 0
    outer loop
      vertex 20.479295171797276 -21.300000000000004 6.8859285190701485
      vertex 32.94427192956209 -21.300000000000004 8.297048173844814
      vertex 21.784441851079464 -21.300000000000004 7.2725305780768394
    endloop
  endfacet
  facet normal 0 -1 0
    outer loop
      vertex 21.784441851079464 -21.300000000000004 7.2725305780768394
      vertex 32.94427192956209 -21.300000000000004 8.297048173844814
      vertex 23.06756668537855 -21.300000000000004 7.726908914744854
    endloop
  endfacet
  facet normal 0 -1 0
    outer loop
      vertex 23.06756668537855 -21.300000000000004 7.726908914744854
      vertex 32.94427192956209 -21.300000000000004 8.297048173844814
      vertex 24.325152717530727 -21.300000000000004 8.247818104922771
    endloop
  endfacet
  facet normal 0 -1 0
    outer loop
      vertex 20.479295171797276 -21.300000000000004 6.8859285190701485
      vertex 31.677450194954872 -21.300000000000004 7.324981674551964
      vertex 32.94427192956209 -21.300000000000004 8.297048173844814
    endloop
  endfacet
  facet normal 0 -1 0
    outer loop
      vertex 24.325152717530727 -21.300000000000004 8.247818104922771
      vertex 34.15848349034786 -21.300000000000004 9.334082819521427
      vertex 25.55375299602747 -21.300000000000004 8.833830371499062
    endloop
  endfacet
  facet normal 0 0 -1
    outer loop
      vertex 27.923232683015872 -20.500000000000004 0
      vertex 30.45 -19.500000000000004 0
      vertex 27.923232683015872 -21.300000000000004 0
    endloop
  endfacet
  facet normal 0 -1 0
    outer loop
      vertex 27.923232683015872 -21.300000000000004 0
      vertex 37.73788197338581 -21.300000000000004 0
      vertex 27.985782504081726 -21.300000000000004 0.02590898424386978
    endloop
  endfacet
  facet normal 0 0 -1
    outer loop
      vertex 27.923232683015872 -21.300000000000004 0
      vertex 30.45 -19.500000000000004 0
      vertex 37.73788197338581 -21.300000000000004 0
    endloop
  endfacet
  facet normal 0 -1 0
    outer loop
      vertex 27.985782504081726 -21.300000000000004 0.02590898424386978
      vertex 37.73788197338581 -21.300000000000004 0
      vertex 29.639667488634586 -21.300000000000004 0.8147716522216797
    endloop
  endfacet
  facet normal 0 -1 0
    outer loop
      vertex 29.639667488634586 -21.300000000000004 0.8147716522216797
      vertex 39.727921932935715 -21.300000000000004 1.583761379122734
      vertex 31.25 -21.300000000000004 1.689110867679119
    endloop
  endfacet
  facet normal 0 -1 0
    outer loop
      vertex 25.55375299602747 -21.300000000000004 8.833830371499062
      vertex 34.15848349034786 -21.300000000000004 9.334082819521427
      vertex 26.75 -21.300000000000004 9.483339503407478
    endloop
  endfacet
  facet normal 0 -1 0
    outer loop
      vertex 24.325152717530727 -21.300000000000004 8.247818104922771
      vertex 32.94427192956209 -21.300000000000004 8.297048173844814
      vertex 34.15848349034786 -21.300000000000004 9.334082819521427
    endloop
  endfacet
  facet normal 0 -1 0
    outer loop
      vertex 26.75 -21.300000000000004 9.483339503407478
      vertex 34.15848349034786 -21.300000000000004 9.334082819521427
      vertex 35.31675682961941 -21.300000000000004 10.433243170380592
    endloop
  endfacet
  facet normal 0 -1 0
    outer loop
      vertex 26.75 -21.300000000000004 9.483339503407478
      vertex 35.31675682961941 -21.300000000000004 10.433243170380592
      vertex 27.910614907741547 -21.300000000000004 10.194565236568451
    endloop
  endfacet
  facet normal 0 -1 0
    outer loop
      vertex 27.910614907741547 -21.300000000000004 10.194565236568451
      vertex 36.41591718047857 -21.300000000000004 11.591516509652138
      vertex 29.032416559755802 -21.300000000000004 10.965558148920536
    endloop
  endfacet
  facet normal 0 -1 0
    outer loop
      vertex 29.032416559755802 -21.300000000000004 10.965558148920536
      vertex 37.452951826155186 -21.300000000000004 12.805728070437908
      vertex 30.11233016848564 -21.300000000000004 11.794205002486706
    endloop
  endfacet
  facet normal 0 -1 0
    outer loop
      vertex 27.910614907741547 -21.300000000000004 10.194565236568451
      vertex 35.31675682961941 -21.300000000000004 10.433243170380592
      vertex 36.41591718047857 -21.300000000000004 11.591516509652138
    endloop
  endfacet
  facet normal 0 -1 0
    outer loop
      vertex 30.11233016848564 -21.300000000000004 11.794205002486706
      vertex 37.452951826155186 -21.300000000000004 12.805728070437908
      vertex 31.14739576727152 -21.300000000000004 12.678234539926052
    endloop
  endfacet
  facet normal 0.6035559418811017 0 -0.7973206538275651
    outer loop
      vertex 38.51375797390938 3.7 0.5873227640986443
      vertex 38.51375797390938 -21.300000000000004 0.5873227640986443
      vertex 37.73788197338581 -21.300000000000004 0
    endloop
  endfacet
  facet normal 0.6343932861657213 0 -0.7730104517196759
    outer loop
      vertex 39.727921932935715 3.7 1.583761379122734
      vertex 39.727921932935715 -21.300000000000004 1.583761379122734
      vertex 38.51375797390938 -21.300000000000004 0.5873227640986443
    endloop
  endfacet
  facet normal 0.6642524383342414 0 -0.7475083264867453
    outer loop
      vertex 40.90202981978655 3.7 2.6270996257662773
      vertex 40.90202981978655 -21.300000000000004 2.6270996257662773
      vertex 39.727921932935715 -21.300000000000004 1.583761379122734
    endloop
  endfacet
  facet normal 0.6930873608573016 0 -0.720853598326221
    outer loop
      vertex 42.034271247684956 3.7 3.7157287523150444
      vertex 42.034271247684956 -21.300000000000004 3.7157287523150444
      vertex 40.90202981978655 -21.300000000000004 2.6270996257662773
    endloop
  endfacet
  facet normal 0.720853598326221 0 -0.6930873608573016
    outer loop
      vertex 43.12290037423372 3.7 4.847970180213451
      vertex 43.12290037423372 -21.300000000000004 4.847970180213451
      vertex 42.034271247684956 -21.300000000000004 3.7157287523150444
    endloop
  endfacet
  facet normal 0.7475083264867453 0 -0.6642524383342414
    outer loop
      vertex 44.166238620877266 3.7 6.022078067064285
      vertex 44.166238620877266 -21.300000000000004 6.022078067064285
      vertex 43.12290037423372 -21.300000000000004 4.847970180213451
    endloop
  endfacet
  facet normal 0.7730104517196759 0 -0.6343932861657213
    outer loop
      vertex 45.162677235901356 3.7 7.236242026090622
      vertex 45.162677235901356 -21.300000000000004 7.236242026090622
      vertex 44.166238620877266 -21.300000000000004 6.022078067064285
    endloop
  endfacet
  facet normal 0.7973206534647818 0 -0.6035559423603526
    outer loop
      vertex 46.110679775476456 3.7 8.488589905202389
      vertex 46.110679775476456 -21.300000000000004 8.488589905202389
      vertex 45.162677235901356 -21.300000000000004 7.236242026090622
    endloop
  endfacet
  facet normal 0.8204014430698211 0 -0.5717879608814401
    outer loop
      vertex 47.008784495294094 3.7 9.777190677821636
      vertex 47.008784495294094 -21.300000000000004 9.777190677821636
      vertex 46.110679775476456 -21.300000000000004 8.488589905202389
    endloop
  endfacet
  facet normal 0.8422172352753996 0 -0.5391383204754253
    outer loop
      vertex 47.85560657083988 3.7 11.100057408213615
      vertex 47.85560657083988 -21.300000000000004 11.100057408213615
      vertex 47.008784495294094 -21.300000000000004 9.777190677821636
    endloop
  endfacet
  facet normal 0.8627343868073287 0 -0.5056573719626588
    outer loop
      vertex 48.64984028041363 3.7 12.455150343477726
      vertex 48.64984028041363 -21.300000000000004 12.455150343477726
      vertex 47.85560657083988 -21.300000000000004 11.100057408213615
    endloop
  endfacet
  facet normal 0.8819212643443392 0 -0.47139673683351074
    outer loop
      vertex 49.390260964632034 3.7 13.840380012989044
      vertex 49.390260964632034 -21.300000000000004 13.840380012989044
      vertex 48.64984028041363 -21.300000000000004 12.455150343477726
    endloop
  endfacet
  facet normal 0.8997482823183388 0 -0.4364092442481012
    outer loop
      vertex 50.075726956129074 3.7 15.253610499203205
      vertex 50.075726956129074 -21.300000000000004 15.253610499203205
      vertex 49.390260964632034 -21.300000000000004 13.840380012989044
    endloop
  endfacet
  facet normal 0.916187958045493 0 -0.4007488309807401
    outer loop
      vertex 50.705181300640106 3.7 16.692662708461285
      vertex 50.705181300640106 -21.300000000000004 16.692662708461285
      vertex 50.075726956129074 -21.300000000000004 15.253610499203205
    endloop
  endfacet
  facet normal 0.9312149352495637 0 -0.3644704986252671
    outer loop
      vertex 51.27765343338251 3.7 18.155317716300488
      vertex 51.27765343338251 -21.300000000000004 18.155317716300488
      vertex 50.705181300640106 -21.300000000000004 16.692662708461285
    endloop
  endfacet
  facet normal 0.9448060452963782 0 -0.3276301829371309
    outer loop
      vertex 51.79226065427065 3.7 19.639320224523544
      vertex 51.79226065427065 -21.300000000000004 19.639320224523544
      vertex 51.27765343338251 -21.300000000000004 18.155317716300488
    endloop
  endfacet
  facet normal 0 -1 0
    outer loop
      vertex 31.25 -21.300000000000004 1.689110867679119
      vertex 40.90202981978655 -21.300000000000004 2.6270996257662773
      vertex 32.81236622482538 -21.300000000000004 2.646530121564865
    endloop
  endfacet
  facet normal 0 -1 0
    outer loop
      vertex 29.639667488634586 -21.300000000000004 0.8147716522216797
      vertex 37.73788197338581 -21.300000000000004 0
      vertex 39.727921932935715 -21.300000000000004 1.583761379122734
    endloop
  endfacet
  facet normal 0 -1 0
    outer loop
      vertex 31.25 -21.300000000000004 1.689110867679119
      vertex 39.727921932935715 -21.300000000000004 1.583761379122734
      vertex 40.90202981978655 -21.300000000000004 2.6270996257662773
    endloop
  endfacet
  facet normal 0 -1 0
    outer loop
      vertex 37.73788197338581 -21.300000000000004 0
      vertex 38.51375797390938 -21.300000000000004 0.5873227640986443
      vertex 39.727921932935715 -21.300000000000004 1.583761379122734
    endloop
  endfacet
  facet normal 0 -1 0
    outer loop
      vertex 32.81236622482538 -21.300000000000004 2.646530121564865
      vertex 42.034271247684956 -21.300000000000004 3.7157287523150444
      vertex 34.32248383015394 -21.300000000000004 3.6844052001833916
    endloop
  endfacet
  facet normal 0 -1 0
    outer loop
      vertex 32.81236622482538 -21.300000000000004 2.646530121564865
      vertex 40.90202981978655 -21.300000000000004 2.6270996257662773
      vertex 42.034271247684956 -21.300000000000004 3.7157287523150444
    endloop
  endfacet
  facet normal 0 -1 0
    outer loop
      vertex 34.32248383015394 -21.300000000000004 3.6844052001833916
      vertex 43.12290037423372 -21.300000000000004 4.847970180213451
      vertex 35.77621368318796 -21.300000000000004 4.799891352653503
    endloop
  endfacet
  facet normal 0 -1 0
    outer loop
      vertex 34.32248383015394 -21.300000000000004 3.6844052001833916
      vertex 42.034271247684956 -21.300000000000004 3.7157287523150444
      vertex 43.12290037423372 -21.300000000000004 4.847970180213451
    endloop
  endfacet
  facet normal 0 -1 0
    outer loop
      vertex 35.77621368318796 -21.300000000000004 4.799891352653503
      vertex 44.166238620877266 -21.300000000000004 6.022078067064285
      vertex 37.169571220874786 -21.300000000000004 5.989931106567383
    endloop
  endfacet
  facet normal 0 -1 0
    outer loop
      vertex 35.77621368318796 -21.300000000000004 4.799891352653503
      vertex 43.12290037423372 -21.300000000000004 4.847970180213451
      vertex 44.166238620877266 -21.300000000000004 6.022078067064285
    endloop
  endfacet
  facet normal 0 -1 0
    outer loop
      vertex 37.169571220874786 -21.300000000000004 5.989931106567383
      vertex 45.162677235901356 -21.300000000000004 7.236242026090622
      vertex 38.49873734265566 -21.300000000000004 7.251262657344341
    endloop
  endfacet
  facet normal 0 -1 0
    outer loop
      vertex 37.169571220874786 -21.300000000000004 5.989931106567383
      vertex 44.166238620877266 -21.300000000000004 6.022078067064285
      vertex 45.162677235901356 -21.300000000000004 7.236242026090622
    endloop
  endfacet
  facet normal 0 -1 0
    outer loop
      vertex 38.49873734265566 -21.300000000000004 7.251262657344341
      vertex 46.110679775476456 -21.300000000000004 8.488589905202389
      vertex 39.76006889343262 -21.300000000000004 8.580428779125214
    endloop
  endfacet
  facet normal 0 -1 0
    outer loop
      vertex 38.49873734265566 -21.300000000000004 7.251262657344341
      vertex 45.162677235901356 -21.300000000000004 7.236242026090622
      vertex 46.110679775476456 -21.300000000000004 8.488589905202389
    endloop
  endfacet
  facet normal 0 -1 0
    outer loop
      vertex 39.76006889343262 -21.300000000000004 8.580428779125214
      vertex 47.008784495294094 -21.300000000000004 9.777190677821636
      vertex 40.9501086473465 -21.300000000000004 9.973786316812038
    endloop
  endfacet
  facet normal 0 -1 0
    outer loop
      vertex 29.032416559755802 -21.300000000000004 10.965558148920536
      vertex 36.41591718047857 -21.300000000000004 11.591516509652138
      vertex 37.452951826155186 -21.300000000000004 12.805728070437908
    endloop
  endfacet
  facet normal 0 -1 0
    outer loop
      vertex 31.14739576727152 -21.300000000000004 12.678234539926052
      vertex 38.425018325448036 -21.300000000000004 14.072549805045128
      vertex 32.134776309132576 -21.300000000000004 13.615223690867424
    endloop
  endfacet
  facet normal 0 -1 0
    outer loop
      vertex 32.134776309132576 -21.300000000000004 13.615223690867424
      vertex 39.32945232093334 -21.300000000000004 15.388509429991245
      vertex 33.07176546007395 -21.300000000000004 14.602604232728481
    endloop
  endfacet
  facet normal 0 -1 0
    outer loop
      vertex 31.14739576727152 -21.300000000000004 12.678234539926052
      vertex 37.452951826155186 -21.300000000000004 12.805728070437908
      vertex 38.425018325448036 -21.300000000000004 14.072549805045128
    endloop
  endfacet
  facet normal 0 -1 0
    outer loop
      vertex 32.134776309132576 -21.300000000000004 13.615223690867424
      vertex 38.425018325448036 -21.300000000000004 14.072549805045128
      vertex 39.32945232093334 -21.300000000000004 15.388509429991245
    endloop
  endfacet
  facet normal 0 -1 0
    outer loop
      vertex 33.07176546007395 -21.300000000000004 14.602604232728481
      vertex 39.32945232093334 -21.300000000000004 15.388509429991245
      vertex 33.955794997513294 -21.300000000000004 15.637669831514359
    endloop
  endfacet
  facet normal 0 -1 0
    outer loop
      vertex 33.955794997513294 -21.300000000000004 15.637669831514359
      vertex 40.16377481818199 -21.300000000000004 16.75
      vertex 34.784441851079464 -21.300000000000004 16.717583440244198
    endloop
  endfacet
  facet normal 0 -1 0
    outer loop
      vertex 33.955794997513294 -21.300000000000004 15.637669831514359
      vertex 39.32945232093334 -21.300000000000004 15.388509429991245
      vertex 40.16377481818199 -21.300000000000004 16.75
    endloop
  endfacet
  facet normal 0 -1 0
    outer loop
      vertex 34.784441851079464 -21.300000000000004 16.717583440244198
      vertex 40.16377481818199 -21.300000000000004 16.75
      vertex 40.92569898813963 -21.300000000000004 18.153289757668972
    endloop
  endfacet
  facet normal 0 -1 0
    outer loop
      vertex 34.784441851079464 -21.300000000000004 16.717583440244198
      vertex 40.92569898813963 -21.300000000000004 18.153289757668972
      vertex 35.55543476343155 -21.300000000000004 17.839385092258453
    endloop
  endfacet
  facet normal 0 -1 0
    outer loop
      vertex 35.55543476343155 -21.300000000000004 17.839385092258453
      vertex 41.61313645541668 -21.300000000000004 19.594532385468483
      vertex 36.26666049659252 -21.300000000000004 19
    endloop
  endfacet
  facet normal 0 -1 0
    outer loop
      vertex 36.26666049659252 -21.300000000000004 19
      vertex 41.61313645541668 -21.300000000000004 19.594532385468483
      vertex 36.91616962850094 -21.300000000000004 20.19624700397253
    endloop
  endfacet
  facet normal 0 -1 0
    outer loop
      vertex 40.9501086473465 -21.300000000000004 9.973786316812038
      vertex 47.85560657083988 -21.300000000000004 11.100057408213615
      vertex 42.06559479981661 -21.300000000000004 11.427516169846058
    endloop
  endfacet
  facet normal 0 -1 0
    outer loop
      vertex 35.55543476343155 -21.300000000000004 17.839385092258453
      vertex 40.92569898813963 -21.300000000000004 18.153289757668972
      vertex 41.61313645541668 -21.300000000000004 19.594532385468483
    endloop
  endfacet
  facet normal 0 -1 0
    outer loop
      vertex 39.76006889343262 -21.300000000000004 8.580428779125214
      vertex 46.110679775476456 -21.300000000000004 8.488589905202389
      vertex 47.008784495294094 -21.300000000000004 9.777190677821636
    endloop
  endfacet
  facet normal 0 -1 0
    outer loop
      vertex 42.06559479981661 -21.300000000000004 11.427516169846058
      vertex 48.64984028041363 -21.300000000000004 12.455150343477726
      vertex 43.103469878435135 -21.300000000000004 12.937633775174618
    endloop
  endfacet
  facet normal 0 -1 0
    outer loop
      vertex 40.9501086473465 -21.300000000000004 9.973786316812038
      vertex 47.008784495294094 -21.300000000000004 9.777190677821636
      vertex 47.85560657083988 -21.300000000000004 11.100057408213615
    endloop
  endfacet
  facet normal 0 -1 0
    outer loop
      vertex 42.06559479981661 -21.300000000000004 11.427516169846058
      vertex 47.85560657083988 -21.300000000000004 11.100057408213615
      vertex 48.64984028041363 -21.300000000000004 12.455150343477726
    endloop
  endfacet
  facet normal 0 -1 0
    outer loop
      vertex 43.103469878435135 -21.300000000000004 12.937633775174618
      vertex 49.390260964632034 -21.300000000000004 13.840380012989044
      vertex 44.06088913232088 -21.300000000000004 14.5
    endloop
  endfacet
  facet normal 0 -1 0
    outer loop
      vertex 43.103469878435135 -21.300000000000004 12.937633775174618
      vertex 48.64984028041363 -21.300000000000004 12.455150343477726
      vertex 49.390260964632034 -21.300000000000004 13.840380012989044
    endloop
  endfacet
  facet normal 0 -1 0
    outer loop
      vertex 44.06088913232088 -21.300000000000004 14.5
      vertex 49.390260964632034 -21.300000000000004 13.840380012989044
      vertex 50.075726956129074 -21.300000000000004 15.253610499203205
    endloop
  endfacet
  facet normal 0 -1 0
    outer loop
      vertex 44.06088913232088 -21.300000000000004 14.5
      vertex 50.075726956129074 -21.300000000000004 15.253610499203205
      vertex 44.93522834777832 -21.300000000000004 16.110332511365414
    endloop
  endfacet
  facet normal 0 -1 0
    outer loop
      vertex 44.93522834777832 -21.300000000000004 16.110332511365414
      vertex 50.705181300640106 -21.300000000000004 16.692662708461285
      vertex 45.72409101575613 -21.300000000000004 17.764217495918274
    endloop
  endfacet
  facet normal 0 -1 0
    outer loop
      vertex 44.93522834777832 -21.300000000000004 16.110332511365414
      vertex 50.075726956129074 -21.300000000000004 15.253610499203205
      vertex 50.705181300640106 -21.300000000000004 16.692662708461285
    endloop
  endfacet
  facet normal 0 -1 0
    outer loop
      vertex 45.72409101575613 -21.300000000000004 17.764217495918274
      vertex 51.79226065427065 -21.300000000000004 19.639320224523544
      vertex 46.42531492561102 -21.300000000000004 19.457121767103672
    endloop
  endfacet
  facet normal 0 -1 0
    outer loop
      vertex 45.72409101575613 -21.300000000000004 17.764217495918274
      vertex 50.705181300640106 -21.300000000000004 16.692662708461285
      vertex 51.27765343338251 -21.300000000000004 18.155317716300488
    endloop
  endfacet
  facet normal 0 -1 0
    outer loop
      vertex 45.72409101575613 -21.300000000000004 17.764217495918274
      vertex 51.27765343338251 -21.300000000000004 18.155317716300488
      vertex 51.79226065427065 -21.300000000000004 19.639320224523544
    endloop
  endfacet
  facet normal 0.9569403354792997 0 -0.29028467808819225
    outer loop
      vertex 52.248209461569786 3.7 21.142382003366947
      vertex 52.248209461569786 -21.300000000000004 21.142382003366947
      vertex 51.79226065427065 -21.300000000000004 19.639320224523544
    endloop
  endfacet
  facet normal 0.9675990925590835 0 -0.2524915762532251
    outer loop
      vertex 52.6447968184948 3.7 22.662185445427895
      vertex 52.6447968184948 -21.300000000000004 22.662185445427895
      vertex 52.248209461569786 -21.300000000000004 21.142382003366947
    endloop
  endfacet
  facet normal 0.976765881347436 0 -0.21430915294398042
    outer loop
      vertex 52.98141121864319 3.7 24.196387119591236
      vertex 52.98141121864319 -21.300000000000004 24.196387119591236
      vertex 52.6447968184948 -21.300000000000004 22.662185445427895
    endloop
  endfacet
  facet normal 0.9844265682772355 0 -0.17579627888526342
    outer loop
      vertex 53.25753362476826 3.7 25.742621399462223
      vertex 53.25753362476826 -21.300000000000004 25.742621399462223
      vertex 52.98141121864319 -21.300000000000004 24.196387119591236
    endloop
  endfacet
  facet normal 0.990569340251942 0 -0.13701234306744958
    outer loop
      vertex 53.47273828089237 3.7 27.29850409924984
      vertex 53.47273828089237 -21.300000000000004 27.29850409924984
      vertex 53.25753362476826 -21.300000000000004 25.742621399462223
    endloop
  endfacet
  facet normal 0.9951847270754589 0 -0.09801713623517277
    outer loop
      vertex 53.62669334560633 3.7 28.86163616925478
      vertex 53.62669334560633 -21.300000000000004 28.86163616925478
      vertex 53.47273828089237 -21.300000000000004 27.29850409924984
    endloop
  endfacet
  facet normal 0.9951847270754957 3.336939681575919e-14 0.0980171362347977
    outer loop
      vertex 53.48414658742317 -4.808421425521374 36.58566541582346
      vertex 53.48667441028552 -5.200000002980232 36.55999999850989
      vertex 53.62669334560633 -21.300000000000004 35.13836383074522
    endloop
  endfacet
  facet normal 0.998265610001611 0 -0.05887080675607767
    outer loop
      vertex 53.719161450862885 3.7 30.42960736900568
      vertex 53.719161450862885 -21.300000000000004 30.42960736900568
      vertex 53.62669334560633 -21.300000000000004 28.86163616925478
    endloop
  endfacet
  facet normal 0.9998072404976415 0 -0.019633691667419618
    outer loop
      vertex 53.75 3.7 32
      vertex 53.75 -21.300000000000004 32
      vertex 53.719161450862885 -21.300000000000004 30.42960736900568
    endloop
  endfacet
  facet normal 0.9998072404976415 0 0.019633691667419618
    outer loop
      vertex 53.719161450862885 3.7 33.57039263099432
      vertex 53.719161450862885 -21.300000000000004 33.57039263099432
      vertex 53.75 -21.300000000000004 32
    endloop
  endfacet
  facet normal 0.998265610001611 0 0.05887080675607767
    outer loop
      vertex 53.62669334560633 3.7 35.13836383074522
      vertex 53.62669334560633 -21.300000000000004 35.13836383074522
      vertex 53.719161450862885 -21.300000000000004 33.57039263099432
    endloop
  endfacet
  facet normal 0.9951847270754589 0 0.09801713623517196
    outer loop
      vertex 53.48667441028552 -5.200000002980232 36.55999999850989
      vertex 53.48667441028552 -13.600000001490116 36.55999999850989
      vertex 53.62669334560633 -21.300000000000004 35.13836383074522
    endloop
  endfacet
  facet normal 0 -1 0
    outer loop
      vertex 36.91616962850094 -21.300000000000004 20.19624700397253
      vertex 42.22420300543308 -21.300000000000004 21.06977754086256
      vertex 37.50218189507723 -21.300000000000004 21.424847282469273
    endloop
  endfacet
  facet normal 0 -1 0
    outer loop
      vertex 41.61313645541668 -21.300000000000004 19.594532385468483
      vertex 42.22420300543308 -21.300000000000004 21.06977754086256
      vertex 36.91616962850094 -21.300000000000004 20.19624700397253
    endloop
  endfacet
  facet normal 0 -1 0
    outer loop
      vertex 37.50218189507723 -21.300000000000004 21.424847282469273
      vertex 42.22420300543308 -21.300000000000004 21.06977754086256
      vertex 42.75722374767065 -21.300000000000004 22.574981674551964
    endloop
  endfacet
  facet normal 0 -1 0
    outer loop
      vertex 37.50218189507723 -21.300000000000004 21.424847282469273
      vertex 42.75722374767065 -21.300000000000004 22.574981674551964
      vertex 38.023091085255146 -21.300000000000004 22.68243331462145
    endloop
  endfacet
  facet normal 0 -1 0
    outer loop
      vertex 38.023091085255146 -21.300000000000004 22.68243331462145
      vertex 43.21073770523071 -21.300000000000004 24.106019124388695
      vertex 38.47746942192316 -21.300000000000004 23.965558148920536
    endloop
  endfacet
  facet normal 0 -1 0
    outer loop
      vertex 38.023091085255146 -21.300000000000004 22.68243331462145
      vertex 42.75722374767065 -21.300000000000004 22.574981674551964
      vertex 43.21073770523071 -21.300000000000004 24.106019124388695
    endloop
  endfacet
  facet normal 0 -1 0
    outer loop
      vertex 38.47746942192316 -21.300000000000004 23.965558148920536
      vertex 43.21073770523071 -21.300000000000004 24.106019124388695
      vertex 43.58350182324648 -21.300000000000004 25.658693432807922
    endloop
  endfacet
  facet normal 0 -1 0
    outer loop
      vertex 38.47746942192316 -21.300000000000004 23.965558148920536
      vertex 43.58350182324648 -21.300000000000004 25.658693432807922
      vertex 38.86407148092985 -21.300000000000004 25.270704828202724
    endloop
  endfacet
  facet normal 0 -1 0
    outer loop
      vertex 38.86407148092985 -21.300000000000004 25.270704828202724
      vertex 43.87449438869953 -21.300000000000004 27.228748813271523
      vertex 39.18183761835098 -21.300000000000004 26.594296038150787
    endloop
  endfacet
  facet normal 0 -1 0
    outer loop
      vertex 39.18183761835098 -21.300000000000004 26.594296038150787
      vertex 43.87449438869953 -21.300000000000004 27.228748813271523
      vertex 39.42989685386419 -21.300000000000004 27.932703912258148
    endloop
  endfacet
  facet normal 0 -1 0
    outer loop
      vertex 39.42989685386419 -21.300000000000004 27.932703912258148
      vertex 44.08291780948639 -21.300000000000004 28.811881870031357
      vertex 39.60756927728653 -21.300000000000004 29.282259956002235
    endloop
  endfacet
  facet normal 0 -1 0
    outer loop
      vertex 38.86407148092985 -21.300000000000004 25.270704828202724
      vertex 43.58350182324648 -21.300000000000004 25.658693432807922
      vertex 43.87449438869953 -21.300000000000004 27.228748813271523
    endloop
  endfacet
  facet normal 0 -1 0
    outer loop
      vertex 39.42989685386419 -21.300000000000004 27.932703912258148
      vertex 43.87449438869953 -21.300000000000004 27.228748813271523
      vertex 44.08291780948639 -21.300000000000004 28.811881870031357
    endloop
  endfacet
  facet normal 0 -1 0
    outer loop
      vertex 39.60756927728653 -21.300000000000004 29.282259956002235
      vertex 44.08291780948639 -21.300000000000004 28.811881870031357
      vertex 44.20820081233978 -21.300000000000004 30.403753332793713
    endloop
  endfacet
  facet normal 0 -1 0
    outer loop
      vertex 39.60756927728653 -21.300000000000004 29.282259956002235
      vertex 44.20820081233978 -21.300000000000004 30.403753332793713
      vertex 39.714367903769016 -21.300000000000004 30.63926513493061
    endloop
  endfacet
  facet normal 0 -1 0
    outer loop
      vertex 39.714367903769016 -21.300000000000004 30.63926513493061
      vertex 44.25 -21.300000000000004 32
      vertex 39.75 -21.300000000000004 32
    endloop
  endfacet
  facet normal 0 -1 0
    outer loop
      vertex 39.75 -21.300000000000004 32
      vertex 44.20820081233978 -21.300000000000004 33.59624666720629
      vertex 39.714367903769016 -21.300000000000004 33.36073486506939
    endloop
  endfacet
  facet normal 0 -1 0
    outer loop
      vertex 39.714367903769016 -21.300000000000004 33.36073486506939
      vertex 44.08291780948639 -21.300000000000004 35.18811812996864
      vertex 39.60756927728653 -21.300000000000004 34.717740043997765
    endloop
  endfacet
  facet normal 0 -1 0
    outer loop
      vertex 39.714367903769016 -21.300000000000004 30.63926513493061
      vertex 44.20820081233978 -21.300000000000004 30.403753332793713
      vertex 44.25 -21.300000000000004 32
    endloop
  endfacet
  facet normal 0 -1 0
    outer loop
      vertex 39.75 -21.300000000000004 32
      vertex 44.25 -21.300000000000004 32
      vertex 44.20820081233978 -21.300000000000004 33.59624666720629
    endloop
  endfacet
  facet normal 0 -1 0
    outer loop
      vertex 39.714367903769016 -21.300000000000004 33.36073486506939
      vertex 44.20820081233978 -21.300000000000004 33.59624666720629
      vertex 44.08291780948639 -21.300000000000004 35.18811812996864
    endloop
  endfacet
  facet normal 0 -1 0
    outer loop
      vertex 39.60756927728653 -21.300000000000004 34.717740043997765
      vertex 43.87449438869953 -21.300000000000004 36.77125118672848
      vertex 39.42989685386419 -21.300000000000004 36.06729608774185
    endloop
  endfacet
  facet normal 0 -1 0
    outer loop
      vertex 39.42989685386419 -21.300000000000004 36.06729608774185
      vertex 43.58350182324648 -21.300000000000004 38.34130656719208
      vertex 39.18183761835098 -21.300000000000004 37.40570396184921
    endloop
  endfacet
  facet normal 0 -1 0
    outer loop
      vertex 39.18183761835098 -21.300000000000004 37.40570396184921
      vertex 43.21073770523071 -21.300000000000004 39.893980875611305
      vertex 38.86407148092985 -21.300000000000004 38.729295171797276
    endloop
  endfacet
  facet normal 0 -1 0
    outer loop
      vertex 39.60756927728653 -21.300000000000004 34.717740043997765
      vertex 44.08291780948639 -21.300000000000004 35.18811812996864
      vertex 43.87449438869953 -21.300000000000004 36.77125118672848
    endloop
  endfacet
  facet normal 0 -1 0
    outer loop
      vertex 39.42989685386419 -21.300000000000004 36.06729608774185
      vertex 43.87449438869953 -21.300000000000004 36.77125118672848
      vertex 43.58350182324648 -21.300000000000004 38.34130656719208
    endloop
  endfacet
  facet normal 0 -1 0
    outer loop
      vertex 39.18183761835098 -21.300000000000004 37.40570396184921
      vertex 43.58350182324648 -21.300000000000004 38.34130656719208
      vertex 43.21073770523071 -21.300000000000004 39.893980875611305
    endloop
  endfacet
  facet normal 0 -1 0
    outer loop
      vertex 46.42531492561102 -21.300000000000004 19.457121767103672
      vertex 52.248209461569786 -21.300000000000004 21.142382003366947
      vertex 47.03697807341814 -21.300000000000004 21.18440520018339
    endloop
  endfacet
  facet normal 0 -1 0
    outer loop
      vertex 46.42531492561102 -21.300000000000004 19.457121767103672
      vertex 51.79226065427065 -21.300000000000004 19.639320224523544
      vertex 52.248209461569786 -21.300000000000004 21.142382003366947
    endloop
  endfacet
  facet normal 0 -1 0
    outer loop
      vertex 47.03697807341814 -21.300000000000004 21.18440520018339
      vertex 52.248209461569786 -21.300000000000004 21.142382003366947
      vertex 52.6447968184948 -21.300000000000004 22.662185445427895
    endloop
  endfacet
  facet normal 0 -1 0
    outer loop
      vertex 47.03697807341814 -21.300000000000004 21.18440520018339
      vertex 52.6447968184948 -21.300000000000004 22.662185445427895
      vertex 47.557403922080994 -21.300000000000004 22.941333420574665
    endloop
  endfacet
  facet normal 0 -1 0
    outer loop
      vertex 47.557403922080994 -21.300000000000004 22.941333420574665
      vertex 52.98141121864319 -21.300000000000004 24.196387119591236
      vertex 47.985166028141975 -21.300000000000004 24.723090820014477
    endloop
  endfacet
  facet normal 0 -1 0
    outer loop
      vertex 47.557403922080994 -21.300000000000004 22.941333420574665
      vertex 52.6447968184948 -21.300000000000004 22.662185445427895
      vertex 52.98141121864319 -21.300000000000004 24.196387119591236
    endloop
  endfacet
  facet normal 0 -1 0
    outer loop
      vertex 47.985166028141975 -21.300000000000004 24.723090820014477
      vertex 53.25753362476826 -21.300000000000004 25.742621399462223
      vertex 48.31909192353487 -21.300000000000004 26.524793721735477
    endloop
  endfacet
  facet normal 0 -1 0
    outer loop
      vertex 48.31909192353487 -21.300000000000004 26.524793721735477
      vertex 53.47273828089237 -21.300000000000004 27.29850409924984
      vertex 48.55826633423567 -21.300000000000004 28.341503784060478
    endloop
  endfacet
  facet normal 0 -1 0
    outer loop
      vertex 47.985166028141975 -21.300000000000004 24.723090820014477
      vertex 52.98141121864319 -21.300000000000004 24.196387119591236
      vertex 53.25753362476826 -21.300000000000004 25.742621399462223
    endloop
  endfacet
  facet normal 0 -1 0
    outer loop
      vertex 48.31909192353487 -21.300000000000004 26.524793721735477
      vertex 53.25753362476826 -21.300000000000004 25.742621399462223
      vertex 53.47273828089237 -21.300000000000004 27.29850409924984
    endloop
  endfacet
  facet normal 0 -1 0
    outer loop
      vertex 48.55826633423567 -21.300000000000004 28.341503784060478
      vertex 53.47273828089237 -21.300000000000004 27.29850409924984
      vertex 53.62669334560633 -21.300000000000004 28.86163616925478
    endloop
  endfacet
  facet normal 0 -1 0
    outer loop
      vertex 48.55826633423567 -21.300000000000004 28.341503784060478
      vertex 53.62669334560633 -21.300000000000004 28.86163616925478
      vertex 53.719161450862885 -21.300000000000004 30.42960736900568
    endloop
  endfacet
  facet normal 0.9951847270754556 -6.3467003668267576e-15 0.09801713623520601
    outer loop
      vertex 53.48667441028552 -13.600000001490116 36.55999999850989
      vertex 53.48414658742317 -13.991578578948975 36.58566541582346
      vertex 53.62669334560633 -21.300000000000004 35.13836383074522
    endloop
  endfacet
  facet normal 0.9951847270754619 6.323413982530764e-15 0.09801713623514263
    outer loop
      vertex 53.48414658742317 -13.991578578948975 36.58566541582346
      vertex 53.476606370809236 -14.376457139849663 36.66222252309323
      vertex 53.62669334560633 -21.300000000000004 35.13836383074522
    endloop
  endfacet
  facet normal 0.9951847270754551 -9.011356256700983e-15 0.09801713623521166
    outer loop
      vertex 53.476606370809236 -14.376457139849663 36.66222252309323
      vertex 53.47273828089237 -14.492152780275045 36.70149590075016
      vertex 53.62669334560633 -21.300000000000004 35.13836383074522
    endloop
  endfacet
  facet normal 0.9905693402519431 0 0.13701234306744164
    outer loop
      vertex 53.47273828089237 -14.492152780275045 36.70149590075016
      vertex 53.46072332581509 -14.748050302267075 36.78836140394211
      vertex 53.47273828089237 -21.300000000000004 36.70149590075016
    endloop
  endfacet
  facet normal 0.9905693402519413 -1.694805700189182e-16 0.13701234306745416
    outer loop
      vertex 53.46072332581509 -14.748050302267075 36.78836140394211
      vertex 53.43671673880462 -15.100000001490116 36.96192378908396
      vertex 53.47273828089237 -21.300000000000004 36.70149590075016
    endloop
  endfacet
  facet normal 0.9905693402519403 -5.033518306322966e-16 0.137012343067462
    outer loop
      vertex 53.43671673880462 -15.100000001490116 36.96192378908396
      vertex 53.406561446185144 -15.426284290850163 37.17993997395039
      vertex 53.47273828089237 -21.300000000000004 36.70149590075016
    endloop
  endfacet
  facet normal 0.9905693402519447 2.163074808851944e-15 0.13701234306742988
    outer loop
      vertex 53.406561446185144 -15.426284290850163 37.17993997395039
      vertex 53.3707734115995 -15.72132034599781 37.43867965400219
      vertex 53.47273828089237 -21.300000000000004 36.70149590075016
    endloop
  endfacet
  facet normal 0.9905693402519419 -5.885561328669915e-16 0.13701234306745028
    outer loop
      vertex 53.3707734115995 -15.72132034599781 37.43867965400219
      vertex 53.32996497996071 -15.980060026049614 37.73371570914984
      vertex 53.47273828089237 -21.300000000000004 36.70149590075016
    endloop
  endfacet
  facet normal 0.9905693402519399 -3.360336997078749e-15 0.1370123430674643
    outer loop
      vertex 53.32996497996071 -15.980060026049614 37.73371570914984
      vertex 53.28483439376676 -16.198076210916042 38.05999999850989
      vertex 53.47273828089237 -21.300000000000004 36.70149590075016
    endloop
  endfacet
  facet normal 0.9905693402519438 4.392162357054251e-15 0.13701234306743573
    outer loop
      vertex 53.28483439376676 -16.198076210916042 38.05999999850989
      vertex 53.25753362476826 -16.295412566138253 38.25737860053778
      vertex 53.47273828089237 -21.300000000000004 36.70149590075016
    endloop
  endfacet
  facet normal 0.9844265682772366 0 0.17579627888525753
    outer loop
      vertex 53.25753362476826 -16.295412566138253 38.25737860053778
      vertex 53.229930729249425 -16.371638596057892 38.41194969773293
      vertex 53.25753362476826 -21.300000000000004 38.25737860053778
    endloop
  endfacet
  facet normal 0.9844265682772341 -4.527840471693816e-16 0.17579627888527155
    outer loop
      vertex 53.229930729249425 -16.371638596057892 38.41194969773293
      vertex 53.163572610404145 -16.497777476906776 38.78354286015034
      vertex 53.25753362476826 -21.300000000000004 38.25737860053778
    endloop
  endfacet
  facet normal 0.9844265682772377 1.878440828119177e-15 0.1757962788852509
    outer loop
      vertex 53.094842020424785 -16.57433458417654 39.16842142105103
      vertex 53.25753362476826 -21.300000000000004 38.25737860053778
      vertex 53.163572610404145 -16.497777476906776 38.78354286015034
    endloop
  endfacet
  facet normal 0 -1 0
    outer loop
      vertex 48.55826633423567 -21.300000000000004 28.341503784060478
      vertex 53.719161450862885 -21.300000000000004 30.42960736900568
      vertex 48.70203371345997 -21.300000000000004 30.168241530656815
    endloop
  endfacet
  facet normal 0 -1 0
    outer loop
      vertex 48.70203371345997 -21.300000000000004 30.168241530656815
      vertex 53.75 -21.300000000000004 32
      vertex 48.75 -21.300000000000004 32
    endloop
  endfacet
  facet normal 0 -1 0
    outer loop
      vertex 48.70203371345997 -21.300000000000004 33.831758469343185
      vertex 48.75 -21.300000000000004 32
      vertex 53.719161450862885 -21.300000000000004 33.57039263099432
    endloop
  endfacet
  facet normal 0 -1 0
    outer loop
      vertex 48.70203371345997 -21.300000000000004 30.168241530656815
      vertex 53.719161450862885 -21.300000000000004 30.42960736900568
      vertex 53.75 -21.300000000000004 32
    endloop
  endfacet
  facet normal 0 -1 0
    outer loop
      vertex 48.75 -21.300000000000004 32
      vertex 53.75 -21.300000000000004 32
      vertex 53.719161450862885 -21.300000000000004 33.57039263099432
    endloop
  endfacet
  facet normal 0 -1 0
    outer loop
      vertex 48.70203371345997 -21.300000000000004 33.831758469343185
      vertex 53.719161450862885 -21.300000000000004 33.57039263099432
      vertex 53.62669334560633 -21.300000000000004 35.13836383074522
    endloop
  endfacet
  facet normal 0.995184727075459 0 0.0980171362351728
    outer loop
      vertex 53.47273828089237 -14.492152780275045 36.70149590075016
      vertex 53.47273828089237 -21.300000000000004 36.70149590075016
      vertex 53.62669334560633 -21.300000000000004 35.13836383074522
    endloop
  endfacet
  facet normal 0.990569340251942 0 0.13701234306744958
    outer loop
      vertex 53.25753362476826 -16.295412566138253 38.25737860053778
      vertex 53.25753362476826 -21.300000000000004 38.25737860053778
      vertex 53.47273828089237 -21.300000000000004 36.70149590075016
    endloop
  endfacet
  facet normal 0.9844265682772356 -6.080598456704632e-16 0.17579627888526345
    outer loop
      vertex 53.094842020424785 -16.57433458417654 39.16842142105103
      vertex 52.98141121864319 -21.300000000000004 39.803612880408764
      vertex 53.25753362476826 -21.300000000000004 38.25737860053778
    endloop
  endfacet
  facet normal 0 -1 0
    outer loop
      vertex 48.70203371345997 -21.300000000000004 33.831758469343185
      vertex 53.62669334560633 -21.300000000000004 35.13836383074522
      vertex 48.55826633423567 -21.300000000000004 35.65849621593952
    endloop
  endfacet
  facet normal 0 -1 0
    outer loop
      vertex 48.31909192353487 -21.300000000000004 37.47520627826452
      vertex 52.98141121864319 -21.300000000000004 39.803612880408764
      vertex 47.985166028141975 -21.300000000000004 39.27690917998552
    endloop
  endfacet
  facet normal 0 -1 0
    outer loop
      vertex 48.55826633423567 -21.300000000000004 35.65849621593952
      vertex 53.25753362476826 -21.300000000000004 38.25737860053778
      vertex 48.31909192353487 -21.300000000000004 37.47520627826452
    endloop
  endfacet
  facet normal 0 -1 0
    outer loop
      vertex 48.55826633423567 -21.300000000000004 35.65849621593952
      vertex 53.47273828089237 -21.300000000000004 36.70149590075016
      vertex 53.25753362476826 -21.300000000000004 38.25737860053778
    endloop
  endfacet
  facet normal 0 -1 0
    outer loop
      vertex 48.55826633423567 -21.300000000000004 35.65849621593952
      vertex 53.62669334560633 -21.300000000000004 35.13836383074522
      vertex 53.47273828089237 -21.300000000000004 36.70149590075016
    endloop
  endfacet
  facet normal 0 -1 0
    outer loop
      vertex 48.31909192353487 -21.300000000000004 37.47520627826452
      vertex 53.25753362476826 -21.300000000000004 38.25737860053778
      vertex 52.98141121864319 -21.300000000000004 39.803612880408764
    endloop
  endfacet
  facet normal 0 1 0
    outer loop
      vertex -20.355606570839882 3.7 52.899942591786385
      vertex 45.162677235901356 3.7 56.76375797390938
      vertex 46.110679775476456 3.7 55.51141009479761
    endloop
  endfacet
  facet normal 0 1 0
    outer loop
      vertex -19.508784495294094 3.7 54.222809322178364
      vertex 44.166238620877266 3.7 57.977921932935715
      vertex 45.162677235901356 3.7 56.76375797390938
    endloop
  endfacet
  facet normal 0 1 0
    outer loop
      vertex -17.662677235901356 3.7 56.76375797390938
      vertex 42.034271247684956 3.7 60.284271247684956
      vertex 43.12290037423372 3.7 59.15202981978655
    endloop
  endfacet
  facet normal 0 1 0
    outer loop
      vertex -18.610679775476456 3.7 55.51141009479761
      vertex 43.12290037423372 3.7 59.15202981978655
      vertex 44.166238620877266 3.7 57.977921932935715
    endloop
  endfacet
  facet normal 0 1 0
    outer loop
      vertex -25.48141121864319 3.7 39.803612880408764
      vertex 51.79226065427065 3.7 44.360679775476456
      vertex 52.248209461569786 3.7 42.85761799663305
    endloop
  endfacet
  facet normal 0 1 0
    outer loop
      vertex -25.144796818494797 3.7 41.337814554572105
      vertex 51.27765343338251 3.7 45.84468228369951
      vertex 51.79226065427065 3.7 44.360679775476456
    endloop
  endfacet
  facet normal 0 1 0
    outer loop
      vertex -25.757533624768257 3.7 38.25737860053778
      vertex 52.248209461569786 3.7 42.85761799663305
      vertex 52.6447968184948 3.7 41.337814554572105
    endloop
  endfacet
  facet normal 0 1 0
    outer loop
      vertex -24.748209461569786 3.7 42.85761799663305
      vertex 50.705181300640106 3.7 47.307337291538715
      vertex 51.27765343338251 3.7 45.84468228369951
    endloop
  endfacet
  facet normal 0 1 0
    outer loop
      vertex -24.29226065427065 3.7 44.360679775476456
      vertex 50.075726956129074 3.7 48.746389500796795
      vertex 50.705181300640106 3.7 47.307337291538715
    endloop
  endfacet
  facet normal 0 1 0
    outer loop
      vertex -23.77765343338251 3.7 45.84468228369951
      vertex 49.390260964632034 3.7 50.159619987010956
      vertex 50.075726956129074 3.7 48.746389500796795
    endloop
  endfacet
  facet normal 0 1 0
    outer loop
      vertex -23.205181300640106 3.7 47.307337291538715
      vertex 48.64984028041363 3.7 51.544849656522274
      vertex 49.390260964632034 3.7 50.159619987010956
    endloop
  endfacet
  facet normal 0 1 0
    outer loop
      vertex -22.575726956129074 3.7 48.746389500796795
      vertex 47.85560657083988 3.7 52.899942591786385
      vertex 48.64984028041363 3.7 51.544849656522274
    endloop
  endfacet
  facet normal 0 1 0
    outer loop
      vertex -21.890260964632034 3.7 50.159619987010956
      vertex 47.008784495294094 3.7 54.222809322178364
      vertex 47.85560657083988 3.7 52.899942591786385
    endloop
  endfacet
  facet normal 0 1 0
    outer loop
      vertex -21.149840280413628 3.7 51.544849656522274
      vertex 46.110679775476456 3.7 55.51141009479761
      vertex 47.008784495294094 3.7 54.222809322178364
    endloop
  endfacet
  facet normal 0 1 0
    outer loop
      vertex -4.409619987010956 3.7 67.64026096463203
      vertex 27.594682283699512 3.7 69.52765343338251
      vertex 29.057337291538715 3.7 68.9551813006401
    endloop
  endfacet
  facet normal 0 1 0
    outer loop
      vertex -7.149942591786385 3.7 66.10560657083988
      vertex 30.496389500796795 3.7 68.32572695612907
      vertex 31.909619987010956 3.7 67.64026096463203
    endloop
  endfacet
  facet normal 0 1 0
    outer loop
      vertex -5.794849656522274 3.7 66.89984028041363
      vertex 29.057337291538715 3.7 68.9551813006401
      vertex 30.496389500796795 3.7 68.32572695612907
    endloop
  endfacet
  facet normal 0 1 0
    outer loop
      vertex -14.534271247684956 3.7 60.284271247684956
      vertex 38.51375797390938 3.7 63.412677235901356
      vertex 39.727921932935715 3.7 62.416238620877266
    endloop
  endfacet
  facet normal 0 1 0
    outer loop
      vertex -12.227921932935715 3.7 62.416238620877266
      vertex 35.972809322178364 3.7 65.2587844952941
      vertex 37.26141009479761 3.7 64.36067977547646
    endloop
  endfacet
  facet normal 0 1 0
    outer loop
      vertex -13.402029819786549 3.7 61.37290037423372
      vertex 37.26141009479761 3.7 64.36067977547646
      vertex 38.51375797390938 3.7 63.412677235901356
    endloop
  endfacet
  facet normal 0 1 0
    outer loop
      vertex -16.666238620877266 3.7 57.977921932935715
      vertex 40.90202981978655 3.7 61.37290037423372
      vertex 42.034271247684956 3.7 60.284271247684956
    endloop
  endfacet
  facet normal 0 1 0
    outer loop
      vertex -15.622900374233723 3.7 59.15202981978655
      vertex 39.727921932935715 3.7 62.416238620877266
      vertex 40.90202981978655 3.7 61.37290037423372
    endloop
  endfacet
  facet normal 0 1 0
    outer loop
      vertex -11.013757973909378 3.7 63.412677235901356
      vertex 34.649942591786385 3.7 66.10560657083988
      vertex 35.972809322178364 3.7 65.2587844952941
    endloop
  endfacet
  facet normal 0 1 0
    outer loop
      vertex -8.472809322178364 3.7 65.2587844952941
      vertex 31.909619987010956 3.7 67.64026096463203
      vertex 33.294849656522274 3.7 66.89984028041363
    endloop
  endfacet
  facet normal 0 1 0
    outer loop
      vertex -9.761410094797611 3.7 64.36067977547646
      vertex 33.294849656522274 3.7 66.89984028041363
      vertex 34.649942591786385 3.7 66.10560657083988
    endloop
  endfacet
  facet normal 0 1 0
    outer loop
      vertex 4.412185445427895 3.7 70.8947968184948
      vertex 18.45149590075016 3.7 71.72273828089237
      vertex 20.007378600537777 3.7 71.50753362476826
    endloop
  endfacet
  facet normal 0 1 0
    outer loop
      vertex 2.892382003366947 3.7 70.49820946156979
      vertex 20.007378600537777 3.7 71.50753362476826
      vertex 21.553612880408764 3.7 71.23141121864319
    endloop
  endfacet
  facet normal 0 1 0
    outer loop
      vertex -0.09468228369951248 3.7 69.52765343338251
      vertex 23.087814554572105 3.7 70.8947968184948
      vertex 24.607617996633053 3.7 70.49820946156979
    endloop
  endfacet
  facet normal 0 1 0
    outer loop
      vertex 1.3893202245235443 3.7 70.04226065427065
      vertex 21.553612880408764 3.7 71.23141121864319
      vertex 23.087814554572105 3.7 70.8947968184948
    endloop
  endfacet
  facet normal 0 1 0
    outer loop
      vertex 5.946387119591236 3.7 71.23141121864319
      vertex 16.88836383074522 3.7 71.87669334560633
      vertex 18.45149590075016 3.7 71.72273828089237
    endloop
  endfacet
  facet normal 0 1 0
    outer loop
      vertex -1.5573372915387154 3.7 68.9551813006401
      vertex 24.607617996633053 3.7 70.49820946156979
      vertex 26.110679775476456 3.7 70.04226065427065
    endloop
  endfacet
  facet normal 0 1 0
    outer loop
      vertex -2.996389500796795 3.7 68.32572695612907
      vertex 26.110679775476456 3.7 70.04226065427065
      vertex 27.594682283699512 3.7 69.52765343338251
    endloop
  endfacet
  facet normal 0.019633691667419618 0 0.9998072404976416
    outer loop
      vertex 13.75 3.7 72
      vertex 15.32039263099432 -6.8000000000000025 71.96916145086288
      vertex 15.32039263099432 3.7 71.96916145086288
    endloop
  endfacet
  facet normal 0.058870806756077664 0 0.998265610001611
    outer loop
      vertex 15.32039263099432 3.7 71.96916145086288
      vertex 16.88836383074522 -6.8000000000000025 71.87669334560633
      vertex 16.88836383074522 3.7 71.87669334560633
    endloop
  endfacet
  facet normal 0.019633691667419618 0 0.9998072404976416
    outer loop
      vertex 13.75 3.7 72
      vertex 13.75 -6.8000000000000025 72
      vertex 15.32039263099432 -6.8000000000000025 71.96916145086288
    endloop
  endfacet
  facet normal 0.058870806756077664 0 0.998265610001611
    outer loop
      vertex 15.32039263099432 3.7 71.96916145086288
      vertex 15.32039263099432 -6.8000000000000025 71.96916145086288
      vertex 16.88836383074522 -6.8000000000000025 71.87669334560633
    endloop
  endfacet
  facet normal 0.09801713623516424 0 0.9951847270754597
    outer loop
      vertex 16.88836383074522 3.7 71.87669334560633
      vertex 16.88836383074522 -6.8000000000000025 71.87669334560633
      vertex 17.366230454814946 -6.8000000000000025 71.82962759316926
    endloop
  endfacet
  facet normal 0.09801713623517277 0 0.9951847270754589
    outer loop
      vertex 16.88836383074522 3.7 71.87669334560633
      vertex 18.45149590075016 -21.300000000000004 71.72273828089237
      vertex 18.45149590075016 3.7 71.72273828089237
    endloop
  endfacet
  facet normal 0.13701234306744958 0 0.990569340251942
    outer loop
      vertex 18.45149590075016 3.7 71.72273828089237
      vertex 20.007378600537777 -21.300000000000004 71.50753362476826
      vertex 20.007378600537777 3.7 71.50753362476826
    endloop
  endfacet
  facet normal 0.17579627888526342 0 0.9844265682772355
    outer loop
      vertex 20.007378600537777 3.7 71.50753362476826
      vertex 21.553612880408764 -21.300000000000004 71.23141121864319
      vertex 21.553612880408764 3.7 71.23141121864319
    endloop
  endfacet
  facet normal 0.21430915294398042 0 0.976765881347436
    outer loop
      vertex 21.553612880408764 3.7 71.23141121864319
      vertex 23.087814554572105 -21.300000000000004 70.8947968184948
      vertex 23.087814554572105 3.7 70.8947968184948
    endloop
  endfacet
  facet normal 0.09801713623519558 1.4418836061758037e-15 0.9951847270754565
    outer loop
      vertex 16.88836383074522 3.7 71.87669334560633
      vertex 17.366230454814946 -6.8000000000000025 71.82962759316926
      vertex 18.45149590075016 -21.300000000000004 71.72273828089237
    endloop
  endfacet
  facet normal 0.4007488309807401 0 0.916187958045493
    outer loop
      vertex 29.057337291538715 3.7 68.9551813006401
      vertex 30.496389500796795 -21.300000000000004 68.32572695612907
      vertex 30.496389500796795 3.7 68.32572695612907
    endloop
  endfacet
  facet normal 0.4364092442481012 0 0.8997482823183388
    outer loop
      vertex 30.496389500796795 3.7 68.32572695612907
      vertex 31.909619987010956 -21.300000000000004 67.64026096463203
      vertex 31.909619987010956 3.7 67.64026096463203
    endloop
  endfacet
  facet normal 0.47139673683351074 -2.827341386434588e-18 0.8819212643443392
    outer loop
      vertex 31.909619987010956 3.7 67.64026096463203
      vertex 33.294849656522274 -21.300000000000004 66.89984028041363
      vertex 33.294849656522274 3.7 66.89984028041363
    endloop
  endfacet
  facet normal 0.2524915762532251 0 0.9675990925590835
    outer loop
      vertex 23.087814554572105 3.7 70.8947968184948
      vertex 24.607617996633053 -21.300000000000004 70.49820946156979
      vertex 24.607617996633053 3.7 70.49820946156979
    endloop
  endfacet
  facet normal 0.29028467808819225 -1.4136706935082383e-18 0.9569403354792997
    outer loop
      vertex 24.607617996633053 3.7 70.49820946156979
      vertex 26.110679775476456 -21.300000000000004 70.04226065427065
      vertex 26.110679775476456 3.7 70.04226065427065
    endloop
  endfacet
  facet normal 0.3276301829371309 0 0.9448060452963782
    outer loop
      vertex 26.110679775476456 3.7 70.04226065427065
      vertex 27.594682283699512 -21.300000000000004 69.52765343338251
      vertex 27.594682283699512 3.7 69.52765343338251
    endloop
  endfacet
  facet normal 0.3644704986252671 0 0.9312149352495637
    outer loop
      vertex 29.057337291538715 3.7 68.9551813006401
      vertex 27.594682283699512 3.7 69.52765343338251
      vertex 29.057337291538715 -21.300000000000004 68.9551813006401
    endloop
  endfacet
  facet normal 0.976765881347436 0 0.21430915294398042
    outer loop
      vertex 52.98141121864319 3.7 39.803612880408764
      vertex 52.6447968184948 3.7 41.337814554572105
      vertex 52.98141121864319 -2.2000000029802322 39.803612880408764
    endloop
  endfacet
  facet normal 0.9675990925590836 0 0.2524915762532251
    outer loop
      vertex 52.6447968184948 3.7 41.337814554572105
      vertex 52.248209461569786 3.7 42.85761799663305
      vertex 52.6447968184948 -2.2000000029802322 41.337814554572105
    endloop
  endfacet
  facet normal 0.9569403354792997 0 0.29028467808819225
    outer loop
      vertex 52.248209461569786 3.7 42.85761799663305
      vertex 51.79226065427065 3.7 44.360679775476456
      vertex 52.248209461569786 -2.2000000029802322 42.85761799663305
    endloop
  endfacet
  facet normal 0.9312149352495637 0 0.3644704986252671
    outer loop
      vertex 50.705181300640106 3.7 47.307337291538715
      vertex 51.27765343338251 -2.2000000029802322 45.84468228369951
      vertex 51.27765343338251 3.7 45.84468228369951
    endloop
  endfacet
  facet normal 0.9161879580454931 0 0.4007488309807402
    outer loop
      vertex 50.705181300640106 3.7 47.307337291538715
      vertex 50.075726956129074 3.7 48.746389500796795
      vertex 50.705181300640106 -2.2000000029802322 47.307337291538715
    endloop
  endfacet
  facet normal 0.9448060452963783 0 0.327630182937131
    outer loop
      vertex 51.79226065427065 3.7 44.360679775476456
      vertex 51.27765343338251 3.7 45.84468228369951
      vertex 51.79226065427065 -2.2000000029802322 44.360679775476456
    endloop
  endfacet
  facet normal 0.9844265682772335 -7.342164906256718e-16 0.17579627888527444
    outer loop
      vertex 53.094842020424785 -2.225665420293808 39.16842142105103
      vertex 52.98141121864319 3.7 39.803612880408764
      vertex 53.0249149593044 -2.2000000029802322 39.55999999850989
    endloop
  endfacet
  facet normal 0.9844265682772366 0 0.17579627888525717
    outer loop
      vertex 52.98141121864319 3.7 39.803612880408764
      vertex 52.98141121864319 -2.2000000029802322 39.803612880408764
      vertex 53.0249149593044 -2.2000000029802322 39.55999999850989
    endloop
  endfacet
  facet normal 0.976765881347436 0 0.21430915294398042
    outer loop
      vertex 52.6447968184948 3.7 41.337814554572105
      vertex 52.6447968184948 -2.2000000029802322 41.337814554572105
      vertex 52.98141121864319 -2.2000000029802322 39.803612880408764
    endloop
  endfacet
  facet normal 0.9675990925590836 0 0.2524915762532251
    outer loop
      vertex 52.248209461569786 3.7 42.85761799663305
      vertex 52.248209461569786 -2.2000000029802322 42.85761799663305
      vertex 52.6447968184948 -2.2000000029802322 41.337814554572105
    endloop
  endfacet
  facet normal 0.9569403354792997 0 0.29028467808819225
    outer loop
      vertex 51.79226065427065 3.7 44.360679775476456
      vertex 51.79226065427065 -2.2000000029802322 44.360679775476456
      vertex 52.248209461569786 -2.2000000029802322 42.85761799663305
    endloop
  endfacet
  facet normal 0.9312149352495637 0 0.3644704986252671
    outer loop
      vertex 50.705181300640106 3.7 47.307337291538715
      vertex 50.705181300640106 -2.2000000029802322 47.307337291538715
      vertex 51.27765343338251 -2.2000000029802322 45.84468228369951
    endloop
  endfacet
  facet normal 0.8997482823183393 0 0.43640924424810046
    outer loop
      vertex 50.075726956129074 3.7 48.746389500796795
      vertex 49.68109753654918 -2.2000000029802322 49.55999999850989
      vertex 50.075726956129074 -2.2000000029802322 48.746389500796795
    endloop
  endfacet
  facet normal 0.9161879580454931 0 0.4007488309807402
    outer loop
      vertex 50.075726956129074 3.7 48.746389500796795
      vertex 50.075726956129074 -2.2000000029802322 48.746389500796795
      vertex 50.705181300640106 -2.2000000029802322 47.307337291538715
    endloop
  endfacet
  facet normal 0.9448060452963783 0 0.327630182937131
    outer loop
      vertex 51.27765343338251 3.7 45.84468228369951
      vertex 51.27765343338251 -2.2000000029802322 45.84468228369951
      vertex 51.79226065427065 -2.2000000029802322 44.360679775476456
    endloop
  endfacet
  facet normal 0.8627343868073286 0 0.5056573719626588
    outer loop
      vertex 48.64984028041363 3.7 51.544849656522274
      vertex 47.85560657083988 3.7 52.899942591786385
      vertex 48.64984028041363 -2.9589980766991677 51.544849656522274
    endloop
  endfacet
  facet normal 0.8997482823183387 1.2951771626784906e-16 0.43640924424810124
    outer loop
      vertex 50.075726956129074 3.7 48.746389500796795
      vertex 49.390260964632034 3.7 50.159619987010956
      vertex 49.68109753654918 -2.2000000029802322 49.55999999850989
    endloop
  endfacet
  facet normal 0.8819212643443393 -1.1845646524764343e-17 0.4713967368335108
    outer loop
      vertex 48.64984028041363 3.7 51.544849656522274
      vertex 49.390260964632034 -2.267047430724421 50.159619987010956
      vertex 49.390260964632034 3.7 50.159619987010956
    endloop
  endfacet
  facet normal 0.8819212643443464 0 0.4713967368334972
    outer loop
      vertex 48.64984028041363 3.7 51.544849656522274
      vertex 48.64984028041363 -2.9589980766991677 51.544849656522274
      vertex 48.73459523573618 -2.8199399784207344 51.386284287869934
    endloop
  endfacet
  facet normal 0.8627343868073306 9.831136249738755e-16 0.5056573719626554
    outer loop
      vertex 47.85560657083988 3.7 52.899942591786385
      vertex 48.56985342728896 -3.078679658472538 51.68132034301758
      vertex 48.64984028041363 -2.9589980766991677 51.544849656522274
    endloop
  endfacet
  facet normal 0.8627343868073309 1.0219459214844831e-15 0.505657371962655
    outer loop
      vertex 47.85560657083988 3.7 52.899942591786385
      vertex 48.41820347727176 -3.373715713620186 51.940060023069385
      vertex 48.56985342728896 -3.078679658472538 51.68132034301758
    endloop
  endfacet
  facet normal 0.8627343868073226 -1.3577229887351684e-15 0.5056573719626691
    outer loop
      vertex 47.85560657083988 3.7 52.899942591786385
      vertex 48.18869530690657 -4.051949702203274 52.33163859307766
      vertex 48.290421980706114 -3.7000000029802322 52.158076207935814
    endloop
  endfacet
  facet normal 0.862734386807325 -8.088869334181106e-16 0.505657371962665
    outer loop
      vertex 47.85560657083988 3.7 52.899942591786385
      vertex 48.290421980706114 -3.7000000029802322 52.158076207935814
      vertex 48.41820347727176 -3.373715713620186 51.940060023069385
    endloop
  endfacet
  facet normal 0.8627343868073424 1.9912162500673473e-15 0.5056573719626352
    outer loop
      vertex 47.85560657083988 3.7 52.899942591786385
      vertex 48.11476402983253 -4.423542864620686 52.45777747392655
      vertex 48.18869530690657 -4.051949702203274 52.33163859307766
    endloop
  endfacet
  facet normal 0.8627343868073158 -1.3207171590531841e-15 0.5056573719626806
    outer loop
      vertex 47.85560657083988 3.7 52.899942591786385
      vertex 48.06989313299677 -4.808421425521374 52.53433458119631
      vertex 48.11476402983253 -4.423542864620686 52.45777747392655
    endloop
  endfacet
  facet normal 0.8627343868073295 -1.898245853612739e-17 0.5056573719626575
    outer loop
      vertex 47.85560657083988 3.7 52.899942591786385
      vertex 48.054850371670035 -5.200000002980232 52.55999999850989
      vertex 48.06989313299677 -4.808421425521374 52.53433458119631
    endloop
  endfacet
  facet normal 0.8997482823183396 3.368331566089203e-16 0.4364092442480996
    outer loop
      vertex 49.390260964632034 3.7 50.159619987010956
      vertex 49.491168292547464 -2.225665420293808 49.951578575968746
      vertex 49.68109753654918 -2.2000000029802322 49.55999999850989
    endloop
  endfacet
  facet normal 0.8997482823183359 0 0.4364092442481074
    outer loop
      vertex 49.390260964632034 3.7 50.159619987010956
      vertex 49.390260964632034 -2.267047430724421 50.159619987010956
      vertex 49.491168292547464 -2.225665420293808 49.951578575968746
    endloop
  endfacet
  facet normal 0.8819212643443359 -1.4376218420863542e-15 0.4713967368335169
    outer loop
      vertex 48.64984028041363 3.7 51.544849656522274
      vertex 49.09711885542159 -2.4283614084124565 50.708050299286846
      vertex 49.29573953878094 -2.302222527563572 50.336457136869434
    endloop
  endfacet
  facet normal 0.881921264344341 1.0928359456472503e-15 0.47139673683350714
    outer loop
      vertex 48.64984028041363 3.7 51.544849656522274
      vertex 49.29573953878094 -2.302222527563572 50.336457136869434
      vertex 49.390260964632034 -2.267047430724421 50.159619987010956
    endloop
  endfacet
  facet normal 0.8819212643443409 2.2122976225417309e-16 0.47139673683350747
    outer loop
      vertex 48.64984028041363 3.7 51.544849656522274
      vertex 48.90899782188849 -2.601923793554306 51.05999999850989
      vertex 49.09711885542159 -2.4283614084124565 50.708050299286846
    endloop
  endfacet
  facet normal 0.8819212643443368 -5.674750377701756e-16 0.47139673683351535
    outer loop
      vertex 48.64984028041363 3.7 51.544849656522274
      vertex 48.73459523573618 -2.8199399784207344 51.386284287869934
      vertex 48.90899782188849 -2.601923793554306 51.05999999850989
    endloop
  endfacet
  facet normal 0.8422172352753996 -1.4136706969141574e-18 0.5391383204754253
    outer loop
      vertex 47.008784495294094 3.7 54.222809322178364
      vertex 47.85560657083988 -21.300000000000004 52.899942591786385
      vertex 47.85560657083988 3.7 52.899942591786385
    endloop
  endfacet
  facet normal 0.7973206534647818 0 0.6035559423603526
    outer loop
      vertex 46.110679775476456 3.7 55.51141009479761
      vertex 45.162677235901356 3.7 56.76375797390938
      vertex 46.110679775476456 -21.300000000000004 55.51141009479761
    endloop
  endfacet
  facet normal 0.7730104517196759 0 0.6343932861657213
    outer loop
      vertex 45.162677235901356 3.7 56.76375797390938
      vertex 44.166238620877266 3.7 57.977921932935715
      vertex 45.162677235901356 -21.300000000000004 56.76375797390938
    endloop
  endfacet
  facet normal 0.7475083264867453 -1.4136706932282776e-18 0.6642524383342414
    outer loop
      vertex 43.12290037423372 3.7 59.15202981978655
      vertex 44.166238620877266 -21.300000000000004 57.977921932935715
      vertex 44.166238620877266 3.7 57.977921932935715
    endloop
  endfacet
  facet normal 0.8204014430698211 0 0.5717879608814401
    outer loop
      vertex 47.008784495294094 3.7 54.222809322178364
      vertex 46.110679775476456 3.7 55.51141009479761
      vertex 47.008784495294094 -21.300000000000004 54.222809322178364
    endloop
  endfacet
  facet normal 0.8627343868073294 0 0.5056573719626575
    outer loop
      vertex 47.85560657083988 3.7 52.899942591786385
      vertex 47.85560657083988 -21.300000000000004 52.899942591786385
      vertex 48.054850371670035 -5.200000002980232 52.55999999850989
    endloop
  endfacet
  facet normal 0.6035559423603526 0 0.7973206534647818
    outer loop
      vertex 38.51375797390938 3.7 63.412677235901356
      vertex 37.26141009479761 3.7 64.36067977547646
      vertex 38.51375797390938 -21.300000000000004 63.412677235901356
    endloop
  endfacet
  facet normal 0.5056573719626588 0 0.8627343868073287
    outer loop
      vertex 33.294849656522274 3.7 66.89984028041363
      vertex 34.649942591786385 -21.300000000000004 66.10560657083988
      vertex 34.649942591786385 3.7 66.10560657083988
    endloop
  endfacet
  facet normal 0.5391383204754253 -1.4136706969141574e-18 0.8422172352753996
    outer loop
      vertex 34.649942591786385 3.7 66.10560657083988
      vertex 35.972809322178364 -21.300000000000004 65.2587844952941
      vertex 35.972809322178364 3.7 65.2587844952941
    endloop
  endfacet
  facet normal 0.5717879608814401 0 0.8204014430698211
    outer loop
      vertex 35.972809322178364 3.7 65.2587844952941
      vertex 37.26141009479761 -21.300000000000004 64.36067977547646
      vertex 37.26141009479761 3.7 64.36067977547646
    endloop
  endfacet
  facet normal 0.6343932861657213 0 0.7730104517196759
    outer loop
      vertex 38.51375797390938 3.7 63.412677235901356
      vertex 39.727921932935715 -21.300000000000004 62.416238620877266
      vertex 39.727921932935715 3.7 62.416238620877266
    endloop
  endfacet
  facet normal 0.6642524383342414 0 0.7475083264867453
    outer loop
      vertex 40.90202981978655 3.7 61.37290037423372
      vertex 39.727921932935715 3.7 62.416238620877266
      vertex 40.90202981978655 -21.300000000000004 61.37290037423372
    endloop
  endfacet
  facet normal 0.6930873608573016 0 0.720853598326221
    outer loop
      vertex 40.90202981978655 3.7 61.37290037423372
      vertex 42.034271247684956 -21.300000000000004 60.284271247684956
      vertex 42.034271247684956 3.7 60.284271247684956
    endloop
  endfacet
  facet normal 0.720853598326221 0 0.6930873608573016
    outer loop
      vertex 43.12290037423372 3.7 59.15202981978655
      vertex 42.034271247684956 3.7 60.284271247684956
      vertex 43.12290037423372 -21.300000000000004 59.15202981978655
    endloop
  endfacet
  facet normal 0 -1 0
    outer loop
      vertex 12.38926513493061 -21.300000000000004 57.964367903769016
      vertex 13.75 -21.300000000000004 58
      vertex 26.155467614531517 -21.300000000000004 59.86313645541668
    endloop
  endfacet
  facet normal 0 -1 0
    outer loop
      vertex 13.75 -21.300000000000004 58
      vertex 15.11073486506939 -21.300000000000004 57.964367903769016
      vertex 26.155467614531517 -21.300000000000004 59.86313645541668
    endloop
  endfacet
  facet normal 0 -1 0
    outer loop
      vertex 15.11073486506939 -21.300000000000004 57.964367903769016
      vertex 16.467740043997765 -21.300000000000004 57.85756927728653
      vertex 27.596710242331028 -21.300000000000004 59.17569898813963
    endloop
  endfacet
  facet normal 0 -1 0
    outer loop
      vertex 16.467740043997765 -21.300000000000004 57.85756927728653
      vertex 17.817296087741852 -21.300000000000004 57.67989685386419
      vertex 27.596710242331028 -21.300000000000004 59.17569898813963
    endloop
  endfacet
  facet normal 0 -1 0
    outer loop
      vertex 17.817296087741852 -21.300000000000004 57.67989685386419
      vertex 19.155703961849213 -21.300000000000004 57.43183761835098
      vertex 27.596710242331028 -21.300000000000004 59.17569898813963
    endloop
  endfacet
  facet normal 0 -1 0
    outer loop
      vertex 19.155703961849213 -21.300000000000004 57.43183761835098
      vertex 20.479295171797276 -21.300000000000004 57.11407148092985
      vertex 29 -21.300000000000004 58.41377481818199
    endloop
  endfacet
  facet normal 0 -1 0
    outer loop
      vertex 15.11073486506939 -21.300000000000004 57.964367903769016
      vertex 27.596710242331028 -21.300000000000004 59.17569898813963
      vertex 26.155467614531517 -21.300000000000004 59.86313645541668
    endloop
  endfacet
  facet normal 0 -1 0
    outer loop
      vertex 23.06756668537855 -21.300000000000004 56.273091085255146
      vertex 24.325152717530727 -21.300000000000004 55.75218189507723
      vertex 30.361490570008755 -21.300000000000004 57.57945232093334
    endloop
  endfacet
  facet normal 0 -1 0
    outer loop
      vertex 20.479295171797276 -21.300000000000004 57.11407148092985
      vertex 21.784441851079464 -21.300000000000004 56.72746942192316
      vertex 29 -21.300000000000004 58.41377481818199
    endloop
  endfacet
  facet normal 0 -1 0
    outer loop
      vertex 21.784441851079464 -21.300000000000004 56.72746942192316
      vertex 23.06756668537855 -21.300000000000004 56.273091085255146
      vertex 30.361490570008755 -21.300000000000004 57.57945232093334
    endloop
  endfacet
  facet normal 0 -1 0
    outer loop
      vertex 19.155703961849213 -21.300000000000004 57.43183761835098
      vertex 29 -21.300000000000004 58.41377481818199
      vertex 27.596710242331028 -21.300000000000004 59.17569898813963
    endloop
  endfacet
  facet normal 0 -1 0
    outer loop
      vertex 24.325152717530727 -21.300000000000004 55.75218189507723
      vertex 25.55375299602747 -21.300000000000004 55.16616962850094
      vertex 31.677450194954872 -21.300000000000004 56.675018325448036
    endloop
  endfacet
  facet normal 0 -1 0
    outer loop
      vertex 25.55375299602747 -21.300000000000004 55.16616962850094
      vertex 26.75 -21.300000000000004 54.51666049659252
      vertex 31.677450194954872 -21.300000000000004 56.675018325448036
    endloop
  endfacet
  facet normal 0 -1 0
    outer loop
      vertex 21.784441851079464 -21.300000000000004 56.72746942192316
      vertex 30.361490570008755 -21.300000000000004 57.57945232093334
      vertex 29 -21.300000000000004 58.41377481818199
    endloop
  endfacet
  facet normal 0 -1 0
    outer loop
      vertex 27.910614907741547 -21.300000000000004 53.80543476343155
      vertex 29.032416559755802 -21.300000000000004 53.034441851079464
      vertex 32.94427192956209 -21.300000000000004 55.702951826155186
    endloop
  endfacet
  facet normal 0 -1 0
    outer loop
      vertex 31.14739576727152 -21.300000000000004 51.32176546007395
      vertex 32.134776309132576 -21.300000000000004 50.384776309132576
      vertex 36.41591718047857 -21.300000000000004 52.40848349034786
    endloop
  endfacet
  facet normal 0 -1 0
    outer loop
      vertex 29.032416559755802 -21.300000000000004 53.034441851079464
      vertex 30.11233016848564 -21.300000000000004 52.205794997513294
      vertex 35.31675682961941 -21.300000000000004 53.56675682961941
    endloop
  endfacet
  facet normal 0 -1 0
    outer loop
      vertex 31.14739576727152 -21.300000000000004 51.32176546007395
      vertex 35.31675682961941 -21.300000000000004 53.56675682961941
      vertex 30.11233016848564 -21.300000000000004 52.205794997513294
    endloop
  endfacet
  facet normal 0 -1 0
    outer loop
      vertex 29.032416559755802 -21.300000000000004 53.034441851079464
      vertex 35.31675682961941 -21.300000000000004 53.56675682961941
      vertex 34.15848349034786 -21.300000000000004 54.66591718047857
    endloop
  endfacet
  facet normal 0 -1 0
    outer loop
      vertex 27.910614907741547 -21.300000000000004 53.80543476343155
      vertex 32.94427192956209 -21.300000000000004 55.702951826155186
      vertex 26.75 -21.300000000000004 54.51666049659252
    endloop
  endfacet
  facet normal 0 -1 0
    outer loop
      vertex 24.325152717530727 -21.300000000000004 55.75218189507723
      vertex 31.677450194954872 -21.300000000000004 56.675018325448036
      vertex 30.361490570008755 -21.300000000000004 57.57945232093334
    endloop
  endfacet
  facet normal 0 -1 0
    outer loop
      vertex 26.75 -21.300000000000004 54.51666049659252
      vertex 32.94427192956209 -21.300000000000004 55.702951826155186
      vertex 31.677450194954872 -21.300000000000004 56.675018325448036
    endloop
  endfacet
  facet normal 0 -1 0
    outer loop
      vertex 29.032416559755802 -21.300000000000004 53.034441851079464
      vertex 34.15848349034786 -21.300000000000004 54.66591718047857
      vertex 32.94427192956209 -21.300000000000004 55.702951826155186
    endloop
  endfacet
  facet normal 0.09801713623517655 0 0.9951847270754586
    outer loop
      vertex 17.366230454814946 -6.8000000000000025 71.82962759316926
      vertex 17.366230454814946 -10.800000000000002 71.82962759316926
      vertex 18.45149590075016 -21.300000000000004 71.72273828089237
    endloop
  endfacet
  facet normal 0.019633691667419618 0 0.9998072404976416
    outer loop
      vertex 13.75 -10.800000000000002 72
      vertex 15.32039263099432 -21.300000000000004 71.96916145086288
      vertex 15.32039263099432 -10.800000000000002 71.96916145086288
    endloop
  endfacet
  facet normal 0.058870806756077664 0 0.998265610001611
    outer loop
      vertex 15.32039263099432 -10.800000000000002 71.96916145086288
      vertex 16.88836383074522 -21.300000000000004 71.87669334560633
      vertex 16.88836383074522 -10.800000000000002 71.87669334560633
    endloop
  endfacet
  facet normal 0.09801713623516424 -1.2832816975784815e-15 0.9951847270754597
    outer loop
      vertex 16.88836383074522 -10.800000000000002 71.87669334560633
      vertex 18.45149590075016 -21.300000000000004 71.72273828089237
      vertex 17.366230454814946 -10.800000000000002 71.82962759316926
    endloop
  endfacet
  facet normal 0.17579627888526342 0 0.9844265682772355
    outer loop
      vertex 20.007378600537777 3.7 71.50753362476826
      vertex 20.007378600537777 -21.300000000000004 71.50753362476826
      vertex 21.553612880408764 -21.300000000000004 71.23141121864319
    endloop
  endfacet
  facet normal 0.13701234306744958 0 0.990569340251942
    outer loop
      vertex 18.45149590075016 3.7 71.72273828089237
      vertex 18.45149590075016 -21.300000000000004 71.72273828089237
      vertex 20.007378600537777 -21.300000000000004 71.50753362476826
    endloop
  endfacet
  facet normal 0.21430915294398042 0 0.976765881347436
    outer loop
      vertex 21.553612880408764 3.7 71.23141121864319
      vertex 21.553612880408764 -21.300000000000004 71.23141121864319
      vertex 23.087814554572105 -21.300000000000004 70.8947968184948
    endloop
  endfacet
  facet normal 0.2524915762532251 0 0.9675990925590835
    outer loop
      vertex 23.087814554572105 3.7 70.8947968184948
      vertex 23.087814554572105 -21.300000000000004 70.8947968184948
      vertex 24.607617996633053 -21.300000000000004 70.49820946156979
    endloop
  endfacet
  facet normal 0.4007488309807401 0 0.916187958045493
    outer loop
      vertex 29.057337291538715 3.7 68.9551813006401
      vertex 29.057337291538715 -21.300000000000004 68.9551813006401
      vertex 30.496389500796795 -21.300000000000004 68.32572695612907
    endloop
  endfacet
  facet normal 0.4364092442481012 0 0.8997482823183388
    outer loop
      vertex 30.496389500796795 3.7 68.32572695612907
      vertex 30.496389500796795 -21.300000000000004 68.32572695612907
      vertex 31.909619987010956 -21.300000000000004 67.64026096463203
    endloop
  endfacet
  facet normal 0.5056573719626588 0 0.8627343868073287
    outer loop
      vertex 33.294849656522274 3.7 66.89984028041363
      vertex 33.294849656522274 -21.300000000000004 66.89984028041363
      vertex 34.649942591786385 -21.300000000000004 66.10560657083988
    endloop
  endfacet
  facet normal 0.47139673683351074 0 0.8819212643443392
    outer loop
      vertex 31.909619987010956 3.7 67.64026096463203
      vertex 31.909619987010956 -21.300000000000004 67.64026096463203
      vertex 33.294849656522274 -21.300000000000004 66.89984028041363
    endloop
  endfacet
  facet normal 0.29028467808819225 0 0.9569403354792997
    outer loop
      vertex 24.607617996633053 3.7 70.49820946156979
      vertex 24.607617996633053 -21.300000000000004 70.49820946156979
      vertex 26.110679775476456 -21.300000000000004 70.04226065427065
    endloop
  endfacet
  facet normal 0.3276301829371309 0 0.9448060452963782
    outer loop
      vertex 26.110679775476456 3.7 70.04226065427065
      vertex 26.110679775476456 -21.300000000000004 70.04226065427065
      vertex 27.594682283699512 -21.300000000000004 69.52765343338251
    endloop
  endfacet
  facet normal 0.3644704986252671 0 0.9312149352495637
    outer loop
      vertex 27.594682283699512 3.7 69.52765343338251
      vertex 27.594682283699512 -21.300000000000004 69.52765343338251
      vertex 29.057337291538715 -21.300000000000004 68.9551813006401
    endloop
  endfacet
  facet normal 0 -1 0
    outer loop
      vertex 4.324981674551964 -21.300000000000004 61.00722374767065
      vertex 20.091306567192078 -21.300000000000004 61.83350182324648
      vertex 18.521251186728477 -21.300000000000004 62.12449438869953
    endloop
  endfacet
  facet normal 0 -1 0
    outer loop
      vertex -0.09671024233102798 -21.300000000000004 59.17569898813963
      vertex 23.175018325448036 -21.300000000000004 61.00722374767065
      vertex 21.643980875611305 -21.300000000000004 61.46073770523071
    endloop
  endfacet
  facet normal 0 -1 0
    outer loop
      vertex -0.09671024233102798 -21.300000000000004 59.17569898813963
      vertex 24.68022245913744 -21.300000000000004 60.47420300543308
      vertex 23.175018325448036 -21.300000000000004 61.00722374767065
    endloop
  endfacet
  facet normal 0 -1 0
    outer loop
      vertex 4.324981674551964 -21.300000000000004 61.00722374767065
      vertex 21.643980875611305 -21.300000000000004 61.46073770523071
      vertex 20.091306567192078 -21.300000000000004 61.83350182324648
    endloop
  endfacet
  facet normal 0 -1 0
    outer loop
      vertex 5.856019124388695 -21.300000000000004 61.46073770523071
      vertex 18.521251186728477 -21.300000000000004 62.12449438869953
      vertex 16.938118129968643 -21.300000000000004 62.33291780948639
    endloop
  endfacet
  facet normal 0 -1 0
    outer loop
      vertex 8.978748813271523 -21.300000000000004 62.12449438869953
      vertex 16.938118129968643 -21.300000000000004 62.33291780948639
      vertex 15.346246667206287 -21.300000000000004 62.45820081233978
    endloop
  endfacet
  facet normal 0 -1 0
    outer loop
      vertex -1.5 -21.300000000000004 58.41377481818199
      vertex 26.155467614531517 -21.300000000000004 59.86313645541668
      vertex 24.68022245913744 -21.300000000000004 60.47420300543308
    endloop
  endfacet
  facet normal 0 -1 0
    outer loop
      vertex -4.409619987010956 -21.300000000000004 67.64026096463203
      vertex 29.057337291538715 -21.300000000000004 68.9551813006401
      vertex 27.594682283699512 -21.300000000000004 69.52765343338251
    endloop
  endfacet
  facet normal 0 -1 0
    outer loop
      vertex 11.918241530656815 -21.300000000000004 66.95203371345997
      vertex 13.75 -21.300000000000004 67
      vertex 30.496389500796795 -21.300000000000004 68.32572695612907
    endloop
  endfacet
  facet normal 0 -1 0
    outer loop
      vertex -5.794849656522274 -21.300000000000004 66.89984028041363
      vertex 30.496389500796795 -21.300000000000004 68.32572695612907
      vertex 29.057337291538715 -21.300000000000004 68.9551813006401
    endloop
  endfacet
  facet normal 0 -1 0
    outer loop
      vertex 13.75 -21.300000000000004 67
      vertex 15.581758469343185 -21.300000000000004 66.95203371345997
      vertex 30.496389500796795 -21.300000000000004 68.32572695612907
    endloop
  endfacet
  facet normal 0 -1 0
    outer loop
      vertex 15.581758469343185 -21.300000000000004 66.95203371345997
      vertex 17.408496215939522 -21.300000000000004 66.80826633423567
      vertex 31.909619987010956 -21.300000000000004 67.64026096463203
    endloop
  endfacet
  facet normal 0 -1 0
    outer loop
      vertex 17.408496215939522 -21.300000000000004 66.80826633423567
      vertex 19.225206278264523 -21.300000000000004 66.56909192353487
      vertex 31.909619987010956 -21.300000000000004 67.64026096463203
    endloop
  endfacet
  facet normal 0.019633691667419618 0 0.9998072404976416
    outer loop
      vertex 13.75 -10.800000000000002 72
      vertex 13.75 -21.300000000000004 72
      vertex 15.32039263099432 -21.300000000000004 71.96916145086288
    endloop
  endfacet
  facet normal 0.058870806756077664 0 0.998265610001611
    outer loop
      vertex 15.32039263099432 -10.800000000000002 71.96916145086288
      vertex 15.32039263099432 -21.300000000000004 71.96916145086288
      vertex 16.88836383074522 -21.300000000000004 71.87669334560633
    endloop
  endfacet
  facet normal 0.09801713623517279 0 0.995184727075459
    outer loop
      vertex 16.88836383074522 -10.800000000000002 71.87669334560633
      vertex 16.88836383074522 -21.300000000000004 71.87669334560633
      vertex 18.45149590075016 -21.300000000000004 71.72273828089237
    endloop
  endfacet
  facet normal 0 -1 0
    outer loop
      vertex 4.412185445427895 -21.300000000000004 70.8947968184948
      vertex 20.007378600537777 -21.300000000000004 71.50753362476826
      vertex 18.45149590075016 -21.300000000000004 71.72273828089237
    endloop
  endfacet
  facet normal 0 -1 0
    outer loop
      vertex 2.892382003366947 -21.300000000000004 70.49820946156979
      vertex 21.553612880408764 -21.300000000000004 71.23141121864319
      vertex 20.007378600537777 -21.300000000000004 71.50753362476826
    endloop
  endfacet
  facet normal 0 -1 0
    outer loop
      vertex -0.09468228369951248 -21.300000000000004 69.52765343338251
      vertex 24.607617996633053 -21.300000000000004 70.49820946156979
      vertex 23.087814554572105 -21.300000000000004 70.8947968184948
    endloop
  endfacet
  facet normal 0 -1 0
    outer loop
      vertex 1.3893202245235443 -21.300000000000004 70.04226065427065
      vertex 23.087814554572105 -21.300000000000004 70.8947968184948
      vertex 21.553612880408764 -21.300000000000004 71.23141121864319
    endloop
  endfacet
  facet normal 0 -1 0
    outer loop
      vertex 5.946387119591236 -21.300000000000004 71.23141121864319
      vertex 18.45149590075016 -21.300000000000004 71.72273828089237
      vertex 16.88836383074522 -21.300000000000004 71.87669334560633
    endloop
  endfacet
  facet normal 0 -1 0
    outer loop
      vertex -1.5573372915387154 -21.300000000000004 68.9551813006401
      vertex 26.110679775476456 -21.300000000000004 70.04226065427065
      vertex 24.607617996633053 -21.300000000000004 70.49820946156979
    endloop
  endfacet
  facet normal 0 -1 0
    outer loop
      vertex -2.996389500796795 -21.300000000000004 68.32572695612907
      vertex 27.594682283699512 -21.300000000000004 69.52765343338251
      vertex 26.110679775476456 -21.300000000000004 70.04226065427065
    endloop
  endfacet
  facet normal 0 -1 0
    outer loop
      vertex 21.026909179985523 -21.300000000000004 66.23516602814198
      vertex 22.808666579425335 -21.300000000000004 65.807403922081
      vertex 33.294849656522274 -21.300000000000004 66.89984028041363
    endloop
  endfacet
  facet normal 0 -1 0
    outer loop
      vertex 19.225206278264523 -21.300000000000004 66.56909192353487
      vertex 21.026909179985523 -21.300000000000004 66.23516602814198
      vertex 31.909619987010956 -21.300000000000004 67.64026096463203
    endloop
  endfacet
  facet normal 0 -1 0
    outer loop
      vertex 15.581758469343185 -21.300000000000004 66.95203371345997
      vertex 31.909619987010956 -21.300000000000004 67.64026096463203
      vertex 30.496389500796795 -21.300000000000004 68.32572695612907
    endloop
  endfacet
  facet normal 0 -1 0
    outer loop
      vertex 22.808666579425335 -21.300000000000004 65.807403922081
      vertex 24.56559479981661 -21.300000000000004 65.28697807341814
      vertex 33.294849656522274 -21.300000000000004 66.89984028041363
    endloop
  endfacet
  facet normal 0 -1 0
    outer loop
      vertex 24.56559479981661 -21.300000000000004 65.28697807341814
      vertex 26.292878232896328 -21.300000000000004 64.67531492561102
      vertex 34.649942591786385 -21.300000000000004 66.10560657083988
    endloop
  endfacet
  facet normal 0 -1 0
    outer loop
      vertex 21.026909179985523 -21.300000000000004 66.23516602814198
      vertex 33.294849656522274 -21.300000000000004 66.89984028041363
      vertex 31.909619987010956 -21.300000000000004 67.64026096463203
    endloop
  endfacet
  facet normal 0 -1 0
    outer loop
      vertex 27.985782504081726 -21.300000000000004 63.97409101575613
      vertex 29.639667488634586 -21.300000000000004 63.18522834777832
      vertex 37.26141009479761 -21.300000000000004 64.36067977547646
    endloop
  endfacet
  facet normal 0 -1 0
    outer loop
      vertex 29.639667488634586 -21.300000000000004 63.18522834777832
      vertex 31.25 -21.300000000000004 62.31088913232088
      vertex 37.26141009479761 -21.300000000000004 64.36067977547646
    endloop
  endfacet
  facet normal 0 -1 0
    outer loop
      vertex 27.985782504081726 -21.300000000000004 63.97409101575613
      vertex 35.972809322178364 -21.300000000000004 65.2587844952941
      vertex 26.292878232896328 -21.300000000000004 64.67531492561102
    endloop
  endfacet
  facet normal 0 -1 0
    outer loop
      vertex 24.56559479981661 -21.300000000000004 65.28697807341814
      vertex 34.649942591786385 -21.300000000000004 66.10560657083988
      vertex 33.294849656522274 -21.300000000000004 66.89984028041363
    endloop
  endfacet
  facet normal 0 -1 0
    outer loop
      vertex 26.292878232896328 -21.300000000000004 64.67531492561102
      vertex 35.972809322178364 -21.300000000000004 65.2587844952941
      vertex 34.649942591786385 -21.300000000000004 66.10560657083988
    endloop
  endfacet
  facet normal 0 -1 0
    outer loop
      vertex 27.985782504081726 -21.300000000000004 63.97409101575613
      vertex 37.26141009479761 -21.300000000000004 64.36067977547646
      vertex 35.972809322178364 -21.300000000000004 65.2587844952941
    endloop
  endfacet
  facet normal 0.7475083264867453 0 0.6642524383342414
    outer loop
      vertex 43.12290037423372 3.7 59.15202981978655
      vertex 43.12290037423372 -21.300000000000004 59.15202981978655
      vertex 44.166238620877266 -21.300000000000004 57.977921932935715
    endloop
  endfacet
  facet normal 0.8422172352753996 0 0.5391383204754253
    outer loop
      vertex 47.008784495294094 3.7 54.222809322178364
      vertex 47.008784495294094 -21.300000000000004 54.222809322178364
      vertex 47.85560657083988 -21.300000000000004 52.899942591786385
    endloop
  endfacet
  facet normal 0.8627343868073294 0 0.5056573719626575
    outer loop
      vertex 48.054850371670035 -5.200000002980232 52.55999999850989
      vertex 47.85560657083988 -21.300000000000004 52.899942591786385
      vertex 48.054850371670035 -13.600000001490116 52.55999999850989
    endloop
  endfacet
  facet normal 0.7973206534647818 0 0.6035559423603526
    outer loop
      vertex 45.162677235901356 3.7 56.76375797390938
      vertex 45.162677235901356 -21.300000000000004 56.76375797390938
      vertex 46.110679775476456 -21.300000000000004 55.51141009479761
    endloop
  endfacet
  facet normal 0.7730104517196759 0 0.6343932861657213
    outer loop
      vertex 44.166238620877266 3.7 57.977921932935715
      vertex 44.166238620877266 -21.300000000000004 57.977921932935715
      vertex 45.162677235901356 -21.300000000000004 56.76375797390938
    endloop
  endfacet
  facet normal 0.8204014430698211 0 0.5717879608814401
    outer loop
      vertex 46.110679775476456 3.7 55.51141009479761
      vertex 46.110679775476456 -21.300000000000004 55.51141009479761
      vertex 47.008784495294094 -21.300000000000004 54.222809322178364
    endloop
  endfacet
  facet normal 0 -1 0
    outer loop
      vertex 36.91616962850094 -21.300000000000004 43.80375299602747
      vertex 37.50218189507723 -21.300000000000004 42.57515271753073
      vertex 40.92569898813963 -21.300000000000004 45.84671024233103
    endloop
  endfacet
  facet normal 0 -1 0
    outer loop
      vertex 33.07176546007395 -21.300000000000004 49.39739576727152
      vertex 33.955794997513294 -21.300000000000004 48.36233016848564
      vertex 38.425018325448036 -21.300000000000004 49.92745019495487
    endloop
  endfacet
  facet normal 0 -1 0
    outer loop
      vertex 34.784441851079464 -21.300000000000004 47.2824165597558
      vertex 38.425018325448036 -21.300000000000004 49.92745019495487
      vertex 33.955794997513294 -21.300000000000004 48.36233016848564
    endloop
  endfacet
  facet normal 0 -1 0
    outer loop
      vertex 35.55543476343155 -21.300000000000004 46.16061490774155
      vertex 36.26666049659252 -21.300000000000004 45
      vertex 40.16377481818199 -21.300000000000004 47.25
    endloop
  endfacet
  facet normal 0 -1 0
    outer loop
      vertex 36.91616962850094 -21.300000000000004 43.80375299602747
      vertex 40.92569898813963 -21.300000000000004 45.84671024233103
      vertex 36.26666049659252 -21.300000000000004 45
    endloop
  endfacet
  facet normal 0 -1 0
    outer loop
      vertex 35.55543476343155 -21.300000000000004 46.16061490774155
      vertex 39.32945232093334 -21.300000000000004 48.611490570008755
      vertex 34.784441851079464 -21.300000000000004 47.2824165597558
    endloop
  endfacet
  facet normal 0 -1 0
    outer loop
      vertex 35.55543476343155 -21.300000000000004 46.16061490774155
      vertex 40.16377481818199 -21.300000000000004 47.25
      vertex 39.32945232093334 -21.300000000000004 48.611490570008755
    endloop
  endfacet
  facet normal 0 -1 0
    outer loop
      vertex 34.784441851079464 -21.300000000000004 47.2824165597558
      vertex 39.32945232093334 -21.300000000000004 48.611490570008755
      vertex 38.425018325448036 -21.300000000000004 49.92745019495487
    endloop
  endfacet
  facet normal 0 -1 0
    outer loop
      vertex 38.47746942192316 -21.300000000000004 40.034441851079464
      vertex 42.22420300543308 -21.300000000000004 42.93022245913744
      vertex 38.023091085255146 -21.300000000000004 41.31756668537855
    endloop
  endfacet
  facet normal 0 -1 0
    outer loop
      vertex 38.86407148092985 -21.300000000000004 38.729295171797276
      vertex 42.75722374767065 -21.300000000000004 41.425018325448036
      vertex 38.47746942192316 -21.300000000000004 40.034441851079464
    endloop
  endfacet
  facet normal 0 -1 0
    outer loop
      vertex 38.47746942192316 -21.300000000000004 40.034441851079464
      vertex 42.75722374767065 -21.300000000000004 41.425018325448036
      vertex 42.22420300543308 -21.300000000000004 42.93022245913744
    endloop
  endfacet
  facet normal 0 -1 0
    outer loop
      vertex 38.023091085255146 -21.300000000000004 41.31756668537855
      vertex 41.61313645541668 -21.300000000000004 44.40546761453152
      vertex 37.50218189507723 -21.300000000000004 42.57515271753073
    endloop
  endfacet
  facet normal 0 -1 0
    outer loop
      vertex 38.023091085255146 -21.300000000000004 41.31756668537855
      vertex 42.22420300543308 -21.300000000000004 42.93022245913744
      vertex 41.61313645541668 -21.300000000000004 44.40546761453152
    endloop
  endfacet
  facet normal 0 -1 0
    outer loop
      vertex 37.50218189507723 -21.300000000000004 42.57515271753073
      vertex 41.61313645541668 -21.300000000000004 44.40546761453152
      vertex 40.92569898813963 -21.300000000000004 45.84671024233103
    endloop
  endfacet
  facet normal 0 -1 0
    outer loop
      vertex 38.86407148092985 -21.300000000000004 38.729295171797276
      vertex 43.21073770523071 -21.300000000000004 39.893980875611305
      vertex 42.75722374767065 -21.300000000000004 41.425018325448036
    endloop
  endfacet
  facet normal 0 -1 0
    outer loop
      vertex 36.26666049659252 -21.300000000000004 45
      vertex 40.92569898813963 -21.300000000000004 45.84671024233103
      vertex 40.16377481818199 -21.300000000000004 47.25
    endloop
  endfacet
  facet normal 0 -1 0
    outer loop
      vertex 32.134776309132576 -21.300000000000004 50.384776309132576
      vertex 33.07176546007395 -21.300000000000004 49.39739576727152
      vertex 37.452951826155186 -21.300000000000004 51.19427192956209
    endloop
  endfacet
  facet normal 0 -1 0
    outer loop
      vertex 32.134776309132576 -21.300000000000004 50.384776309132576
      vertex 37.452951826155186 -21.300000000000004 51.19427192956209
      vertex 36.41591718047857 -21.300000000000004 52.40848349034786
    endloop
  endfacet
  facet normal 0 -1 0
    outer loop
      vertex 31.14739576727152 -21.300000000000004 51.32176546007395
      vertex 36.41591718047857 -21.300000000000004 52.40848349034786
      vertex 35.31675682961941 -21.300000000000004 53.56675682961941
    endloop
  endfacet
  facet normal 0 -1 0
    outer loop
      vertex 33.07176546007395 -21.300000000000004 49.39739576727152
      vertex 38.425018325448036 -21.300000000000004 49.92745019495487
      vertex 37.452951826155186 -21.300000000000004 51.19427192956209
    endloop
  endfacet
  facet normal 0 -1 0
    outer loop
      vertex 35.77621368318796 -21.300000000000004 59.2001086473465
      vertex 37.169571220874786 -21.300000000000004 58.01006889343262
      vertex 42.034271247684956 -21.300000000000004 60.284271247684956
    endloop
  endfacet
  facet normal 0 -1 0
    outer loop
      vertex 40.9501086473465 -21.300000000000004 54.02621368318796
      vertex 42.06559479981661 -21.300000000000004 52.57248383015394
      vertex 46.110679775476456 -21.300000000000004 55.51141009479761
    endloop
  endfacet
  facet normal 0 -1 0
    outer loop
      vertex 38.49873734265566 -21.300000000000004 56.74873734265566
      vertex 39.76006889343262 -21.300000000000004 55.419571220874786
      vertex 44.166238620877266 -21.300000000000004 57.977921932935715
    endloop
  endfacet
  facet normal 0 -1 0
    outer loop
      vertex 38.49873734265566 -21.300000000000004 56.74873734265566
      vertex 43.12290037423372 -21.300000000000004 59.15202981978655
      vertex 37.169571220874786 -21.300000000000004 58.01006889343262
    endloop
  endfacet
  facet normal 0 -1 0
    outer loop
      vertex 37.169571220874786 -21.300000000000004 58.01006889343262
      vertex 43.12290037423372 -21.300000000000004 59.15202981978655
      vertex 42.034271247684956 -21.300000000000004 60.284271247684956
    endloop
  endfacet
  facet normal 0 -1 0
    outer loop
      vertex 40.9501086473465 -21.300000000000004 54.02621368318796
      vertex 45.162677235901356 -21.300000000000004 56.76375797390938
      vertex 39.76006889343262 -21.300000000000004 55.419571220874786
    endloop
  endfacet
  facet normal 0 -1 0
    outer loop
      vertex 39.76006889343262 -21.300000000000004 55.419571220874786
      vertex 45.162677235901356 -21.300000000000004 56.76375797390938
      vertex 44.166238620877266 -21.300000000000004 57.977921932935715
    endloop
  endfacet
  facet normal 0 -1 0
    outer loop
      vertex 38.49873734265566 -21.300000000000004 56.74873734265566
      vertex 44.166238620877266 -21.300000000000004 57.977921932935715
      vertex 43.12290037423372 -21.300000000000004 59.15202981978655
    endloop
  endfacet
  facet normal 0.9844265682772335 9.25455251533295e-16 0.17579627888527447
    outer loop
      vertex 53.094842020424785 -16.57433458417654 39.16842142105103
      vertex 53.0249149593044 -16.600000001490116 39.55999999850989
      vertex 52.98141121864319 -21.300000000000004 39.803612880408764
    endloop
  endfacet
  facet normal 0.9844265682772366 -3.6687474430609684e-19 0.17579627888525717
    outer loop
      vertex 53.0249149593044 -16.600000001490116 39.55999999850989
      vertex 52.98141121864319 -16.600000001490116 39.803612880408764
      vertex 52.98141121864319 -21.300000000000004 39.803612880408764
    endloop
  endfacet
  facet normal 0.9767658813474361 0 0.2143091529439804
    outer loop
      vertex 52.98141121864319 -16.600000001490116 39.803612880408764
      vertex 52.6447968184948 -16.600000001490116 41.337814554572105
      vertex 52.98141121864319 -21.300000000000004 39.803612880408764
    endloop
  endfacet
  facet normal 0.9675990925590835 0 0.25249157625322516
    outer loop
      vertex 52.6447968184948 -16.600000001490116 41.337814554572105
      vertex 52.248209461569786 -16.600000001490116 42.85761799663305
      vertex 52.6447968184948 -21.300000000000004 41.337814554572105
    endloop
  endfacet
  facet normal 0.9569403354792997 0 0.2902846780881923
    outer loop
      vertex 52.248209461569786 -16.600000001490116 42.85761799663305
      vertex 51.79226065427065 -16.600000001490116 44.360679775476456
      vertex 52.248209461569786 -21.300000000000004 42.85761799663305
    endloop
  endfacet
  facet normal 0.9312149352495637 0 0.36447049862526715
    outer loop
      vertex 50.705181300640106 -16.600000001490116 47.307337291538715
      vertex 51.27765343338251 -21.300000000000004 45.84468228369951
      vertex 51.27765343338251 -16.600000001490116 45.84468228369951
    endloop
  endfacet
  facet normal 0.8997482823183393 0 0.4364092442481005
    outer loop
      vertex 50.075726956129074 -16.600000001490116 48.746389500796795
      vertex 49.68109753654918 -16.600000001490116 49.55999999850989
      vertex 50.075726956129074 -21.300000000000004 48.746389500796795
    endloop
  endfacet
  facet normal 0.916187958045493 0 0.40074883098074016
    outer loop
      vertex 50.705181300640106 -16.600000001490116 47.307337291538715
      vertex 50.075726956129074 -16.600000001490116 48.746389500796795
      vertex 50.705181300640106 -21.300000000000004 47.307337291538715
    endloop
  endfacet
  facet normal 0.9448060452963783 0 0.327630182937131
    outer loop
      vertex 51.79226065427065 -16.600000001490116 44.360679775476456
      vertex 51.27765343338251 -16.600000001490116 45.84468228369951
      vertex 51.79226065427065 -21.300000000000004 44.360679775476456
    endloop
  endfacet
  facet normal 0 -1 0
    outer loop
      vertex 47.03697807341814 -21.300000000000004 42.81559479981661
      vertex 51.27765343338251 -21.300000000000004 45.84468228369951
      vertex 46.42531492561102 -21.300000000000004 44.54287823289633
    endloop
  endfacet
  facet normal 0 -1 0
    outer loop
      vertex 44.93522834777832 -21.300000000000004 47.889667488634586
      vertex 49.390260964632034 -21.300000000000004 50.159619987010956
      vertex 44.06088913232088 -21.300000000000004 49.5
    endloop
  endfacet
  facet normal 0 -1 0
    outer loop
      vertex 45.72409101575613 -21.300000000000004 46.235782504081726
      vertex 46.42531492561102 -21.300000000000004 44.54287823289633
      vertex 50.705181300640106 -21.300000000000004 47.307337291538715
    endloop
  endfacet
  facet normal 0 -1 0
    outer loop
      vertex 45.72409101575613 -21.300000000000004 46.235782504081726
      vertex 50.075726956129074 -21.300000000000004 48.746389500796795
      vertex 44.93522834777832 -21.300000000000004 47.889667488634586
    endloop
  endfacet
  facet normal 0 -1 0
    outer loop
      vertex 44.93522834777832 -21.300000000000004 47.889667488634586
      vertex 50.075726956129074 -21.300000000000004 48.746389500796795
      vertex 49.390260964632034 -21.300000000000004 50.159619987010956
    endloop
  endfacet
  facet normal 0.9767658813474361 0 0.2143091529439804
    outer loop
      vertex 52.6447968184948 -16.600000001490116 41.337814554572105
      vertex 52.6447968184948 -21.300000000000004 41.337814554572105
      vertex 52.98141121864319 -21.300000000000004 39.803612880408764
    endloop
  endfacet
  facet normal 0.9675990925590835 0 0.25249157625322516
    outer loop
      vertex 52.248209461569786 -16.600000001490116 42.85761799663305
      vertex 52.248209461569786 -21.300000000000004 42.85761799663305
      vertex 52.6447968184948 -21.300000000000004 41.337814554572105
    endloop
  endfacet
  facet normal 0.9569403354792997 0 0.2902846780881923
    outer loop
      vertex 51.79226065427065 -16.600000001490116 44.360679775476456
      vertex 51.79226065427065 -21.300000000000004 44.360679775476456
      vertex 52.248209461569786 -21.300000000000004 42.85761799663305
    endloop
  endfacet
  facet normal 0 -1 0
    outer loop
      vertex 47.985166028141975 -21.300000000000004 39.27690917998552
      vertex 52.6447968184948 -21.300000000000004 41.337814554572105
      vertex 47.557403922080994 -21.300000000000004 41.058666579425335
    endloop
  endfacet
  facet normal 0 -1 0
    outer loop
      vertex 47.985166028141975 -21.300000000000004 39.27690917998552
      vertex 52.98141121864319 -21.300000000000004 39.803612880408764
      vertex 52.6447968184948 -21.300000000000004 41.337814554572105
    endloop
  endfacet
  facet normal 0 -1 0
    outer loop
      vertex 47.557403922080994 -21.300000000000004 41.058666579425335
      vertex 52.6447968184948 -21.300000000000004 41.337814554572105
      vertex 52.248209461569786 -21.300000000000004 42.85761799663305
    endloop
  endfacet
  facet normal 0 -1 0
    outer loop
      vertex 47.557403922080994 -21.300000000000004 41.058666579425335
      vertex 51.79226065427065 -21.300000000000004 44.360679775476456
      vertex 47.03697807341814 -21.300000000000004 42.81559479981661
    endloop
  endfacet
  facet normal 0 -1 0
    outer loop
      vertex 47.557403922080994 -21.300000000000004 41.058666579425335
      vertex 52.248209461569786 -21.300000000000004 42.85761799663305
      vertex 51.79226065427065 -21.300000000000004 44.360679775476456
    endloop
  endfacet
  facet normal 0 -1 0
    outer loop
      vertex 47.03697807341814 -21.300000000000004 42.81559479981661
      vertex 51.79226065427065 -21.300000000000004 44.360679775476456
      vertex 51.27765343338251 -21.300000000000004 45.84468228369951
    endloop
  endfacet
  facet normal 0.9312149352495637 0 0.36447049862526715
    outer loop
      vertex 50.705181300640106 -16.600000001490116 47.307337291538715
      vertex 50.705181300640106 -21.300000000000004 47.307337291538715
      vertex 51.27765343338251 -21.300000000000004 45.84468228369951
    endloop
  endfacet
  facet normal 0.916187958045493 0 0.40074883098074016
    outer loop
      vertex 50.075726956129074 -16.600000001490116 48.746389500796795
      vertex 50.075726956129074 -21.300000000000004 48.746389500796795
      vertex 50.705181300640106 -21.300000000000004 47.307337291538715
    endloop
  endfacet
  facet normal 0.9448060452963783 0 0.327630182937131
    outer loop
      vertex 51.27765343338251 -16.600000001490116 45.84468228369951
      vertex 51.27765343338251 -21.300000000000004 45.84468228369951
      vertex 51.79226065427065 -21.300000000000004 44.360679775476456
    endloop
  endfacet
  facet normal 0 -1 0
    outer loop
      vertex 46.42531492561102 -21.300000000000004 44.54287823289633
      vertex 51.27765343338251 -21.300000000000004 45.84468228369951
      vertex 50.705181300640106 -21.300000000000004 47.307337291538715
    endloop
  endfacet
  facet normal 0 -1 0
    outer loop
      vertex 45.72409101575613 -21.300000000000004 46.235782504081726
      vertex 50.705181300640106 -21.300000000000004 47.307337291538715
      vertex 50.075726956129074 -21.300000000000004 48.746389500796795
    endloop
  endfacet
  facet normal 0.8627343868073293 1.2837567477297501e-17 0.5056573719626577
    outer loop
      vertex 48.054850371670035 -13.600000001490116 52.55999999850989
      vertex 47.85560657083988 -21.300000000000004 52.899942591786385
      vertex 48.06989313299677 -13.991578578948975 52.53433458119631
    endloop
  endfacet
  facet normal 0.8627343868073163 1.5010775373449466e-15 0.5056573719626798
    outer loop
      vertex 48.06989313299677 -13.991578578948975 52.53433458119631
      vertex 47.85560657083988 -21.300000000000004 52.899942591786385
      vertex 48.11476402983253 -14.376457139849663 52.45777747392655
    endloop
  endfacet
  facet normal 0.8627343868073314 1.870655561989098e-17 0.5056573719626541
    outer loop
      vertex 48.56985342728896 -15.72132034599781 51.68132034301758
      vertex 48.41820347727176 -15.426284290850163 51.940060023069385
      vertex 48.64984028041363 -21.300000000000004 51.544849656522274
    endloop
  endfacet
  facet normal 0.8819212643443464 3.2922443068953487e-19 0.4713967368334972
    outer loop
      vertex 48.73459523573618 -15.980060026049614 51.386284287869934
      vertex 48.64984028041363 -15.841001927771181 51.544849656522274
      vertex 48.64984028041363 -21.300000000000004 51.544849656522274
    endloop
  endfacet
  facet normal 0.862734386807331 -7.468138651450191e-19 0.5056573719626547
    outer loop
      vertex 48.56985342728896 -15.72132034599781 51.68132034301758
      vertex 48.64984028041363 -21.300000000000004 51.544849656522274
      vertex 48.64984028041363 -15.841001927771181 51.544849656522274
    endloop
  endfacet
  facet normal 0.8627343868073422 -2.277011841843523e-15 0.5056573719626358
    outer loop
      vertex 48.11476402983253 -14.376457139849663 52.45777747392655
      vertex 47.85560657083988 -21.300000000000004 52.899942591786385
      vertex 48.18869530690657 -14.748050302267075 52.33163859307766
    endloop
  endfacet
  facet normal 0.8627343868073228 1.5746946643252515e-15 0.5056573719626689
    outer loop
      vertex 48.18869530690657 -14.748050302267075 52.33163859307766
      vertex 47.85560657083988 -21.300000000000004 52.899942591786385
      vertex 48.290421980706114 -15.100000001490116 52.158076207935814
    endloop
  endfacet
  facet normal 0.8627343868073251 9.327084792496714e-16 0.5056573719626649
    outer loop
      vertex 48.290421980706114 -15.100000001490116 52.158076207935814
      vertex 47.85560657083988 -21.300000000000004 52.899942591786385
      vertex 48.41820347727176 -15.426284290850163 51.940060023069385
    endloop
  endfacet
  facet normal 0.8819212643443411 2.5382137789505843e-19 0.4713967368335069
    outer loop
      vertex 49.29573953878094 -16.497777476906776 50.336457136869434
      vertex 49.390260964632034 -21.300000000000004 50.159619987010956
      vertex 49.390260964632034 -16.532952573745927 50.159619987010956
    endloop
  endfacet
  facet normal 0.8819212643443357 -4.933204013693795e-16 0.4713967368335174
    outer loop
      vertex 49.29573953878094 -16.497777476906776 50.336457136869434
      vertex 49.09711885542159 -16.371638596057892 50.708050299286846
      vertex 49.390260964632034 -21.300000000000004 50.159619987010956
    endloop
  endfacet
  facet normal 0.8997482823183396 2.0758181247616226e-16 0.4364092442480995
    outer loop
      vertex 50.075726956129074 -21.300000000000004 48.746389500796795
      vertex 49.68109753654918 -16.600000001490116 49.55999999850989
      vertex 49.491168292547464 -16.57433458417654 49.951578575968746
    endloop
  endfacet
  facet normal 0.8997482823183358 -1.48119057460363e-18 0.43640924424810734
    outer loop
      vertex 49.491168292547464 -16.57433458417654 49.951578575968746
      vertex 49.390260964632034 -16.532952573745927 50.159619987010956
      vertex 49.390260964632034 -21.300000000000004 50.159619987010956
    endloop
  endfacet
  facet normal 0.881921264344341 -2.687423907774458e-16 0.47139673683350747
    outer loop
      vertex 48.90899782188849 -16.198076210916042 51.05999999850989
      vertex 48.64984028041363 -21.300000000000004 51.544849656522274
      vertex 49.09711885542159 -16.371638596057892 50.708050299286846
    endloop
  endfacet
  facet normal 0.8819212643443368 6.940040098578908e-16 0.4713967368335153
    outer loop
      vertex 48.73459523573618 -15.980060026049614 51.386284287869934
      vertex 48.64984028041363 -21.300000000000004 51.544849656522274
      vertex 48.90899782188849 -16.198076210916042 51.05999999850989
    endloop
  endfacet
  facet normal 0.8627343868073286 -4.0324329326824316e-16 0.5056573719626587
    outer loop
      vertex 48.41820347727176 -15.426284290850163 51.940060023069385
      vertex 47.85560657083988 -21.300000000000004 52.899942591786385
      vertex 48.64984028041363 -21.300000000000004 51.544849656522274
    endloop
  endfacet
  facet normal 0 -1 0
    outer loop
      vertex 43.103469878435135 -21.300000000000004 51.06236622482538
      vertex 44.06088913232088 -21.300000000000004 49.5
      vertex 48.64984028041363 -21.300000000000004 51.544849656522274
    endloop
  endfacet
  facet normal 0 -1 0
    outer loop
      vertex 43.103469878435135 -21.300000000000004 51.06236622482538
      vertex 47.85560657083988 -21.300000000000004 52.899942591786385
      vertex 42.06559479981661 -21.300000000000004 52.57248383015394
    endloop
  endfacet
  facet normal 0 -1 0
    outer loop
      vertex 42.06559479981661 -21.300000000000004 52.57248383015394
      vertex 47.008784495294094 -21.300000000000004 54.222809322178364
      vertex 46.110679775476456 -21.300000000000004 55.51141009479761
    endloop
  endfacet
  facet normal 0 -1 0
    outer loop
      vertex 42.06559479981661 -21.300000000000004 52.57248383015394
      vertex 47.85560657083988 -21.300000000000004 52.899942591786385
      vertex 47.008784495294094 -21.300000000000004 54.222809322178364
    endloop
  endfacet
  facet normal 0 -1 0
    outer loop
      vertex 44.06088913232088 -21.300000000000004 49.5
      vertex 49.390260964632034 -21.300000000000004 50.159619987010956
      vertex 48.64984028041363 -21.300000000000004 51.544849656522274
    endloop
  endfacet
  facet normal 0 -1 0
    outer loop
      vertex 43.103469878435135 -21.300000000000004 51.06236622482538
      vertex 48.64984028041363 -21.300000000000004 51.544849656522274
      vertex 47.85560657083988 -21.300000000000004 52.899942591786385
    endloop
  endfacet
  facet normal 0 -1 0
    outer loop
      vertex 40.9501086473465 -21.300000000000004 54.02621368318796
      vertex 46.110679775476456 -21.300000000000004 55.51141009479761
      vertex 45.162677235901356 -21.300000000000004 56.76375797390938
    endloop
  endfacet
  facet normal 0.8997482823183388 -3.2804968791042316e-16 0.4364092442481012
    outer loop
      vertex 50.075726956129074 -21.300000000000004 48.746389500796795
      vertex 49.491168292547464 -16.57433458417654 49.951578575968746
      vertex 49.390260964632034 -21.300000000000004 50.159619987010956
    endloop
  endfacet
  facet normal 0.8819212643443392 4.5453208315036e-16 0.4713967368335107
    outer loop
      vertex 49.09711885542159 -16.371638596057892 50.708050299286846
      vertex 48.64984028041363 -21.300000000000004 51.544849656522274
      vertex 49.390260964632034 -21.300000000000004 50.159619987010956
    endloop
  endfacet
  facet normal 0.6035559423603526 0 0.7973206534647818
    outer loop
      vertex 37.26141009479761 3.7 64.36067977547646
      vertex 37.26141009479761 -21.300000000000004 64.36067977547646
      vertex 38.51375797390938 -21.300000000000004 63.412677235901356
    endloop
  endfacet
  facet normal 0.5391383204754253 0 0.8422172352753996
    outer loop
      vertex 34.649942591786385 3.7 66.10560657083988
      vertex 34.649942591786385 -21.300000000000004 66.10560657083988
      vertex 35.972809322178364 -21.300000000000004 65.2587844952941
    endloop
  endfacet
  facet normal 0.5717879608814401 0 0.8204014430698211
    outer loop
      vertex 35.972809322178364 3.7 65.2587844952941
      vertex 35.972809322178364 -21.300000000000004 65.2587844952941
      vertex 37.26141009479761 -21.300000000000004 64.36067977547646
    endloop
  endfacet
  facet normal 0.6343932861657213 0 0.7730104517196759
    outer loop
      vertex 38.51375797390938 3.7 63.412677235901356
      vertex 38.51375797390938 -21.300000000000004 63.412677235901356
      vertex 39.727921932935715 -21.300000000000004 62.416238620877266
    endloop
  endfacet
  facet normal 0.6642524383342414 0 0.7475083264867453
    outer loop
      vertex 39.727921932935715 3.7 62.416238620877266
      vertex 39.727921932935715 -21.300000000000004 62.416238620877266
      vertex 40.90202981978655 -21.300000000000004 61.37290037423372
    endloop
  endfacet
  facet normal 0.720853598326221 0 0.6930873608573016
    outer loop
      vertex 42.034271247684956 3.7 60.284271247684956
      vertex 42.034271247684956 -21.300000000000004 60.284271247684956
      vertex 43.12290037423372 -21.300000000000004 59.15202981978655
    endloop
  endfacet
  facet normal 0.6930873608573016 0 0.720853598326221
    outer loop
      vertex 40.90202981978655 3.7 61.37290037423372
      vertex 40.90202981978655 -21.300000000000004 61.37290037423372
      vertex 42.034271247684956 -21.300000000000004 60.284271247684956
    endloop
  endfacet
  facet normal 0 -1 0
    outer loop
      vertex 32.81236622482538 -21.300000000000004 61.353469878435135
      vertex 34.32248383015394 -21.300000000000004 60.31559479981661
      vertex 39.727921932935715 -21.300000000000004 62.416238620877266
    endloop
  endfacet
  facet normal 0 -1 0
    outer loop
      vertex 32.81236622482538 -21.300000000000004 61.353469878435135
      vertex 38.51375797390938 -21.300000000000004 63.412677235901356
      vertex 31.25 -21.300000000000004 62.31088913232088
    endloop
  endfacet
  facet normal 0 -1 0
    outer loop
      vertex 31.25 -21.300000000000004 62.31088913232088
      vertex 38.51375797390938 -21.300000000000004 63.412677235901356
      vertex 37.26141009479761 -21.300000000000004 64.36067977547646
    endloop
  endfacet
  facet normal 0 -1 0
    outer loop
      vertex 35.77621368318796 -21.300000000000004 59.2001086473465
      vertex 40.90202981978655 -21.300000000000004 61.37290037423372
      vertex 34.32248383015394 -21.300000000000004 60.31559479981661
    endloop
  endfacet
  facet normal 0 -1 0
    outer loop
      vertex 34.32248383015394 -21.300000000000004 60.31559479981661
      vertex 40.90202981978655 -21.300000000000004 61.37290037423372
      vertex 39.727921932935715 -21.300000000000004 62.416238620877266
    endloop
  endfacet
  facet normal 0 -1 0
    outer loop
      vertex 32.81236622482538 -21.300000000000004 61.353469878435135
      vertex 39.727921932935715 -21.300000000000004 62.416238620877266
      vertex 38.51375797390938 -21.300000000000004 63.412677235901356
    endloop
  endfacet
  facet normal 0 -1 0
    outer loop
      vertex 35.77621368318796 -21.300000000000004 59.2001086473465
      vertex 42.034271247684956 -21.300000000000004 60.284271247684956
      vertex 40.90202981978655 -21.300000000000004 61.37290037423372
    endloop
  endfacet
  facet normal 0 1 0
    outer loop
      vertex 9.59254210369921 -6.8000000000000025 72.7779245543571
      vertex 9.852885682970026 -6.8000000000000025 76.75
      vertex 9.852885682970026 -6.8000000000000025 72.25
    endloop
  endfacet
  facet normal 0 1 0
    outer loop
      vertex 9.852885682970026 -6.8000000000000025 72.25
      vertex 10.61163616925478 -6.8000000000000025 71.87669334560633
      vertex 10.133769545185054 -6.8000000000000025 71.82962759316926
    endloop
  endfacet
  facet normal 0 1 0
    outer loop
      vertex 9.852885682970026 -6.8000000000000025 72.25
      vertex 10.179909968689442 -6.8000000000000025 77.23942643053925
      vertex 10.61163616925478 -6.8000000000000025 71.87669334560633
    endloop
  endfacet
  facet normal 0 1 0
    outer loop
      vertex 12.17960736900568 -6.8000000000000025 71.96916145086288
      vertex 12.512563132923542 -6.8000000000000025 73.26256313292355
      vertex 12.684667499234738 -6.8000000000000025 73.11163165449034
    endloop
  endfacet
  facet normal 0 1 0
    outer loop
      vertex 10.61163616925478 -6.8000000000000025 71.87669334560633
      vertex 11.010573569460757 -6.8000000000000025 78.07009003131057
      vertex 12.17960736900568 -6.8000000000000025 71.96916145086288
    endloop
  endfacet
  facet normal 0 1 0
    outer loop
      vertex 12.17960736900568 -6.8000000000000025 71.96916145086288
      vertex 12.133210818105248 -6.8000000000000025 73.8303039933611
      vertex 12.234455543377232 -6.8000000000000025 73.625
    endloop
  endfacet
  facet normal 0 1 0
    outer loop
      vertex 12.17960736900568 -6.8000000000000025 71.96916145086288
      vertex 12.059629803994131 -6.8000000000000025 74.0470666710706
      vertex 12.133210818105248 -6.8000000000000025 73.8303039933611
    endloop
  endfacet
  facet normal 0 1 0
    outer loop
      vertex 12.17960736900568 -6.8000000000000025 71.96916145086288
      vertex 12.014971492595832 -6.8000000000000025 74.27157916361492
      vertex 12.059629803994131 -6.8000000000000025 74.0470666710706
    endloop
  endfacet
  facet normal 0 1 0
    outer loop
      vertex 12.17960736900568 -6.8000000000000025 71.96916145086288
      vertex 12.234455543377232 -6.8000000000000025 73.625
      vertex 12.361631654490338 -6.8000000000000025 73.43466749923475
    endloop
  endfacet
  facet normal 0 1 0
    outer loop
      vertex 12.17960736900568 -6.8000000000000025 71.96916145086288
      vertex 12.361631654490338 -6.8000000000000025 73.43466749923475
      vertex 12.512563132923542 -6.8000000000000025 73.26256313292355
    endloop
  endfacet
  facet normal 0 1 0
    outer loop
      vertex 12.17960736900568 -6.8000000000000025 71.96916145086288
      vertex 12.684667499234738 -6.8000000000000025 73.11163165449034
      vertex 12.875 -6.8000000000000025 72.98445554337724
    endloop
  endfacet
  facet normal 0 1 0
    outer loop
      vertex 12.17960736900568 -6.8000000000000025 71.96916145086288
      vertex 12.875 -6.8000000000000025 72.98445554337724
      vertex 13.080303993361094 -6.8000000000000025 72.88321081810525
    endloop
  endfacet
  facet normal 0 1 0
    outer loop
      vertex 12.17960736900568 -6.8000000000000025 71.96916145086288
      vertex 13.297066671070588 -6.8000000000000025 72.80962980399414
      vertex 13.75 -6.8000000000000025 72
    endloop
  endfacet
  facet normal 0 1 0
    outer loop
      vertex 12.17960736900568 -6.8000000000000025 71.96916145086288
      vertex 13.080303993361094 -6.8000000000000025 72.88321081810525
      vertex 13.297066671070588 -6.8000000000000025 72.80962980399414
    endloop
  endfacet
  facet normal 0 1 0
    outer loop
      vertex 13.52157916361491 -6.8000000000000025 72.76497149259583
      vertex 13.75 -6.8000000000000025 72.75
      vertex 13.75 -6.8000000000000025 72
    endloop
  endfacet
  facet normal 0 1 0
    outer loop
      vertex 13.297066671070588 -6.8000000000000025 72.80962980399414
      vertex 13.52157916361491 -6.8000000000000025 72.76497149259583
      vertex 13.75 -6.8000000000000025 72
    endloop
  endfacet
  facet normal -0.8314696123025374 0 -0.5555702330196141
    outer loop
      vertex 9.852885682970026 -6.8000000000000025 72.25
      vertex 10.133769545185054 -6.8000000000000025 71.82962759316926
      vertex 9.852885682970026 -10.800000000000002 72.25
    endloop
  endfacet
  facet normal -0.896872741532689 0 -0.44228869021899947
    outer loop
      vertex 9.59254210369921 -6.8000000000000025 72.7779245543571
      vertex 9.852885682970026 -6.8000000000000025 72.25
      vertex 9.59254210369921 -10.800000000000002 72.7779245543571
    endloop
  endfacet
  facet normal -0.9807852804032301 0 -0.19509032201612972
    outer loop
      vertex 9.288498123817853 -6.8000000000000025 73.91263213500977
      vertex 9.403333781699192 -6.8000000000000025 73.33531429703866
      vertex 9.288498123817853 -10.800000000000002 73.91263213500977
    endloop
  endfacet
  facet normal -0.9469301294951065 1.0558439197324015e-18 -0.32143946530315903
    outer loop
      vertex 9.59254210369921 -6.8000000000000025 72.7779245543571
      vertex 9.403333781699192 -10.800000000000002 73.33531429703866
      vertex 9.403333781699192 -6.8000000000000025 73.33531429703866
    endloop
  endfacet
  facet normal 0 1 0
    outer loop
      vertex 9.288498123817853 -6.8000000000000025 73.91263213500977
      vertex 9.403333781699192 -6.8000000000000025 75.66468570296135
      vertex 9.403333781699192 -6.8000000000000025 73.33531429703866
    endloop
  endfacet
  facet normal 0 1 0
    outer loop
      vertex 9.288498123817853 -6.8000000000000025 73.91263213500977
      vertex 9.25 -6.8000000000000025 74.5
      vertex 9.288498123817853 -6.8000000000000025 75.08736786499024
    endloop
  endfacet
  facet normal 0 1 0
    outer loop
      vertex 9.288498123817853 -6.8000000000000025 73.91263213500977
      vertex 9.288498123817853 -6.8000000000000025 75.08736786499024
      vertex 9.403333781699192 -6.8000000000000025 75.66468570296135
    endloop
  endfacet
  facet normal 0 1 0
    outer loop
      vertex 9.59254210369921 -6.8000000000000025 72.7779245543571
      vertex 9.403333781699192 -6.8000000000000025 73.33531429703866
      vertex 9.59254210369921 -6.8000000000000025 76.2220754456429
    endloop
  endfacet
  facet normal 0 1 0
    outer loop
      vertex 9.403333781699192 -6.8000000000000025 73.33531429703866
      vertex 9.403333781699192 -6.8000000000000025 75.66468570296135
      vertex 9.59254210369921 -6.8000000000000025 76.2220754456429
    endloop
  endfacet
  facet normal 0 1 0
    outer loop
      vertex 9.59254210369921 -6.8000000000000025 72.7779245543571
      vertex 9.59254210369921 -6.8000000000000025 76.2220754456429
      vertex 9.852885682970026 -6.8000000000000025 76.75
    endloop
  endfacet
  facet normal 0 1 0
    outer loop
      vertex 9.852885682970026 -6.8000000000000025 72.25
      vertex 9.852885682970026 -6.8000000000000025 76.75
      vertex 10.179909968689442 -6.8000000000000025 77.23942643053925
    endloop
  endfacet
  facet normal 0 1 0
    outer loop
      vertex 10.61163616925478 -6.8000000000000025 71.87669334560633
      vertex 10.179909968689442 -6.8000000000000025 77.23942643053925
      vertex 10.568019484660535 -6.8000000000000025 77.68198051533946
    endloop
  endfacet
  facet normal 0 1 0
    outer loop
      vertex 10.61163616925478 -6.8000000000000025 71.87669334560633
      vertex 10.568019484660535 -6.8000000000000025 77.68198051533946
      vertex 11.010573569460757 -6.8000000000000025 78.07009003131057
    endloop
  endfacet
  facet normal 0 1 0
    outer loop
      vertex 12.17960736900568 -6.8000000000000025 71.96916145086288
      vertex 11.5 -6.8000000000000025 78.39711431702997
      vertex 12.014971492595832 -6.8000000000000025 74.27157916361492
    endloop
  endfacet
  facet normal 0 1 0
    outer loop
      vertex 12.014971492595832 -6.8000000000000025 74.27157916361492
      vertex 11.5 -6.8000000000000025 78.39711431702997
      vertex 12 -6.8000000000000025 74.5
    endloop
  endfacet
  facet normal 0 1 0
    outer loop
      vertex 12 -6.8000000000000025 74.5
      vertex 11.5 -6.8000000000000025 78.39711431702997
      vertex 12.014971492595832 -6.8000000000000025 74.7284208363851
    endloop
  endfacet
  facet normal 0 1 0
    outer loop
      vertex 12.17960736900568 -6.8000000000000025 71.96916145086288
      vertex 11.010573569460757 -6.8000000000000025 78.07009003131057
      vertex 11.5 -6.8000000000000025 78.39711431702997
    endloop
  endfacet
  facet normal 0 1 0
    outer loop
      vertex 12.014971492595832 -6.8000000000000025 74.7284208363851
      vertex 11.5 -6.8000000000000025 78.39711431702997
      vertex 12.059629803994131 -6.8000000000000025 74.95293332892942
    endloop
  endfacet
  facet normal 0 1 0
    outer loop
      vertex 12.059629803994131 -6.8000000000000025 74.95293332892942
      vertex 12.027924554357096 -6.8000000000000025 78.6574578963008
      vertex 12.133210818105248 -6.8000000000000025 75.16969600663892
    endloop
  endfacet
  facet normal 0 1 0
    outer loop
      vertex 12.133210818105248 -6.8000000000000025 75.16969600663892
      vertex 12.027924554357096 -6.8000000000000025 78.6574578963008
      vertex 12.234455543377232 -6.8000000000000025 75.375
    endloop
  endfacet
  facet normal 0 1 0
    outer loop
      vertex 12.059629803994131 -6.8000000000000025 74.95293332892942
      vertex 11.5 -6.8000000000000025 78.39711431702997
      vertex 12.027924554357096 -6.8000000000000025 78.6574578963008
    endloop
  endfacet
  facet normal 0 1 0
    outer loop
      vertex 12.234455543377232 -6.8000000000000025 75.375
      vertex 12.027924554357096 -6.8000000000000025 78.6574578963008
      vertex 12.361631654490338 -6.8000000000000025 75.56533250076527
    endloop
  endfacet
  facet normal 0 1 0
    outer loop
      vertex 12.361631654490338 -6.8000000000000025 75.56533250076527
      vertex 12.585314297038657 -6.8000000000000025 78.84666621830081
      vertex 12.512563132923542 -6.8000000000000025 75.73743686707647
    endloop
  endfacet
  facet normal 0 1 0
    outer loop
      vertex 12.361631654490338 -6.8000000000000025 75.56533250076527
      vertex 12.027924554357096 -6.8000000000000025 78.6574578963008
      vertex 12.585314297038657 -6.8000000000000025 78.84666621830081
    endloop
  endfacet
  facet normal 0 1 0
    outer loop
      vertex 12.512563132923542 -6.8000000000000025 75.73743686707647
      vertex 12.585314297038657 -6.8000000000000025 78.84666621830081
      vertex 12.684667499234738 -6.8000000000000025 75.88836834550966
    endloop
  endfacet
  facet normal 0 1 0
    outer loop
      vertex 12.684667499234738 -6.8000000000000025 75.88836834550966
      vertex 12.585314297038657 -6.8000000000000025 78.84666621830081
      vertex 12.875 -6.8000000000000025 76.01554445662276
    endloop
  endfacet
  facet normal 0 1 0
    outer loop
      vertex 12.875 -6.8000000000000025 76.01554445662276
      vertex 12.585314297038657 -6.8000000000000025 78.84666621830081
      vertex 13.080303993361094 -6.8000000000000025 76.11678918189475
    endloop
  endfacet
  facet normal 0 1 0
    outer loop
      vertex 13.080303993361094 -6.8000000000000025 76.11678918189475
      vertex 12.585314297038657 -6.8000000000000025 78.84666621830081
      vertex 13.297066671070588 -6.8000000000000025 76.19037019600589
    endloop
  endfacet
  facet normal 0 1 0
    outer loop
      vertex 13.297066671070588 -6.8000000000000025 76.19037019600589
      vertex 13.162632135009767 -6.8000000000000025 78.96150187618215
      vertex 13.52157916361491 -6.8000000000000025 76.23502850740417
    endloop
  endfacet
  facet normal 0 1 0
    outer loop
      vertex 13.52157916361491 -6.8000000000000025 76.23502850740417
      vertex 13.162632135009767 -6.8000000000000025 78.96150187618215
      vertex 13.75 -6.8000000000000025 76.25
    endloop
  endfacet
  facet normal 0 1 0
    outer loop
      vertex 13.297066671070588 -6.8000000000000025 76.19037019600589
      vertex 12.585314297038657 -6.8000000000000025 78.84666621830081
      vertex 13.162632135009767 -6.8000000000000025 78.96150187618215
    endloop
  endfacet
  facet normal 0 1 0
    outer loop
      vertex 13.162632135009767 -6.8000000000000025 78.96150187618215
      vertex 13.75 -6.8000000000000025 79
      vertex 13.75 -6.8000000000000025 76.25
    endloop
  endfacet
  facet normal -0.9978589232386035 -6.47083963345336e-19 -0.06540312923014259
    outer loop
      vertex 9.288498123817853 -6.8000000000000025 73.91263213500977
      vertex 9.25 -10.800000000000002 74.5
      vertex 9.25 -6.8000000000000025 74.5
    endloop
  endfacet
  facet normal -0.9978589232386036 1.8780674338181393e-19 0.06540312923014101
    outer loop
      vertex 9.25 -6.8000000000000025 74.5
      vertex 9.288498123817853 -10.800000000000002 75.08736786499024
      vertex 9.288498123817853 -6.8000000000000025 75.08736786499024
    endloop
  endfacet
  facet normal -0.9807852804032301 2.852972626801582e-18 0.19509032201612972
    outer loop
      vertex 9.288498123817853 -6.8000000000000025 75.08736786499024
      vertex 9.403333781699192 -10.800000000000002 75.66468570296135
      vertex 9.403333781699192 -6.8000000000000025 75.66468570296135
    endloop
  endfacet
  facet normal -0.9469301294951041 4.216847158567915e-19 0.32143946530316647
    outer loop
      vertex 9.403333781699192 -6.8000000000000025 75.66468570296135
      vertex 9.59254210369921 -10.800000000000002 76.2220754456429
      vertex 9.59254210369921 -6.8000000000000025 76.2220754456429
    endloop
  endfacet
  facet normal -0.896872741532689 8.02195557748726e-19 0.44228869021899947
    outer loop
      vertex 9.59254210369921 -6.8000000000000025 76.2220754456429
      vertex 9.852885682970026 -10.800000000000002 76.75
      vertex 9.852885682970026 -6.8000000000000025 76.75
    endloop
  endfacet
  facet normal -0.8314696123025508 -5.3829494945364585e-18 0.5555702330195937
    outer loop
      vertex 9.852885682970026 -6.8000000000000025 76.75
      vertex 10.179909968689442 -10.800000000000002 77.23942643053925
      vertex 10.179909968689442 -6.8000000000000025 77.23942643053925
    endloop
  endfacet
  facet normal -0.751839807478968 2.06556644404904e-18 0.6593458151000796
    outer loop
      vertex 10.179909968689442 -6.8000000000000025 77.23942643053925
      vertex 10.568019484660535 -10.800000000000002 77.68198051533946
      vertex 10.568019484660535 -6.8000000000000025 77.68198051533946
    endloop
  endfacet
  facet normal -0.6593458151000829 0 0.7518398074789651
    outer loop
      vertex 10.568019484660535 -6.8000000000000025 77.68198051533946
      vertex 10.568019484660535 -10.800000000000002 77.68198051533946
      vertex 11.010573569460757 -6.8000000000000025 78.07009003131057
    endloop
  endfacet
  facet normal -0.5555702330195875 0 0.831469612302555
    outer loop
      vertex 11.010573569460757 -6.8000000000000025 78.07009003131057
      vertex 11.010573569460757 -10.800000000000002 78.07009003131057
      vertex 11.5 -6.8000000000000025 78.39711431702997
    endloop
  endfacet
  facet normal -0.4422886902190116 0 0.8968727415326833
    outer loop
      vertex 11.5 -6.8000000000000025 78.39711431702997
      vertex 11.5 -10.800000000000002 78.39711431702997
      vertex 12.027924554357096 -6.8000000000000025 78.6574578963008
    endloop
  endfacet
  facet normal -0.3214394653031555 0 0.9469301294951078
    outer loop
      vertex 12.027924554357096 -6.8000000000000025 78.6574578963008
      vertex 12.027924554357096 -10.800000000000002 78.6574578963008
      vertex 12.585314297038657 -6.8000000000000025 78.84666621830081
    endloop
  endfacet
  facet normal -0.19509032201613494 0 0.9807852804032291
    outer loop
      vertex 12.585314297038657 -6.8000000000000025 78.84666621830081
      vertex 12.585314297038657 -10.800000000000002 78.84666621830081
      vertex 13.162632135009767 -6.8000000000000025 78.96150187618215
    endloop
  endfacet
  facet normal -0.06540312923012997 0 0.9978589232386043
    outer loop
      vertex 13.162632135009767 -6.8000000000000025 78.96150187618215
      vertex 13.162632135009767 -10.800000000000002 78.96150187618215
      vertex 13.75 -6.8000000000000025 79
    endloop
  endfacet
  facet normal -0.896872741532689 0 -0.44228869021899947
    outer loop
      vertex 9.852885682970026 -6.8000000000000025 72.25
      vertex 9.852885682970026 -10.800000000000002 72.25
      vertex 9.59254210369921 -10.800000000000002 72.7779245543571
    endloop
  endfacet
  facet normal -0.9807852804032301 0 -0.19509032201612972
    outer loop
      vertex 9.403333781699192 -6.8000000000000025 73.33531429703866
      vertex 9.403333781699192 -10.800000000000002 73.33531429703866
      vertex 9.288498123817853 -10.800000000000002 73.91263213500977
    endloop
  endfacet
  facet normal -0.9469301294951065 0 -0.32143946530315903
    outer loop
      vertex 9.59254210369921 -6.8000000000000025 72.7779245543571
      vertex 9.59254210369921 -10.800000000000002 72.7779245543571
      vertex 9.403333781699192 -10.800000000000002 73.33531429703866
    endloop
  endfacet
  facet normal -0.8314696123025374 0 -0.5555702330196141
    outer loop
      vertex 10.133769545185054 -6.8000000000000025 71.82962759316926
      vertex 10.133769545185054 -10.800000000000002 71.82962759316926
      vertex 9.852885682970026 -10.800000000000002 72.25
    endloop
  endfacet
  facet normal 0 -1 0
    outer loop
      vertex 9.59254210369921 -10.800000000000002 72.7779245543571
      vertex 9.852885682970026 -10.800000000000002 72.25
      vertex 9.59254210369921 -10.800000000000002 76.2220754456429
    endloop
  endfacet
  facet normal 0 -1 0
    outer loop
      vertex 9.59254210369921 -10.800000000000002 72.7779245543571
      vertex 9.403333781699192 -10.800000000000002 75.66468570296135
      vertex 9.403333781699192 -10.800000000000002 73.33531429703866
    endloop
  endfacet
  facet normal 0 -1 0
    outer loop
      vertex 9.852885682970026 -10.800000000000002 72.25
      vertex 10.133769545185054 -10.800000000000002 71.82962759316926
      vertex 9.852885682970026 -10.800000000000002 76.75
    endloop
  endfacet
  facet normal 0 -1 0
    outer loop
      vertex 10.133769545185054 -10.800000000000002 71.82962759316926
      vertex 10.61163616925478 -10.800000000000002 71.87669334560633
      vertex 10.568019484660535 -10.800000000000002 77.68198051533946
    endloop
  endfacet
  facet normal 0 -1 0
    outer loop
      vertex 10.61163616925478 -10.800000000000002 71.87669334560633
      vertex 12.17960736900568 -10.800000000000002 71.96916145086288
      vertex 12.133210818105248 -10.800000000000002 73.8303039933611
    endloop
  endfacet
  facet normal 0 -1 0
    outer loop
      vertex 12.17960736900568 -10.800000000000002 71.96916145086288
      vertex 12.684667499234738 -10.800000000000002 73.11163165449034
      vertex 12.512563132923542 -10.800000000000002 73.26256313292355
    endloop
  endfacet
  facet normal 0 -1 0
    outer loop
      vertex 10.61163616925478 -10.800000000000002 71.87669334560633
      vertex 12.059629803994131 -10.800000000000002 74.0470666710706
      vertex 12.014971492595832 -10.800000000000002 74.27157916361492
    endloop
  endfacet
  facet normal 0 -1 0
    outer loop
      vertex 10.61163616925478 -10.800000000000002 71.87669334560633
      vertex 12.133210818105248 -10.800000000000002 73.8303039933611
      vertex 12.059629803994131 -10.800000000000002 74.0470666710706
    endloop
  endfacet
  facet normal 0 -1 0
    outer loop
      vertex 10.61163616925478 -10.800000000000002 71.87669334560633
      vertex 12.014971492595832 -10.800000000000002 74.27157916361492
      vertex 12 -10.800000000000002 74.5
    endloop
  endfacet
  facet normal 0 -1 0
    outer loop
      vertex 10.61163616925478 -10.800000000000002 71.87669334560633
      vertex 12 -10.800000000000002 74.5
      vertex 12.014971492595832 -10.800000000000002 74.7284208363851
    endloop
  endfacet
  facet normal 0 -1 0
    outer loop
      vertex 10.61163616925478 -10.800000000000002 71.87669334560633
      vertex 12.014971492595832 -10.800000000000002 74.7284208363851
      vertex 12.059629803994131 -10.800000000000002 74.95293332892942
    endloop
  endfacet
  facet normal 0 -1 0
    outer loop
      vertex 10.61163616925478 -10.800000000000002 71.87669334560633
      vertex 12.059629803994131 -10.800000000000002 74.95293332892942
      vertex 12.133210818105248 -10.800000000000002 75.16969600663892
    endloop
  endfacet
  facet normal 0 -1 0
    outer loop
      vertex 12.17960736900568 -10.800000000000002 71.96916145086288
      vertex 12.234455543377232 -10.800000000000002 73.625
      vertex 12.133210818105248 -10.800000000000002 73.8303039933611
    endloop
  endfacet
  facet normal 0 -1 0
    outer loop
      vertex 12.17960736900568 -10.800000000000002 71.96916145086288
      vertex 12.361631654490338 -10.800000000000002 73.43466749923475
      vertex 12.234455543377232 -10.800000000000002 73.625
    endloop
  endfacet
  facet normal 0 -1 0
    outer loop
      vertex 12.17960736900568 -10.800000000000002 71.96916145086288
      vertex 12.512563132923542 -10.800000000000002 73.26256313292355
      vertex 12.361631654490338 -10.800000000000002 73.43466749923475
    endloop
  endfacet
  facet normal 0 -1 0
    outer loop
      vertex 12.17960736900568 -10.800000000000002 71.96916145086288
      vertex 12.875 -10.800000000000002 72.98445554337724
      vertex 12.684667499234738 -10.800000000000002 73.11163165449034
    endloop
  endfacet
  facet normal 0 -1 0
    outer loop
      vertex 12.17960736900568 -10.800000000000002 71.96916145086288
      vertex 13.080303993361094 -10.800000000000002 72.88321081810525
      vertex 12.875 -10.800000000000002 72.98445554337724
    endloop
  endfacet
  facet normal 0 -1 0
    outer loop
      vertex 12.17960736900568 -10.800000000000002 71.96916145086288
      vertex 13.75 -10.800000000000002 72
      vertex 13.080303993361094 -10.800000000000002 72.88321081810525
    endloop
  endfacet
  facet normal 0 -1 0
    outer loop
      vertex 13.297066671070588 -10.800000000000002 72.80962980399414
      vertex 13.080303993361094 -10.800000000000002 72.88321081810525
      vertex 13.75 -10.800000000000002 72
    endloop
  endfacet
  facet normal 0 -1 0
    outer loop
      vertex 13.52157916361491 -10.800000000000002 72.76497149259583
      vertex 13.75 -10.800000000000002 72
      vertex 13.75 -10.800000000000002 72.75
    endloop
  endfacet
  facet normal 0 -1 0
    outer loop
      vertex 13.297066671070588 -10.800000000000002 72.80962980399414
      vertex 13.75 -10.800000000000002 72
      vertex 13.52157916361491 -10.800000000000002 72.76497149259583
    endloop
  endfacet
  facet normal -0.9978589232386035 0 -0.06540312923014259
    outer loop
      vertex 9.288498123817853 -6.8000000000000025 73.91263213500977
      vertex 9.288498123817853 -10.800000000000002 73.91263213500977
      vertex 9.25 -10.800000000000002 74.5
    endloop
  endfacet
  facet normal -0.9978589232386036 0 0.06540312923014101
    outer loop
      vertex 9.25 -6.8000000000000025 74.5
      vertex 9.25 -10.800000000000002 74.5
      vertex 9.288498123817853 -10.800000000000002 75.08736786499024
    endloop
  endfacet
  facet normal -0.9807852804032301 0 0.19509032201612972
    outer loop
      vertex 9.288498123817853 -6.8000000000000025 75.08736786499024
      vertex 9.288498123817853 -10.800000000000002 75.08736786499024
      vertex 9.403333781699192 -10.800000000000002 75.66468570296135
    endloop
  endfacet
  facet normal -0.9469301294951041 0 0.32143946530316647
    outer loop
      vertex 9.403333781699192 -6.8000000000000025 75.66468570296135
      vertex 9.403333781699192 -10.800000000000002 75.66468570296135
      vertex 9.59254210369921 -10.800000000000002 76.2220754456429
    endloop
  endfacet
  facet normal -0.896872741532689 0 0.44228869021899947
    outer loop
      vertex 9.59254210369921 -6.8000000000000025 76.2220754456429
      vertex 9.59254210369921 -10.800000000000002 76.2220754456429
      vertex 9.852885682970026 -10.800000000000002 76.75
    endloop
  endfacet
  facet normal -0.8314696123025508 0 0.5555702330195937
    outer loop
      vertex 9.852885682970026 -6.8000000000000025 76.75
      vertex 9.852885682970026 -10.800000000000002 76.75
      vertex 10.179909968689442 -10.800000000000002 77.23942643053925
    endloop
  endfacet
  facet normal -0.751839807478968 0 0.6593458151000796
    outer loop
      vertex 10.179909968689442 -6.8000000000000025 77.23942643053925
      vertex 10.179909968689442 -10.800000000000002 77.23942643053925
      vertex 10.568019484660535 -10.800000000000002 77.68198051533946
    endloop
  endfacet
  facet normal -0.6593458151000829 0 0.7518398074789651
    outer loop
      vertex 11.010573569460757 -6.8000000000000025 78.07009003131057
      vertex 10.568019484660535 -10.800000000000002 77.68198051533946
      vertex 11.010573569460757 -10.800000000000002 78.07009003131057
    endloop
  endfacet
  facet normal -0.5555702330195875 0 0.831469612302555
    outer loop
      vertex 11.5 -6.8000000000000025 78.39711431702997
      vertex 11.010573569460757 -10.800000000000002 78.07009003131057
      vertex 11.5 -10.800000000000002 78.39711431702997
    endloop
  endfacet
  facet normal -0.4422886902190116 0 0.8968727415326833
    outer loop
      vertex 12.027924554357096 -6.8000000000000025 78.6574578963008
      vertex 11.5 -10.800000000000002 78.39711431702997
      vertex 12.027924554357096 -10.800000000000002 78.6574578963008
    endloop
  endfacet
  facet normal -0.3214394653031555 0 0.9469301294951078
    outer loop
      vertex 12.585314297038657 -6.8000000000000025 78.84666621830081
      vertex 12.027924554357096 -10.800000000000002 78.6574578963008
      vertex 12.585314297038657 -10.800000000000002 78.84666621830081
    endloop
  endfacet
  facet normal -0.19509032201613494 0 0.9807852804032291
    outer loop
      vertex 13.162632135009767 -6.8000000000000025 78.96150187618215
      vertex 12.585314297038657 -10.800000000000002 78.84666621830081
      vertex 13.162632135009767 -10.800000000000002 78.96150187618215
    endloop
  endfacet
  facet normal -0.06540312923012997 -5.262434120115189e-19 0.9978589232386043
    outer loop
      vertex 13.162632135009767 -10.800000000000002 78.96150187618215
      vertex 13.75 -10.800000000000002 79
      vertex 13.75 -6.8000000000000025 79
    endloop
  endfacet
  facet normal 0 -1 0
    outer loop
      vertex 9.288498123817853 -10.800000000000002 73.91263213500977
      vertex 9.403333781699192 -10.800000000000002 73.33531429703866
      vertex 9.288498123817853 -10.800000000000002 75.08736786499024
    endloop
  endfacet
  facet normal 0 -1 0
    outer loop
      vertex 9.288498123817853 -10.800000000000002 73.91263213500977
      vertex 9.288498123817853 -10.800000000000002 75.08736786499024
      vertex 9.25 -10.800000000000002 74.5
    endloop
  endfacet
  facet normal 0 -1 0
    outer loop
      vertex 9.403333781699192 -10.800000000000002 73.33531429703866
      vertex 9.403333781699192 -10.800000000000002 75.66468570296135
      vertex 9.288498123817853 -10.800000000000002 75.08736786499024
    endloop
  endfacet
  facet normal 0 -1 0
    outer loop
      vertex 9.59254210369921 -10.800000000000002 72.7779245543571
      vertex 9.59254210369921 -10.800000000000002 76.2220754456429
      vertex 9.403333781699192 -10.800000000000002 75.66468570296135
    endloop
  endfacet
  facet normal 0 -1 0
    outer loop
      vertex 9.852885682970026 -10.800000000000002 72.25
      vertex 9.852885682970026 -10.800000000000002 76.75
      vertex 9.59254210369921 -10.800000000000002 76.2220754456429
    endloop
  endfacet
  facet normal 0 -1 0
    outer loop
      vertex 10.133769545185054 -10.800000000000002 71.82962759316926
      vertex 10.179909968689442 -10.800000000000002 77.23942643053925
      vertex 9.852885682970026 -10.800000000000002 76.75
    endloop
  endfacet
  facet normal 0 -1 0
    outer loop
      vertex 10.133769545185054 -10.800000000000002 71.82962759316926
      vertex 10.568019484660535 -10.800000000000002 77.68198051533946
      vertex 10.179909968689442 -10.800000000000002 77.23942643053925
    endloop
  endfacet
  facet normal 0 -1 0
    outer loop
      vertex 10.61163616925478 -10.800000000000002 71.87669334560633
      vertex 11.010573569460757 -10.800000000000002 78.07009003131057
      vertex 10.568019484660535 -10.800000000000002 77.68198051533946
    endloop
  endfacet
  facet normal 0 -1 0
    outer loop
      vertex 10.61163616925478 -10.800000000000002 71.87669334560633
      vertex 11.5 -10.800000000000002 78.39711431702997
      vertex 11.010573569460757 -10.800000000000002 78.07009003131057
    endloop
  endfacet
  facet normal 0 -1 0
    outer loop
      vertex 10.61163616925478 -10.800000000000002 71.87669334560633
      vertex 12.133210818105248 -10.800000000000002 75.16969600663892
      vertex 12.027924554357096 -10.800000000000002 78.6574578963008
    endloop
  endfacet
  facet normal 0 -1 0
    outer loop
      vertex 10.61163616925478 -10.800000000000002 71.87669334560633
      vertex 12.027924554357096 -10.800000000000002 78.6574578963008
      vertex 11.5 -10.800000000000002 78.39711431702997
    endloop
  endfacet
  facet normal 0 -1 0
    outer loop
      vertex 12.133210818105248 -10.800000000000002 75.16969600663892
      vertex 12.234455543377232 -10.800000000000002 75.375
      vertex 12.027924554357096 -10.800000000000002 78.6574578963008
    endloop
  endfacet
  facet normal 0 -1 0
    outer loop
      vertex 12.234455543377232 -10.800000000000002 75.375
      vertex 12.361631654490338 -10.800000000000002 75.56533250076527
      vertex 12.027924554357096 -10.800000000000002 78.6574578963008
    endloop
  endfacet
  facet normal 0 -1 0
    outer loop
      vertex 12.361631654490338 -10.800000000000002 75.56533250076527
      vertex 12.512563132923542 -10.800000000000002 75.73743686707647
      vertex 12.027924554357096 -10.800000000000002 78.6574578963008
    endloop
  endfacet
  facet normal 0 -1 0
    outer loop
      vertex 12.512563132923542 -10.800000000000002 75.73743686707647
      vertex 12.585314297038657 -10.800000000000002 78.84666621830081
      vertex 12.027924554357096 -10.800000000000002 78.6574578963008
    endloop
  endfacet
  facet normal 0 -1 0
    outer loop
      vertex 12.512563132923542 -10.800000000000002 75.73743686707647
      vertex 12.684667499234738 -10.800000000000002 75.88836834550966
      vertex 12.585314297038657 -10.800000000000002 78.84666621830081
    endloop
  endfacet
  facet normal 0 -1 0
    outer loop
      vertex 12.684667499234738 -10.800000000000002 75.88836834550966
      vertex 12.875 -10.800000000000002 76.01554445662276
      vertex 12.585314297038657 -10.800000000000002 78.84666621830081
    endloop
  endfacet
  facet normal 0 -1 0
    outer loop
      vertex 12.875 -10.800000000000002 76.01554445662276
      vertex 13.080303993361094 -10.800000000000002 76.11678918189475
      vertex 13.162632135009767 -10.800000000000002 78.96150187618215
    endloop
  endfacet
  facet normal 0 -1 0
    outer loop
      vertex 13.080303993361094 -10.800000000000002 76.11678918189475
      vertex 13.297066671070588 -10.800000000000002 76.19037019600589
      vertex 13.162632135009767 -10.800000000000002 78.96150187618215
    endloop
  endfacet
  facet normal 0 -1 0
    outer loop
      vertex 13.297066671070588 -10.800000000000002 76.19037019600589
      vertex 13.52157916361491 -10.800000000000002 76.23502850740417
      vertex 13.75 -10.800000000000002 79
    endloop
  endfacet
  facet normal 0 -1 0
    outer loop
      vertex 13.52157916361491 -10.800000000000002 76.23502850740417
      vertex 13.75 -10.800000000000002 76.25
      vertex 13.75 -10.800000000000002 79
    endloop
  endfacet
  facet normal 0 -1 0
    outer loop
      vertex 12.875 -10.800000000000002 76.01554445662276
      vertex 13.162632135009767 -10.800000000000002 78.96150187618215
      vertex 12.585314297038657 -10.800000000000002 78.84666621830081
    endloop
  endfacet
  facet normal 0 -1 0
    outer loop
      vertex 13.297066671070588 -10.800000000000002 76.19037019600589
      vertex 13.75 -10.800000000000002 79
      vertex 13.162632135009767 -10.800000000000002 78.96150187618215
    endloop
  endfacet
  facet normal 0 1 0
    outer loop
      vertex 13.75 -6.8000000000000025 72
      vertex 13.75 -6.8000000000000025 72.75
      vertex 13.97842083638509 -6.8000000000000025 72.76497149259583
    endloop
  endfacet
  facet normal 0 1 0
    outer loop
      vertex 13.75 -6.8000000000000025 72
      vertex 13.97842083638509 -6.8000000000000025 72.76497149259583
      vertex 14.202933328929412 -6.8000000000000025 72.80962980399414
    endloop
  endfacet
  facet normal 0 1 0
    outer loop
      vertex 13.75 -6.8000000000000025 72
      vertex 14.202933328929412 -6.8000000000000025 72.80962980399414
      vertex 14.419696006638906 -6.8000000000000025 72.88321081810525
    endloop
  endfacet
  facet normal 0 1 0
    outer loop
      vertex 13.75 -6.8000000000000025 72
      vertex 14.419696006638906 -6.8000000000000025 72.88321081810525
      vertex 15.32039263099432 -6.8000000000000025 71.96916145086288
    endloop
  endfacet
  facet normal 0 1 0
    outer loop
      vertex 14.419696006638906 -6.8000000000000025 72.88321081810525
      vertex 14.625 -6.8000000000000025 72.98445554337724
      vertex 15.32039263099432 -6.8000000000000025 71.96916145086288
    endloop
  endfacet
  facet normal 0 1 0
    outer loop
      vertex 14.625 -6.8000000000000025 72.98445554337724
      vertex 14.815332500765262 -6.8000000000000025 73.11163165449034
      vertex 15.32039263099432 -6.8000000000000025 71.96916145086288
    endloop
  endfacet
  facet normal 0 1 0
    outer loop
      vertex 14.815332500765262 -6.8000000000000025 73.11163165449034
      vertex 14.987436867076458 -6.8000000000000025 73.26256313292355
      vertex 15.32039263099432 -6.8000000000000025 71.96916145086288
    endloop
  endfacet
  facet normal 0 1 0
    outer loop
      vertex 15.32039263099432 -6.8000000000000025 71.96916145086288
      vertex 15.366789181894752 -6.8000000000000025 73.8303039933611
      vertex 16.88836383074522 -6.8000000000000025 71.87669334560633
    endloop
  endfacet
  facet normal 0 1 0
    outer loop
      vertex 14.987436867076458 -6.8000000000000025 73.26256313292355
      vertex 15.138368345509662 -6.8000000000000025 73.43466749923475
      vertex 15.32039263099432 -6.8000000000000025 71.96916145086288
    endloop
  endfacet
  facet normal 0 1 0
    outer loop
      vertex 15.32039263099432 -6.8000000000000025 71.96916145086288
      vertex 15.138368345509662 -6.8000000000000025 73.43466749923475
      vertex 15.265544456622768 -6.8000000000000025 73.625
    endloop
  endfacet
  facet normal 0 1 0
    outer loop
      vertex 15.32039263099432 -6.8000000000000025 71.96916145086288
      vertex 15.265544456622768 -6.8000000000000025 73.625
      vertex 15.366789181894752 -6.8000000000000025 73.8303039933611
    endloop
  endfacet
  facet normal 0 1 0
    outer loop
      vertex 15.366789181894752 -6.8000000000000025 73.8303039933611
      vertex 15.440370196005869 -6.8000000000000025 74.0470666710706
      vertex 16.88836383074522 -6.8000000000000025 71.87669334560633
    endloop
  endfacet
  facet normal 0 1 0
    outer loop
      vertex 15.440370196005869 -6.8000000000000025 74.0470666710706
      vertex 15.485028507404168 -6.8000000000000025 74.27157916361492
      vertex 16.88836383074522 -6.8000000000000025 71.87669334560633
    endloop
  endfacet
  facet normal 0 1 0
    outer loop
      vertex 16.88836383074522 -6.8000000000000025 71.87669334560633
      vertex 15.440370196005869 -6.8000000000000025 74.95293332892942
      vertex 15.366789181894752 -6.8000000000000025 75.16969600663892
    endloop
  endfacet
  facet normal 0 1 0
    outer loop
      vertex 16.88836383074522 -6.8000000000000025 71.87669334560633
      vertex 15.485028507404168 -6.8000000000000025 74.27157916361492
      vertex 15.5 -6.8000000000000025 74.5
    endloop
  endfacet
  facet normal 0 1 0
    outer loop
      vertex 16.88836383074522 -6.8000000000000025 71.87669334560633
      vertex 15.5 -6.8000000000000025 74.5
      vertex 15.485028507404168 -6.8000000000000025 74.7284208363851
    endloop
  endfacet
  facet normal 0 1 0
    outer loop
      vertex 16.88836383074522 -6.8000000000000025 71.87669334560633
      vertex 15.485028507404168 -6.8000000000000025 74.7284208363851
      vertex 15.440370196005869 -6.8000000000000025 74.95293332892942
    endloop
  endfacet
  facet normal 0 1 0
    outer loop
      vertex 16.88836383074522 -6.8000000000000025 71.87669334560633
      vertex 16.931980515339465 -6.8000000000000025 77.68198051533946
      vertex 17.366230454814946 -6.8000000000000025 71.82962759316926
    endloop
  endfacet
  facet normal 0 1 0
    outer loop
      vertex 17.366230454814946 -6.8000000000000025 71.82962759316926
      vertex 17.647114317029974 -6.8000000000000025 76.75
      vertex 17.647114317029974 -6.8000000000000025 72.25
    endloop
  endfacet
  facet normal 0 1 0
    outer loop
      vertex 17.647114317029974 -6.8000000000000025 72.25
      vertex 17.90745789630079 -6.8000000000000025 76.2220754456429
      vertex 17.90745789630079 -6.8000000000000025 72.7779245543571
    endloop
  endfacet
  facet normal 0 1 0
    outer loop
      vertex 17.90745789630079 -6.8000000000000025 72.7779245543571
      vertex 18.096666218300808 -6.8000000000000025 75.66468570296135
      vertex 18.096666218300808 -6.8000000000000025 73.33531429703866
    endloop
  endfacet
  facet normal 0.8314696123025374 0 -0.5555702330196141
    outer loop
      vertex 17.366230454814946 -6.8000000000000025 71.82962759316926
      vertex 17.647114317029974 -6.8000000000000025 72.25
      vertex 17.366230454814946 -10.800000000000002 71.82962759316926
    endloop
  endfacet
  facet normal 0.896872741532689 0 -0.44228869021899947
    outer loop
      vertex 17.647114317029974 -6.8000000000000025 72.25
      vertex 17.90745789630079 -6.8000000000000025 72.7779245543571
      vertex 17.647114317029974 -10.800000000000002 72.25
    endloop
  endfacet
  facet normal 0.9469301294951065 0 -0.32143946530315903
    outer loop
      vertex 17.90745789630079 -6.8000000000000025 72.7779245543571
      vertex 18.096666218300808 -6.8000000000000025 73.33531429703866
      vertex 17.90745789630079 -10.800000000000002 72.7779245543571
    endloop
  endfacet
  facet normal 0.9807852804032301 0 -0.19509032201612972
    outer loop
      vertex 18.096666218300808 -6.8000000000000025 73.33531429703866
      vertex 18.211501876182147 -6.8000000000000025 73.91263213500977
      vertex 18.096666218300808 -10.800000000000002 73.33531429703866
    endloop
  endfacet
  facet normal 0 1 0
    outer loop
      vertex 16.88836383074522 -6.8000000000000025 71.87669334560633
      vertex 15.366789181894752 -6.8000000000000025 75.16969600663892
      vertex 15.472075445642904 -6.8000000000000025 78.6574578963008
    endloop
  endfacet
  facet normal 0 1 0
    outer loop
      vertex 15.366789181894752 -6.8000000000000025 75.16969600663892
      vertex 15.265544456622768 -6.8000000000000025 75.375
      vertex 15.472075445642904 -6.8000000000000025 78.6574578963008
    endloop
  endfacet
  facet normal 0 1 0
    outer loop
      vertex 16.88836383074522 -6.8000000000000025 71.87669334560633
      vertex 15.472075445642904 -6.8000000000000025 78.6574578963008
      vertex 16 -6.8000000000000025 78.39711431702997
    endloop
  endfacet
  facet normal 0 1 0
    outer loop
      vertex 13.97842083638509 -6.8000000000000025 76.23502850740417
      vertex 13.75 -6.8000000000000025 79
      vertex 14.202933328929412 -6.8000000000000025 76.19037019600589
    endloop
  endfacet
  facet normal 0 1 0
    outer loop
      vertex 14.202933328929412 -6.8000000000000025 76.19037019600589
      vertex 14.337367864990233 -6.8000000000000025 78.96150187618215
      vertex 14.419696006638906 -6.8000000000000025 76.11678918189475
    endloop
  endfacet
  facet normal 0 1 0
    outer loop
      vertex 13.75 -6.8000000000000025 76.25
      vertex 13.75 -6.8000000000000025 79
      vertex 13.97842083638509 -6.8000000000000025 76.23502850740417
    endloop
  endfacet
  facet normal 0 1 0
    outer loop
      vertex 14.419696006638906 -6.8000000000000025 76.11678918189475
      vertex 14.337367864990233 -6.8000000000000025 78.96150187618215
      vertex 14.625 -6.8000000000000025 76.01554445662276
    endloop
  endfacet
  facet normal 0 1 0
    outer loop
      vertex 14.815332500765262 -6.8000000000000025 75.88836834550966
      vertex 14.914685702961343 -6.8000000000000025 78.84666621830081
      vertex 14.987436867076458 -6.8000000000000025 75.73743686707647
    endloop
  endfacet
  facet normal 0 1 0
    outer loop
      vertex 14.815332500765262 -6.8000000000000025 75.88836834550966
      vertex 14.625 -6.8000000000000025 76.01554445662276
      vertex 14.914685702961343 -6.8000000000000025 78.84666621830081
    endloop
  endfacet
  facet normal 0 1 0
    outer loop
      vertex 14.202933328929412 -6.8000000000000025 76.19037019600589
      vertex 13.75 -6.8000000000000025 79
      vertex 14.337367864990233 -6.8000000000000025 78.96150187618215
    endloop
  endfacet
  facet normal 0 1 0
    outer loop
      vertex 14.625 -6.8000000000000025 76.01554445662276
      vertex 14.337367864990233 -6.8000000000000025 78.96150187618215
      vertex 14.914685702961343 -6.8000000000000025 78.84666621830081
    endloop
  endfacet
  facet normal 0 1 0
    outer loop
      vertex 14.987436867076458 -6.8000000000000025 75.73743686707647
      vertex 15.472075445642904 -6.8000000000000025 78.6574578963008
      vertex 15.138368345509662 -6.8000000000000025 75.56533250076527
    endloop
  endfacet
  facet normal 0 1 0
    outer loop
      vertex 15.138368345509662 -6.8000000000000025 75.56533250076527
      vertex 15.472075445642904 -6.8000000000000025 78.6574578963008
      vertex 15.265544456622768 -6.8000000000000025 75.375
    endloop
  endfacet
  facet normal 0 1 0
    outer loop
      vertex 14.987436867076458 -6.8000000000000025 75.73743686707647
      vertex 14.914685702961343 -6.8000000000000025 78.84666621830081
      vertex 15.472075445642904 -6.8000000000000025 78.6574578963008
    endloop
  endfacet
  facet normal 0 1 0
    outer loop
      vertex 17.366230454814946 -6.8000000000000025 71.82962759316926
      vertex 17.320090031310556 -6.8000000000000025 77.23942643053925
      vertex 17.647114317029974 -6.8000000000000025 76.75
    endloop
  endfacet
  facet normal 0 1 0
    outer loop
      vertex 16.88836383074522 -6.8000000000000025 71.87669334560633
      vertex 16.489426430539243 -6.8000000000000025 78.07009003131057
      vertex 16.931980515339465 -6.8000000000000025 77.68198051533946
    endloop
  endfacet
  facet normal 0 1 0
    outer loop
      vertex 16.88836383074522 -6.8000000000000025 71.87669334560633
      vertex 16 -6.8000000000000025 78.39711431702997
      vertex 16.489426430539243 -6.8000000000000025 78.07009003131057
    endloop
  endfacet
  facet normal 0 1 0
    outer loop
      vertex 17.366230454814946 -6.8000000000000025 71.82962759316926
      vertex 16.931980515339465 -6.8000000000000025 77.68198051533946
      vertex 17.320090031310556 -6.8000000000000025 77.23942643053925
    endloop
  endfacet
  facet normal 0 1 0
    outer loop
      vertex 17.647114317029974 -6.8000000000000025 72.25
      vertex 17.647114317029974 -6.8000000000000025 76.75
      vertex 17.90745789630079 -6.8000000000000025 76.2220754456429
    endloop
  endfacet
  facet normal 0 1 0
    outer loop
      vertex 17.90745789630079 -6.8000000000000025 72.7779245543571
      vertex 17.90745789630079 -6.8000000000000025 76.2220754456429
      vertex 18.096666218300808 -6.8000000000000025 75.66468570296135
    endloop
  endfacet
  facet normal 0 1 0
    outer loop
      vertex 18.096666218300808 -6.8000000000000025 73.33531429703866
      vertex 18.211501876182147 -6.8000000000000025 75.08736786499024
      vertex 18.211501876182147 -6.8000000000000025 73.91263213500977
    endloop
  endfacet
  facet normal 0 1 0
    outer loop
      vertex 18.211501876182147 -6.8000000000000025 73.91263213500977
      vertex 18.211501876182147 -6.8000000000000025 75.08736786499024
      vertex 18.25 -6.8000000000000025 74.5
    endloop
  endfacet
  facet normal 0 1 0
    outer loop
      vertex 18.096666218300808 -6.8000000000000025 73.33531429703866
      vertex 18.096666218300808 -6.8000000000000025 75.66468570296135
      vertex 18.211501876182147 -6.8000000000000025 75.08736786499024
    endloop
  endfacet
  facet normal 0.06540312923012997 0 0.9978589232386043
    outer loop
      vertex 13.75 -6.8000000000000025 79
      vertex 13.75 -10.800000000000002 79
      vertex 14.337367864990233 -6.8000000000000025 78.96150187618215
    endloop
  endfacet
  facet normal 0.19509032201613494 0 0.9807852804032291
    outer loop
      vertex 14.337367864990233 -6.8000000000000025 78.96150187618215
      vertex 14.337367864990233 -10.800000000000002 78.96150187618215
      vertex 14.914685702961343 -6.8000000000000025 78.84666621830081
    endloop
  endfacet
  facet normal 0.3214394653031555 0 0.9469301294951078
    outer loop
      vertex 14.914685702961343 -6.8000000000000025 78.84666621830081
      vertex 14.914685702961343 -10.800000000000002 78.84666621830081
      vertex 15.472075445642904 -6.8000000000000025 78.6574578963008
    endloop
  endfacet
  facet normal 0.5555702330195875 0 0.831469612302555
    outer loop
      vertex 16 -6.8000000000000025 78.39711431702997
      vertex 16 -10.800000000000002 78.39711431702997
      vertex 16.489426430539243 -6.8000000000000025 78.07009003131057
    endloop
  endfacet
  facet normal 0.4422886902190116 0 0.8968727415326833
    outer loop
      vertex 15.472075445642904 -6.8000000000000025 78.6574578963008
      vertex 15.472075445642904 -10.800000000000002 78.6574578963008
      vertex 16 -6.8000000000000025 78.39711431702997
    endloop
  endfacet
  facet normal 0.9978589232386035 0 -0.06540312923014259
    outer loop
      vertex 18.211501876182147 -6.8000000000000025 73.91263213500977
      vertex 18.25 -6.8000000000000025 74.5
      vertex 18.211501876182147 -10.800000000000002 73.91263213500977
    endloop
  endfacet
  facet normal 0.9978589232386036 0 0.06540312923014101
    outer loop
      vertex 18.25 -6.8000000000000025 74.5
      vertex 18.211501876182147 -6.8000000000000025 75.08736786499024
      vertex 18.25 -10.800000000000002 74.5
    endloop
  endfacet
  facet normal 0.9807852804032301 0 0.19509032201612972
    outer loop
      vertex 18.211501876182147 -6.8000000000000025 75.08736786499024
      vertex 18.096666218300808 -6.8000000000000025 75.66468570296135
      vertex 18.211501876182147 -10.800000000000002 75.08736786499024
    endloop
  endfacet
  facet normal 0.9469301294951041 0 0.32143946530316647
    outer loop
      vertex 18.096666218300808 -6.8000000000000025 75.66468570296135
      vertex 17.90745789630079 -6.8000000000000025 76.2220754456429
      vertex 18.096666218300808 -10.800000000000002 75.66468570296135
    endloop
  endfacet
  facet normal 0.896872741532689 0 0.44228869021899947
    outer loop
      vertex 17.90745789630079 -6.8000000000000025 76.2220754456429
      vertex 17.647114317029974 -6.8000000000000025 76.75
      vertex 17.90745789630079 -10.800000000000002 76.2220754456429
    endloop
  endfacet
  facet normal 0.7518398074789695 1.747476604602108e-18 0.659345815100078
    outer loop
      vertex 16.931980515339465 -6.8000000000000025 77.68198051533946
      vertex 17.320090031310556 -10.800000000000002 77.23942643053925
      vertex 17.320090031310556 -6.8000000000000025 77.23942643053925
    endloop
  endfacet
  facet normal 0.6593458151000829 2.3759498834470586e-18 0.7518398074789651
    outer loop
      vertex 16.931980515339465 -6.8000000000000025 77.68198051533946
      vertex 16.489426430539243 -6.8000000000000025 78.07009003131057
      vertex 16.489426430539243 -10.800000000000002 78.07009003131057
    endloop
  endfacet
  facet normal 0.8314696123025496 1.5719089471645436e-18 0.555570233019596
    outer loop
      vertex 17.320090031310556 -6.8000000000000025 77.23942643053925
      vertex 17.647114317029974 -10.800000000000002 76.75
      vertex 17.647114317029974 -6.8000000000000025 76.75
    endloop
  endfacet
  facet normal 0.8314696123025374 0 -0.5555702330196141
    outer loop
      vertex 17.647114317029974 -6.8000000000000025 72.25
      vertex 17.647114317029974 -10.800000000000002 72.25
      vertex 17.366230454814946 -10.800000000000002 71.82962759316926
    endloop
  endfacet
  facet normal 0.896872741532689 0 -0.44228869021899947
    outer loop
      vertex 17.90745789630079 -6.8000000000000025 72.7779245543571
      vertex 17.90745789630079 -10.800000000000002 72.7779245543571
      vertex 17.647114317029974 -10.800000000000002 72.25
    endloop
  endfacet
  facet normal 0.9469301294951065 0 -0.32143946530315903
    outer loop
      vertex 18.096666218300808 -6.8000000000000025 73.33531429703866
      vertex 18.096666218300808 -10.800000000000002 73.33531429703866
      vertex 17.90745789630079 -10.800000000000002 72.7779245543571
    endloop
  endfacet
  facet normal 0.9807852804032301 0 -0.19509032201612972
    outer loop
      vertex 18.211501876182147 -6.8000000000000025 73.91263213500977
      vertex 18.211501876182147 -10.800000000000002 73.91263213500977
      vertex 18.096666218300808 -10.800000000000002 73.33531429703866
    endloop
  endfacet
  facet normal 0 -1 0
    outer loop
      vertex 13.75 -10.800000000000002 72
      vertex 13.97842083638509 -10.800000000000002 72.76497149259583
      vertex 13.75 -10.800000000000002 72.75
    endloop
  endfacet
  facet normal 0 -1 0
    outer loop
      vertex 13.75 -10.800000000000002 72
      vertex 14.202933328929412 -10.800000000000002 72.80962980399414
      vertex 13.97842083638509 -10.800000000000002 72.76497149259583
    endloop
  endfacet
  facet normal 0 -1 0
    outer loop
      vertex 13.75 -10.800000000000002 72
      vertex 15.32039263099432 -10.800000000000002 71.96916145086288
      vertex 14.202933328929412 -10.800000000000002 72.80962980399414
    endloop
  endfacet
  facet normal 0 -1 0
    outer loop
      vertex 14.202933328929412 -10.800000000000002 72.80962980399414
      vertex 15.32039263099432 -10.800000000000002 71.96916145086288
      vertex 14.419696006638906 -10.800000000000002 72.88321081810525
    endloop
  endfacet
  facet normal 0 -1 0
    outer loop
      vertex 14.419696006638906 -10.800000000000002 72.88321081810525
      vertex 15.32039263099432 -10.800000000000002 71.96916145086288
      vertex 14.625 -10.800000000000002 72.98445554337724
    endloop
  endfacet
  facet normal 0 -1 0
    outer loop
      vertex 14.625 -10.800000000000002 72.98445554337724
      vertex 15.32039263099432 -10.800000000000002 71.96916145086288
      vertex 14.815332500765262 -10.800000000000002 73.11163165449034
    endloop
  endfacet
  facet normal 0 -1 0
    outer loop
      vertex 14.815332500765262 -10.800000000000002 73.11163165449034
      vertex 15.32039263099432 -10.800000000000002 71.96916145086288
      vertex 14.987436867076458 -10.800000000000002 73.26256313292355
    endloop
  endfacet
  facet normal 0 -1 0
    outer loop
      vertex 14.987436867076458 -10.800000000000002 73.26256313292355
      vertex 15.32039263099432 -10.800000000000002 71.96916145086288
      vertex 15.138368345509662 -10.800000000000002 73.43466749923475
    endloop
  endfacet
  facet normal 0 -1 0
    outer loop
      vertex 15.32039263099432 -10.800000000000002 71.96916145086288
      vertex 15.265544456622768 -10.800000000000002 73.625
      vertex 15.138368345509662 -10.800000000000002 73.43466749923475
    endloop
  endfacet
  facet normal 0 -1 0
    outer loop
      vertex 15.32039263099432 -10.800000000000002 71.96916145086288
      vertex 15.366789181894752 -10.800000000000002 73.8303039933611
      vertex 15.265544456622768 -10.800000000000002 73.625
    endloop
  endfacet
  facet normal 0 -1 0
    outer loop
      vertex 15.32039263099432 -10.800000000000002 71.96916145086288
      vertex 15.440370196005869 -10.800000000000002 74.0470666710706
      vertex 15.366789181894752 -10.800000000000002 73.8303039933611
    endloop
  endfacet
  facet normal 0 -1 0
    outer loop
      vertex 15.32039263099432 -10.800000000000002 71.96916145086288
      vertex 15.485028507404168 -10.800000000000002 74.27157916361492
      vertex 15.440370196005869 -10.800000000000002 74.0470666710706
    endloop
  endfacet
  facet normal 0 -1 0
    outer loop
      vertex 15.32039263099432 -10.800000000000002 71.96916145086288
      vertex 16.88836383074522 -10.800000000000002 71.87669334560633
      vertex 16.489426430539243 -10.800000000000002 78.07009003131057
    endloop
  endfacet
  facet normal 0 -1 0
    outer loop
      vertex 16.88836383074522 -10.800000000000002 71.87669334560633
      vertex 17.366230454814946 -10.800000000000002 71.82962759316926
      vertex 17.647114317029974 -10.800000000000002 72.25
    endloop
  endfacet
  facet normal 0 -1 0
    outer loop
      vertex 16.88836383074522 -10.800000000000002 71.87669334560633
      vertex 17.647114317029974 -10.800000000000002 72.25
      vertex 17.320090031310556 -10.800000000000002 77.23942643053925
    endloop
  endfacet
  facet normal 0 -1 0
    outer loop
      vertex 17.647114317029974 -10.800000000000002 72.25
      vertex 17.90745789630079 -10.800000000000002 72.7779245543571
      vertex 17.647114317029974 -10.800000000000002 76.75
    endloop
  endfacet
  facet normal 0.06540312923012997 0 0.9978589232386043
    outer loop
      vertex 14.337367864990233 -6.8000000000000025 78.96150187618215
      vertex 13.75 -10.800000000000002 79
      vertex 14.337367864990233 -10.800000000000002 78.96150187618215
    endloop
  endfacet
  facet normal 0.19509032201613494 0 0.9807852804032291
    outer loop
      vertex 14.914685702961343 -6.8000000000000025 78.84666621830081
      vertex 14.337367864990233 -10.800000000000002 78.96150187618215
      vertex 14.914685702961343 -10.800000000000002 78.84666621830081
    endloop
  endfacet
  facet normal 0.3214394653031555 0 0.9469301294951078
    outer loop
      vertex 15.472075445642904 -6.8000000000000025 78.6574578963008
      vertex 14.914685702961343 -10.800000000000002 78.84666621830081
      vertex 15.472075445642904 -10.800000000000002 78.6574578963008
    endloop
  endfacet
  facet normal 0.4422886902190116 0 0.8968727415326833
    outer loop
      vertex 16 -6.8000000000000025 78.39711431702997
      vertex 15.472075445642904 -10.800000000000002 78.6574578963008
      vertex 16 -10.800000000000002 78.39711431702997
    endloop
  endfacet
  facet normal 0.9978589232386035 0 -0.06540312923014259
    outer loop
      vertex 18.25 -6.8000000000000025 74.5
      vertex 18.25 -10.800000000000002 74.5
      vertex 18.211501876182147 -10.800000000000002 73.91263213500977
    endloop
  endfacet
  facet normal 0.9978589232386036 0 0.06540312923014101
    outer loop
      vertex 18.211501876182147 -6.8000000000000025 75.08736786499024
      vertex 18.211501876182147 -10.800000000000002 75.08736786499024
      vertex 18.25 -10.800000000000002 74.5
    endloop
  endfacet
  facet normal 0.9469301294951041 0 0.32143946530316647
    outer loop
      vertex 17.90745789630079 -6.8000000000000025 76.2220754456429
      vertex 17.90745789630079 -10.800000000000002 76.2220754456429
      vertex 18.096666218300808 -10.800000000000002 75.66468570296135
    endloop
  endfacet
  facet normal 0.9807852804032301 0 0.19509032201612972
    outer loop
      vertex 18.096666218300808 -6.8000000000000025 75.66468570296135
      vertex 18.096666218300808 -10.800000000000002 75.66468570296135
      vertex 18.211501876182147 -10.800000000000002 75.08736786499024
    endloop
  endfacet
  facet normal 0.8314696123025496 0 0.555570233019596
    outer loop
      vertex 17.320090031310556 -6.8000000000000025 77.23942643053925
      vertex 17.320090031310556 -10.800000000000002 77.23942643053925
      vertex 17.647114317029974 -10.800000000000002 76.75
    endloop
  endfacet
  facet normal 0.7518398074789695 0 0.659345815100078
    outer loop
      vertex 16.931980515339465 -6.8000000000000025 77.68198051533946
      vertex 16.931980515339465 -10.800000000000002 77.68198051533946
      vertex 17.320090031310556 -10.800000000000002 77.23942643053925
    endloop
  endfacet
  facet normal 0.5555702330195875 0 0.831469612302555
    outer loop
      vertex 16.489426430539243 -6.8000000000000025 78.07009003131057
      vertex 16 -10.800000000000002 78.39711431702997
      vertex 16.489426430539243 -10.800000000000002 78.07009003131057
    endloop
  endfacet
  facet normal 0.6593458151000829 0 0.7518398074789651
    outer loop
      vertex 16.931980515339465 -6.8000000000000025 77.68198051533946
      vertex 16.489426430539243 -10.800000000000002 78.07009003131057
      vertex 16.931980515339465 -10.800000000000002 77.68198051533946
    endloop
  endfacet
  facet normal 0.896872741532689 0 0.44228869021899947
    outer loop
      vertex 17.647114317029974 -6.8000000000000025 76.75
      vertex 17.647114317029974 -10.800000000000002 76.75
      vertex 17.90745789630079 -10.800000000000002 76.2220754456429
    endloop
  endfacet
  facet normal 0 -1 0
    outer loop
      vertex 15.32039263099432 -10.800000000000002 71.96916145086288
      vertex 16 -10.800000000000002 78.39711431702997
      vertex 15.485028507404168 -10.800000000000002 74.27157916361492
    endloop
  endfacet
  facet normal 0 -1 0
    outer loop
      vertex 15.440370196005869 -10.800000000000002 74.95293332892942
      vertex 15.472075445642904 -10.800000000000002 78.6574578963008
      vertex 15.366789181894752 -10.800000000000002 75.16969600663892
    endloop
  endfacet
  facet normal 0 -1 0
    outer loop
      vertex 15.366789181894752 -10.800000000000002 75.16969600663892
      vertex 15.472075445642904 -10.800000000000002 78.6574578963008
      vertex 15.265544456622768 -10.800000000000002 75.375
    endloop
  endfacet
  facet normal 0 -1 0
    outer loop
      vertex 15.485028507404168 -10.800000000000002 74.27157916361492
      vertex 16 -10.800000000000002 78.39711431702997
      vertex 15.5 -10.800000000000002 74.5
    endloop
  endfacet
  facet normal 0 -1 0
    outer loop
      vertex 15.5 -10.800000000000002 74.5
      vertex 16 -10.800000000000002 78.39711431702997
      vertex 15.485028507404168 -10.800000000000002 74.7284208363851
    endloop
  endfacet
  facet normal 0 -1 0
    outer loop
      vertex 15.440370196005869 -10.800000000000002 74.95293332892942
      vertex 15.485028507404168 -10.800000000000002 74.7284208363851
      vertex 16 -10.800000000000002 78.39711431702997
    endloop
  endfacet
  facet normal 0 -1 0
    outer loop
      vertex 15.32039263099432 -10.800000000000002 71.96916145086288
      vertex 16.489426430539243 -10.800000000000002 78.07009003131057
      vertex 16 -10.800000000000002 78.39711431702997
    endloop
  endfacet
  facet normal 0 -1 0
    outer loop
      vertex 13.97842083638509 -10.800000000000002 76.23502850740417
      vertex 14.202933328929412 -10.800000000000002 76.19037019600589
      vertex 14.337367864990233 -10.800000000000002 78.96150187618215
    endloop
  endfacet
  facet normal 0 -1 0
    outer loop
      vertex 13.75 -10.800000000000002 76.25
      vertex 13.97842083638509 -10.800000000000002 76.23502850740417
      vertex 14.337367864990233 -10.800000000000002 78.96150187618215
    endloop
  endfacet
  facet normal 0 -1 0
    outer loop
      vertex 14.202933328929412 -10.800000000000002 76.19037019600589
      vertex 14.419696006638906 -10.800000000000002 76.11678918189475
      vertex 14.914685702961343 -10.800000000000002 78.84666621830081
    endloop
  endfacet
  facet normal 0 -1 0
    outer loop
      vertex 14.419696006638906 -10.800000000000002 76.11678918189475
      vertex 14.625 -10.800000000000002 76.01554445662276
      vertex 14.914685702961343 -10.800000000000002 78.84666621830081
    endloop
  endfacet
  facet normal 0 -1 0
    outer loop
      vertex 14.815332500765262 -10.800000000000002 75.88836834550966
      vertex 14.987436867076458 -10.800000000000002 75.73743686707647
      vertex 14.914685702961343 -10.800000000000002 78.84666621830081
    endloop
  endfacet
  facet normal 0 -1 0
    outer loop
      vertex 14.815332500765262 -10.800000000000002 75.88836834550966
      vertex 14.914685702961343 -10.800000000000002 78.84666621830081
      vertex 14.625 -10.800000000000002 76.01554445662276
    endloop
  endfacet
  facet normal 0 -1 0
    outer loop
      vertex 13.75 -10.800000000000002 76.25
      vertex 14.337367864990233 -10.800000000000002 78.96150187618215
      vertex 13.75 -10.800000000000002 79
    endloop
  endfacet
  facet normal 0 -1 0
    outer loop
      vertex 14.202933328929412 -10.800000000000002 76.19037019600589
      vertex 14.914685702961343 -10.800000000000002 78.84666621830081
      vertex 14.337367864990233 -10.800000000000002 78.96150187618215
    endloop
  endfacet
  facet normal 0 -1 0
    outer loop
      vertex 14.987436867076458 -10.800000000000002 75.73743686707647
      vertex 15.138368345509662 -10.800000000000002 75.56533250076527
      vertex 14.914685702961343 -10.800000000000002 78.84666621830081
    endloop
  endfacet
  facet normal 0 -1 0
    outer loop
      vertex 15.138368345509662 -10.800000000000002 75.56533250076527
      vertex 15.265544456622768 -10.800000000000002 75.375
      vertex 15.472075445642904 -10.800000000000002 78.6574578963008
    endloop
  endfacet
  facet normal 0 -1 0
    outer loop
      vertex 15.138368345509662 -10.800000000000002 75.56533250076527
      vertex 15.472075445642904 -10.800000000000002 78.6574578963008
      vertex 14.914685702961343 -10.800000000000002 78.84666621830081
    endloop
  endfacet
  facet normal 0 -1 0
    outer loop
      vertex 15.440370196005869 -10.800000000000002 74.95293332892942
      vertex 16 -10.800000000000002 78.39711431702997
      vertex 15.472075445642904 -10.800000000000002 78.6574578963008
    endloop
  endfacet
  facet normal 0 -1 0
    outer loop
      vertex 16.88836383074522 -10.800000000000002 71.87669334560633
      vertex 16.931980515339465 -10.800000000000002 77.68198051533946
      vertex 16.489426430539243 -10.800000000000002 78.07009003131057
    endloop
  endfacet
  facet normal 0 -1 0
    outer loop
      vertex 16.88836383074522 -10.800000000000002 71.87669334560633
      vertex 17.320090031310556 -10.800000000000002 77.23942643053925
      vertex 16.931980515339465 -10.800000000000002 77.68198051533946
    endloop
  endfacet
  facet normal 0 -1 0
    outer loop
      vertex 17.90745789630079 -10.800000000000002 72.7779245543571
      vertex 18.096666218300808 -10.800000000000002 73.33531429703866
      vertex 17.90745789630079 -10.800000000000002 76.2220754456429
    endloop
  endfacet
  facet normal 0 -1 0
    outer loop
      vertex 17.90745789630079 -10.800000000000002 72.7779245543571
      vertex 17.90745789630079 -10.800000000000002 76.2220754456429
      vertex 17.647114317029974 -10.800000000000002 76.75
    endloop
  endfacet
  facet normal 0 -1 0
    outer loop
      vertex 18.096666218300808 -10.800000000000002 73.33531429703866
      vertex 18.096666218300808 -10.800000000000002 75.66468570296135
      vertex 17.90745789630079 -10.800000000000002 76.2220754456429
    endloop
  endfacet
  facet normal 0 -1 0
    outer loop
      vertex 18.096666218300808 -10.800000000000002 73.33531429703866
      vertex 18.211501876182147 -10.800000000000002 73.91263213500977
      vertex 18.096666218300808 -10.800000000000002 75.66468570296135
    endloop
  endfacet
  facet normal 0 -1 0
    outer loop
      vertex 18.211501876182147 -10.800000000000002 73.91263213500977
      vertex 18.25 -10.800000000000002 74.5
      vertex 18.211501876182147 -10.800000000000002 75.08736786499024
    endloop
  endfacet
  facet normal 0 -1 0
    outer loop
      vertex 18.211501876182147 -10.800000000000002 73.91263213500977
      vertex 18.211501876182147 -10.800000000000002 75.08736786499024
      vertex 18.096666218300808 -10.800000000000002 75.66468570296135
    endloop
  endfacet
  facet normal 0 -1 0
    outer loop
      vertex 17.647114317029974 -10.800000000000002 72.25
      vertex 17.647114317029974 -10.800000000000002 76.75
      vertex 17.320090031310556 -10.800000000000002 77.23942643053925
    endloop
  endfacet
  facet normal 0.8314696123025457 -2.12525421781206e-18 0.5555702330196017
    outer loop
      vertex -0.32903810567665803 -19.500000000000004 20.94
      vertex -0.22003001043685289 -20.500000000000004 20.77685785648692
      vertex -0.22003001043685289 -19.500000000000004 20.77685785648692
    endloop
  endfacet
  facet normal 0.7518398074789725 0 0.6593458151000745
    outer loop
      vertex -0.09066017177982144 -19.500000000000004 20.629339828220182
      vertex -0.22003001043685289 -19.500000000000004 20.77685785648692
      vertex -0.09066017177982144 -20.500000000000004 20.629339828220182
    endloop
  endfacet
  facet normal 0.6593458151000762 0 0.751839807478971
    outer loop
      vertex -0.09066017177982144 -19.500000000000004 20.629339828220182
      vertex -0.09066017177982144 -20.500000000000004 20.629339828220182
      vertex 0.05685785648691899 -20.500000000000004 20.499969989563148
    endloop
  endfacet
  facet normal 0.7518398074789725 0 0.6593458151000745
    outer loop
      vertex -0.22003001043685289 -19.500000000000004 20.77685785648692
      vertex -0.22003001043685289 -20.500000000000004 20.77685785648692
      vertex -0.09066017177982144 -20.500000000000004 20.629339828220182
    endloop
  endfacet
  facet normal 0.8314696123025457 0 0.5555702330196017
    outer loop
      vertex -0.32903810567665803 -19.500000000000004 20.94
      vertex -0.32903810567665803 -20.500000000000004 20.94
      vertex -0.22003001043685289 -20.500000000000004 20.77685785648692
    endloop
  endfacet
  facet normal 0.8968727415326863 0 0.44228869021900546
    outer loop
      vertex -0.32903810567665803 -19.500000000000004 20.94
      vertex -0.41581929876693 -19.500000000000004 21.115974851452364
      vertex -0.32903810567665803 -20.500000000000004 20.94
    endloop
  endfacet
  facet normal 0.9469301294951074 0 0.32143946530315676
    outer loop
      vertex -0.41581929876693 -19.500000000000004 21.115974851452364
      vertex -0.47888873943360255 -19.500000000000004 21.30177143234622
      vertex -0.41581929876693 -20.500000000000004 21.115974851452364
    endloop
  endfacet
  facet normal 0.98078528040323 0 0.19509032201613058
    outer loop
      vertex -0.47888873943360255 -19.500000000000004 21.30177143234622
      vertex -0.5171672920607155 -19.500000000000004 21.494210711669922
      vertex -0.47888873943360255 -20.500000000000004 21.30177143234622
    endloop
  endfacet
  facet normal 0.9978589232386036 0 0.06540312923014291
    outer loop
      vertex -0.5171672920607155 -19.500000000000004 21.494210711669922
      vertex -0.53 -19.500000000000004 21.69
      vertex -0.5171672920607155 -20.500000000000004 21.494210711669922
    endloop
  endfacet
  facet normal 0.8968727415326863 0 0.44228869021900546
    outer loop
      vertex -0.41581929876693 -19.500000000000004 21.115974851452364
      vertex -0.41581929876693 -20.500000000000004 21.115974851452364
      vertex -0.32903810567665803 -20.500000000000004 20.94
    endloop
  endfacet
  facet normal 0.9469301294951074 0 0.32143946530315676
    outer loop
      vertex -0.47888873943360255 -19.500000000000004 21.30177143234622
      vertex -0.47888873943360255 -20.500000000000004 21.30177143234622
      vertex -0.41581929876693 -20.500000000000004 21.115974851452364
    endloop
  endfacet
  facet normal 0.98078528040323 0 0.19509032201613058
    outer loop
      vertex -0.5171672920607155 -19.500000000000004 21.494210711669922
      vertex -0.5171672920607155 -20.500000000000004 21.494210711669922
      vertex -0.47888873943360255 -20.500000000000004 21.30177143234622
    endloop
  endfacet
  facet normal 0.9978589232386036 0 0.06540312923014291
    outer loop
      vertex -0.53 -19.500000000000004 21.69
      vertex -0.53 -20.500000000000004 21.69
      vertex -0.5171672920607155 -20.500000000000004 21.494210711669922
    endloop
  endfacet
  facet normal 0.4422886902189969 0 0.8968727415326906
    outer loop
      vertex 0.39597485145236533 -19.500000000000004 20.304180701233072
      vertex 0.21999999999999997 -19.500000000000004 20.390961894323343
      vertex 0.39597485145236533 -20.500000000000004 20.304180701233072
    endloop
  endfacet
  facet normal 0.3214394653031667 2.999643395649511e-18 0.946930129495104
    outer loop
      vertex 0.39597485145236533 -19.500000000000004 20.304180701233072
      vertex 0.5817714323462189 -20.500000000000004 20.2411112605664
      vertex 0.5817714323462189 -19.500000000000004 20.2411112605664
    endloop
  endfacet
  facet normal 0.6593458151000762 8.610704490258716e-18 0.751839807478971
    outer loop
      vertex -0.09066017177982144 -19.500000000000004 20.629339828220182
      vertex 0.05685785648691899 -20.500000000000004 20.499969989563148
      vertex 0.05685785648691899 -19.500000000000004 20.499969989563148
    endloop
  endfacet
  facet normal 0.5555702330196004 4.4252401025061644e-18 0.8314696123025466
    outer loop
      vertex 0.05685785648691899 -19.500000000000004 20.499969989563148
      vertex 0.21999999999999997 -20.500000000000004 20.390961894323343
      vertex 0.21999999999999997 -19.500000000000004 20.390961894323343
    endloop
  endfacet
  facet normal 0.19509032201612297 -6.010994234812539e-19 0.9807852804032315
    outer loop
      vertex 0.5817714323462189 -19.500000000000004 20.2411112605664
      vertex 0.7742107116699226 -20.500000000000004 20.202832707939287
      vertex 0.7742107116699226 -19.500000000000004 20.202832707939287
    endloop
  endfacet
  facet normal 0.06540312923014809 6.968610939498877e-19 0.9978589232386031
    outer loop
      vertex 0.7742107116699226 -19.500000000000004 20.202832707939287
      vertex 0.97 -20.500000000000004 20.19
      vertex 0.97 -19.500000000000004 20.19
    endloop
  endfacet
  facet normal 0.4422886902189969 0 0.8968727415326906
    outer loop
      vertex 0.21999999999999997 -19.500000000000004 20.390961894323343
      vertex 0.21999999999999997 -20.500000000000004 20.390961894323343
      vertex 0.39597485145236533 -20.500000000000004 20.304180701233072
    endloop
  endfacet
  facet normal 0.3214394653031667 0 0.946930129495104
    outer loop
      vertex 0.39597485145236533 -19.500000000000004 20.304180701233072
      vertex 0.39597485145236533 -20.500000000000004 20.304180701233072
      vertex 0.5817714323462189 -20.500000000000004 20.2411112605664
    endloop
  endfacet
  facet normal 0.5555702330196004 0 0.8314696123025466
    outer loop
      vertex 0.05685785648691899 -19.500000000000004 20.499969989563148
      vertex 0.05685785648691899 -20.500000000000004 20.499969989563148
      vertex 0.21999999999999997 -20.500000000000004 20.390961894323343
    endloop
  endfacet
  facet normal 0.19509032201612297 0 0.9807852804032315
    outer loop
      vertex 0.5817714323462189 -19.500000000000004 20.2411112605664
      vertex 0.5817714323462189 -20.500000000000004 20.2411112605664
      vertex 0.7742107116699226 -20.500000000000004 20.202832707939287
    endloop
  endfacet
  facet normal 0.06540312923014809 0 0.9978589232386031
    outer loop
      vertex 0.7742107116699226 -19.500000000000004 20.202832707939287
      vertex 0.7742107116699226 -20.500000000000004 20.202832707939287
      vertex 0.97 -20.500000000000004 20.19
    endloop
  endfacet
  facet normal 1 0 0
    outer loop
      vertex -0.53 -19.500000000000004 21.69
      vertex -0.53 -19.500000000000004 50.31
      vertex -0.53 -20.500000000000004 21.69
    endloop
  endfacet
  facet normal 0 0 1
    outer loop
      vertex 0.97 -19.500000000000004 20.19
      vertex 0.97 -20.500000000000004 20.19
      vertex 26.529999999999998 -20.500000000000004 20.19
    endloop
  endfacet
  facet normal 1 0 0
    outer loop
      vertex -0.53 -20.500000000000004 21.69
      vertex -0.53 -19.500000000000004 50.31
      vertex -0.53 -20.500000000000004 50.31
    endloop
  endfacet
  facet normal 0.9978589232386035 0 -0.0654031292301441
    outer loop
      vertex -0.53 -19.500000000000004 50.31
      vertex -0.5171672920607155 -19.500000000000004 50.50578928833008
      vertex -0.53 -20.500000000000004 50.31
    endloop
  endfacet
  facet normal 0.9807852804032313 0 -0.19509032201612364
    outer loop
      vertex -0.5171672920607155 -19.500000000000004 50.50578928833008
      vertex -0.47888873943360255 -19.500000000000004 50.698228567653786
      vertex -0.5171672920607155 -20.500000000000004 50.50578928833008
    endloop
  endfacet
  facet normal 0.9978589232386035 0 -0.0654031292301441
    outer loop
      vertex -0.5171672920607155 -19.500000000000004 50.50578928833008
      vertex -0.5171672920607155 -20.500000000000004 50.50578928833008
      vertex -0.53 -20.500000000000004 50.31
    endloop
  endfacet
  facet normal 0.9469301294951036 0 -0.32143946530316775
    outer loop
      vertex -0.47888873943360255 -19.500000000000004 50.698228567653786
      vertex -0.41581929876693 -19.500000000000004 50.884025148547636
      vertex -0.47888873943360255 -20.500000000000004 50.698228567653786
    endloop
  endfacet
  facet normal 0.8968727415326897 0 -0.44228869021899825
    outer loop
      vertex -0.41581929876693 -19.500000000000004 50.884025148547636
      vertex -0.32903810567665803 -19.500000000000004 51.06
      vertex -0.41581929876693 -20.500000000000004 50.884025148547636
    endloop
  endfacet
  facet normal 0.83146961230254 0 -0.5555702330196101
    outer loop
      vertex -0.32903810567665803 -19.500000000000004 51.06
      vertex -0.22003001043685289 -19.500000000000004 51.22314214351308
      vertex -0.32903810567665803 -20.500000000000004 51.06
    endloop
  endfacet
  facet normal 0.7518398074789883 0 -0.6593458151000565
    outer loop
      vertex -0.22003001043685289 -19.500000000000004 51.22314214351308
      vertex -0.09066017177982144 -19.500000000000004 51.370660171779825
      vertex -0.22003001043685289 -20.500000000000004 51.22314214351308
    endloop
  endfacet
  facet normal 0.6593458151000557 0 -0.7518398074789889
    outer loop
      vertex -0.09066017177982144 -19.500000000000004 51.370660171779825
      vertex 0.05685785648691899 -19.500000000000004 51.50003001043685
      vertex -0.09066017177982144 -20.500000000000004 51.370660171779825
    endloop
  endfacet
  facet normal 0.9807852804032313 0 -0.19509032201612364
    outer loop
      vertex -0.47888873943360255 -19.500000000000004 50.698228567653786
      vertex -0.47888873943360255 -20.500000000000004 50.698228567653786
      vertex -0.5171672920607155 -20.500000000000004 50.50578928833008
    endloop
  endfacet
  facet normal 0.9469301294951036 0 -0.32143946530316775
    outer loop
      vertex -0.41581929876693 -19.500000000000004 50.884025148547636
      vertex -0.41581929876693 -20.500000000000004 50.884025148547636
      vertex -0.47888873943360255 -20.500000000000004 50.698228567653786
    endloop
  endfacet
  facet normal 0.8968727415326897 0 -0.44228869021899825
    outer loop
      vertex -0.32903810567665803 -19.500000000000004 51.06
      vertex -0.32903810567665803 -20.500000000000004 51.06
      vertex -0.41581929876693 -20.500000000000004 50.884025148547636
    endloop
  endfacet
  facet normal 0.83146961230254 0 -0.5555702330196101
    outer loop
      vertex -0.22003001043685289 -19.500000000000004 51.22314214351308
      vertex -0.22003001043685289 -20.500000000000004 51.22314214351308
      vertex -0.32903810567665803 -20.500000000000004 51.06
    endloop
  endfacet
  facet normal 0.7518398074789883 0 -0.6593458151000565
    outer loop
      vertex -0.09066017177982144 -19.500000000000004 51.370660171779825
      vertex -0.09066017177982144 -20.500000000000004 51.370660171779825
      vertex -0.22003001043685289 -20.500000000000004 51.22314214351308
    endloop
  endfacet
  facet normal 0.5555702330196128 0 -0.8314696123025381
    outer loop
      vertex 0.05685785648691899 -19.500000000000004 51.50003001043685
      vertex 0.21999999999999997 -19.500000000000004 51.60903810567666
      vertex 0.05685785648691899 -20.500000000000004 51.50003001043685
    endloop
  endfacet
  facet normal 0.44228869021901146 0 -0.8968727415326833
    outer loop
      vertex 0.21999999999999997 -19.500000000000004 51.60903810567666
      vertex 0.39597485145236533 -19.500000000000004 51.695819298766935
      vertex 0.21999999999999997 -20.500000000000004 51.60903810567666
    endloop
  endfacet
  facet normal 0.3214394653031667 0 -0.946930129495104
    outer loop
      vertex 0.39597485145236533 -19.500000000000004 51.695819298766935
      vertex 0.5817714323462189 -19.500000000000004 51.75888873943361
      vertex 0.39597485145236533 -20.500000000000004 51.695819298766935
    endloop
  endfacet
  facet normal 0.19509032201612297 0 -0.9807852804032315
    outer loop
      vertex 0.5817714323462189 -19.500000000000004 51.75888873943361
      vertex 0.7742107116699226 -19.500000000000004 51.79716729206072
      vertex 0.5817714323462189 -20.500000000000004 51.75888873943361
    endloop
  endfacet
  facet normal 0.06540312923013004 0 -0.9978589232386043
    outer loop
      vertex 0.7742107116699226 -19.500000000000004 51.79716729206072
      vertex 0.97 -19.500000000000004 51.81
      vertex 0.7742107116699226 -20.500000000000004 51.79716729206072
    endloop
  endfacet
  facet normal 0.6593458151000557 0 -0.7518398074789889
    outer loop
      vertex 0.05685785648691899 -19.500000000000004 51.50003001043685
      vertex 0.05685785648691899 -20.500000000000004 51.50003001043685
      vertex -0.09066017177982144 -20.500000000000004 51.370660171779825
    endloop
  endfacet
  facet normal 0.5555702330196128 0 -0.8314696123025381
    outer loop
      vertex 0.21999999999999997 -19.500000000000004 51.60903810567666
      vertex 0.21999999999999997 -20.500000000000004 51.60903810567666
      vertex 0.05685785648691899 -20.500000000000004 51.50003001043685
    endloop
  endfacet
  facet normal 0.44228869021901146 0 -0.8968727415326833
    outer loop
      vertex 0.39597485145236533 -19.500000000000004 51.695819298766935
      vertex 0.39597485145236533 -20.500000000000004 51.695819298766935
      vertex 0.21999999999999997 -20.500000000000004 51.60903810567666
    endloop
  endfacet
  facet normal 0.3214394653031667 0 -0.946930129495104
    outer loop
      vertex 0.5817714323462189 -19.500000000000004 51.75888873943361
      vertex 0.5817714323462189 -20.500000000000004 51.75888873943361
      vertex 0.39597485145236533 -20.500000000000004 51.695819298766935
    endloop
  endfacet
  facet normal 0.19509032201612297 0 -0.9807852804032315
    outer loop
      vertex 0.7742107116699226 -19.500000000000004 51.79716729206072
      vertex 0.7742107116699226 -20.500000000000004 51.79716729206072
      vertex 0.5817714323462189 -20.500000000000004 51.75888873943361
    endloop
  endfacet
  facet normal 0.06540312923013004 0 -0.9978589232386043
    outer loop
      vertex 0.97 -19.500000000000004 51.81
      vertex 0.97 -20.500000000000004 51.81
      vertex 0.7742107116699226 -20.500000000000004 51.79716729206072
    endloop
  endfacet
  facet normal 0 0 -1
    outer loop
      vertex 0.97 -19.500000000000004 51.81
      vertex 26.529999999999998 -19.500000000000004 51.81
      vertex 0.97 -20.500000000000004 51.81
    endloop
  endfacet
  facet normal 0 0 1
    outer loop
      vertex 0.97 -19.500000000000004 20.19
      vertex 26.529999999999998 -20.500000000000004 20.19
      vertex 26.529999999999998 -19.500000000000004 20.19
    endloop
  endfacet
  facet normal -0.0654031292301486 -6.801186623393557e-19 0.997858923238603
    outer loop
      vertex 26.529999999999998 -19.500000000000004 20.19
      vertex 26.725789288330073 -20.500000000000004 20.202832707939287
      vertex 26.725789288330073 -19.500000000000004 20.202832707939287
    endloop
  endfacet
  facet normal -0.19509032201612275 -2.860716071401304e-19 0.9807852804032315
    outer loop
      vertex 26.725789288330073 -19.500000000000004 20.202832707939287
      vertex 26.918228567653777 -20.500000000000004 20.2411112605664
      vertex 26.918228567653777 -19.500000000000004 20.2411112605664
    endloop
  endfacet
  facet normal -0.32143946530316636 -2.3552235269160185e-18 0.9469301294951041
    outer loop
      vertex 26.918228567653777 -19.500000000000004 20.2411112605664
      vertex 27.10402514854763 -20.500000000000004 20.304180701233072
      vertex 27.10402514854763 -19.500000000000004 20.304180701233072
    endloop
  endfacet
  facet normal -0.44228869021899464 -3.0459650416730136e-18 0.8968727415326915
    outer loop
      vertex 27.10402514854763 -19.500000000000004 20.304180701233072
      vertex 27.279999999999998 -20.500000000000004 20.390961894323343
      vertex 27.279999999999998 -19.500000000000004 20.390961894323343
    endloop
  endfacet
  facet normal -0.5555702330196001 4.208336938099932e-18 0.8314696123025467
    outer loop
      vertex 27.279999999999998 -19.500000000000004 20.390961894323343
      vertex 27.44314214351308 -20.500000000000004 20.499969989563148
      vertex 27.44314214351308 -19.500000000000004 20.499969989563148
    endloop
  endfacet
  facet normal -0.0654031292301486 0 0.997858923238603
    outer loop
      vertex 26.529999999999998 -19.500000000000004 20.19
      vertex 26.529999999999998 -20.500000000000004 20.19
      vertex 26.725789288330073 -20.500000000000004 20.202832707939287
    endloop
  endfacet
  facet normal -0.19509032201612275 0 0.9807852804032315
    outer loop
      vertex 26.725789288330073 -19.500000000000004 20.202832707939287
      vertex 26.725789288330073 -20.500000000000004 20.202832707939287
      vertex 26.918228567653777 -20.500000000000004 20.2411112605664
    endloop
  endfacet
  facet normal -0.32143946530316636 0 0.9469301294951041
    outer loop
      vertex 26.918228567653777 -19.500000000000004 20.2411112605664
      vertex 26.918228567653777 -20.500000000000004 20.2411112605664
      vertex 27.10402514854763 -20.500000000000004 20.304180701233072
    endloop
  endfacet
  facet normal -0.44228869021899464 0 0.8968727415326915
    outer loop
      vertex 27.10402514854763 -19.500000000000004 20.304180701233072
      vertex 27.10402514854763 -20.500000000000004 20.304180701233072
      vertex 27.279999999999998 -20.500000000000004 20.390961894323343
    endloop
  endfacet
  facet normal -0.5555702330196001 0 0.8314696123025467
    outer loop
      vertex 27.279999999999998 -19.500000000000004 20.390961894323343
      vertex 27.279999999999998 -20.500000000000004 20.390961894323343
      vertex 27.44314214351308 -20.500000000000004 20.499969989563148
    endloop
  endfacet
  facet normal -0.6593458151000732 0 0.7518398074789736
    outer loop
      vertex 27.44314214351308 -19.500000000000004 20.499969989563148
      vertex 27.44314214351308 -20.500000000000004 20.499969989563148
      vertex 27.59066017177982 -20.500000000000004 20.629339828220182
    endloop
  endfacet
  facet normal -0.6593458151000732 9.05650002536131e-19 0.7518398074789736
    outer loop
      vertex 27.44314214351308 -19.500000000000004 20.499969989563148
      vertex 27.59066017177982 -20.500000000000004 20.629339828220182
      vertex 27.59066017177982 -19.500000000000004 20.629339828220182
    endloop
  endfacet
  facet normal -0.7518398074789747 -8.52216042427218e-18 0.659345815100072
    outer loop
      vertex 27.59066017177982 -19.500000000000004 20.629339828220182
      vertex 27.72003001043685 -20.500000000000004 20.77685785648692
      vertex 27.72003001043685 -19.500000000000004 20.77685785648692
    endloop
  endfacet
  facet normal -0.8314696123025467 4.208336938099932e-18 0.5555702330196001
    outer loop
      vertex 27.72003001043685 -19.500000000000004 20.77685785648692
      vertex 27.829038105676656 -20.500000000000004 20.94
      vertex 27.829038105676656 -19.500000000000004 20.94
    endloop
  endfacet
  facet normal -0.7518398074789747 0 0.659345815100072
    outer loop
      vertex 27.59066017177982 -19.500000000000004 20.629339828220182
      vertex 27.59066017177982 -20.500000000000004 20.629339828220182
      vertex 27.72003001043685 -20.500000000000004 20.77685785648692
    endloop
  endfacet
  facet normal -0.8314696123025467 0 0.5555702330196001
    outer loop
      vertex 27.72003001043685 -19.500000000000004 20.77685785648692
      vertex 27.72003001043685 -20.500000000000004 20.77685785648692
      vertex 27.829038105676656 -20.500000000000004 20.94
    endloop
  endfacet
  facet normal -0.896872741532688 -6.40132298426425e-19 0.4422886902190018
    outer loop
      vertex 27.829038105676656 -19.500000000000004 20.94
      vertex 27.915819298766927 -20.500000000000004 21.115974851452364
      vertex 27.915819298766927 -19.500000000000004 21.115974851452364
    endloop
  endfacet
  facet normal -0.946930129495106 -8.856905286578586e-19 0.3214394653031608
    outer loop
      vertex 27.915819298766927 -19.500000000000004 21.115974851452364
      vertex 27.9788887394336 -20.500000000000004 21.30177143234622
      vertex 27.9788887394336 -19.500000000000004 21.30177143234622
    endloop
  endfacet
  facet normal -0.9807852804032309 6.468875305854688e-19 0.19509032201612625
    outer loop
      vertex 27.9788887394336 -19.500000000000004 21.30177143234622
      vertex 28.017167292060712 -20.500000000000004 21.494210711669922
      vertex 28.017167292060712 -19.500000000000004 21.494210711669922
    endloop
  endfacet
  facet normal -0.9978589232386033 -4.026304738249425e-19 0.06540312923014742
    outer loop
      vertex 28.017167292060712 -19.500000000000004 21.494210711669922
      vertex 28.029999999999998 -20.500000000000004 21.69
      vertex 28.029999999999998 -19.500000000000004 21.69
    endloop
  endfacet
  facet normal -0.896872741532688 0 0.4422886902190018
    outer loop
      vertex 27.829038105676656 -19.500000000000004 20.94
      vertex 27.829038105676656 -20.500000000000004 20.94
      vertex 27.915819298766927 -20.500000000000004 21.115974851452364
    endloop
  endfacet
  facet normal -0.946930129495106 0 0.3214394653031608
    outer loop
      vertex 27.915819298766927 -19.500000000000004 21.115974851452364
      vertex 27.915819298766927 -20.500000000000004 21.115974851452364
      vertex 27.9788887394336 -20.500000000000004 21.30177143234622
    endloop
  endfacet
  facet normal -0.9807852804032309 0 0.19509032201612625
    outer loop
      vertex 27.9788887394336 -19.500000000000004 21.30177143234622
      vertex 27.9788887394336 -20.500000000000004 21.30177143234622
      vertex 28.017167292060712 -20.500000000000004 21.494210711669922
    endloop
  endfacet
  facet normal -0.9978589232386033 0 0.06540312923014742
    outer loop
      vertex 28.017167292060712 -19.500000000000004 21.494210711669922
      vertex 28.017167292060712 -20.500000000000004 21.494210711669922
      vertex 28.029999999999998 -20.500000000000004 21.69
    endloop
  endfacet
  facet normal -1 0 0
    outer loop
      vertex 28.029999999999998 -19.500000000000004 21.69
      vertex 28.029999999999998 -20.500000000000004 21.69
      vertex 28.029999999999998 -20.500000000000004 50.31
    endloop
  endfacet
  facet normal 0 0 -1
    outer loop
      vertex 0.97 -20.500000000000004 51.81
      vertex 26.529999999999998 -19.500000000000004 51.81
      vertex 26.529999999999998 -20.500000000000004 51.81
    endloop
  endfacet
  facet normal -1 0 0
    outer loop
      vertex 28.029999999999998 -19.500000000000004 21.69
      vertex 28.029999999999998 -20.500000000000004 50.31
      vertex 28.029999999999998 -19.500000000000004 50.31
    endloop
  endfacet
  facet normal -0.06540312923013057 0 -0.9978589232386044
    outer loop
      vertex 26.529999999999998 -19.500000000000004 51.81
      vertex 26.725789288330073 -19.500000000000004 51.79716729206072
      vertex 26.529999999999998 -20.500000000000004 51.81
    endloop
  endfacet
  facet normal -0.19509032201612275 0 -0.9807852804032315
    outer loop
      vertex 26.725789288330073 -19.500000000000004 51.79716729206072
      vertex 26.918228567653777 -19.500000000000004 51.75888873943361
      vertex 26.725789288330073 -20.500000000000004 51.79716729206072
    endloop
  endfacet
  facet normal -0.32143946530316636 0 -0.9469301294951041
    outer loop
      vertex 26.918228567653777 -19.500000000000004 51.75888873943361
      vertex 27.10402514854763 -19.500000000000004 51.695819298766935
      vertex 26.918228567653777 -20.500000000000004 51.75888873943361
    endloop
  endfacet
  facet normal -0.44228869021900924 0 -0.8968727415326844
    outer loop
      vertex 27.10402514854763 -19.500000000000004 51.695819298766935
      vertex 27.279999999999998 -19.500000000000004 51.60903810567666
      vertex 27.10402514854763 -20.500000000000004 51.695819298766935
    endloop
  endfacet
  facet normal -0.6593458151000526 0 -0.7518398074789916
    outer loop
      vertex 27.44314214351308 -19.500000000000004 51.50003001043685
      vertex 27.59066017177982 -19.500000000000004 51.370660171779825
      vertex 27.44314214351308 -20.500000000000004 51.50003001043685
    endloop
  endfacet
  facet normal -0.5555702330196126 -5.22604497875234e-18 -0.8314696123025382
    outer loop
      vertex 27.44314214351308 -19.500000000000004 51.50003001043685
      vertex 27.279999999999998 -20.500000000000004 51.60903810567666
      vertex 27.279999999999998 -19.500000000000004 51.60903810567666
    endloop
  endfacet
  facet normal -0.06540312923013057 0 -0.9978589232386044
    outer loop
      vertex 26.725789288330073 -19.500000000000004 51.79716729206072
      vertex 26.725789288330073 -20.500000000000004 51.79716729206072
      vertex 26.529999999999998 -20.500000000000004 51.81
    endloop
  endfacet
  facet normal -0.19509032201612275 0 -0.9807852804032315
    outer loop
      vertex 26.918228567653777 -19.500000000000004 51.75888873943361
      vertex 26.918228567653777 -20.500000000000004 51.75888873943361
      vertex 26.725789288330073 -20.500000000000004 51.79716729206072
    endloop
  endfacet
  facet normal -0.32143946530316636 0 -0.9469301294951041
    outer loop
      vertex 27.10402514854763 -19.500000000000004 51.695819298766935
      vertex 27.10402514854763 -20.500000000000004 51.695819298766935
      vertex 26.918228567653777 -20.500000000000004 51.75888873943361
    endloop
  endfacet
  facet normal -0.44228869021900924 0 -0.8968727415326844
    outer loop
      vertex 27.279999999999998 -19.500000000000004 51.60903810567666
      vertex 27.279999999999998 -20.500000000000004 51.60903810567666
      vertex 27.10402514854763 -20.500000000000004 51.695819298766935
    endloop
  endfacet
  facet normal -0.5555702330196126 0 -0.8314696123025382
    outer loop
      vertex 27.44314214351308 -19.500000000000004 51.50003001043685
      vertex 27.44314214351308 -20.500000000000004 51.50003001043685
      vertex 27.279999999999998 -20.500000000000004 51.60903810567666
    endloop
  endfacet
  facet normal -0.997858923238603 6.801186623393557e-19 -0.0654031292301486
    outer loop
      vertex 28.029999999999998 -19.500000000000004 50.31
      vertex 28.017167292060712 -20.500000000000004 50.50578928833008
      vertex 28.017167292060712 -19.500000000000004 50.50578928833008
    endloop
  endfacet
  facet normal -0.997858923238603 0 -0.0654031292301486
    outer loop
      vertex 28.029999999999998 -19.500000000000004 50.31
      vertex 28.029999999999998 -20.500000000000004 50.31
      vertex 28.017167292060712 -20.500000000000004 50.50578928833008
    endloop
  endfacet
  facet normal -0.9807852804032323 0 -0.1950903220161193
    outer loop
      vertex 28.017167292060712 -19.500000000000004 50.50578928833008
      vertex 28.017167292060712 -20.500000000000004 50.50578928833008
      vertex 27.9788887394336 -20.500000000000004 50.698228567653786
    endloop
  endfacet
  facet normal -0.8314696123025411 0 -0.5555702330196085
    outer loop
      vertex 27.72003001043685 -19.500000000000004 51.22314214351308
      vertex 27.829038105676656 -19.500000000000004 51.06
      vertex 27.72003001043685 -20.500000000000004 51.22314214351308
    endloop
  endfacet
  facet normal -0.9469301294951022 0 -0.32143946530317186
    outer loop
      vertex 27.915819298766927 -19.500000000000004 50.884025148547636
      vertex 27.9788887394336 -19.500000000000004 50.698228567653786
      vertex 27.915819298766927 -20.500000000000004 50.884025148547636
    endloop
  endfacet
  facet normal -0.9807852804032323 1.2190307448656965e-18 -0.1950903220161193
    outer loop
      vertex 28.017167292060712 -19.500000000000004 50.50578928833008
      vertex 27.9788887394336 -20.500000000000004 50.698228567653786
      vertex 27.9788887394336 -19.500000000000004 50.698228567653786
    endloop
  endfacet
  facet normal -0.8968727415326915 3.0459650416730136e-18 -0.44228869021899464
    outer loop
      vertex 27.915819298766927 -19.500000000000004 50.884025148547636
      vertex 27.829038105676656 -20.500000000000004 51.06
      vertex 27.829038105676656 -19.500000000000004 51.06
    endloop
  endfacet
  facet normal -0.7518398074789906 -8.266004327230635e-18 -0.659345815100054
    outer loop
      vertex 27.72003001043685 -19.500000000000004 51.22314214351308
      vertex 27.59066017177982 -20.500000000000004 51.370660171779825
      vertex 27.59066017177982 -19.500000000000004 51.370660171779825
    endloop
  endfacet
  facet normal -0.8314696123025411 0 -0.5555702330196085
    outer loop
      vertex 27.829038105676656 -19.500000000000004 51.06
      vertex 27.829038105676656 -20.500000000000004 51.06
      vertex 27.72003001043685 -20.500000000000004 51.22314214351308
    endloop
  endfacet
  facet normal -0.9469301294951022 0 -0.32143946530317186
    outer loop
      vertex 27.9788887394336 -19.500000000000004 50.698228567653786
      vertex 27.9788887394336 -20.500000000000004 50.698228567653786
      vertex 27.915819298766927 -20.500000000000004 50.884025148547636
    endloop
  endfacet
  facet normal -0.8968727415326915 0 -0.44228869021899464
    outer loop
      vertex 27.915819298766927 -19.500000000000004 50.884025148547636
      vertex 27.915819298766927 -20.500000000000004 50.884025148547636
      vertex 27.829038105676656 -20.500000000000004 51.06
    endloop
  endfacet
  facet normal -0.6593458151000526 0 -0.7518398074789916
    outer loop
      vertex 27.59066017177982 -19.500000000000004 51.370660171779825
      vertex 27.59066017177982 -20.500000000000004 51.370660171779825
      vertex 27.44314214351308 -20.500000000000004 51.50003001043685
    endloop
  endfacet
  facet normal -0.7518398074789906 0 -0.659345815100054
    outer loop
      vertex 27.72003001043685 -19.500000000000004 51.22314214351308
      vertex 27.72003001043685 -20.500000000000004 51.22314214351308
      vertex 27.59066017177982 -20.500000000000004 51.370660171779825
    endloop
  endfacet
  facet normal 1.5997379713267114e-17 -0.980785279639006 0.19509032585814481
    outer loop
      vertex -26.25 -1.2691121440201776 32
      vertex -7.950000000000003 -1.302222527563572 31.83354286462069
      vertex -26.245710754284886 -1.225665420293808 32.21842142552138
    endloop
  endfacet
  facet normal 6.654520634278067e-20 -0.9807852796390062 0.19509032585814315
    outer loop
      vertex -26.25 -1.2691121440201776 32
      vertex -26.246731201836212 -1.302222527563572 31.83354286462069
      vertex -7.950000000000003 -1.302222527563572 31.83354286462069
    endloop
  endfacet
  facet normal 0 -0.8968727407473451 0.44228869181151964
    outer loop
      vertex -26.23943404966417 -1.4283614084124565 31.461949702203277
      vertex -26.232522645548364 -1.601923793554306 31.110000002980236
      vertex -7.950000000000003 -1.601923793554306 31.110000002980236
    endloop
  endfacet
  facet normal 0 -0.8314696207458843 0.5555702203832521
    outer loop
      vertex -26.232522645548364 -1.601923793554306 31.110000002980236
      vertex -26.22611524532787 -1.8199399784207344 30.78371571362019
      vertex -7.950000000000003 -1.8199399784207344 30.78371571362019
    endloop
  endfacet
  facet normal 0 -0.9469301300366788 0.3214394637077385
    outer loop
      vertex -26.246731201836212 -1.302222527563572 31.83354286462069
      vertex -26.23943404966417 -1.4283614084124565 31.461949702203277
      vertex -7.950000000000003 -1.4283614084124565 31.461949702203277
    endloop
  endfacet
  facet normal 0 -0.6593458207943248 0.7518398024852488
    outer loop
      vertex -26.22032148158731 -2.078679658472538 30.48867965847254
      vertex -26.219161450862885 -2.1460386938139795 30.42960736900568
      vertex -7.950000000000003 -2.078679658472538 30.48867965847254
    endloop
  endfacet
  facet normal 0 -0.7518398024852506 0.6593458207943228
    outer loop
      vertex -26.22611524532787 -1.8199399784207344 30.78371571362019
      vertex -26.22032148158731 -2.078679658472538 30.48867965847254
      vertex -7.950000000000003 -2.078679658472538 30.48867965847254
    endloop
  endfacet
  facet normal -4.0842864207084567e-19 -0.6593458207943221 0.7518398024852511
    outer loop
      vertex -26.219161450862885 -2.1460386938139795 30.42960736900568
      vertex -26.207386448049157 -2.373715713620186 30.229939978420738
      vertex -7.950000000000003 -2.373715713620186 30.229939978420738
    endloop
  endfacet
  facet normal 0 -0.9978589230086541 0.06540313273849395
    outer loop
      vertex -26.245710754284886 -1.225665420293808 32.21842142552138
      vertex -7.950000000000003 -1.225665420293808 32.21842142552138
      vertex -26.238021138985072 -1.2000000029802322 32.610000002980236
    endloop
  endfacet
  facet normal 0 -1 0
    outer loop
      vertex -26.238021138985072 -1.2000000029802322 32.610000002980236
      vertex -7.950000000000003 -1.2000000029802322 32.610000002980236
      vertex -26.219161450862885 -1.2000000029802322 33.57039263099432
    endloop
  endfacet
  facet normal 0 -1 0
    outer loop
      vertex -26.219161450862885 -1.2000000029802322 33.57039263099432
      vertex -7.950000000000003 -1.2000000029802322 32.610000002980236
      vertex -26.126693345606327 -1.2000000029802322 35.13836383074522
    endloop
  endfacet
  facet normal 0 -1 0
    outer loop
      vertex -26.126693345606327 -1.2000000029802322 35.13836383074522
      vertex -7.950000000000003 -1.2000000029802322 32.610000002980236
      vertex -25.972738280892372 -1.2000000029802322 36.70149590075016
    endloop
  endfacet
  facet normal 0 -1 0
    outer loop
      vertex -25.972738280892372 -1.2000000029802322 36.70149590075016
      vertex -7.950000000000003 -1.2000000029802322 32.610000002980236
      vertex -25.757533624768257 -1.2000000029802322 38.25737860053778
    endloop
  endfacet
  facet normal 0 -1 0
    outer loop
      vertex -25.757533624768257 -1.2000000029802322 38.25737860053778
      vertex -7.950000000000003 -1.2000000029802322 32.610000002980236
      vertex -25.48141121864319 -1.2000000029802322 39.803612880408764
    endloop
  endfacet
  facet normal 0 -1 0
    outer loop
      vertex -7.950000000000003 -1.2000000029802322 32.610000002980236
      vertex -25.144796818494797 -1.2000000029802322 41.337814554572105
      vertex -25.48141121864319 -1.2000000029802322 39.803612880408764
    endloop
  endfacet
  facet normal 0 -1 0
    outer loop
      vertex -7.950000000000003 -1.2000000029802322 32.610000002980236
      vertex -24.748209461569786 -1.2000000029802322 42.85761799663305
      vertex -25.144796818494797 -1.2000000029802322 41.337814554572105
    endloop
  endfacet
  facet normal 0 -0.9469301300366788 0.3214394637077385
    outer loop
      vertex -26.246731201836212 -1.302222527563572 31.83354286462069
      vertex -7.950000000000003 -1.4283614084124565 31.461949702203277
      vertex -7.950000000000003 -1.302222527563572 31.83354286462069
    endloop
  endfacet
  facet normal 0 -0.9807852796390061 0.19509032585814412
    outer loop
      vertex -26.245710754284886 -1.225665420293808 32.21842142552138
      vertex -7.950000000000003 -1.302222527563572 31.83354286462069
      vertex -7.950000000000003 -1.225665420293808 32.21842142552138
    endloop
  endfacet
  facet normal 0 -0.8968727407473451 0.44228869181151964
    outer loop
      vertex -26.23943404966417 -1.4283614084124565 31.461949702203277
      vertex -7.950000000000003 -1.601923793554306 31.110000002980236
      vertex -7.950000000000003 -1.4283614084124565 31.461949702203277
    endloop
  endfacet
  facet normal 0 -0.8314696207458842 0.5555702203832521
    outer loop
      vertex -26.232522645548364 -1.601923793554306 31.110000002980236
      vertex -7.950000000000003 -1.8199399784207344 30.78371571362019
      vertex -7.950000000000003 -1.601923793554306 31.110000002980236
    endloop
  endfacet
  facet normal 0 -0.7518398024852507 0.6593458207943228
    outer loop
      vertex -26.22611524532787 -1.8199399784207344 30.78371571362019
      vertex -7.950000000000003 -2.078679658472538 30.48867965847254
      vertex -7.950000000000003 -1.8199399784207344 30.78371571362019
    endloop
  endfacet
  facet normal 0 -0.5555702203832522 0.8314696207458843
    outer loop
      vertex -26.207386448049157 -2.373715713620186 30.229939978420738
      vertex -7.950000000000003 -2.7000000029802322 30.01192379355431
      vertex -7.950000000000003 -2.373715713620186 30.229939978420738
    endloop
  endfacet
  facet normal -1.3197712212594177e-17 -0.6593458207943228 0.7518398024852506
    outer loop
      vertex -26.219161450862885 -2.1460386938139795 30.42960736900568
      vertex -7.950000000000003 -2.373715713620186 30.229939978420738
      vertex -7.950000000000003 -2.078679658472538 30.48867965847254
    endloop
  endfacet
  facet normal 0 -0.997858923008654 0.06540313273849395
    outer loop
      vertex -26.238021138985072 -1.2000000029802322 32.610000002980236
      vertex -7.950000000000003 -1.225665420293808 32.21842142552138
      vertex -7.950000000000003 -1.2000000029802322 32.610000002980236
    endloop
  endfacet
  facet normal -1 0 0
    outer loop
      vertex -7.950000000000003 -1.302222527563572 31.83354286462069
      vertex -7.950000000000003 -1.601923793554306 46.110000002980236
      vertex -7.950000000000003 -1.225665420293808 32.21842142552138
    endloop
  endfacet
  facet normal -1 0 0
    outer loop
      vertex -7.950000000000003 -1.225665420293808 32.21842142552138
      vertex -7.950000000000003 -1.4283614084124565 45.758050303757194
      vertex -7.950000000000003 -1.2000000029802322 32.610000002980236
    endloop
  endfacet
  facet normal -1 0 0
    outer loop
      vertex -7.950000000000003 -1.302222527563572 31.83354286462069
      vertex -7.950000000000003 -1.4283614084124565 31.461949702203277
      vertex -7.950000000000003 -1.8199399784207344 46.43628429234028
    endloop
  endfacet
  facet normal -1 0 0
    outer loop
      vertex -7.950000000000003 -1.4283614084124565 31.461949702203277
      vertex -7.950000000000003 -1.601923793554306 31.110000002980236
      vertex -7.950000000000003 -2.078679658472538 46.73132034748793
    endloop
  endfacet
  facet normal -1 0 0
    outer loop
      vertex -7.950000000000003 -1.601923793554306 31.110000002980236
      vertex -7.950000000000003 -1.8199399784207344 30.78371571362019
      vertex -7.950000000000003 -2.373715713620186 46.990060027539734
    endloop
  endfacet
  facet normal -1 0 0
    outer loop
      vertex -7.950000000000003 -1.8199399784207344 30.78371571362019
      vertex -7.950000000000003 -2.078679658472538 30.48867965847254
      vertex -7.950000000000003 -2.7000000029802322 47.20807621240616
    endloop
  endfacet
  facet normal -1 0 0
    outer loop
      vertex -7.950000000000003 -2.078679658472538 30.48867965847254
      vertex -7.950000000000003 -2.373715713620186 30.229939978420738
      vertex -7.950000000000003 -3.0519497022032738 47.38163859754801
    endloop
  endfacet
  facet normal 0 -0.06540313273849395 0.9978589230086541
    outer loop
      vertex -26.17082667264583 -4.200000002980232 29.610000002980236
      vertex -7.950000000000003 -4.200000002980232 29.610000002980236
      vertex -26.172340241587644 -3.8084214255213737 29.63566542029381
    endloop
  endfacet
  facet normal 0 0 1
    outer loop
      vertex -26.17082667264583 -4.200000002980232 29.610000002980236
      vertex -26.17082667264583 -8.799999997019768 29.610000002980236
      vertex -7.950000000000003 -8.799999997019768 29.610000002980236
    endloop
  endfacet
  facet normal 0 -0.5555702203832522 0.8314696207458843
    outer loop
      vertex -26.207386448049157 -2.373715713620186 30.229939978420738
      vertex -26.19452936015554 -2.7000000029802322 30.01192379355431
      vertex -7.950000000000003 -2.7000000029802322 30.01192379355431
    endloop
  endfacet
  facet normal 0 -0.44228869181151975 0.8968727407473452
    outer loop
      vertex -26.19452936015554 -2.7000000029802322 30.01192379355431
      vertex -26.18429385015355 -3.0519497022032738 29.83836140841246
      vertex -7.950000000000003 -3.0519497022032738 29.83836140841246
    endloop
  endfacet
  facet normal 0 -0.32143946370773846 0.9469301300366788
    outer loop
      vertex -26.18429385015355 -3.0519497022032738 29.83836140841246
      vertex -26.176855050695288 -3.4235428646206856 29.712222527563576
      vertex -7.950000000000003 -3.4235428646206856 29.712222527563576
    endloop
  endfacet
  facet normal 0 -0.19509032585814406 0.980785279639006
    outer loop
      vertex -26.176855050695288 -3.4235428646206856 29.712222527563576
      vertex -26.172340241587644 -3.8084214255213737 29.63566542029381
      vertex -7.950000000000003 -3.8084214255213737 29.63566542029381
    endloop
  endfacet
  facet normal 0 0 1
    outer loop
      vertex -26.17082667264583 -4.200000002980232 29.610000002980236
      vertex -7.950000000000003 -8.799999997019768 29.610000002980236
      vertex -7.950000000000003 -4.200000002980232 29.610000002980236
    endloop
  endfacet
  facet normal 0 -0.4422886918115197 0.8968727407473451
    outer loop
      vertex -26.19452936015554 -2.7000000029802322 30.01192379355431
      vertex -7.950000000000003 -3.0519497022032738 29.83836140841246
      vertex -7.950000000000003 -2.7000000029802322 30.01192379355431
    endloop
  endfacet
  facet normal 0 -0.3214394637077385 0.9469301300366788
    outer loop
      vertex -26.18429385015355 -3.0519497022032738 29.83836140841246
      vertex -7.950000000000003 -3.4235428646206856 29.712222527563576
      vertex -7.950000000000003 -3.0519497022032738 29.83836140841246
    endloop
  endfacet
  facet normal 0 -0.19509032585814412 0.980785279639006
    outer loop
      vertex -26.176855050695288 -3.4235428646206856 29.712222527563576
      vertex -7.950000000000003 -3.8084214255213737 29.63566542029381
      vertex -7.950000000000003 -3.4235428646206856 29.712222527563576
    endloop
  endfacet
  facet normal 0 -0.06540313273849395 0.9978589230086541
    outer loop
      vertex -26.172340241587644 -3.8084214255213737 29.63566542029381
      vertex -7.950000000000003 -4.200000002980232 29.610000002980236
      vertex -7.950000000000003 -3.8084214255213737 29.63566542029381
    endloop
  endfacet
  facet normal -1 0 0
    outer loop
      vertex -7.950000000000003 -2.373715713620186 30.229939978420738
      vertex -7.950000000000003 -2.7000000029802322 30.01192379355431
      vertex -7.950000000000003 -3.2000000029802322 33.610000002980236
    endloop
  endfacet
  facet normal -1 0 0
    outer loop
      vertex -7.950000000000003 -2.7000000029802322 30.01192379355431
      vertex -7.950000000000003 -3.0519497022032738 29.83836140841246
      vertex -7.950000000000003 -3.21283271163702 33.4142107179761
    endloop
  endfacet
  facet normal -1 0 0
    outer loop
      vertex -7.950000000000003 -3.0519497022032738 29.83836140841246
      vertex -7.950000000000003 -3.314180701971054 33.03597485631705
      vertex -7.950000000000003 -3.251111261546612 33.22177143752575
    endloop
  endfacet
  facet normal -1 0 0
    outer loop
      vertex -7.950000000000003 -3.0519497022032738 29.83836140841246
      vertex -7.950000000000003 -3.400961898267269 32.860000002980236
      vertex -7.950000000000003 -3.314180701971054 33.03597485631705
    endloop
  endfacet
  facet normal -1 0 0
    outer loop
      vertex -7.950000000000003 -3.0519497022032738 29.83836140841246
      vertex -7.950000000000003 -3.5099699944257736 32.69685785830021
      vertex -7.950000000000003 -3.400961898267269 32.860000002980236
    endloop
  endfacet
  facet normal -1 0 0
    outer loop
      vertex -7.950000000000003 -3.0519497022032738 29.83836140841246
      vertex -7.950000000000003 -3.4235428646206856 29.712222527563576
      vertex -7.950000000000003 -3.6393398344516754 32.54933983445168
    endloop
  endfacet
  facet normal -1 0 0
    outer loop
      vertex -7.950000000000003 -3.4235428646206856 29.712222527563576
      vertex -7.950000000000003 -3.8084214255213737 29.63566542029381
      vertex -7.950000000000003 -4.311771437525749 32.161111261546615
    endloop
  endfacet
  facet normal -1 0 0
    outer loop
      vertex -7.950000000000003 -3.0519497022032738 29.83836140841246
      vertex -7.950000000000003 -3.6393398344516754 32.54933983445168
      vertex -7.950000000000003 -3.5099699944257736 32.69685785830021
    endloop
  endfacet
  facet normal -1 0 0
    outer loop
      vertex -7.950000000000003 -3.4235428646206856 29.712222527563576
      vertex -7.950000000000003 -3.786857858300209 32.41996999442578
      vertex -7.950000000000003 -3.6393398344516754 32.54933983445168
    endloop
  endfacet
  facet normal -1 0 0
    outer loop
      vertex -7.950000000000003 -3.4235428646206856 29.712222527563576
      vertex -7.950000000000003 -3.9500000029802322 32.31096189826727
      vertex -7.950000000000003 -3.786857858300209 32.41996999442578
    endloop
  endfacet
  facet normal -1 0 0
    outer loop
      vertex -7.950000000000003 -3.4235428646206856 29.712222527563576
      vertex -7.950000000000003 -4.125974856317043 32.22418070197106
      vertex -7.950000000000003 -3.9500000029802322 32.31096189826727
    endloop
  endfacet
  facet normal -1 0 0
    outer loop
      vertex -7.950000000000003 -3.4235428646206856 29.712222527563576
      vertex -7.950000000000003 -4.311771437525749 32.161111261546615
      vertex -7.950000000000003 -4.125974856317043 32.22418070197106
    endloop
  endfacet
  facet normal -1 0 0
    outer loop
      vertex -7.950000000000003 -2.7000000029802322 30.01192379355431
      vertex -7.950000000000003 -3.21283271163702 33.4142107179761
      vertex -7.950000000000003 -3.2000000029802322 33.610000002980236
    endloop
  endfacet
  facet normal -1 0 0
    outer loop
      vertex -7.950000000000003 -3.0519497022032738 29.83836140841246
      vertex -7.950000000000003 -3.251111261546612 33.22177143752575
      vertex -7.950000000000003 -3.21283271163702 33.4142107179761
    endloop
  endfacet
  facet normal -1 0 0
    outer loop
      vertex -7.950000000000003 -4.200000002980232 29.610000002980236
      vertex -7.950000000000003 -4.700000002980232 32.110000002980236
      vertex -7.950000000000003 -3.8084214255213737 29.63566542029381
    endloop
  endfacet
  facet normal -1 0 0
    outer loop
      vertex -7.950000000000003 -3.8084214255213737 29.63566542029381
      vertex -7.950000000000003 -4.504210717976093 32.122832711637024
      vertex -7.950000000000003 -4.311771437525749 32.161111261546615
    endloop
  endfacet
  facet normal -1 0 0
    outer loop
      vertex -7.950000000000003 -3.8084214255213737 29.63566542029381
      vertex -7.950000000000003 -4.700000002980232 32.110000002980236
      vertex -7.950000000000003 -4.504210717976093 32.122832711637024
    endloop
  endfacet
  facet normal -1 0 0
    outer loop
      vertex -7.950000000000003 -2.373715713620186 30.229939978420738
      vertex -7.950000000000003 -3.2000000029802322 33.610000002980236
      vertex -7.950000000000003 -3.2000000029802322 43.610000002980236
    endloop
  endfacet
  facet normal -1 0 0
    outer loop
      vertex -7.950000000000003 -4.200000002980232 29.610000002980236
      vertex -7.950000000000003 -8.299999997019768 32.110000002980236
      vertex -7.950000000000003 -4.700000002980232 32.110000002980236
    endloop
  endfacet
  facet normal -1 0 0
    outer loop
      vertex -7.950000000000003 -4.200000002980232 29.610000002980236
      vertex -7.950000000000003 -8.799999997019768 29.610000002980236
      vertex -7.950000000000003 -8.299999997019768 32.110000002980236
    endloop
  endfacet
  facet normal -1 0 0
    outer loop
      vertex -7.950000000000003 -8.799999997019768 29.610000002980236
      vertex -7.950000000000003 -8.495789282023907 32.122832711637024
      vertex -7.950000000000003 -8.299999997019768 32.110000002980236
    endloop
  endfacet
  facet normal -1 0 0
    outer loop
      vertex -7.950000000000003 -8.799999997019768 29.610000002980236
      vertex -7.950000000000003 -8.68822856247425 32.161111261546615
      vertex -7.950000000000003 -8.495789282023907 32.122832711637024
    endloop
  endfacet
  facet normal -1 0 0
    outer loop
      vertex -7.950000000000003 -8.799999997019768 29.610000002980236
      vertex -7.950000000000003 -8.874025143682957 32.22418070197106
      vertex -7.950000000000003 -8.68822856247425 32.161111261546615
    endloop
  endfacet
  facet normal 0 0.06540313273849395 0.9978589230086541
    outer loop
      vertex -26.17082667264583 -8.799999997019768 29.610000002980236
      vertex -26.172340241587644 -9.191578574478626 29.63566542029381
      vertex -7.950000000000003 -9.191578574478626 29.63566542029381
    endloop
  endfacet
  facet normal 0 0.19509032585814412 0.980785279639006
    outer loop
      vertex -26.172340241587644 -9.191578574478626 29.63566542029381
      vertex -26.176855050695288 -9.576457135379314 29.712222527563576
      vertex -7.950000000000003 -9.576457135379314 29.712222527563576
    endloop
  endfacet
  facet normal 0 0.3214394637077385 0.9469301300366788
    outer loop
      vertex -26.176855050695288 -9.576457135379314 29.712222527563576
      vertex -26.18429385015355 -9.948050297796726 29.83836140841246
      vertex -7.950000000000003 -9.948050297796726 29.83836140841246
    endloop
  endfacet
  facet normal 0 0.4422886918115197 0.8968727407473451
    outer loop
      vertex -26.18429385015355 -9.948050297796726 29.83836140841246
      vertex -26.19452936015554 -10.299999997019768 30.01192379355431
      vertex -7.950000000000003 -10.299999997019768 30.01192379355431
    endloop
  endfacet
  facet normal 0 0.5555702203832521 0.8314696207458843
    outer loop
      vertex -26.19452936015554 -10.299999997019768 30.01192379355431
      vertex -26.207386448049157 -10.626284286379814 30.229939978420738
      vertex -7.950000000000003 -10.626284286379814 30.229939978420738
    endloop
  endfacet
  facet normal 6.605669989111559e-17 0.659345820794325 0.7518398024852486
    outer loop
      vertex -26.207386448049157 -10.626284286379814 30.229939978420738
      vertex -26.219161450862885 -10.853961306186019 30.42960736900568
      vertex -7.950000000000003 -10.921320341527462 30.48867965847254
    endloop
  endfacet
  facet normal -2.018861489316161e-19 0.659345820794315 0.7518398024852575
    outer loop
      vertex -26.219161450862885 -10.853961306186019 30.42960736900568
      vertex -26.22032148158731 -10.921320341527462 30.48867965847254
      vertex -7.950000000000003 -10.921320341527462 30.48867965847254
    endloop
  endfacet
  facet normal 0 0.7518398024852507 0.6593458207943228
    outer loop
      vertex -26.22032148158731 -10.921320341527462 30.48867965847254
      vertex -26.22611524532787 -11.180060021579266 30.78371571362019
      vertex -7.950000000000003 -11.180060021579266 30.78371571362019
    endloop
  endfacet
  facet normal 0 0.8314696207458842 0.5555702203832521
    outer loop
      vertex -26.22611524532787 -11.180060021579266 30.78371571362019
      vertex -26.232522645548364 -11.398076206445694 31.110000002980236
      vertex -7.950000000000003 -11.398076206445694 31.110000002980236
    endloop
  endfacet
  facet normal 0 0.8968727407473451 0.44228869181151964
    outer loop
      vertex -26.232522645548364 -11.398076206445694 31.110000002980236
      vertex -26.23943404966417 -11.571638591587543 31.461949702203277
      vertex -7.950000000000003 -11.571638591587543 31.461949702203277
    endloop
  endfacet
  facet normal 0 0.9469301300366788 0.3214394637077385
    outer loop
      vertex -26.23943404966417 -11.571638591587543 31.461949702203277
      vertex -26.246731201836212 -11.697777472436428 31.83354286462069
      vertex -7.950000000000003 -11.697777472436428 31.83354286462069
    endloop
  endfacet
  facet normal 0 0.9807852796390055 0.19509032585814695
    outer loop
      vertex -26.246731201836212 -11.697777472436428 31.83354286462069
      vertex -26.25 -11.730887855979823 32
      vertex -7.950000000000003 -11.697777472436428 31.83354286462069
    endloop
  endfacet
  facet normal 6.967053105221168e-20 0.9807852796390065 0.19509032585814193
    outer loop
      vertex -26.25 -11.730887855979823 32
      vertex -26.245710754284886 -11.774334579706192 32.21842142552138
      vertex -7.950000000000003 -11.774334579706192 32.21842142552138
    endloop
  endfacet
  facet normal 0 0.997858923008654 0.06540313273849395
    outer loop
      vertex -26.245710754284886 -11.774334579706192 32.21842142552138
      vertex -26.238021138985072 -11.799999997019768 32.610000002980236
      vertex -7.950000000000003 -11.799999997019768 32.610000002980236
    endloop
  endfacet
  facet normal 0 1 0
    outer loop
      vertex -26.238021138985072 -11.799999997019768 32.610000002980236
      vertex -26.219161450862885 -11.799999997019768 33.57039263099432
      vertex -7.950000000000003 -11.799999997019768 32.610000002980236
    endloop
  endfacet
  facet normal 0 1 0
    outer loop
      vertex -26.219161450862885 -11.799999997019768 33.57039263099432
      vertex -26.126693345606327 -11.799999997019768 35.13836383074522
      vertex -7.950000000000003 -11.799999997019768 32.610000002980236
    endloop
  endfacet
  facet normal 0 1 0
    outer loop
      vertex -26.126693345606327 -11.799999997019768 35.13836383074522
      vertex -25.972738280892372 -11.799999997019768 36.70149590075016
      vertex -7.950000000000003 -11.799999997019768 32.610000002980236
    endloop
  endfacet
  facet normal 0 1 0
    outer loop
      vertex -25.972738280892372 -11.799999997019768 36.70149590075016
      vertex -25.757533624768257 -11.799999997019768 38.25737860053778
      vertex -7.950000000000003 -11.799999997019768 32.610000002980236
    endloop
  endfacet
  facet normal 0 1 0
    outer loop
      vertex -25.757533624768257 -11.799999997019768 38.25737860053778
      vertex -25.48141121864319 -11.799999997019768 39.803612880408764
      vertex -7.950000000000003 -11.799999997019768 32.610000002980236
    endloop
  endfacet
  facet normal 0 1 0
    outer loop
      vertex -7.950000000000003 -11.799999997019768 32.610000002980236
      vertex -25.48141121864319 -11.799999997019768 39.803612880408764
      vertex -25.144796818494797 -11.799999997019768 41.337814554572105
    endloop
  endfacet
  facet normal 0 0.06540313273849395 0.9978589230086541
    outer loop
      vertex -26.17082667264583 -8.799999997019768 29.610000002980236
      vertex -7.950000000000003 -9.191578574478626 29.63566542029381
      vertex -7.950000000000003 -8.799999997019768 29.610000002980236
    endloop
  endfacet
  facet normal 0 0.19509032585814406 0.980785279639006
    outer loop
      vertex -26.172340241587644 -9.191578574478626 29.63566542029381
      vertex -7.950000000000003 -9.576457135379314 29.712222527563576
      vertex -7.950000000000003 -9.191578574478626 29.63566542029381
    endloop
  endfacet
  facet normal 0 0.32143946370773846 0.9469301300366788
    outer loop
      vertex -26.176855050695288 -9.576457135379314 29.712222527563576
      vertex -7.950000000000003 -9.948050297796726 29.83836140841246
      vertex -7.950000000000003 -9.576457135379314 29.712222527563576
    endloop
  endfacet
  facet normal 0 0.44228869181151975 0.8968727407473452
    outer loop
      vertex -26.18429385015355 -9.948050297796726 29.83836140841246
      vertex -7.950000000000003 -10.299999997019768 30.01192379355431
      vertex -7.950000000000003 -9.948050297796726 29.83836140841246
    endloop
  endfacet
  facet normal 0 0.5555702203832521 0.8314696207458843
    outer loop
      vertex -26.19452936015554 -10.299999997019768 30.01192379355431
      vertex -7.950000000000003 -10.626284286379814 30.229939978420738
      vertex -7.950000000000003 -10.299999997019768 30.01192379355431
    endloop
  endfacet
  facet normal 0 0.6593458207943228 0.7518398024852507
    outer loop
      vertex -26.207386448049157 -10.626284286379814 30.229939978420738
      vertex -7.950000000000003 -10.921320341527462 30.48867965847254
      vertex -7.950000000000003 -10.626284286379814 30.229939978420738
    endloop
  endfacet
  facet normal 0 0.7518398024852506 0.6593458207943228
    outer loop
      vertex -26.22032148158731 -10.921320341527462 30.48867965847254
      vertex -7.950000000000003 -11.180060021579266 30.78371571362019
      vertex -7.950000000000003 -10.921320341527462 30.48867965847254
    endloop
  endfacet
  facet normal 0 0.8314696207458843 0.5555702203832521
    outer loop
      vertex -26.22611524532787 -11.180060021579266 30.78371571362019
      vertex -7.950000000000003 -11.398076206445694 31.110000002980236
      vertex -7.950000000000003 -11.180060021579266 30.78371571362019
    endloop
  endfacet
  facet normal 0 0.8968727407473451 0.44228869181151964
    outer loop
      vertex -26.232522645548364 -11.398076206445694 31.110000002980236
      vertex -7.950000000000003 -11.571638591587543 31.461949702203277
      vertex -7.950000000000003 -11.398076206445694 31.110000002980236
    endloop
  endfacet
  facet normal 0 0.9469301300366788 0.3214394637077385
    outer loop
      vertex -26.23943404966417 -11.571638591587543 31.461949702203277
      vertex -7.950000000000003 -11.697777472436428 31.83354286462069
      vertex -7.950000000000003 -11.571638591587543 31.461949702203277
    endloop
  endfacet
  facet normal -2.6731098914883717e-17 0.980785279639006 0.19509032585814406
    outer loop
      vertex -26.25 -11.730887855979823 32
      vertex -7.950000000000003 -11.774334579706192 32.21842142552138
      vertex -7.950000000000003 -11.697777472436428 31.83354286462069
    endloop
  endfacet
  facet normal 0 0.9978589230086541 0.06540313273849395
    outer loop
      vertex -26.245710754284886 -11.774334579706192 32.21842142552138
      vertex -7.950000000000003 -11.799999997019768 32.610000002980236
      vertex -7.950000000000003 -11.774334579706192 32.21842142552138
    endloop
  endfacet
  facet normal -1 0 0
    outer loop
      vertex -7.950000000000003 -8.799999997019768 29.610000002980236
      vertex -7.950000000000003 -9.191578574478626 29.63566542029381
      vertex -7.950000000000003 -9.049999997019768 32.31096189826727
    endloop
  endfacet
  facet normal -1 0 0
    outer loop
      vertex -7.950000000000003 -9.191578574478626 29.63566542029381
      vertex -7.950000000000003 -9.576457135379314 29.712222527563576
      vertex -7.950000000000003 -9.490030005574226 32.69685785830021
    endloop
  endfacet
  facet normal -1 0 0
    outer loop
      vertex -7.950000000000003 -8.799999997019768 29.610000002980236
      vertex -7.950000000000003 -9.049999997019768 32.31096189826727
      vertex -7.950000000000003 -8.874025143682957 32.22418070197106
    endloop
  endfacet
  facet normal -1 0 0
    outer loop
      vertex -7.950000000000003 -9.191578574478626 29.63566542029381
      vertex -7.950000000000003 -9.213142141699791 32.41996999442578
      vertex -7.950000000000003 -9.049999997019768 32.31096189826727
    endloop
  endfacet
  facet normal -1 0 0
    outer loop
      vertex -7.950000000000003 -9.191578574478626 29.63566542029381
      vertex -7.950000000000003 -9.360660165548325 32.54933983445168
      vertex -7.950000000000003 -9.213142141699791 32.41996999442578
    endloop
  endfacet
  facet normal -1 0 0
    outer loop
      vertex -7.950000000000003 -9.191578574478626 29.63566542029381
      vertex -7.950000000000003 -9.490030005574226 32.69685785830021
      vertex -7.950000000000003 -9.360660165548325 32.54933983445168
    endloop
  endfacet
  facet normal -1 0 0
    outer loop
      vertex -7.950000000000003 -9.576457135379314 29.712222527563576
      vertex -7.950000000000003 -9.59903810173273 32.860000002980236
      vertex -7.950000000000003 -9.490030005574226 32.69685785830021
    endloop
  endfacet
  facet normal -1 0 0
    outer loop
      vertex -7.950000000000003 -9.576457135379314 29.712222527563576
      vertex -7.950000000000003 -9.685819298028946 33.03597485631705
      vertex -7.950000000000003 -9.59903810173273 32.860000002980236
    endloop
  endfacet
  facet normal -1 0 0
    outer loop
      vertex -7.950000000000003 -9.576457135379314 29.712222527563576
      vertex -7.950000000000003 -9.748888738453388 33.22177143752575
      vertex -7.950000000000003 -9.685819298028946 33.03597485631705
    endloop
  endfacet
  facet normal -1 0 0
    outer loop
      vertex -7.950000000000003 -9.576457135379314 29.712222527563576
      vertex -7.950000000000003 -9.78716728836298 33.4142107179761
      vertex -7.950000000000003 -9.748888738453388 33.22177143752575
    endloop
  endfacet
  facet normal -1 0 0
    outer loop
      vertex -7.950000000000003 -9.576457135379314 29.712222527563576
      vertex -7.950000000000003 -9.799999997019768 33.610000002980236
      vertex -7.950000000000003 -9.78716728836298 33.4142107179761
    endloop
  endfacet
  facet normal -1 0 0
    outer loop
      vertex -7.950000000000003 -11.697777472436428 31.83354286462069
      vertex -7.950000000000003 -11.774334579706192 32.21842142552138
      vertex -7.950000000000003 -11.799999997019768 32.610000002980236
    endloop
  endfacet
  facet normal -1 0 0
    outer loop
      vertex -7.950000000000003 -9.576457135379314 29.712222527563576
      vertex -7.950000000000003 -9.948050297796726 29.83836140841246
      vertex -7.950000000000003 -10.626284286379814 46.990060027539734
    endloop
  endfacet
  facet normal -1 0 0
    outer loop
      vertex -7.950000000000003 -9.576457135379314 29.712222527563576
      vertex -7.950000000000003 -10.626284286379814 46.990060027539734
      vertex -7.950000000000003 -9.799999997019768 33.610000002980236
    endloop
  endfacet
  facet normal -1 0 0
    outer loop
      vertex -7.950000000000003 -9.948050297796726 29.83836140841246
      vertex -7.950000000000003 -10.299999997019768 30.01192379355431
      vertex -7.950000000000003 -10.921320341527462 46.73132034748793
    endloop
  endfacet
  facet normal -1 0 0
    outer loop
      vertex -7.950000000000003 -10.299999997019768 30.01192379355431
      vertex -7.950000000000003 -10.626284286379814 30.229939978420738
      vertex -7.950000000000003 -11.180060021579266 46.43628429234028
    endloop
  endfacet
  facet normal -1 0 0
    outer loop
      vertex -7.950000000000003 -10.626284286379814 30.229939978420738
      vertex -7.950000000000003 -10.921320341527462 30.48867965847254
      vertex -7.950000000000003 -11.398076206445694 46.110000002980236
    endloop
  endfacet
  facet normal -1 0 0
    outer loop
      vertex -7.950000000000003 -10.921320341527462 30.48867965847254
      vertex -7.950000000000003 -11.180060021579266 30.78371571362019
      vertex -7.950000000000003 -11.571638591587543 45.758050303757194
    endloop
  endfacet
  facet normal -1 0 0
    outer loop
      vertex -7.950000000000003 -11.180060021579266 30.78371571362019
      vertex -7.950000000000003 -11.398076206445694 31.110000002980236
      vertex -7.950000000000003 -11.697777472436428 45.38645714133978
    endloop
  endfacet
  facet normal -1 0 0
    outer loop
      vertex -7.950000000000003 -11.398076206445694 31.110000002980236
      vertex -7.950000000000003 -11.571638591587543 31.461949702203277
      vertex -7.950000000000003 -11.774334579706192 45.001578580439094
    endloop
  endfacet
  facet normal -1 0 0
    outer loop
      vertex -7.950000000000003 -11.571638591587543 31.461949702203277
      vertex -7.950000000000003 -11.697777472436428 31.83354286462069
      vertex -7.950000000000003 -11.799999997019768 44.610000002980236
    endloop
  endfacet
  facet normal -1 0 0
    outer loop
      vertex -7.950000000000003 -11.697777472436428 31.83354286462069
      vertex -7.950000000000003 -11.799999997019768 32.610000002980236
      vertex -7.950000000000003 -11.799999997019768 44.610000002980236
    endloop
  endfacet
  facet normal 0 -1 0
    outer loop
      vertex -7.950000000000003 -1.2000000029802322 32.610000002980236
      vertex -24.29226065427065 -1.2000000029802322 44.360679775476456
      vertex -24.748209461569786 -1.2000000029802322 42.85761799663305
    endloop
  endfacet
  facet normal 0 -1 0
    outer loop
      vertex -7.950000000000003 -1.2000000029802322 32.610000002980236
      vertex -24.20580393423414 -1.2000000029802322 44.610000002980236
      vertex -24.29226065427065 -1.2000000029802322 44.360679775476456
    endloop
  endfacet
  facet normal 0 -0.9978589230086541 -0.06540313273849395
    outer loop
      vertex -24.20580393423414 -1.2000000029802322 44.610000002980236
      vertex -7.950000000000003 -1.2000000029802322 44.610000002980236
      vertex -24.07001631771136 -1.225665420293808 45.001578580439094
    endloop
  endfacet
  facet normal 0 -0.980785279639006 -0.19509032585814406
    outer loop
      vertex -24.07001631771136 -1.225665420293808 45.001578580439094
      vertex -7.950000000000003 -1.225665420293808 45.001578580439094
      vertex -23.936552064445586 -1.302222527563572 45.38645714133978
    endloop
  endfacet
  facet normal 0 -0.9469301300366789 -0.3214394637077385
    outer loop
      vertex -23.936552064445586 -1.302222527563572 45.38645714133978
      vertex -7.950000000000003 -1.302222527563572 45.38645714133978
      vertex -23.80769478586751 -1.4283614084124565 45.758050303757194
    endloop
  endfacet
  facet normal 0 -0.8968727407473501 -0.4422886918115094
    outer loop
      vertex -23.80769478586751 -1.4283614084124565 45.758050303757194
      vertex -7.950000000000003 -1.4283614084124565 45.758050303757194
      vertex -23.77765343338251 -1.4710835732602814 45.84468228369951
    endloop
  endfacet
  facet normal -9.189273095816288e-17 -0.8968727407473435 -0.44228869181152297
    outer loop
      vertex -23.77765343338251 -1.4710835732602814 45.84468228369951
      vertex -7.950000000000003 -1.4283614084124565 45.758050303757194
      vertex -23.67381008016734 -1.601923793554306 46.110000002980236
    endloop
  endfacet
  facet normal 0 -0.8314696207458843 -0.5555702203832522
    outer loop
      vertex -23.67381008016734 -1.601923793554306 46.110000002980236
      vertex -7.950000000000003 -1.601923793554306 46.110000002980236
      vertex -23.546104871482324 -1.8199399784207344 46.43628429234028
    endloop
  endfacet
  facet normal 0 -0.7518398024852507 -0.6593458207943228
    outer loop
      vertex -23.546104871482324 -1.8199399784207344 46.43628429234028
      vertex -7.950000000000003 -1.8199399784207344 46.43628429234028
      vertex -23.430629985866066 -2.078679658472538 46.73132034748793
    endloop
  endfacet
  facet normal 0 -0.6593458207943229 -0.7518398024852507
    outer loop
      vertex -23.430629985866066 -2.078679658472538 46.73132034748793
      vertex -7.950000000000003 -2.078679658472538 46.73132034748793
      vertex -23.329361227566622 -2.373715713620186 46.990060027539734
    endloop
  endfacet
  facet normal 0 -0.5555702203832522 -0.8314696207458843
    outer loop
      vertex -23.329361227566622 -2.373715713620186 46.990060027539734
      vertex -7.950000000000003 -2.373715713620186 46.990060027539734
      vertex -23.24403133797958 -2.7000000029802322 47.20807621240616
    endloop
  endfacet
  facet normal 0 -1 0
    outer loop
      vertex -7.950000000000003 -1.2000000029802322 32.610000002980236
      vertex -7.950000000000003 -1.2000000029802322 44.610000002980236
      vertex -24.20580393423414 -1.2000000029802322 44.610000002980236
    endloop
  endfacet
  facet normal 0 -0.997858923008654 -0.06540313273849394
    outer loop
      vertex -24.07001631771136 -1.225665420293808 45.001578580439094
      vertex -7.950000000000003 -1.2000000029802322 44.610000002980236
      vertex -7.950000000000003 -1.225665420293808 45.001578580439094
    endloop
  endfacet
  facet normal 0 -0.980785279639006 -0.1950903258581441
    outer loop
      vertex -23.936552064445586 -1.302222527563572 45.38645714133978
      vertex -7.950000000000003 -1.225665420293808 45.001578580439094
      vertex -7.950000000000003 -1.302222527563572 45.38645714133978
    endloop
  endfacet
  facet normal 0 -0.9469301300366788 -0.32143946370773846
    outer loop
      vertex -23.80769478586751 -1.4283614084124565 45.758050303757194
      vertex -7.950000000000003 -1.302222527563572 45.38645714133978
      vertex -7.950000000000003 -1.4283614084124565 45.758050303757194
    endloop
  endfacet
  facet normal 0 -0.8968727407473451 -0.44228869181151975
    outer loop
      vertex -23.67381008016734 -1.601923793554306 46.110000002980236
      vertex -7.950000000000003 -1.4283614084124565 45.758050303757194
      vertex -7.950000000000003 -1.601923793554306 46.110000002980236
    endloop
  endfacet
  facet normal 0 -0.8314696207458843 -0.5555702203832521
    outer loop
      vertex -23.546104871482324 -1.8199399784207344 46.43628429234028
      vertex -7.950000000000003 -1.601923793554306 46.110000002980236
      vertex -7.950000000000003 -1.8199399784207344 46.43628429234028
    endloop
  endfacet
  facet normal 0 -0.7518398024852507 -0.6593458207943229
    outer loop
      vertex -23.430629985866066 -2.078679658472538 46.73132034748793
      vertex -7.950000000000003 -1.8199399784207344 46.43628429234028
      vertex -7.950000000000003 -2.078679658472538 46.73132034748793
    endloop
  endfacet
  facet normal 0 -0.6593458207943228 -0.7518398024852506
    outer loop
      vertex -23.329361227566622 -2.373715713620186 46.990060027539734
      vertex -7.950000000000003 -2.078679658472538 46.73132034748793
      vertex -7.950000000000003 -2.373715713620186 46.990060027539734
    endloop
  endfacet
  facet normal -1 0 0
    outer loop
      vertex -7.950000000000003 -1.2000000029802322 32.610000002980236
      vertex -7.950000000000003 -1.302222527563572 45.38645714133978
      vertex -7.950000000000003 -1.2000000029802322 44.610000002980236
    endloop
  endfacet
  facet normal -1 0 0
    outer loop
      vertex -7.950000000000003 -1.2000000029802322 32.610000002980236
      vertex -7.950000000000003 -1.4283614084124565 45.758050303757194
      vertex -7.950000000000003 -1.302222527563572 45.38645714133978
    endloop
  endfacet
  facet normal -1 0 0
    outer loop
      vertex -7.950000000000003 -1.225665420293808 32.21842142552138
      vertex -7.950000000000003 -1.601923793554306 46.110000002980236
      vertex -7.950000000000003 -1.4283614084124565 45.758050303757194
    endloop
  endfacet
  facet normal -1 0 0
    outer loop
      vertex -7.950000000000003 -1.302222527563572 31.83354286462069
      vertex -7.950000000000003 -1.8199399784207344 46.43628429234028
      vertex -7.950000000000003 -1.601923793554306 46.110000002980236
    endloop
  endfacet
  facet normal -1 0 0
    outer loop
      vertex -7.950000000000003 -1.4283614084124565 31.461949702203277
      vertex -7.950000000000003 -2.078679658472538 46.73132034748793
      vertex -7.950000000000003 -1.8199399784207344 46.43628429234028
    endloop
  endfacet
  facet normal -1 0 0
    outer loop
      vertex -7.950000000000003 -1.601923793554306 31.110000002980236
      vertex -7.950000000000003 -2.373715713620186 46.990060027539734
      vertex -7.950000000000003 -2.078679658472538 46.73132034748793
    endloop
  endfacet
  facet normal -1 0 0
    outer loop
      vertex -7.950000000000003 -1.8199399784207344 30.78371571362019
      vertex -7.950000000000003 -2.7000000029802322 47.20807621240616
      vertex -7.950000000000003 -2.373715713620186 46.990060027539734
    endloop
  endfacet
  facet normal -1 0 0
    outer loop
      vertex -7.950000000000003 -1.2000000029802322 44.610000002980236
      vertex -7.950000000000003 -1.302222527563572 45.38645714133978
      vertex -7.950000000000003 -1.225665420293808 45.001578580439094
    endloop
  endfacet
  facet normal 0 -0.4422886918115202 -0.896872740747345
    outer loop
      vertex -23.24403133797958 -2.7000000029802322 47.20807621240616
      vertex -7.950000000000003 -2.7000000029802322 47.20807621240616
      vertex -23.205181300640106 -2.9012815589850365 47.307337291538715
    endloop
  endfacet
  facet normal -1.6837638958825437e-17 -0.4422886918115191 -0.8968727407473455
    outer loop
      vertex -23.205181300640106 -2.9012815589850365 47.307337291538715
      vertex -7.950000000000003 -2.7000000029802322 47.20807621240616
      vertex -23.172681242914955 -3.0519497022032738 47.38163859754801
    endloop
  endfacet
  facet normal 0 -0.3214394637077385 -0.9469301300366789
    outer loop
      vertex -23.172681242914955 -3.0519497022032738 47.38163859754801
      vertex -7.950000000000003 -3.0519497022032738 47.38163859754801
      vertex -23.117506964976126 -3.4235428646206856 47.507777478396896
    endloop
  endfacet
  facet normal 0 -0.19509032585814406 -0.980785279639006
    outer loop
      vertex -23.117506964976126 -3.4235428646206856 47.507777478396896
      vertex -7.950000000000003 -3.4235428646206856 47.507777478396896
      vertex -23.084020199545293 -3.8084214255213737 47.58433458566666
    endloop
  endfacet
  facet normal 0 -0.06540313273849395 -0.9978589230086541
    outer loop
      vertex -23.084020199545293 -3.8084214255213737 47.58433458566666
      vertex -7.950000000000003 -3.8084214255213737 47.58433458566666
      vertex -23.07279391579562 -4.200000002980232 47.610000002980236
    endloop
  endfacet
  facet normal 0 0 -1
    outer loop
      vertex -23.07279391579562 -4.200000002980232 47.610000002980236
      vertex -7.950000000000003 -4.200000002980232 47.610000002980236
      vertex -23.07279391579562 -8.799999997019768 47.610000002980236
    endloop
  endfacet
  facet normal 0 -0.5555702203832522 -0.8314696207458844
    outer loop
      vertex -7.950000000000003 -2.373715713620186 46.990060027539734
      vertex -7.950000000000003 -2.7000000029802322 47.20807621240616
      vertex -23.24403133797958 -2.7000000029802322 47.20807621240616
    endloop
  endfacet
  facet normal 0 -0.44228869181151975 -0.8968727407473451
    outer loop
      vertex -23.172681242914955 -3.0519497022032738 47.38163859754801
      vertex -7.950000000000003 -2.7000000029802322 47.20807621240616
      vertex -7.950000000000003 -3.0519497022032738 47.38163859754801
    endloop
  endfacet
  facet normal 0 -0.3214394637077385 -0.9469301300366788
    outer loop
      vertex -23.117506964976126 -3.4235428646206856 47.507777478396896
      vertex -7.950000000000003 -3.0519497022032738 47.38163859754801
      vertex -7.950000000000003 -3.4235428646206856 47.507777478396896
    endloop
  endfacet
  facet normal 0 -0.19509032585814406 -0.980785279639006
    outer loop
      vertex -23.084020199545293 -3.8084214255213737 47.58433458566666
      vertex -7.950000000000003 -3.4235428646206856 47.507777478396896
      vertex -7.950000000000003 -3.8084214255213737 47.58433458566666
    endloop
  endfacet
  facet normal 0 -0.06540313273849395 -0.997858923008654
    outer loop
      vertex -23.07279391579562 -4.200000002980232 47.610000002980236
      vertex -7.950000000000003 -3.8084214255213737 47.58433458566666
      vertex -7.950000000000003 -4.200000002980232 47.610000002980236
    endloop
  endfacet
  facet normal -1 0 0
    outer loop
      vertex -7.950000000000003 -2.373715713620186 30.229939978420738
      vertex -7.950000000000003 -3.2000000029802322 43.610000002980236
      vertex -7.950000000000003 -3.4235428646206856 47.507777478396896
    endloop
  endfacet
  facet normal -1 0 0
    outer loop
      vertex -7.950000000000003 -2.078679658472538 30.48867965847254
      vertex -7.950000000000003 -3.0519497022032738 47.38163859754801
      vertex -7.950000000000003 -2.7000000029802322 47.20807621240616
    endloop
  endfacet
  facet normal -1 0 0
    outer loop
      vertex -7.950000000000003 -2.373715713620186 30.229939978420738
      vertex -7.950000000000003 -3.4235428646206856 47.507777478396896
      vertex -7.950000000000003 -3.0519497022032738 47.38163859754801
    endloop
  endfacet
  facet normal -1 0 0
    outer loop
      vertex -7.950000000000003 -3.2000000029802322 43.610000002980236
      vertex -7.950000000000003 -3.21283271163702 43.805789287984375
      vertex -7.950000000000003 -3.4235428646206856 47.507777478396896
    endloop
  endfacet
  facet normal -1 0 0
    outer loop
      vertex -7.950000000000003 -3.21283271163702 43.805789287984375
      vertex -7.950000000000003 -3.251111261546612 43.99822856843472
      vertex -7.950000000000003 -3.4235428646206856 47.507777478396896
    endloop
  endfacet
  facet normal -1 0 0
    outer loop
      vertex -7.950000000000003 -3.251111261546612 43.99822856843472
      vertex -7.950000000000003 -3.314180701971054 44.184025149643425
      vertex -7.950000000000003 -3.4235428646206856 47.507777478396896
    endloop
  endfacet
  facet normal -1 0 0
    outer loop
      vertex -7.950000000000003 -3.314180701971054 44.184025149643425
      vertex -7.950000000000003 -3.400961898267269 44.360000002980236
      vertex -7.950000000000003 -3.4235428646206856 47.507777478396896
    endloop
  endfacet
  facet normal -1 0 0
    outer loop
      vertex -7.950000000000003 -3.400961898267269 44.360000002980236
      vertex -7.950000000000003 -3.5099699944257736 44.52314214766026
      vertex -7.950000000000003 -3.4235428646206856 47.507777478396896
    endloop
  endfacet
  facet normal -1 0 0
    outer loop
      vertex -7.950000000000003 -3.5099699944257736 44.52314214766026
      vertex -7.950000000000003 -3.6393398344516754 44.67066017150879
      vertex -7.950000000000003 -3.8084214255213737 47.58433458566666
    endloop
  endfacet
  facet normal -1 0 0
    outer loop
      vertex -7.950000000000003 -3.5099699944257736 44.52314214766026
      vertex -7.950000000000003 -3.8084214255213737 47.58433458566666
      vertex -7.950000000000003 -3.4235428646206856 47.507777478396896
    endloop
  endfacet
  facet normal -1 0 0
    outer loop
      vertex -7.950000000000003 -3.6393398344516754 44.67066017150879
      vertex -7.950000000000003 -3.786857858300209 44.800030011534695
      vertex -7.950000000000003 -3.8084214255213737 47.58433458566666
    endloop
  endfacet
  facet normal -1 0 0
    outer loop
      vertex -7.950000000000003 -3.786857858300209 44.800030011534695
      vertex -7.950000000000003 -3.9500000029802322 44.9090381076932
      vertex -7.950000000000003 -3.8084214255213737 47.58433458566666
    endloop
  endfacet
  facet normal -1 0 0
    outer loop
      vertex -7.950000000000003 -3.9500000029802322 44.9090381076932
      vertex -7.950000000000003 -4.125974856317043 44.995819303989414
      vertex -7.950000000000003 -4.200000002980232 47.610000002980236
    endloop
  endfacet
  facet normal -1 0 0
    outer loop
      vertex -7.950000000000003 -3.9500000029802322 44.9090381076932
      vertex -7.950000000000003 -4.200000002980232 47.610000002980236
      vertex -7.950000000000003 -3.8084214255213737 47.58433458566666
    endloop
  endfacet
  facet normal -1 0 0
    outer loop
      vertex -7.950000000000003 -4.125974856317043 44.995819303989414
      vertex -7.950000000000003 -4.311771437525749 45.058888744413856
      vertex -7.950000000000003 -4.200000002980232 47.610000002980236
    endloop
  endfacet
  facet normal -1 0 0
    outer loop
      vertex -7.950000000000003 -4.311771437525749 45.058888744413856
      vertex -7.950000000000003 -4.504210717976093 45.09716729432345
      vertex -7.950000000000003 -4.200000002980232 47.610000002980236
    endloop
  endfacet
  facet normal -1 0 0
    outer loop
      vertex -7.950000000000003 -4.504210717976093 45.09716729432345
      vertex -7.950000000000003 -4.700000002980232 45.110000002980236
      vertex -7.950000000000003 -4.200000002980232 47.610000002980236
    endloop
  endfacet
  facet normal 0 0 -1
    outer loop
      vertex -23.07279391579562 -8.799999997019768 47.610000002980236
      vertex -7.950000000000003 -4.200000002980232 47.610000002980236
      vertex -7.950000000000003 -8.799999997019768 47.610000002980236
    endloop
  endfacet
  facet normal -1 0 0
    outer loop
      vertex -7.950000000000003 -4.700000002980232 45.110000002980236
      vertex -7.950000000000003 -8.799999997019768 47.610000002980236
      vertex -7.950000000000003 -4.200000002980232 47.610000002980236
    endloop
  endfacet
  facet normal -1 0 0
    outer loop
      vertex -7.950000000000003 -4.700000002980232 45.110000002980236
      vertex -7.950000000000003 -8.299999997019768 45.110000002980236
      vertex -7.950000000000003 -8.799999997019768 47.610000002980236
    endloop
  endfacet
  facet normal -1 0 0
    outer loop
      vertex -7.950000000000003 -8.299999997019768 45.110000002980236
      vertex -7.950000000000003 -8.495789282023907 45.09716729432345
      vertex -7.950000000000003 -9.191578574478626 47.58433458566666
    endloop
  endfacet
  facet normal -1 0 0
    outer loop
      vertex -7.950000000000003 -8.495789282023907 45.09716729432345
      vertex -7.950000000000003 -8.68822856247425 45.058888744413856
      vertex -7.950000000000003 -9.191578574478626 47.58433458566666
    endloop
  endfacet
  facet normal -1 0 0
    outer loop
      vertex -7.950000000000003 -8.299999997019768 45.110000002980236
      vertex -7.950000000000003 -9.191578574478626 47.58433458566666
      vertex -7.950000000000003 -8.799999997019768 47.610000002980236
    endloop
  endfacet
  facet normal 0 1 0
    outer loop
      vertex -25.144796818494797 -11.799999997019768 41.337814554572105
      vertex -24.748209461569786 -11.799999997019768 42.85761799663305
      vertex -7.950000000000003 -11.799999997019768 44.610000002980236
    endloop
  endfacet
  facet normal 0 1 0
    outer loop
      vertex -24.748209461569786 -11.799999997019768 42.85761799663305
      vertex -24.29226065427065 -11.799999997019768 44.360679775476456
      vertex -7.950000000000003 -11.799999997019768 44.610000002980236
    endloop
  endfacet
  facet normal 0 0.06540313273849395 -0.997858923008654
    outer loop
      vertex -23.07279391579562 -8.799999997019768 47.610000002980236
      vertex -7.950000000000003 -8.799999997019768 47.610000002980236
      vertex -23.084020199545293 -9.191578574478626 47.58433458566666
    endloop
  endfacet
  facet normal 0 0.19509032585814404 -0.980785279639006
    outer loop
      vertex -23.117506964976126 -9.576457135379314 47.507777478396896
      vertex -23.084020199545293 -9.191578574478626 47.58433458566666
      vertex -7.950000000000003 -9.191578574478626 47.58433458566666
    endloop
  endfacet
  facet normal 0 0.3214394637077385 -0.9469301300366788
    outer loop
      vertex -23.117506964976126 -9.576457135379314 47.507777478396896
      vertex -7.950000000000003 -9.576457135379314 47.507777478396896
      vertex -23.172681242914955 -9.948050297796726 47.38163859754801
    endloop
  endfacet
  facet normal 1.8883273465995168e-19 0.44228869181151625 -0.8968727407473469
    outer loop
      vertex -23.205181300640106 -10.098718441014961 47.307337291538715
      vertex -7.950000000000003 -10.299999997019768 47.20807621240616
      vertex -23.24403133797958 -10.299999997019768 47.20807621240616
    endloop
  endfacet
  facet normal 0 0.44228869181152436 -0.8968727407473428
    outer loop
      vertex -23.172681242914955 -9.948050297796726 47.38163859754801
      vertex -7.950000000000003 -9.948050297796726 47.38163859754801
      vertex -23.205181300640106 -10.098718441014961 47.307337291538715
    endloop
  endfacet
  facet normal 0 1 0
    outer loop
      vertex -24.29226065427065 -11.799999997019768 44.360679775476456
      vertex -24.20580393423414 -11.799999997019768 44.610000002980236
      vertex -7.950000000000003 -11.799999997019768 44.610000002980236
    endloop
  endfacet
  facet normal 0 0.6593458207943228 -0.7518398024852506
    outer loop
      vertex -23.430629985866066 -10.921320341527462 46.73132034748793
      vertex -23.329361227566622 -10.626284286379814 46.990060027539734
      vertex -7.950000000000003 -10.626284286379814 46.990060027539734
    endloop
  endfacet
  facet normal 0 0.7518398024852507 -0.6593458207943229
    outer loop
      vertex -23.430629985866066 -10.921320341527462 46.73132034748793
      vertex -7.950000000000003 -10.921320341527462 46.73132034748793
      vertex -23.546104871482324 -11.180060021579266 46.43628429234028
    endloop
  endfacet
  facet normal 0 0.997858923008654 -0.06540313273849394
    outer loop
      vertex -24.20580393423414 -11.799999997019768 44.610000002980236
      vertex -24.07001631771136 -11.774334579706192 45.001578580439094
      vertex -7.950000000000003 -11.774334579706192 45.001578580439094
    endloop
  endfacet
  facet normal 0 0.980785279639006 -0.1950903258581441
    outer loop
      vertex -24.07001631771136 -11.774334579706192 45.001578580439094
      vertex -23.936552064445586 -11.697777472436428 45.38645714133978
      vertex -7.950000000000003 -11.697777472436428 45.38645714133978
    endloop
  endfacet
  facet normal 0 0.9469301300366788 -0.32143946370773846
    outer loop
      vertex -23.936552064445586 -11.697777472436428 45.38645714133978
      vertex -23.80769478586751 -11.571638591587543 45.758050303757194
      vertex -7.950000000000003 -11.571638591587543 45.758050303757194
    endloop
  endfacet
  facet normal -3.7571032447524734e-19 0.8968727407473444 -0.4422886918115212
    outer loop
      vertex -23.77765343338251 -11.528916426739718 45.84468228369951
      vertex -23.67381008016734 -11.398076206445694 46.110000002980236
      vertex -7.950000000000003 -11.398076206445694 46.110000002980236
    endloop
  endfacet
  facet normal 0 0.8314696207458843 -0.5555702203832521
    outer loop
      vertex -23.67381008016734 -11.398076206445694 46.110000002980236
      vertex -23.546104871482324 -11.180060021579266 46.43628429234028
      vertex -7.950000000000003 -11.180060021579266 46.43628429234028
    endloop
  endfacet
  facet normal 6.707324779407116e-20 0.8968727407473475 -0.4422886918115151
    outer loop
      vertex -23.77765343338251 -11.528916426739718 45.84468228369951
      vertex -7.950000000000003 -11.571638591587543 45.758050303757194
      vertex -23.80769478586751 -11.571638591587543 45.758050303757194
    endloop
  endfacet
  facet normal 0 0.5555702203832522 -0.8314696207458844
    outer loop
      vertex -23.24403133797958 -10.299999997019768 47.20807621240616
      vertex -7.950000000000003 -10.299999997019768 47.20807621240616
      vertex -23.329361227566622 -10.626284286379814 46.990060027539734
    endloop
  endfacet
  facet normal 0 1 0
    outer loop
      vertex -7.950000000000003 -11.799999997019768 32.610000002980236
      vertex -25.144796818494797 -11.799999997019768 41.337814554572105
      vertex -7.950000000000003 -11.799999997019768 44.610000002980236
    endloop
  endfacet
  facet normal 0 0.06540313273849395 -0.9978589230086541
    outer loop
      vertex -7.950000000000003 -8.799999997019768 47.610000002980236
      vertex -7.950000000000003 -9.191578574478626 47.58433458566666
      vertex -23.084020199545293 -9.191578574478626 47.58433458566666
    endloop
  endfacet
  facet normal 0 0.19509032585814406 -0.980785279639006
    outer loop
      vertex -23.117506964976126 -9.576457135379314 47.507777478396896
      vertex -7.950000000000003 -9.191578574478626 47.58433458566666
      vertex -7.950000000000003 -9.576457135379314 47.507777478396896
    endloop
  endfacet
  facet normal 0 0.3214394637077385 -0.9469301300366789
    outer loop
      vertex -23.172681242914955 -9.948050297796726 47.38163859754801
      vertex -7.950000000000003 -9.576457135379314 47.507777478396896
      vertex -7.950000000000003 -9.948050297796726 47.38163859754801
    endloop
  endfacet
  facet normal 5.709707159656859e-17 0.44228869181151964 -0.8968727407473451
    outer loop
      vertex -23.205181300640106 -10.098718441014961 47.307337291538715
      vertex -7.950000000000003 -9.948050297796726 47.38163859754801
      vertex -7.950000000000003 -10.299999997019768 47.20807621240616
    endloop
  endfacet
  facet normal 0 0.7518398024852507 -0.6593458207943228
    outer loop
      vertex -23.546104871482324 -11.180060021579266 46.43628429234028
      vertex -7.950000000000003 -10.921320341527462 46.73132034748793
      vertex -7.950000000000003 -11.180060021579266 46.43628429234028
    endloop
  endfacet
  facet normal 0 0.6593458207943229 -0.7518398024852507
    outer loop
      vertex -23.430629985866066 -10.921320341527462 46.73132034748793
      vertex -7.950000000000003 -10.626284286379814 46.990060027539734
      vertex -7.950000000000003 -10.921320341527462 46.73132034748793
    endloop
  endfacet
  facet normal 0 0.9978589230086541 -0.06540313273849395
    outer loop
      vertex -24.20580393423414 -11.799999997019768 44.610000002980236
      vertex -7.950000000000003 -11.774334579706192 45.001578580439094
      vertex -7.950000000000003 -11.799999997019768 44.610000002980236
    endloop
  endfacet
  facet normal 0 0.9469301300366789 -0.3214394637077385
    outer loop
      vertex -23.936552064445586 -11.697777472436428 45.38645714133978
      vertex -7.950000000000003 -11.571638591587543 45.758050303757194
      vertex -7.950000000000003 -11.697777472436428 45.38645714133978
    endloop
  endfacet
  facet normal 0 0.980785279639006 -0.19509032585814406
    outer loop
      vertex -24.07001631771136 -11.774334579706192 45.001578580439094
      vertex -7.950000000000003 -11.697777472436428 45.38645714133978
      vertex -7.950000000000003 -11.774334579706192 45.001578580439094
    endloop
  endfacet
  facet normal 0 0.8314696207458843 -0.5555702203832522
    outer loop
      vertex -23.67381008016734 -11.398076206445694 46.110000002980236
      vertex -7.950000000000003 -11.180060021579266 46.43628429234028
      vertex -7.950000000000003 -11.398076206445694 46.110000002980236
    endloop
  endfacet
  facet normal -3.180527286853828e-17 0.8968727407473451 -0.4422886918115197
    outer loop
      vertex -23.77765343338251 -11.528916426739718 45.84468228369951
      vertex -7.950000000000003 -11.398076206445694 46.110000002980236
      vertex -7.950000000000003 -11.571638591587543 45.758050303757194
    endloop
  endfacet
  facet normal 0 0.5555702203832522 -0.8314696207458843
    outer loop
      vertex -23.329361227566622 -10.626284286379814 46.990060027539734
      vertex -7.950000000000003 -10.299999997019768 47.20807621240616
      vertex -7.950000000000003 -10.626284286379814 46.990060027539734
    endloop
  endfacet
  facet normal -1 0 0
    outer loop
      vertex -7.950000000000003 -9.799999997019768 33.610000002980236
      vertex -7.950000000000003 -10.626284286379814 46.990060027539734
      vertex -7.950000000000003 -9.799999997019768 43.610000002980236
    endloop
  endfacet
  facet normal -1 0 0
    outer loop
      vertex -7.950000000000003 -9.948050297796726 29.83836140841246
      vertex -7.950000000000003 -10.921320341527462 46.73132034748793
      vertex -7.950000000000003 -10.626284286379814 46.990060027539734
    endloop
  endfacet
  facet normal -1 0 0
    outer loop
      vertex -7.950000000000003 -10.299999997019768 30.01192379355431
      vertex -7.950000000000003 -11.180060021579266 46.43628429234028
      vertex -7.950000000000003 -10.921320341527462 46.73132034748793
    endloop
  endfacet
  facet normal -1 0 0
    outer loop
      vertex -7.950000000000003 -10.626284286379814 30.229939978420738
      vertex -7.950000000000003 -11.398076206445694 46.110000002980236
      vertex -7.950000000000003 -11.180060021579266 46.43628429234028
    endloop
  endfacet
  facet normal -1 0 0
    outer loop
      vertex -7.950000000000003 -11.180060021579266 30.78371571362019
      vertex -7.950000000000003 -11.697777472436428 45.38645714133978
      vertex -7.950000000000003 -11.571638591587543 45.758050303757194
    endloop
  endfacet
  facet normal -1 0 0
    outer loop
      vertex -7.950000000000003 -11.571638591587543 31.461949702203277
      vertex -7.950000000000003 -11.799999997019768 44.610000002980236
      vertex -7.950000000000003 -11.774334579706192 45.001578580439094
    endloop
  endfacet
  facet normal -1 0 0
    outer loop
      vertex -7.950000000000003 -11.398076206445694 31.110000002980236
      vertex -7.950000000000003 -11.774334579706192 45.001578580439094
      vertex -7.950000000000003 -11.697777472436428 45.38645714133978
    endloop
  endfacet
  facet normal -1 0 0
    outer loop
      vertex -7.950000000000003 -10.921320341527462 30.48867965847254
      vertex -7.950000000000003 -11.571638591587543 45.758050303757194
      vertex -7.950000000000003 -11.398076206445694 46.110000002980236
    endloop
  endfacet
  facet normal -1 0 0
    outer loop
      vertex -7.950000000000003 -9.360660165548325 44.67066017150879
      vertex -7.950000000000003 -9.576457135379314 47.507777478396896
      vertex -7.950000000000003 -9.213142141699791 44.800030011534695
    endloop
  endfacet
  facet normal -1 0 0
    outer loop
      vertex -7.950000000000003 -8.68822856247425 45.058888744413856
      vertex -7.950000000000003 -8.874025143682957 44.995819303989414
      vertex -7.950000000000003 -9.576457135379314 47.507777478396896
    endloop
  endfacet
  facet normal -1 0 0
    outer loop
      vertex -7.950000000000003 -8.874025143682957 44.995819303989414
      vertex -7.950000000000003 -9.049999997019768 44.9090381076932
      vertex -7.950000000000003 -9.576457135379314 47.507777478396896
    endloop
  endfacet
  facet normal -1 0 0
    outer loop
      vertex -7.950000000000003 -8.68822856247425 45.058888744413856
      vertex -7.950000000000003 -9.576457135379314 47.507777478396896
      vertex -7.950000000000003 -9.191578574478626 47.58433458566666
    endloop
  endfacet
  facet normal -1 0 0
    outer loop
      vertex -7.950000000000003 -9.049999997019768 44.9090381076932
      vertex -7.950000000000003 -9.213142141699791 44.800030011534695
      vertex -7.950000000000003 -9.576457135379314 47.507777478396896
    endloop
  endfacet
  facet normal -1 0 0
    outer loop
      vertex -7.950000000000003 -9.799999997019768 43.610000002980236
      vertex -7.950000000000003 -10.299999997019768 47.20807621240616
      vertex -7.950000000000003 -9.78716728836298 43.805789287984375
    endloop
  endfacet
  facet normal -1 0 0
    outer loop
      vertex -7.950000000000003 -9.59903810173273 44.360000002980236
      vertex -7.950000000000003 -9.685819298028946 44.184025149643425
      vertex -7.950000000000003 -9.948050297796726 47.38163859754801
    endloop
  endfacet
  facet normal -1 0 0
    outer loop
      vertex -7.950000000000003 -9.360660165548325 44.67066017150879
      vertex -7.950000000000003 -9.490030005574226 44.52314214766026
      vertex -7.950000000000003 -9.948050297796726 47.38163859754801
    endloop
  endfacet
  facet normal -1 0 0
    outer loop
      vertex -7.950000000000003 -9.59903810173273 44.360000002980236
      vertex -7.950000000000003 -9.948050297796726 47.38163859754801
      vertex -7.950000000000003 -9.490030005574226 44.52314214766026
    endloop
  endfacet
  facet normal -1 0 0
    outer loop
      vertex -7.950000000000003 -9.748888738453388 43.99822856843472
      vertex -7.950000000000003 -9.948050297796726 47.38163859754801
      vertex -7.950000000000003 -9.685819298028946 44.184025149643425
    endloop
  endfacet
  facet normal -1 0 0
    outer loop
      vertex -7.950000000000003 -9.78716728836298 43.805789287984375
      vertex -7.950000000000003 -9.948050297796726 47.38163859754801
      vertex -7.950000000000003 -9.748888738453388 43.99822856843472
    endloop
  endfacet
  facet normal -1 0 0
    outer loop
      vertex -7.950000000000003 -9.360660165548325 44.67066017150879
      vertex -7.950000000000003 -9.948050297796726 47.38163859754801
      vertex -7.950000000000003 -9.576457135379314 47.507777478396896
    endloop
  endfacet
  facet normal -1 0 0
    outer loop
      vertex -7.950000000000003 -9.78716728836298 43.805789287984375
      vertex -7.950000000000003 -10.299999997019768 47.20807621240616
      vertex -7.950000000000003 -9.948050297796726 47.38163859754801
    endloop
  endfacet
  facet normal -1 0 0
    outer loop
      vertex -7.950000000000003 -9.799999997019768 43.610000002980236
      vertex -7.950000000000003 -10.626284286379814 46.990060027539734
      vertex -7.950000000000003 -10.299999997019768 47.20807621240616
    endloop
  endfacet
  facet normal -8.858794684257859e-18 -0.8968727407473451 0.44228869181151964
    outer loop
      vertex 35.45 -2.4283614084124565 38.41194969773293
      vertex 35.45 -2.601923793554306 38.05999999850989
      vertex 53.25753362476826 -2.504587438332095 38.25737860053778
    endloop
  endfacet
  facet normal 0 -0.9469301300366788 0.32143946370773846
    outer loop
      vertex 35.45 -2.302222527563572 38.78354286015034
      vertex 35.45 -2.4283614084124565 38.41194969773293
      vertex 53.229930729249425 -2.4283614084124565 38.41194969773293
    endloop
  endfacet
  facet normal 0 -0.9807852796390059 0.1950903258581441
    outer loop
      vertex 35.45 -2.302222527563572 38.78354286015034
      vertex 53.163572610404145 -2.302222527563572 38.78354286015034
      vertex 35.45 -2.225665420293808 39.16842142105103
    endloop
  endfacet
  facet normal 0 -0.997858923008654 0.06540313273849394
    outer loop
      vertex 35.45 -2.225665420293808 39.16842142105103
      vertex 53.094842020424785 -2.225665420293808 39.16842142105103
      vertex 35.45 -2.2000000029802322 39.55999999850989
    endloop
  endfacet
  facet normal 0 -0.9469301300366788 0.32143946370773846
    outer loop
      vertex 35.45 -2.302222527563572 38.78354286015034
      vertex 53.229930729249425 -2.4283614084124565 38.41194969773293
      vertex 53.163572610404145 -2.302222527563572 38.78354286015034
    endloop
  endfacet
  facet normal 0 -0.8968727407473448 0.4422886918115206
    outer loop
      vertex 35.45 -2.4283614084124565 38.41194969773293
      vertex 53.25753362476826 -2.504587438332095 38.25737860053778
      vertex 53.229930729249425 -2.4283614084124565 38.41194969773293
    endloop
  endfacet
  facet normal 0 -0.9807852796390061 0.1950903258581441
    outer loop
      vertex 35.45 -2.225665420293808 39.16842142105103
      vertex 53.163572610404145 -2.302222527563572 38.78354286015034
      vertex 53.094842020424785 -2.225665420293808 39.16842142105103
    endloop
  endfacet
  facet normal 0 -0.9978589230086541 0.06540313273849395
    outer loop
      vertex 53.094842020424785 -2.225665420293808 39.16842142105103
      vertex 53.0249149593044 -2.2000000029802322 39.55999999850989
      vertex 35.45 -2.2000000029802322 39.55999999850989
    endloop
  endfacet
  facet normal 1 0 0
    outer loop
      vertex 35.45 -3.7000000029802322 36.96192378908396
      vertex 35.45 -4.21711028367281 40.798947613537315
      vertex 35.45 -4.051949702203274 36.78836140394211
    endloop
  endfacet
  facet normal 1 0 0
    outer loop
      vertex 35.45 -4.051949702203274 36.78836140394211
      vertex 35.45 -4.467949196696281 40.05999999850989
      vertex 35.45 -4.423542864620686 36.66222252309323
    endloop
  endfacet
  facet normal 1 0 0
    outer loop
      vertex 35.45 -4.423542864620686 36.66222252309323
      vertex 35.45 -4.467949196696281 40.05999999850989
      vertex 35.45 -4.613293319940567 39.84247713893652
    endloop
  endfacet
  facet normal 1 0 0
    outer loop
      vertex 35.45 -4.051949702203274 36.78836140394211
      vertex 35.45 -4.352240934967995 40.29463313132525
      vertex 35.45 -4.467949196696281 40.05999999850989
    endloop
  endfacet
  facet normal 1 0 0
    outer loop
      vertex 35.45 -4.051949702203274 36.78836140394211
      vertex 35.45 -4.21711028367281 40.798947613537315
      vertex 35.45 -4.268148347735405 40.54236191123724
    endloop
  endfacet
  facet normal 1 0 0
    outer loop
      vertex 35.45 -4.051949702203274 36.78836140394211
      vertex 35.45 -4.268148347735405 40.54236191123724
      vertex 35.45 -4.352240934967995 40.29463313132525
    endloop
  endfacet
  facet normal 1 0 0
    outer loop
      vertex 35.45 -4.423542864620686 36.66222252309323
      vertex 35.45 -4.613293319940567 39.84247713893652
      vertex 35.45 -4.78578644245863 39.645786437988285
    endloop
  endfacet
  facet normal 1 0 0
    outer loop
      vertex 35.45 -4.423542864620686 36.66222252309323
      vertex 35.45 -4.982477143406868 39.47329331547022
      vertex 35.45 -5.200000002980232 39.32794919222594
    endloop
  endfacet
  facet normal 1 0 0
    outer loop
      vertex 35.45 -4.423542864620686 36.66222252309323
      vertex 35.45 -4.78578644245863 39.645786437988285
      vertex 35.45 -4.982477143406868 39.47329331547022
    endloop
  endfacet
  facet normal 1 0 0
    outer loop
      vertex 35.45 -4.423542864620686 36.66222252309323
      vertex 35.45 -5.682361915707588 39.12814834326506
      vertex 35.45 -4.808421425521374 36.58566541582346
    endloop
  endfacet
  facet normal 1 0 0
    outer loop
      vertex 35.45 -4.808421425521374 36.58566541582346
      vertex 35.45 -6.200000002980232 39.05999999850989
      vertex 35.45 -5.200000002980232 36.55999999850989
    endloop
  endfacet
  facet normal 1 0 0
    outer loop
      vertex 35.45 -4.808421425521374 36.58566541582346
      vertex 35.45 -5.682361915707588 39.12814834326506
      vertex 35.45 -5.93894761800766 39.077110279202465
    endloop
  endfacet
  facet normal 1 0 0
    outer loop
      vertex 35.45 -4.808421425521374 36.58566541582346
      vertex 35.45 -5.93894761800766 39.077110279202465
      vertex 35.45 -6.200000002980232 39.05999999850989
    endloop
  endfacet
  facet normal 1 0 0
    outer loop
      vertex 35.45 -4.423542864620686 36.66222252309323
      vertex 35.45 -5.200000002980232 39.32794919222594
      vertex 35.45 -5.434633135795593 39.21224093049765
    endloop
  endfacet
  facet normal 1 0 0
    outer loop
      vertex 35.45 -4.423542864620686 36.66222252309323
      vertex 35.45 -5.434633135795593 39.21224093049765
      vertex 35.45 -5.682361915707588 39.12814834326506
    endloop
  endfacet
  facet normal 0 -0.4422886918115197 0.8968727407473451
    outer loop
      vertex 35.45 -3.7000000029802322 36.96192378908396
      vertex 35.45 -4.051949702203274 36.78836140394211
      vertex 53.46072332581509 -4.051949702203274 36.78836140394211
    endloop
  endfacet
  facet normal 0 -0.8314696207458843 0.5555702203832521
    outer loop
      vertex 35.45 -2.601923793554306 38.05999999850989
      vertex 35.45 -2.8199399784207344 37.73371570914984
      vertex 53.32996497996071 -2.8199399784207344 37.73371570914984
    endloop
  endfacet
  facet normal 0 -0.7518398024852507 0.6593458207943228
    outer loop
      vertex 35.45 -2.8199399784207344 37.73371570914984
      vertex 35.45 -3.078679658472538 37.43867965400219
      vertex 53.3707734115995 -3.078679658472538 37.43867965400219
    endloop
  endfacet
  facet normal 0 -0.6593458207943228 0.7518398024852507
    outer loop
      vertex 35.45 -3.078679658472538 37.43867965400219
      vertex 35.45 -3.373715713620186 37.17993997395039
      vertex 53.406561446185144 -3.373715713620186 37.17993997395039
    endloop
  endfacet
  facet normal 0 -0.5555702203832521 0.8314696207458842
    outer loop
      vertex 35.45 -3.7000000029802322 36.96192378908396
      vertex 53.43671673880462 -3.7000000029802322 36.96192378908396
      vertex 35.45 -3.373715713620186 37.17993997395039
    endloop
  endfacet
  facet normal 2.0079417773308322e-17 -0.32143946370773846 0.9469301300366788
    outer loop
      vertex 35.45 -4.051949702203274 36.78836140394211
      vertex 35.45 -4.423542864620686 36.66222252309323
      vertex 53.47273828089237 -4.307847224195299 36.70149590075016
    endloop
  endfacet
  facet normal 0 -0.1950903258581441 0.9807852796390061
    outer loop
      vertex 35.45 -4.423542864620686 36.66222252309323
      vertex 35.45 -4.808421425521374 36.58566541582346
      vertex 53.48414658742317 -4.808421425521374 36.58566541582346
    endloop
  endfacet
  facet normal 0 -0.06540313273849394 0.997858923008654
    outer loop
      vertex 35.45 -4.808421425521374 36.58566541582346
      vertex 35.45 -5.200000002980232 36.55999999850989
      vertex 53.48667441028552 -5.200000002980232 36.55999999850989
    endloop
  endfacet
  facet normal 1 0 0
    outer loop
      vertex 35.45 -5.200000002980232 36.55999999850989
      vertex 35.45 -6.200000002980232 39.05999999850989
      vertex 35.45 -13.600000001490116 36.55999999850989
    endloop
  endfacet
  facet normal 0 -0.44228869181151964 0.896872740747345
    outer loop
      vertex 35.45 -3.7000000029802322 36.96192378908396
      vertex 53.46072332581509 -4.051949702203274 36.78836140394211
      vertex 53.43671673880462 -3.7000000029802322 36.96192378908396
    endloop
  endfacet
  facet normal 0 -0.7518398024852507 0.6593458207943229
    outer loop
      vertex 35.45 -2.8199399784207344 37.73371570914984
      vertex 53.3707734115995 -3.078679658472538 37.43867965400219
      vertex 53.32996497996071 -2.8199399784207344 37.73371570914984
    endloop
  endfacet
  facet normal 0 -0.8314696207458843 0.5555702203832522
    outer loop
      vertex 35.45 -2.601923793554306 38.05999999850989
      vertex 53.32996497996071 -2.8199399784207344 37.73371570914984
      vertex 53.28483439376676 -2.601923793554306 38.05999999850989
    endloop
  endfacet
  facet normal -2.5350093312087246e-19 -0.8968727407473455 0.44228869181151903
    outer loop
      vertex 53.25753362476826 -2.504587438332095 38.25737860053778
      vertex 35.45 -2.601923793554306 38.05999999850989
      vertex 53.28483439376676 -2.601923793554306 38.05999999850989
    endloop
  endfacet
  facet normal 0 -0.6593458207943228 0.7518398024852507
    outer loop
      vertex 35.45 -3.078679658472538 37.43867965400219
      vertex 53.406561446185144 -3.373715713620186 37.17993997395039
      vertex 53.3707734115995 -3.078679658472538 37.43867965400219
    endloop
  endfacet
  facet normal 0 -0.5555702203832522 0.8314696207458843
    outer loop
      vertex 35.45 -3.373715713620186 37.17993997395039
      vertex 53.43671673880462 -3.7000000029802322 36.96192378908396
      vertex 53.406561446185144 -3.373715713620186 37.17993997395039
    endloop
  endfacet
  facet normal 0 -0.3214394637077398 0.9469301300366784
    outer loop
      vertex 35.45 -4.051949702203274 36.78836140394211
      vertex 53.47273828089237 -4.307847224195299 36.70149590075016
      vertex 53.46072332581509 -4.051949702203274 36.78836140394211
    endloop
  endfacet
  facet normal 0 -0.32143946370773574 0.9469301300366799
    outer loop
      vertex 35.45 -4.423542864620686 36.66222252309323
      vertex 53.476606370809236 -4.423542864620686 36.66222252309323
      vertex 53.47273828089237 -4.307847224195299 36.70149590075016
    endloop
  endfacet
  facet normal 0 -0.19509032585814406 0.980785279639006
    outer loop
      vertex 35.45 -4.423542864620686 36.66222252309323
      vertex 53.48414658742317 -4.808421425521374 36.58566541582346
      vertex 53.476606370809236 -4.423542864620686 36.66222252309323
    endloop
  endfacet
  facet normal 0 -0.06540313273849395 0.997858923008654
    outer loop
      vertex 35.45 -4.808421425521374 36.58566541582346
      vertex 53.48667441028552 -5.200000002980232 36.55999999850989
      vertex 53.48414658742317 -4.808421425521374 36.58566541582346
    endloop
  endfacet
  facet normal 0 0 1
    outer loop
      vertex 35.45 -5.200000002980232 36.55999999850989
      vertex 53.48667441028552 -13.600000001490116 36.55999999850989
      vertex 53.48667441028552 -5.200000002980232 36.55999999850989
    endloop
  endfacet
  facet normal 1 0 0
    outer loop
      vertex 35.45 -6.200000002980232 39.05999999850989
      vertex 35.45 -12.600000001490116 39.05999999850989
      vertex 35.45 -13.600000001490116 36.55999999850989
    endloop
  endfacet
  facet normal 0 0 1
    outer loop
      vertex 35.45 -5.200000002980232 36.55999999850989
      vertex 35.45 -13.600000001490116 36.55999999850989
      vertex 53.48667441028552 -13.600000001490116 36.55999999850989
    endloop
  endfacet
  facet normal 1 0 0
    outer loop
      vertex 35.45 -12.600000001490116 39.05999999850989
      vertex 35.45 -12.861052386462688 39.077110279202465
      vertex 35.45 -13.600000001490116 36.55999999850989
    endloop
  endfacet
  facet normal 1 0 0
    outer loop
      vertex 35.45 -12.861052386462688 39.077110279202465
      vertex 35.45 -13.11763808876276 39.12814834326506
      vertex 35.45 -13.600000001490116 36.55999999850989
    endloop
  endfacet
  facet normal 1 0 0
    outer loop
      vertex 35.45 -13.11763808876276 39.12814834326506
      vertex 35.45 -13.365366868674755 39.21224093049765
      vertex 35.45 -13.600000001490116 36.55999999850989
    endloop
  endfacet
  facet normal 1 0 0
    outer loop
      vertex 35.45 -13.600000001490116 36.55999999850989
      vertex 35.45 -13.600000001490116 39.32794919222594
      vertex 35.45 -13.991578578948975 36.58566541582346
    endloop
  endfacet
  facet normal 1 0 0
    outer loop
      vertex 35.45 -13.991578578948975 36.58566541582346
      vertex 35.45 -14.186706684529781 39.84247713893652
      vertex 35.45 -14.376457139849663 36.66222252309323
    endloop
  endfacet
  facet normal 1 0 0
    outer loop
      vertex 35.45 -13.365366868674755 39.21224093049765
      vertex 35.45 -13.600000001490116 39.32794919222594
      vertex 35.45 -13.600000001490116 36.55999999850989
    endloop
  endfacet
  facet normal 1 0 0
    outer loop
      vertex 35.45 -13.991578578948975 36.58566541582346
      vertex 35.45 -13.600000001490116 39.32794919222594
      vertex 35.45 -13.81752286106348 39.47329331547022
    endloop
  endfacet
  facet normal 1 0 0
    outer loop
      vertex 35.45 -13.991578578948975 36.58566541582346
      vertex 35.45 -13.81752286106348 39.47329331547022
      vertex 35.45 -14.014213562011719 39.645786437988285
    endloop
  endfacet
  facet normal 1 0 0
    outer loop
      vertex 35.45 -13.991578578948975 36.58566541582346
      vertex 35.45 -14.014213562011719 39.645786437988285
      vertex 35.45 -14.186706684529781 39.84247713893652
    endloop
  endfacet
  facet normal 1 0 0
    outer loop
      vertex 35.45 -14.376457139849663 36.66222252309323
      vertex 35.45 -14.186706684529781 39.84247713893652
      vertex 35.45 -14.332050807774067 40.05999999850989
    endloop
  endfacet
  facet normal 1 0 0
    outer loop
      vertex 35.45 -14.376457139849663 36.66222252309323
      vertex 35.45 -14.332050807774067 40.05999999850989
      vertex 35.45 -14.447759069502354 40.29463313132525
    endloop
  endfacet
  facet normal 1 0 0
    outer loop
      vertex 35.45 -14.376457139849663 36.66222252309323
      vertex 35.45 -14.447759069502354 40.29463313132525
      vertex 35.45 -14.531851656734943 40.54236191123724
    endloop
  endfacet
  facet normal 1 0 0
    outer loop
      vertex 35.45 -14.376457139849663 36.66222252309323
      vertex 35.45 -14.531851656734943 40.54236191123724
      vertex 35.45 -14.582889720797539 40.798947613537315
    endloop
  endfacet
  facet normal 0 0.06540313273849395 0.997858923008654
    outer loop
      vertex 35.45 -13.600000001490116 36.55999999850989
      vertex 35.45 -13.991578578948975 36.58566541582346
      vertex 53.48414658742317 -13.991578578948975 36.58566541582346
    endloop
  endfacet
  facet normal 0 0.19509032585814406 0.980785279639006
    outer loop
      vertex 35.45 -13.991578578948975 36.58566541582346
      vertex 35.45 -14.376457139849663 36.66222252309323
      vertex 53.476606370809236 -14.376457139849663 36.66222252309323
    endloop
  endfacet
  facet normal 0 0.3214394637077384 0.9469301300366787
    outer loop
      vertex 35.45 -14.376457139849663 36.66222252309323
      vertex 35.45 -14.748050302267075 36.78836140394211
      vertex 53.46072332581509 -14.748050302267075 36.78836140394211
    endloop
  endfacet
  facet normal 0 0.44228869181151964 0.896872740747345
    outer loop
      vertex 35.45 -14.748050302267075 36.78836140394211
      vertex 35.45 -15.100000001490116 36.96192378908396
      vertex 53.43671673880462 -15.100000001490116 36.96192378908396
    endloop
  endfacet
  facet normal 0 0.06540313273849394 0.997858923008654
    outer loop
      vertex 35.45 -13.600000001490116 36.55999999850989
      vertex 53.48414658742317 -13.991578578948975 36.58566541582346
      vertex 53.48667441028552 -13.600000001490116 36.55999999850989
    endloop
  endfacet
  facet normal 0 0.1950903258581441 0.9807852796390061
    outer loop
      vertex 35.45 -13.991578578948975 36.58566541582346
      vertex 53.476606370809236 -14.376457139849663 36.66222252309323
      vertex 53.48414658742317 -13.991578578948975 36.58566541582346
    endloop
  endfacet
  facet normal 0 0.32143946370774457 0.9469301300366768
    outer loop
      vertex 35.45 -14.376457139849663 36.66222252309323
      vertex 53.47273828089237 -14.492152780275045 36.70149590075016
      vertex 53.476606370809236 -14.376457139849663 36.66222252309323
    endloop
  endfacet
  facet normal -6.307220345843459e-17 0.32143946370773574 0.9469301300366798
    outer loop
      vertex 35.45 -14.376457139849663 36.66222252309323
      vertex 53.46072332581509 -14.748050302267075 36.78836140394211
      vertex 53.47273828089237 -14.492152780275045 36.70149590075016
    endloop
  endfacet
  facet normal 0 0.4422886918115197 0.8968727407473451
    outer loop
      vertex 35.45 -14.748050302267075 36.78836140394211
      vertex 53.43671673880462 -15.100000001490116 36.96192378908396
      vertex 53.46072332581509 -14.748050302267075 36.78836140394211
    endloop
  endfacet
  facet normal 1 0 0
    outer loop
      vertex 35.45 -16.497777476906776 38.78354286015034
      vertex 35.45 -16.600000001490116 39.55999999850989
      vertex 35.45 -16.57433458417654 39.16842142105103
    endloop
  endfacet
  facet normal 0 0.5555702203832522 0.8314696207458843
    outer loop
      vertex 35.45 -15.100000001490116 36.96192378908396
      vertex 35.45 -15.426284290850163 37.17993997395039
      vertex 53.406561446185144 -15.426284290850163 37.17993997395039
    endloop
  endfacet
  facet normal 0 0.6593458207943228 0.7518398024852507
    outer loop
      vertex 35.45 -15.426284290850163 37.17993997395039
      vertex 35.45 -15.72132034599781 37.43867965400219
      vertex 53.3707734115995 -15.72132034599781 37.43867965400219
    endloop
  endfacet
  facet normal 0 0.7518398024852507 0.6593458207943229
    outer loop
      vertex 35.45 -15.72132034599781 37.43867965400219
      vertex 35.45 -15.980060026049614 37.73371570914984
      vertex 53.32996497996071 -15.980060026049614 37.73371570914984
    endloop
  endfacet
  facet normal 0 0.8314696207458843 0.5555702203832522
    outer loop
      vertex 35.45 -15.980060026049614 37.73371570914984
      vertex 35.45 -16.198076210916042 38.05999999850989
      vertex 53.28483439376676 -16.198076210916042 38.05999999850989
    endloop
  endfacet
  facet normal 0 0.8968727407473451 0.4422886918115197
    outer loop
      vertex 35.45 -16.198076210916042 38.05999999850989
      vertex 35.45 -16.371638596057892 38.41194969773293
      vertex 53.229930729249425 -16.371638596057892 38.41194969773293
    endloop
  endfacet
  facet normal 0 0.9469301300366788 0.32143946370773846
    outer loop
      vertex 35.45 -16.371638596057892 38.41194969773293
      vertex 35.45 -16.497777476906776 38.78354286015034
      vertex 53.163572610404145 -16.497777476906776 38.78354286015034
    endloop
  endfacet
  facet normal 0 0.9807852796390061 0.1950903258581441
    outer loop
      vertex 35.45 -16.497777476906776 38.78354286015034
      vertex 35.45 -16.57433458417654 39.16842142105103
      vertex 53.094842020424785 -16.57433458417654 39.16842142105103
    endloop
  endfacet
  facet normal 0 0.9978589230086541 0.06540313273849395
    outer loop
      vertex 35.45 -16.57433458417654 39.16842142105103
      vertex 35.45 -16.600000001490116 39.55999999850989
      vertex 53.0249149593044 -16.600000001490116 39.55999999850989
    endloop
  endfacet
  facet normal 0 0.5555702203832521 0.8314696207458842
    outer loop
      vertex 35.45 -15.100000001490116 36.96192378908396
      vertex 53.406561446185144 -15.426284290850163 37.17993997395039
      vertex 53.43671673880462 -15.100000001490116 36.96192378908396
    endloop
  endfacet
  facet normal 0 0.6593458207943228 0.7518398024852507
    outer loop
      vertex 35.45 -15.426284290850163 37.17993997395039
      vertex 53.3707734115995 -15.72132034599781 37.43867965400219
      vertex 53.406561446185144 -15.426284290850163 37.17993997395039
    endloop
  endfacet
  facet normal 0 0.7518398024852507 0.6593458207943228
    outer loop
      vertex 35.45 -15.72132034599781 37.43867965400219
      vertex 53.32996497996071 -15.980060026049614 37.73371570914984
      vertex 53.3707734115995 -15.72132034599781 37.43867965400219
    endloop
  endfacet
  facet normal 0 0.8314696207458843 0.5555702203832521
    outer loop
      vertex 35.45 -15.980060026049614 37.73371570914984
      vertex 53.28483439376676 -16.198076210916042 38.05999999850989
      vertex 53.32996497996071 -15.980060026049614 37.73371570914984
    endloop
  endfacet
  facet normal 0 0.8968727407473456 0.4422886918115191
    outer loop
      vertex 35.45 -16.198076210916042 38.05999999850989
      vertex 53.25753362476826 -16.295412566138253 38.25737860053778
      vertex 53.28483439376676 -16.198076210916042 38.05999999850989
    endloop
  endfacet
  facet normal -1.9002894197188774e-17 0.8968727407473447 0.4422886918115204
    outer loop
      vertex 35.45 -16.198076210916042 38.05999999850989
      vertex 53.229930729249425 -16.371638596057892 38.41194969773293
      vertex 53.25753362476826 -16.295412566138253 38.25737860053778
    endloop
  endfacet
  facet normal 0 0.9469301300366788 0.32143946370773846
    outer loop
      vertex 35.45 -16.371638596057892 38.41194969773293
      vertex 53.163572610404145 -16.497777476906776 38.78354286015034
      vertex 53.229930729249425 -16.371638596057892 38.41194969773293
    endloop
  endfacet
  facet normal 0 0.9807852796390059 0.1950903258581441
    outer loop
      vertex 35.45 -16.497777476906776 38.78354286015034
      vertex 53.094842020424785 -16.57433458417654 39.16842142105103
      vertex 53.163572610404145 -16.497777476906776 38.78354286015034
    endloop
  endfacet
  facet normal 0 0.997858923008654 0.06540313273849394
    outer loop
      vertex 35.45 -16.57433458417654 39.16842142105103
      vertex 53.0249149593044 -16.600000001490116 39.55999999850989
      vertex 53.094842020424785 -16.57433458417654 39.16842142105103
    endloop
  endfacet
  facet normal 1 0 0
    outer loop
      vertex 35.45 -2.225665420293808 39.16842142105103
      vertex 35.45 -2.2000000029802322 39.55999999850989
      vertex 35.45 -2.4283614084124565 50.708050299286846
    endloop
  endfacet
  facet normal 1 0 0
    outer loop
      vertex 35.45 -2.302222527563572 38.78354286015034
      vertex 35.45 -2.8199399784207344 51.386284287869934
      vertex 35.45 -2.4283614084124565 38.41194969773293
    endloop
  endfacet
  facet normal 1 0 0
    outer loop
      vertex 35.45 -2.302222527563572 38.78354286015034
      vertex 35.45 -2.225665420293808 39.16842142105103
      vertex 35.45 -2.601923793554306 51.05999999850989
    endloop
  endfacet
  facet normal 1 0 0
    outer loop
      vertex 35.45 -2.2000000029802322 39.55999999850989
      vertex 35.45 -2.2000000029802322 49.55999999850989
      vertex 35.45 -2.302222527563572 50.336457136869434
    endloop
  endfacet
  facet normal 1 0 0
    outer loop
      vertex 35.45 -2.2000000029802322 39.55999999850989
      vertex 35.45 -2.302222527563572 50.336457136869434
      vertex 35.45 -2.4283614084124565 50.708050299286846
    endloop
  endfacet
  facet normal 1 0 0
    outer loop
      vertex 35.45 -2.225665420293808 39.16842142105103
      vertex 35.45 -2.4283614084124565 50.708050299286846
      vertex 35.45 -2.601923793554306 51.05999999850989
    endloop
  endfacet
  facet normal 0 -1 0
    outer loop
      vertex 35.45 -2.2000000029802322 39.55999999850989
      vertex 50.705181300640106 -2.2000000029802322 47.307337291538715
      vertex 35.45 -2.2000000029802322 49.55999999850989
    endloop
  endfacet
  facet normal 1 0 0
    outer loop
      vertex 35.45 -2.2000000029802322 49.55999999850989
      vertex 35.45 -2.225665420293808 49.951578575968746
      vertex 35.45 -2.302222527563572 50.336457136869434
    endloop
  endfacet
  facet normal 0 -0.8968727407473451 -0.4422886918115197
    outer loop
      vertex 35.45 -2.4283614084124565 50.708050299286846
      vertex 49.09711885542159 -2.4283614084124565 50.708050299286846
      vertex 35.45 -2.601923793554306 51.05999999850989
    endloop
  endfacet
  facet normal 0 -0.9978589230086541 -0.06540313273849395
    outer loop
      vertex 35.45 -2.2000000029802322 49.55999999850989
      vertex 49.68109753654918 -2.2000000029802322 49.55999999850989
      vertex 35.45 -2.225665420293808 49.951578575968746
    endloop
  endfacet
  facet normal -6.521532981611224e-18 -0.980785279639006 -0.1950903258581441
    outer loop
      vertex 35.45 -2.225665420293808 49.951578575968746
      vertex 49.390260964632034 -2.267047430724421 50.159619987010956
      vertex 35.45 -2.302222527563572 50.336457136869434
    endloop
  endfacet
  facet normal 0 -0.9469301300366788 -0.3214394637077385
    outer loop
      vertex 35.45 -2.302222527563572 50.336457136869434
      vertex 49.29573953878094 -2.302222527563572 50.336457136869434
      vertex 35.45 -2.4283614084124565 50.708050299286846
    endloop
  endfacet
  facet normal 0 -1 0
    outer loop
      vertex 35.45 -2.2000000029802322 39.55999999850989
      vertex 51.79226065427065 -2.2000000029802322 44.360679775476456
      vertex 51.27765343338251 -2.2000000029802322 45.84468228369951
    endloop
  endfacet
  facet normal 0 -1 0
    outer loop
      vertex 35.45 -2.2000000029802322 39.55999999850989
      vertex 51.27765343338251 -2.2000000029802322 45.84468228369951
      vertex 50.705181300640106 -2.2000000029802322 47.307337291538715
    endloop
  endfacet
  facet normal 0 -1 0
    outer loop
      vertex 35.45 -2.2000000029802322 39.55999999850989
      vertex 53.0249149593044 -2.2000000029802322 39.55999999850989
      vertex 52.98141121864319 -2.2000000029802322 39.803612880408764
    endloop
  endfacet
  facet normal 0 -1 0
    outer loop
      vertex 35.45 -2.2000000029802322 39.55999999850989
      vertex 52.98141121864319 -2.2000000029802322 39.803612880408764
      vertex 52.6447968184948 -2.2000000029802322 41.337814554572105
    endloop
  endfacet
  facet normal 0 -1 0
    outer loop
      vertex 35.45 -2.2000000029802322 39.55999999850989
      vertex 52.6447968184948 -2.2000000029802322 41.337814554572105
      vertex 52.248209461569786 -2.2000000029802322 42.85761799663305
    endloop
  endfacet
  facet normal 0 -1 0
    outer loop
      vertex 35.45 -2.2000000029802322 39.55999999850989
      vertex 52.248209461569786 -2.2000000029802322 42.85761799663305
      vertex 51.79226065427065 -2.2000000029802322 44.360679775476456
    endloop
  endfacet
  facet normal 0 -1 0
    outer loop
      vertex 35.45 -2.2000000029802322 49.55999999850989
      vertex 50.705181300640106 -2.2000000029802322 47.307337291538715
      vertex 50.075726956129074 -2.2000000029802322 48.746389500796795
    endloop
  endfacet
  facet normal 0 -1 0
    outer loop
      vertex 35.45 -2.2000000029802322 49.55999999850989
      vertex 50.075726956129074 -2.2000000029802322 48.746389500796795
      vertex 49.68109753654918 -2.2000000029802322 49.55999999850989
    endloop
  endfacet
  facet normal 0 -0.9978589230086541 -0.06540313273849394
    outer loop
      vertex 35.45 -2.225665420293808 49.951578575968746
      vertex 49.68109753654918 -2.2000000029802322 49.55999999850989
      vertex 49.491168292547464 -2.225665420293808 49.951578575968746
    endloop
  endfacet
  facet normal 0 -0.9807852796390059 -0.19509032585814448
    outer loop
      vertex 35.45 -2.225665420293808 49.951578575968746
      vertex 49.491168292547464 -2.225665420293808 49.951578575968746
      vertex 49.390260964632034 -2.267047430724421 50.159619987010956
    endloop
  endfacet
  facet normal 0 -0.980785279639006 -0.1950903258581436
    outer loop
      vertex 35.45 -2.302222527563572 50.336457136869434
      vertex 49.390260964632034 -2.267047430724421 50.159619987010956
      vertex 49.29573953878094 -2.302222527563572 50.336457136869434
    endloop
  endfacet
  facet normal 0 -0.9469301300366788 -0.32143946370773846
    outer loop
      vertex 35.45 -2.4283614084124565 50.708050299286846
      vertex 49.29573953878094 -2.302222527563572 50.336457136869434
      vertex 49.09711885542159 -2.4283614084124565 50.708050299286846
    endloop
  endfacet
  facet normal 0 -0.8968727407473451 -0.44228869181151975
    outer loop
      vertex 49.09711885542159 -2.4283614084124565 50.708050299286846
      vertex 48.90899782188849 -2.601923793554306 51.05999999850989
      vertex 35.45 -2.601923793554306 51.05999999850989
    endloop
  endfacet
  facet normal 1 0 0
    outer loop
      vertex 35.45 -3.7000000029802322 36.96192378908396
      vertex 35.45 -4.200000002980232 41.05999999850989
      vertex 35.45 -4.21711028367281 40.798947613537315
    endloop
  endfacet
  facet normal 1 0 0
    outer loop
      vertex 35.45 -3.7000000029802322 36.96192378908396
      vertex 35.45 -3.373715713620186 37.17993997395039
      vertex 35.45 -4.200000002980232 48.05999999850989
    endloop
  endfacet
  facet normal 1 0 0
    outer loop
      vertex 35.45 -2.601923793554306 38.05999999850989
      vertex 35.45 -3.373715713620186 51.940060023069385
      vertex 35.45 -2.8199399784207344 37.73371570914984
    endloop
  endfacet
  facet normal 1 0 0
    outer loop
      vertex 35.45 -2.4283614084124565 38.41194969773293
      vertex 35.45 -3.078679658472538 51.68132034301758
      vertex 35.45 -2.601923793554306 38.05999999850989
    endloop
  endfacet
  facet normal 1 0 0
    outer loop
      vertex 35.45 -2.8199399784207344 37.73371570914984
      vertex 35.45 -3.7000000029802322 52.158076207935814
      vertex 35.45 -3.078679658472538 37.43867965400219
    endloop
  endfacet
  facet normal 1 0 0
    outer loop
      vertex 35.45 -3.078679658472538 37.43867965400219
      vertex 35.45 -4.051949702203274 52.33163859307766
      vertex 35.45 -3.373715713620186 37.17993997395039
    endloop
  endfacet
  facet normal 1 0 0
    outer loop
      vertex 35.45 -3.7000000029802322 36.96192378908396
      vertex 35.45 -4.200000002980232 48.05999999850989
      vertex 35.45 -4.200000002980232 41.05999999850989
    endloop
  endfacet
  facet normal 1 0 0
    outer loop
      vertex 35.45 -3.373715713620186 37.17993997395039
      vertex 35.45 -4.21711028367281 48.32105238348246
      vertex 35.45 -4.200000002980232 48.05999999850989
    endloop
  endfacet
  facet normal 1 0 0
    outer loop
      vertex 35.45 -3.373715713620186 37.17993997395039
      vertex 35.45 -4.423542864620686 52.45777747392655
      vertex 35.45 -4.21711028367281 48.32105238348246
    endloop
  endfacet
  facet normal 1 0 0
    outer loop
      vertex 35.45 -2.302222527563572 38.78354286015034
      vertex 35.45 -2.601923793554306 51.05999999850989
      vertex 35.45 -2.8199399784207344 51.386284287869934
    endloop
  endfacet
  facet normal 1 0 0
    outer loop
      vertex 35.45 -2.4283614084124565 38.41194969773293
      vertex 35.45 -2.8199399784207344 51.386284287869934
      vertex 35.45 -3.078679658472538 51.68132034301758
    endloop
  endfacet
  facet normal 1 0 0
    outer loop
      vertex 35.45 -2.601923793554306 38.05999999850989
      vertex 35.45 -3.078679658472538 51.68132034301758
      vertex 35.45 -3.373715713620186 51.940060023069385
    endloop
  endfacet
  facet normal 1 0 0
    outer loop
      vertex 35.45 -2.8199399784207344 37.73371570914984
      vertex 35.45 -3.373715713620186 51.940060023069385
      vertex 35.45 -3.7000000029802322 52.158076207935814
    endloop
  endfacet
  facet normal 1 0 0
    outer loop
      vertex 35.45 -3.078679658472538 37.43867965400219
      vertex 35.45 -3.7000000029802322 52.158076207935814
      vertex 35.45 -4.051949702203274 52.33163859307766
    endloop
  endfacet
  facet normal 1 0 0
    outer loop
      vertex 35.45 -3.373715713620186 37.17993997395039
      vertex 35.45 -4.051949702203274 52.33163859307766
      vertex 35.45 -4.423542864620686 52.45777747392655
    endloop
  endfacet
  facet normal 1 0 0
    outer loop
      vertex 35.45 -4.21711028367281 48.32105238348246
      vertex 35.45 -4.423542864620686 52.45777747392655
      vertex 35.45 -4.268148347735405 48.57763808578253
    endloop
  endfacet
  facet normal 1 0 0
    outer loop
      vertex 35.45 -4.268148347735405 48.57763808578253
      vertex 35.45 -4.423542864620686 52.45777747392655
      vertex 35.45 -4.352240934967995 48.82536686569453
    endloop
  endfacet
  facet normal 1 0 0
    outer loop
      vertex 35.45 -4.352240934967995 48.82536686569453
      vertex 35.45 -4.423542864620686 52.45777747392655
      vertex 35.45 -4.467949196696281 49.05999999850989
    endloop
  endfacet
  facet normal 1 0 0
    outer loop
      vertex 35.45 -4.467949196696281 49.05999999850989
      vertex 35.45 -4.423542864620686 52.45777747392655
      vertex 35.45 -4.613293319940567 49.27752285808325
    endloop
  endfacet
  facet normal 1 0 0
    outer loop
      vertex 35.45 -4.613293319940567 49.27752285808325
      vertex 35.45 -4.808421425521374 52.53433458119631
      vertex 35.45 -4.78578644245863 49.47421355903149
    endloop
  endfacet
  facet normal 1 0 0
    outer loop
      vertex 35.45 -4.78578644245863 49.47421355903149
      vertex 35.45 -4.808421425521374 52.53433458119631
      vertex 35.45 -4.982477143406868 49.64670668154955
    endloop
  endfacet
  facet normal 1 0 0
    outer loop
      vertex 35.45 -4.613293319940567 49.27752285808325
      vertex 35.45 -4.423542864620686 52.45777747392655
      vertex 35.45 -4.808421425521374 52.53433458119631
    endloop
  endfacet
  facet normal 1 0 0
    outer loop
      vertex 35.45 -4.982477143406868 49.64670668154955
      vertex 35.45 -4.808421425521374 52.53433458119631
      vertex 35.45 -5.200000002980232 49.79205080479384
    endloop
  endfacet
  facet normal 1 0 0
    outer loop
      vertex 35.45 -5.200000002980232 49.79205080479384
      vertex 35.45 -5.200000002980232 52.55999999850989
      vertex 35.45 -5.434633135795593 49.907759066522125
    endloop
  endfacet
  facet normal 1 0 0
    outer loop
      vertex 35.45 -5.200000002980232 49.79205080479384
      vertex 35.45 -4.808421425521374 52.53433458119631
      vertex 35.45 -5.200000002980232 52.55999999850989
    endloop
  endfacet
  facet normal 1 0 0
    outer loop
      vertex 35.45 -5.434633135795593 49.907759066522125
      vertex 35.45 -5.200000002980232 52.55999999850989
      vertex 35.45 -5.682361915707588 49.991851653754715
    endloop
  endfacet
  facet normal 1 0 0
    outer loop
      vertex 35.45 -5.200000002980232 52.55999999850989
      vertex 35.45 -5.93894761800766 50.04288971781731
      vertex 35.45 -5.682361915707588 49.991851653754715
    endloop
  endfacet
  facet normal 0 -0.8314696207458843 -0.5555702203832521
    outer loop
      vertex 35.45 -2.601923793554306 51.05999999850989
      vertex 48.90899782188849 -2.601923793554306 51.05999999850989
      vertex 35.45 -2.8199399784207344 51.386284287869934
    endloop
  endfacet
  facet normal -2.4302392230855878e-17 -0.7518398024852506 -0.6593458207943227
    outer loop
      vertex 35.45 -2.8199399784207344 51.386284287869934
      vertex 48.64984028041363 -2.9589980766991677 51.544849656522274
      vertex 35.45 -3.078679658472538 51.68132034301758
    endloop
  endfacet
  facet normal 0 -0.6593458207943228 -0.7518398024852507
    outer loop
      vertex 35.45 -3.078679658472538 51.68132034301758
      vertex 48.56985342728896 -3.078679658472538 51.68132034301758
      vertex 35.45 -3.373715713620186 51.940060023069385
    endloop
  endfacet
  facet normal 0 -0.5555702203832521 -0.8314696207458843
    outer loop
      vertex 35.45 -3.373715713620186 51.940060023069385
      vertex 48.41820347727176 -3.373715713620186 51.940060023069385
      vertex 35.45 -3.7000000029802322 52.158076207935814
    endloop
  endfacet
  facet normal 0 -0.44228869181151964 -0.896872740747345
    outer loop
      vertex 35.45 -3.7000000029802322 52.158076207935814
      vertex 48.290421980706114 -3.7000000029802322 52.158076207935814
      vertex 35.45 -4.051949702203274 52.33163859307766
    endloop
  endfacet
  facet normal 0 -0.3214394637077385 -0.9469301300366789
    outer loop
      vertex 35.45 -4.051949702203274 52.33163859307766
      vertex 48.18869530690657 -4.051949702203274 52.33163859307766
      vertex 35.45 -4.423542864620686 52.45777747392655
    endloop
  endfacet
  facet normal 0 -0.1950903258581441 -0.980785279639006
    outer loop
      vertex 35.45 -4.423542864620686 52.45777747392655
      vertex 48.11476402983253 -4.423542864620686 52.45777747392655
      vertex 35.45 -4.808421425521374 52.53433458119631
    endloop
  endfacet
  facet normal 0 -0.06540313273849395 -0.9978589230086541
    outer loop
      vertex 35.45 -4.808421425521374 52.53433458119631
      vertex 48.06989313299677 -4.808421425521374 52.53433458119631
      vertex 35.45 -5.200000002980232 52.55999999850989
    endloop
  endfacet
  facet normal 1 0 0
    outer loop
      vertex 35.45 -5.200000002980232 52.55999999850989
      vertex 35.45 -6.200000002980232 50.05999999850989
      vertex 35.45 -5.93894761800766 50.04288971781731
    endloop
  endfacet
  facet normal 1 0 0
    outer loop
      vertex 35.45 -5.200000002980232 52.55999999850989
      vertex 35.45 -12.600000001490116 50.05999999850989
      vertex 35.45 -6.200000002980232 50.05999999850989
    endloop
  endfacet
  facet normal 0 0 -1
    outer loop
      vertex 35.45 -5.200000002980232 52.55999999850989
      vertex 48.054850371670035 -5.200000002980232 52.55999999850989
      vertex 35.45 -13.600000001490116 52.55999999850989
    endloop
  endfacet
  facet normal 0 -0.8314696207458843 -0.5555702203832521
    outer loop
      vertex 35.45 -2.8199399784207344 51.386284287869934
      vertex 48.90899782188849 -2.601923793554306 51.05999999850989
      vertex 48.73459523573618 -2.8199399784207344 51.386284287869934
    endloop
  endfacet
  facet normal 0 -0.7518398024852496 -0.6593458207943239
    outer loop
      vertex 35.45 -2.8199399784207344 51.386284287869934
      vertex 48.73459523573618 -2.8199399784207344 51.386284287869934
      vertex 48.64984028041363 -2.9589980766991677 51.544849656522274
    endloop
  endfacet
  facet normal 0 -0.7518398024852518 -0.6593458207943214
    outer loop
      vertex 35.45 -3.078679658472538 51.68132034301758
      vertex 48.64984028041363 -2.9589980766991677 51.544849656522274
      vertex 48.56985342728896 -3.078679658472538 51.68132034301758
    endloop
  endfacet
  facet normal 0 -0.6593458207943228 -0.7518398024852507
    outer loop
      vertex 35.45 -3.373715713620186 51.940060023069385
      vertex 48.56985342728896 -3.078679658472538 51.68132034301758
      vertex 48.41820347727176 -3.373715713620186 51.940060023069385
    endloop
  endfacet
  facet normal 0 -0.5555702203832522 -0.8314696207458843
    outer loop
      vertex 35.45 -3.7000000029802322 52.158076207935814
      vertex 48.41820347727176 -3.373715713620186 51.940060023069385
      vertex 48.290421980706114 -3.7000000029802322 52.158076207935814
    endloop
  endfacet
  facet normal 0 -0.44228869181151975 -0.8968727407473451
    outer loop
      vertex 35.45 -4.051949702203274 52.33163859307766
      vertex 48.290421980706114 -3.7000000029802322 52.158076207935814
      vertex 48.18869530690657 -4.051949702203274 52.33163859307766
    endloop
  endfacet
  facet normal 0 -0.32143946370773846 -0.9469301300366788
    outer loop
      vertex 35.45 -4.423542864620686 52.45777747392655
      vertex 48.18869530690657 -4.051949702203274 52.33163859307766
      vertex 48.11476402983253 -4.423542864620686 52.45777747392655
    endloop
  endfacet
  facet normal 0 -0.1950903258581441 -0.9807852796390061
    outer loop
      vertex 35.45 -4.808421425521374 52.53433458119631
      vertex 48.11476402983253 -4.423542864620686 52.45777747392655
      vertex 48.06989313299677 -4.808421425521374 52.53433458119631
    endloop
  endfacet
  facet normal 0 -0.06540313273849395 -0.997858923008654
    outer loop
      vertex 35.45 -5.200000002980232 52.55999999850989
      vertex 48.06989313299677 -4.808421425521374 52.53433458119631
      vertex 48.054850371670035 -5.200000002980232 52.55999999850989
    endloop
  endfacet
  facet normal 1 0 0
    outer loop
      vertex 35.45 -14.376457139849663 36.66222252309323
      vertex 35.45 -15.426284290850163 51.940060023069385
      vertex 35.45 -14.748050302267075 36.78836140394211
    endloop
  endfacet
  facet normal 1 0 0
    outer loop
      vertex 35.45 -14.376457139849663 36.66222252309323
      vertex 35.45 -14.582889720797539 40.798947613537315
      vertex 35.45 -15.426284290850163 51.940060023069385
    endloop
  endfacet
  facet normal 1 0 0
    outer loop
      vertex 35.45 -14.582889720797539 40.798947613537315
      vertex 35.45 -14.600000001490116 41.05999999850989
      vertex 35.45 -15.426284290850163 51.940060023069385
    endloop
  endfacet
  facet normal 1 0 0
    outer loop
      vertex 35.45 -14.600000001490116 41.05999999850989
      vertex 35.45 -14.600000001490116 48.05999999850989
      vertex 35.45 -15.100000001490116 52.158076207935814
    endloop
  endfacet
  facet normal 1 0 0
    outer loop
      vertex 35.45 -14.600000001490116 41.05999999850989
      vertex 35.45 -15.100000001490116 52.158076207935814
      vertex 35.45 -15.426284290850163 51.940060023069385
    endloop
  endfacet
  facet normal 1 0 0
    outer loop
      vertex 35.45 -5.200000002980232 52.55999999850989
      vertex 35.45 -13.600000001490116 52.55999999850989
      vertex 35.45 -12.600000001490116 50.05999999850989
    endloop
  endfacet
  facet normal 1 0 0
    outer loop
      vertex 35.45 -12.600000001490116 50.05999999850989
      vertex 35.45 -13.991578578948975 52.53433458119631
      vertex 35.45 -12.861052386462688 50.04288971781731
    endloop
  endfacet
  facet normal 1 0 0
    outer loop
      vertex 35.45 -12.861052386462688 50.04288971781731
      vertex 35.45 -13.991578578948975 52.53433458119631
      vertex 35.45 -13.11763808876276 49.991851653754715
    endloop
  endfacet
  facet normal 1 0 0
    outer loop
      vertex 35.45 -12.600000001490116 50.05999999850989
      vertex 35.45 -13.600000001490116 52.55999999850989
      vertex 35.45 -13.991578578948975 52.53433458119631
    endloop
  endfacet
  facet normal 1 0 0
    outer loop
      vertex 35.45 -13.81752286106348 49.64670668154955
      vertex 35.45 -14.376457139849663 52.45777747392655
      vertex 35.45 -14.014213562011719 49.47421355903149
    endloop
  endfacet
  facet normal 1 0 0
    outer loop
      vertex 35.45 -14.186706684529781 49.27752285808325
      vertex 35.45 -14.014213562011719 49.47421355903149
      vertex 35.45 -14.376457139849663 52.45777747392655
    endloop
  endfacet
  facet normal 1 0 0
    outer loop
      vertex 35.45 -13.11763808876276 49.991851653754715
      vertex 35.45 -14.376457139849663 52.45777747392655
      vertex 35.45 -13.365366868674755 49.907759066522125
    endloop
  endfacet
  facet normal 1 0 0
    outer loop
      vertex 35.45 -13.365366868674755 49.907759066522125
      vertex 35.45 -14.376457139849663 52.45777747392655
      vertex 35.45 -13.600000001490116 49.79205080479384
    endloop
  endfacet
  facet normal 1 0 0
    outer loop
      vertex 35.45 -13.11763808876276 49.991851653754715
      vertex 35.45 -13.991578578948975 52.53433458119631
      vertex 35.45 -14.376457139849663 52.45777747392655
    endloop
  endfacet
  facet normal 1 0 0
    outer loop
      vertex 35.45 -13.600000001490116 49.79205080479384
      vertex 35.45 -14.376457139849663 52.45777747392655
      vertex 35.45 -13.81752286106348 49.64670668154955
    endloop
  endfacet
  facet normal 1 0 0
    outer loop
      vertex 35.45 -14.582889720797539 48.32105238348246
      vertex 35.45 -14.531851656734943 48.57763808578253
      vertex 35.45 -14.748050302267075 52.33163859307766
    endloop
  endfacet
  facet normal 1 0 0
    outer loop
      vertex 35.45 -14.531851656734943 48.57763808578253
      vertex 35.45 -14.447759069502354 48.82536686569453
      vertex 35.45 -14.748050302267075 52.33163859307766
    endloop
  endfacet
  facet normal 1 0 0
    outer loop
      vertex 35.45 -14.186706684529781 49.27752285808325
      vertex 35.45 -14.376457139849663 52.45777747392655
      vertex 35.45 -14.332050807774067 49.05999999850989
    endloop
  endfacet
  facet normal 1 0 0
    outer loop
      vertex 35.45 -14.332050807774067 49.05999999850989
      vertex 35.45 -14.748050302267075 52.33163859307766
      vertex 35.45 -14.447759069502354 48.82536686569453
    endloop
  endfacet
  facet normal 1 0 0
    outer loop
      vertex 35.45 -14.600000001490116 48.05999999850989
      vertex 35.45 -14.582889720797539 48.32105238348246
      vertex 35.45 -15.100000001490116 52.158076207935814
    endloop
  endfacet
  facet normal 1 0 0
    outer loop
      vertex 35.45 -14.332050807774067 49.05999999850989
      vertex 35.45 -14.376457139849663 52.45777747392655
      vertex 35.45 -14.748050302267075 52.33163859307766
    endloop
  endfacet
  facet normal 1 0 0
    outer loop
      vertex 35.45 -14.582889720797539 48.32105238348246
      vertex 35.45 -14.748050302267075 52.33163859307766
      vertex 35.45 -15.100000001490116 52.158076207935814
    endloop
  endfacet
  facet normal 0 0.06540313273849395 -0.997858923008654
    outer loop
      vertex 35.45 -13.600000001490116 52.55999999850989
      vertex 48.054850371670035 -13.600000001490116 52.55999999850989
      vertex 35.45 -13.991578578948975 52.53433458119631
    endloop
  endfacet
  facet normal 0 0.1950903258581441 -0.9807852796390061
    outer loop
      vertex 35.45 -13.991578578948975 52.53433458119631
      vertex 48.06989313299677 -13.991578578948975 52.53433458119631
      vertex 35.45 -14.376457139849663 52.45777747392655
    endloop
  endfacet
  facet normal 0 0.32143946370773846 -0.9469301300366788
    outer loop
      vertex 35.45 -14.376457139849663 52.45777747392655
      vertex 48.11476402983253 -14.376457139849663 52.45777747392655
      vertex 35.45 -14.748050302267075 52.33163859307766
    endloop
  endfacet
  facet normal 0 0.44228869181151975 -0.8968727407473451
    outer loop
      vertex 35.45 -14.748050302267075 52.33163859307766
      vertex 48.18869530690657 -14.748050302267075 52.33163859307766
      vertex 35.45 -15.100000001490116 52.158076207935814
    endloop
  endfacet
  facet normal 0 0 -1
    outer loop
      vertex 48.054850371670035 -5.200000002980232 52.55999999850989
      vertex 48.054850371670035 -13.600000001490116 52.55999999850989
      vertex 35.45 -13.600000001490116 52.55999999850989
    endloop
  endfacet
  facet normal 0 0.06540313273849395 -0.9978589230086541
    outer loop
      vertex 35.45 -13.991578578948975 52.53433458119631
      vertex 48.054850371670035 -13.600000001490116 52.55999999850989
      vertex 48.06989313299677 -13.991578578948975 52.53433458119631
    endloop
  endfacet
  facet normal 0 0.1950903258581441 -0.980785279639006
    outer loop
      vertex 35.45 -14.376457139849663 52.45777747392655
      vertex 48.06989313299677 -13.991578578948975 52.53433458119631
      vertex 48.11476402983253 -14.376457139849663 52.45777747392655
    endloop
  endfacet
  facet normal 0 0.3214394637077385 -0.9469301300366789
    outer loop
      vertex 35.45 -14.748050302267075 52.33163859307766
      vertex 48.11476402983253 -14.376457139849663 52.45777747392655
      vertex 48.18869530690657 -14.748050302267075 52.33163859307766
    endloop
  endfacet
  facet normal 0 0.44228869181151964 -0.896872740747345
    outer loop
      vertex 48.18869530690657 -14.748050302267075 52.33163859307766
      vertex 48.290421980706114 -15.100000001490116 52.158076207935814
      vertex 35.45 -15.100000001490116 52.158076207935814
    endloop
  endfacet
  facet normal 1 0 0
    outer loop
      vertex 35.45 -14.748050302267075 36.78836140394211
      vertex 35.45 -15.72132034599781 51.68132034301758
      vertex 35.45 -15.100000001490116 36.96192378908396
    endloop
  endfacet
  facet normal 1 0 0
    outer loop
      vertex 35.45 -15.100000001490116 36.96192378908396
      vertex 35.45 -15.980060026049614 51.386284287869934
      vertex 35.45 -15.426284290850163 37.17993997395039
    endloop
  endfacet
  facet normal 1 0 0
    outer loop
      vertex 35.45 -15.426284290850163 37.17993997395039
      vertex 35.45 -16.198076210916042 51.05999999850989
      vertex 35.45 -15.72132034599781 37.43867965400219
    endloop
  endfacet
  facet normal 1 0 0
    outer loop
      vertex 35.45 -15.72132034599781 37.43867965400219
      vertex 35.45 -16.371638596057892 50.708050299286846
      vertex 35.45 -15.980060026049614 37.73371570914984
    endloop
  endfacet
  facet normal 1 0 0
    outer loop
      vertex 35.45 -15.980060026049614 37.73371570914984
      vertex 35.45 -16.497777476906776 50.336457136869434
      vertex 35.45 -16.198076210916042 38.05999999850989
    endloop
  endfacet
  facet normal 1 0 0
    outer loop
      vertex 35.45 -16.198076210916042 38.05999999850989
      vertex 35.45 -16.57433458417654 49.951578575968746
      vertex 35.45 -16.371638596057892 38.41194969773293
    endloop
  endfacet
  facet normal 1 0 0
    outer loop
      vertex 35.45 -16.371638596057892 38.41194969773293
      vertex 35.45 -16.600000001490116 49.55999999850989
      vertex 35.45 -16.497777476906776 38.78354286015034
    endloop
  endfacet
  facet normal 1 0 0
    outer loop
      vertex 35.45 -16.497777476906776 38.78354286015034
      vertex 35.45 -16.600000001490116 49.55999999850989
      vertex 35.45 -16.600000001490116 39.55999999850989
    endloop
  endfacet
  facet normal 1 0 0
    outer loop
      vertex 35.45 -14.748050302267075 36.78836140394211
      vertex 35.45 -15.426284290850163 51.940060023069385
      vertex 35.45 -15.72132034599781 51.68132034301758
    endloop
  endfacet
  facet normal 1 0 0
    outer loop
      vertex 35.45 -15.100000001490116 36.96192378908396
      vertex 35.45 -15.72132034599781 51.68132034301758
      vertex 35.45 -15.980060026049614 51.386284287869934
    endloop
  endfacet
  facet normal 1 0 0
    outer loop
      vertex 35.45 -15.426284290850163 37.17993997395039
      vertex 35.45 -15.980060026049614 51.386284287869934
      vertex 35.45 -16.198076210916042 51.05999999850989
    endloop
  endfacet
  facet normal 1 0 0
    outer loop
      vertex 35.45 -15.72132034599781 37.43867965400219
      vertex 35.45 -16.198076210916042 51.05999999850989
      vertex 35.45 -16.371638596057892 50.708050299286846
    endloop
  endfacet
  facet normal 1 0 0
    outer loop
      vertex 35.45 -15.980060026049614 37.73371570914984
      vertex 35.45 -16.371638596057892 50.708050299286846
      vertex 35.45 -16.497777476906776 50.336457136869434
    endloop
  endfacet
  facet normal 1 0 0
    outer loop
      vertex 35.45 -16.371638596057892 38.41194969773293
      vertex 35.45 -16.57433458417654 49.951578575968746
      vertex 35.45 -16.600000001490116 49.55999999850989
    endloop
  endfacet
  facet normal 1 0 0
    outer loop
      vertex 35.45 -16.198076210916042 38.05999999850989
      vertex 35.45 -16.497777476906776 50.336457136869434
      vertex 35.45 -16.57433458417654 49.951578575968746
    endloop
  endfacet
  facet normal 0 1 0
    outer loop
      vertex 35.45 -16.600000001490116 39.55999999850989
      vertex 35.45 -16.600000001490116 49.55999999850989
      vertex 49.68109753654918 -16.600000001490116 49.55999999850989
    endloop
  endfacet
  facet normal 0 0.7518398024852507 -0.6593458207943228
    outer loop
      vertex 35.45 -15.72132034599781 51.68132034301758
      vertex 48.56985342728896 -15.72132034599781 51.68132034301758
      vertex 35.45 -15.980060026049614 51.386284287869934
    endloop
  endfacet
  facet normal 0 0.9469301300366788 -0.32143946370773846
    outer loop
      vertex 35.45 -16.497777476906776 50.336457136869434
      vertex 35.45 -16.371638596057892 50.708050299286846
      vertex 49.09711885542159 -16.371638596057892 50.708050299286846
    endloop
  endfacet
  facet normal 0 0.8314696207458843 -0.5555702203832521
    outer loop
      vertex 35.45 -16.198076210916042 51.05999999850989
      vertex 35.45 -15.980060026049614 51.386284287869934
      vertex 48.73459523573618 -15.980060026049614 51.386284287869934
    endloop
  endfacet
  facet normal 0 0.8968727407473451 -0.44228869181151975
    outer loop
      vertex 35.45 -16.198076210916042 51.05999999850989
      vertex 48.90899782188849 -16.198076210916042 51.05999999850989
      vertex 35.45 -16.371638596057892 50.708050299286846
    endloop
  endfacet
  facet normal 0 0.9978589230086541 -0.06540313273849394
    outer loop
      vertex 35.45 -16.600000001490116 49.55999999850989
      vertex 35.45 -16.57433458417654 49.951578575968746
      vertex 49.491168292547464 -16.57433458417654 49.951578575968746
    endloop
  endfacet
  facet normal 0 0.9807852796390059 -0.19509032585814406
    outer loop
      vertex 35.45 -16.57433458417654 49.951578575968746
      vertex 35.45 -16.497777476906776 50.336457136869434
      vertex 49.29573953878094 -16.497777476906776 50.336457136869434
    endloop
  endfacet
  facet normal 0 0.5555702203832522 -0.8314696207458843
    outer loop
      vertex 35.45 -15.100000001490116 52.158076207935814
      vertex 48.290421980706114 -15.100000001490116 52.158076207935814
      vertex 35.45 -15.426284290850163 51.940060023069385
    endloop
  endfacet
  facet normal 0 0.6593458207943228 -0.7518398024852507
    outer loop
      vertex 35.45 -15.72132034599781 51.68132034301758
      vertex 35.45 -15.426284290850163 51.940060023069385
      vertex 48.41820347727176 -15.426284290850163 51.940060023069385
    endloop
  endfacet
  facet normal 0 1 0
    outer loop
      vertex 35.45 -16.600000001490116 39.55999999850989
      vertex 51.27765343338251 -16.600000001490116 45.84468228369951
      vertex 51.79226065427065 -16.600000001490116 44.360679775476456
    endloop
  endfacet
  facet normal 0 1 0
    outer loop
      vertex 35.45 -16.600000001490116 39.55999999850989
      vertex 50.705181300640106 -16.600000001490116 47.307337291538715
      vertex 51.27765343338251 -16.600000001490116 45.84468228369951
    endloop
  endfacet
  facet normal 0 1 0
    outer loop
      vertex 35.45 -16.600000001490116 39.55999999850989
      vertex 52.98141121864319 -16.600000001490116 39.803612880408764
      vertex 53.0249149593044 -16.600000001490116 39.55999999850989
    endloop
  endfacet
  facet normal 0 1 0
    outer loop
      vertex 35.45 -16.600000001490116 39.55999999850989
      vertex 52.6447968184948 -16.600000001490116 41.337814554572105
      vertex 52.98141121864319 -16.600000001490116 39.803612880408764
    endloop
  endfacet
  facet normal 0 1 0
    outer loop
      vertex 35.45 -16.600000001490116 39.55999999850989
      vertex 52.248209461569786 -16.600000001490116 42.85761799663305
      vertex 52.6447968184948 -16.600000001490116 41.337814554572105
    endloop
  endfacet
  facet normal 0 1 0
    outer loop
      vertex 35.45 -16.600000001490116 39.55999999850989
      vertex 51.79226065427065 -16.600000001490116 44.360679775476456
      vertex 52.248209461569786 -16.600000001490116 42.85761799663305
    endloop
  endfacet
  facet normal 0 1 0
    outer loop
      vertex 35.45 -16.600000001490116 39.55999999850989
      vertex 50.075726956129074 -16.600000001490116 48.746389500796795
      vertex 50.705181300640106 -16.600000001490116 47.307337291538715
    endloop
  endfacet
  facet normal 0 1 0
    outer loop
      vertex 35.45 -16.600000001490116 39.55999999850989
      vertex 49.68109753654918 -16.600000001490116 49.55999999850989
      vertex 50.075726956129074 -16.600000001490116 48.746389500796795
    endloop
  endfacet
  facet normal 0 0.6593458207943228 -0.7518398024852507
    outer loop
      vertex 35.45 -15.72132034599781 51.68132034301758
      vertex 48.41820347727176 -15.426284290850163 51.940060023069385
      vertex 48.56985342728896 -15.72132034599781 51.68132034301758
    endloop
  endfacet
  facet normal 0 0.9978589230086541 -0.06540313273849395
    outer loop
      vertex 35.45 -16.600000001490116 49.55999999850989
      vertex 49.491168292547464 -16.57433458417654 49.951578575968746
      vertex 49.68109753654918 -16.600000001490116 49.55999999850989
    endloop
  endfacet
  facet normal 0 0.9469301300366788 -0.3214394637077385
    outer loop
      vertex 35.45 -16.497777476906776 50.336457136869434
      vertex 49.09711885542159 -16.371638596057892 50.708050299286846
      vertex 49.29573953878094 -16.497777476906776 50.336457136869434
    endloop
  endfacet
  facet normal 0 0.9807852796390055 -0.1950903258581465
    outer loop
      vertex 35.45 -16.57433458417654 49.951578575968746
      vertex 49.390260964632034 -16.532952573745927 50.159619987010956
      vertex 49.491168292547464 -16.57433458417654 49.951578575968746
    endloop
  endfacet
  facet normal -8.190583778685448e-17 0.9807852796390064 -0.19509032585814132
    outer loop
      vertex 35.45 -16.57433458417654 49.951578575968746
      vertex 49.29573953878094 -16.497777476906776 50.336457136869434
      vertex 49.390260964632034 -16.532952573745927 50.159619987010956
    endloop
  endfacet
  facet normal 0 0.8314696207458843 -0.5555702203832521
    outer loop
      vertex 35.45 -16.198076210916042 51.05999999850989
      vertex 48.73459523573618 -15.980060026049614 51.386284287869934
      vertex 48.90899782188849 -16.198076210916042 51.05999999850989
    endloop
  endfacet
  facet normal 0 0.7518398024852507 -0.6593458207943228
    outer loop
      vertex 35.45 -15.980060026049614 51.386284287869934
      vertex 48.64984028041363 -15.841001927771181 51.544849656522274
      vertex 48.73459523573618 -15.980060026049614 51.386284287869934
    endloop
  endfacet
  facet normal 1.5710420934797225e-18 0.7518398024852506 -0.6593458207943229
    outer loop
      vertex 35.45 -15.980060026049614 51.386284287869934
      vertex 48.56985342728896 -15.72132034599781 51.68132034301758
      vertex 48.64984028041363 -15.841001927771181 51.544849656522274
    endloop
  endfacet
  facet normal 0 0.8968727407473451 -0.4422886918115197
    outer loop
      vertex 35.45 -16.371638596057892 50.708050299286846
      vertex 48.90899782188849 -16.198076210916042 51.05999999850989
      vertex 49.09711885542159 -16.371638596057892 50.708050299286846
    endloop
  endfacet
  facet normal 0 0.5555702203832521 -0.8314696207458843
    outer loop
      vertex 35.45 -15.426284290850163 51.940060023069385
      vertex 48.290421980706114 -15.100000001490116 52.158076207935814
      vertex 48.41820347727176 -15.426284290850163 51.940060023069385
    endloop
  endfacet
  facet normal 1 0 0
    outer loop
      vertex -2.9499999999999997 1.9000000000000001 0
      vertex -2.9499999999999997 -0.8 1.7000000000000046
      vertex -2.9499999999999997 -19.500000000000004 0
    endloop
  endfacet
  facet normal 1 0 0
    outer loop
      vertex -2.9499999999999997 -19.500000000000004 0
      vertex -2.9499999999999997 -0.8 1.7000000000000046
      vertex -2.9499999999999997 -2.4000000000000004 1.7000000000000046
    endloop
  endfacet
  facet normal 1 0 0
    outer loop
      vertex -2.9499999999999997 -3.314180701971054 33.03597485631705
      vertex -2.9499999999999997 -19.500000000000004 0
      vertex -2.9499999999999997 -2.4000000000000004 1.7000000000000046
    endloop
  endfacet
  facet normal 1 0 0
    outer loop
      vertex -2.9499999999999997 1.9000000000000001 0
      vertex -2.9499999999999997 1.9000000000000001 59.76
      vertex -2.9499999999999997 -0.8 1.7000000000000046
    endloop
  endfacet
  facet normal 1 0 0
    outer loop
      vertex -2.9499999999999997 -3.21283271163702 33.4142107179761
      vertex -2.9499999999999997 -2.4000000000000004 1.7000000000000046
      vertex -2.9499999999999997 -3.2000000029802322 33.610000002980236
    endloop
  endfacet
  facet normal 1 0 0
    outer loop
      vertex -2.9499999999999997 -3.314180701971054 33.03597485631705
      vertex -2.9499999999999997 -2.4000000000000004 1.7000000000000046
      vertex -2.9499999999999997 -3.251111261546612 33.22177143752575
    endloop
  endfacet
  facet normal 1 0 0
    outer loop
      vertex -2.9499999999999997 -3.251111261546612 33.22177143752575
      vertex -2.9499999999999997 -2.4000000000000004 1.7000000000000046
      vertex -2.9499999999999997 -3.21283271163702 33.4142107179761
    endloop
  endfacet
  facet normal 1 0 0
    outer loop
      vertex -2.9499999999999997 -3.2000000029802322 33.610000002980236
      vertex -2.9499999999999997 -2.4000000000000004 1.7000000000000046
      vertex -2.9499999999999997 -3.2000000029802322 43.610000002980236
    endloop
  endfacet
  facet normal 1 0 0
    outer loop
      vertex -2.9499999999999997 -3.314180701971054 33.03597485631705
      vertex -2.9499999999999997 -3.400961898267269 32.860000002980236
      vertex -2.9499999999999997 -19.500000000000004 0
    endloop
  endfacet
  facet normal 1 0 0
    outer loop
      vertex -2.9499999999999997 -3.2000000029802322 43.610000002980236
      vertex -2.9499999999999997 -2.4000000000000004 1.7000000000000046
      vertex -2.9499999999999997 -2.4000000000000004 59.26
    endloop
  endfacet
  facet normal 0 1 0
    outer loop
      vertex -2.9499999999999997 -19.500000000000004 0
      vertex -0.47888873943360255 -19.500000000000004 21.30177143234622
      vertex -0.41581929876693 -19.500000000000004 21.115974851452364
    endloop
  endfacet
  facet normal 0 1 0
    outer loop
      vertex -2.9499999999999997 -19.500000000000004 0
      vertex -0.5171672920607155 -19.500000000000004 21.494210711669922
      vertex -0.47888873943360255 -19.500000000000004 21.30177143234622
    endloop
  endfacet
  facet normal 0 1 0
    outer loop
      vertex -2.9499999999999997 -19.500000000000004 0
      vertex -0.53 -19.500000000000004 21.69
      vertex -0.5171672920607155 -19.500000000000004 21.494210711669922
    endloop
  endfacet
  facet normal 0 1 0
    outer loop
      vertex -2.9499999999999997 -19.500000000000004 0
      vertex 0.21999999999999997 -19.500000000000004 20.390961894323343
      vertex 0.39597485145236533 -19.500000000000004 20.304180701233072
    endloop
  endfacet
  facet normal 0 1 0
    outer loop
      vertex -2.9499999999999997 -19.500000000000004 0
      vertex 0.39597485145236533 -19.500000000000004 20.304180701233072
      vertex 0.5817714323462189 -19.500000000000004 20.2411112605664
    endloop
  endfacet
  facet normal 0 1 0
    outer loop
      vertex -2.9499999999999997 -19.500000000000004 0
      vertex 0.5817714323462189 -19.500000000000004 20.2411112605664
      vertex 0.7742107116699226 -19.500000000000004 20.202832707939287
    endloop
  endfacet
  facet normal 0 1 0
    outer loop
      vertex -2.9499999999999997 -19.500000000000004 0
      vertex 0.7742107116699226 -19.500000000000004 20.202832707939287
      vertex 0.97 -19.500000000000004 20.19
    endloop
  endfacet
  facet normal 0 1 0
    outer loop
      vertex -2.9499999999999997 -19.500000000000004 0
      vertex -0.09066017177982144 -19.500000000000004 20.629339828220182
      vertex 0.05685785648691899 -19.500000000000004 20.499969989563148
    endloop
  endfacet
  facet normal 0 1 0
    outer loop
      vertex -2.9499999999999997 -19.500000000000004 0
      vertex -0.22003001043685289 -19.500000000000004 20.77685785648692
      vertex -0.09066017177982144 -19.500000000000004 20.629339828220182
    endloop
  endfacet
  facet normal 0 1 0
    outer loop
      vertex -2.9499999999999997 -19.500000000000004 0
      vertex -0.41581929876693 -19.500000000000004 21.115974851452364
      vertex -0.32903810567665803 -19.500000000000004 20.94
    endloop
  endfacet
  facet normal 0 1 0
    outer loop
      vertex -2.9499999999999997 -19.500000000000004 0
      vertex -0.32903810567665803 -19.500000000000004 20.94
      vertex -0.22003001043685289 -19.500000000000004 20.77685785648692
    endloop
  endfacet
  facet normal 0 1 0
    outer loop
      vertex -2.9499999999999997 -19.500000000000004 0
      vertex 0.05685785648691899 -19.500000000000004 20.499969989563148
      vertex 0.21999999999999997 -19.500000000000004 20.390961894323343
    endloop
  endfacet
  facet normal 0 1 0
    outer loop
      vertex -2.9499999999999997 -19.500000000000004 0
      vertex 0.97 -19.500000000000004 20.19
      vertex 30.45 -19.500000000000004 0
    endloop
  endfacet
  facet normal 1 0 0
    outer loop
      vertex -2.9499999999999997 -3.786857858300209 32.41996999442578
      vertex -2.9499999999999997 -3.9500000029802322 32.31096189826727
      vertex -2.9499999999999997 -19.500000000000004 0
    endloop
  endfacet
  facet normal 1 0 0
    outer loop
      vertex -2.9499999999999997 -3.5099699944257736 32.69685785830021
      vertex -2.9499999999999997 -3.6393398344516754 32.54933983445168
      vertex -2.9499999999999997 -19.500000000000004 0
    endloop
  endfacet
  facet normal 1 0 0
    outer loop
      vertex -2.9499999999999997 -3.5099699944257736 32.69685785830021
      vertex -2.9499999999999997 -19.500000000000004 0
      vertex -2.9499999999999997 -3.400961898267269 32.860000002980236
    endloop
  endfacet
  facet normal 1 0 0
    outer loop
      vertex -2.9499999999999997 -3.6393398344516754 32.54933983445168
      vertex -2.9499999999999997 -3.786857858300209 32.41996999442578
      vertex -2.9499999999999997 -19.500000000000004 0
    endloop
  endfacet
  facet normal 1 0 0
    outer loop
      vertex -2.9499999999999997 -3.9500000029802322 32.31096189826727
      vertex -2.9499999999999997 -4.125974856317043 32.22418070197106
      vertex -2.9499999999999997 -19.500000000000004 0
    endloop
  endfacet
  facet normal 1 0 0
    outer loop
      vertex -2.9499999999999997 -4.125974856317043 32.22418070197106
      vertex -2.9499999999999997 -4.311771437525749 32.161111261546615
      vertex -2.9499999999999997 -19.500000000000004 0
    endloop
  endfacet
  facet normal 1 0 0
    outer loop
      vertex -2.9499999999999997 -4.311771437525749 32.161111261546615
      vertex -2.9499999999999997 -4.504210717976093 32.122832711637024
      vertex -2.9499999999999997 -19.500000000000004 0
    endloop
  endfacet
  facet normal 1 0 0
    outer loop
      vertex -2.9499999999999997 -4.504210717976093 32.122832711637024
      vertex -2.9499999999999997 -4.700000002980232 32.110000002980236
      vertex -2.9499999999999997 -19.500000000000004 0
    endloop
  endfacet
  facet normal 1 0 0
    outer loop
      vertex -2.9499999999999997 -4.700000002980232 32.110000002980236
      vertex -2.9499999999999997 -8.299999997019768 32.110000002980236
      vertex -2.9499999999999997 -19.500000000000004 0
    endloop
  endfacet
  facet normal 1 0 0
    outer loop
      vertex -2.9499999999999997 -8.299999997019768 32.110000002980236
      vertex -2.9499999999999997 -8.495789282023907 32.122832711637024
      vertex -2.9499999999999997 -19.500000000000004 0
    endloop
  endfacet
  facet normal 1 0 0
    outer loop
      vertex -2.9499999999999997 -8.495789282023907 32.122832711637024
      vertex -2.9499999999999997 -8.68822856247425 32.161111261546615
      vertex -2.9499999999999997 -19.500000000000004 0
    endloop
  endfacet
  facet normal 1 0 0
    outer loop
      vertex -2.9499999999999997 -8.68822856247425 32.161111261546615
      vertex -2.9499999999999997 -8.874025143682957 32.22418070197106
      vertex -2.9499999999999997 -19.500000000000004 0
    endloop
  endfacet
  facet normal 1 0 0
    outer loop
      vertex -2.9499999999999997 -19.500000000000004 0
      vertex -2.9499999999999997 -8.874025143682957 32.22418070197106
      vertex -2.9499999999999997 -9.049999997019768 32.31096189826727
    endloop
  endfacet
  facet normal 1 0 0
    outer loop
      vertex -2.9499999999999997 -19.500000000000004 0
      vertex -2.9499999999999997 -9.049999997019768 32.31096189826727
      vertex -2.9499999999999997 -9.213142141699791 32.41996999442578
    endloop
  endfacet
  facet normal 1 0 0
    outer loop
      vertex -2.9499999999999997 -19.500000000000004 0
      vertex -2.9499999999999997 -9.213142141699791 32.41996999442578
      vertex -2.9499999999999997 -9.360660165548325 32.54933983445168
    endloop
  endfacet
  facet normal 1 0 0
    outer loop
      vertex -2.9499999999999997 -19.500000000000004 0
      vertex -2.9499999999999997 -9.360660165548325 32.54933983445168
      vertex -2.9499999999999997 -9.490030005574226 32.69685785830021
    endloop
  endfacet
  facet normal 1 0 0
    outer loop
      vertex -2.9499999999999997 -19.500000000000004 0
      vertex -2.9499999999999997 -9.490030005574226 32.69685785830021
      vertex -2.9499999999999997 -9.59903810173273 32.860000002980236
    endloop
  endfacet
  facet normal 1 0 0
    outer loop
      vertex -2.9499999999999997 -19.500000000000004 0
      vertex -2.9499999999999997 -9.59903810173273 32.860000002980236
      vertex -2.9499999999999997 -9.685819298028946 33.03597485631705
    endloop
  endfacet
  facet normal 1 0 0
    outer loop
      vertex -2.9499999999999997 -19.500000000000004 0
      vertex -2.9499999999999997 -9.685819298028946 33.03597485631705
      vertex -2.9499999999999997 -9.748888738453388 33.22177143752575
    endloop
  endfacet
  facet normal 1 0 0
    outer loop
      vertex -2.9499999999999997 -19.500000000000004 0
      vertex -2.9499999999999997 -9.748888738453388 33.22177143752575
      vertex -2.9499999999999997 -9.78716728836298 33.4142107179761
    endloop
  endfacet
  facet normal 0 1 0
    outer loop
      vertex -2.9499999999999997 -19.500000000000004 0
      vertex -0.53 -19.500000000000004 50.31
      vertex -0.53 -19.500000000000004 21.69
    endloop
  endfacet
  facet normal 1 0 0
    outer loop
      vertex -2.9499999999999997 -19.500000000000004 0
      vertex -2.9499999999999997 -9.78716728836298 33.4142107179761
      vertex -2.9499999999999997 -19.500000000000004 59.76
    endloop
  endfacet
  facet normal 0 1 0
    outer loop
      vertex -2.9499999999999997 -19.500000000000004 0
      vertex -2.9499999999999997 -19.500000000000004 59.76
      vertex -0.53 -19.500000000000004 50.31
    endloop
  endfacet
  facet normal 1 0 0
    outer loop
      vertex -2.9499999999999997 1.9000000000000001 59.76
      vertex -2.9499999999999997 -0.8 59.26
      vertex -2.9499999999999997 -0.8 1.7000000000000046
    endloop
  endfacet
  facet normal 0 -1 0
    outer loop
      vertex -2.9499999999999997 1.9000000000000001 0
      vertex 30.45 1.9000000000000001 59.76
      vertex -2.9499999999999997 1.9000000000000001 59.76
    endloop
  endfacet
  facet normal 1 0 0
    outer loop
      vertex -2.9499999999999997 -3.2000000029802322 43.610000002980236
      vertex -2.9499999999999997 -2.4000000000000004 59.26
      vertex -2.9499999999999997 -3.21283271163702 43.805789287984375
    endloop
  endfacet
  facet normal 1 0 0
    outer loop
      vertex -2.9499999999999997 -3.21283271163702 43.805789287984375
      vertex -2.9499999999999997 -2.4000000000000004 59.26
      vertex -2.9499999999999997 -3.251111261546612 43.99822856843472
    endloop
  endfacet
  facet normal 1 0 0
    outer loop
      vertex -2.9499999999999997 -3.251111261546612 43.99822856843472
      vertex -2.9499999999999997 -2.4000000000000004 59.26
      vertex -2.9499999999999997 -3.314180701971054 44.184025149643425
    endloop
  endfacet
  facet normal 1 0 0
    outer loop
      vertex -2.9499999999999997 -3.314180701971054 44.184025149643425
      vertex -2.9499999999999997 -2.4000000000000004 59.26
      vertex -2.9499999999999997 -3.400961898267269 44.360000002980236
    endloop
  endfacet
  facet normal 1 0 0
    outer loop
      vertex -2.9499999999999997 -3.400961898267269 44.360000002980236
      vertex -2.9499999999999997 -2.4000000000000004 59.26
      vertex -2.9499999999999997 -3.5099699944257736 44.52314214766026
    endloop
  endfacet
  facet normal 1 0 0
    outer loop
      vertex -2.9499999999999997 -3.5099699944257736 44.52314214766026
      vertex -2.9499999999999997 -2.4000000000000004 59.26
      vertex -2.9499999999999997 -3.6393398344516754 44.67066017150879
    endloop
  endfacet
  facet normal 1 0 0
    outer loop
      vertex -2.9499999999999997 -3.6393398344516754 44.67066017150879
      vertex -2.9499999999999997 -2.4000000000000004 59.26
      vertex -2.9499999999999997 -3.786857858300209 44.800030011534695
    endloop
  endfacet
  facet normal 1 0 0
    outer loop
      vertex -2.9499999999999997 -3.786857858300209 44.800030011534695
      vertex -2.9499999999999997 -2.4000000000000004 59.26
      vertex -2.9499999999999997 -3.9500000029802322 44.9090381076932
    endloop
  endfacet
  facet normal 1 0 0
    outer loop
      vertex -2.9499999999999997 -3.9500000029802322 44.9090381076932
      vertex -2.9499999999999997 -2.4000000000000004 59.26
      vertex -2.9499999999999997 -4.125974856317043 44.995819303989414
    endloop
  endfacet
  facet normal 1 0 0
    outer loop
      vertex -2.9499999999999997 -4.125974856317043 44.995819303989414
      vertex -2.9499999999999997 -2.4000000000000004 59.26
      vertex -2.9499999999999997 -4.311771437525749 45.058888744413856
    endloop
  endfacet
  facet normal 1 0 0
    outer loop
      vertex -2.9499999999999997 -4.311771437525749 45.058888744413856
      vertex -2.9499999999999997 -2.4000000000000004 59.26
      vertex -2.9499999999999997 -4.504210717976093 45.09716729432345
    endloop
  endfacet
  facet normal 1 0 0
    outer loop
      vertex -2.9499999999999997 -4.504210717976093 45.09716729432345
      vertex -2.9499999999999997 -2.4000000000000004 59.26
      vertex -2.9499999999999997 -4.700000002980232 45.110000002980236
    endloop
  endfacet
  facet normal 1 0 0
    outer loop
      vertex -2.9499999999999997 1.9000000000000001 59.76
      vertex -2.9499999999999997 -19.500000000000004 59.76
      vertex -2.9499999999999997 -0.8 59.26
    endloop
  endfacet
  facet normal 1 0 0
    outer loop
      vertex -2.9499999999999997 -19.500000000000004 59.76
      vertex -2.9499999999999997 -2.4000000000000004 59.26
      vertex -2.9499999999999997 -0.8 59.26
    endloop
  endfacet
  facet normal 0 0 -1
    outer loop
      vertex -2.9499999999999997 1.9000000000000001 59.76
      vertex 30.45 1.9000000000000001 59.76
      vertex -2.9499999999999997 -19.500000000000004 59.76
    endloop
  endfacet
  facet normal 1 0 0
    outer loop
      vertex -2.9499999999999997 -9.78716728836298 33.4142107179761
      vertex -2.9499999999999997 -9.799999997019768 33.610000002980236
      vertex -2.9499999999999997 -19.500000000000004 59.76
    endloop
  endfacet
  facet normal 1 0 0
    outer loop
      vertex -2.9499999999999997 -9.799999997019768 33.610000002980236
      vertex -2.9499999999999997 -9.799999997019768 43.610000002980236
      vertex -2.9499999999999997 -19.500000000000004 59.76
    endloop
  endfacet
  facet normal 1 0 0
    outer loop
      vertex -2.9499999999999997 -9.799999997019768 43.610000002980236
      vertex -2.9499999999999997 -9.78716728836298 43.805789287984375
      vertex -2.9499999999999997 -19.500000000000004 59.76
    endloop
  endfacet
  facet normal 1 0 0
    outer loop
      vertex -2.9499999999999997 -9.748888738453388 43.99822856843472
      vertex -2.9499999999999997 -9.685819298028946 44.184025149643425
      vertex -2.9499999999999997 -19.500000000000004 59.76
    endloop
  endfacet
  facet normal 1 0 0
    outer loop
      vertex -2.9499999999999997 -9.78716728836298 43.805789287984375
      vertex -2.9499999999999997 -9.748888738453388 43.99822856843472
      vertex -2.9499999999999997 -19.500000000000004 59.76
    endloop
  endfacet
  facet normal 1 0 0
    outer loop
      vertex -2.9499999999999997 -4.700000002980232 45.110000002980236
      vertex -2.9499999999999997 -19.500000000000004 59.76
      vertex -2.9499999999999997 -8.299999997019768 45.110000002980236
    endloop
  endfacet
  facet normal 1 0 0
    outer loop
      vertex -2.9499999999999997 -4.700000002980232 45.110000002980236
      vertex -2.9499999999999997 -2.4000000000000004 59.26
      vertex -2.9499999999999997 -19.500000000000004 59.76
    endloop
  endfacet
  facet normal 1 0 0
    outer loop
      vertex -2.9499999999999997 -8.299999997019768 45.110000002980236
      vertex -2.9499999999999997 -19.500000000000004 59.76
      vertex -2.9499999999999997 -8.495789282023907 45.09716729432345
    endloop
  endfacet
  facet normal 1 0 0
    outer loop
      vertex -2.9499999999999997 -8.495789282023907 45.09716729432345
      vertex -2.9499999999999997 -19.500000000000004 59.76
      vertex -2.9499999999999997 -8.68822856247425 45.058888744413856
    endloop
  endfacet
  facet normal 1 0 0
    outer loop
      vertex -2.9499999999999997 -8.68822856247425 45.058888744413856
      vertex -2.9499999999999997 -19.500000000000004 59.76
      vertex -2.9499999999999997 -8.874025143682957 44.995819303989414
    endloop
  endfacet
  facet normal 1 0 0
    outer loop
      vertex -2.9499999999999997 -8.874025143682957 44.995819303989414
      vertex -2.9499999999999997 -19.500000000000004 59.76
      vertex -2.9499999999999997 -9.049999997019768 44.9090381076932
    endloop
  endfacet
  facet normal 1 0 0
    outer loop
      vertex -2.9499999999999997 -9.049999997019768 44.9090381076932
      vertex -2.9499999999999997 -19.500000000000004 59.76
      vertex -2.9499999999999997 -9.213142141699791 44.800030011534695
    endloop
  endfacet
  facet normal 1 0 0
    outer loop
      vertex -2.9499999999999997 -9.360660165548325 44.67066017150879
      vertex -2.9499999999999997 -9.213142141699791 44.800030011534695
      vertex -2.9499999999999997 -19.500000000000004 59.76
    endloop
  endfacet
  facet normal 1 0 0
    outer loop
      vertex -2.9499999999999997 -9.360660165548325 44.67066017150879
      vertex -2.9499999999999997 -19.500000000000004 59.76
      vertex -2.9499999999999997 -9.490030005574226 44.52314214766026
    endloop
  endfacet
  facet normal 1 0 0
    outer loop
      vertex -2.9499999999999997 -9.59903810173273 44.360000002980236
      vertex -2.9499999999999997 -9.490030005574226 44.52314214766026
      vertex -2.9499999999999997 -19.500000000000004 59.76
    endloop
  endfacet
  facet normal 1 0 0
    outer loop
      vertex -2.9499999999999997 -9.59903810173273 44.360000002980236
      vertex -2.9499999999999997 -19.500000000000004 59.76
      vertex -2.9499999999999997 -9.685819298028946 44.184025149643425
    endloop
  endfacet
  facet normal 0 1 0
    outer loop
      vertex -0.53 -19.500000000000004 50.31
      vertex -2.9499999999999997 -19.500000000000004 59.76
      vertex -0.5171672920607155 -19.500000000000004 50.50578928833008
    endloop
  endfacet
  facet normal 0 1 0
    outer loop
      vertex -0.5171672920607155 -19.500000000000004 50.50578928833008
      vertex -2.9499999999999997 -19.500000000000004 59.76
      vertex -0.47888873943360255 -19.500000000000004 50.698228567653786
    endloop
  endfacet
  facet normal 0 1 0
    outer loop
      vertex -0.47888873943360255 -19.500000000000004 50.698228567653786
      vertex -2.9499999999999997 -19.500000000000004 59.76
      vertex -0.41581929876693 -19.500000000000004 50.884025148547636
    endloop
  endfacet
  facet normal 0 1 0
    outer loop
      vertex -0.41581929876693 -19.500000000000004 50.884025148547636
      vertex -2.9499999999999997 -19.500000000000004 59.76
      vertex -0.32903810567665803 -19.500000000000004 51.06
    endloop
  endfacet
  facet normal 0 1 0
    outer loop
      vertex -0.32903810567665803 -19.500000000000004 51.06
      vertex -2.9499999999999997 -19.500000000000004 59.76
      vertex -0.22003001043685289 -19.500000000000004 51.22314214351308
    endloop
  endfacet
  facet normal 0 1 0
    outer loop
      vertex -0.22003001043685289 -19.500000000000004 51.22314214351308
      vertex -2.9499999999999997 -19.500000000000004 59.76
      vertex -0.09066017177982144 -19.500000000000004 51.370660171779825
    endloop
  endfacet
  facet normal 0 1 0
    outer loop
      vertex -0.09066017177982144 -19.500000000000004 51.370660171779825
      vertex -2.9499999999999997 -19.500000000000004 59.76
      vertex 0.05685785648691899 -19.500000000000004 51.50003001043685
    endloop
  endfacet
  facet normal 0 1 0
    outer loop
      vertex 0.05685785648691899 -19.500000000000004 51.50003001043685
      vertex -2.9499999999999997 -19.500000000000004 59.76
      vertex 0.21999999999999997 -19.500000000000004 51.60903810567666
    endloop
  endfacet
  facet normal 0 1 0
    outer loop
      vertex 0.21999999999999997 -19.500000000000004 51.60903810567666
      vertex -2.9499999999999997 -19.500000000000004 59.76
      vertex 0.39597485145236533 -19.500000000000004 51.695819298766935
    endloop
  endfacet
  facet normal 0 1 0
    outer loop
      vertex 0.39597485145236533 -19.500000000000004 51.695819298766935
      vertex -2.9499999999999997 -19.500000000000004 59.76
      vertex 0.5817714323462189 -19.500000000000004 51.75888873943361
    endloop
  endfacet
  facet normal 0 1 0
    outer loop
      vertex 0.5817714323462189 -19.500000000000004 51.75888873943361
      vertex -2.9499999999999997 -19.500000000000004 59.76
      vertex 0.7742107116699226 -19.500000000000004 51.79716729206072
    endloop
  endfacet
  facet normal 0 1 0
    outer loop
      vertex 0.7742107116699226 -19.500000000000004 51.79716729206072
      vertex -2.9499999999999997 -19.500000000000004 59.76
      vertex 0.97 -19.500000000000004 51.81
    endloop
  endfacet
  facet normal 0 1 0
    outer loop
      vertex 0.97 -19.500000000000004 51.81
      vertex -2.9499999999999997 -19.500000000000004 59.76
      vertex 30.45 -19.500000000000004 59.76
    endloop
  endfacet
  facet normal -1 0 0
    outer loop
      vertex 30.45 1.9000000000000001 0
      vertex 30.45 -19.500000000000004 0
      vertex 30.45 -0.8 1.7000000000000046
    endloop
  endfacet
  facet normal -1 0 0
    outer loop
      vertex 30.45 -19.500000000000004 0
      vertex 30.45 -2.4000000000000004 1.7000000000000046
      vertex 30.45 -0.8 1.7000000000000046
    endloop
  endfacet
  facet normal 0 -1 0
    outer loop
      vertex -2.9499999999999997 1.9000000000000001 0
      vertex 30.45 1.9000000000000001 0
      vertex 30.45 1.9000000000000001 59.76
    endloop
  endfacet
  facet normal -1 0 0
    outer loop
      vertex 30.45 1.9000000000000001 0
      vertex 30.45 -0.8 1.7000000000000046
      vertex 30.45 1.9000000000000001 59.76
    endloop
  endfacet
  facet normal -1 0 0
    outer loop
      vertex 30.45 -4.613293319940567 39.84247713893652
      vertex 30.45 -2.4000000000000004 1.7000000000000046
      vertex 30.45 -4.78578644245863 39.645786437988285
    endloop
  endfacet
  facet normal -1 0 0
    outer loop
      vertex 30.45 -4.982477143406868 39.47329331547022
      vertex 30.45 -4.78578644245863 39.645786437988285
      vertex 30.45 -2.4000000000000004 1.7000000000000046
    endloop
  endfacet
  facet normal -1 0 0
    outer loop
      vertex 30.45 -4.268148347735405 40.54236191123724
      vertex 30.45 -2.4000000000000004 1.7000000000000046
      vertex 30.45 -4.352240934967995 40.29463313132525
    endloop
  endfacet
  facet normal -1 0 0
    outer loop
      vertex 30.45 -4.268148347735405 40.54236191123724
      vertex 30.45 -4.21711028367281 40.798947613537315
      vertex 30.45 -2.4000000000000004 1.7000000000000046
    endloop
  endfacet
  facet normal -1 0 0
    outer loop
      vertex 30.45 -4.21711028367281 40.798947613537315
      vertex 30.45 -4.200000002980232 41.05999999850989
      vertex 30.45 -2.4000000000000004 1.7000000000000046
    endloop
  endfacet
  facet normal -1 0 0
    outer loop
      vertex 30.45 -4.467949196696281 40.05999999850989
      vertex 30.45 -4.352240934967995 40.29463313132525
      vertex 30.45 -2.4000000000000004 1.7000000000000046
    endloop
  endfacet
  facet normal -1 0 0
    outer loop
      vertex 30.45 -4.467949196696281 40.05999999850989
      vertex 30.45 -2.4000000000000004 1.7000000000000046
      vertex 30.45 -4.613293319940567 39.84247713893652
    endloop
  endfacet
  facet normal -1 0 0
    outer loop
      vertex 30.45 -4.982477143406868 39.47329331547022
      vertex 30.45 -2.4000000000000004 1.7000000000000046
      vertex 30.45 -5.200000002980232 39.32794919222594
    endloop
  endfacet
  facet normal -1 0 0
    outer loop
      vertex 30.45 -5.200000002980232 39.32794919222594
      vertex 30.45 -2.4000000000000004 1.7000000000000046
      vertex 30.45 -5.434633135795593 39.21224093049765
    endloop
  endfacet
  facet normal -1 0 0
    outer loop
      vertex 30.45 -5.434633135795593 39.21224093049765
      vertex 30.45 -2.4000000000000004 1.7000000000000046
      vertex 30.45 -5.682361915707588 39.12814834326506
    endloop
  endfacet
  facet normal -1 0 0
    outer loop
      vertex 30.45 -5.682361915707588 39.12814834326506
      vertex 30.45 -2.4000000000000004 1.7000000000000046
      vertex 30.45 -5.93894761800766 39.077110279202465
    endloop
  endfacet
  facet normal -1 0 0
    outer loop
      vertex 30.45 -5.93894761800766 39.077110279202465
      vertex 30.45 -2.4000000000000004 1.7000000000000046
      vertex 30.45 -6.200000002980232 39.05999999850989
    endloop
  endfacet
  facet normal -1 0 0
    outer loop
      vertex 30.45 -6.200000002980232 39.05999999850989
      vertex 30.45 -2.4000000000000004 1.7000000000000046
      vertex 30.45 -12.600000001490116 39.05999999850989
    endloop
  endfacet
  facet normal -1 0 0
    outer loop
      vertex 30.45 -4.200000002980232 41.05999999850989
      vertex 30.45 -4.200000002980232 48.05999999850989
      vertex 30.45 -2.4000000000000004 1.7000000000000046
    endloop
  endfacet
  facet normal -1 0 0
    outer loop
      vertex 30.45 -4.200000002980232 48.05999999850989
      vertex 30.45 -2.4000000000000004 59.26
      vertex 30.45 -2.4000000000000004 1.7000000000000046
    endloop
  endfacet
  facet normal -1 0 0
    outer loop
      vertex 30.45 -19.500000000000004 0
      vertex 30.45 -14.447759069502354 40.29463313132525
      vertex 30.45 -2.4000000000000004 1.7000000000000046
    endloop
  endfacet
  facet normal 0 1 0
    outer loop
      vertex 0.97 -19.500000000000004 20.19
      vertex 26.529999999999998 -19.500000000000004 20.19
      vertex 30.45 -19.500000000000004 0
    endloop
  endfacet
  facet normal 0 1 0
    outer loop
      vertex 30.45 -19.500000000000004 0
      vertex 26.529999999999998 -19.500000000000004 20.19
      vertex 26.725789288330073 -19.500000000000004 20.202832707939287
    endloop
  endfacet
  facet normal 0 1 0
    outer loop
      vertex 30.45 -19.500000000000004 0
      vertex 26.725789288330073 -19.500000000000004 20.202832707939287
      vertex 26.918228567653777 -19.500000000000004 20.2411112605664
    endloop
  endfacet
  facet normal 0 1 0
    outer loop
      vertex 30.45 -19.500000000000004 0
      vertex 26.918228567653777 -19.500000000000004 20.2411112605664
      vertex 27.10402514854763 -19.500000000000004 20.304180701233072
    endloop
  endfacet
  facet normal 0 1 0
    outer loop
      vertex 30.45 -19.500000000000004 0
      vertex 27.10402514854763 -19.500000000000004 20.304180701233072
      vertex 27.279999999999998 -19.500000000000004 20.390961894323343
    endloop
  endfacet
  facet normal 0 1 0
    outer loop
      vertex 30.45 -19.500000000000004 0
      vertex 27.279999999999998 -19.500000000000004 20.390961894323343
      vertex 27.44314214351308 -19.500000000000004 20.499969989563148
    endloop
  endfacet
  facet normal 0 1 0
    outer loop
      vertex 30.45 -19.500000000000004 0
      vertex 27.44314214351308 -19.500000000000004 20.499969989563148
      vertex 27.59066017177982 -19.500000000000004 20.629339828220182
    endloop
  endfacet
  facet normal 0 1 0
    outer loop
      vertex 30.45 -19.500000000000004 0
      vertex 27.59066017177982 -19.500000000000004 20.629339828220182
      vertex 27.72003001043685 -19.500000000000004 20.77685785648692
    endloop
  endfacet
  facet normal 0 1 0
    outer loop
      vertex 30.45 -19.500000000000004 0
      vertex 27.72003001043685 -19.500000000000004 20.77685785648692
      vertex 27.829038105676656 -19.500000000000004 20.94
    endloop
  endfacet
  facet normal 0 1 0
    outer loop
      vertex 30.45 -19.500000000000004 0
      vertex 27.829038105676656 -19.500000000000004 20.94
      vertex 27.915819298766927 -19.500000000000004 21.115974851452364
    endloop
  endfacet
  facet normal 0 1 0
    outer loop
      vertex 30.45 -19.500000000000004 0
      vertex 27.915819298766927 -19.500000000000004 21.115974851452364
      vertex 27.9788887394336 -19.500000000000004 21.30177143234622
    endloop
  endfacet
  facet normal 0 1 0
    outer loop
      vertex 30.45 -19.500000000000004 0
      vertex 27.9788887394336 -19.500000000000004 21.30177143234622
      vertex 28.017167292060712 -19.500000000000004 21.494210711669922
    endloop
  endfacet
  facet normal 0 1 0
    outer loop
      vertex 30.45 -19.500000000000004 0
      vertex 28.017167292060712 -19.500000000000004 21.494210711669922
      vertex 28.029999999999998 -19.500000000000004 21.69
    endloop
  endfacet
  facet normal -1 0 0
    outer loop
      vertex 30.45 -12.600000001490116 39.05999999850989
      vertex 30.45 -2.4000000000000004 1.7000000000000046
      vertex 30.45 -12.861052386462688 39.077110279202465
    endloop
  endfacet
  facet normal -1 0 0
    outer loop
      vertex 30.45 -12.861052386462688 39.077110279202465
      vertex 30.45 -2.4000000000000004 1.7000000000000046
      vertex 30.45 -13.11763808876276 39.12814834326506
    endloop
  endfacet
  facet normal -1 0 0
    outer loop
      vertex 30.45 -13.11763808876276 39.12814834326506
      vertex 30.45 -2.4000000000000004 1.7000000000000046
      vertex 30.45 -13.365366868674755 39.21224093049765
    endloop
  endfacet
  facet normal -1 0 0
    outer loop
      vertex 30.45 -13.365366868674755 39.21224093049765
      vertex 30.45 -2.4000000000000004 1.7000000000000046
      vertex 30.45 -13.600000001490116 39.32794919222594
    endloop
  endfacet
  facet normal -1 0 0
    outer loop
      vertex 30.45 -13.600000001490116 39.32794919222594
      vertex 30.45 -2.4000000000000004 1.7000000000000046
      vertex 30.45 -13.81752286106348 39.47329331547022
    endloop
  endfacet
  facet normal -1 0 0
    outer loop
      vertex 30.45 -13.81752286106348 39.47329331547022
      vertex 30.45 -2.4000000000000004 1.7000000000000046
      vertex 30.45 -14.014213562011719 39.645786437988285
    endloop
  endfacet
  facet normal -1 0 0
    outer loop
      vertex 30.45 -14.014213562011719 39.645786437988285
      vertex 30.45 -2.4000000000000004 1.7000000000000046
      vertex 30.45 -14.186706684529781 39.84247713893652
    endloop
  endfacet
  facet normal -1 0 0
    outer loop
      vertex 30.45 -14.186706684529781 39.84247713893652
      vertex 30.45 -2.4000000000000004 1.7000000000000046
      vertex 30.45 -14.332050807774067 40.05999999850989
    endloop
  endfacet
  facet normal -1 0 0
    outer loop
      vertex 30.45 -14.332050807774067 40.05999999850989
      vertex 30.45 -2.4000000000000004 1.7000000000000046
      vertex 30.45 -14.447759069502354 40.29463313132525
    endloop
  endfacet
  facet normal -1 0 0
    outer loop
      vertex 30.45 -19.500000000000004 0
      vertex 30.45 -14.531851656734943 40.54236191123724
      vertex 30.45 -14.447759069502354 40.29463313132525
    endloop
  endfacet
  facet normal -1 0 0
    outer loop
      vertex 30.45 -19.500000000000004 0
      vertex 30.45 -14.582889720797539 40.798947613537315
      vertex 30.45 -14.531851656734943 40.54236191123724
    endloop
  endfacet
  facet normal -1 0 0
    outer loop
      vertex 30.45 -19.500000000000004 0
      vertex 30.45 -14.600000001490116 41.05999999850989
      vertex 30.45 -14.582889720797539 40.798947613537315
    endloop
  endfacet
  facet normal 0 1 0
    outer loop
      vertex 30.45 -19.500000000000004 0
      vertex 28.029999999999998 -19.500000000000004 21.69
      vertex 28.029999999999998 -19.500000000000004 50.31
    endloop
  endfacet
  facet normal -1 0 0
    outer loop
      vertex 30.45 -19.500000000000004 0
      vertex 30.45 -14.600000001490116 48.05999999850989
      vertex 30.45 -14.600000001490116 41.05999999850989
    endloop
  endfacet
  facet normal -1 0 0
    outer loop
      vertex 30.45 -19.500000000000004 0
      vertex 30.45 -19.500000000000004 59.76
      vertex 30.45 -14.600000001490116 48.05999999850989
    endloop
  endfacet
  facet normal 0 1 0
    outer loop
      vertex 30.45 -19.500000000000004 0
      vertex 28.029999999999998 -19.500000000000004 50.31
      vertex 30.45 -19.500000000000004 59.76
    endloop
  endfacet
  facet normal -1 0 0
    outer loop
      vertex 30.45 1.9000000000000001 59.76
      vertex 30.45 -0.8 1.7000000000000046
      vertex 30.45 -0.8 59.26
    endloop
  endfacet
  facet normal -1 0 0
    outer loop
      vertex 30.45 -4.200000002980232 48.05999999850989
      vertex 30.45 -4.21711028367281 48.32105238348246
      vertex 30.45 -2.4000000000000004 59.26
    endloop
  endfacet
  facet normal -1 0 0
    outer loop
      vertex 30.45 -4.21711028367281 48.32105238348246
      vertex 30.45 -4.268148347735405 48.57763808578253
      vertex 30.45 -2.4000000000000004 59.26
    endloop
  endfacet
  facet normal -1 0 0
    outer loop
      vertex 30.45 -4.268148347735405 48.57763808578253
      vertex 30.45 -4.352240934967995 48.82536686569453
      vertex 30.45 -2.4000000000000004 59.26
    endloop
  endfacet
  facet normal -1 0 0
    outer loop
      vertex 30.45 -4.352240934967995 48.82536686569453
      vertex 30.45 -4.467949196696281 49.05999999850989
      vertex 30.45 -2.4000000000000004 59.26
    endloop
  endfacet
  facet normal -1 0 0
    outer loop
      vertex 30.45 -4.467949196696281 49.05999999850989
      vertex 30.45 -4.613293319940567 49.27752285808325
      vertex 30.45 -2.4000000000000004 59.26
    endloop
  endfacet
  facet normal -1 0 0
    outer loop
      vertex 30.45 -4.613293319940567 49.27752285808325
      vertex 30.45 -4.78578644245863 49.47421355903149
      vertex 30.45 -2.4000000000000004 59.26
    endloop
  endfacet
  facet normal -1 0 0
    outer loop
      vertex 30.45 -4.78578644245863 49.47421355903149
      vertex 30.45 -4.982477143406868 49.64670668154955
      vertex 30.45 -2.4000000000000004 59.26
    endloop
  endfacet
  facet normal -1 0 0
    outer loop
      vertex 30.45 -4.982477143406868 49.64670668154955
      vertex 30.45 -5.200000002980232 49.79205080479384
      vertex 30.45 -2.4000000000000004 59.26
    endloop
  endfacet
  facet normal -1 0 0
    outer loop
      vertex 30.45 -5.200000002980232 49.79205080479384
      vertex 30.45 -5.434633135795593 49.907759066522125
      vertex 30.45 -2.4000000000000004 59.26
    endloop
  endfacet
  facet normal -1 0 0
    outer loop
      vertex 30.45 -5.434633135795593 49.907759066522125
      vertex 30.45 -5.682361915707588 49.991851653754715
      vertex 30.45 -2.4000000000000004 59.26
    endloop
  endfacet
  facet normal -1 0 0
    outer loop
      vertex 30.45 -5.682361915707588 49.991851653754715
      vertex 30.45 -5.93894761800766 50.04288971781731
      vertex 30.45 -2.4000000000000004 59.26
    endloop
  endfacet
  facet normal -1 0 0
    outer loop
      vertex 30.45 -5.93894761800766 50.04288971781731
      vertex 30.45 -6.200000002980232 50.05999999850989
      vertex 30.45 -2.4000000000000004 59.26
    endloop
  endfacet
  facet normal -1 0 0
    outer loop
      vertex 30.45 -6.200000002980232 50.05999999850989
      vertex 30.45 -12.600000001490116 50.05999999850989
      vertex 30.45 -2.4000000000000004 59.26
    endloop
  endfacet
  facet normal -1 0 0
    outer loop
      vertex 30.45 1.9000000000000001 59.76
      vertex 30.45 -0.8 59.26
      vertex 30.45 -19.500000000000004 59.76
    endloop
  endfacet
  facet normal -1 0 0
    outer loop
      vertex 30.45 -19.500000000000004 59.76
      vertex 30.45 -0.8 59.26
      vertex 30.45 -2.4000000000000004 59.26
    endloop
  endfacet
  facet normal -1 0 0
    outer loop
      vertex 30.45 -12.600000001490116 50.05999999850989
      vertex 30.45 -19.500000000000004 59.76
      vertex 30.45 -2.4000000000000004 59.26
    endloop
  endfacet
  facet normal -1 0 0
    outer loop
      vertex 30.45 -12.600000001490116 50.05999999850989
      vertex 30.45 -12.861052386462688 50.04288971781731
      vertex 30.45 -19.500000000000004 59.76
    endloop
  endfacet
  facet normal 0 1 0
    outer loop
      vertex 0.97 -19.500000000000004 51.81
      vertex 30.45 -19.500000000000004 59.76
      vertex 26.529999999999998 -19.500000000000004 51.81
    endloop
  endfacet
  facet normal -1 0 0
    outer loop
      vertex 30.45 -13.600000001490116 49.79205080479384
      vertex 30.45 -13.81752286106348 49.64670668154955
      vertex 30.45 -19.500000000000004 59.76
    endloop
  endfacet
  facet normal -1 0 0
    outer loop
      vertex 30.45 -13.81752286106348 49.64670668154955
      vertex 30.45 -14.014213562011719 49.47421355903149
      vertex 30.45 -19.500000000000004 59.76
    endloop
  endfacet
  facet normal -1 0 0
    outer loop
      vertex 30.45 -12.861052386462688 50.04288971781731
      vertex 30.45 -13.11763808876276 49.991851653754715
      vertex 30.45 -19.500000000000004 59.76
    endloop
  endfacet
  facet normal -1 0 0
    outer loop
      vertex 30.45 -13.11763808876276 49.991851653754715
      vertex 30.45 -13.365366868674755 49.907759066522125
      vertex 30.45 -19.500000000000004 59.76
    endloop
  endfacet
  facet normal -1 0 0
    outer loop
      vertex 30.45 -13.365366868674755 49.907759066522125
      vertex 30.45 -13.600000001490116 49.79205080479384
      vertex 30.45 -19.500000000000004 59.76
    endloop
  endfacet
  facet normal -1 0 0
    outer loop
      vertex 30.45 -14.582889720797539 48.32105238348246
      vertex 30.45 -19.500000000000004 59.76
      vertex 30.45 -14.531851656734943 48.57763808578253
    endloop
  endfacet
  facet normal -1 0 0
    outer loop
      vertex 30.45 -14.531851656734943 48.57763808578253
      vertex 30.45 -19.500000000000004 59.76
      vertex 30.45 -14.447759069502354 48.82536686569453
    endloop
  endfacet
  facet normal -1 0 0
    outer loop
      vertex 30.45 -14.186706684529781 49.27752285808325
      vertex 30.45 -14.332050807774067 49.05999999850989
      vertex 30.45 -19.500000000000004 59.76
    endloop
  endfacet
  facet normal -1 0 0
    outer loop
      vertex 30.45 -14.186706684529781 49.27752285808325
      vertex 30.45 -19.500000000000004 59.76
      vertex 30.45 -14.014213562011719 49.47421355903149
    endloop
  endfacet
  facet normal -1 0 0
    outer loop
      vertex 30.45 -14.332050807774067 49.05999999850989
      vertex 30.45 -14.447759069502354 48.82536686569453
      vertex 30.45 -19.500000000000004 59.76
    endloop
  endfacet
  facet normal -1 0 0
    outer loop
      vertex 30.45 -14.600000001490116 48.05999999850989
      vertex 30.45 -19.500000000000004 59.76
      vertex 30.45 -14.582889720797539 48.32105238348246
    endloop
  endfacet
  facet normal 0 1 0
    outer loop
      vertex 27.44314214351308 -19.500000000000004 51.50003001043685
      vertex 27.279999999999998 -19.500000000000004 51.60903810567666
      vertex 30.45 -19.500000000000004 59.76
    endloop
  endfacet
  facet normal 0 1 0
    outer loop
      vertex 27.915819298766927 -19.500000000000004 50.884025148547636
      vertex 27.829038105676656 -19.500000000000004 51.06
      vertex 30.45 -19.500000000000004 59.76
    endloop
  endfacet
  facet normal 0 1 0
    outer loop
      vertex 27.72003001043685 -19.500000000000004 51.22314214351308
      vertex 27.59066017177982 -19.500000000000004 51.370660171779825
      vertex 30.45 -19.500000000000004 59.76
    endloop
  endfacet
  facet normal 0 1 0
    outer loop
      vertex 27.44314214351308 -19.500000000000004 51.50003001043685
      vertex 30.45 -19.500000000000004 59.76
      vertex 27.59066017177982 -19.500000000000004 51.370660171779825
    endloop
  endfacet
  facet normal 0 1 0
    outer loop
      vertex 27.72003001043685 -19.500000000000004 51.22314214351308
      vertex 30.45 -19.500000000000004 59.76
      vertex 27.829038105676656 -19.500000000000004 51.06
    endloop
  endfacet
  facet normal 0 1 0
    outer loop
      vertex 26.529999999999998 -19.500000000000004 51.81
      vertex 30.45 -19.500000000000004 59.76
      vertex 26.725789288330073 -19.500000000000004 51.79716729206072
    endloop
  endfacet
  facet normal 0 1 0
    outer loop
      vertex 26.725789288330073 -19.500000000000004 51.79716729206072
      vertex 30.45 -19.500000000000004 59.76
      vertex 26.918228567653777 -19.500000000000004 51.75888873943361
    endloop
  endfacet
  facet normal 0 1 0
    outer loop
      vertex 26.918228567653777 -19.500000000000004 51.75888873943361
      vertex 30.45 -19.500000000000004 59.76
      vertex 27.10402514854763 -19.500000000000004 51.695819298766935
    endloop
  endfacet
  facet normal 0 1 0
    outer loop
      vertex 27.10402514854763 -19.500000000000004 51.695819298766935
      vertex 30.45 -19.500000000000004 59.76
      vertex 27.279999999999998 -19.500000000000004 51.60903810567666
    endloop
  endfacet
  facet normal 0 1 0
    outer loop
      vertex 28.029999999999998 -19.500000000000004 50.31
      vertex 28.017167292060712 -19.500000000000004 50.50578928833008
      vertex 30.45 -19.500000000000004 59.76
    endloop
  endfacet
  facet normal 0 1 0
    outer loop
      vertex 28.017167292060712 -19.500000000000004 50.50578928833008
      vertex 27.9788887394336 -19.500000000000004 50.698228567653786
      vertex 30.45 -19.500000000000004 59.76
    endloop
  endfacet
  facet normal 0 1 0
    outer loop
      vertex 27.915819298766927 -19.500000000000004 50.884025148547636
      vertex 30.45 -19.500000000000004 59.76
      vertex 27.9788887394336 -19.500000000000004 50.698228567653786
    endloop
  endfacet
  facet normal 0 0 -1
    outer loop
      vertex -2.9499999999999997 -19.500000000000004 59.76
      vertex 30.45 1.9000000000000001 59.76
      vertex 30.45 -19.500000000000004 59.76
    endloop
  endfacet
  facet normal 0 -0.9469301300366788 0.32143946370773846
    outer loop
      vertex -7.950000000000003 -3.314180701971054 33.03597485631705
      vertex -2.9499999999999997 -3.314180701971054 33.03597485631705
      vertex -7.950000000000003 -3.251111261546612 33.22177143752575
    endloop
  endfacet
  facet normal 0 -0.9807852832718771 0.19509030759446716
    outer loop
      vertex -7.950000000000003 -3.251111261546612 33.22177143752575
      vertex -2.9499999999999997 -3.251111261546612 33.22177143752575
      vertex -7.950000000000003 -3.21283271163702 33.4142107179761
    endloop
  endfacet
  facet normal 0 -0.9978589229274387 0.06540313397759875
    outer loop
      vertex -7.950000000000003 -3.21283271163702 33.4142107179761
      vertex -2.9499999999999997 -3.21283271163702 33.4142107179761
      vertex -7.950000000000003 -3.2000000029802322 33.610000002980236
    endloop
  endfacet
  facet normal 0 -0.7518397942312051 0.6593458302062576
    outer loop
      vertex -7.950000000000003 -3.5099699944257736 32.69685785830021
      vertex -7.950000000000003 -3.6393398344516754 32.54933983445168
      vertex -2.9499999999999997 -3.6393398344516754 32.54933983445168
    endloop
  endfacet
  facet normal 0 -0.8968727369300094 0.4422886995523108
    outer loop
      vertex -7.950000000000003 -3.314180701971054 33.03597485631705
      vertex -7.950000000000003 -3.400961898267269 32.860000002980236
      vertex -2.9499999999999997 -3.400961898267269 32.860000002980236
    endloop
  endfacet
  facet normal 0 -0.8314696119753573 0.5555702335092735
    outer loop
      vertex -7.950000000000003 -3.5099699944257736 32.69685785830021
      vertex -2.9499999999999997 -3.5099699944257736 32.69685785830021
      vertex -7.950000000000003 -3.400961898267269 32.860000002980236
    endloop
  endfacet
  facet normal 0 -0.5555702335092735 0.8314696119753573
    outer loop
      vertex -7.950000000000003 -3.786857858300209 32.41996999442578
      vertex -7.950000000000003 -3.9500000029802322 32.31096189826727
      vertex -2.9499999999999997 -3.9500000029802322 32.31096189826727
    endloop
  endfacet
  facet normal 0 -0.6593458302062576 0.7518397942312051
    outer loop
      vertex -7.950000000000003 -3.6393398344516754 32.54933983445168
      vertex -7.950000000000003 -3.786857858300209 32.41996999442578
      vertex -2.9499999999999997 -3.786857858300209 32.41996999442578
    endloop
  endfacet
  facet normal 0 -0.4422886995523108 0.8968727369300094
    outer loop
      vertex -7.950000000000003 -3.9500000029802322 32.31096189826727
      vertex -7.950000000000003 -4.125974856317043 32.22418070197106
      vertex -2.9499999999999997 -4.125974856317043 32.22418070197106
    endloop
  endfacet
  facet normal 0 -0.32143946370773846 0.9469301300366788
    outer loop
      vertex -7.950000000000003 -4.125974856317043 32.22418070197106
      vertex -7.950000000000003 -4.311771437525749 32.161111261546615
      vertex -2.9499999999999997 -4.311771437525749 32.161111261546615
    endloop
  endfacet
  facet normal 0 -0.19509030759446716 0.9807852832718771
    outer loop
      vertex -7.950000000000003 -4.311771437525749 32.161111261546615
      vertex -7.950000000000003 -4.504210717976093 32.122832711637024
      vertex -2.9499999999999997 -4.504210717976093 32.122832711637024
    endloop
  endfacet
  facet normal 0 -0.06540313397759875 0.9978589229274387
    outer loop
      vertex -7.950000000000003 -4.504210717976093 32.122832711637024
      vertex -7.950000000000003 -4.700000002980232 32.110000002980236
      vertex -2.9499999999999997 -4.700000002980232 32.110000002980236
    endloop
  endfacet
  facet normal 0 -1 0
    outer loop
      vertex -7.950000000000003 -3.2000000029802322 33.610000002980236
      vertex -2.9499999999999997 -3.2000000029802322 33.610000002980236
      vertex -7.950000000000003 -3.2000000029802322 43.610000002980236
    endloop
  endfacet
  facet normal 0 0 1
    outer loop
      vertex -7.950000000000003 -4.700000002980232 32.110000002980236
      vertex -7.950000000000003 -8.299999997019768 32.110000002980236
      vertex -2.9499999999999997 -8.299999997019768 32.110000002980236
    endloop
  endfacet
  facet normal 0 0.06540313397759875 0.9978589229274387
    outer loop
      vertex -7.950000000000003 -8.299999997019768 32.110000002980236
      vertex -7.950000000000003 -8.495789282023907 32.122832711637024
      vertex -2.9499999999999997 -8.495789282023907 32.122832711637024
    endloop
  endfacet
  facet normal 0 0.19509030759446716 0.9807852832718771
    outer loop
      vertex -7.950000000000003 -8.495789282023907 32.122832711637024
      vertex -7.950000000000003 -8.68822856247425 32.161111261546615
      vertex -2.9499999999999997 -8.68822856247425 32.161111261546615
    endloop
  endfacet
  facet normal 0 -0.9469301300366788 0.32143946370773846
    outer loop
      vertex -7.950000000000003 -3.251111261546612 33.22177143752575
      vertex -2.9499999999999997 -3.314180701971054 33.03597485631705
      vertex -2.9499999999999997 -3.251111261546612 33.22177143752575
    endloop
  endfacet
  facet normal 0 -0.9807852832718771 0.19509030759446716
    outer loop
      vertex -7.950000000000003 -3.21283271163702 33.4142107179761
      vertex -2.9499999999999997 -3.251111261546612 33.22177143752575
      vertex -2.9499999999999997 -3.21283271163702 33.4142107179761
    endloop
  endfacet
  facet normal 0 -0.9978589229274387 0.06540313397759875
    outer loop
      vertex -7.950000000000003 -3.2000000029802322 33.610000002980236
      vertex -2.9499999999999997 -3.21283271163702 33.4142107179761
      vertex -2.9499999999999997 -3.2000000029802322 33.610000002980236
    endloop
  endfacet
  facet normal 0 -0.7518397942312051 0.6593458302062576
    outer loop
      vertex -7.950000000000003 -3.5099699944257736 32.69685785830021
      vertex -2.9499999999999997 -3.6393398344516754 32.54933983445168
      vertex -2.9499999999999997 -3.5099699944257736 32.69685785830021
    endloop
  endfacet
  facet normal 0 -0.6593458302062576 0.7518397942312051
    outer loop
      vertex -7.950000000000003 -3.6393398344516754 32.54933983445168
      vertex -2.9499999999999997 -3.786857858300209 32.41996999442578
      vertex -2.9499999999999997 -3.6393398344516754 32.54933983445168
    endloop
  endfacet
  facet normal 0 -0.8968727369300094 0.4422886995523108
    outer loop
      vertex -7.950000000000003 -3.314180701971054 33.03597485631705
      vertex -2.9499999999999997 -3.400961898267269 32.860000002980236
      vertex -2.9499999999999997 -3.314180701971054 33.03597485631705
    endloop
  endfacet
  facet normal 0 -0.8314696119753573 0.5555702335092735
    outer loop
      vertex -7.950000000000003 -3.400961898267269 32.860000002980236
      vertex -2.9499999999999997 -3.5099699944257736 32.69685785830021
      vertex -2.9499999999999997 -3.400961898267269 32.860000002980236
    endloop
  endfacet
  facet normal 0 -0.5555702335092735 0.8314696119753573
    outer loop
      vertex -7.950000000000003 -3.786857858300209 32.41996999442578
      vertex -2.9499999999999997 -3.9500000029802322 32.31096189826727
      vertex -2.9499999999999997 -3.786857858300209 32.41996999442578
    endloop
  endfacet
  facet normal 0 -0.4422886995523108 0.8968727369300094
    outer loop
      vertex -7.950000000000003 -3.9500000029802322 32.31096189826727
      vertex -2.9499999999999997 -4.125974856317043 32.22418070197106
      vertex -2.9499999999999997 -3.9500000029802322 32.31096189826727
    endloop
  endfacet
  facet normal 0 -0.32143946370773846 0.9469301300366788
    outer loop
      vertex -7.950000000000003 -4.125974856317043 32.22418070197106
      vertex -2.9499999999999997 -4.311771437525749 32.161111261546615
      vertex -2.9499999999999997 -4.125974856317043 32.22418070197106
    endloop
  endfacet
  facet normal 0 -0.19509030759446716 0.9807852832718771
    outer loop
      vertex -7.950000000000003 -4.311771437525749 32.161111261546615
      vertex -2.9499999999999997 -4.504210717976093 32.122832711637024
      vertex -2.9499999999999997 -4.311771437525749 32.161111261546615
    endloop
  endfacet
  facet normal 0 -0.06540313397759875 0.9978589229274387
    outer loop
      vertex -7.950000000000003 -4.504210717976093 32.122832711637024
      vertex -2.9499999999999997 -4.700000002980232 32.110000002980236
      vertex -2.9499999999999997 -4.504210717976093 32.122832711637024
    endloop
  endfacet
  facet normal 0 0 1
    outer loop
      vertex -7.950000000000003 -4.700000002980232 32.110000002980236
      vertex -2.9499999999999997 -8.299999997019768 32.110000002980236
      vertex -2.9499999999999997 -4.700000002980232 32.110000002980236
    endloop
  endfacet
  facet normal 0 0.06540313397759875 0.9978589229274387
    outer loop
      vertex -7.950000000000003 -8.299999997019768 32.110000002980236
      vertex -2.9499999999999997 -8.495789282023907 32.122832711637024
      vertex -2.9499999999999997 -8.299999997019768 32.110000002980236
    endloop
  endfacet
  facet normal 0 0.19509030759446716 0.9807852832718771
    outer loop
      vertex -7.950000000000003 -8.495789282023907 32.122832711637024
      vertex -2.9499999999999997 -8.68822856247425 32.161111261546615
      vertex -2.9499999999999997 -8.495789282023907 32.122832711637024
    endloop
  endfacet
  facet normal 0 0.32143946370773846 0.9469301300366788
    outer loop
      vertex -7.950000000000003 -8.68822856247425 32.161111261546615
      vertex -2.9499999999999997 -8.874025143682957 32.22418070197106
      vertex -2.9499999999999997 -8.68822856247425 32.161111261546615
    endloop
  endfacet
  facet normal 0 0.32143946370773846 0.9469301300366788
    outer loop
      vertex -7.950000000000003 -8.68822856247425 32.161111261546615
      vertex -7.950000000000003 -8.874025143682957 32.22418070197106
      vertex -2.9499999999999997 -8.874025143682957 32.22418070197106
    endloop
  endfacet
  facet normal 0 0.4422886995523108 0.8968727369300094
    outer loop
      vertex -7.950000000000003 -8.874025143682957 32.22418070197106
      vertex -7.950000000000003 -9.049999997019768 32.31096189826727
      vertex -2.9499999999999997 -9.049999997019768 32.31096189826727
    endloop
  endfacet
  facet normal 0 0.5555702335092735 0.8314696119753573
    outer loop
      vertex -7.950000000000003 -9.049999997019768 32.31096189826727
      vertex -7.950000000000003 -9.213142141699791 32.41996999442578
      vertex -2.9499999999999997 -9.213142141699791 32.41996999442578
    endloop
  endfacet
  facet normal 0 0.6593458302062576 0.7518397942312051
    outer loop
      vertex -7.950000000000003 -9.213142141699791 32.41996999442578
      vertex -7.950000000000003 -9.360660165548325 32.54933983445168
      vertex -2.9499999999999997 -9.360660165548325 32.54933983445168
    endloop
  endfacet
  facet normal 0 0.7518397942312051 0.6593458302062576
    outer loop
      vertex -7.950000000000003 -9.360660165548325 32.54933983445168
      vertex -7.950000000000003 -9.490030005574226 32.69685785830021
      vertex -2.9499999999999997 -9.490030005574226 32.69685785830021
    endloop
  endfacet
  facet normal 0 0.8314696119753573 0.5555702335092735
    outer loop
      vertex -7.950000000000003 -9.490030005574226 32.69685785830021
      vertex -7.950000000000003 -9.59903810173273 32.860000002980236
      vertex -2.9499999999999997 -9.59903810173273 32.860000002980236
    endloop
  endfacet
  facet normal 0 0.8968727369300094 0.4422886995523108
    outer loop
      vertex -7.950000000000003 -9.59903810173273 32.860000002980236
      vertex -7.950000000000003 -9.685819298028946 33.03597485631705
      vertex -2.9499999999999997 -9.685819298028946 33.03597485631705
    endloop
  endfacet
  facet normal 0 0.9469301300366788 0.32143946370773846
    outer loop
      vertex -7.950000000000003 -9.685819298028946 33.03597485631705
      vertex -7.950000000000003 -9.748888738453388 33.22177143752575
      vertex -2.9499999999999997 -9.748888738453388 33.22177143752575
    endloop
  endfacet
  facet normal 0 0.9807852832718771 0.19509030759446716
    outer loop
      vertex -7.950000000000003 -9.748888738453388 33.22177143752575
      vertex -7.950000000000003 -9.78716728836298 33.4142107179761
      vertex -2.9499999999999997 -9.78716728836298 33.4142107179761
    endloop
  endfacet
  facet normal 0 0.9978589229274387 0.06540313397759875
    outer loop
      vertex -7.950000000000003 -9.78716728836298 33.4142107179761
      vertex -7.950000000000003 -9.799999997019768 33.610000002980236
      vertex -2.9499999999999997 -9.799999997019768 33.610000002980236
    endloop
  endfacet
  facet normal 0 0.4422886995523108 0.8968727369300094
    outer loop
      vertex -7.950000000000003 -8.874025143682957 32.22418070197106
      vertex -2.9499999999999997 -9.049999997019768 32.31096189826727
      vertex -2.9499999999999997 -8.874025143682957 32.22418070197106
    endloop
  endfacet
  facet normal 0 0.5555702335092735 0.8314696119753573
    outer loop
      vertex -7.950000000000003 -9.049999997019768 32.31096189826727
      vertex -2.9499999999999997 -9.213142141699791 32.41996999442578
      vertex -2.9499999999999997 -9.049999997019768 32.31096189826727
    endloop
  endfacet
  facet normal 0 0.6593458302062576 0.7518397942312051
    outer loop
      vertex -7.950000000000003 -9.213142141699791 32.41996999442578
      vertex -2.9499999999999997 -9.360660165548325 32.54933983445168
      vertex -2.9499999999999997 -9.213142141699791 32.41996999442578
    endloop
  endfacet
  facet normal 0 0.7518397942312051 0.6593458302062576
    outer loop
      vertex -7.950000000000003 -9.360660165548325 32.54933983445168
      vertex -2.9499999999999997 -9.490030005574226 32.69685785830021
      vertex -2.9499999999999997 -9.360660165548325 32.54933983445168
    endloop
  endfacet
  facet normal 0 0.8314696119753573 0.5555702335092735
    outer loop
      vertex -7.950000000000003 -9.490030005574226 32.69685785830021
      vertex -2.9499999999999997 -9.59903810173273 32.860000002980236
      vertex -2.9499999999999997 -9.490030005574226 32.69685785830021
    endloop
  endfacet
  facet normal 0 0.8968727369300094 0.4422886995523108
    outer loop
      vertex -7.950000000000003 -9.59903810173273 32.860000002980236
      vertex -2.9499999999999997 -9.685819298028946 33.03597485631705
      vertex -2.9499999999999997 -9.59903810173273 32.860000002980236
    endloop
  endfacet
  facet normal 0 0.9469301300366788 0.32143946370773846
    outer loop
      vertex -7.950000000000003 -9.685819298028946 33.03597485631705
      vertex -2.9499999999999997 -9.748888738453388 33.22177143752575
      vertex -2.9499999999999997 -9.685819298028946 33.03597485631705
    endloop
  endfacet
  facet normal 0 0.9807852832718771 0.19509030759446716
    outer loop
      vertex -7.950000000000003 -9.748888738453388 33.22177143752575
      vertex -2.9499999999999997 -9.78716728836298 33.4142107179761
      vertex -2.9499999999999997 -9.748888738453388 33.22177143752575
    endloop
  endfacet
  facet normal 0 0.9978589229274387 0.06540313397759875
    outer loop
      vertex -7.950000000000003 -9.78716728836298 33.4142107179761
      vertex -2.9499999999999997 -9.799999997019768 33.610000002980236
      vertex -2.9499999999999997 -9.78716728836298 33.4142107179761
    endloop
  endfacet
  facet normal 0 1 0
    outer loop
      vertex -7.950000000000003 -9.799999997019768 33.610000002980236
      vertex -2.9499999999999997 -9.799999997019768 43.610000002980236
      vertex -2.9499999999999997 -9.799999997019768 33.610000002980236
    endloop
  endfacet
  facet normal 0 -0.9978589229274387 -0.06540313397759875
    outer loop
      vertex -7.950000000000003 -3.2000000029802322 43.610000002980236
      vertex -2.9499999999999997 -3.2000000029802322 43.610000002980236
      vertex -7.950000000000003 -3.21283271163702 43.805789287984375
    endloop
  endfacet
  facet normal 0 -0.9807852832718771 -0.19509030759446716
    outer loop
      vertex -7.950000000000003 -3.21283271163702 43.805789287984375
      vertex -2.9499999999999997 -3.21283271163702 43.805789287984375
      vertex -7.950000000000003 -3.251111261546612 43.99822856843472
    endloop
  endfacet
  facet normal 0 -0.9469301300366788 -0.32143946370773846
    outer loop
      vertex -7.950000000000003 -3.251111261546612 43.99822856843472
      vertex -2.9499999999999997 -3.251111261546612 43.99822856843472
      vertex -7.950000000000003 -3.314180701971054 44.184025149643425
    endloop
  endfacet
  facet normal 0 -0.8968727369300094 -0.4422886995523108
    outer loop
      vertex -7.950000000000003 -3.314180701971054 44.184025149643425
      vertex -2.9499999999999997 -3.314180701971054 44.184025149643425
      vertex -7.950000000000003 -3.400961898267269 44.360000002980236
    endloop
  endfacet
  facet normal 0 -0.8314696119753573 -0.5555702335092735
    outer loop
      vertex -7.950000000000003 -3.400961898267269 44.360000002980236
      vertex -2.9499999999999997 -3.400961898267269 44.360000002980236
      vertex -7.950000000000003 -3.5099699944257736 44.52314214766026
    endloop
  endfacet
  facet normal 0 -0.7518397942312051 -0.6593458302062576
    outer loop
      vertex -7.950000000000003 -3.5099699944257736 44.52314214766026
      vertex -2.9499999999999997 -3.5099699944257736 44.52314214766026
      vertex -7.950000000000003 -3.6393398344516754 44.67066017150879
    endloop
  endfacet
  facet normal 0 -0.6593458302062576 -0.7518397942312051
    outer loop
      vertex -7.950000000000003 -3.6393398344516754 44.67066017150879
      vertex -2.9499999999999997 -3.6393398344516754 44.67066017150879
      vertex -7.950000000000003 -3.786857858300209 44.800030011534695
    endloop
  endfacet
  facet normal 0 -0.5555702335092735 -0.8314696119753573
    outer loop
      vertex -7.950000000000003 -3.786857858300209 44.800030011534695
      vertex -2.9499999999999997 -3.786857858300209 44.800030011534695
      vertex -7.950000000000003 -3.9500000029802322 44.9090381076932
    endloop
  endfacet
  facet normal 0 -0.4422886995523108 -0.8968727369300094
    outer loop
      vertex -7.950000000000003 -3.9500000029802322 44.9090381076932
      vertex -2.9499999999999997 -3.9500000029802322 44.9090381076932
      vertex -7.950000000000003 -4.125974856317043 44.995819303989414
    endloop
  endfacet
  facet normal 0 -0.32143946370773846 -0.9469301300366788
    outer loop
      vertex -7.950000000000003 -4.125974856317043 44.995819303989414
      vertex -2.9499999999999997 -4.125974856317043 44.995819303989414
      vertex -7.950000000000003 -4.311771437525749 45.058888744413856
    endloop
  endfacet
  facet normal 0 -0.19509030759446716 -0.9807852832718771
    outer loop
      vertex -7.950000000000003 -4.311771437525749 45.058888744413856
      vertex -2.9499999999999997 -4.311771437525749 45.058888744413856
      vertex -7.950000000000003 -4.504210717976093 45.09716729432345
    endloop
  endfacet
  facet normal 0 -0.06540313397759875 -0.9978589229274387
    outer loop
      vertex -7.950000000000003 -4.504210717976093 45.09716729432345
      vertex -2.9499999999999997 -4.504210717976093 45.09716729432345
      vertex -7.950000000000003 -4.700000002980232 45.110000002980236
    endloop
  endfacet
  facet normal 0 0 -1
    outer loop
      vertex -7.950000000000003 -4.700000002980232 45.110000002980236
      vertex -2.9499999999999997 -4.700000002980232 45.110000002980236
      vertex -7.950000000000003 -8.299999997019768 45.110000002980236
    endloop
  endfacet
  facet normal 0 0.06540313397759875 -0.9978589229274387
    outer loop
      vertex -7.950000000000003 -8.299999997019768 45.110000002980236
      vertex -2.9499999999999997 -8.299999997019768 45.110000002980236
      vertex -7.950000000000003 -8.495789282023907 45.09716729432345
    endloop
  endfacet
  facet normal 0 0.32143946370773846 -0.9469301300366788
    outer loop
      vertex -7.950000000000003 -8.68822856247425 45.058888744413856
      vertex -2.9499999999999997 -8.68822856247425 45.058888744413856
      vertex -7.950000000000003 -8.874025143682957 44.995819303989414
    endloop
  endfacet
  facet normal 0 0.19509030759446716 -0.9807852832718771
    outer loop
      vertex -7.950000000000003 -8.495789282023907 45.09716729432345
      vertex -2.9499999999999997 -8.495789282023907 45.09716729432345
      vertex -7.950000000000003 -8.68822856247425 45.058888744413856
    endloop
  endfacet
  facet normal 0 -1 0
    outer loop
      vertex -2.9499999999999997 -3.2000000029802322 33.610000002980236
      vertex -2.9499999999999997 -3.2000000029802322 43.610000002980236
      vertex -7.950000000000003 -3.2000000029802322 43.610000002980236
    endloop
  endfacet
  facet normal 0 -0.9978589229274387 -0.06540313397759875
    outer loop
      vertex -7.950000000000003 -3.21283271163702 43.805789287984375
      vertex -2.9499999999999997 -3.2000000029802322 43.610000002980236
      vertex -2.9499999999999997 -3.21283271163702 43.805789287984375
    endloop
  endfacet
  facet normal 0 -0.9807852832718771 -0.19509030759446716
    outer loop
      vertex -7.950000000000003 -3.251111261546612 43.99822856843472
      vertex -2.9499999999999997 -3.21283271163702 43.805789287984375
      vertex -2.9499999999999997 -3.251111261546612 43.99822856843472
    endloop
  endfacet
  facet normal 0 -0.9469301300366788 -0.32143946370773846
    outer loop
      vertex -7.950000000000003 -3.314180701971054 44.184025149643425
      vertex -2.9499999999999997 -3.251111261546612 43.99822856843472
      vertex -2.9499999999999997 -3.314180701971054 44.184025149643425
    endloop
  endfacet
  facet normal 0 -0.8968727369300094 -0.4422886995523108
    outer loop
      vertex -7.950000000000003 -3.400961898267269 44.360000002980236
      vertex -2.9499999999999997 -3.314180701971054 44.184025149643425
      vertex -2.9499999999999997 -3.400961898267269 44.360000002980236
    endloop
  endfacet
  facet normal 0 -0.8314696119753573 -0.5555702335092735
    outer loop
      vertex -7.950000000000003 -3.5099699944257736 44.52314214766026
      vertex -2.9499999999999997 -3.400961898267269 44.360000002980236
      vertex -2.9499999999999997 -3.5099699944257736 44.52314214766026
    endloop
  endfacet
  facet normal 0 -0.7518397942312051 -0.6593458302062576
    outer loop
      vertex -7.950000000000003 -3.6393398344516754 44.67066017150879
      vertex -2.9499999999999997 -3.5099699944257736 44.52314214766026
      vertex -2.9499999999999997 -3.6393398344516754 44.67066017150879
    endloop
  endfacet
  facet normal 0 -0.6593458302062576 -0.7518397942312051
    outer loop
      vertex -7.950000000000003 -3.786857858300209 44.800030011534695
      vertex -2.9499999999999997 -3.6393398344516754 44.67066017150879
      vertex -2.9499999999999997 -3.786857858300209 44.800030011534695
    endloop
  endfacet
  facet normal 0 -0.5555702335092735 -0.8314696119753573
    outer loop
      vertex -7.950000000000003 -3.9500000029802322 44.9090381076932
      vertex -2.9499999999999997 -3.786857858300209 44.800030011534695
      vertex -2.9499999999999997 -3.9500000029802322 44.9090381076932
    endloop
  endfacet
  facet normal 0 -0.4422886995523108 -0.8968727369300094
    outer loop
      vertex -7.950000000000003 -4.125974856317043 44.995819303989414
      vertex -2.9499999999999997 -3.9500000029802322 44.9090381076932
      vertex -2.9499999999999997 -4.125974856317043 44.995819303989414
    endloop
  endfacet
  facet normal 0 -0.32143946370773846 -0.9469301300366788
    outer loop
      vertex -7.950000000000003 -4.311771437525749 45.058888744413856
      vertex -2.9499999999999997 -4.125974856317043 44.995819303989414
      vertex -2.9499999999999997 -4.311771437525749 45.058888744413856
    endloop
  endfacet
  facet normal 0 -0.19509030759446716 -0.9807852832718771
    outer loop
      vertex -7.950000000000003 -4.504210717976093 45.09716729432345
      vertex -2.9499999999999997 -4.311771437525749 45.058888744413856
      vertex -2.9499999999999997 -4.504210717976093 45.09716729432345
    endloop
  endfacet
  facet normal 0 -0.06540313397759875 -0.9978589229274387
    outer loop
      vertex -7.950000000000003 -4.700000002980232 45.110000002980236
      vertex -2.9499999999999997 -4.504210717976093 45.09716729432345
      vertex -2.9499999999999997 -4.700000002980232 45.110000002980236
    endloop
  endfacet
  facet normal 0 0 -1
    outer loop
      vertex -7.950000000000003 -8.299999997019768 45.110000002980236
      vertex -2.9499999999999997 -4.700000002980232 45.110000002980236
      vertex -2.9499999999999997 -8.299999997019768 45.110000002980236
    endloop
  endfacet
  facet normal 0 0.06540313397759875 -0.9978589229274387
    outer loop
      vertex -7.950000000000003 -8.495789282023907 45.09716729432345
      vertex -2.9499999999999997 -8.299999997019768 45.110000002980236
      vertex -2.9499999999999997 -8.495789282023907 45.09716729432345
    endloop
  endfacet
  facet normal 0 0.19509030759446716 -0.9807852832718771
    outer loop
      vertex -7.950000000000003 -8.68822856247425 45.058888744413856
      vertex -2.9499999999999997 -8.495789282023907 45.09716729432345
      vertex -2.9499999999999997 -8.68822856247425 45.058888744413856
    endloop
  endfacet
  facet normal 0 1 0
    outer loop
      vertex -7.950000000000003 -9.799999997019768 33.610000002980236
      vertex -7.950000000000003 -9.799999997019768 43.610000002980236
      vertex -2.9499999999999997 -9.799999997019768 43.610000002980236
    endloop
  endfacet
  facet normal 0 0.9978589229274387 -0.06540313397759875
    outer loop
      vertex -7.950000000000003 -9.799999997019768 43.610000002980236
      vertex -7.950000000000003 -9.78716728836298 43.805789287984375
      vertex -2.9499999999999997 -9.78716728836298 43.805789287984375
    endloop
  endfacet
  facet normal 0 0.9807852832718771 -0.19509030759446716
    outer loop
      vertex -7.950000000000003 -9.78716728836298 43.805789287984375
      vertex -7.950000000000003 -9.748888738453388 43.99822856843472
      vertex -2.9499999999999997 -9.748888738453388 43.99822856843472
    endloop
  endfacet
  facet normal 0 0.9469301300366788 -0.32143946370773846
    outer loop
      vertex -7.950000000000003 -9.748888738453388 43.99822856843472
      vertex -7.950000000000003 -9.685819298028946 44.184025149643425
      vertex -2.9499999999999997 -9.685819298028946 44.184025149643425
    endloop
  endfacet
  facet normal 0 0.8968727369300094 -0.4422886995523108
    outer loop
      vertex -7.950000000000003 -9.59903810173273 44.360000002980236
      vertex -2.9499999999999997 -9.59903810173273 44.360000002980236
      vertex -7.950000000000003 -9.685819298028946 44.184025149643425
    endloop
  endfacet
  facet normal 0 0.4422886995523108 -0.8968727369300094
    outer loop
      vertex -7.950000000000003 -8.874025143682957 44.995819303989414
      vertex -2.9499999999999997 -8.874025143682957 44.995819303989414
      vertex -7.950000000000003 -9.049999997019768 44.9090381076932
    endloop
  endfacet
  facet normal 0 0.5555702335092735 -0.8314696119753573
    outer loop
      vertex -7.950000000000003 -9.049999997019768 44.9090381076932
      vertex -2.9499999999999997 -9.049999997019768 44.9090381076932
      vertex -7.950000000000003 -9.213142141699791 44.800030011534695
    endloop
  endfacet
  facet normal 0 0.6593458302062576 -0.7518397942312051
    outer loop
      vertex -7.950000000000003 -9.360660165548325 44.67066017150879
      vertex -7.950000000000003 -9.213142141699791 44.800030011534695
      vertex -2.9499999999999997 -9.213142141699791 44.800030011534695
    endloop
  endfacet
  facet normal 0 0.7518397942312051 -0.6593458302062576
    outer loop
      vertex -7.950000000000003 -9.360660165548325 44.67066017150879
      vertex -2.9499999999999997 -9.360660165548325 44.67066017150879
      vertex -7.950000000000003 -9.490030005574226 44.52314214766026
    endloop
  endfacet
  facet normal 0 0.8314696119753573 -0.5555702335092735
    outer loop
      vertex -7.950000000000003 -9.59903810173273 44.360000002980236
      vertex -7.950000000000003 -9.490030005574226 44.52314214766026
      vertex -2.9499999999999997 -9.490030005574226 44.52314214766026
    endloop
  endfacet
  facet normal 0 0.8314696119753573 -0.5555702335092735
    outer loop
      vertex -7.950000000000003 -9.59903810173273 44.360000002980236
      vertex -2.9499999999999997 -9.490030005574226 44.52314214766026
      vertex -2.9499999999999997 -9.59903810173273 44.360000002980236
    endloop
  endfacet
  facet normal 0 0.9978589229274387 -0.06540313397759875
    outer loop
      vertex -7.950000000000003 -9.799999997019768 43.610000002980236
      vertex -2.9499999999999997 -9.78716728836298 43.805789287984375
      vertex -2.9499999999999997 -9.799999997019768 43.610000002980236
    endloop
  endfacet
  facet normal 0 0.9807852832718771 -0.19509030759446716
    outer loop
      vertex -7.950000000000003 -9.78716728836298 43.805789287984375
      vertex -2.9499999999999997 -9.748888738453388 43.99822856843472
      vertex -2.9499999999999997 -9.78716728836298 43.805789287984375
    endloop
  endfacet
  facet normal 0 0.9469301300366788 -0.32143946370773846
    outer loop
      vertex -7.950000000000003 -9.748888738453388 43.99822856843472
      vertex -2.9499999999999997 -9.685819298028946 44.184025149643425
      vertex -2.9499999999999997 -9.748888738453388 43.99822856843472
    endloop
  endfacet
  facet normal 0 0.8968727369300094 -0.4422886995523108
    outer loop
      vertex -7.950000000000003 -9.685819298028946 44.184025149643425
      vertex -2.9499999999999997 -9.59903810173273 44.360000002980236
      vertex -2.9499999999999997 -9.685819298028946 44.184025149643425
    endloop
  endfacet
  facet normal 0 0.32143946370773846 -0.9469301300366788
    outer loop
      vertex -2.9499999999999997 -8.68822856247425 45.058888744413856
      vertex -2.9499999999999997 -8.874025143682957 44.995819303989414
      vertex -7.950000000000003 -8.874025143682957 44.995819303989414
    endloop
  endfacet
  facet normal 0 0.4422886995523108 -0.8968727369300094
    outer loop
      vertex -7.950000000000003 -9.049999997019768 44.9090381076932
      vertex -2.9499999999999997 -8.874025143682957 44.995819303989414
      vertex -2.9499999999999997 -9.049999997019768 44.9090381076932
    endloop
  endfacet
  facet normal 0 0.5555702335092735 -0.8314696119753573
    outer loop
      vertex -7.950000000000003 -9.213142141699791 44.800030011534695
      vertex -2.9499999999999997 -9.049999997019768 44.9090381076932
      vertex -2.9499999999999997 -9.213142141699791 44.800030011534695
    endloop
  endfacet
  facet normal 0 0.6593458302062576 -0.7518397942312051
    outer loop
      vertex -7.950000000000003 -9.360660165548325 44.67066017150879
      vertex -2.9499999999999997 -9.213142141699791 44.800030011534695
      vertex -2.9499999999999997 -9.360660165548325 44.67066017150879
    endloop
  endfacet
  facet normal 0 0.7518397942312051 -0.6593458302062576
    outer loop
      vertex -7.950000000000003 -9.490030005574226 44.52314214766026
      vertex -2.9499999999999997 -9.360660165548325 44.67066017150879
      vertex -2.9499999999999997 -9.490030005574226 44.52314214766026
    endloop
  endfacet
  facet normal 0 -0.5555702203832522 0.8314696207458842
    outer loop
      vertex 30.45 -4.982477143406868 39.47329331547022
      vertex 30.45 -5.200000002980232 39.32794919222594
      vertex 35.45 -5.200000002980232 39.32794919222594
    endloop
  endfacet
  facet normal 0 -0.4422887070837332 0.8968727332159226
    outer loop
      vertex 30.45 -5.200000002980232 39.32794919222594
      vertex 30.45 -5.434633135795593 39.21224093049765
      vertex 35.45 -5.434633135795593 39.21224093049765
    endloop
  endfacet
  facet normal 0 -0.321439457928675 0.9469301319984065
    outer loop
      vertex 30.45 -5.434633135795593 39.21224093049765
      vertex 30.45 -5.682361915707588 39.12814834326506
      vertex 35.45 -5.682361915707588 39.12814834326506
    endloop
  endfacet
  facet normal 0 -0.19509030209549946 0.9807852843656897
    outer loop
      vertex 30.45 -5.682361915707588 39.12814834326506
      vertex 30.45 -5.93894761800766 39.077110279202465
      vertex 35.45 -5.93894761800766 39.077110279202465
    endloop
  endfacet
  facet normal 0 -0.06540314219103631 0.9978589223891017
    outer loop
      vertex 30.45 -5.93894761800766 39.077110279202465
      vertex 30.45 -6.200000002980232 39.05999999850989
      vertex 35.45 -6.200000002980232 39.05999999850989
    endloop
  endfacet
  facet normal 0 -0.5555702203832522 0.8314696207458842
    outer loop
      vertex 30.45 -4.982477143406868 39.47329331547022
      vertex 35.45 -5.200000002980232 39.32794919222594
      vertex 35.45 -4.982477143406868 39.47329331547022
    endloop
  endfacet
  facet normal 0 -0.4422887070837332 0.8968727332159226
    outer loop
      vertex 30.45 -5.200000002980232 39.32794919222594
      vertex 35.45 -5.434633135795593 39.21224093049765
      vertex 35.45 -5.200000002980232 39.32794919222594
    endloop
  endfacet
  facet normal 0 -0.321439457928675 0.9469301319984065
    outer loop
      vertex 30.45 -5.434633135795593 39.21224093049765
      vertex 35.45 -5.682361915707588 39.12814834326506
      vertex 35.45 -5.434633135795593 39.21224093049765
    endloop
  endfacet
  facet normal 0 -0.19509030209549946 0.9807852843656897
    outer loop
      vertex 30.45 -5.682361915707588 39.12814834326506
      vertex 35.45 -5.93894761800766 39.077110279202465
      vertex 35.45 -5.682361915707588 39.12814834326506
    endloop
  endfacet
  facet normal 0 -0.06540314219103631 0.9978589223891017
    outer loop
      vertex 30.45 -5.93894761800766 39.077110279202465
      vertex 35.45 -6.200000002980232 39.05999999850989
      vertex 35.45 -5.93894761800766 39.077110279202465
    endloop
  endfacet
  facet normal 0 0 1
    outer loop
      vertex 30.45 -6.200000002980232 39.05999999850989
      vertex 35.45 -12.600000001490116 39.05999999850989
      vertex 35.45 -6.200000002980232 39.05999999850989
    endloop
  endfacet
  facet normal 0 0 1
    outer loop
      vertex 30.45 -6.200000002980232 39.05999999850989
      vertex 30.45 -12.600000001490116 39.05999999850989
      vertex 35.45 -12.600000001490116 39.05999999850989
    endloop
  endfacet
  facet normal 0 0.06540314219103631 0.9978589223891017
    outer loop
      vertex 30.45 -12.600000001490116 39.05999999850989
      vertex 30.45 -12.861052386462688 39.077110279202465
      vertex 35.45 -12.861052386462688 39.077110279202465
    endloop
  endfacet
  facet normal 0 0.19509030209549946 0.9807852843656897
    outer loop
      vertex 30.45 -12.861052386462688 39.077110279202465
      vertex 30.45 -13.11763808876276 39.12814834326506
      vertex 35.45 -13.11763808876276 39.12814834326506
    endloop
  endfacet
  facet normal 0 0.321439457928675 0.9469301319984065
    outer loop
      vertex 30.45 -13.11763808876276 39.12814834326506
      vertex 30.45 -13.365366868674755 39.21224093049765
      vertex 35.45 -13.365366868674755 39.21224093049765
    endloop
  endfacet
  facet normal 0 0.4422887070837332 0.8968727332159226
    outer loop
      vertex 30.45 -13.365366868674755 39.21224093049765
      vertex 30.45 -13.600000001490116 39.32794919222594
      vertex 35.45 -13.600000001490116 39.32794919222594
    endloop
  endfacet
  facet normal 0 0.5555702203832522 0.8314696207458842
    outer loop
      vertex 30.45 -13.600000001490116 39.32794919222594
      vertex 30.45 -13.81752286106348 39.47329331547022
      vertex 35.45 -13.81752286106348 39.47329331547022
    endloop
  endfacet
  facet normal 0 0.06540314219103631 0.9978589223891017
    outer loop
      vertex 30.45 -12.600000001490116 39.05999999850989
      vertex 35.45 -12.861052386462688 39.077110279202465
      vertex 35.45 -12.600000001490116 39.05999999850989
    endloop
  endfacet
  facet normal 0 0.19509030209549946 0.9807852843656897
    outer loop
      vertex 30.45 -12.861052386462688 39.077110279202465
      vertex 35.45 -13.11763808876276 39.12814834326506
      vertex 35.45 -12.861052386462688 39.077110279202465
    endloop
  endfacet
  facet normal 0 0.321439457928675 0.9469301319984065
    outer loop
      vertex 30.45 -13.11763808876276 39.12814834326506
      vertex 35.45 -13.365366868674755 39.21224093049765
      vertex 35.45 -13.11763808876276 39.12814834326506
    endloop
  endfacet
  facet normal 0 0.4422887070837332 0.8968727332159226
    outer loop
      vertex 30.45 -13.365366868674755 39.21224093049765
      vertex 35.45 -13.600000001490116 39.32794919222594
      vertex 35.45 -13.365366868674755 39.21224093049765
    endloop
  endfacet
  facet normal 0 0.5555702203832522 0.8314696207458842
    outer loop
      vertex 30.45 -13.600000001490116 39.32794919222594
      vertex 35.45 -13.81752286106348 39.47329331547022
      vertex 35.45 -13.600000001490116 39.32794919222594
    endloop
  endfacet
  facet normal 0 -0.9807852843656897 0.19509030209549946
    outer loop
      vertex 30.45 -4.268148347735405 40.54236191123724
      vertex 35.45 -4.268148347735405 40.54236191123724
      vertex 30.45 -4.21711028367281 40.798947613537315
    endloop
  endfacet
  facet normal 0 -0.9469301319984065 0.321439457928675
    outer loop
      vertex 30.45 -4.268148347735405 40.54236191123724
      vertex 30.45 -4.352240934967995 40.29463313132525
      vertex 35.45 -4.352240934967995 40.29463313132525
    endloop
  endfacet
  facet normal 0 -0.8968727332159226 0.4422887070837332
    outer loop
      vertex 30.45 -4.467949196696281 40.05999999850989
      vertex 35.45 -4.467949196696281 40.05999999850989
      vertex 30.45 -4.352240934967995 40.29463313132525
    endloop
  endfacet
  facet normal 0 -0.8314696207458842 0.5555702203832522
    outer loop
      vertex 30.45 -4.467949196696281 40.05999999850989
      vertex 30.45 -4.613293319940567 39.84247713893652
      vertex 35.45 -4.613293319940567 39.84247713893652
    endloop
  endfacet
  facet normal 0 -0.7518397936522605 0.6593458308664175
    outer loop
      vertex 30.45 -4.613293319940567 39.84247713893652
      vertex 30.45 -4.78578644245863 39.645786437988285
      vertex 35.45 -4.78578644245863 39.645786437988285
    endloop
  endfacet
  facet normal 0 -0.9978589223891017 0.06540314219103631
    outer loop
      vertex 30.45 -4.21711028367281 40.798947613537315
      vertex 35.45 -4.21711028367281 40.798947613537315
      vertex 30.45 -4.200000002980232 41.05999999850989
    endloop
  endfacet
  facet normal 0 -0.6593458308664175 0.7518397936522605
    outer loop
      vertex 30.45 -4.982477143406868 39.47329331547022
      vertex 35.45 -4.982477143406868 39.47329331547022
      vertex 30.45 -4.78578644245863 39.645786437988285
    endloop
  endfacet
  facet normal 0 -1 0
    outer loop
      vertex 30.45 -4.200000002980232 41.05999999850989
      vertex 35.45 -4.200000002980232 41.05999999850989
      vertex 30.45 -4.200000002980232 48.05999999850989
    endloop
  endfacet
  facet normal 0 -0.9978589223891017 -0.06540314219103631
    outer loop
      vertex 30.45 -4.200000002980232 48.05999999850989
      vertex 35.45 -4.200000002980232 48.05999999850989
      vertex 30.45 -4.21711028367281 48.32105238348246
    endloop
  endfacet
  facet normal 0 -0.9807852843656897 -0.19509030209549946
    outer loop
      vertex 30.45 -4.21711028367281 48.32105238348246
      vertex 35.45 -4.21711028367281 48.32105238348246
      vertex 30.45 -4.268148347735405 48.57763808578253
    endloop
  endfacet
  facet normal 0 -0.9469301319984065 -0.321439457928675
    outer loop
      vertex 30.45 -4.268148347735405 48.57763808578253
      vertex 35.45 -4.268148347735405 48.57763808578253
      vertex 30.45 -4.352240934967995 48.82536686569453
    endloop
  endfacet
  facet normal 0 -0.8968727332159226 -0.4422887070837332
    outer loop
      vertex 30.45 -4.352240934967995 48.82536686569453
      vertex 35.45 -4.352240934967995 48.82536686569453
      vertex 30.45 -4.467949196696281 49.05999999850989
    endloop
  endfacet
  facet normal 0 -0.8314696207458842 -0.5555702203832522
    outer loop
      vertex 30.45 -4.467949196696281 49.05999999850989
      vertex 35.45 -4.467949196696281 49.05999999850989
      vertex 30.45 -4.613293319940567 49.27752285808325
    endloop
  endfacet
  facet normal 0 -0.7518397936522605 -0.6593458308664175
    outer loop
      vertex 30.45 -4.613293319940567 49.27752285808325
      vertex 35.45 -4.613293319940567 49.27752285808325
      vertex 30.45 -4.78578644245863 49.47421355903149
    endloop
  endfacet
  facet normal 0 -0.6593458308664175 -0.7518397936522605
    outer loop
      vertex 30.45 -4.78578644245863 49.47421355903149
      vertex 35.45 -4.78578644245863 49.47421355903149
      vertex 30.45 -4.982477143406868 49.64670668154955
    endloop
  endfacet
  facet normal 0 -0.5555702203832522 -0.8314696207458842
    outer loop
      vertex 30.45 -4.982477143406868 49.64670668154955
      vertex 35.45 -4.982477143406868 49.64670668154955
      vertex 30.45 -5.200000002980232 49.79205080479384
    endloop
  endfacet
  facet normal 0 -0.4422887070837332 -0.8968727332159226
    outer loop
      vertex 30.45 -5.200000002980232 49.79205080479384
      vertex 35.45 -5.200000002980232 49.79205080479384
      vertex 30.45 -5.434633135795593 49.907759066522125
    endloop
  endfacet
  facet normal 0 -0.321439457928675 -0.9469301319984065
    outer loop
      vertex 30.45 -5.434633135795593 49.907759066522125
      vertex 35.45 -5.434633135795593 49.907759066522125
      vertex 30.45 -5.682361915707588 49.991851653754715
    endloop
  endfacet
  facet normal 0 -0.19509030209549946 -0.9807852843656897
    outer loop
      vertex 30.45 -5.682361915707588 49.991851653754715
      vertex 35.45 -5.682361915707588 49.991851653754715
      vertex 30.45 -5.93894761800766 50.04288971781731
    endloop
  endfacet
  facet normal 0 -0.06540314219103631 -0.9978589223891017
    outer loop
      vertex 30.45 -5.93894761800766 50.04288971781731
      vertex 35.45 -5.93894761800766 50.04288971781731
      vertex 30.45 -6.200000002980232 50.05999999850989
    endloop
  endfacet
  facet normal 0 0 -1
    outer loop
      vertex 30.45 -6.200000002980232 50.05999999850989
      vertex 35.45 -6.200000002980232 50.05999999850989
      vertex 30.45 -12.600000001490116 50.05999999850989
    endloop
  endfacet
  facet normal 0 -0.9469301319984065 0.321439457928675
    outer loop
      vertex 30.45 -4.268148347735405 40.54236191123724
      vertex 35.45 -4.352240934967995 40.29463313132525
      vertex 35.45 -4.268148347735405 40.54236191123724
    endloop
  endfacet
  facet normal 0 -0.9807852843656897 0.19509030209549946
    outer loop
      vertex 30.45 -4.21711028367281 40.798947613537315
      vertex 35.45 -4.268148347735405 40.54236191123724
      vertex 35.45 -4.21711028367281 40.798947613537315
    endloop
  endfacet
  facet normal 0 -0.8968727332159226 0.4422887070837332
    outer loop
      vertex 30.45 -4.352240934967995 40.29463313132525
      vertex 35.45 -4.467949196696281 40.05999999850989
      vertex 35.45 -4.352240934967995 40.29463313132525
    endloop
  endfacet
  facet normal 0 -0.7518397936522605 0.6593458308664175
    outer loop
      vertex 30.45 -4.613293319940567 39.84247713893652
      vertex 35.45 -4.78578644245863 39.645786437988285
      vertex 35.45 -4.613293319940567 39.84247713893652
    endloop
  endfacet
  facet normal 0 -0.8314696207458842 0.5555702203832522
    outer loop
      vertex 30.45 -4.467949196696281 40.05999999850989
      vertex 35.45 -4.613293319940567 39.84247713893652
      vertex 35.45 -4.467949196696281 40.05999999850989
    endloop
  endfacet
  facet normal 0 -0.6593458308664175 0.7518397936522605
    outer loop
      vertex 35.45 -4.982477143406868 39.47329331547022
      vertex 35.45 -4.78578644245863 39.645786437988285
      vertex 30.45 -4.78578644245863 39.645786437988285
    endloop
  endfacet
  facet normal 0 -0.9978589223891017 0.06540314219103631
    outer loop
      vertex 30.45 -4.200000002980232 41.05999999850989
      vertex 35.45 -4.21711028367281 40.798947613537315
      vertex 35.45 -4.200000002980232 41.05999999850989
    endloop
  endfacet
  facet normal 0 -1 0
    outer loop
      vertex 30.45 -4.200000002980232 48.05999999850989
      vertex 35.45 -4.200000002980232 41.05999999850989
      vertex 35.45 -4.200000002980232 48.05999999850989
    endloop
  endfacet
  facet normal 0 -0.9978589223891017 -0.06540314219103631
    outer loop
      vertex 30.45 -4.21711028367281 48.32105238348246
      vertex 35.45 -4.200000002980232 48.05999999850989
      vertex 35.45 -4.21711028367281 48.32105238348246
    endloop
  endfacet
  facet normal 0 -0.9807852843656897 -0.19509030209549946
    outer loop
      vertex 30.45 -4.268148347735405 48.57763808578253
      vertex 35.45 -4.21711028367281 48.32105238348246
      vertex 35.45 -4.268148347735405 48.57763808578253
    endloop
  endfacet
  facet normal 0 -0.9469301319984065 -0.321439457928675
    outer loop
      vertex 30.45 -4.352240934967995 48.82536686569453
      vertex 35.45 -4.268148347735405 48.57763808578253
      vertex 35.45 -4.352240934967995 48.82536686569453
    endloop
  endfacet
  facet normal 0 -0.8968727332159226 -0.4422887070837332
    outer loop
      vertex 30.45 -4.467949196696281 49.05999999850989
      vertex 35.45 -4.352240934967995 48.82536686569453
      vertex 35.45 -4.467949196696281 49.05999999850989
    endloop
  endfacet
  facet normal 0 -0.8314696207458842 -0.5555702203832522
    outer loop
      vertex 30.45 -4.613293319940567 49.27752285808325
      vertex 35.45 -4.467949196696281 49.05999999850989
      vertex 35.45 -4.613293319940567 49.27752285808325
    endloop
  endfacet
  facet normal 0 -0.7518397936522605 -0.6593458308664175
    outer loop
      vertex 30.45 -4.78578644245863 49.47421355903149
      vertex 35.45 -4.613293319940567 49.27752285808325
      vertex 35.45 -4.78578644245863 49.47421355903149
    endloop
  endfacet
  facet normal 0 -0.6593458308664175 -0.7518397936522605
    outer loop
      vertex 30.45 -4.982477143406868 49.64670668154955
      vertex 35.45 -4.78578644245863 49.47421355903149
      vertex 35.45 -4.982477143406868 49.64670668154955
    endloop
  endfacet
  facet normal 0 -0.5555702203832522 -0.8314696207458842
    outer loop
      vertex 30.45 -5.200000002980232 49.79205080479384
      vertex 35.45 -4.982477143406868 49.64670668154955
      vertex 35.45 -5.200000002980232 49.79205080479384
    endloop
  endfacet
  facet normal 0 -0.4422887070837332 -0.8968727332159226
    outer loop
      vertex 30.45 -5.434633135795593 49.907759066522125
      vertex 35.45 -5.200000002980232 49.79205080479384
      vertex 35.45 -5.434633135795593 49.907759066522125
    endloop
  endfacet
  facet normal 0 -0.321439457928675 -0.9469301319984065
    outer loop
      vertex 30.45 -5.682361915707588 49.991851653754715
      vertex 35.45 -5.434633135795593 49.907759066522125
      vertex 35.45 -5.682361915707588 49.991851653754715
    endloop
  endfacet
  facet normal 0 -0.19509030209549946 -0.9807852843656897
    outer loop
      vertex 30.45 -5.93894761800766 50.04288971781731
      vertex 35.45 -5.682361915707588 49.991851653754715
      vertex 35.45 -5.93894761800766 50.04288971781731
    endloop
  endfacet
  facet normal 0 -0.06540314219103631 -0.9978589223891017
    outer loop
      vertex 30.45 -6.200000002980232 50.05999999850989
      vertex 35.45 -5.93894761800766 50.04288971781731
      vertex 35.45 -6.200000002980232 50.05999999850989
    endloop
  endfacet
  facet normal 0 0.6593458308664175 0.7518397936522605
    outer loop
      vertex 30.45 -13.81752286106348 39.47329331547022
      vertex 30.45 -14.014213562011719 39.645786437988285
      vertex 35.45 -14.014213562011719 39.645786437988285
    endloop
  endfacet
  facet normal 0 0.7518397936522605 0.6593458308664175
    outer loop
      vertex 30.45 -14.014213562011719 39.645786437988285
      vertex 30.45 -14.186706684529781 39.84247713893652
      vertex 35.45 -14.186706684529781 39.84247713893652
    endloop
  endfacet
  facet normal 0 0.8314696207458842 0.5555702203832522
    outer loop
      vertex 30.45 -14.186706684529781 39.84247713893652
      vertex 30.45 -14.332050807774067 40.05999999850989
      vertex 35.45 -14.332050807774067 40.05999999850989
    endloop
  endfacet
  facet normal 0 0.8968727332159226 0.4422887070837332
    outer loop
      vertex 30.45 -14.332050807774067 40.05999999850989
      vertex 30.45 -14.447759069502354 40.29463313132525
      vertex 35.45 -14.447759069502354 40.29463313132525
    endloop
  endfacet
  facet normal 0 0.9469301319984065 0.321439457928675
    outer loop
      vertex 30.45 -14.447759069502354 40.29463313132525
      vertex 30.45 -14.531851656734943 40.54236191123724
      vertex 35.45 -14.531851656734943 40.54236191123724
    endloop
  endfacet
  facet normal 0 0.9807852843656897 0.19509030209549946
    outer loop
      vertex 30.45 -14.531851656734943 40.54236191123724
      vertex 30.45 -14.582889720797539 40.798947613537315
      vertex 35.45 -14.582889720797539 40.798947613537315
    endloop
  endfacet
  facet normal 0 0.9978589223891017 0.06540314219103631
    outer loop
      vertex 30.45 -14.582889720797539 40.798947613537315
      vertex 30.45 -14.600000001490116 41.05999999850989
      vertex 35.45 -14.600000001490116 41.05999999850989
    endloop
  endfacet
  facet normal 0 1 0
    outer loop
      vertex 30.45 -14.600000001490116 41.05999999850989
      vertex 30.45 -14.600000001490116 48.05999999850989
      vertex 35.45 -14.600000001490116 48.05999999850989
    endloop
  endfacet
  facet normal 0 0.8314696207458842 -0.5555702203832522
    outer loop
      vertex 30.45 -14.186706684529781 49.27752285808325
      vertex 35.45 -14.186706684529781 49.27752285808325
      vertex 30.45 -14.332050807774067 49.05999999850989
    endloop
  endfacet
  facet normal 0 0.9978589223891017 -0.06540314219103631
    outer loop
      vertex 30.45 -14.600000001490116 48.05999999850989
      vertex 30.45 -14.582889720797539 48.32105238348246
      vertex 35.45 -14.582889720797539 48.32105238348246
    endloop
  endfacet
  facet normal 0 0.9807852843656897 -0.19509030209549946
    outer loop
      vertex 30.45 -14.582889720797539 48.32105238348246
      vertex 30.45 -14.531851656734943 48.57763808578253
      vertex 35.45 -14.531851656734943 48.57763808578253
    endloop
  endfacet
  facet normal 0 0.9469301319984065 -0.321439457928675
    outer loop
      vertex 30.45 -14.531851656734943 48.57763808578253
      vertex 30.45 -14.447759069502354 48.82536686569453
      vertex 35.45 -14.447759069502354 48.82536686569453
    endloop
  endfacet
  facet normal 0 0.8968727332159226 -0.4422887070837332
    outer loop
      vertex 30.45 -14.332050807774067 49.05999999850989
      vertex 35.45 -14.332050807774067 49.05999999850989
      vertex 30.45 -14.447759069502354 48.82536686569453
    endloop
  endfacet
  facet normal 0 0.06540314219103631 -0.9978589223891017
    outer loop
      vertex 30.45 -12.600000001490116 50.05999999850989
      vertex 35.45 -12.600000001490116 50.05999999850989
      vertex 30.45 -12.861052386462688 50.04288971781731
    endloop
  endfacet
  facet normal 0 0.19509030209549946 -0.9807852843656897
    outer loop
      vertex 30.45 -12.861052386462688 50.04288971781731
      vertex 35.45 -12.861052386462688 50.04288971781731
      vertex 30.45 -13.11763808876276 49.991851653754715
    endloop
  endfacet
  facet normal 0 0.321439457928675 -0.9469301319984065
    outer loop
      vertex 30.45 -13.11763808876276 49.991851653754715
      vertex 35.45 -13.11763808876276 49.991851653754715
      vertex 30.45 -13.365366868674755 49.907759066522125
    endloop
  endfacet
  facet normal 0 0.4422887070837332 -0.8968727332159226
    outer loop
      vertex 30.45 -13.365366868674755 49.907759066522125
      vertex 35.45 -13.365366868674755 49.907759066522125
      vertex 30.45 -13.600000001490116 49.79205080479384
    endloop
  endfacet
  facet normal 0 0.5555702203832522 -0.8314696207458842
    outer loop
      vertex 30.45 -13.600000001490116 49.79205080479384
      vertex 35.45 -13.600000001490116 49.79205080479384
      vertex 30.45 -13.81752286106348 49.64670668154955
    endloop
  endfacet
  facet normal 0 0.6593458308664175 -0.7518397936522605
    outer loop
      vertex 30.45 -13.81752286106348 49.64670668154955
      vertex 35.45 -13.81752286106348 49.64670668154955
      vertex 30.45 -14.014213562011719 49.47421355903149
    endloop
  endfacet
  facet normal 0 0.7518397936522605 -0.6593458308664175
    outer loop
      vertex 30.45 -14.186706684529781 49.27752285808325
      vertex 30.45 -14.014213562011719 49.47421355903149
      vertex 35.45 -14.014213562011719 49.47421355903149
    endloop
  endfacet
  facet normal 0 0.6593458308664175 0.7518397936522605
    outer loop
      vertex 30.45 -13.81752286106348 39.47329331547022
      vertex 35.45 -14.014213562011719 39.645786437988285
      vertex 35.45 -13.81752286106348 39.47329331547022
    endloop
  endfacet
  facet normal 0 0.7518397936522605 0.6593458308664175
    outer loop
      vertex 30.45 -14.014213562011719 39.645786437988285
      vertex 35.45 -14.186706684529781 39.84247713893652
      vertex 35.45 -14.014213562011719 39.645786437988285
    endloop
  endfacet
  facet normal 0 0.8314696207458842 0.5555702203832522
    outer loop
      vertex 30.45 -14.186706684529781 39.84247713893652
      vertex 35.45 -14.332050807774067 40.05999999850989
      vertex 35.45 -14.186706684529781 39.84247713893652
    endloop
  endfacet
  facet normal 0 0.8968727332159226 0.4422887070837332
    outer loop
      vertex 30.45 -14.332050807774067 40.05999999850989
      vertex 35.45 -14.447759069502354 40.29463313132525
      vertex 35.45 -14.332050807774067 40.05999999850989
    endloop
  endfacet
  facet normal 0 0.9469301319984065 0.321439457928675
    outer loop
      vertex 30.45 -14.447759069502354 40.29463313132525
      vertex 35.45 -14.531851656734943 40.54236191123724
      vertex 35.45 -14.447759069502354 40.29463313132525
    endloop
  endfacet
  facet normal 0 0.9807852843656897 0.19509030209549946
    outer loop
      vertex 30.45 -14.531851656734943 40.54236191123724
      vertex 35.45 -14.582889720797539 40.798947613537315
      vertex 35.45 -14.531851656734943 40.54236191123724
    endloop
  endfacet
  facet normal 0 0.9978589223891017 0.06540314219103631
    outer loop
      vertex 30.45 -14.582889720797539 40.798947613537315
      vertex 35.45 -14.600000001490116 41.05999999850989
      vertex 35.45 -14.582889720797539 40.798947613537315
    endloop
  endfacet
  facet normal 0 1 0
    outer loop
      vertex 30.45 -14.600000001490116 41.05999999850989
      vertex 35.45 -14.600000001490116 48.05999999850989
      vertex 35.45 -14.600000001490116 41.05999999850989
    endloop
  endfacet
  facet normal 0 0.7518397936522605 -0.6593458308664175
    outer loop
      vertex 30.45 -14.186706684529781 49.27752285808325
      vertex 35.45 -14.014213562011719 49.47421355903149
      vertex 35.45 -14.186706684529781 49.27752285808325
    endloop
  endfacet
  facet normal 0 0.9978589223891017 -0.06540314219103631
    outer loop
      vertex 30.45 -14.600000001490116 48.05999999850989
      vertex 35.45 -14.582889720797539 48.32105238348246
      vertex 35.45 -14.600000001490116 48.05999999850989
    endloop
  endfacet
  facet normal 0 0.9807852843656897 -0.19509030209549946
    outer loop
      vertex 30.45 -14.582889720797539 48.32105238348246
      vertex 35.45 -14.531851656734943 48.57763808578253
      vertex 35.45 -14.582889720797539 48.32105238348246
    endloop
  endfacet
  facet normal 0 0.9469301319984065 -0.321439457928675
    outer loop
      vertex 30.45 -14.531851656734943 48.57763808578253
      vertex 35.45 -14.447759069502354 48.82536686569453
      vertex 35.45 -14.531851656734943 48.57763808578253
    endloop
  endfacet
  facet normal 0 0.8968727332159226 -0.4422887070837332
    outer loop
      vertex 30.45 -14.447759069502354 48.82536686569453
      vertex 35.45 -14.332050807774067 49.05999999850989
      vertex 35.45 -14.447759069502354 48.82536686569453
    endloop
  endfacet
  facet normal 0 0.8314696207458842 -0.5555702203832522
    outer loop
      vertex 30.45 -14.332050807774067 49.05999999850989
      vertex 35.45 -14.186706684529781 49.27752285808325
      vertex 35.45 -14.332050807774067 49.05999999850989
    endloop
  endfacet
  facet normal 0 0 -1
    outer loop
      vertex 35.45 -6.200000002980232 50.05999999850989
      vertex 35.45 -12.600000001490116 50.05999999850989
      vertex 30.45 -12.600000001490116 50.05999999850989
    endloop
  endfacet
  facet normal 0 0.06540314219103631 -0.9978589223891017
    outer loop
      vertex 30.45 -12.861052386462688 50.04288971781731
      vertex 35.45 -12.600000001490116 50.05999999850989
      vertex 35.45 -12.861052386462688 50.04288971781731
    endloop
  endfacet
  facet normal 0 0.19509030209549946 -0.9807852843656897
    outer loop
      vertex 30.45 -13.11763808876276 49.991851653754715
      vertex 35.45 -12.861052386462688 50.04288971781731
      vertex 35.45 -13.11763808876276 49.991851653754715
    endloop
  endfacet
  facet normal 0 0.321439457928675 -0.9469301319984065
    outer loop
      vertex 30.45 -13.365366868674755 49.907759066522125
      vertex 35.45 -13.11763808876276 49.991851653754715
      vertex 35.45 -13.365366868674755 49.907759066522125
    endloop
  endfacet
  facet normal 0 0.4422887070837332 -0.8968727332159226
    outer loop
      vertex 30.45 -13.600000001490116 49.79205080479384
      vertex 35.45 -13.365366868674755 49.907759066522125
      vertex 35.45 -13.600000001490116 49.79205080479384
    endloop
  endfacet
  facet normal 0 0.5555702203832522 -0.8314696207458842
    outer loop
      vertex 30.45 -13.81752286106348 49.64670668154955
      vertex 35.45 -13.600000001490116 49.79205080479384
      vertex 35.45 -13.81752286106348 49.64670668154955
    endloop
  endfacet
  facet normal 0 0.6593458308664175 -0.7518397936522605
    outer loop
      vertex 30.45 -14.014213562011719 49.47421355903149
      vertex 35.45 -13.81752286106348 49.64670668154955
      vertex 35.45 -14.014213562011719 49.47421355903149
    endloop
  endfacet
  facet normal 0.7518398074789867 0 0.6593458151000583
    outer loop
      vertex 12.361631654490338 -6.8000000000000025 73.43466749923475
      vertex 12.361631654490338 -10.800000000000002 73.43466749923475
      vertex 12.512563132923542 -6.8000000000000025 73.26256313292355
    endloop
  endfacet
  facet normal 0.8968727415326935 0 0.4422886902189906
    outer loop
      vertex 12.133210818105248 -6.8000000000000025 73.8303039933611
      vertex 12.133210818105248 -10.800000000000002 73.8303039933611
      vertex 12.234455543377232 -6.8000000000000025 73.625
    endloop
  endfacet
  facet normal 0.9469301294951075 1.0991265398078143e-20 0.32143946530315626
    outer loop
      vertex 12.133210818105248 -6.8000000000000025 73.8303039933611
      vertex 12.059629803994131 -6.8000000000000025 74.0470666710706
      vertex 12.059629803994131 -10.800000000000002 74.0470666710706
    endloop
  endfacet
  facet normal 0.8314696123025307 -6.501565284656238e-19 0.5555702330196239
    outer loop
      vertex 12.361631654490338 -6.8000000000000025 73.43466749923475
      vertex 12.234455543377232 -6.8000000000000025 73.625
      vertex 12.234455543377232 -10.800000000000002 73.625
    endloop
  endfacet
  facet normal 0.19509032201616805 0 0.9807852804032225
    outer loop
      vertex 13.297066671070588 -6.8000000000000025 72.80962980399414
      vertex 13.297066671070588 -10.800000000000002 72.80962980399414
      vertex 13.52157916361491 -6.8000000000000025 72.76497149259583
    endloop
  endfacet
  facet normal 0.0654031292301505 0 0.997858923238603
    outer loop
      vertex 13.52157916361491 -6.8000000000000025 72.76497149259583
      vertex 13.52157916361491 -10.800000000000002 72.76497149259583
      vertex 13.75 -6.8000000000000025 72.75
    endloop
  endfacet
  facet normal 0.5555702330195864 0 0.8314696123025559
    outer loop
      vertex 12.684667499234738 -6.8000000000000025 73.11163165449034
      vertex 12.684667499234738 -10.800000000000002 73.11163165449034
      vertex 12.875 -6.8000000000000025 72.98445554337724
    endloop
  endfacet
  facet normal 0.6593458151000825 -1.0223253878145513e-18 0.7518398074789655
    outer loop
      vertex 12.684667499234738 -6.8000000000000025 73.11163165449034
      vertex 12.512563132923542 -6.8000000000000025 73.26256313292355
      vertex 12.512563132923542 -10.800000000000002 73.26256313292355
    endloop
  endfacet
  facet normal 0.4422886902189936 0 0.896872741532692
    outer loop
      vertex 12.875 -6.8000000000000025 72.98445554337724
      vertex 12.875 -10.800000000000002 72.98445554337724
      vertex 13.080303993361094 -6.8000000000000025 72.88321081810525
    endloop
  endfacet
  facet normal 0.3214394653031447 -1.3589078996170709e-18 0.9469301294951114
    outer loop
      vertex 13.297066671070588 -6.8000000000000025 72.80962980399414
      vertex 13.080303993361094 -6.8000000000000025 72.88321081810525
      vertex 13.080303993361094 -10.800000000000002 72.88321081810525
    endloop
  endfacet
  facet normal 0.98078528040323 4.8325697122054864e-20 0.19509032201613072
    outer loop
      vertex 12.059629803994131 -6.8000000000000025 74.0470666710706
      vertex 12.014971492595832 -6.8000000000000025 74.27157916361492
      vertex 12.014971492595832 -10.800000000000002 74.27157916361492
    endloop
  endfacet
  facet normal 0.9978589232386034 -1.5921163112912074e-20 0.0654031292301448
    outer loop
      vertex 12.014971492595832 -6.8000000000000025 74.27157916361492
      vertex 12 -6.8000000000000025 74.5
      vertex 12 -10.800000000000002 74.5
    endloop
  endfacet
  facet normal 0.9978589232386037 -1.802255538273633e-19 -0.06540312923014074
    outer loop
      vertex 12 -6.8000000000000025 74.5
      vertex 12.014971492595832 -6.8000000000000025 74.7284208363851
      vertex 12.014971492595832 -10.800000000000002 74.7284208363851
    endloop
  endfacet
  facet normal 0.98078528040323 -4.8325697122054864e-20 -0.19509032201613072
    outer loop
      vertex 12.014971492595832 -6.8000000000000025 74.7284208363851
      vertex 12.059629803994131 -6.8000000000000025 74.95293332892942
      vertex 12.059629803994131 -10.800000000000002 74.95293332892942
    endloop
  endfacet
  facet normal 0.9469301294951075 -1.0991265398078143e-20 -0.32143946530315626
    outer loop
      vertex 12.059629803994131 -6.8000000000000025 74.95293332892942
      vertex 12.133210818105248 -6.8000000000000025 75.16969600663892
      vertex 12.133210818105248 -10.800000000000002 75.16969600663892
    endloop
  endfacet
  facet normal 0.8968727415326815 1.165484698021016e-18 -0.44228869021901523
    outer loop
      vertex 12.133210818105248 -6.8000000000000025 75.16969600663892
      vertex 12.234455543377232 -6.8000000000000025 75.375
      vertex 12.234455543377232 -10.800000000000002 75.375
    endloop
  endfacet
  facet normal 0.8314696123025498 3.2183705307642777e-19 -0.5555702330195953
    outer loop
      vertex 12.234455543377232 -6.8000000000000025 75.375
      vertex 12.361631654490338 -6.8000000000000025 75.56533250076527
      vertex 12.361631654490338 -10.800000000000002 75.56533250076527
    endloop
  endfacet
  facet normal 0.7518398074789867 5.403421122124802e-19 -0.6593458151000583
    outer loop
      vertex 12.361631654490338 -6.8000000000000025 75.56533250076527
      vertex 12.512563132923542 -6.8000000000000025 75.73743686707647
      vertex 12.512563132923542 -10.800000000000002 75.73743686707647
    endloop
  endfacet
  facet normal 0.6593458151000473 1.2516237513005613e-18 -0.7518398074789961
    outer loop
      vertex 12.512563132923542 -6.8000000000000025 75.73743686707647
      vertex 12.684667499234738 -6.8000000000000025 75.88836834550966
      vertex 12.684667499234738 -10.800000000000002 75.88836834550966
    endloop
  endfacet
  facet normal 0.5555702330195864 -1.872263215069631e-18 -0.8314696123025559
    outer loop
      vertex 12.684667499234738 -6.8000000000000025 75.88836834550966
      vertex 12.875 -6.8000000000000025 76.01554445662276
      vertex 12.875 -10.800000000000002 76.01554445662276
    endloop
  endfacet
  facet normal 0.4422886902189936 1.4339489020568757e-18 -0.896872741532692
    outer loop
      vertex 12.875 -6.8000000000000025 76.01554445662276
      vertex 13.080303993361094 -6.8000000000000025 76.11678918189475
      vertex 13.080303993361094 -10.800000000000002 76.11678918189475
    endloop
  endfacet
  facet normal 0.321439465303256 2.9741931174590407e-19 -0.9469301294950736
    outer loop
      vertex 13.080303993361094 -6.8000000000000025 76.11678918189475
      vertex 13.297066671070588 -6.8000000000000025 76.19037019600589
      vertex 13.297066671070588 -10.800000000000002 76.19037019600589
    endloop
  endfacet
  facet normal 0.19509032201604862 1.2461542128027775e-19 -0.9807852804032463
    outer loop
      vertex 13.297066671070588 -6.8000000000000025 76.19037019600589
      vertex 13.52157916361491 -6.8000000000000025 76.23502850740417
      vertex 13.52157916361491 -10.800000000000002 76.23502850740417
    endloop
  endfacet
  facet normal 0.0654031292301505 -2.92254681541486e-20 -0.997858923238603
    outer loop
      vertex 13.52157916361491 -6.8000000000000025 76.23502850740417
      vertex 13.75 -6.8000000000000025 76.25
      vertex 13.75 -10.800000000000002 76.25
    endloop
  endfacet
  facet normal 0.7518398074789867 0 0.6593458151000583
    outer loop
      vertex 12.512563132923542 -6.8000000000000025 73.26256313292355
      vertex 12.361631654490338 -10.800000000000002 73.43466749923475
      vertex 12.512563132923542 -10.800000000000002 73.26256313292355
    endloop
  endfacet
  facet normal 0.9469301294951075 0 0.32143946530315626
    outer loop
      vertex 12.133210818105248 -6.8000000000000025 73.8303039933611
      vertex 12.059629803994131 -10.800000000000002 74.0470666710706
      vertex 12.133210818105248 -10.800000000000002 73.8303039933611
    endloop
  endfacet
  facet normal 0.8314696123025307 0 0.5555702330196239
    outer loop
      vertex 12.361631654490338 -6.8000000000000025 73.43466749923475
      vertex 12.234455543377232 -10.800000000000002 73.625
      vertex 12.361631654490338 -10.800000000000002 73.43466749923475
    endloop
  endfacet
  facet normal 0.8968727415326935 0 0.4422886902189906
    outer loop
      vertex 12.234455543377232 -6.8000000000000025 73.625
      vertex 12.133210818105248 -10.800000000000002 73.8303039933611
      vertex 12.234455543377232 -10.800000000000002 73.625
    endloop
  endfacet
  facet normal 0.19509032201616805 0 0.9807852804032225
    outer loop
      vertex 13.52157916361491 -6.8000000000000025 72.76497149259583
      vertex 13.297066671070588 -10.800000000000002 72.80962980399414
      vertex 13.52157916361491 -10.800000000000002 72.76497149259583
    endloop
  endfacet
  facet normal 0.0654031292301505 2.92254681541486e-20 0.997858923238603
    outer loop
      vertex 13.52157916361491 -10.800000000000002 72.76497149259583
      vertex 13.75 -10.800000000000002 72.75
      vertex 13.75 -6.8000000000000025 72.75
    endloop
  endfacet
  facet normal 0.5555702330195864 0 0.8314696123025559
    outer loop
      vertex 12.875 -6.8000000000000025 72.98445554337724
      vertex 12.684667499234738 -10.800000000000002 73.11163165449034
      vertex 12.875 -10.800000000000002 72.98445554337724
    endloop
  endfacet
  facet normal 0.6593458151000825 0 0.7518398074789655
    outer loop
      vertex 12.684667499234738 -6.8000000000000025 73.11163165449034
      vertex 12.512563132923542 -10.800000000000002 73.26256313292355
      vertex 12.684667499234738 -10.800000000000002 73.11163165449034
    endloop
  endfacet
  facet normal 0.4422886902189936 0 0.896872741532692
    outer loop
      vertex 13.080303993361094 -6.8000000000000025 72.88321081810525
      vertex 12.875 -10.800000000000002 72.98445554337724
      vertex 13.080303993361094 -10.800000000000002 72.88321081810525
    endloop
  endfacet
  facet normal 0.3214394653031447 0 0.9469301294951114
    outer loop
      vertex 13.297066671070588 -6.8000000000000025 72.80962980399414
      vertex 13.080303993361094 -10.800000000000002 72.88321081810525
      vertex 13.297066671070588 -10.800000000000002 72.80962980399414
    endloop
  endfacet
  facet normal 0.9978589232386034 0 0.0654031292301448
    outer loop
      vertex 12.014971492595832 -6.8000000000000025 74.27157916361492
      vertex 12 -10.800000000000002 74.5
      vertex 12.014971492595832 -10.800000000000002 74.27157916361492
    endloop
  endfacet
  facet normal 0.98078528040323 0 0.19509032201613072
    outer loop
      vertex 12.059629803994131 -6.8000000000000025 74.0470666710706
      vertex 12.014971492595832 -10.800000000000002 74.27157916361492
      vertex 12.059629803994131 -10.800000000000002 74.0470666710706
    endloop
  endfacet
  facet normal 0.9978589232386037 0 -0.06540312923014074
    outer loop
      vertex 12 -6.8000000000000025 74.5
      vertex 12.014971492595832 -10.800000000000002 74.7284208363851
      vertex 12 -10.800000000000002 74.5
    endloop
  endfacet
  facet normal 0.98078528040323 0 -0.19509032201613072
    outer loop
      vertex 12.014971492595832 -6.8000000000000025 74.7284208363851
      vertex 12.059629803994131 -10.800000000000002 74.95293332892942
      vertex 12.014971492595832 -10.800000000000002 74.7284208363851
    endloop
  endfacet
  facet normal 0.9469301294951075 0 -0.32143946530315626
    outer loop
      vertex 12.059629803994131 -6.8000000000000025 74.95293332892942
      vertex 12.133210818105248 -10.800000000000002 75.16969600663892
      vertex 12.059629803994131 -10.800000000000002 74.95293332892942
    endloop
  endfacet
  facet normal 0.8968727415326815 0 -0.44228869021901523
    outer loop
      vertex 12.133210818105248 -6.8000000000000025 75.16969600663892
      vertex 12.234455543377232 -10.800000000000002 75.375
      vertex 12.133210818105248 -10.800000000000002 75.16969600663892
    endloop
  endfacet
  facet normal 0.8314696123025498 0 -0.5555702330195953
    outer loop
      vertex 12.234455543377232 -6.8000000000000025 75.375
      vertex 12.361631654490338 -10.800000000000002 75.56533250076527
      vertex 12.234455543377232 -10.800000000000002 75.375
    endloop
  endfacet
  facet normal 0.7518398074789867 0 -0.6593458151000583
    outer loop
      vertex 12.361631654490338 -6.8000000000000025 75.56533250076527
      vertex 12.512563132923542 -10.800000000000002 75.73743686707647
      vertex 12.361631654490338 -10.800000000000002 75.56533250076527
    endloop
  endfacet
  facet normal 0.6593458151000473 0 -0.7518398074789961
    outer loop
      vertex 12.512563132923542 -6.8000000000000025 75.73743686707647
      vertex 12.684667499234738 -10.800000000000002 75.88836834550966
      vertex 12.512563132923542 -10.800000000000002 75.73743686707647
    endloop
  endfacet
  facet normal 0.5555702330195864 0 -0.8314696123025559
    outer loop
      vertex 12.684667499234738 -6.8000000000000025 75.88836834550966
      vertex 12.875 -10.800000000000002 76.01554445662276
      vertex 12.684667499234738 -10.800000000000002 75.88836834550966
    endloop
  endfacet
  facet normal 0.4422886902189936 0 -0.896872741532692
    outer loop
      vertex 12.875 -6.8000000000000025 76.01554445662276
      vertex 13.080303993361094 -10.800000000000002 76.11678918189475
      vertex 12.875 -10.800000000000002 76.01554445662276
    endloop
  endfacet
  facet normal 0.321439465303256 0 -0.9469301294950736
    outer loop
      vertex 13.080303993361094 -6.8000000000000025 76.11678918189475
      vertex 13.297066671070588 -10.800000000000002 76.19037019600589
      vertex 13.080303993361094 -10.800000000000002 76.11678918189475
    endloop
  endfacet
  facet normal 0.19509032201604862 0 -0.9807852804032463
    outer loop
      vertex 13.297066671070588 -6.8000000000000025 76.19037019600589
      vertex 13.52157916361491 -10.800000000000002 76.23502850740417
      vertex 13.297066671070588 -10.800000000000002 76.19037019600589
    endloop
  endfacet
  facet normal 0.0654031292301505 0 -0.997858923238603
    outer loop
      vertex 13.52157916361491 -6.8000000000000025 76.23502850740417
      vertex 13.75 -10.800000000000002 76.25
      vertex 13.52157916361491 -10.800000000000002 76.23502850740417
    endloop
  endfacet
  facet normal -0.0654031292301505 0 0.997858923238603
    outer loop
      vertex 13.75 -6.8000000000000025 72.75
      vertex 13.75 -10.800000000000002 72.75
      vertex 13.97842083638509 -6.8000000000000025 72.76497149259583
    endloop
  endfacet
  facet normal -0.19509032201616805 0 0.9807852804032225
    outer loop
      vertex 13.97842083638509 -6.8000000000000025 72.76497149259583
      vertex 13.97842083638509 -10.800000000000002 72.76497149259583
      vertex 14.202933328929412 -6.8000000000000025 72.80962980399414
    endloop
  endfacet
  facet normal -0.3214394653031447 0 0.9469301294951114
    outer loop
      vertex 14.202933328929412 -6.8000000000000025 72.80962980399414
      vertex 14.202933328929412 -10.800000000000002 72.80962980399414
      vertex 14.419696006638906 -6.8000000000000025 72.88321081810525
    endloop
  endfacet
  facet normal -0.4422886902189936 0 0.896872741532692
    outer loop
      vertex 14.419696006638906 -6.8000000000000025 72.88321081810525
      vertex 14.419696006638906 -10.800000000000002 72.88321081810525
      vertex 14.625 -6.8000000000000025 72.98445554337724
    endloop
  endfacet
  facet normal -0.5555702330195864 0 0.8314696123025559
    outer loop
      vertex 14.625 -6.8000000000000025 72.98445554337724
      vertex 14.625 -10.800000000000002 72.98445554337724
      vertex 14.815332500765262 -6.8000000000000025 73.11163165449034
    endloop
  endfacet
  facet normal -0.6593458151000825 0 0.7518398074789655
    outer loop
      vertex 14.815332500765262 -6.8000000000000025 73.11163165449034
      vertex 14.815332500765262 -10.800000000000002 73.11163165449034
      vertex 14.987436867076458 -6.8000000000000025 73.26256313292355
    endloop
  endfacet
  facet normal -0.7518398074789867 0 0.6593458151000583
    outer loop
      vertex 14.987436867076458 -6.8000000000000025 73.26256313292355
      vertex 14.987436867076458 -10.800000000000002 73.26256313292355
      vertex 15.138368345509662 -6.8000000000000025 73.43466749923475
    endloop
  endfacet
  facet normal -0.8314696123025307 0 0.5555702330196239
    outer loop
      vertex 15.138368345509662 -6.8000000000000025 73.43466749923475
      vertex 15.138368345509662 -10.800000000000002 73.43466749923475
      vertex 15.265544456622768 -6.8000000000000025 73.625
    endloop
  endfacet
  facet normal -0.8968727415326935 0 0.4422886902189906
    outer loop
      vertex 15.265544456622768 -6.8000000000000025 73.625
      vertex 15.265544456622768 -10.800000000000002 73.625
      vertex 15.366789181894752 -6.8000000000000025 73.8303039933611
    endloop
  endfacet
  facet normal -0.9469301294951075 0 0.32143946530315626
    outer loop
      vertex 15.366789181894752 -6.8000000000000025 73.8303039933611
      vertex 15.366789181894752 -10.800000000000002 73.8303039933611
      vertex 15.440370196005869 -6.8000000000000025 74.0470666710706
    endloop
  endfacet
  facet normal -0.0654031292301505 2.92254681541486e-20 -0.997858923238603
    outer loop
      vertex 13.75 -6.8000000000000025 76.25
      vertex 13.97842083638509 -6.8000000000000025 76.23502850740417
      vertex 13.97842083638509 -10.800000000000002 76.23502850740417
    endloop
  endfacet
  facet normal -0.19509032201604862 -1.2461542128027775e-19 -0.9807852804032463
    outer loop
      vertex 13.97842083638509 -6.8000000000000025 76.23502850740417
      vertex 14.202933328929412 -6.8000000000000025 76.19037019600589
      vertex 14.202933328929412 -10.800000000000002 76.19037019600589
    endloop
  endfacet
  facet normal -0.321439465303256 -2.9741931174590407e-19 -0.9469301294950736
    outer loop
      vertex 14.202933328929412 -6.8000000000000025 76.19037019600589
      vertex 14.419696006638906 -6.8000000000000025 76.11678918189475
      vertex 14.419696006638906 -10.800000000000002 76.11678918189475
    endloop
  endfacet
  facet normal -0.6593458151000473 -1.2516237513005613e-18 -0.7518398074789961
    outer loop
      vertex 14.815332500765262 -6.8000000000000025 75.88836834550966
      vertex 14.987436867076458 -6.8000000000000025 75.73743686707647
      vertex 14.987436867076458 -10.800000000000002 75.73743686707647
    endloop
  endfacet
  facet normal -0.4422886902189936 -1.4339489020568757e-18 -0.896872741532692
    outer loop
      vertex 14.419696006638906 -6.8000000000000025 76.11678918189475
      vertex 14.625 -6.8000000000000025 76.01554445662276
      vertex 14.625 -10.800000000000002 76.01554445662276
    endloop
  endfacet
  facet normal -0.5555702330195864 0 -0.8314696123025559
    outer loop
      vertex 14.815332500765262 -6.8000000000000025 75.88836834550966
      vertex 14.815332500765262 -10.800000000000002 75.88836834550966
      vertex 14.625 -6.8000000000000025 76.01554445662276
    endloop
  endfacet
  facet normal -0.98078528040323 0 0.19509032201613072
    outer loop
      vertex 15.440370196005869 -6.8000000000000025 74.0470666710706
      vertex 15.440370196005869 -10.800000000000002 74.0470666710706
      vertex 15.485028507404168 -6.8000000000000025 74.27157916361492
    endloop
  endfacet
  facet normal -0.9978589232386034 0 0.0654031292301448
    outer loop
      vertex 15.485028507404168 -6.8000000000000025 74.27157916361492
      vertex 15.485028507404168 -10.800000000000002 74.27157916361492
      vertex 15.5 -6.8000000000000025 74.5
    endloop
  endfacet
  facet normal -0.9978589232386037 0 -0.06540312923014074
    outer loop
      vertex 15.5 -6.8000000000000025 74.5
      vertex 15.5 -10.800000000000002 74.5
      vertex 15.485028507404168 -6.8000000000000025 74.7284208363851
    endloop
  endfacet
  facet normal -0.98078528040323 4.8325697122054864e-20 -0.19509032201613072
    outer loop
      vertex 15.440370196005869 -6.8000000000000025 74.95293332892942
      vertex 15.485028507404168 -6.8000000000000025 74.7284208363851
      vertex 15.485028507404168 -10.800000000000002 74.7284208363851
    endloop
  endfacet
  facet normal -0.9469301294951075 0 -0.32143946530315626
    outer loop
      vertex 15.440370196005869 -6.8000000000000025 74.95293332892942
      vertex 15.440370196005869 -10.800000000000002 74.95293332892942
      vertex 15.366789181894752 -6.8000000000000025 75.16969600663892
    endloop
  endfacet
  facet normal -0.8968727415326815 0 -0.44228869021901523
    outer loop
      vertex 15.366789181894752 -6.8000000000000025 75.16969600663892
      vertex 15.366789181894752 -10.800000000000002 75.16969600663892
      vertex 15.265544456622768 -6.8000000000000025 75.375
    endloop
  endfacet
  facet normal -0.8314696123025498 -3.2183705307642777e-19 -0.5555702330195953
    outer loop
      vertex 15.138368345509662 -6.8000000000000025 75.56533250076527
      vertex 15.265544456622768 -6.8000000000000025 75.375
      vertex 15.265544456622768 -10.800000000000002 75.375
    endloop
  endfacet
  facet normal -0.7518398074789867 -5.403421122124802e-19 -0.6593458151000583
    outer loop
      vertex 14.987436867076458 -6.8000000000000025 75.73743686707647
      vertex 15.138368345509662 -6.8000000000000025 75.56533250076527
      vertex 15.138368345509662 -10.800000000000002 75.56533250076527
    endloop
  endfacet
  facet normal -0.0654031292301505 0 0.997858923238603
    outer loop
      vertex 13.97842083638509 -6.8000000000000025 72.76497149259583
      vertex 13.75 -10.800000000000002 72.75
      vertex 13.97842083638509 -10.800000000000002 72.76497149259583
    endloop
  endfacet
  facet normal -0.19509032201616805 0 0.9807852804032225
    outer loop
      vertex 14.202933328929412 -6.8000000000000025 72.80962980399414
      vertex 13.97842083638509 -10.800000000000002 72.76497149259583
      vertex 14.202933328929412 -10.800000000000002 72.80962980399414
    endloop
  endfacet
  facet normal -0.3214394653031447 0 0.9469301294951114
    outer loop
      vertex 14.419696006638906 -6.8000000000000025 72.88321081810525
      vertex 14.202933328929412 -10.800000000000002 72.80962980399414
      vertex 14.419696006638906 -10.800000000000002 72.88321081810525
    endloop
  endfacet
  facet normal -0.4422886902189936 0 0.896872741532692
    outer loop
      vertex 14.625 -6.8000000000000025 72.98445554337724
      vertex 14.419696006638906 -10.800000000000002 72.88321081810525
      vertex 14.625 -10.800000000000002 72.98445554337724
    endloop
  endfacet
  facet normal -0.5555702330195864 0 0.8314696123025559
    outer loop
      vertex 14.815332500765262 -6.8000000000000025 73.11163165449034
      vertex 14.625 -10.800000000000002 72.98445554337724
      vertex 14.815332500765262 -10.800000000000002 73.11163165449034
    endloop
  endfacet
  facet normal -0.6593458151000825 0 0.7518398074789655
    outer loop
      vertex 14.987436867076458 -6.8000000000000025 73.26256313292355
      vertex 14.815332500765262 -10.800000000000002 73.11163165449034
      vertex 14.987436867076458 -10.800000000000002 73.26256313292355
    endloop
  endfacet
  facet normal -0.7518398074789867 0 0.6593458151000583
    outer loop
      vertex 15.138368345509662 -6.8000000000000025 73.43466749923475
      vertex 14.987436867076458 -10.800000000000002 73.26256313292355
      vertex 15.138368345509662 -10.800000000000002 73.43466749923475
    endloop
  endfacet
  facet normal -0.8314696123025307 0 0.5555702330196239
    outer loop
      vertex 15.265544456622768 -6.8000000000000025 73.625
      vertex 15.138368345509662 -10.800000000000002 73.43466749923475
      vertex 15.265544456622768 -10.800000000000002 73.625
    endloop
  endfacet
  facet normal -0.8968727415326935 0 0.4422886902189906
    outer loop
      vertex 15.366789181894752 -6.8000000000000025 73.8303039933611
      vertex 15.265544456622768 -10.800000000000002 73.625
      vertex 15.366789181894752 -10.800000000000002 73.8303039933611
    endloop
  endfacet
  facet normal -0.9469301294951075 0 0.32143946530315626
    outer loop
      vertex 15.440370196005869 -6.8000000000000025 74.0470666710706
      vertex 15.366789181894752 -10.800000000000002 73.8303039933611
      vertex 15.440370196005869 -10.800000000000002 74.0470666710706
    endloop
  endfacet
  facet normal -0.19509032201604862 0 -0.9807852804032463
    outer loop
      vertex 13.97842083638509 -6.8000000000000025 76.23502850740417
      vertex 14.202933328929412 -10.800000000000002 76.19037019600589
      vertex 13.97842083638509 -10.800000000000002 76.23502850740417
    endloop
  endfacet
  facet normal -0.0654031292301505 0 -0.997858923238603
    outer loop
      vertex 13.75 -6.8000000000000025 76.25
      vertex 13.97842083638509 -10.800000000000002 76.23502850740417
      vertex 13.75 -10.800000000000002 76.25
    endloop
  endfacet
  facet normal -0.321439465303256 0 -0.9469301294950736
    outer loop
      vertex 14.202933328929412 -6.8000000000000025 76.19037019600589
      vertex 14.419696006638906 -10.800000000000002 76.11678918189475
      vertex 14.202933328929412 -10.800000000000002 76.19037019600589
    endloop
  endfacet
  facet normal -0.6593458151000473 0 -0.7518398074789961
    outer loop
      vertex 14.815332500765262 -6.8000000000000025 75.88836834550966
      vertex 14.987436867076458 -10.800000000000002 75.73743686707647
      vertex 14.815332500765262 -10.800000000000002 75.88836834550966
    endloop
  endfacet
  facet normal -0.4422886902189936 0 -0.896872741532692
    outer loop
      vertex 14.419696006638906 -6.8000000000000025 76.11678918189475
      vertex 14.625 -10.800000000000002 76.01554445662276
      vertex 14.419696006638906 -10.800000000000002 76.11678918189475
    endloop
  endfacet
  facet normal -0.5555702330195864 0 -0.8314696123025559
    outer loop
      vertex 14.625 -6.8000000000000025 76.01554445662276
      vertex 14.815332500765262 -10.800000000000002 75.88836834550966
      vertex 14.625 -10.800000000000002 76.01554445662276
    endloop
  endfacet
  facet normal -0.98078528040323 0 0.19509032201613072
    outer loop
      vertex 15.485028507404168 -6.8000000000000025 74.27157916361492
      vertex 15.440370196005869 -10.800000000000002 74.0470666710706
      vertex 15.485028507404168 -10.800000000000002 74.27157916361492
    endloop
  endfacet
  facet normal -0.9978589232386034 0 0.0654031292301448
    outer loop
      vertex 15.5 -6.8000000000000025 74.5
      vertex 15.485028507404168 -10.800000000000002 74.27157916361492
      vertex 15.5 -10.800000000000002 74.5
    endloop
  endfacet
  facet normal -0.9978589232386037 0 -0.06540312923014074
    outer loop
      vertex 15.485028507404168 -6.8000000000000025 74.7284208363851
      vertex 15.5 -10.800000000000002 74.5
      vertex 15.485028507404168 -10.800000000000002 74.7284208363851
    endloop
  endfacet
  facet normal -0.98078528040323 0 -0.19509032201613072
    outer loop
      vertex 15.440370196005869 -6.8000000000000025 74.95293332892942
      vertex 15.485028507404168 -10.800000000000002 74.7284208363851
      vertex 15.440370196005869 -10.800000000000002 74.95293332892942
    endloop
  endfacet
  facet normal -0.9469301294951075 0 -0.32143946530315626
    outer loop
      vertex 15.366789181894752 -6.8000000000000025 75.16969600663892
      vertex 15.440370196005869 -10.800000000000002 74.95293332892942
      vertex 15.366789181894752 -10.800000000000002 75.16969600663892
    endloop
  endfacet
  facet normal -0.8968727415326815 0 -0.44228869021901523
    outer loop
      vertex 15.265544456622768 -6.8000000000000025 75.375
      vertex 15.366789181894752 -10.800000000000002 75.16969600663892
      vertex 15.265544456622768 -10.800000000000002 75.375
    endloop
  endfacet
  facet normal -0.8314696123025498 0 -0.5555702330195953
    outer loop
      vertex 15.138368345509662 -6.8000000000000025 75.56533250076527
      vertex 15.265544456622768 -10.800000000000002 75.375
      vertex 15.138368345509662 -10.800000000000002 75.56533250076527
    endloop
  endfacet
  facet normal -0.7518398074789867 0 -0.6593458151000583
    outer loop
      vertex 14.987436867076458 -6.8000000000000025 75.73743686707647
      vertex 15.138368345509662 -10.800000000000002 75.56533250076527
      vertex 14.987436867076458 -10.800000000000002 75.73743686707647
    endloop
  endfacet
  facet normal 0.9025852851028332 3.7868071788859275e-17 0.4305110952296552
    outer loop
      vertex -17.43522834777832 -20.500000000000004 16.110332511365414
      vertex -18.22409101575613 -20.500000000000004 17.764217495918274
      vertex -18.22409101575613 -21.300000000000004 17.764217495918274
    endloop
  endfacet
  facet normal 0.9025852851028332 0 0.4305110952296552
    outer loop
      vertex -17.43522834777832 -20.500000000000004 16.110332511365414
      vertex -18.22409101575613 -21.300000000000004 17.764217495918274
      vertex -17.43522834777832 -21.300000000000004 16.110332511365414
    endloop
  endfacet
  facet normal 0.8788171126394217 -3.786807173365997e-17 0.47715876030112875
    outer loop
      vertex -16.56088913232088 -20.500000000000004 14.5
      vertex -17.43522834777832 -20.500000000000004 16.110332511365414
      vertex -17.43522834777832 -21.300000000000004 16.110332511365414
    endloop
  endfacet
  facet normal 0.8788171126394217 0 0.47715876030112875
    outer loop
      vertex -16.56088913232088 -20.500000000000004 14.5
      vertex -17.43522834777832 -21.300000000000004 16.110332511365414
      vertex -16.56088913232088 -21.300000000000004 14.5
    endloop
  endfacet
  facet normal 0 -1 0
    outer loop
      vertex -17.43522834777832 -20.500000000000004 16.110332511365414
      vertex -14.11313645541668 -20.500000000000004 19.594532385468483
      vertex -18.22409101575613 -20.500000000000004 17.764217495918274
    endloop
  endfacet
  facet normal 0 -1 0
    outer loop
      vertex -18.92531492561102 -20.500000000000004 19.457121767103672
      vertex -18.22409101575613 -20.500000000000004 17.764217495918274
      vertex -14.724203005433083 -20.500000000000004 21.06977754086256
    endloop
  endfacet
  facet normal 0.9238795323317386 0 0.3826834327985573
    outer loop
      vertex -18.92531492561102 -21.300000000000004 19.457121767103672
      vertex -18.22409101575613 -21.300000000000004 17.764217495918274
      vertex -18.22409101575613 -20.500000000000004 17.764217495918274
    endloop
  endfacet
  facet normal 0.9238795323317386 0 0.3826834327985573
    outer loop
      vertex -18.92531492561102 -20.500000000000004 19.457121767103672
      vertex -18.92531492561102 -21.300000000000004 19.457121767103672
      vertex -18.22409101575613 -20.500000000000004 17.764217495918274
    endloop
  endfacet
  facet normal 0.7604059674783377 0 0.649448046130969
    outer loop
      vertex -12.260068893432617 -20.500000000000004 8.580428779125214
      vertex -13.450108647346497 -20.500000000000004 9.973786316812038
      vertex -13.450108647346497 -21.300000000000004 9.973786316812038
    endloop
  endfacet
  facet normal 0.7604059674783377 0 0.649448046130969
    outer loop
      vertex -12.260068893432617 -20.500000000000004 8.580428779125214
      vertex -13.450108647346497 -21.300000000000004 9.973786316812038
      vertex -12.260068893432617 -21.300000000000004 8.580428779125214
    endloop
  endfacet
  facet normal 0.7253743715766026 0 0.6883545750990901
    outer loop
      vertex -12.260068893432617 -20.500000000000004 8.580428779125214
      vertex -12.260068893432617 -21.300000000000004 8.580428779125214
      vertex -10.998737342655659 -20.500000000000004 7.251262657344341
    endloop
  endfacet
  facet normal 0.7253743715766026 3.7868071736884176e-17 0.6883545750990901
    outer loop
      vertex -12.260068893432617 -21.300000000000004 8.580428779125214
      vertex -10.998737342655659 -21.300000000000004 7.251262657344341
      vertex -10.998737342655659 -20.500000000000004 7.251262657344341
    endloop
  endfacet
  facet normal 0.6087614300414014 0 0.7933533394988314
    outer loop
      vertex -8.276213683187962 -20.500000000000004 4.799891352653503
      vertex -8.276213683187962 -21.300000000000004 4.799891352653503
      vertex -6.822483830153942 -20.500000000000004 3.6844052001833916
    endloop
  endfacet
  facet normal 0.5664062381209902 0 0.8241261877999193
    outer loop
      vertex -6.822483830153942 -20.500000000000004 3.6844052001833916
      vertex -6.822483830153942 -21.300000000000004 3.6844052001833916
      vertex -5.312366224825382 -20.500000000000004 2.646530121564865
    endloop
  endfacet
  facet normal 0.6087614300414014 0 0.7933533394988314
    outer loop
      vertex -6.822483830153942 -20.500000000000004 3.6844052001833916
      vertex -8.276213683187962 -21.300000000000004 4.799891352653503
      vertex -6.822483830153942 -21.300000000000004 3.6844052001833916
    endloop
  endfacet
  facet normal 0.6883545750990901 0 0.7253743715766026
    outer loop
      vertex -10.998737342655659 -20.500000000000004 7.251262657344341
      vertex -10.998737342655659 -21.300000000000004 7.251262657344341
      vertex -9.669571220874786 -20.500000000000004 5.989931106567383
    endloop
  endfacet
  facet normal 0.6883545750990901 0 0.7253743715766026
    outer loop
      vertex -9.669571220874786 -20.500000000000004 5.989931106567383
      vertex -10.998737342655659 -21.300000000000004 7.251262657344341
      vertex -9.669571220874786 -21.300000000000004 5.989931106567383
    endloop
  endfacet
  facet normal 0.649448046130969 0 0.7604059674783377
    outer loop
      vertex -8.276213683187962 -20.500000000000004 4.799891352653503
      vertex -9.669571220874786 -20.500000000000004 5.989931106567383
      vertex -9.669571220874786 -21.300000000000004 5.989931106567383
    endloop
  endfacet
  facet normal 0 -1 0
    outer loop
      vertex -12.260068893432617 -20.500000000000004 8.580428779125214
      vertex -10.998737342655659 -20.500000000000004 7.251262657344341
      vertex -8.915917180478573 -20.500000000000004 11.591516509652138
    endloop
  endfacet
  facet normal 0 -1 0
    outer loop
      vertex -10.998737342655659 -20.500000000000004 7.251262657344341
      vertex -9.669571220874786 -20.500000000000004 5.989931106567383
      vertex -7.816756829619408 -20.500000000000004 10.433243170380592
    endloop
  endfacet
  facet normal 0 -1 0
    outer loop
      vertex -10.998737342655659 -20.500000000000004 7.251262657344341
      vertex -7.816756829619408 -20.500000000000004 10.433243170380592
      vertex -8.915917180478573 -20.500000000000004 11.591516509652138
    endloop
  endfacet
  facet normal 0 -1 0
    outer loop
      vertex -8.276213683187962 -20.500000000000004 4.799891352653503
      vertex -6.658483490347862 -20.500000000000004 9.334082819521427
      vertex -9.669571220874786 -20.500000000000004 5.989931106567383
    endloop
  endfacet
  facet normal 0 -1 0
    outer loop
      vertex -8.276213683187962 -20.500000000000004 4.799891352653503
      vertex -6.822483830153942 -20.500000000000004 3.6844052001833916
      vertex -5.444271929562092 -20.500000000000004 8.297048173844814
    endloop
  endfacet
  facet normal 0.649448046130969 0 0.7604059674783377
    outer loop
      vertex -8.276213683187962 -20.500000000000004 4.799891352653503
      vertex -9.669571220874786 -21.300000000000004 5.989931106567383
      vertex -8.276213683187962 -21.300000000000004 4.799891352653503
    endloop
  endfacet
  facet normal 0 -1 0
    outer loop
      vertex -9.669571220874786 -20.500000000000004 5.989931106567383
      vertex -6.658483490347862 -20.500000000000004 9.334082819521427
      vertex -7.816756829619408 -20.500000000000004 10.433243170380592
    endloop
  endfacet
  facet normal 0 -1 0
    outer loop
      vertex -8.276213683187962 -20.500000000000004 4.799891352653503
      vertex -5.444271929562092 -20.500000000000004 8.297048173844814
      vertex -6.658483490347862 -20.500000000000004 9.334082819521427
    endloop
  endfacet
  facet normal -0.6883545734925741 0 -0.7253743731011294
    outer loop
      vertex -6.658483490347862 -20.500000000000004 9.334082819521427
      vertex -6.658483490347862 -21.300000000000004 9.334082819521427
      vertex -7.816756829619408 -20.500000000000004 10.433243170380592
    endloop
  endfacet
  facet normal -0.6494480496131574 0 -0.7604059645042678
    outer loop
      vertex -6.658483490347862 -20.500000000000004 9.334082819521427
      vertex -5.444271929562092 -21.300000000000004 8.297048173844814
      vertex -6.658483490347862 -21.300000000000004 9.334082819521427
    endloop
  endfacet
  facet normal 0.7933533394988314 0 0.6087614300414014
    outer loop
      vertex -14.565594799816608 -20.500000000000004 11.427516169846058
      vertex -14.565594799816608 -21.300000000000004 11.427516169846058
      vertex -13.450108647346497 -20.500000000000004 9.973786316812038
    endloop
  endfacet
  facet normal 0.7933533394988314 7.573614368039057e-17 0.6087614300414014
    outer loop
      vertex -14.565594799816608 -21.300000000000004 11.427516169846058
      vertex -13.450108647346497 -21.300000000000004 9.973786316812038
      vertex -13.450108647346497 -20.500000000000004 9.973786316812038
    endloop
  endfacet
  facet normal 0.8241261877999193 0 0.5664062381209902
    outer loop
      vertex -14.565594799816608 -20.500000000000004 11.427516169846058
      vertex -15.603469878435135 -21.300000000000004 12.937633775174618
      vertex -14.565594799816608 -21.300000000000004 11.427516169846058
    endloop
  endfacet
  facet normal 0 -1 0
    outer loop
      vertex -14.565594799816608 -20.500000000000004 11.427516169846058
      vertex -11.829452320933342 -20.500000000000004 15.388509429991245
      vertex -15.603469878435135 -20.500000000000004 12.937633775174618
    endloop
  endfacet
  facet normal 0 -1 0
    outer loop
      vertex -16.56088913232088 -20.500000000000004 14.5
      vertex -15.603469878435135 -20.500000000000004 12.937633775174618
      vertex -12.663774818181992 -20.500000000000004 16.75
    endloop
  endfacet
  facet normal 0.8241261877999193 7.5736143468521e-17 0.5664062381209902
    outer loop
      vertex -14.565594799816608 -20.500000000000004 11.427516169846058
      vertex -15.603469878435135 -20.500000000000004 12.937633775174618
      vertex -15.603469878435135 -21.300000000000004 12.937633775174618
    endloop
  endfacet
  facet normal 0.85264016436636 -3.786807180505602e-17 0.5224985646959296
    outer loop
      vertex -16.56088913232088 -21.300000000000004 14.5
      vertex -15.603469878435135 -21.300000000000004 12.937633775174618
      vertex -15.603469878435135 -20.500000000000004 12.937633775174618
    endloop
  endfacet
  facet normal 0.85264016436636 0 0.5224985646959296
    outer loop
      vertex -16.56088913232088 -20.500000000000004 14.5
      vertex -16.56088913232088 -21.300000000000004 14.5
      vertex -15.603469878435135 -20.500000000000004 12.937633775174618
    endloop
  endfacet
  facet normal 0 -1 0
    outer loop
      vertex -14.565594799816608 -20.500000000000004 11.427516169846058
      vertex -13.450108647346497 -20.500000000000004 9.973786316812038
      vertex -10.925018325448036 -20.500000000000004 14.072549805045128
    endloop
  endfacet
  facet normal 0 -1 0
    outer loop
      vertex -12.260068893432617 -20.500000000000004 8.580428779125214
      vertex -9.952951826155186 -20.500000000000004 12.805728070437908
      vertex -13.450108647346497 -20.500000000000004 9.973786316812038
    endloop
  endfacet
  facet normal 0 -1 0
    outer loop
      vertex -13.450108647346497 -20.500000000000004 9.973786316812038
      vertex -9.952951826155186 -20.500000000000004 12.805728070437908
      vertex -10.925018325448036 -20.500000000000004 14.072549805045128
    endloop
  endfacet
  facet normal 0 -1 0
    outer loop
      vertex -14.565594799816608 -20.500000000000004 11.427516169846058
      vertex -10.925018325448036 -20.500000000000004 14.072549805045128
      vertex -11.829452320933342 -20.500000000000004 15.388509429991245
    endloop
  endfacet
  facet normal 0 -1 0
    outer loop
      vertex -16.56088913232088 -20.500000000000004 14.5
      vertex -13.42569898813963 -20.500000000000004 18.153289757668972
      vertex -17.43522834777832 -20.500000000000004 16.110332511365414
    endloop
  endfacet
  facet normal 0 -1 0
    outer loop
      vertex -16.56088913232088 -20.500000000000004 14.5
      vertex -12.663774818181992 -20.500000000000004 16.75
      vertex -13.42569898813963 -20.500000000000004 18.153289757668972
    endloop
  endfacet
  facet normal 0 -1 0
    outer loop
      vertex -18.22409101575613 -20.500000000000004 17.764217495918274
      vertex -14.11313645541668 -20.500000000000004 19.594532385468483
      vertex -14.724203005433083 -20.500000000000004 21.06977754086256
    endloop
  endfacet
  facet normal 0 -1 0
    outer loop
      vertex -17.43522834777832 -20.500000000000004 16.110332511365414
      vertex -13.42569898813963 -20.500000000000004 18.153289757668972
      vertex -14.11313645541668 -20.500000000000004 19.594532385468483
    endloop
  endfacet
  facet normal -0.9025852850470263 0 -0.43051109534665716
    outer loop
      vertex -14.11313645541668 -20.500000000000004 19.594532385468483
      vertex -13.42569898813963 -21.300000000000004 18.153289757668972
      vertex -14.11313645541668 -21.300000000000004 19.594532385468483
    endloop
  endfacet
  facet normal 0 -1 0
    outer loop
      vertex -15.603469878435135 -20.500000000000004 12.937633775174618
      vertex -11.829452320933342 -20.500000000000004 15.388509429991245
      vertex -12.663774818181992 -20.500000000000004 16.75
    endloop
  endfacet
  facet normal -0.8788171132431155 0 -0.477158759189263
    outer loop
      vertex -12.663774818181992 -20.500000000000004 16.75
      vertex -12.663774818181992 -21.300000000000004 16.75
      vertex -13.42569898813963 -20.500000000000004 18.153289757668972
    endloop
  endfacet
  facet normal -0.8526401635443827 -8.69103284792715e-17 -0.5224985660372748
    outer loop
      vertex -12.663774818181992 -20.500000000000004 16.75
      vertex -11.829452320933342 -20.500000000000004 15.388509429991245
      vertex -11.829452320933342 -21.300000000000004 15.388509429991245
    endloop
  endfacet
  facet normal -0.824126187753411 0 -0.5664062381886603
    outer loop
      vertex -11.829452320933342 -20.500000000000004 15.388509429991245
      vertex -10.925018325448036 -21.300000000000004 14.072549805045128
      vertex -11.829452320933342 -21.300000000000004 15.388509429991245
    endloop
  endfacet
  facet normal -0.8526401635443827 0 -0.5224985660372748
    outer loop
      vertex -12.663774818181992 -20.500000000000004 16.75
      vertex -11.829452320933342 -21.300000000000004 15.388509429991245
      vertex -12.663774818181992 -21.300000000000004 16.75
    endloop
  endfacet
  facet normal -0.8788171132431155 -4.3455164383594717e-17 -0.477158759189263
    outer loop
      vertex -12.663774818181992 -21.300000000000004 16.75
      vertex -13.42569898813963 -21.300000000000004 18.153289757668972
      vertex -13.42569898813963 -20.500000000000004 18.153289757668972
    endloop
  endfacet
  facet normal -0.9025852850470263 -4.3455164393322407e-17 -0.43051109534665716
    outer loop
      vertex -14.11313645541668 -20.500000000000004 19.594532385468483
      vertex -13.42569898813963 -20.500000000000004 18.153289757668972
      vertex -13.42569898813963 -21.300000000000004 18.153289757668972
    endloop
  endfacet
  facet normal 0 -1 0
    outer loop
      vertex -12.260068893432617 -20.500000000000004 8.580428779125214
      vertex -8.915917180478573 -20.500000000000004 11.591516509652138
      vertex -9.952951826155186 -20.500000000000004 12.805728070437908
    endloop
  endfacet
  facet normal -0.7604059645042678 0 -0.6494480496131574
    outer loop
      vertex -8.915917180478573 -20.500000000000004 11.591516509652138
      vertex -8.915917180478573 -21.300000000000004 11.591516509652138
      vertex -9.952951826155186 -20.500000000000004 12.805728070437908
    endloop
  endfacet
  facet normal -0.7933533422964067 4.3455164370161284e-17 -0.6087614263955301
    outer loop
      vertex -10.925018325448036 -20.500000000000004 14.072549805045128
      vertex -9.952951826155186 -20.500000000000004 12.805728070437908
      vertex -9.952951826155186 -21.300000000000004 12.805728070437908
    endloop
  endfacet
  facet normal -0.824126187753411 0 -0.5664062381886603
    outer loop
      vertex -11.829452320933342 -20.500000000000004 15.388509429991245
      vertex -10.925018325448036 -20.500000000000004 14.072549805045128
      vertex -10.925018325448036 -21.300000000000004 14.072549805045128
    endloop
  endfacet
  facet normal -0.7933533422964067 0 -0.6087614263955301
    outer loop
      vertex -10.925018325448036 -20.500000000000004 14.072549805045128
      vertex -9.952951826155186 -21.300000000000004 12.805728070437908
      vertex -10.925018325448036 -21.300000000000004 14.072549805045128
    endloop
  endfacet
  facet normal -0.7604059645042678 -8.691032900689526e-17 -0.6494480496131574
    outer loop
      vertex -8.915917180478573 -21.300000000000004 11.591516509652138
      vertex -9.952951826155186 -21.300000000000004 12.805728070437908
      vertex -9.952951826155186 -20.500000000000004 12.805728070437908
    endloop
  endfacet
  facet normal -0.7253743731011294 0 -0.6883545734925741
    outer loop
      vertex -8.915917180478573 -20.500000000000004 11.591516509652138
      vertex -7.816756829619408 -20.500000000000004 10.433243170380592
      vertex -7.816756829619408 -21.300000000000004 10.433243170380592
    endloop
  endfacet
  facet normal -0.7253743731011294 0 -0.6883545734925741
    outer loop
      vertex -8.915917180478573 -20.500000000000004 11.591516509652138
      vertex -7.816756829619408 -21.300000000000004 10.433243170380592
      vertex -8.915917180478573 -21.300000000000004 11.591516509652138
    endloop
  endfacet
  facet normal -0.6883545734925741 0 -0.7253743731011294
    outer loop
      vertex -6.658483490347862 -21.300000000000004 9.334082819521427
      vertex -7.816756829619408 -21.300000000000004 10.433243170380592
      vertex -7.816756829619408 -20.500000000000004 10.433243170380592
    endloop
  endfacet
  facet normal 0.8788171117605348 0 0.4771587619198371
    outer loop
      vertex -8.766660496592522 -20.500000000000004 19
      vertex -9.416169628500938 -21.300000000000004 20.19624700397253
      vertex -8.766660496592522 -21.300000000000004 19
    endloop
  endfacet
  facet normal 0.8241261894468007 0 0.5664062357247631
    outer loop
      vertex -7.284441851079464 -20.500000000000004 16.717583440244198
      vertex -8.055434763431549 -21.300000000000004 17.839385092258453
      vertex -7.284441851079464 -21.300000000000004 16.717583440244198
    endloop
  endfacet
  facet normal 0.7933533413904209 0 0.608761427576234
    outer loop
      vertex -6.455794997513294 -20.500000000000004 15.637669831514359
      vertex -7.284441851079464 -21.300000000000004 16.717583440244198
      vertex -6.455794997513294 -21.300000000000004 15.637669831514359
    endloop
  endfacet
  facet normal 0.7933533413904209 0 0.608761427576234
    outer loop
      vertex -6.455794997513294 -20.500000000000004 15.637669831514359
      vertex -7.284441851079464 -20.500000000000004 16.717583440244198
      vertex -7.284441851079464 -21.300000000000004 16.717583440244198
    endloop
  endfacet
  facet normal 0.8241261894468007 -5.09762504069661e-17 0.5664062357247631
    outer loop
      vertex -7.284441851079464 -20.500000000000004 16.717583440244198
      vertex -8.055434763431549 -20.500000000000004 17.839385092258453
      vertex -8.055434763431549 -21.300000000000004 17.839385092258453
    endloop
  endfacet
  facet normal 0.8526401633820508 0 0.5224985663021762
    outer loop
      vertex -8.766660496592522 -21.300000000000004 19
      vertex -8.055434763431549 -21.300000000000004 17.839385092258453
      vertex -8.055434763431549 -20.500000000000004 17.839385092258453
    endloop
  endfacet
  facet normal 0.8526401633820508 0 0.5224985663021762
    outer loop
      vertex -8.766660496592522 -20.500000000000004 19
      vertex -8.766660496592522 -21.300000000000004 19
      vertex -8.055434763431549 -20.500000000000004 17.839385092258453
    endloop
  endfacet
  facet normal 0.9426414903831389 0 0.3338068612360367
    outer loop
      vertex -18.92531492561102 -20.500000000000004 19.457121767103672
      vertex -19.53697807341814 -20.500000000000004 21.18440520018339
      vertex -19.53697807341814 -21.300000000000004 21.18440520018339
    endloop
  endfacet
  facet normal 0.9426414903831389 0 0.3338068612360367
    outer loop
      vertex -18.92531492561102 -20.500000000000004 19.457121767103672
      vertex -19.53697807341814 -21.300000000000004 21.18440520018339
      vertex -18.92531492561102 -21.300000000000004 19.457121767103672
    endloop
  endfacet
  facet normal 0.9588197348528492 0 0.28401534475572277
    outer loop
      vertex -19.53697807341814 -20.500000000000004 21.18440520018339
      vertex -20.057403922080994 -21.300000000000004 22.941333420574665
      vertex -19.53697807341814 -21.300000000000004 21.18440520018339
    endloop
  endfacet
  facet normal 0 -1 0
    outer loop
      vertex -20.057403922080994 -20.500000000000004 22.941333420574665
      vertex -16.08350182324648 -20.500000000000004 25.658693432807922
      vertex -20.485166028141975 -20.500000000000004 24.723090820014477
    endloop
  endfacet
  facet normal 0.9723699203206658 0 0.23344536417667772
    outer loop
      vertex -20.057403922080994 -20.500000000000004 22.941333420574665
      vertex -20.485166028141975 -20.500000000000004 24.723090820014477
      vertex -20.485166028141975 -21.300000000000004 24.723090820014477
    endloop
  endfacet
  facet normal 0.9723699203206658 0 0.23344536417667772
    outer loop
      vertex -20.057403922080994 -20.500000000000004 22.941333420574665
      vertex -20.485166028141975 -21.300000000000004 24.723090820014477
      vertex -20.057403922080994 -21.300000000000004 22.941333420574665
    endloop
  endfacet
  facet normal 0.9588197348528492 0 0.28401534475572277
    outer loop
      vertex -19.53697807341814 -20.500000000000004 21.18440520018339
      vertex -20.057403922080994 -20.500000000000004 22.941333420574665
      vertex -20.057403922080994 -21.300000000000004 22.941333420574665
    endloop
  endfacet
  facet normal 0 -1 0
    outer loop
      vertex -18.92531492561102 -20.500000000000004 19.457121767103672
      vertex -15.25722374767065 -20.500000000000004 22.574981674551964
      vertex -19.53697807341814 -20.500000000000004 21.18440520018339
    endloop
  endfacet
  facet normal 0 -1 0
    outer loop
      vertex -18.92531492561102 -20.500000000000004 19.457121767103672
      vertex -14.724203005433083 -20.500000000000004 21.06977754086256
      vertex -15.25722374767065 -20.500000000000004 22.574981674551964
    endloop
  endfacet
  facet normal 0 -1 0
    outer loop
      vertex -19.53697807341814 -20.500000000000004 21.18440520018339
      vertex -15.710737705230713 -20.500000000000004 24.106019124388695
      vertex -20.057403922080994 -20.500000000000004 22.941333420574665
    endloop
  endfacet
  facet normal 0 -1 0
    outer loop
      vertex -19.53697807341814 -20.500000000000004 21.18440520018339
      vertex -15.25722374767065 -20.500000000000004 22.574981674551964
      vertex -15.710737705230713 -20.500000000000004 24.106019124388695
    endloop
  endfacet
  facet normal 0 -1 0
    outer loop
      vertex -20.057403922080994 -20.500000000000004 22.941333420574665
      vertex -15.710737705230713 -20.500000000000004 24.106019124388695
      vertex -16.08350182324648 -20.500000000000004 25.658693432807922
    endloop
  endfacet
  facet normal 0 -1 0
    outer loop
      vertex -20.485166028141975 -20.500000000000004 24.723090820014477
      vertex -16.37449438869953 -20.500000000000004 27.228748813271523
      vertex -20.81909192353487 -20.500000000000004 26.524793721735477
    endloop
  endfacet
  facet normal 0.9832549075309465 0 0.18223552567024326
    outer loop
      vertex -20.485166028141975 -20.500000000000004 24.723090820014477
      vertex -20.81909192353487 -21.300000000000004 26.524793721735477
      vertex -20.485166028141975 -21.300000000000004 24.723090820014477
    endloop
  endfacet
  facet normal 0.9832549075309465 0 0.18223552567024326
    outer loop
      vertex -20.485166028141975 -20.500000000000004 24.723090820014477
      vertex -20.81909192353487 -20.500000000000004 26.524793721735477
      vertex -20.81909192353487 -21.300000000000004 26.524793721735477
    endloop
  endfacet
  facet normal 0.9914448618255496 0 0.13052618878875283
    outer loop
      vertex -20.81909192353487 -20.500000000000004 26.524793721735477
      vertex -21.058266334235668 -21.300000000000004 28.341503784060478
      vertex -20.81909192353487 -21.300000000000004 26.524793721735477
    endloop
  endfacet
  facet normal 0 -1 0
    outer loop
      vertex -20.81909192353487 -20.500000000000004 26.524793721735477
      vertex -16.58291780948639 -20.500000000000004 28.811881870031357
      vertex -21.058266334235668 -20.500000000000004 28.341503784060478
    endloop
  endfacet
  facet normal 0.9914448618255496 0 0.13052618878875283
    outer loop
      vertex -20.81909192353487 -20.500000000000004 26.524793721735477
      vertex -21.058266334235668 -20.500000000000004 28.341503784060478
      vertex -21.058266334235668 -21.300000000000004 28.341503784060478
    endloop
  endfacet
  facet normal 0.9969173337055437 0 0.07845909607833511
    outer loop
      vertex -21.058266334235668 -20.500000000000004 28.341503784060478
      vertex -21.20203371345997 -20.500000000000004 30.168241530656815
      vertex -21.20203371345997 -21.300000000000004 30.168241530656815
    endloop
  endfacet
  facet normal 0.9969173337055437 0 0.07845909607833511
    outer loop
      vertex -21.058266334235668 -20.500000000000004 28.341503784060478
      vertex -21.20203371345997 -21.300000000000004 30.168241530656815
      vertex -21.058266334235668 -21.300000000000004 28.341503784060478
    endloop
  endfacet
  facet normal 0 -1 0
    outer loop
      vertex -20.485166028141975 -20.500000000000004 24.723090820014477
      vertex -16.08350182324648 -20.500000000000004 25.658693432807922
      vertex -16.37449438869953 -20.500000000000004 27.228748813271523
    endloop
  endfacet
  facet normal -0.9832549074799828 0 -0.18223552594521827
    outer loop
      vertex -16.37449438869953 -20.500000000000004 27.228748813271523
      vertex -16.08350182324648 -21.300000000000004 25.658693432807922
      vertex -16.37449438869953 -21.300000000000004 27.228748813271523
    endloop
  endfacet
  facet normal 0 -1 0
    outer loop
      vertex -20.81909192353487 -20.500000000000004 26.524793721735477
      vertex -16.37449438869953 -20.500000000000004 27.228748813271523
      vertex -16.58291780948639 -20.500000000000004 28.811881870031357
    endloop
  endfacet
  facet normal 0 -1 0
    outer loop
      vertex -21.058266334235668 -20.500000000000004 28.341503784060478
      vertex -16.58291780948639 -20.500000000000004 28.811881870031357
      vertex -16.708200812339783 -20.500000000000004 30.403753332793713
    endloop
  endfacet
  facet normal -0.9914448613858651 0 -0.13052619212848754
    outer loop
      vertex -16.37449438869953 -20.500000000000004 27.228748813271523
      vertex -16.37449438869953 -21.300000000000004 27.228748813271523
      vertex -16.58291780948639 -20.500000000000004 28.811881870031357
    endloop
  endfacet
  facet normal -0.9914448613858651 0 -0.13052619212848754
    outer loop
      vertex -16.58291780948639 -20.500000000000004 28.811881870031357
      vertex -16.37449438869953 -21.300000000000004 27.228748813271523
      vertex -16.58291780948639 -21.300000000000004 28.811881870031357
    endloop
  endfacet
  facet normal -0.996917333650414 0 -0.07845909677882557
    outer loop
      vertex -16.58291780948639 -20.500000000000004 28.811881870031357
      vertex -16.58291780948639 -21.300000000000004 28.811881870031357
      vertex -16.708200812339783 -20.500000000000004 30.403753332793713
    endloop
  endfacet
  facet normal 0 -1 0
    outer loop
      vertex -21.058266334235668 -20.500000000000004 28.341503784060478
      vertex -16.708200812339783 -20.500000000000004 30.403753332793713
      vertex -21.20203371345997 -20.500000000000004 30.168241530656815
    endloop
  endfacet
  facet normal 0 -1 0
    outer loop
      vertex -21.20203371345997 -20.500000000000004 30.168241530656815
      vertex -16.75 -20.500000000000004 32
      vertex -21.25 -20.500000000000004 32
    endloop
  endfacet
  facet normal 0.9996573249337414 0 0.026176949904758214
    outer loop
      vertex -21.20203371345997 -20.500000000000004 30.168241530656815
      vertex -21.25 -21.300000000000004 32
      vertex -21.20203371345997 -21.300000000000004 30.168241530656815
    endloop
  endfacet
  facet normal 0.9996573249337414 0 0.026176949904758214
    outer loop
      vertex -21.20203371345997 -20.500000000000004 30.168241530656815
      vertex -21.25 -20.500000000000004 32
      vertex -21.25 -21.300000000000004 32
    endloop
  endfacet
  facet normal 0 -1 0
    outer loop
      vertex -21.25 -20.500000000000004 32
      vertex -16.708200812339783 -20.500000000000004 33.59624666720629
      vertex -21.20203371345997 -20.500000000000004 33.831758469343185
    endloop
  endfacet
  facet normal 0.9996573249337414 0 -0.026176949904758214
    outer loop
      vertex -21.25 -20.500000000000004 32
      vertex -21.20203371345997 -20.500000000000004 33.831758469343185
      vertex -21.20203371345997 -21.300000000000004 33.831758469343185
    endloop
  endfacet
  facet normal 0.9996573249337414 0 -0.026176949904758214
    outer loop
      vertex -21.25 -20.500000000000004 32
      vertex -21.20203371345997 -21.300000000000004 33.831758469343185
      vertex -21.25 -21.300000000000004 32
    endloop
  endfacet
  facet normal 0.9969173337055437 0 -0.07845909607833511
    outer loop
      vertex -21.20203371345997 -20.500000000000004 33.831758469343185
      vertex -21.058266334235668 -21.300000000000004 35.65849621593952
      vertex -21.20203371345997 -21.300000000000004 33.831758469343185
    endloop
  endfacet
  facet normal 0 -1 0
    outer loop
      vertex -21.20203371345997 -20.500000000000004 30.168241530656815
      vertex -16.708200812339783 -20.500000000000004 30.403753332793713
      vertex -16.75 -20.500000000000004 32
    endloop
  endfacet
  facet normal -0.996917333650414 0 -0.07845909677882557
    outer loop
      vertex -16.58291780948639 -21.300000000000004 28.811881870031357
      vertex -16.708200812339783 -21.300000000000004 30.403753332793713
      vertex -16.708200812339783 -20.500000000000004 30.403753332793713
    endloop
  endfacet
  facet normal -0.9996573250144345 0 -0.026176946823212505
    outer loop
      vertex -16.708200812339783 -20.500000000000004 30.403753332793713
      vertex -16.708200812339783 -21.300000000000004 30.403753332793713
      vertex -16.75 -20.500000000000004 32
    endloop
  endfacet
  facet normal -0.9996573250144345 0 -0.026176946823212505
    outer loop
      vertex -16.75 -20.500000000000004 32
      vertex -16.708200812339783 -21.300000000000004 30.403753332793713
      vertex -16.75 -21.300000000000004 32
    endloop
  endfacet
  facet normal 0 -1 0
    outer loop
      vertex -21.25 -20.500000000000004 32
      vertex -16.75 -20.500000000000004 32
      vertex -16.708200812339783 -20.500000000000004 33.59624666720629
    endloop
  endfacet
  facet normal 0 -1 0
    outer loop
      vertex -21.20203371345997 -20.500000000000004 33.831758469343185
      vertex -16.708200812339783 -20.500000000000004 33.59624666720629
      vertex -16.58291780948639 -20.500000000000004 35.18811812996864
    endloop
  endfacet
  facet normal -0.9996573250144345 0 0.026176946823212505
    outer loop
      vertex -16.75 -20.500000000000004 32
      vertex -16.75 -21.300000000000004 32
      vertex -16.708200812339783 -20.500000000000004 33.59624666720629
    endloop
  endfacet
  facet normal -0.9996573250144345 0 0.026176946823212505
    outer loop
      vertex -16.75 -21.300000000000004 32
      vertex -16.708200812339783 -21.300000000000004 33.59624666720629
      vertex -16.708200812339783 -20.500000000000004 33.59624666720629
    endloop
  endfacet
  facet normal -0.996917333650414 0 0.07845909677882557
    outer loop
      vertex -16.708200812339783 -20.500000000000004 33.59624666720629
      vertex -16.708200812339783 -21.300000000000004 33.59624666720629
      vertex -16.58291780948639 -20.500000000000004 35.18811812996864
    endloop
  endfacet
  facet normal 0 -1 0
    outer loop
      vertex -21.20203371345997 -20.500000000000004 33.831758469343185
      vertex -16.58291780948639 -20.500000000000004 35.18811812996864
      vertex -21.058266334235668 -20.500000000000004 35.65849621593952
    endloop
  endfacet
  facet normal 0 -1 0
    outer loop
      vertex -21.058266334235668 -20.500000000000004 35.65849621593952
      vertex -16.37449438869953 -20.500000000000004 36.77125118672848
      vertex -20.81909192353487 -20.500000000000004 37.47520627826452
    endloop
  endfacet
  facet normal 0.9969173337055437 0 -0.07845909607833511
    outer loop
      vertex -21.20203371345997 -20.500000000000004 33.831758469343185
      vertex -21.058266334235668 -20.500000000000004 35.65849621593952
      vertex -21.058266334235668 -21.300000000000004 35.65849621593952
    endloop
  endfacet
  facet normal 0.9914448618255496 0 -0.13052618878875283
    outer loop
      vertex -21.058266334235668 -20.500000000000004 35.65849621593952
      vertex -20.81909192353487 -20.500000000000004 37.47520627826452
      vertex -20.81909192353487 -21.300000000000004 37.47520627826452
    endloop
  endfacet
  facet normal 0.9914448618255496 0 -0.13052618878875283
    outer loop
      vertex -21.058266334235668 -20.500000000000004 35.65849621593952
      vertex -20.81909192353487 -21.300000000000004 37.47520627826452
      vertex -21.058266334235668 -21.300000000000004 35.65849621593952
    endloop
  endfacet
  facet normal 0 -1 0
    outer loop
      vertex -20.81909192353487 -20.500000000000004 37.47520627826452
      vertex -16.08350182324648 -20.500000000000004 38.34130656719208
      vertex -20.485166028141975 -20.500000000000004 39.27690917998552
    endloop
  endfacet
  facet normal 0.9832549075309465 0 -0.18223552567024326
    outer loop
      vertex -20.81909192353487 -20.500000000000004 37.47520627826452
      vertex -20.485166028141975 -21.300000000000004 39.27690917998552
      vertex -20.81909192353487 -21.300000000000004 37.47520627826452
    endloop
  endfacet
  facet normal 0.9832549075309465 0 -0.18223552567024326
    outer loop
      vertex -20.81909192353487 -20.500000000000004 37.47520627826452
      vertex -20.485166028141975 -20.500000000000004 39.27690917998552
      vertex -20.485166028141975 -21.300000000000004 39.27690917998552
    endloop
  endfacet
  facet normal 0 -1 0
    outer loop
      vertex -21.058266334235668 -20.500000000000004 35.65849621593952
      vertex -16.58291780948639 -20.500000000000004 35.18811812996864
      vertex -16.37449438869953 -20.500000000000004 36.77125118672848
    endloop
  endfacet
  facet normal -0.9914448613858651 0 0.13052619212848754
    outer loop
      vertex -16.58291780948639 -20.500000000000004 35.18811812996864
      vertex -16.58291780948639 -21.300000000000004 35.18811812996864
      vertex -16.37449438869953 -20.500000000000004 36.77125118672848
    endloop
  endfacet
  facet normal -0.996917333650414 0 0.07845909677882557
    outer loop
      vertex -16.708200812339783 -21.300000000000004 33.59624666720629
      vertex -16.58291780948639 -21.300000000000004 35.18811812996864
      vertex -16.58291780948639 -20.500000000000004 35.18811812996864
    endloop
  endfacet
  facet normal -0.9914448613858651 0 0.13052619212848754
    outer loop
      vertex -16.37449438869953 -20.500000000000004 36.77125118672848
      vertex -16.58291780948639 -21.300000000000004 35.18811812996864
      vertex -16.37449438869953 -21.300000000000004 36.77125118672848
    endloop
  endfacet
  facet normal 0 -1 0
    outer loop
      vertex -20.81909192353487 -20.500000000000004 37.47520627826452
      vertex -16.37449438869953 -20.500000000000004 36.77125118672848
      vertex -16.08350182324648 -20.500000000000004 38.34130656719208
    endloop
  endfacet
  facet normal 0 -1 0
    outer loop
      vertex -20.485166028141975 -20.500000000000004 39.27690917998552
      vertex -16.08350182324648 -20.500000000000004 38.34130656719208
      vertex -15.710737705230713 -20.500000000000004 39.893980875611305
    endloop
  endfacet
  facet normal -0.9832549074799828 0 0.18223552594521827
    outer loop
      vertex -16.37449438869953 -20.500000000000004 36.77125118672848
      vertex -16.37449438869953 -21.300000000000004 36.77125118672848
      vertex -16.08350182324648 -20.500000000000004 38.34130656719208
    endloop
  endfacet
  facet normal -0.9426414904915135 4.345516428997054e-17 -0.333806860929996
    outer loop
      vertex -14.724203005433083 -21.300000000000004 21.06977754086256
      vertex -15.25722374767065 -21.300000000000004 22.574981674551964
      vertex -15.25722374767065 -20.500000000000004 22.574981674551964
    endloop
  endfacet
  facet normal -0.9238795327710121 0 -0.38268343173805713
    outer loop
      vertex -14.11313645541668 -20.500000000000004 19.594532385468483
      vertex -14.11313645541668 -21.300000000000004 19.594532385468483
      vertex -14.724203005433083 -20.500000000000004 21.06977754086256
    endloop
  endfacet
  facet normal -0.9238795327710121 0 -0.38268343173805713
    outer loop
      vertex -14.11313645541668 -21.300000000000004 19.594532385468483
      vertex -14.724203005433083 -21.300000000000004 21.06977754086256
      vertex -14.724203005433083 -20.500000000000004 21.06977754086256
    endloop
  endfacet
  facet normal -0.9426414904915135 0 -0.333806860929996
    outer loop
      vertex -14.724203005433083 -20.500000000000004 21.06977754086256
      vertex -14.724203005433083 -21.300000000000004 21.06977754086256
      vertex -15.25722374767065 -20.500000000000004 22.574981674551964
    endloop
  endfacet
  facet normal -0.9588197342497938 0 -0.28401534679160345
    outer loop
      vertex -15.25722374767065 -20.500000000000004 22.574981674551964
      vertex -15.25722374767065 -21.300000000000004 22.574981674551964
      vertex -15.710737705230713 -20.500000000000004 24.106019124388695
    endloop
  endfacet
  facet normal -0.9723699208533035 0 -0.2334453619580825
    outer loop
      vertex -15.710737705230713 -20.500000000000004 24.106019124388695
      vertex -15.710737705230713 -21.300000000000004 24.106019124388695
      vertex -16.08350182324648 -20.500000000000004 25.658693432807922
    endloop
  endfacet
  facet normal -0.9588197342497938 0 -0.28401534679160345
    outer loop
      vertex -15.710737705230713 -20.500000000000004 24.106019124388695
      vertex -15.25722374767065 -21.300000000000004 22.574981674551964
      vertex -15.710737705230713 -21.300000000000004 24.106019124388695
    endloop
  endfacet
  facet normal -0.9723699208533035 0 -0.2334453619580825
    outer loop
      vertex -15.710737705230713 -21.300000000000004 24.106019124388695
      vertex -16.08350182324648 -21.300000000000004 25.658693432807922
      vertex -16.08350182324648 -20.500000000000004 25.658693432807922
    endloop
  endfacet
  facet normal -0.9832549074799828 0 -0.18223552594521827
    outer loop
      vertex -16.37449438869953 -20.500000000000004 27.228748813271523
      vertex -16.08350182324648 -20.500000000000004 25.658693432807922
      vertex -16.08350182324648 -21.300000000000004 25.658693432807922
    endloop
  endfacet
  facet normal 0.97236992002956 0 0.23344536538922164
    outer loop
      vertex -11.364071480929852 -20.500000000000004 25.270704828202724
      vertex -11.681837618350983 -21.300000000000004 26.594296038150787
      vertex -11.364071480929852 -21.300000000000004 25.270704828202724
    endloop
  endfacet
  facet normal 0.97236992002956 0 0.23344536538922164
    outer loop
      vertex -11.364071480929852 -20.500000000000004 25.270704828202724
      vertex -11.681837618350983 -20.500000000000004 26.594296038150787
      vertex -11.681837618350983 -21.300000000000004 26.594296038150787
    endloop
  endfacet
  facet normal 0.9832549077749277 0 0.1822355243538381
    outer loop
      vertex -11.681837618350983 -20.500000000000004 26.594296038150787
      vertex -11.929896853864193 -21.300000000000004 27.932703912258148
      vertex -11.681837618350983 -21.300000000000004 26.594296038150787
    endloop
  endfacet
  facet normal 0.9832549077749277 0 0.1822355243538381
    outer loop
      vertex -11.681837618350983 -20.500000000000004 26.594296038150787
      vertex -11.929896853864193 -20.500000000000004 27.932703912258148
      vertex -11.929896853864193 -21.300000000000004 27.932703912258148
    endloop
  endfacet
  facet normal 0.9914448614090563 0 0.1305261919523314
    outer loop
      vertex -11.929896853864193 -20.500000000000004 27.932703912258148
      vertex -12.10756927728653 -21.300000000000004 29.282259956002235
      vertex -11.929896853864193 -21.300000000000004 27.932703912258148
    endloop
  endfacet
  facet normal 0.9914448614090563 0 0.1305261919523314
    outer loop
      vertex -11.929896853864193 -20.500000000000004 27.932703912258148
      vertex -12.10756927728653 -20.500000000000004 29.282259956002235
      vertex -12.10756927728653 -21.300000000000004 29.282259956002235
    endloop
  endfacet
  facet normal 0.9238795325607616 0 0.382683432245647
    outer loop
      vertex -10.002181895077229 -20.500000000000004 21.424847282469273
      vertex -10.523091085255146 -21.300000000000004 22.68243331462145
      vertex -10.002181895077229 -21.300000000000004 21.424847282469273
    endloop
  endfacet
  facet normal 0.8788171117605348 0 0.4771587619198371
    outer loop
      vertex -8.766660496592522 -20.500000000000004 19
      vertex -9.416169628500938 -20.500000000000004 20.19624700397253
      vertex -9.416169628500938 -21.300000000000004 20.19624700397253
    endloop
  endfacet
  facet normal 0.9025852859863648 0 0.43051109337729265
    outer loop
      vertex -9.416169628500938 -20.500000000000004 20.19624700397253
      vertex -10.002181895077229 -21.300000000000004 21.424847282469273
      vertex -9.416169628500938 -21.300000000000004 20.19624700397253
    endloop
  endfacet
  facet normal 0.9025852859863648 0 0.43051109337729265
    outer loop
      vertex -10.002181895077229 -20.500000000000004 21.424847282469273
      vertex -10.002181895077229 -21.300000000000004 21.424847282469273
      vertex -9.416169628500938 -20.500000000000004 20.19624700397253
    endloop
  endfacet
  facet normal 0.9238795325607616 0 0.382683432245647
    outer loop
      vertex -10.002181895077229 -20.500000000000004 21.424847282469273
      vertex -10.523091085255146 -20.500000000000004 22.68243331462145
      vertex -10.523091085255146 -21.300000000000004 22.68243331462145
    endloop
  endfacet
  facet normal 0.9426414906374027 0 0.3338068605180183
    outer loop
      vertex -10.523091085255146 -20.500000000000004 22.68243331462145
      vertex -10.97746942192316 -21.300000000000004 23.965558148920536
      vertex -10.523091085255146 -21.300000000000004 22.68243331462145
    endloop
  endfacet
  facet normal 0.9426414906374027 0 0.3338068605180183
    outer loop
      vertex -10.523091085255146 -20.500000000000004 22.68243331462145
      vertex -10.97746942192316 -20.500000000000004 23.965558148920536
      vertex -10.97746942192316 -21.300000000000004 23.965558148920536
    endloop
  endfacet
  facet normal 0.9588197349285384 0 0.28401534450019994
    outer loop
      vertex -11.364071480929852 -21.300000000000004 25.270704828202724
      vertex -10.97746942192316 -21.300000000000004 23.965558148920536
      vertex -10.97746942192316 -20.500000000000004 23.965558148920536
    endloop
  endfacet
  facet normal 0 -1 0
    outer loop
      vertex -10.002181895077229 -20.500000000000004 21.424847282469273
      vertex -0.53 -20.500000000000004 21.69
      vertex -10.523091085255146 -20.500000000000004 22.68243331462145
    endloop
  endfacet
  facet normal 0 -1 0
    outer loop
      vertex -10.002181895077229 -20.500000000000004 21.424847282469273
      vertex -9.416169628500938 -20.500000000000004 20.19624700397253
      vertex -0.53 -20.500000000000004 21.69
    endloop
  endfacet
  facet normal 0 -1 0
    outer loop
      vertex -11.364071480929852 -20.500000000000004 25.270704828202724
      vertex -10.97746942192316 -20.500000000000004 23.965558148920536
      vertex -0.53 -20.500000000000004 21.69
    endloop
  endfacet
  facet normal 0 -1 0
    outer loop
      vertex -11.364071480929852 -20.500000000000004 25.270704828202724
      vertex -0.53 -20.500000000000004 21.69
      vertex -11.681837618350983 -20.500000000000004 26.594296038150787
    endloop
  endfacet
  facet normal 0 -1 0
    outer loop
      vertex -10.523091085255146 -20.500000000000004 22.68243331462145
      vertex -0.53 -20.500000000000004 21.69
      vertex -10.97746942192316 -20.500000000000004 23.965558148920536
    endloop
  endfacet
  facet normal 0.9588197349285384 0 0.28401534450019994
    outer loop
      vertex -11.364071480929852 -20.500000000000004 25.270704828202724
      vertex -11.364071480929852 -21.300000000000004 25.270704828202724
      vertex -10.97746942192316 -20.500000000000004 23.965558148920536
    endloop
  endfacet
  facet normal 0 -1 0
    outer loop
      vertex -11.681837618350983 -20.500000000000004 26.594296038150787
      vertex -0.53 -20.500000000000004 21.69
      vertex -11.929896853864193 -20.500000000000004 27.932703912258148
    endloop
  endfacet
  facet normal 0 -1 0
    outer loop
      vertex -11.929896853864193 -20.500000000000004 27.932703912258148
      vertex -0.53 -20.500000000000004 21.69
      vertex -12.10756927728653 -20.500000000000004 29.282259956002235
    endloop
  endfacet
  facet normal 0 -1 0
    outer loop
      vertex -12.10756927728653 -20.500000000000004 29.282259956002235
      vertex -0.53 -20.500000000000004 21.69
      vertex -12.214367903769016 -20.500000000000004 30.63926513493061
    endloop
  endfacet
  facet normal 0 -1 0
    outer loop
      vertex -12.214367903769016 -20.500000000000004 30.63926513493061
      vertex -0.53 -20.500000000000004 21.69
      vertex -12.25 -20.500000000000004 32
    endloop
  endfacet
  facet normal 0 -1 0
    outer loop
      vertex -12.25 -20.500000000000004 32
      vertex -0.53 -20.500000000000004 21.69
      vertex -12.214367903769016 -20.500000000000004 33.36073486506939
    endloop
  endfacet
  facet normal 0.9969173335762007 0 0.0784590977217935
    outer loop
      vertex -12.10756927728653 -20.500000000000004 29.282259956002235
      vertex -12.214367903769016 -20.500000000000004 30.63926513493061
      vertex -12.214367903769016 -21.300000000000004 30.63926513493061
    endloop
  endfacet
  facet normal 0.9969173335762007 0 0.0784590977217935
    outer loop
      vertex -12.10756927728653 -20.500000000000004 29.282259956002235
      vertex -12.214367903769016 -21.300000000000004 30.63926513493061
      vertex -12.10756927728653 -21.300000000000004 29.282259956002235
    endloop
  endfacet
  facet normal 0.9996573249798285 0 0.02617694814476046
    outer loop
      vertex -12.214367903769016 -20.500000000000004 30.63926513493061
      vertex -12.25 -20.500000000000004 32
      vertex -12.25 -21.300000000000004 32
    endloop
  endfacet
  facet normal 0.9996573249798285 0 0.02617694814476046
    outer loop
      vertex -12.214367903769016 -20.500000000000004 30.63926513493061
      vertex -12.25 -21.300000000000004 32
      vertex -12.214367903769016 -21.300000000000004 30.63926513493061
    endloop
  endfacet
  facet normal 0.9996573249798285 0 -0.02617694814476046
    outer loop
      vertex -12.25 -20.500000000000004 32
      vertex -12.214367903769016 -20.500000000000004 33.36073486506939
      vertex -12.214367903769016 -21.300000000000004 33.36073486506939
    endloop
  endfacet
  facet normal 0.9996573249798285 0 -0.02617694814476046
    outer loop
      vertex -12.25 -20.500000000000004 32
      vertex -12.214367903769016 -21.300000000000004 33.36073486506939
      vertex -12.25 -21.300000000000004 32
    endloop
  endfacet
  facet normal 0.9969173335762007 0 -0.0784590977217935
    outer loop
      vertex -12.214367903769016 -20.500000000000004 33.36073486506939
      vertex -12.10756927728653 -20.500000000000004 34.717740043997765
      vertex -12.10756927728653 -21.300000000000004 34.717740043997765
    endloop
  endfacet
  facet normal 0.9969173335762007 0 -0.0784590977217935
    outer loop
      vertex -12.214367903769016 -20.500000000000004 33.36073486506939
      vertex -12.10756927728653 -21.300000000000004 34.717740043997765
      vertex -12.214367903769016 -21.300000000000004 33.36073486506939
    endloop
  endfacet
  facet normal -0.9832549074799828 0 0.18223552594521827
    outer loop
      vertex -16.37449438869953 -21.300000000000004 36.77125118672848
      vertex -16.08350182324648 -21.300000000000004 38.34130656719208
      vertex -16.08350182324648 -20.500000000000004 38.34130656719208
    endloop
  endfacet
  facet normal -0.9723699208533035 0 0.2334453619580825
    outer loop
      vertex -16.08350182324648 -20.500000000000004 38.34130656719208
      vertex -16.08350182324648 -21.300000000000004 38.34130656719208
      vertex -15.710737705230713 -20.500000000000004 39.893980875611305
    endloop
  endfacet
  facet normal -0.9723699208533035 0 0.2334453619580825
    outer loop
      vertex -16.08350182324648 -21.300000000000004 38.34130656719208
      vertex -15.710737705230713 -21.300000000000004 39.893980875611305
      vertex -15.710737705230713 -20.500000000000004 39.893980875611305
    endloop
  endfacet
  facet normal 0.9914448614090563 0 -0.1305261919523314
    outer loop
      vertex -12.10756927728653 -20.500000000000004 34.717740043997765
      vertex -11.929896853864193 -20.500000000000004 36.06729608774185
      vertex -11.929896853864193 -21.300000000000004 36.06729608774185
    endloop
  endfacet
  facet normal 0.9914448614090563 0 -0.1305261919523314
    outer loop
      vertex -12.10756927728653 -20.500000000000004 34.717740043997765
      vertex -11.929896853864193 -21.300000000000004 36.06729608774185
      vertex -12.10756927728653 -21.300000000000004 34.717740043997765
    endloop
  endfacet
  facet normal 0.9832549077749277 0 -0.1822355243538381
    outer loop
      vertex -11.929896853864193 -20.500000000000004 36.06729608774185
      vertex -11.681837618350983 -20.500000000000004 37.40570396184921
      vertex -11.681837618350983 -21.300000000000004 37.40570396184921
    endloop
  endfacet
  facet normal 0.9832549077749277 0 -0.1822355243538381
    outer loop
      vertex -11.929896853864193 -20.500000000000004 36.06729608774185
      vertex -11.681837618350983 -21.300000000000004 37.40570396184921
      vertex -11.929896853864193 -21.300000000000004 36.06729608774185
    endloop
  endfacet
  facet normal 0.97236992002956 0 -0.23344536538922164
    outer loop
      vertex -11.681837618350983 -20.500000000000004 37.40570396184921
      vertex -11.364071480929852 -21.300000000000004 38.729295171797276
      vertex -11.681837618350983 -21.300000000000004 37.40570396184921
    endloop
  endfacet
  facet normal 0.97236992002956 0 -0.23344536538922164
    outer loop
      vertex -11.681837618350983 -20.500000000000004 37.40570396184921
      vertex -11.364071480929852 -20.500000000000004 38.729295171797276
      vertex -11.364071480929852 -21.300000000000004 38.729295171797276
    endloop
  endfacet
  facet normal 0 -1 0
    outer loop
      vertex -12.214367903769016 -20.500000000000004 33.36073486506939
      vertex -0.53 -20.500000000000004 21.69
      vertex -12.10756927728653 -20.500000000000004 34.717740043997765
    endloop
  endfacet
  facet normal 0 -1 0
    outer loop
      vertex -12.10756927728653 -20.500000000000004 34.717740043997765
      vertex -0.53 -20.500000000000004 21.69
      vertex -11.929896853864193 -20.500000000000004 36.06729608774185
    endloop
  endfacet
  facet normal 0 -1 0
    outer loop
      vertex -11.929896853864193 -20.500000000000004 36.06729608774185
      vertex -0.53 -20.500000000000004 21.69
      vertex -11.681837618350983 -20.500000000000004 37.40570396184921
    endloop
  endfacet
  facet normal 0 -1 0
    outer loop
      vertex -11.681837618350983 -20.500000000000004 37.40570396184921
      vertex -0.53 -20.500000000000004 21.69
      vertex -11.364071480929852 -20.500000000000004 38.729295171797276
    endloop
  endfacet
  facet normal 0 -1 0
    outer loop
      vertex -11.364071480929852 -20.500000000000004 38.729295171797276
      vertex -0.53 -20.500000000000004 21.69
      vertex -10.97746942192316 -20.500000000000004 40.034441851079464
    endloop
  endfacet
  facet normal 0 -1 0
    outer loop
      vertex -0.53 -20.500000000000004 21.69
      vertex -10.523091085255146 -20.500000000000004 41.31756668537855
      vertex -10.97746942192316 -20.500000000000004 40.034441851079464
    endloop
  endfacet
  facet normal 0.9588197349285384 0 -0.28401534450019994
    outer loop
      vertex -11.364071480929852 -20.500000000000004 38.729295171797276
      vertex -10.97746942192316 -21.300000000000004 40.034441851079464
      vertex -11.364071480929852 -21.300000000000004 38.729295171797276
    endloop
  endfacet
  facet normal 0 -1 0
    outer loop
      vertex -0.53 -20.500000000000004 21.69
      vertex -10.002181895077229 -20.500000000000004 42.57515271753073
      vertex -10.523091085255146 -20.500000000000004 41.31756668537855
    endloop
  endfacet
  facet normal 0 -1 0
    outer loop
      vertex -0.53 -20.500000000000004 21.69
      vertex -9.416169628500938 -20.500000000000004 43.80375299602747
      vertex -10.002181895077229 -20.500000000000004 42.57515271753073
    endloop
  endfacet
  facet normal 0.5224985646959296 0 0.85264016436636
    outer loop
      vertex -5.312366224825382 -20.500000000000004 2.646530121564865
      vertex -5.312366224825382 -21.300000000000004 2.646530121564865
      vertex -3.75 -20.500000000000004 1.689110867679119
    endloop
  endfacet
  facet normal 0.5224985646959296 -3.786807180505602e-17 0.85264016436636
    outer loop
      vertex -5.312366224825382 -21.300000000000004 2.646530121564865
      vertex -3.75 -21.300000000000004 1.689110867679119
      vertex -3.75 -20.500000000000004 1.689110867679119
    endloop
  endfacet
  facet normal 0 -1 0
    outer loop
      vertex -6.822483830153942 -20.500000000000004 3.6844052001833916
      vertex -5.312366224825382 -20.500000000000004 2.646530121564865
      vertex -4.177450194954872 -20.500000000000004 7.324981674551964
    endloop
  endfacet
  facet normal 0 -1 0
    outer loop
      vertex -5.312366224825382 -20.500000000000004 2.646530121564865
      vertex -3.75 -20.500000000000004 1.689110867679119
      vertex -2.8614905700087547 -20.500000000000004 6.420547679066658
    endloop
  endfacet
  facet normal 0.5664062381209902 7.5736143468521e-17 0.8241261877999193
    outer loop
      vertex -6.822483830153942 -21.300000000000004 3.6844052001833916
      vertex -5.312366224825382 -21.300000000000004 2.646530121564865
      vertex -5.312366224825382 -20.500000000000004 2.646530121564865
    endloop
  endfacet
  facet normal 0.47715876030112875 0 0.8788171126394217
    outer loop
      vertex -2.1396674886345863 -20.500000000000004 0.8147716522216797
      vertex -3.75 -21.300000000000004 1.689110867679119
      vertex -2.1396674886345863 -21.300000000000004 0.8147716522216797
    endloop
  endfacet
  facet normal 0.47715876030112875 0 0.8788171126394217
    outer loop
      vertex -3.75 -20.500000000000004 1.689110867679119
      vertex -3.75 -21.300000000000004 1.689110867679119
      vertex -2.1396674886345863 -20.500000000000004 0.8147716522216797
    endloop
  endfacet
  facet normal 0.4305110952296552 0 0.9025852851028332
    outer loop
      vertex -2.1396674886345863 -20.500000000000004 0.8147716522216797
      vertex -2.1396674886345863 -21.300000000000004 0.8147716522216797
      vertex -0.4857825040817261 -20.500000000000004 0.02590898424386978
    endloop
  endfacet
  facet normal 0 -1 0
    outer loop
      vertex -3.75 -20.500000000000004 1.689110867679119
      vertex -1.5 -20.500000000000004 5.586225181818008
      vertex -2.8614905700087547 -20.500000000000004 6.420547679066658
    endloop
  endfacet
  facet normal 0 -1 0
    outer loop
      vertex -3.75 -20.500000000000004 1.689110867679119
      vertex -2.1396674886345863 -20.500000000000004 0.8147716522216797
      vertex -1.5 -20.500000000000004 5.586225181818008
    endloop
  endfacet
  facet normal 0 -1 0
    outer loop
      vertex -6.822483830153942 -20.500000000000004 3.6844052001833916
      vertex -4.177450194954872 -20.500000000000004 7.324981674551964
      vertex -5.444271929562092 -20.500000000000004 8.297048173844814
    endloop
  endfacet
  facet normal 0 -1 0
    outer loop
      vertex -5.312366224825382 -20.500000000000004 2.646530121564865
      vertex -2.8614905700087547 -20.500000000000004 6.420547679066658
      vertex -4.177450194954872 -20.500000000000004 7.324981674551964
    endloop
  endfacet
  facet normal -0.6087614263955301 4.3455164370161284e-17 -0.7933533422964067
    outer loop
      vertex -4.177450194954872 -21.300000000000004 7.324981674551964
      vertex -5.444271929562092 -21.300000000000004 8.297048173844814
      vertex -5.444271929562092 -20.500000000000004 8.297048173844814
    endloop
  endfacet
  facet normal -0.6494480496131574 -8.691032900689526e-17 -0.7604059645042678
    outer loop
      vertex -6.658483490347862 -20.500000000000004 9.334082819521427
      vertex -5.444271929562092 -20.500000000000004 8.297048173844814
      vertex -5.444271929562092 -21.300000000000004 8.297048173844814
    endloop
  endfacet
  facet normal -0.6087614263955301 0 -0.7933533422964067
    outer loop
      vertex -4.177450194954872 -20.500000000000004 7.324981674551964
      vertex -4.177450194954872 -21.300000000000004 7.324981674551964
      vertex -5.444271929562092 -20.500000000000004 8.297048173844814
    endloop
  endfacet
  facet normal -0.5664062381886603 0 -0.824126187753411
    outer loop
      vertex -4.177450194954872 -20.500000000000004 7.324981674551964
      vertex -2.8614905700087547 -20.500000000000004 6.420547679066658
      vertex -2.8614905700087547 -21.300000000000004 6.420547679066658
    endloop
  endfacet
  facet normal -0.5664062381886603 0 -0.824126187753411
    outer loop
      vertex -4.177450194954872 -20.500000000000004 7.324981674551964
      vertex -2.8614905700087547 -21.300000000000004 6.420547679066658
      vertex -4.177450194954872 -21.300000000000004 7.324981674551964
    endloop
  endfacet
  facet normal -0.5224985660372748 -8.69103284792715e-17 -0.8526401635443827
    outer loop
      vertex -2.8614905700087547 -20.500000000000004 6.420547679066658
      vertex -1.5 -20.500000000000004 5.586225181818008
      vertex -1.5 -21.300000000000004 5.586225181818008
    endloop
  endfacet
  facet normal -0.5224985660372748 0 -0.8526401635443827
    outer loop
      vertex -2.8614905700087547 -20.500000000000004 6.420547679066658
      vertex -1.5 -21.300000000000004 5.586225181818008
      vertex -2.8614905700087547 -21.300000000000004 6.420547679066658
    endloop
  endfacet
  facet normal 0 -1 0
    outer loop
      vertex -2.1396674886345863 -20.500000000000004 0.8147716522216797
      vertex -0.4857825040817261 -20.500000000000004 0.02590898424386978
      vertex -0.09671024233102798 -20.500000000000004 4.824301011860371
    endloop
  endfacet
  facet normal 0 -1 0
    outer loop
      vertex -0.4857825040817261 -20.500000000000004 0.02590898424386978
      vertex -0.42323268301587136 -20.500000000000004 0
      vertex 1.344532385468483 -20.500000000000004 4.136863544583321
    endloop
  endfacet
  facet normal 0.38268343279855727 -1.3497051009068208e-18 0.9238795323317386
    outer loop
      vertex -0.4857825040817261 -20.500000000000004 0.02590898424386978
      vertex -0.42323268301587136 -21.300000000000004 0
      vertex -0.42323268301587136 -20.500000000000004 0
    endloop
  endfacet
  facet normal 0.4305110952296552 3.7868071788859275e-17 0.9025852851028332
    outer loop
      vertex -2.1396674886345863 -21.300000000000004 0.8147716522216797
      vertex -0.4857825040817261 -21.300000000000004 0.02590898424386978
      vertex -0.4857825040817261 -20.500000000000004 0.02590898424386978
    endloop
  endfacet
  facet normal 0.38268343279855727 0 0.9238795323317386
    outer loop
      vertex -0.4857825040817261 -20.500000000000004 0.02590898424386978
      vertex -0.4857825040817261 -21.300000000000004 0.02590898424386978
      vertex -0.42323268301587136 -21.300000000000004 0
    endloop
  endfacet
  facet normal 0 -1 0
    outer loop
      vertex -2.1396674886345863 -20.500000000000004 0.8147716522216797
      vertex -0.09671024233102798 -20.500000000000004 4.824301011860371
      vertex -1.5 -20.500000000000004 5.586225181818008
    endloop
  endfacet
  facet normal 0 -1 0
    outer loop
      vertex -0.4857825040817261 -20.500000000000004 0.02590898424386978
      vertex 1.344532385468483 -20.500000000000004 4.136863544583321
      vertex -0.09671024233102798 -20.500000000000004 4.824301011860371
    endloop
  endfacet
  facet normal 0 -1 0
    outer loop
      vertex -0.42323268301587136 -20.500000000000004 0
      vertex 2.8197775408625603 -20.500000000000004 3.5257969945669174
      vertex 1.344532385468483 -20.500000000000004 4.136863544583321
    endloop
  endfacet
  facet normal -0.43051109534665716 -4.3455164393322407e-17 -0.9025852850470263
    outer loop
      vertex -0.09671024233102798 -20.500000000000004 4.824301011860371
      vertex 1.344532385468483 -20.500000000000004 4.136863544583321
      vertex 1.344532385468483 -21.300000000000004 4.136863544583321
    endloop
  endfacet
  facet normal -0.43051109534665716 0 -0.9025852850470263
    outer loop
      vertex -0.09671024233102798 -20.500000000000004 4.824301011860371
      vertex 1.344532385468483 -21.300000000000004 4.136863544583321
      vertex -0.09671024233102798 -21.300000000000004 4.824301011860371
    endloop
  endfacet
  facet normal 0 -1 0
    outer loop
      vertex -0.42323268301587136 -20.500000000000004 0
      vertex 4.324981674551964 -20.500000000000004 2.9927762523293495
      vertex 2.8197775408625603 -20.500000000000004 3.5257969945669174
    endloop
  endfacet
  facet normal 0 -1 0
    outer loop
      vertex -0.42323268301587136 -20.500000000000004 0
      vertex 5.856019124388695 -20.500000000000004 2.539262294769287
      vertex 4.324981674551964 -20.500000000000004 2.9927762523293495
    endloop
  endfacet
  facet normal -0.38268343173805713 0 -0.9238795327710121
    outer loop
      vertex 1.344532385468483 -20.500000000000004 4.136863544583321
      vertex 2.8197775408625603 -20.500000000000004 3.5257969945669174
      vertex 2.8197775408625603 -21.300000000000004 3.5257969945669174
    endloop
  endfacet
  facet normal -0.38268343173805713 0 -0.9238795327710121
    outer loop
      vertex 1.344532385468483 -20.500000000000004 4.136863544583321
      vertex 2.8197775408625603 -21.300000000000004 3.5257969945669174
      vertex 1.344532385468483 -21.300000000000004 4.136863544583321
    endloop
  endfacet
  facet normal -0.333806860929996 0 -0.9426414904915135
    outer loop
      vertex 2.8197775408625603 -20.500000000000004 3.5257969945669174
      vertex 4.324981674551964 -21.300000000000004 2.9927762523293495
      vertex 2.8197775408625603 -21.300000000000004 3.5257969945669174
    endloop
  endfacet
  facet normal -0.477158759189263 -4.3455164383594717e-17 -0.8788171132431155
    outer loop
      vertex -1.5 -20.500000000000004 5.586225181818008
      vertex -0.09671024233102798 -20.500000000000004 4.824301011860371
      vertex -0.09671024233102798 -21.300000000000004 4.824301011860371
    endloop
  endfacet
  facet normal -0.477158759189263 0 -0.8788171132431155
    outer loop
      vertex -1.5 -20.500000000000004 5.586225181818008
      vertex -0.09671024233102798 -21.300000000000004 4.824301011860371
      vertex -1.5 -21.300000000000004 5.586225181818008
    endloop
  endfacet
  facet normal 0.4771587619198371 0 0.8788171117605348
    outer loop
      vertex 0.75 -20.500000000000004 9.483339503407478
      vertex 0.75 -21.300000000000004 9.483339503407478
      vertex 1.9462470039725304 -20.500000000000004 8.833830371499062
    endloop
  endfacet
  facet normal 0.5224985663021762 0 0.8526401633820508
    outer loop
      vertex 0.75 -20.500000000000004 9.483339503407478
      vertex -0.41061490774154663 -21.300000000000004 10.194565236568451
      vertex 0.75 -21.300000000000004 9.483339503407478
    endloop
  endfacet
  facet normal 0.43051109337729265 0 0.9025852859863648
    outer loop
      vertex 1.9462470039725304 -20.500000000000004 8.833830371499062
      vertex 1.9462470039725304 -21.300000000000004 8.833830371499062
      vertex 3.1748472824692726 -20.500000000000004 8.247818104922771
    endloop
  endfacet
  facet normal 0.4771587619198371 0 0.8788171117605348
    outer loop
      vertex 0.75 -21.300000000000004 9.483339503407478
      vertex 1.9462470039725304 -21.300000000000004 8.833830371499062
      vertex 1.9462470039725304 -20.500000000000004 8.833830371499062
    endloop
  endfacet
  facet normal 0.382683432245647 0 0.9238795325607616
    outer loop
      vertex 3.1748472824692726 -20.500000000000004 8.247818104922771
      vertex 3.1748472824692726 -21.300000000000004 8.247818104922771
      vertex 4.4324333146214485 -20.500000000000004 7.726908914744854
    endloop
  endfacet
  facet normal 0.43051109337729265 0 0.9025852859863648
    outer loop
      vertex 3.1748472824692726 -20.500000000000004 8.247818104922771
      vertex 1.9462470039725304 -21.300000000000004 8.833830371499062
      vertex 3.1748472824692726 -21.300000000000004 8.247818104922771
    endloop
  endfacet
  facet normal 0.7253743699663061 0 0.6883545767959884
    outer loop
      vertex -5.571765460073948 -20.500000000000004 14.602604232728481
      vertex -5.571765460073948 -21.300000000000004 14.602604232728481
      vertex -4.634776309132576 -20.500000000000004 13.615223690867424
    endloop
  endfacet
  facet normal 0.6883545767959884 0 0.7253743699663061
    outer loop
      vertex -4.634776309132576 -20.500000000000004 13.615223690867424
      vertex -4.634776309132576 -21.300000000000004 13.615223690867424
      vertex -3.6473957672715187 -20.500000000000004 12.678234539926052
    endloop
  endfacet
  facet normal 0.6883545767959884 5.097625059860681e-17 0.7253743699663061
    outer loop
      vertex -4.634776309132576 -21.300000000000004 13.615223690867424
      vertex -3.6473957672715187 -21.300000000000004 12.678234539926052
      vertex -3.6473957672715187 -20.500000000000004 12.678234539926052
    endloop
  endfacet
  facet normal 0.7253743699663061 0 0.6883545767959884
    outer loop
      vertex -4.634776309132576 -20.500000000000004 13.615223690867424
      vertex -5.571765460073948 -21.300000000000004 14.602604232728481
      vertex -4.634776309132576 -21.300000000000004 13.615223690867424
    endloop
  endfacet
  facet normal 0.649448048894574 0 0.7604059651179962
    outer loop
      vertex -2.6123301684856415 -20.500000000000004 11.794205002486706
      vertex -3.6473957672715187 -21.300000000000004 12.678234539926052
      vertex -2.6123301684856415 -21.300000000000004 11.794205002486706
    endloop
  endfacet
  facet normal 0.608761427576234 0 0.7933533413904209
    outer loop
      vertex -2.6123301684856415 -20.500000000000004 11.794205002486706
      vertex -2.6123301684856415 -21.300000000000004 11.794205002486706
      vertex -1.5324165597558022 -20.500000000000004 10.965558148920536
    endloop
  endfacet
  facet normal 0.608761427576234 0 0.7933533413904209
    outer loop
      vertex -1.5324165597558022 -20.500000000000004 10.965558148920536
      vertex -2.6123301684856415 -21.300000000000004 11.794205002486706
      vertex -1.5324165597558022 -21.300000000000004 10.965558148920536
    endloop
  endfacet
  facet normal 0.649448048894574 0 0.7604059651179962
    outer loop
      vertex -2.6123301684856415 -20.500000000000004 11.794205002486706
      vertex -3.6473957672715187 -20.500000000000004 12.678234539926052
      vertex -3.6473957672715187 -21.300000000000004 12.678234539926052
    endloop
  endfacet
  facet normal 0.7604059651179962 0 0.649448048894574
    outer loop
      vertex -6.455794997513294 -20.500000000000004 15.637669831514359
      vertex -6.455794997513294 -21.300000000000004 15.637669831514359
      vertex -5.571765460073948 -20.500000000000004 14.602604232728481
    endloop
  endfacet
  facet normal 0.7604059651179962 0 0.649448048894574
    outer loop
      vertex -6.455794997513294 -21.300000000000004 15.637669831514359
      vertex -5.571765460073948 -21.300000000000004 14.602604232728481
      vertex -5.571765460073948 -20.500000000000004 14.602604232728481
    endloop
  endfacet
  facet normal 0 -1 0
    outer loop
      vertex -8.766660496592522 -20.500000000000004 19
      vertex -8.055434763431549 -20.500000000000004 17.839385092258453
      vertex -0.53 -20.500000000000004 21.69
    endloop
  endfacet
  facet normal 0 -1 0
    outer loop
      vertex -7.284441851079464 -20.500000000000004 16.717583440244198
      vertex -0.41581929876693 -20.500000000000004 21.115974851452364
      vertex -8.055434763431549 -20.500000000000004 17.839385092258453
    endloop
  endfacet
  facet normal 0 -1 0
    outer loop
      vertex -6.455794997513294 -20.500000000000004 15.637669831514359
      vertex -0.22003001043685289 -20.500000000000004 20.77685785648692
      vertex -7.284441851079464 -20.500000000000004 16.717583440244198
    endloop
  endfacet
  facet normal 0 -1 0
    outer loop
      vertex -7.284441851079464 -20.500000000000004 16.717583440244198
      vertex -0.32903810567665803 -20.500000000000004 20.94
      vertex -0.41581929876693 -20.500000000000004 21.115974851452364
    endloop
  endfacet
  facet normal 0 -1 0
    outer loop
      vertex -7.284441851079464 -20.500000000000004 16.717583440244198
      vertex -0.22003001043685289 -20.500000000000004 20.77685785648692
      vertex -0.32903810567665803 -20.500000000000004 20.94
    endloop
  endfacet
  facet normal 0 -1 0
    outer loop
      vertex -6.455794997513294 -20.500000000000004 15.637669831514359
      vertex -0.09066017177982144 -20.500000000000004 20.629339828220182
      vertex -0.22003001043685289 -20.500000000000004 20.77685785648692
    endloop
  endfacet
  facet normal 0 -1 0
    outer loop
      vertex -6.455794997513294 -20.500000000000004 15.637669831514359
      vertex 0.39597485145236533 -20.500000000000004 20.304180701233072
      vertex 0.21999999999999997 -20.500000000000004 20.390961894323343
    endloop
  endfacet
  facet normal 0 -1 0
    outer loop
      vertex -6.455794997513294 -20.500000000000004 15.637669831514359
      vertex 0.05685785648691899 -20.500000000000004 20.499969989563148
      vertex -0.09066017177982144 -20.500000000000004 20.629339828220182
    endloop
  endfacet
  facet normal 0 -1 0
    outer loop
      vertex -6.455794997513294 -20.500000000000004 15.637669831514359
      vertex 0.21999999999999997 -20.500000000000004 20.390961894323343
      vertex 0.05685785648691899 -20.500000000000004 20.499969989563148
    endloop
  endfacet
  facet normal 0 -1 0
    outer loop
      vertex -6.455794997513294 -20.500000000000004 15.637669831514359
      vertex 0.5817714323462189 -20.500000000000004 20.2411112605664
      vertex 0.39597485145236533 -20.500000000000004 20.304180701233072
    endloop
  endfacet
  facet normal 0 -1 0
    outer loop
      vertex -6.455794997513294 -20.500000000000004 15.637669831514359
      vertex 0.7742107116699226 -20.500000000000004 20.202832707939287
      vertex 0.5817714323462189 -20.500000000000004 20.2411112605664
    endloop
  endfacet
  facet normal 0 -1 0
    outer loop
      vertex -6.455794997513294 -20.500000000000004 15.637669831514359
      vertex 0.97 -20.500000000000004 20.19
      vertex 0.7742107116699226 -20.500000000000004 20.202832707939287
    endloop
  endfacet
  facet normal 0.5664062357247631 0 0.8241261894468007
    outer loop
      vertex -1.5324165597558022 -20.500000000000004 10.965558148920536
      vertex -1.5324165597558022 -21.300000000000004 10.965558148920536
      vertex -0.41061490774154663 -20.500000000000004 10.194565236568451
    endloop
  endfacet
  facet normal 0.5224985663021762 0 0.8526401633820508
    outer loop
      vertex 0.75 -20.500000000000004 9.483339503407478
      vertex -0.41061490774154663 -20.500000000000004 10.194565236568451
      vertex -0.41061490774154663 -21.300000000000004 10.194565236568451
    endloop
  endfacet
  facet normal 0.5664062357247631 -5.09762504069661e-17 0.8241261894468007
    outer loop
      vertex -1.5324165597558022 -21.300000000000004 10.965558148920536
      vertex -0.41061490774154663 -21.300000000000004 10.194565236568451
      vertex -0.41061490774154663 -20.500000000000004 10.194565236568451
    endloop
  endfacet
  facet normal 0 -1 0
    outer loop
      vertex -0.42323268301587136 -20.500000000000004 0
      vertex 7.408693432807922 -20.500000000000004 2.166498176753521
      vertex 5.856019124388695 -20.500000000000004 2.539262294769287
    endloop
  endfacet
  facet normal 0 -1 0
    outer loop
      vertex -0.42323268301587136 -20.500000000000004 0
      vertex 8.978748813271523 -20.500000000000004 1.8755056113004684
      vertex 7.408693432807922 -20.500000000000004 2.166498176753521
    endloop
  endfacet
  facet normal -0.333806860929996 4.345516428997054e-17 -0.9426414904915135
    outer loop
      vertex 2.8197775408625603 -20.500000000000004 3.5257969945669174
      vertex 4.324981674551964 -20.500000000000004 2.9927762523293495
      vertex 4.324981674551964 -21.300000000000004 2.9927762523293495
    endloop
  endfacet
  facet normal -0.28401534679160345 0 -0.9588197342497938
    outer loop
      vertex 4.324981674551964 -20.500000000000004 2.9927762523293495
      vertex 5.856019124388695 -21.300000000000004 2.539262294769287
      vertex 4.324981674551964 -21.300000000000004 2.9927762523293495
    endloop
  endfacet
  facet normal -0.28401534679160345 0 -0.9588197342497938
    outer loop
      vertex 4.324981674551964 -20.500000000000004 2.9927762523293495
      vertex 5.856019124388695 -20.500000000000004 2.539262294769287
      vertex 5.856019124388695 -21.300000000000004 2.539262294769287
    endloop
  endfacet
  facet normal 0 -1 0
    outer loop
      vertex -0.42323268301587136 -20.500000000000004 0
      vertex 10.561881870031357 -20.500000000000004 1.6670821905136108
      vertex 8.978748813271523 -20.500000000000004 1.8755056113004684
    endloop
  endfacet
  facet normal 0 -1 0
    outer loop
      vertex -0.42323268301587136 -20.500000000000004 0
      vertex 12.153753332793713 -20.500000000000004 1.5417991876602173
      vertex 10.561881870031357 -20.500000000000004 1.6670821905136108
    endloop
  endfacet
  facet normal 0 -1 0
    outer loop
      vertex -0.42323268301587136 -20.500000000000004 0
      vertex 13.75 -20.500000000000004 1.5
      vertex 12.153753332793713 -20.500000000000004 1.5417991876602173
    endloop
  endfacet
  facet normal -0.2334453619580825 0 -0.9723699208533035
    outer loop
      vertex 5.856019124388695 -20.500000000000004 2.539262294769287
      vertex 7.408693432807922 -20.500000000000004 2.166498176753521
      vertex 7.408693432807922 -21.300000000000004 2.166498176753521
    endloop
  endfacet
  facet normal -0.2334453619580825 0 -0.9723699208533035
    outer loop
      vertex 5.856019124388695 -20.500000000000004 2.539262294769287
      vertex 7.408693432807922 -21.300000000000004 2.166498176753521
      vertex 5.856019124388695 -21.300000000000004 2.539262294769287
    endloop
  endfacet
  facet normal -0.18223552594521827 0 -0.9832549074799828
    outer loop
      vertex 7.408693432807922 -20.500000000000004 2.166498176753521
      vertex 8.978748813271523 -20.500000000000004 1.8755056113004684
      vertex 8.978748813271523 -21.300000000000004 1.8755056113004684
    endloop
  endfacet
  facet normal -0.18223552594521827 0 -0.9832549074799828
    outer loop
      vertex 7.408693432807922 -20.500000000000004 2.166498176753521
      vertex 8.978748813271523 -21.300000000000004 1.8755056113004684
      vertex 7.408693432807922 -21.300000000000004 2.166498176753521
    endloop
  endfacet
  facet normal 0.28401534450019994 0 0.9588197349285384
    outer loop
      vertex 5.715558148920536 -20.500000000000004 7.2725305780768394
      vertex 5.715558148920536 -21.300000000000004 7.2725305780768394
      vertex 7.0207048282027245 -20.500000000000004 6.8859285190701485
    endloop
  endfacet
  facet normal 0.3338068605180183 0 0.9426414906374027
    outer loop
      vertex 5.715558148920536 -20.500000000000004 7.2725305780768394
      vertex 4.4324333146214485 -20.500000000000004 7.726908914744854
      vertex 4.4324333146214485 -21.300000000000004 7.726908914744854
    endloop
  endfacet
  facet normal 0.382683432245647 0 0.9238795325607616
    outer loop
      vertex 3.1748472824692726 -21.300000000000004 8.247818104922771
      vertex 4.4324333146214485 -21.300000000000004 7.726908914744854
      vertex 4.4324333146214485 -20.500000000000004 7.726908914744854
    endloop
  endfacet
  facet normal 0.3338068605180183 0 0.9426414906374027
    outer loop
      vertex 5.715558148920536 -20.500000000000004 7.2725305780768394
      vertex 4.4324333146214485 -21.300000000000004 7.726908914744854
      vertex 5.715558148920536 -21.300000000000004 7.2725305780768394
    endloop
  endfacet
  facet normal 0.23344536538922164 0 0.97236992002956
    outer loop
      vertex 7.0207048282027245 -20.500000000000004 6.8859285190701485
      vertex 7.0207048282027245 -21.300000000000004 6.8859285190701485
      vertex 8.344296038150787 -20.500000000000004 6.568162381649017
    endloop
  endfacet
  facet normal 0.28401534450019994 0 0.9588197349285384
    outer loop
      vertex 5.715558148920536 -21.300000000000004 7.2725305780768394
      vertex 7.0207048282027245 -21.300000000000004 6.8859285190701485
      vertex 7.0207048282027245 -20.500000000000004 6.8859285190701485
    endloop
  endfacet
  facet normal 0.23344536538922164 0 0.97236992002956
    outer loop
      vertex 8.344296038150787 -20.500000000000004 6.568162381649017
      vertex 7.0207048282027245 -21.300000000000004 6.8859285190701485
      vertex 8.344296038150787 -21.300000000000004 6.568162381649017
    endloop
  endfacet
  facet normal 0 -1 0
    outer loop
      vertex -0.42323268301587136 -20.500000000000004 0
      vertex 15.346246667206287 -20.500000000000004 1.5417991876602173
      vertex 13.75 -20.500000000000004 1.5
    endloop
  endfacet
  facet normal -0.13052619212848754 0 -0.9914448613858651
    outer loop
      vertex 8.978748813271523 -20.500000000000004 1.8755056113004684
      vertex 10.561881870031357 -21.300000000000004 1.6670821905136108
      vertex 8.978748813271523 -21.300000000000004 1.8755056113004684
    endloop
  endfacet
  facet normal -0.13052619212848754 0 -0.9914448613858651
    outer loop
      vertex 8.978748813271523 -20.500000000000004 1.8755056113004684
      vertex 10.561881870031357 -20.500000000000004 1.6670821905136108
      vertex 10.561881870031357 -21.300000000000004 1.6670821905136108
    endloop
  endfacet
  facet normal -0.07845909677882557 0 -0.996917333650414
    outer loop
      vertex 10.561881870031357 -20.500000000000004 1.6670821905136108
      vertex 12.153753332793713 -21.300000000000004 1.5417991876602173
      vertex 10.561881870031357 -21.300000000000004 1.6670821905136108
    endloop
  endfacet
  facet normal -0.07845909677882557 0 -0.996917333650414
    outer loop
      vertex 10.561881870031357 -20.500000000000004 1.6670821905136108
      vertex 12.153753332793713 -20.500000000000004 1.5417991876602173
      vertex 12.153753332793713 -21.300000000000004 1.5417991876602173
    endloop
  endfacet
  facet normal -0.026176946823212505 0 -0.9996573250144345
    outer loop
      vertex 12.153753332793713 -20.500000000000004 1.5417991876602173
      vertex 13.75 -20.500000000000004 1.5
      vertex 13.75 -21.300000000000004 1.5
    endloop
  endfacet
  facet normal -0.026176946823212505 0 -0.9996573250144345
    outer loop
      vertex 12.153753332793713 -20.500000000000004 1.5417991876602173
      vertex 13.75 -21.300000000000004 1.5
      vertex 12.153753332793713 -21.300000000000004 1.5417991876602173
    endloop
  endfacet
  facet normal 0.1822355243538381 0 0.9832549077749277
    outer loop
      vertex 8.344296038150787 -20.500000000000004 6.568162381649017
      vertex 8.344296038150787 -21.300000000000004 6.568162381649017
      vertex 9.682703912258148 -20.500000000000004 6.320103146135807
    endloop
  endfacet
  facet normal 0.1822355243538381 0 0.9832549077749277
    outer loop
      vertex 8.344296038150787 -21.300000000000004 6.568162381649017
      vertex 9.682703912258148 -21.300000000000004 6.320103146135807
      vertex 9.682703912258148 -20.500000000000004 6.320103146135807
    endloop
  endfacet
  facet normal 0.1305261919523314 0 0.9914448614090563
    outer loop
      vertex 9.682703912258148 -20.500000000000004 6.320103146135807
      vertex 9.682703912258148 -21.300000000000004 6.320103146135807
      vertex 11.032259956002235 -20.500000000000004 6.1424307227134705
    endloop
  endfacet
  facet normal 0.1305261919523314 0 0.9914448614090563
    outer loop
      vertex 11.032259956002235 -20.500000000000004 6.1424307227134705
      vertex 9.682703912258148 -21.300000000000004 6.320103146135807
      vertex 11.032259956002235 -21.300000000000004 6.1424307227134705
    endloop
  endfacet
  facet normal 0.0784590977217935 0 0.9969173335762007
    outer loop
      vertex 11.032259956002235 -20.500000000000004 6.1424307227134705
      vertex 11.032259956002235 -21.300000000000004 6.1424307227134705
      vertex 12.38926513493061 -20.500000000000004 6.035632096230984
    endloop
  endfacet
  facet normal 0.0784590977217935 0 0.9969173335762007
    outer loop
      vertex 11.032259956002235 -21.300000000000004 6.1424307227134705
      vertex 12.38926513493061 -21.300000000000004 6.035632096230984
      vertex 12.38926513493061 -20.500000000000004 6.035632096230984
    endloop
  endfacet
  facet normal 0.02617694814476046 0 0.9996573249798285
    outer loop
      vertex 12.38926513493061 -20.500000000000004 6.035632096230984
      vertex 12.38926513493061 -21.300000000000004 6.035632096230984
      vertex 13.75 -20.500000000000004 6
    endloop
  endfacet
  facet normal 0.02617694814476046 0 0.9996573249798285
    outer loop
      vertex 12.38926513493061 -21.300000000000004 6.035632096230984
      vertex 13.75 -21.300000000000004 6
      vertex 13.75 -20.500000000000004 6
    endloop
  endfacet
  facet normal 0 -1 0
    outer loop
      vertex -2.6123301684856415 -20.500000000000004 11.794205002486706
      vertex -1.5324165597558022 -20.500000000000004 10.965558148920536
      vertex 26.529999999999998 -20.500000000000004 20.19
    endloop
  endfacet
  facet normal 0 -1 0
    outer loop
      vertex -1.5324165597558022 -20.500000000000004 10.965558148920536
      vertex -0.41061490774154663 -20.500000000000004 10.194565236568451
      vertex 26.529999999999998 -20.500000000000004 20.19
    endloop
  endfacet
  facet normal 0 -1 0
    outer loop
      vertex -6.455794997513294 -20.500000000000004 15.637669831514359
      vertex -5.571765460073948 -20.500000000000004 14.602604232728481
      vertex 26.529999999999998 -20.500000000000004 20.19
    endloop
  endfacet
  facet normal 0 -1 0
    outer loop
      vertex -4.634776309132576 -20.500000000000004 13.615223690867424
      vertex -3.6473957672715187 -20.500000000000004 12.678234539926052
      vertex 26.529999999999998 -20.500000000000004 20.19
    endloop
  endfacet
  facet normal 0 -1 0
    outer loop
      vertex -5.571765460073948 -20.500000000000004 14.602604232728481
      vertex -4.634776309132576 -20.500000000000004 13.615223690867424
      vertex 26.529999999999998 -20.500000000000004 20.19
    endloop
  endfacet
  facet normal 0 -1 0
    outer loop
      vertex -2.6123301684856415 -20.500000000000004 11.794205002486706
      vertex 26.529999999999998 -20.500000000000004 20.19
      vertex -3.6473957672715187 -20.500000000000004 12.678234539926052
    endloop
  endfacet
  facet normal 0 -1 0
    outer loop
      vertex -6.455794997513294 -20.500000000000004 15.637669831514359
      vertex 26.529999999999998 -20.500000000000004 20.19
      vertex 0.97 -20.500000000000004 20.19
    endloop
  endfacet
  facet normal 0 -1 0
    outer loop
      vertex 0.75 -20.500000000000004 9.483339503407478
      vertex 26.529999999999998 -20.500000000000004 20.19
      vertex -0.41061490774154663 -20.500000000000004 10.194565236568451
    endloop
  endfacet
  facet normal 0 -1 0
    outer loop
      vertex 0.75 -20.500000000000004 9.483339503407478
      vertex 1.9462470039725304 -20.500000000000004 8.833830371499062
      vertex 26.529999999999998 -20.500000000000004 20.19
    endloop
  endfacet
  facet normal 0 -1 0
    outer loop
      vertex 1.9462470039725304 -20.500000000000004 8.833830371499062
      vertex 3.1748472824692726 -20.500000000000004 8.247818104922771
      vertex 26.529999999999998 -20.500000000000004 20.19
    endloop
  endfacet
  facet normal 0 -1 0
    outer loop
      vertex 3.1748472824692726 -20.500000000000004 8.247818104922771
      vertex 4.4324333146214485 -20.500000000000004 7.726908914744854
      vertex 26.529999999999998 -20.500000000000004 20.19
    endloop
  endfacet
  facet normal 0 -1 0
    outer loop
      vertex 5.715558148920536 -20.500000000000004 7.2725305780768394
      vertex 26.529999999999998 -20.500000000000004 20.19
      vertex 4.4324333146214485 -20.500000000000004 7.726908914744854
    endloop
  endfacet
  facet normal 0 -1 0
    outer loop
      vertex 5.715558148920536 -20.500000000000004 7.2725305780768394
      vertex 7.0207048282027245 -20.500000000000004 6.8859285190701485
      vertex 26.529999999999998 -20.500000000000004 20.19
    endloop
  endfacet
  facet normal 0 -1 0
    outer loop
      vertex -8.766660496592522 -20.500000000000004 19
      vertex -0.53 -20.500000000000004 21.69
      vertex -9.416169628500938 -20.500000000000004 20.19624700397253
    endloop
  endfacet
  facet normal 0 -1 0
    outer loop
      vertex -8.055434763431549 -20.500000000000004 17.839385092258453
      vertex -0.41581929876693 -20.500000000000004 21.115974851452364
      vertex -0.47888873943360255 -20.500000000000004 21.30177143234622
    endloop
  endfacet
  facet normal 0 -1 0
    outer loop
      vertex -8.055434763431549 -20.500000000000004 17.839385092258453
      vertex -0.47888873943360255 -20.500000000000004 21.30177143234622
      vertex -0.5171672920607155 -20.500000000000004 21.494210711669922
    endloop
  endfacet
  facet normal 0 -1 0
    outer loop
      vertex -8.055434763431549 -20.500000000000004 17.839385092258453
      vertex -0.5171672920607155 -20.500000000000004 21.494210711669922
      vertex -0.53 -20.500000000000004 21.69
    endloop
  endfacet
  facet normal 0 -1 0
    outer loop
      vertex -0.53 -20.500000000000004 21.69
      vertex -8.766660496592522 -20.500000000000004 45
      vertex -9.416169628500938 -20.500000000000004 43.80375299602747
    endloop
  endfacet
  facet normal 0 -1 0
    outer loop
      vertex -0.53 -20.500000000000004 21.69
      vertex -8.055434763431549 -20.500000000000004 46.16061490774155
      vertex -8.766660496592522 -20.500000000000004 45
    endloop
  endfacet
  facet normal 0 -1 0
    outer loop
      vertex -0.53 -20.500000000000004 21.69
      vertex -7.284441851079464 -20.500000000000004 47.2824165597558
      vertex -8.055434763431549 -20.500000000000004 46.16061490774155
    endloop
  endfacet
  facet normal 0 -1 0
    outer loop
      vertex -0.53 -20.500000000000004 21.69
      vertex -6.455794997513294 -20.500000000000004 48.36233016848564
      vertex -7.284441851079464 -20.500000000000004 47.2824165597558
    endloop
  endfacet
  facet normal 0 -1 0
    outer loop
      vertex -20.485166028141975 -20.500000000000004 39.27690917998552
      vertex -15.710737705230713 -20.500000000000004 39.893980875611305
      vertex -20.057403922080994 -20.500000000000004 41.058666579425335
    endloop
  endfacet
  facet normal 0.9723699203206658 0 -0.23344536417667772
    outer loop
      vertex -20.485166028141975 -20.500000000000004 39.27690917998552
      vertex -20.057403922080994 -20.500000000000004 41.058666579425335
      vertex -20.057403922080994 -21.300000000000004 41.058666579425335
    endloop
  endfacet
  facet normal 0.9723699203206658 0 -0.23344536417667772
    outer loop
      vertex -20.485166028141975 -20.500000000000004 39.27690917998552
      vertex -20.057403922080994 -21.300000000000004 41.058666579425335
      vertex -20.485166028141975 -21.300000000000004 39.27690917998552
    endloop
  endfacet
  facet normal 0.9588197348528492 0 -0.28401534475572277
    outer loop
      vertex -20.057403922080994 -20.500000000000004 41.058666579425335
      vertex -19.53697807341814 -21.300000000000004 42.81559479981661
      vertex -20.057403922080994 -21.300000000000004 41.058666579425335
    endloop
  endfacet
  facet normal 0.9588197348528492 0 -0.28401534475572277
    outer loop
      vertex -20.057403922080994 -20.500000000000004 41.058666579425335
      vertex -19.53697807341814 -20.500000000000004 42.81559479981661
      vertex -19.53697807341814 -21.300000000000004 42.81559479981661
    endloop
  endfacet
  facet normal 0.9426414903831389 0 -0.3338068612360367
    outer loop
      vertex -19.53697807341814 -20.500000000000004 42.81559479981661
      vertex -18.92531492561102 -20.500000000000004 44.54287823289633
      vertex -18.92531492561102 -21.300000000000004 44.54287823289633
    endloop
  endfacet
  facet normal 0.9426414903831389 0 -0.3338068612360367
    outer loop
      vertex -19.53697807341814 -20.500000000000004 42.81559479981661
      vertex -18.92531492561102 -21.300000000000004 44.54287823289633
      vertex -19.53697807341814 -21.300000000000004 42.81559479981661
    endloop
  endfacet
  facet normal 0 -1 0
    outer loop
      vertex -20.057403922080994 -20.500000000000004 41.058666579425335
      vertex -15.25722374767065 -20.500000000000004 41.425018325448036
      vertex -19.53697807341814 -20.500000000000004 42.81559479981661
    endloop
  endfacet
  facet normal 0 -1 0
    outer loop
      vertex -20.057403922080994 -20.500000000000004 41.058666579425335
      vertex -15.710737705230713 -20.500000000000004 39.893980875611305
      vertex -15.25722374767065 -20.500000000000004 41.425018325448036
    endloop
  endfacet
  facet normal 0 -1 0
    outer loop
      vertex -19.53697807341814 -20.500000000000004 42.81559479981661
      vertex -14.724203005433083 -20.500000000000004 42.93022245913744
      vertex -18.92531492561102 -20.500000000000004 44.54287823289633
    endloop
  endfacet
  facet normal 0 -1 0
    outer loop
      vertex -19.53697807341814 -20.500000000000004 42.81559479981661
      vertex -15.25722374767065 -20.500000000000004 41.425018325448036
      vertex -14.724203005433083 -20.500000000000004 42.93022245913744
    endloop
  endfacet
  facet normal 0 -1 0
    outer loop
      vertex -18.92531492561102 -20.500000000000004 44.54287823289633
      vertex -14.11313645541668 -20.500000000000004 44.40546761453152
      vertex -18.22409101575613 -20.500000000000004 46.235782504081726
    endloop
  endfacet
  facet normal 0 -1 0
    outer loop
      vertex -18.22409101575613 -20.500000000000004 46.235782504081726
      vertex -13.42569898813963 -20.500000000000004 45.84671024233103
      vertex -17.43522834777832 -20.500000000000004 47.889667488634586
    endloop
  endfacet
  facet normal 0.9238795323317386 0 -0.3826834327985573
    outer loop
      vertex -18.92531492561102 -20.500000000000004 44.54287823289633
      vertex -18.22409101575613 -20.500000000000004 46.235782504081726
      vertex -18.22409101575613 -21.300000000000004 46.235782504081726
    endloop
  endfacet
  facet normal 0.9238795323317386 0 -0.3826834327985573
    outer loop
      vertex -18.92531492561102 -20.500000000000004 44.54287823289633
      vertex -18.22409101575613 -21.300000000000004 46.235782504081726
      vertex -18.92531492561102 -21.300000000000004 44.54287823289633
    endloop
  endfacet
  facet normal 0.9025852851028332 0 -0.4305110952296552
    outer loop
      vertex -18.22409101575613 -20.500000000000004 46.235782504081726
      vertex -17.43522834777832 -21.300000000000004 47.889667488634586
      vertex -18.22409101575613 -21.300000000000004 46.235782504081726
    endloop
  endfacet
  facet normal 0.9025852851028332 -3.7868071788859275e-17 -0.4305110952296552
    outer loop
      vertex -18.22409101575613 -20.500000000000004 46.235782504081726
      vertex -17.43522834777832 -20.500000000000004 47.889667488634586
      vertex -17.43522834777832 -21.300000000000004 47.889667488634586
    endloop
  endfacet
  facet normal 0.8788171126394217 3.786807173365997e-17 -0.47715876030112875
    outer loop
      vertex -17.43522834777832 -20.500000000000004 47.889667488634586
      vertex -16.56088913232088 -20.500000000000004 49.5
      vertex -16.56088913232088 -21.300000000000004 49.5
    endloop
  endfacet
  facet normal 0.8788171126394217 0 -0.47715876030112875
    outer loop
      vertex -17.43522834777832 -20.500000000000004 47.889667488634586
      vertex -16.56088913232088 -21.300000000000004 49.5
      vertex -17.43522834777832 -21.300000000000004 47.889667488634586
    endloop
  endfacet
  facet normal -0.9588197342497938 0 0.28401534679160345
    outer loop
      vertex -15.710737705230713 -20.500000000000004 39.893980875611305
      vertex -15.710737705230713 -21.300000000000004 39.893980875611305
      vertex -15.25722374767065 -20.500000000000004 41.425018325448036
    endloop
  endfacet
  facet normal -0.9426414904915135 0 0.333806860929996
    outer loop
      vertex -15.25722374767065 -20.500000000000004 41.425018325448036
      vertex -15.25722374767065 -21.300000000000004 41.425018325448036
      vertex -14.724203005433083 -20.500000000000004 42.93022245913744
    endloop
  endfacet
  facet normal -0.9588197342497938 0 0.28401534679160345
    outer loop
      vertex -15.25722374767065 -20.500000000000004 41.425018325448036
      vertex -15.710737705230713 -21.300000000000004 39.893980875611305
      vertex -15.25722374767065 -21.300000000000004 41.425018325448036
    endloop
  endfacet
  facet normal 0 -1 0
    outer loop
      vertex -18.92531492561102 -20.500000000000004 44.54287823289633
      vertex -14.724203005433083 -20.500000000000004 42.93022245913744
      vertex -14.11313645541668 -20.500000000000004 44.40546761453152
    endloop
  endfacet
  facet normal -0.9426414904915135 -4.345516428997054e-17 0.333806860929996
    outer loop
      vertex -15.25722374767065 -21.300000000000004 41.425018325448036
      vertex -14.724203005433083 -21.300000000000004 42.93022245913744
      vertex -14.724203005433083 -20.500000000000004 42.93022245913744
    endloop
  endfacet
  facet normal -0.9238795327710121 0 0.38268343173805713
    outer loop
      vertex -14.724203005433083 -20.500000000000004 42.93022245913744
      vertex -14.724203005433083 -21.300000000000004 42.93022245913744
      vertex -14.11313645541668 -20.500000000000004 44.40546761453152
    endloop
  endfacet
  facet normal -0.9238795327710121 0 0.38268343173805713
    outer loop
      vertex -14.11313645541668 -20.500000000000004 44.40546761453152
      vertex -14.724203005433083 -21.300000000000004 42.93022245913744
      vertex -14.11313645541668 -21.300000000000004 44.40546761453152
    endloop
  endfacet
  facet normal 0 -1 0
    outer loop
      vertex -18.22409101575613 -20.500000000000004 46.235782504081726
      vertex -14.11313645541668 -20.500000000000004 44.40546761453152
      vertex -13.42569898813963 -20.500000000000004 45.84671024233103
    endloop
  endfacet
  facet normal -0.9025852850470263 0 0.43051109534665716
    outer loop
      vertex -14.11313645541668 -20.500000000000004 44.40546761453152
      vertex -14.11313645541668 -21.300000000000004 44.40546761453152
      vertex -13.42569898813963 -20.500000000000004 45.84671024233103
    endloop
  endfacet
  facet normal 0 -1 0
    outer loop
      vertex -17.43522834777832 -20.500000000000004 47.889667488634586
      vertex -12.663774818181992 -20.500000000000004 47.25
      vertex -16.56088913232088 -20.500000000000004 49.5
    endloop
  endfacet
  facet normal 0 -1 0
    outer loop
      vertex -17.43522834777832 -20.500000000000004 47.889667488634586
      vertex -13.42569898813963 -20.500000000000004 45.84671024233103
      vertex -12.663774818181992 -20.500000000000004 47.25
    endloop
  endfacet
  facet normal -0.9025852850470263 4.3455164393322407e-17 0.43051109534665716
    outer loop
      vertex -14.11313645541668 -21.300000000000004 44.40546761453152
      vertex -13.42569898813963 -21.300000000000004 45.84671024233103
      vertex -13.42569898813963 -20.500000000000004 45.84671024233103
    endloop
  endfacet
  facet normal -0.8788171132431155 0 0.477158759189263
    outer loop
      vertex -13.42569898813963 -20.500000000000004 45.84671024233103
      vertex -13.42569898813963 -21.300000000000004 45.84671024233103
      vertex -12.663774818181992 -20.500000000000004 47.25
    endloop
  endfacet
  facet normal -0.8788171132431155 4.3455164383594717e-17 0.477158759189263
    outer loop
      vertex -13.42569898813963 -21.300000000000004 45.84671024233103
      vertex -12.663774818181992 -21.300000000000004 47.25
      vertex -12.663774818181992 -20.500000000000004 47.25
    endloop
  endfacet
  facet normal 0 -1 0
    outer loop
      vertex -16.56088913232088 -20.500000000000004 49.5
      vertex -12.663774818181992 -20.500000000000004 47.25
      vertex -11.829452320933342 -20.500000000000004 48.611490570008755
    endloop
  endfacet
  facet normal -0.8526401635443827 0 0.5224985660372748
    outer loop
      vertex -12.663774818181992 -20.500000000000004 47.25
      vertex -12.663774818181992 -21.300000000000004 47.25
      vertex -11.829452320933342 -20.500000000000004 48.611490570008755
    endloop
  endfacet
  facet normal -0.824126187753411 0 0.5664062381886603
    outer loop
      vertex -11.829452320933342 -20.500000000000004 48.611490570008755
      vertex -11.829452320933342 -21.300000000000004 48.611490570008755
      vertex -10.925018325448036 -20.500000000000004 49.92745019495487
    endloop
  endfacet
  facet normal -0.8526401635443827 0 0.5224985660372748
    outer loop
      vertex -11.829452320933342 -20.500000000000004 48.611490570008755
      vertex -12.663774818181992 -21.300000000000004 47.25
      vertex -11.829452320933342 -21.300000000000004 48.611490570008755
    endloop
  endfacet
  facet normal 0.9588197349285384 0 -0.28401534450019994
    outer loop
      vertex -11.364071480929852 -20.500000000000004 38.729295171797276
      vertex -10.97746942192316 -20.500000000000004 40.034441851079464
      vertex -10.97746942192316 -21.300000000000004 40.034441851079464
    endloop
  endfacet
  facet normal 0.9426414906374027 0 -0.3338068605180183
    outer loop
      vertex -10.97746942192316 -20.500000000000004 40.034441851079464
      vertex -10.523091085255146 -21.300000000000004 41.31756668537855
      vertex -10.97746942192316 -21.300000000000004 40.034441851079464
    endloop
  endfacet
  facet normal 0.9426414906374027 0 -0.3338068605180183
    outer loop
      vertex -10.97746942192316 -20.500000000000004 40.034441851079464
      vertex -10.523091085255146 -20.500000000000004 41.31756668537855
      vertex -10.523091085255146 -21.300000000000004 41.31756668537855
    endloop
  endfacet
  facet normal 0.9238795325607616 0 -0.382683432245647
    outer loop
      vertex -10.523091085255146 -20.500000000000004 41.31756668537855
      vertex -10.002181895077229 -21.300000000000004 42.57515271753073
      vertex -10.523091085255146 -21.300000000000004 41.31756668537855
    endloop
  endfacet
  facet normal 0.9238795325607616 0 -0.382683432245647
    outer loop
      vertex -10.523091085255146 -20.500000000000004 41.31756668537855
      vertex -10.002181895077229 -20.500000000000004 42.57515271753073
      vertex -10.002181895077229 -21.300000000000004 42.57515271753073
    endloop
  endfacet
  facet normal 0.9025852859863648 0 -0.43051109337729265
    outer loop
      vertex -10.002181895077229 -20.500000000000004 42.57515271753073
      vertex -9.416169628500938 -21.300000000000004 43.80375299602747
      vertex -10.002181895077229 -21.300000000000004 42.57515271753073
    endloop
  endfacet
  facet normal 0.9025852859863648 0 -0.43051109337729265
    outer loop
      vertex -10.002181895077229 -20.500000000000004 42.57515271753073
      vertex -9.416169628500938 -20.500000000000004 43.80375299602747
      vertex -9.416169628500938 -21.300000000000004 43.80375299602747
    endloop
  endfacet
  facet normal 0.8788171117605348 0 -0.4771587619198371
    outer loop
      vertex -9.416169628500938 -20.500000000000004 43.80375299602747
      vertex -8.766660496592522 -21.300000000000004 45
      vertex -9.416169628500938 -21.300000000000004 43.80375299602747
    endloop
  endfacet
  facet normal 0.8788171117605348 0 -0.4771587619198371
    outer loop
      vertex -9.416169628500938 -20.500000000000004 43.80375299602747
      vertex -8.766660496592522 -20.500000000000004 45
      vertex -8.766660496592522 -21.300000000000004 45
    endloop
  endfacet
  facet normal 0.8526401633820508 0 -0.5224985663021762
    outer loop
      vertex -8.766660496592522 -20.500000000000004 45
      vertex -8.055434763431549 -21.300000000000004 46.16061490774155
      vertex -8.766660496592522 -21.300000000000004 45
    endloop
  endfacet
  facet normal 0.8526401633820508 0 -0.5224985663021762
    outer loop
      vertex -8.766660496592522 -20.500000000000004 45
      vertex -8.055434763431549 -20.500000000000004 46.16061490774155
      vertex -8.055434763431549 -21.300000000000004 46.16061490774155
    endloop
  endfacet
  facet normal 0.8241261894468007 0 -0.5664062357247631
    outer loop
      vertex -8.055434763431549 -20.500000000000004 46.16061490774155
      vertex -7.284441851079464 -21.300000000000004 47.2824165597558
      vertex -8.055434763431549 -21.300000000000004 46.16061490774155
    endloop
  endfacet
  facet normal 0.8241261894468007 5.09762504069661e-17 -0.5664062357247631
    outer loop
      vertex -8.055434763431549 -20.500000000000004 46.16061490774155
      vertex -7.284441851079464 -20.500000000000004 47.2824165597558
      vertex -7.284441851079464 -21.300000000000004 47.2824165597558
    endloop
  endfacet
  facet normal 0.7933533413904209 0 -0.608761427576234
    outer loop
      vertex -7.284441851079464 -20.500000000000004 47.2824165597558
      vertex -6.455794997513294 -20.500000000000004 48.36233016848564
      vertex -6.455794997513294 -21.300000000000004 48.36233016848564
    endloop
  endfacet
  facet normal 0.7933533413904209 0 -0.608761427576234
    outer loop
      vertex -7.284441851079464 -20.500000000000004 47.2824165597558
      vertex -6.455794997513294 -21.300000000000004 48.36233016848564
      vertex -7.284441851079464 -21.300000000000004 47.2824165597558
    endloop
  endfacet
  facet normal 0 -1 0
    outer loop
      vertex -16.56088913232088 -20.500000000000004 49.5
      vertex -11.829452320933342 -20.500000000000004 48.611490570008755
      vertex -15.603469878435135 -20.500000000000004 51.06236622482538
    endloop
  endfacet
  facet normal 0.85264016436636 3.786807180505602e-17 -0.5224985646959296
    outer loop
      vertex -16.56088913232088 -20.500000000000004 49.5
      vertex -15.603469878435135 -20.500000000000004 51.06236622482538
      vertex -15.603469878435135 -21.300000000000004 51.06236622482538
    endloop
  endfacet
  facet normal 0.85264016436636 0 -0.5224985646959296
    outer loop
      vertex -16.56088913232088 -20.500000000000004 49.5
      vertex -15.603469878435135 -21.300000000000004 51.06236622482538
      vertex -16.56088913232088 -21.300000000000004 49.5
    endloop
  endfacet
  facet normal 0.8241261877999193 0 -0.5664062381209902
    outer loop
      vertex -15.603469878435135 -20.500000000000004 51.06236622482538
      vertex -14.565594799816608 -21.300000000000004 52.57248383015394
      vertex -15.603469878435135 -21.300000000000004 51.06236622482538
    endloop
  endfacet
  facet normal 0.8241261877999193 -7.5736143468521e-17 -0.5664062381209902
    outer loop
      vertex -15.603469878435135 -20.500000000000004 51.06236622482538
      vertex -14.565594799816608 -20.500000000000004 52.57248383015394
      vertex -14.565594799816608 -21.300000000000004 52.57248383015394
    endloop
  endfacet
  facet normal 0.7933533394988314 0 -0.6087614300414014
    outer loop
      vertex -14.565594799816608 -20.500000000000004 52.57248383015394
      vertex -13.450108647346497 -21.300000000000004 54.02621368318796
      vertex -14.565594799816608 -21.300000000000004 52.57248383015394
    endloop
  endfacet
  facet normal 0.7933533394988314 -7.573614368039057e-17 -0.6087614300414014
    outer loop
      vertex -14.565594799816608 -20.500000000000004 52.57248383015394
      vertex -13.450108647346497 -20.500000000000004 54.02621368318796
      vertex -13.450108647346497 -21.300000000000004 54.02621368318796
    endloop
  endfacet
  facet normal 0 -1 0
    outer loop
      vertex -11.829452320933342 -20.500000000000004 48.611490570008755
      vertex -10.925018325448036 -20.500000000000004 49.92745019495487
      vertex -15.603469878435135 -20.500000000000004 51.06236622482538
    endloop
  endfacet
  facet normal 0 -1 0
    outer loop
      vertex -15.603469878435135 -20.500000000000004 51.06236622482538
      vertex -10.925018325448036 -20.500000000000004 49.92745019495487
      vertex -14.565594799816608 -20.500000000000004 52.57248383015394
    endloop
  endfacet
  facet normal 0 -1 0
    outer loop
      vertex -14.565594799816608 -20.500000000000004 52.57248383015394
      vertex -10.925018325448036 -20.500000000000004 49.92745019495487
      vertex -9.952951826155186 -20.500000000000004 51.19427192956209
    endloop
  endfacet
  facet normal 0 -1 0
    outer loop
      vertex -14.565594799816608 -20.500000000000004 52.57248383015394
      vertex -9.952951826155186 -20.500000000000004 51.19427192956209
      vertex -13.450108647346497 -20.500000000000004 54.02621368318796
    endloop
  endfacet
  facet normal 0 -1 0
    outer loop
      vertex -13.450108647346497 -20.500000000000004 54.02621368318796
      vertex -8.915917180478573 -20.500000000000004 52.40848349034786
      vertex -12.260068893432617 -20.500000000000004 55.419571220874786
    endloop
  endfacet
  facet normal 0.7604059674783377 0 -0.649448046130969
    outer loop
      vertex -13.450108647346497 -20.500000000000004 54.02621368318796
      vertex -12.260068893432617 -20.500000000000004 55.419571220874786
      vertex -12.260068893432617 -21.300000000000004 55.419571220874786
    endloop
  endfacet
  facet normal 0.7604059674783377 0 -0.649448046130969
    outer loop
      vertex -13.450108647346497 -20.500000000000004 54.02621368318796
      vertex -12.260068893432617 -21.300000000000004 55.419571220874786
      vertex -13.450108647346497 -21.300000000000004 54.02621368318796
    endloop
  endfacet
  facet normal 0.7253743715766026 -3.7868071736884176e-17 -0.6883545750990901
    outer loop
      vertex -12.260068893432617 -20.500000000000004 55.419571220874786
      vertex -10.998737342655659 -20.500000000000004 56.74873734265566
      vertex -10.998737342655659 -21.300000000000004 56.74873734265566
    endloop
  endfacet
  facet normal 0.7253743715766026 0 -0.6883545750990901
    outer loop
      vertex -12.260068893432617 -20.500000000000004 55.419571220874786
      vertex -10.998737342655659 -21.300000000000004 56.74873734265566
      vertex -12.260068893432617 -21.300000000000004 55.419571220874786
    endloop
  endfacet
  facet normal -0.7933533422964067 0 0.6087614263955301
    outer loop
      vertex -10.925018325448036 -20.500000000000004 49.92745019495487
      vertex -10.925018325448036 -21.300000000000004 49.92745019495487
      vertex -9.952951826155186 -20.500000000000004 51.19427192956209
    endloop
  endfacet
  facet normal -0.824126187753411 0 0.5664062381886603
    outer loop
      vertex -11.829452320933342 -21.300000000000004 48.611490570008755
      vertex -10.925018325448036 -21.300000000000004 49.92745019495487
      vertex -10.925018325448036 -20.500000000000004 49.92745019495487
    endloop
  endfacet
  facet normal -0.7933533422964067 0 0.6087614263955301
    outer loop
      vertex -9.952951826155186 -20.500000000000004 51.19427192956209
      vertex -10.925018325448036 -21.300000000000004 49.92745019495487
      vertex -9.952951826155186 -21.300000000000004 51.19427192956209
    endloop
  endfacet
  facet normal -0.7604059645042678 0 0.6494480496131574
    outer loop
      vertex -9.952951826155186 -20.500000000000004 51.19427192956209
      vertex -9.952951826155186 -21.300000000000004 51.19427192956209
      vertex -8.915917180478573 -20.500000000000004 52.40848349034786
    endloop
  endfacet
  facet normal 0 -1 0
    outer loop
      vertex -13.450108647346497 -20.500000000000004 54.02621368318796
      vertex -9.952951826155186 -20.500000000000004 51.19427192956209
      vertex -8.915917180478573 -20.500000000000004 52.40848349034786
    endloop
  endfacet
  facet normal 0 -1 0
    outer loop
      vertex -12.260068893432617 -20.500000000000004 55.419571220874786
      vertex -8.915917180478573 -20.500000000000004 52.40848349034786
      vertex -7.816756829619408 -20.500000000000004 53.56675682961941
    endloop
  endfacet
  facet normal -0.7604059645042678 8.691032900689526e-17 0.6494480496131574
    outer loop
      vertex -9.952951826155186 -21.300000000000004 51.19427192956209
      vertex -8.915917180478573 -21.300000000000004 52.40848349034786
      vertex -8.915917180478573 -20.500000000000004 52.40848349034786
    endloop
  endfacet
  facet normal -0.7253743731011294 0 0.6883545734925741
    outer loop
      vertex -8.915917180478573 -20.500000000000004 52.40848349034786
      vertex -8.915917180478573 -21.300000000000004 52.40848349034786
      vertex -7.816756829619408 -20.500000000000004 53.56675682961941
    endloop
  endfacet
  facet normal -0.7253743731011294 0 0.6883545734925741
    outer loop
      vertex -8.915917180478573 -21.300000000000004 52.40848349034786
      vertex -7.816756829619408 -21.300000000000004 53.56675682961941
      vertex -7.816756829619408 -20.500000000000004 53.56675682961941
    endloop
  endfacet
  facet normal -0.6883545734925741 0 0.7253743731011294
    outer loop
      vertex -7.816756829619408 -20.500000000000004 53.56675682961941
      vertex -7.816756829619408 -21.300000000000004 53.56675682961941
      vertex -6.658483490347862 -20.500000000000004 54.66591718047857
    endloop
  endfacet
  facet normal -0.6883545734925741 0 0.7253743731011294
    outer loop
      vertex -7.816756829619408 -21.300000000000004 53.56675682961941
      vertex -6.658483490347862 -21.300000000000004 54.66591718047857
      vertex -6.658483490347862 -20.500000000000004 54.66591718047857
    endloop
  endfacet
  facet normal 0 -1 0
    outer loop
      vertex -12.260068893432617 -20.500000000000004 55.419571220874786
      vertex -7.816756829619408 -20.500000000000004 53.56675682961941
      vertex -10.998737342655659 -20.500000000000004 56.74873734265566
    endloop
  endfacet
  facet normal 0 -1 0
    outer loop
      vertex -7.816756829619408 -20.500000000000004 53.56675682961941
      vertex -9.669571220874786 -20.500000000000004 58.01006889343262
      vertex -10.998737342655659 -20.500000000000004 56.74873734265566
    endloop
  endfacet
  facet normal 0.6883545750990901 -3.7868071736884176e-17 -0.7253743715766026
    outer loop
      vertex -10.998737342655659 -20.500000000000004 56.74873734265566
      vertex -9.669571220874786 -20.500000000000004 58.01006889343262
      vertex -9.669571220874786 -21.300000000000004 58.01006889343262
    endloop
  endfacet
  facet normal 0.6883545750990901 0 -0.7253743715766026
    outer loop
      vertex -10.998737342655659 -20.500000000000004 56.74873734265566
      vertex -9.669571220874786 -21.300000000000004 58.01006889343262
      vertex -10.998737342655659 -21.300000000000004 56.74873734265566
    endloop
  endfacet
  facet normal 0.649448046130969 0 -0.7604059674783377
    outer loop
      vertex -9.669571220874786 -20.500000000000004 58.01006889343262
      vertex -8.276213683187962 -21.300000000000004 59.2001086473465
      vertex -9.669571220874786 -21.300000000000004 58.01006889343262
    endloop
  endfacet
  facet normal 0 -1 0
    outer loop
      vertex -7.816756829619408 -20.500000000000004 53.56675682961941
      vertex -6.658483490347862 -20.500000000000004 54.66591718047857
      vertex -9.669571220874786 -20.500000000000004 58.01006889343262
    endloop
  endfacet
  facet normal 0 -1 0
    outer loop
      vertex -6.658483490347862 -20.500000000000004 54.66591718047857
      vertex -5.444271929562092 -20.500000000000004 55.702951826155186
      vertex -8.276213683187962 -20.500000000000004 59.2001086473465
    endloop
  endfacet
  facet normal -0.6494480496131574 0 0.7604059645042678
    outer loop
      vertex -6.658483490347862 -20.500000000000004 54.66591718047857
      vertex -6.658483490347862 -21.300000000000004 54.66591718047857
      vertex -5.444271929562092 -20.500000000000004 55.702951826155186
    endloop
  endfacet
  facet normal 0 -1 0
    outer loop
      vertex -9.669571220874786 -20.500000000000004 58.01006889343262
      vertex -6.658483490347862 -20.500000000000004 54.66591718047857
      vertex -8.276213683187962 -20.500000000000004 59.2001086473465
    endloop
  endfacet
  facet normal 0 -1 0
    outer loop
      vertex -8.276213683187962 -20.500000000000004 59.2001086473465
      vertex -5.444271929562092 -20.500000000000004 55.702951826155186
      vertex -6.822483830153942 -20.500000000000004 60.31559479981661
    endloop
  endfacet
  facet normal 0.649448046130969 0 -0.7604059674783377
    outer loop
      vertex -9.669571220874786 -20.500000000000004 58.01006889343262
      vertex -8.276213683187962 -20.500000000000004 59.2001086473465
      vertex -8.276213683187962 -21.300000000000004 59.2001086473465
    endloop
  endfacet
  facet normal 0.6087614300414014 0 -0.7933533394988314
    outer loop
      vertex -8.276213683187962 -20.500000000000004 59.2001086473465
      vertex -6.822483830153942 -21.300000000000004 60.31559479981661
      vertex -8.276213683187962 -21.300000000000004 59.2001086473465
    endloop
  endfacet
  facet normal 0.6087614300414014 -7.573614368039057e-17 -0.7933533394988314
    outer loop
      vertex -8.276213683187962 -20.500000000000004 59.2001086473465
      vertex -6.822483830153942 -20.500000000000004 60.31559479981661
      vertex -6.822483830153942 -21.300000000000004 60.31559479981661
    endloop
  endfacet
  facet normal 0.5664062381209902 0 -0.8241261877999193
    outer loop
      vertex -6.822483830153942 -20.500000000000004 60.31559479981661
      vertex -5.312366224825382 -21.300000000000004 61.353469878435135
      vertex -6.822483830153942 -21.300000000000004 60.31559479981661
    endloop
  endfacet
  facet normal 0 -1 0
    outer loop
      vertex -0.53 -20.500000000000004 21.69
      vertex -5.571765460073948 -20.500000000000004 49.39739576727152
      vertex -6.455794997513294 -20.500000000000004 48.36233016848564
    endloop
  endfacet
  facet normal 0 -1 0
    outer loop
      vertex -0.53 -20.500000000000004 21.69
      vertex -4.634776309132576 -20.500000000000004 50.384776309132576
      vertex -5.571765460073948 -20.500000000000004 49.39739576727152
    endloop
  endfacet
  facet normal 0 -1 0
    outer loop
      vertex -0.53 -20.500000000000004 21.69
      vertex -0.53 -20.500000000000004 50.31
      vertex -4.634776309132576 -20.500000000000004 50.384776309132576
    endloop
  endfacet
  facet normal 0.7604059651179962 0 -0.649448048894574
    outer loop
      vertex -6.455794997513294 -20.500000000000004 48.36233016848564
      vertex -5.571765460073948 -20.500000000000004 49.39739576727152
      vertex -5.571765460073948 -21.300000000000004 49.39739576727152
    endloop
  endfacet
  facet normal 0.7604059651179962 0 -0.649448048894574
    outer loop
      vertex -6.455794997513294 -20.500000000000004 48.36233016848564
      vertex -5.571765460073948 -21.300000000000004 49.39739576727152
      vertex -6.455794997513294 -21.300000000000004 48.36233016848564
    endloop
  endfacet
  facet normal 0.7253743699663061 0 -0.6883545767959884
    outer loop
      vertex -5.571765460073948 -20.500000000000004 49.39739576727152
      vertex -4.634776309132576 -21.300000000000004 50.384776309132576
      vertex -5.571765460073948 -21.300000000000004 49.39739576727152
    endloop
  endfacet
  facet normal 0.7253743699663061 -5.097625059860681e-17 -0.6883545767959884
    outer loop
      vertex -5.571765460073948 -20.500000000000004 49.39739576727152
      vertex -4.634776309132576 -20.500000000000004 50.384776309132576
      vertex -4.634776309132576 -21.300000000000004 50.384776309132576
    endloop
  endfacet
  facet normal 0.6883545767959884 -5.097625059860681e-17 -0.7253743699663061
    outer loop
      vertex -4.634776309132576 -20.500000000000004 50.384776309132576
      vertex -3.6473957672715187 -20.500000000000004 51.32176546007395
      vertex -3.6473957672715187 -21.300000000000004 51.32176546007395
    endloop
  endfacet
  facet normal 0.6883545767959884 0 -0.7253743699663061
    outer loop
      vertex -4.634776309132576 -20.500000000000004 50.384776309132576
      vertex -3.6473957672715187 -21.300000000000004 51.32176546007395
      vertex -4.634776309132576 -21.300000000000004 50.384776309132576
    endloop
  endfacet
  facet normal 0 -1 0
    outer loop
      vertex -4.634776309132576 -20.500000000000004 50.384776309132576
      vertex -0.53 -20.500000000000004 50.31
      vertex -3.6473957672715187 -20.500000000000004 51.32176546007395
    endloop
  endfacet
  facet normal 0 -1 0
    outer loop
      vertex -3.6473957672715187 -20.500000000000004 51.32176546007395
      vertex -0.22003001043685289 -20.500000000000004 51.22314214351308
      vertex -2.6123301684856415 -20.500000000000004 52.205794997513294
    endloop
  endfacet
  facet normal 0 -1 0
    outer loop
      vertex -3.6473957672715187 -20.500000000000004 51.32176546007395
      vertex -0.53 -20.500000000000004 50.31
      vertex -0.5171672920607155 -20.500000000000004 50.50578928833008
    endloop
  endfacet
  facet normal 0 -1 0
    outer loop
      vertex -3.6473957672715187 -20.500000000000004 51.32176546007395
      vertex -0.5171672920607155 -20.500000000000004 50.50578928833008
      vertex -0.47888873943360255 -20.500000000000004 50.698228567653786
    endloop
  endfacet
  facet normal 0 -1 0
    outer loop
      vertex -3.6473957672715187 -20.500000000000004 51.32176546007395
      vertex -0.47888873943360255 -20.500000000000004 50.698228567653786
      vertex -0.41581929876693 -20.500000000000004 50.884025148547636
    endloop
  endfacet
  facet normal 0 -1 0
    outer loop
      vertex -3.6473957672715187 -20.500000000000004 51.32176546007395
      vertex -0.41581929876693 -20.500000000000004 50.884025148547636
      vertex -0.32903810567665803 -20.500000000000004 51.06
    endloop
  endfacet
  facet normal 0 -1 0
    outer loop
      vertex -3.6473957672715187 -20.500000000000004 51.32176546007395
      vertex -0.32903810567665803 -20.500000000000004 51.06
      vertex -0.22003001043685289 -20.500000000000004 51.22314214351308
    endloop
  endfacet
  facet normal 0.649448048894574 0 -0.7604059651179962
    outer loop
      vertex -3.6473957672715187 -20.500000000000004 51.32176546007395
      vertex -2.6123301684856415 -21.300000000000004 52.205794997513294
      vertex -3.6473957672715187 -21.300000000000004 51.32176546007395
    endloop
  endfacet
  facet normal 0.649448048894574 0 -0.7604059651179962
    outer loop
      vertex -3.6473957672715187 -20.500000000000004 51.32176546007395
      vertex -2.6123301684856415 -20.500000000000004 52.205794997513294
      vertex -2.6123301684856415 -21.300000000000004 52.205794997513294
    endloop
  endfacet
  facet normal 0.608761427576234 0 -0.7933533413904209
    outer loop
      vertex -2.6123301684856415 -20.500000000000004 52.205794997513294
      vertex -1.5324165597558022 -20.500000000000004 53.034441851079464
      vertex -1.5324165597558022 -21.300000000000004 53.034441851079464
    endloop
  endfacet
  facet normal 0.608761427576234 0 -0.7933533413904209
    outer loop
      vertex -2.6123301684856415 -20.500000000000004 52.205794997513294
      vertex -1.5324165597558022 -21.300000000000004 53.034441851079464
      vertex -2.6123301684856415 -21.300000000000004 52.205794997513294
    endloop
  endfacet
  facet normal -0.6494480496131574 8.691032900689526e-17 0.7604059645042678
    outer loop
      vertex -6.658483490347862 -21.300000000000004 54.66591718047857
      vertex -5.444271929562092 -21.300000000000004 55.702951826155186
      vertex -5.444271929562092 -20.500000000000004 55.702951826155186
    endloop
  endfacet
  facet normal -0.6087614263955301 0 0.7933533422964067
    outer loop
      vertex -5.444271929562092 -20.500000000000004 55.702951826155186
      vertex -5.444271929562092 -21.300000000000004 55.702951826155186
      vertex -4.177450194954872 -20.500000000000004 56.675018325448036
    endloop
  endfacet
  facet normal -0.6087614263955301 0 0.7933533422964067
    outer loop
      vertex -4.177450194954872 -20.500000000000004 56.675018325448036
      vertex -5.444271929562092 -21.300000000000004 55.702951826155186
      vertex -4.177450194954872 -21.300000000000004 56.675018325448036
    endloop
  endfacet
  facet normal 0 -1 0
    outer loop
      vertex -6.822483830153942 -20.500000000000004 60.31559479981661
      vertex -5.444271929562092 -20.500000000000004 55.702951826155186
      vertex -4.177450194954872 -20.500000000000004 56.675018325448036
    endloop
  endfacet
  facet normal 0 -1 0
    outer loop
      vertex -4.177450194954872 -20.500000000000004 56.675018325448036
      vertex -2.8614905700087547 -20.500000000000004 57.57945232093334
      vertex -5.312366224825382 -20.500000000000004 61.353469878435135
    endloop
  endfacet
  facet normal -0.5664062381886603 0 0.824126187753411
    outer loop
      vertex -4.177450194954872 -20.500000000000004 56.675018325448036
      vertex -4.177450194954872 -21.300000000000004 56.675018325448036
      vertex -2.8614905700087547 -20.500000000000004 57.57945232093334
    endloop
  endfacet
  facet normal -0.5664062381886603 0 0.824126187753411
    outer loop
      vertex -4.177450194954872 -21.300000000000004 56.675018325448036
      vertex -2.8614905700087547 -21.300000000000004 57.57945232093334
      vertex -2.8614905700087547 -20.500000000000004 57.57945232093334
    endloop
  endfacet
  facet normal -0.5224985660372748 0 0.8526401635443827
    outer loop
      vertex -2.8614905700087547 -20.500000000000004 57.57945232093334
      vertex -2.8614905700087547 -21.300000000000004 57.57945232093334
      vertex -1.5 -20.500000000000004 58.41377481818199
    endloop
  endfacet
  facet normal -0.5224985660372748 0 0.8526401635443827
    outer loop
      vertex -1.5 -20.500000000000004 58.41377481818199
      vertex -2.8614905700087547 -21.300000000000004 57.57945232093334
      vertex -1.5 -21.300000000000004 58.41377481818199
    endloop
  endfacet
  facet normal 0 -1 0
    outer loop
      vertex -2.6123301684856415 -20.500000000000004 52.205794997513294
      vertex -0.22003001043685289 -20.500000000000004 51.22314214351308
      vertex -0.09066017177982144 -20.500000000000004 51.370660171779825
    endloop
  endfacet
  facet normal 0 -1 0
    outer loop
      vertex -2.6123301684856415 -20.500000000000004 52.205794997513294
      vertex -0.09066017177982144 -20.500000000000004 51.370660171779825
      vertex 0.05685785648691899 -20.500000000000004 51.50003001043685
    endloop
  endfacet
  facet normal 0 -1 0
    outer loop
      vertex -2.6123301684856415 -20.500000000000004 52.205794997513294
      vertex 0.05685785648691899 -20.500000000000004 51.50003001043685
      vertex 0.21999999999999997 -20.500000000000004 51.60903810567666
    endloop
  endfacet
  facet normal 0 -1 0
    outer loop
      vertex -2.6123301684856415 -20.500000000000004 52.205794997513294
      vertex 0.21999999999999997 -20.500000000000004 51.60903810567666
      vertex 0.39597485145236533 -20.500000000000004 51.695819298766935
    endloop
  endfacet
  facet normal 0 -1 0
    outer loop
      vertex -2.6123301684856415 -20.500000000000004 52.205794997513294
      vertex 0.97 -20.500000000000004 51.81
      vertex -1.5324165597558022 -20.500000000000004 53.034441851079464
    endloop
  endfacet
  facet normal 0 -1 0
    outer loop
      vertex -2.6123301684856415 -20.500000000000004 52.205794997513294
      vertex 0.39597485145236533 -20.500000000000004 51.695819298766935
      vertex 0.5817714323462189 -20.500000000000004 51.75888873943361
    endloop
  endfacet
  facet normal 0 -1 0
    outer loop
      vertex -2.6123301684856415 -20.500000000000004 52.205794997513294
      vertex 0.5817714323462189 -20.500000000000004 51.75888873943361
      vertex 0.7742107116699226 -20.500000000000004 51.79716729206072
    endloop
  endfacet
  facet normal 0 -1 0
    outer loop
      vertex -2.6123301684856415 -20.500000000000004 52.205794997513294
      vertex 0.7742107116699226 -20.500000000000004 51.79716729206072
      vertex 0.97 -20.500000000000004 51.81
    endloop
  endfacet
  facet normal 0.5664062357247631 5.09762504069661e-17 -0.8241261894468007
    outer loop
      vertex -1.5324165597558022 -20.500000000000004 53.034441851079464
      vertex -0.41061490774154663 -20.500000000000004 53.80543476343155
      vertex -0.41061490774154663 -21.300000000000004 53.80543476343155
    endloop
  endfacet
  facet normal 0.5664062357247631 0 -0.8241261894468007
    outer loop
      vertex -1.5324165597558022 -20.500000000000004 53.034441851079464
      vertex -0.41061490774154663 -21.300000000000004 53.80543476343155
      vertex -1.5324165597558022 -21.300000000000004 53.034441851079464
    endloop
  endfacet
  facet normal 0.5224985663021762 0 -0.8526401633820508
    outer loop
      vertex -0.41061490774154663 -20.500000000000004 53.80543476343155
      vertex 0.75 -21.300000000000004 54.51666049659252
      vertex -0.41061490774154663 -21.300000000000004 53.80543476343155
    endloop
  endfacet
  facet normal 0.5224985663021762 0 -0.8526401633820508
    outer loop
      vertex -0.41061490774154663 -20.500000000000004 53.80543476343155
      vertex 0.75 -20.500000000000004 54.51666049659252
      vertex 0.75 -21.300000000000004 54.51666049659252
    endloop
  endfacet
  facet normal 0.4771587619198371 0 -0.8788171117605348
    outer loop
      vertex 0.75 -20.500000000000004 54.51666049659252
      vertex 1.9462470039725304 -21.300000000000004 55.16616962850094
      vertex 0.75 -21.300000000000004 54.51666049659252
    endloop
  endfacet
  facet normal -0.477158759189263 0 0.8788171132431155
    outer loop
      vertex -1.5 -20.500000000000004 58.41377481818199
      vertex -1.5 -21.300000000000004 58.41377481818199
      vertex -0.09671024233102798 -20.500000000000004 59.17569898813963
    endloop
  endfacet
  facet normal -0.477158759189263 4.3455164383594717e-17 0.8788171132431155
    outer loop
      vertex -1.5 -21.300000000000004 58.41377481818199
      vertex -0.09671024233102798 -21.300000000000004 59.17569898813963
      vertex -0.09671024233102798 -20.500000000000004 59.17569898813963
    endloop
  endfacet
  facet normal 0.4771587619198371 0 -0.8788171117605348
    outer loop
      vertex 0.75 -20.500000000000004 54.51666049659252
      vertex 1.9462470039725304 -20.500000000000004 55.16616962850094
      vertex 1.9462470039725304 -21.300000000000004 55.16616962850094
    endloop
  endfacet
  facet normal 0.43051109337729265 0 -0.9025852859863648
    outer loop
      vertex 1.9462470039725304 -20.500000000000004 55.16616962850094
      vertex 3.1748472824692726 -21.300000000000004 55.75218189507723
      vertex 1.9462470039725304 -21.300000000000004 55.16616962850094
    endloop
  endfacet
  facet normal 0.43051109337729265 0 -0.9025852859863648
    outer loop
      vertex 1.9462470039725304 -20.500000000000004 55.16616962850094
      vertex 3.1748472824692726 -20.500000000000004 55.75218189507723
      vertex 3.1748472824692726 -21.300000000000004 55.75218189507723
    endloop
  endfacet
  facet normal 0.382683432245647 0 -0.9238795325607616
    outer loop
      vertex 3.1748472824692726 -20.500000000000004 55.75218189507723
      vertex 4.4324333146214485 -21.300000000000004 56.273091085255146
      vertex 3.1748472824692726 -21.300000000000004 55.75218189507723
    endloop
  endfacet
  facet normal 0.382683432245647 0 -0.9238795325607616
    outer loop
      vertex 3.1748472824692726 -20.500000000000004 55.75218189507723
      vertex 4.4324333146214485 -20.500000000000004 56.273091085255146
      vertex 4.4324333146214485 -21.300000000000004 56.273091085255146
    endloop
  endfacet
  facet normal 0.3338068605180183 0 -0.9426414906374027
    outer loop
      vertex 4.4324333146214485 -20.500000000000004 56.273091085255146
      vertex 5.715558148920536 -21.300000000000004 56.72746942192316
      vertex 4.4324333146214485 -21.300000000000004 56.273091085255146
    endloop
  endfacet
  facet normal 0.3338068605180183 0 -0.9426414906374027
    outer loop
      vertex 4.4324333146214485 -20.500000000000004 56.273091085255146
      vertex 5.715558148920536 -20.500000000000004 56.72746942192316
      vertex 5.715558148920536 -21.300000000000004 56.72746942192316
    endloop
  endfacet
  facet normal 0.28401534450019994 0 -0.9588197349285384
    outer loop
      vertex 5.715558148920536 -20.500000000000004 56.72746942192316
      vertex 7.0207048282027245 -21.300000000000004 57.11407148092985
      vertex 5.715558148920536 -21.300000000000004 56.72746942192316
    endloop
  endfacet
  facet normal 0.28401534450019994 0 -0.9588197349285384
    outer loop
      vertex 5.715558148920536 -20.500000000000004 56.72746942192316
      vertex 7.0207048282027245 -20.500000000000004 57.11407148092985
      vertex 7.0207048282027245 -21.300000000000004 57.11407148092985
    endloop
  endfacet
  facet normal 0.23344536538922164 0 -0.97236992002956
    outer loop
      vertex 7.0207048282027245 -20.500000000000004 57.11407148092985
      vertex 8.344296038150787 -21.300000000000004 57.43183761835098
      vertex 7.0207048282027245 -21.300000000000004 57.11407148092985
    endloop
  endfacet
  facet normal 0.23344536538922164 0 -0.97236992002956
    outer loop
      vertex 7.0207048282027245 -20.500000000000004 57.11407148092985
      vertex 8.344296038150787 -20.500000000000004 57.43183761835098
      vertex 8.344296038150787 -21.300000000000004 57.43183761835098
    endloop
  endfacet
  facet normal 0 -1 0
    outer loop
      vertex -1.5324165597558022 -20.500000000000004 53.034441851079464
      vertex 0.97 -20.500000000000004 51.81
      vertex 30.11233016848564 -20.500000000000004 52.205794997513294
    endloop
  endfacet
  facet normal 0 -1 0
    outer loop
      vertex -1.5324165597558022 -20.500000000000004 53.034441851079464
      vertex 29.032416559755802 -20.500000000000004 53.034441851079464
      vertex -0.41061490774154663 -20.500000000000004 53.80543476343155
    endloop
  endfacet
  facet normal 0 -1 0
    outer loop
      vertex -0.41061490774154663 -20.500000000000004 53.80543476343155
      vertex 27.910614907741547 -20.500000000000004 53.80543476343155
      vertex 0.75 -20.500000000000004 54.51666049659252
    endloop
  endfacet
  facet normal 0 -1 0
    outer loop
      vertex 0.75 -20.500000000000004 54.51666049659252
      vertex 27.910614907741547 -20.500000000000004 53.80543476343155
      vertex 1.9462470039725304 -20.500000000000004 55.16616962850094
    endloop
  endfacet
  facet normal 0 -1 0
    outer loop
      vertex 1.9462470039725304 -20.500000000000004 55.16616962850094
      vertex 27.910614907741547 -20.500000000000004 53.80543476343155
      vertex 3.1748472824692726 -20.500000000000004 55.75218189507723
    endloop
  endfacet
  facet normal 0 -1 0
    outer loop
      vertex 3.1748472824692726 -20.500000000000004 55.75218189507723
      vertex 24.325152717530727 -20.500000000000004 55.75218189507723
      vertex 4.4324333146214485 -20.500000000000004 56.273091085255146
    endloop
  endfacet
  facet normal 0 -1 0
    outer loop
      vertex 4.4324333146214485 -20.500000000000004 56.273091085255146
      vertex 23.06756668537855 -20.500000000000004 56.273091085255146
      vertex 5.715558148920536 -20.500000000000004 56.72746942192316
    endloop
  endfacet
  facet normal 0.1822355243538381 0 -0.9832549077749277
    outer loop
      vertex 8.344296038150787 -20.500000000000004 57.43183761835098
      vertex 9.682703912258148 -20.500000000000004 57.67989685386419
      vertex 9.682703912258148 -21.300000000000004 57.67989685386419
    endloop
  endfacet
  facet normal 0.1822355243538381 0 -0.9832549077749277
    outer loop
      vertex 8.344296038150787 -20.500000000000004 57.43183761835098
      vertex 9.682703912258148 -21.300000000000004 57.67989685386419
      vertex 8.344296038150787 -21.300000000000004 57.43183761835098
    endloop
  endfacet
  facet normal 0.1305261919523314 0 -0.9914448614090563
    outer loop
      vertex 9.682703912258148 -20.500000000000004 57.67989685386419
      vertex 11.032259956002235 -20.500000000000004 57.85756927728653
      vertex 11.032259956002235 -21.300000000000004 57.85756927728653
    endloop
  endfacet
  facet normal 0.1305261919523314 0 -0.9914448614090563
    outer loop
      vertex 9.682703912258148 -20.500000000000004 57.67989685386419
      vertex 11.032259956002235 -21.300000000000004 57.85756927728653
      vertex 9.682703912258148 -21.300000000000004 57.67989685386419
    endloop
  endfacet
  facet normal 0 -1 0
    outer loop
      vertex 5.715558148920536 -20.500000000000004 56.72746942192316
      vertex 23.06756668537855 -20.500000000000004 56.273091085255146
      vertex 7.0207048282027245 -20.500000000000004 57.11407148092985
    endloop
  endfacet
  facet normal 0 -1 0
    outer loop
      vertex 7.0207048282027245 -20.500000000000004 57.11407148092985
      vertex 20.479295171797276 -20.500000000000004 57.11407148092985
      vertex 8.344296038150787 -20.500000000000004 57.43183761835098
    endloop
  endfacet
  facet normal 0 -1 0
    outer loop
      vertex 8.344296038150787 -20.500000000000004 57.43183761835098
      vertex 20.479295171797276 -20.500000000000004 57.11407148092985
      vertex 9.682703912258148 -20.500000000000004 57.67989685386419
    endloop
  endfacet
  facet normal 0 -1 0
    outer loop
      vertex 9.682703912258148 -20.500000000000004 57.67989685386419
      vertex 17.817296087741852 -20.500000000000004 57.67989685386419
      vertex 11.032259956002235 -20.500000000000004 57.85756927728653
    endloop
  endfacet
  facet normal 0 -1 0
    outer loop
      vertex 11.032259956002235 -20.500000000000004 57.85756927728653
      vertex 16.467740043997765 -20.500000000000004 57.85756927728653
      vertex 12.38926513493061 -20.500000000000004 57.964367903769016
    endloop
  endfacet
  facet normal 0.0784590977217935 0 -0.9969173335762007
    outer loop
      vertex 11.032259956002235 -20.500000000000004 57.85756927728653
      vertex 12.38926513493061 -20.500000000000004 57.964367903769016
      vertex 12.38926513493061 -21.300000000000004 57.964367903769016
    endloop
  endfacet
  facet normal 0.0784590977217935 0 -0.9969173335762007
    outer loop
      vertex 11.032259956002235 -20.500000000000004 57.85756927728653
      vertex 12.38926513493061 -21.300000000000004 57.964367903769016
      vertex 11.032259956002235 -21.300000000000004 57.85756927728653
    endloop
  endfacet
  facet normal 0.02617694814476046 0 -0.9996573249798285
    outer loop
      vertex 12.38926513493061 -20.500000000000004 57.964367903769016
      vertex 13.75 -20.500000000000004 58
      vertex 13.75 -21.300000000000004 58
    endloop
  endfacet
  facet normal 0.02617694814476046 0 -0.9996573249798285
    outer loop
      vertex 12.38926513493061 -20.500000000000004 57.964367903769016
      vertex 13.75 -21.300000000000004 58
      vertex 12.38926513493061 -21.300000000000004 57.964367903769016
    endloop
  endfacet
  facet normal 0 -1 0
    outer loop
      vertex -6.822483830153942 -20.500000000000004 60.31559479981661
      vertex -4.177450194954872 -20.500000000000004 56.675018325448036
      vertex -5.312366224825382 -20.500000000000004 61.353469878435135
    endloop
  endfacet
  facet normal 0 -1 0
    outer loop
      vertex -2.8614905700087547 -20.500000000000004 57.57945232093334
      vertex -3.75 -20.500000000000004 62.31088913232088
      vertex -5.312366224825382 -20.500000000000004 61.353469878435135
    endloop
  endfacet
  facet normal 0.5664062381209902 -7.5736143468521e-17 -0.8241261877999193
    outer loop
      vertex -6.822483830153942 -20.500000000000004 60.31559479981661
      vertex -5.312366224825382 -20.500000000000004 61.353469878435135
      vertex -5.312366224825382 -21.300000000000004 61.353469878435135
    endloop
  endfacet
  facet normal 0.5224985646959296 0 -0.85264016436636
    outer loop
      vertex -5.312366224825382 -20.500000000000004 61.353469878435135
      vertex -3.75 -21.300000000000004 62.31088913232088
      vertex -5.312366224825382 -21.300000000000004 61.353469878435135
    endloop
  endfacet
  facet normal 0.5224985646959296 3.786807180505602e-17 -0.85264016436636
    outer loop
      vertex -5.312366224825382 -20.500000000000004 61.353469878435135
      vertex -3.75 -20.500000000000004 62.31088913232088
      vertex -3.75 -21.300000000000004 62.31088913232088
    endloop
  endfacet
  facet normal 0 -1 0
    outer loop
      vertex -2.8614905700087547 -20.500000000000004 57.57945232093334
      vertex -1.5 -20.500000000000004 58.41377481818199
      vertex -3.75 -20.500000000000004 62.31088913232088
    endloop
  endfacet
  facet normal 0 -1 0
    outer loop
      vertex -1.5 -20.500000000000004 58.41377481818199
      vertex -2.1396674886345863 -20.500000000000004 63.18522834777832
      vertex -3.75 -20.500000000000004 62.31088913232088
    endloop
  endfacet
  facet normal 0.47715876030112875 3.786807173365997e-17 -0.8788171126394217
    outer loop
      vertex -3.75 -20.500000000000004 62.31088913232088
      vertex -2.1396674886345863 -20.500000000000004 63.18522834777832
      vertex -2.1396674886345863 -21.300000000000004 63.18522834777832
    endloop
  endfacet
  facet normal 0.47715876030112875 0 -0.8788171126394217
    outer loop
      vertex -3.75 -20.500000000000004 62.31088913232088
      vertex -2.1396674886345863 -21.300000000000004 63.18522834777832
      vertex -3.75 -21.300000000000004 62.31088913232088
    endloop
  endfacet
  facet normal 0.4305110952296552 0 -0.9025852851028332
    outer loop
      vertex -2.1396674886345863 -20.500000000000004 63.18522834777832
      vertex -0.4857825040817261 -21.300000000000004 63.97409101575613
      vertex -2.1396674886345863 -21.300000000000004 63.18522834777832
    endloop
  endfacet
  facet normal 0 -1 0
    outer loop
      vertex -1.5 -20.500000000000004 58.41377481818199
      vertex -0.09671024233102798 -20.500000000000004 59.17569898813963
      vertex -2.1396674886345863 -20.500000000000004 63.18522834777832
    endloop
  endfacet
  facet normal 0 -1 0
    outer loop
      vertex -0.09671024233102798 -20.500000000000004 59.17569898813963
      vertex 1.344532385468483 -20.500000000000004 59.86313645541668
      vertex -0.4857825040817261 -20.500000000000004 63.97409101575613
    endloop
  endfacet
  facet normal -0.43051109534665716 0 0.9025852850470263
    outer loop
      vertex -0.09671024233102798 -20.500000000000004 59.17569898813963
      vertex -0.09671024233102798 -21.300000000000004 59.17569898813963
      vertex 1.344532385468483 -20.500000000000004 59.86313645541668
    endloop
  endfacet
  facet normal -0.43051109534665716 4.3455164393322407e-17 0.9025852850470263
    outer loop
      vertex -0.09671024233102798 -21.300000000000004 59.17569898813963
      vertex 1.344532385468483 -21.300000000000004 59.86313645541668
      vertex 1.344532385468483 -20.500000000000004 59.86313645541668
    endloop
  endfacet
  facet normal 0 -1 0
    outer loop
      vertex -0.09671024233102798 -20.500000000000004 59.17569898813963
      vertex -0.4857825040817261 -20.500000000000004 63.97409101575613
      vertex -2.1396674886345863 -20.500000000000004 63.18522834777832
    endloop
  endfacet
  facet normal 0 -1 0
    outer loop
      vertex -0.4857825040817261 -20.500000000000004 63.97409101575613
      vertex 1.344532385468483 -20.500000000000004 59.86313645541668
      vertex 1.207121767103672 -20.500000000000004 64.67531492561102
    endloop
  endfacet
  facet normal 0.4305110952296552 -3.7868071788859275e-17 -0.9025852851028332
    outer loop
      vertex -2.1396674886345863 -20.500000000000004 63.18522834777832
      vertex -0.4857825040817261 -20.500000000000004 63.97409101575613
      vertex -0.4857825040817261 -21.300000000000004 63.97409101575613
    endloop
  endfacet
  facet normal 0 -1 0
    outer loop
      vertex 1.344532385468483 -20.500000000000004 59.86313645541668
      vertex 2.8197775408625603 -20.500000000000004 60.47420300543308
      vertex 1.207121767103672 -20.500000000000004 64.67531492561102
    endloop
  endfacet
  facet normal -0.38268343173805713 0 0.9238795327710121
    outer loop
      vertex 1.344532385468483 -20.500000000000004 59.86313645541668
      vertex 1.344532385468483 -21.300000000000004 59.86313645541668
      vertex 2.8197775408625603 -20.500000000000004 60.47420300543308
    endloop
  endfacet
  facet normal -0.38268343173805713 0 0.9238795327710121
    outer loop
      vertex 2.8197775408625603 -20.500000000000004 60.47420300543308
      vertex 1.344532385468483 -21.300000000000004 59.86313645541668
      vertex 2.8197775408625603 -21.300000000000004 60.47420300543308
    endloop
  endfacet
  facet normal -0.333806860929996 0 0.9426414904915135
    outer loop
      vertex 2.8197775408625603 -20.500000000000004 60.47420300543308
      vertex 2.8197775408625603 -21.300000000000004 60.47420300543308
      vertex 4.324981674551964 -20.500000000000004 61.00722374767065
    endloop
  endfacet
  facet normal 0 -1 0
    outer loop
      vertex 2.8197775408625603 -20.500000000000004 60.47420300543308
      vertex 2.9344052001833916 -20.500000000000004 65.28697807341814
      vertex 1.207121767103672 -20.500000000000004 64.67531492561102
    endloop
  endfacet
  facet normal 0 -1 0
    outer loop
      vertex 2.8197775408625603 -20.500000000000004 60.47420300543308
      vertex 4.324981674551964 -20.500000000000004 61.00722374767065
      vertex 2.9344052001833916 -20.500000000000004 65.28697807341814
    endloop
  endfacet
  facet normal 0.3826834327985573 0 -0.9238795323317386
    outer loop
      vertex -0.4857825040817261 -20.500000000000004 63.97409101575613
      vertex 1.207121767103672 -20.500000000000004 64.67531492561102
      vertex 1.207121767103672 -21.300000000000004 64.67531492561102
    endloop
  endfacet
  facet normal 0.3826834327985573 0 -0.9238795323317386
    outer loop
      vertex -0.4857825040817261 -20.500000000000004 63.97409101575613
      vertex 1.207121767103672 -21.300000000000004 64.67531492561102
      vertex -0.4857825040817261 -21.300000000000004 63.97409101575613
    endloop
  endfacet
  facet normal 0.3338068612360367 0 -0.9426414903831389
    outer loop
      vertex 1.207121767103672 -20.500000000000004 64.67531492561102
      vertex 2.9344052001833916 -20.500000000000004 65.28697807341814
      vertex 2.9344052001833916 -21.300000000000004 65.28697807341814
    endloop
  endfacet
  facet normal 0.3338068612360367 0 -0.9426414903831389
    outer loop
      vertex 1.207121767103672 -20.500000000000004 64.67531492561102
      vertex 2.9344052001833916 -21.300000000000004 65.28697807341814
      vertex 1.207121767103672 -21.300000000000004 64.67531492561102
    endloop
  endfacet
  facet normal 0.28401534475572277 0 -0.9588197348528492
    outer loop
      vertex 2.9344052001833916 -20.500000000000004 65.28697807341814
      vertex 4.691333420574665 -21.300000000000004 65.807403922081
      vertex 2.9344052001833916 -21.300000000000004 65.28697807341814
    endloop
  endfacet
  facet normal -0.28401534679160345 0 0.9588197342497938
    outer loop
      vertex 4.324981674551964 -20.500000000000004 61.00722374767065
      vertex 4.324981674551964 -21.300000000000004 61.00722374767065
      vertex 5.856019124388695 -20.500000000000004 61.46073770523071
    endloop
  endfacet
  facet normal -0.333806860929996 -4.345516428997054e-17 0.9426414904915135
    outer loop
      vertex 2.8197775408625603 -21.300000000000004 60.47420300543308
      vertex 4.324981674551964 -21.300000000000004 61.00722374767065
      vertex 4.324981674551964 -20.500000000000004 61.00722374767065
    endloop
  endfacet
  facet normal -0.28401534679160345 0 0.9588197342497938
    outer loop
      vertex 5.856019124388695 -20.500000000000004 61.46073770523071
      vertex 4.324981674551964 -21.300000000000004 61.00722374767065
      vertex 5.856019124388695 -21.300000000000004 61.46073770523071
    endloop
  endfacet
  facet normal 0 -1 0
    outer loop
      vertex 4.324981674551964 -20.500000000000004 61.00722374767065
      vertex 5.856019124388695 -20.500000000000004 61.46073770523071
      vertex 4.691333420574665 -20.500000000000004 65.807403922081
    endloop
  endfacet
  facet normal 0 -1 0
    outer loop
      vertex 2.9344052001833916 -20.500000000000004 65.28697807341814
      vertex 4.324981674551964 -20.500000000000004 61.00722374767065
      vertex 4.691333420574665 -20.500000000000004 65.807403922081
    endloop
  endfacet
  facet normal -0.2334453619580825 0 0.9723699208533035
    outer loop
      vertex 5.856019124388695 -20.500000000000004 61.46073770523071
      vertex 5.856019124388695 -21.300000000000004 61.46073770523071
      vertex 7.408693432807922 -20.500000000000004 61.83350182324648
    endloop
  endfacet
  facet normal -0.2334453619580825 0 0.9723699208533035
    outer loop
      vertex 5.856019124388695 -21.300000000000004 61.46073770523071
      vertex 7.408693432807922 -21.300000000000004 61.83350182324648
      vertex 7.408693432807922 -20.500000000000004 61.83350182324648
    endloop
  endfacet
  facet normal 0 -1 0
    outer loop
      vertex 5.856019124388695 -20.500000000000004 61.46073770523071
      vertex 7.408693432807922 -20.500000000000004 61.83350182324648
      vertex 6.473090820014477 -20.500000000000004 66.23516602814198
    endloop
  endfacet
  facet normal 0 -1 0
    outer loop
      vertex 7.408693432807922 -20.500000000000004 61.83350182324648
      vertex 8.978748813271523 -20.500000000000004 62.12449438869953
      vertex 8.274793721735477 -20.500000000000004 66.56909192353487
    endloop
  endfacet
  facet normal -0.18223552594521827 0 0.9832549074799828
    outer loop
      vertex 7.408693432807922 -20.500000000000004 61.83350182324648
      vertex 7.408693432807922 -21.300000000000004 61.83350182324648
      vertex 8.978748813271523 -20.500000000000004 62.12449438869953
    endloop
  endfacet
  facet normal -0.18223552594521827 0 0.9832549074799828
    outer loop
      vertex 7.408693432807922 -21.300000000000004 61.83350182324648
      vertex 8.978748813271523 -21.300000000000004 62.12449438869953
      vertex 8.978748813271523 -20.500000000000004 62.12449438869953
    endloop
  endfacet
  facet normal 0 -1 0
    outer loop
      vertex 5.856019124388695 -20.500000000000004 61.46073770523071
      vertex 6.473090820014477 -20.500000000000004 66.23516602814198
      vertex 4.691333420574665 -20.500000000000004 65.807403922081
    endloop
  endfacet
  facet normal 0.28401534475572277 0 -0.9588197348528492
    outer loop
      vertex 2.9344052001833916 -20.500000000000004 65.28697807341814
      vertex 4.691333420574665 -20.500000000000004 65.807403922081
      vertex 4.691333420574665 -21.300000000000004 65.807403922081
    endloop
  endfacet
  facet normal 0.23344536417667772 0 -0.9723699203206658
    outer loop
      vertex 4.691333420574665 -20.500000000000004 65.807403922081
      vertex 6.473090820014477 -20.500000000000004 66.23516602814198
      vertex 6.473090820014477 -21.300000000000004 66.23516602814198
    endloop
  endfacet
  facet normal 0.23344536417667772 0 -0.9723699203206658
    outer loop
      vertex 4.691333420574665 -20.500000000000004 65.807403922081
      vertex 6.473090820014477 -21.300000000000004 66.23516602814198
      vertex 4.691333420574665 -21.300000000000004 65.807403922081
    endloop
  endfacet
  facet normal 0 -1 0
    outer loop
      vertex 7.408693432807922 -20.500000000000004 61.83350182324648
      vertex 8.274793721735477 -20.500000000000004 66.56909192353487
      vertex 6.473090820014477 -20.500000000000004 66.23516602814198
    endloop
  endfacet
  facet normal 0.18223552567024326 0 -0.9832549075309465
    outer loop
      vertex 6.473090820014477 -20.500000000000004 66.23516602814198
      vertex 8.274793721735477 -21.300000000000004 66.56909192353487
      vertex 6.473090820014477 -21.300000000000004 66.23516602814198
    endloop
  endfacet
  facet normal 0.18223552567024326 0 -0.9832549075309465
    outer loop
      vertex 6.473090820014477 -20.500000000000004 66.23516602814198
      vertex 8.274793721735477 -20.500000000000004 66.56909192353487
      vertex 8.274793721735477 -21.300000000000004 66.56909192353487
    endloop
  endfacet
  facet normal 0 -1 0
    outer loop
      vertex 8.978748813271523 -20.500000000000004 62.12449438869953
      vertex 10.561881870031357 -20.500000000000004 62.33291780948639
      vertex 10.091503784060478 -20.500000000000004 66.80826633423567
    endloop
  endfacet
  facet normal -0.13052619212848754 0 0.9914448613858651
    outer loop
      vertex 8.978748813271523 -20.500000000000004 62.12449438869953
      vertex 8.978748813271523 -21.300000000000004 62.12449438869953
      vertex 10.561881870031357 -20.500000000000004 62.33291780948639
    endloop
  endfacet
  facet normal -0.07845909677882557 0 0.996917333650414
    outer loop
      vertex 10.561881870031357 -20.500000000000004 62.33291780948639
      vertex 10.561881870031357 -21.300000000000004 62.33291780948639
      vertex 12.153753332793713 -20.500000000000004 62.45820081233978
    endloop
  endfacet
  facet normal -0.13052619212848754 0 0.9914448613858651
    outer loop
      vertex 10.561881870031357 -20.500000000000004 62.33291780948639
      vertex 8.978748813271523 -21.300000000000004 62.12449438869953
      vertex 10.561881870031357 -21.300000000000004 62.33291780948639
    endloop
  endfacet
  facet normal 0 -1 0
    outer loop
      vertex 10.561881870031357 -20.500000000000004 62.33291780948639
      vertex 12.153753332793713 -20.500000000000004 62.45820081233978
      vertex 11.918241530656815 -20.500000000000004 66.95203371345997
    endloop
  endfacet
  facet normal 0 -1 0
    outer loop
      vertex 12.153753332793713 -20.500000000000004 62.45820081233978
      vertex 13.75 -20.500000000000004 62.5
      vertex 13.75 -20.500000000000004 67
    endloop
  endfacet
  facet normal -0.07845909677882557 0 0.996917333650414
    outer loop
      vertex 10.561881870031357 -21.300000000000004 62.33291780948639
      vertex 12.153753332793713 -21.300000000000004 62.45820081233978
      vertex 12.153753332793713 -20.500000000000004 62.45820081233978
    endloop
  endfacet
  facet normal -0.026176946823212505 0 0.9996573250144345
    outer loop
      vertex 12.153753332793713 -20.500000000000004 62.45820081233978
      vertex 12.153753332793713 -21.300000000000004 62.45820081233978
      vertex 13.75 -20.500000000000004 62.5
    endloop
  endfacet
  facet normal -0.026176946823212505 0 0.9996573250144345
    outer loop
      vertex 12.153753332793713 -21.300000000000004 62.45820081233978
      vertex 13.75 -21.300000000000004 62.5
      vertex 13.75 -20.500000000000004 62.5
    endloop
  endfacet
  facet normal 0 -1 0
    outer loop
      vertex 8.274793721735477 -20.500000000000004 66.56909192353487
      vertex 8.978748813271523 -20.500000000000004 62.12449438869953
      vertex 10.091503784060478 -20.500000000000004 66.80826633423567
    endloop
  endfacet
  facet normal 0 -1 0
    outer loop
      vertex 10.561881870031357 -20.500000000000004 62.33291780948639
      vertex 11.918241530656815 -20.500000000000004 66.95203371345997
      vertex 10.091503784060478 -20.500000000000004 66.80826633423567
    endloop
  endfacet
  facet normal 0.13052618878875283 0 -0.9914448618255496
    outer loop
      vertex 8.274793721735477 -20.500000000000004 66.56909192353487
      vertex 10.091503784060478 -21.300000000000004 66.80826633423567
      vertex 8.274793721735477 -21.300000000000004 66.56909192353487
    endloop
  endfacet
  facet normal 0.13052618878875283 0 -0.9914448618255496
    outer loop
      vertex 8.274793721735477 -20.500000000000004 66.56909192353487
      vertex 10.091503784060478 -20.500000000000004 66.80826633423567
      vertex 10.091503784060478 -21.300000000000004 66.80826633423567
    endloop
  endfacet
  facet normal 0.07845909607833511 0 -0.9969173337055437
    outer loop
      vertex 10.091503784060478 -20.500000000000004 66.80826633423567
      vertex 11.918241530656815 -21.300000000000004 66.95203371345997
      vertex 10.091503784060478 -21.300000000000004 66.80826633423567
    endloop
  endfacet
  facet normal 0 -1 0
    outer loop
      vertex 12.153753332793713 -20.500000000000004 62.45820081233978
      vertex 13.75 -20.500000000000004 67
      vertex 11.918241530656815 -20.500000000000004 66.95203371345997
    endloop
  endfacet
  facet normal 0.07845909607833511 0 -0.9969173337055437
    outer loop
      vertex 10.091503784060478 -20.500000000000004 66.80826633423567
      vertex 11.918241530656815 -20.500000000000004 66.95203371345997
      vertex 11.918241530656815 -21.300000000000004 66.95203371345997
    endloop
  endfacet
  facet normal 0.026176949904758214 0 -0.9996573249337414
    outer loop
      vertex 11.918241530656815 -20.500000000000004 66.95203371345997
      vertex 13.75 -20.500000000000004 67
      vertex 13.75 -21.300000000000004 67
    endloop
  endfacet
  facet normal 0.026176949904758214 0 -0.9996573249337414
    outer loop
      vertex 11.918241530656815 -20.500000000000004 66.95203371345997
      vertex 13.75 -21.300000000000004 67
      vertex 11.918241530656815 -21.300000000000004 66.95203371345997
    endloop
  endfacet
  facet normal 0 -1 0
    outer loop
      vertex -0.42323268301587136 -20.500000000000004 0
      vertex 27.923232683015872 -20.500000000000004 0
      vertex 15.346246667206287 -20.500000000000004 1.5417991876602173
    endloop
  endfacet
  facet normal 0.026176946823212505 0 -0.9996573250144345
    outer loop
      vertex 13.75 -20.500000000000004 1.5
      vertex 15.346246667206287 -20.500000000000004 1.5417991876602173
      vertex 15.346246667206287 -21.300000000000004 1.5417991876602173
    endloop
  endfacet
  facet normal 0.026176946823212505 0 -0.9996573250144345
    outer loop
      vertex 13.75 -20.500000000000004 1.5
      vertex 15.346246667206287 -21.300000000000004 1.5417991876602173
      vertex 13.75 -21.300000000000004 1.5
    endloop
  endfacet
  facet normal 0.07845909677882557 0 -0.996917333650414
    outer loop
      vertex 15.346246667206287 -20.500000000000004 1.5417991876602173
      vertex 16.938118129968643 -21.300000000000004 1.6670821905136108
      vertex 15.346246667206287 -21.300000000000004 1.5417991876602173
    endloop
  endfacet
  facet normal 0.07845909677882557 0 -0.996917333650414
    outer loop
      vertex 15.346246667206287 -20.500000000000004 1.5417991876602173
      vertex 16.938118129968643 -20.500000000000004 1.6670821905136108
      vertex 16.938118129968643 -21.300000000000004 1.6670821905136108
    endloop
  endfacet
  facet normal 0.13052619212848754 0 -0.9914448613858651
    outer loop
      vertex 16.938118129968643 -20.500000000000004 1.6670821905136108
      vertex 18.521251186728477 -21.300000000000004 1.8755056113004684
      vertex 16.938118129968643 -21.300000000000004 1.6670821905136108
    endloop
  endfacet
  facet normal 0.13052619212848754 0 -0.9914448613858651
    outer loop
      vertex 16.938118129968643 -20.500000000000004 1.6670821905136108
      vertex 18.521251186728477 -20.500000000000004 1.8755056113004684
      vertex 18.521251186728477 -21.300000000000004 1.8755056113004684
    endloop
  endfacet
  facet normal -0.02617694814476046 0 0.9996573249798285
    outer loop
      vertex 13.75 -20.500000000000004 6
      vertex 13.75 -21.300000000000004 6
      vertex 15.11073486506939 -20.500000000000004 6.035632096230984
    endloop
  endfacet
  facet normal -0.02617694814476046 0 0.9996573249798285
    outer loop
      vertex 15.11073486506939 -20.500000000000004 6.035632096230984
      vertex 13.75 -21.300000000000004 6
      vertex 15.11073486506939 -21.300000000000004 6.035632096230984
    endloop
  endfacet
  facet normal -0.0784590977217935 0 0.9969173335762007
    outer loop
      vertex 15.11073486506939 -20.500000000000004 6.035632096230984
      vertex 15.11073486506939 -21.300000000000004 6.035632096230984
      vertex 16.467740043997765 -20.500000000000004 6.1424307227134705
    endloop
  endfacet
  facet normal -0.0784590977217935 0 0.9969173335762007
    outer loop
      vertex 15.11073486506939 -21.300000000000004 6.035632096230984
      vertex 16.467740043997765 -21.300000000000004 6.1424307227134705
      vertex 16.467740043997765 -20.500000000000004 6.1424307227134705
    endloop
  endfacet
  facet normal -0.1305261919523314 0 0.9914448614090563
    outer loop
      vertex 16.467740043997765 -20.500000000000004 6.1424307227134705
      vertex 16.467740043997765 -21.300000000000004 6.1424307227134705
      vertex 17.817296087741852 -20.500000000000004 6.320103146135807
    endloop
  endfacet
  facet normal -0.1305261919523314 0 0.9914448614090563
    outer loop
      vertex 17.817296087741852 -20.500000000000004 6.320103146135807
      vertex 16.467740043997765 -21.300000000000004 6.1424307227134705
      vertex 17.817296087741852 -21.300000000000004 6.320103146135807
    endloop
  endfacet
  facet normal -0.1822355243538381 0 0.9832549077749277
    outer loop
      vertex 17.817296087741852 -20.500000000000004 6.320103146135807
      vertex 17.817296087741852 -21.300000000000004 6.320103146135807
      vertex 19.155703961849213 -20.500000000000004 6.568162381649017
    endloop
  endfacet
  facet normal -0.1822355243538381 0 0.9832549077749277
    outer loop
      vertex 17.817296087741852 -21.300000000000004 6.320103146135807
      vertex 19.155703961849213 -21.300000000000004 6.568162381649017
      vertex 19.155703961849213 -20.500000000000004 6.568162381649017
    endloop
  endfacet
  facet normal 0 -1 0
    outer loop
      vertex 15.346246667206287 -20.500000000000004 1.5417991876602173
      vertex 27.923232683015872 -20.500000000000004 0
      vertex 16.938118129968643 -20.500000000000004 1.6670821905136108
    endloop
  endfacet
  facet normal 0 -1 0
    outer loop
      vertex 16.938118129968643 -20.500000000000004 1.6670821905136108
      vertex 27.923232683015872 -20.500000000000004 0
      vertex 18.521251186728477 -20.500000000000004 1.8755056113004684
    endloop
  endfacet
  facet normal 0.18223552594521827 0 -0.9832549074799828
    outer loop
      vertex 18.521251186728477 -20.500000000000004 1.8755056113004684
      vertex 20.091306567192078 -20.500000000000004 2.166498176753521
      vertex 20.091306567192078 -21.300000000000004 2.166498176753521
    endloop
  endfacet
  facet normal 0.18223552594521827 0 -0.9832549074799828
    outer loop
      vertex 18.521251186728477 -20.500000000000004 1.8755056113004684
      vertex 20.091306567192078 -21.300000000000004 2.166498176753521
      vertex 18.521251186728477 -21.300000000000004 1.8755056113004684
    endloop
  endfacet
  facet normal 0.2334453619580825 0 -0.9723699208533035
    outer loop
      vertex 20.091306567192078 -20.500000000000004 2.166498176753521
      vertex 21.643980875611305 -20.500000000000004 2.539262294769287
      vertex 21.643980875611305 -21.300000000000004 2.539262294769287
    endloop
  endfacet
  facet normal 0.2334453619580825 0 -0.9723699208533035
    outer loop
      vertex 20.091306567192078 -20.500000000000004 2.166498176753521
      vertex 21.643980875611305 -21.300000000000004 2.539262294769287
      vertex 20.091306567192078 -21.300000000000004 2.166498176753521
    endloop
  endfacet
  facet normal 0 -1 0
    outer loop
      vertex 18.521251186728477 -20.500000000000004 1.8755056113004684
      vertex 27.923232683015872 -20.500000000000004 0
      vertex 20.091306567192078 -20.500000000000004 2.166498176753521
    endloop
  endfacet
  facet normal 0 -1 0
    outer loop
      vertex 20.091306567192078 -20.500000000000004 2.166498176753521
      vertex 27.923232683015872 -20.500000000000004 0
      vertex 21.643980875611305 -20.500000000000004 2.539262294769287
    endloop
  endfacet
  facet normal 0.28401534679160345 0 -0.9588197342497938
    outer loop
      vertex 21.643980875611305 -20.500000000000004 2.539262294769287
      vertex 23.175018325448036 -21.300000000000004 2.9927762523293495
      vertex 21.643980875611305 -21.300000000000004 2.539262294769287
    endloop
  endfacet
  facet normal 0.28401534679160345 0 -0.9588197342497938
    outer loop
      vertex 21.643980875611305 -20.500000000000004 2.539262294769287
      vertex 23.175018325448036 -20.500000000000004 2.9927762523293495
      vertex 23.175018325448036 -21.300000000000004 2.9927762523293495
    endloop
  endfacet
  facet normal 0.333806860929996 0 -0.9426414904915135
    outer loop
      vertex 23.175018325448036 -20.500000000000004 2.9927762523293495
      vertex 24.68022245913744 -21.300000000000004 3.5257969945669174
      vertex 23.175018325448036 -21.300000000000004 2.9927762523293495
    endloop
  endfacet
  facet normal -0.23344536538922164 0 0.97236992002956
    outer loop
      vertex 19.155703961849213 -20.500000000000004 6.568162381649017
      vertex 19.155703961849213 -21.300000000000004 6.568162381649017
      vertex 20.479295171797276 -20.500000000000004 6.8859285190701485
    endloop
  endfacet
  facet normal -0.28401534450019994 0 0.9588197349285384
    outer loop
      vertex 20.479295171797276 -20.500000000000004 6.8859285190701485
      vertex 20.479295171797276 -21.300000000000004 6.8859285190701485
      vertex 21.784441851079464 -20.500000000000004 7.2725305780768394
    endloop
  endfacet
  facet normal -0.23344536538922164 0 0.97236992002956
    outer loop
      vertex 20.479295171797276 -20.500000000000004 6.8859285190701485
      vertex 19.155703961849213 -21.300000000000004 6.568162381649017
      vertex 20.479295171797276 -21.300000000000004 6.8859285190701485
    endloop
  endfacet
  facet normal -0.28401534450019994 0 0.9588197349285384
    outer loop
      vertex 20.479295171797276 -21.300000000000004 6.8859285190701485
      vertex 21.784441851079464 -21.300000000000004 7.2725305780768394
      vertex 21.784441851079464 -20.500000000000004 7.2725305780768394
    endloop
  endfacet
  facet normal -0.3338068605180183 0 0.9426414906374027
    outer loop
      vertex 21.784441851079464 -20.500000000000004 7.2725305780768394
      vertex 21.784441851079464 -21.300000000000004 7.2725305780768394
      vertex 23.06756668537855 -20.500000000000004 7.726908914744854
    endloop
  endfacet
  facet normal -0.382683432245647 0 0.9238795325607616
    outer loop
      vertex 23.06756668537855 -20.500000000000004 7.726908914744854
      vertex 23.06756668537855 -21.300000000000004 7.726908914744854
      vertex 24.325152717530727 -20.500000000000004 8.247818104922771
    endloop
  endfacet
  facet normal -0.3338068605180183 0 0.9426414906374027
    outer loop
      vertex 21.784441851079464 -21.300000000000004 7.2725305780768394
      vertex 23.06756668537855 -21.300000000000004 7.726908914744854
      vertex 23.06756668537855 -20.500000000000004 7.726908914744854
    endloop
  endfacet
  facet normal 0 -1 0
    outer loop
      vertex 7.0207048282027245 -20.500000000000004 6.8859285190701485
      vertex 8.344296038150787 -20.500000000000004 6.568162381649017
      vertex 26.529999999999998 -20.500000000000004 20.19
    endloop
  endfacet
  facet normal 0 -1 0
    outer loop
      vertex 8.344296038150787 -20.500000000000004 6.568162381649017
      vertex 9.682703912258148 -20.500000000000004 6.320103146135807
      vertex 39.60756927728653 -20.500000000000004 29.282259956002235
    endloop
  endfacet
  facet normal 0 -1 0
    outer loop
      vertex 9.682703912258148 -20.500000000000004 6.320103146135807
      vertex 11.032259956002235 -20.500000000000004 6.1424307227134705
      vertex 39.60756927728653 -20.500000000000004 29.282259956002235
    endloop
  endfacet
  facet normal 0 -1 0
    outer loop
      vertex 11.032259956002235 -20.500000000000004 6.1424307227134705
      vertex 12.38926513493061 -20.500000000000004 6.035632096230984
      vertex 39.60756927728653 -20.500000000000004 29.282259956002235
    endloop
  endfacet
  facet normal 0 -1 0
    outer loop
      vertex 16.467740043997765 -20.500000000000004 6.1424307227134705
      vertex 17.817296087741852 -20.500000000000004 6.320103146135807
      vertex 35.55543476343155 -20.500000000000004 17.839385092258453
    endloop
  endfacet
  facet normal 0 -1 0
    outer loop
      vertex 12.38926513493061 -20.500000000000004 6.035632096230984
      vertex 13.75 -20.500000000000004 6
      vertex 39.60756927728653 -20.500000000000004 29.282259956002235
    endloop
  endfacet
  facet normal 0 -1 0
    outer loop
      vertex 13.75 -20.500000000000004 6
      vertex 15.11073486506939 -20.500000000000004 6.035632096230984
      vertex 39.60756927728653 -20.500000000000004 29.282259956002235
    endloop
  endfacet
  facet normal 0 -1 0
    outer loop
      vertex 15.11073486506939 -20.500000000000004 6.035632096230984
      vertex 16.467740043997765 -20.500000000000004 6.1424307227134705
      vertex 39.60756927728653 -20.500000000000004 29.282259956002235
    endloop
  endfacet
  facet normal 0 -1 0
    outer loop
      vertex 8.344296038150787 -20.500000000000004 6.568162381649017
      vertex 26.725789288330073 -20.500000000000004 20.202832707939287
      vertex 26.529999999999998 -20.500000000000004 20.19
    endloop
  endfacet
  facet normal 0 -1 0
    outer loop
      vertex 8.344296038150787 -20.500000000000004 6.568162381649017
      vertex 26.918228567653777 -20.500000000000004 20.2411112605664
      vertex 26.725789288330073 -20.500000000000004 20.202832707939287
    endloop
  endfacet
  facet normal 0 -1 0
    outer loop
      vertex 8.344296038150787 -20.500000000000004 6.568162381649017
      vertex 27.10402514854763 -20.500000000000004 20.304180701233072
      vertex 26.918228567653777 -20.500000000000004 20.2411112605664
    endloop
  endfacet
  facet normal 0 -1 0
    outer loop
      vertex 8.344296038150787 -20.500000000000004 6.568162381649017
      vertex 27.279999999999998 -20.500000000000004 20.390961894323343
      vertex 27.10402514854763 -20.500000000000004 20.304180701233072
    endloop
  endfacet
  facet normal 0 -1 0
    outer loop
      vertex 8.344296038150787 -20.500000000000004 6.568162381649017
      vertex 27.44314214351308 -20.500000000000004 20.499969989563148
      vertex 27.279999999999998 -20.500000000000004 20.390961894323343
    endloop
  endfacet
  facet normal 0 -1 0
    outer loop
      vertex 21.643980875611305 -20.500000000000004 2.539262294769287
      vertex 27.923232683015872 -20.500000000000004 0
      vertex 23.175018325448036 -20.500000000000004 2.9927762523293495
    endloop
  endfacet
  facet normal 0 -1 0
    outer loop
      vertex 23.175018325448036 -20.500000000000004 2.9927762523293495
      vertex 27.923232683015872 -20.500000000000004 0
      vertex 24.68022245913744 -20.500000000000004 3.5257969945669174
    endloop
  endfacet
  facet normal 0.333806860929996 -4.345516428997054e-17 -0.9426414904915135
    outer loop
      vertex 23.175018325448036 -20.500000000000004 2.9927762523293495
      vertex 24.68022245913744 -20.500000000000004 3.5257969945669174
      vertex 24.68022245913744 -21.300000000000004 3.5257969945669174
    endloop
  endfacet
  facet normal 0.38268343173805713 0 -0.9238795327710121
    outer loop
      vertex 24.68022245913744 -20.500000000000004 3.5257969945669174
      vertex 26.155467614531517 -20.500000000000004 4.136863544583321
      vertex 26.155467614531517 -21.300000000000004 4.136863544583321
    endloop
  endfacet
  facet normal 0.38268343173805713 0 -0.9238795327710121
    outer loop
      vertex 24.68022245913744 -20.500000000000004 3.5257969945669174
      vertex 26.155467614531517 -21.300000000000004 4.136863544583321
      vertex 24.68022245913744 -21.300000000000004 3.5257969945669174
    endloop
  endfacet
  facet normal 0 -1 0
    outer loop
      vertex 24.68022245913744 -20.500000000000004 3.5257969945669174
      vertex 27.923232683015872 -20.500000000000004 0
      vertex 27.985782504081726 -20.500000000000004 0.02590898424386978
    endloop
  endfacet
  facet normal 0 -1 0
    outer loop
      vertex 26.155467614531517 -20.500000000000004 4.136863544583321
      vertex 27.985782504081726 -20.500000000000004 0.02590898424386978
      vertex 29.639667488634586 -20.500000000000004 0.8147716522216797
    endloop
  endfacet
  facet normal -0.38268343279856015 4.056277932050809e-20 0.9238795323317374
    outer loop
      vertex 27.923232683015872 -20.500000000000004 0
      vertex 27.985782504081726 -21.300000000000004 0.02590898424386978
      vertex 27.985782504081726 -20.500000000000004 0.02590898424386978
    endloop
  endfacet
  facet normal -0.4305110952296552 0 0.9025852851028332
    outer loop
      vertex 27.985782504081726 -20.500000000000004 0.02590898424386978
      vertex 27.985782504081726 -21.300000000000004 0.02590898424386978
      vertex 29.639667488634586 -20.500000000000004 0.8147716522216797
    endloop
  endfacet
  facet normal -0.38268343279856015 0 0.9238795323317374
    outer loop
      vertex 27.923232683015872 -20.500000000000004 0
      vertex 27.923232683015872 -21.300000000000004 0
      vertex 27.985782504081726 -21.300000000000004 0.02590898424386978
    endloop
  endfacet
  facet normal 0 -1 0
    outer loop
      vertex 24.68022245913744 -20.500000000000004 3.5257969945669174
      vertex 27.985782504081726 -20.500000000000004 0.02590898424386978
      vertex 26.155467614531517 -20.500000000000004 4.136863544583321
    endloop
  endfacet
  facet normal 0 -1 0
    outer loop
      vertex 26.155467614531517 -20.500000000000004 4.136863544583321
      vertex 29.639667488634586 -20.500000000000004 0.8147716522216797
      vertex 27.596710242331028 -20.500000000000004 4.824301011860371
    endloop
  endfacet
  facet normal 0.43051109534665716 4.3455164393322407e-17 -0.9025852850470263
    outer loop
      vertex 26.155467614531517 -20.500000000000004 4.136863544583321
      vertex 27.596710242331028 -20.500000000000004 4.824301011860371
      vertex 27.596710242331028 -21.300000000000004 4.824301011860371
    endloop
  endfacet
  facet normal 0.43051109534665716 0 -0.9025852850470263
    outer loop
      vertex 26.155467614531517 -20.500000000000004 4.136863544583321
      vertex 27.596710242331028 -21.300000000000004 4.824301011860371
      vertex 26.155467614531517 -21.300000000000004 4.136863544583321
    endloop
  endfacet
  facet normal 0 -1 0
    outer loop
      vertex 23.06756668537855 -20.500000000000004 7.726908914744854
      vertex 24.325152717530727 -20.500000000000004 8.247818104922771
      vertex 27.910614907741547 -20.500000000000004 10.194565236568451
    endloop
  endfacet
  facet normal 0 -1 0
    outer loop
      vertex 24.325152717530727 -20.500000000000004 8.247818104922771
      vertex 25.55375299602747 -20.500000000000004 8.833830371499062
      vertex 26.75 -20.500000000000004 9.483339503407478
    endloop
  endfacet
  facet normal -0.43051109337729265 0 0.9025852859863648
    outer loop
      vertex 24.325152717530727 -20.500000000000004 8.247818104922771
      vertex 24.325152717530727 -21.300000000000004 8.247818104922771
      vertex 25.55375299602747 -20.500000000000004 8.833830371499062
    endloop
  endfacet
  facet normal -0.382683432245647 0 0.9238795325607616
    outer loop
      vertex 23.06756668537855 -21.300000000000004 7.726908914744854
      vertex 24.325152717530727 -21.300000000000004 8.247818104922771
      vertex 24.325152717530727 -20.500000000000004 8.247818104922771
    endloop
  endfacet
  facet normal -0.43051109337729265 0 0.9025852859863648
    outer loop
      vertex 25.55375299602747 -20.500000000000004 8.833830371499062
      vertex 24.325152717530727 -21.300000000000004 8.247818104922771
      vertex 25.55375299602747 -21.300000000000004 8.833830371499062
    endloop
  endfacet
  facet normal -0.4771587619198371 0 0.8788171117605348
    outer loop
      vertex 25.55375299602747 -20.500000000000004 8.833830371499062
      vertex 25.55375299602747 -21.300000000000004 8.833830371499062
      vertex 26.75 -20.500000000000004 9.483339503407478
    endloop
  endfacet
  facet normal 0.477158759189263 4.3455164383594717e-17 -0.8788171132431155
    outer loop
      vertex 27.596710242331028 -20.500000000000004 4.824301011860371
      vertex 29 -20.500000000000004 5.586225181818008
      vertex 29 -21.300000000000004 5.586225181818008
    endloop
  endfacet
  facet normal 0.477158759189263 0 -0.8788171132431155
    outer loop
      vertex 27.596710242331028 -20.500000000000004 4.824301011860371
      vertex 29 -21.300000000000004 5.586225181818008
      vertex 27.596710242331028 -21.300000000000004 4.824301011860371
    endloop
  endfacet
  facet normal 0 -1 0
    outer loop
      vertex 24.325152717530727 -20.500000000000004 8.247818104922771
      vertex 26.75 -20.500000000000004 9.483339503407478
      vertex 27.910614907741547 -20.500000000000004 10.194565236568451
    endloop
  endfacet
  facet normal 0 -1 0
    outer loop
      vertex 23.06756668537855 -20.500000000000004 7.726908914744854
      vertex 27.910614907741547 -20.500000000000004 10.194565236568451
      vertex 29.032416559755802 -20.500000000000004 10.965558148920536
    endloop
  endfacet
  facet normal -0.5224985663021762 0 0.8526401633820508
    outer loop
      vertex 26.75 -20.500000000000004 9.483339503407478
      vertex 26.75 -21.300000000000004 9.483339503407478
      vertex 27.910614907741547 -20.500000000000004 10.194565236568451
    endloop
  endfacet
  facet normal -0.4771587619198371 0 0.8788171117605348
    outer loop
      vertex 25.55375299602747 -21.300000000000004 8.833830371499062
      vertex 26.75 -21.300000000000004 9.483339503407478
      vertex 26.75 -20.500000000000004 9.483339503407478
    endloop
  endfacet
  facet normal 0 -1 0
    outer loop
      vertex 27.596710242331028 -20.500000000000004 4.824301011860371
      vertex 29.639667488634586 -20.500000000000004 0.8147716522216797
      vertex 31.25 -20.500000000000004 1.689110867679119
    endloop
  endfacet
  facet normal -0.4305110952296552 -3.7868071788859275e-17 0.9025852851028332
    outer loop
      vertex 27.985782504081726 -21.300000000000004 0.02590898424386978
      vertex 29.639667488634586 -21.300000000000004 0.8147716522216797
      vertex 29.639667488634586 -20.500000000000004 0.8147716522216797
    endloop
  endfacet
  facet normal -0.47715876030112875 0 0.8788171126394217
    outer loop
      vertex 29.639667488634586 -20.500000000000004 0.8147716522216797
      vertex 29.639667488634586 -21.300000000000004 0.8147716522216797
      vertex 31.25 -20.500000000000004 1.689110867679119
    endloop
  endfacet
  facet normal -0.47715876030112875 3.786807173365997e-17 0.8788171126394217
    outer loop
      vertex 29.639667488634586 -21.300000000000004 0.8147716522216797
      vertex 31.25 -21.300000000000004 1.689110867679119
      vertex 31.25 -20.500000000000004 1.689110867679119
    endloop
  endfacet
  facet normal 0 -1 0
    outer loop
      vertex 27.596710242331028 -20.500000000000004 4.824301011860371
      vertex 31.25 -20.500000000000004 1.689110867679119
      vertex 29 -20.500000000000004 5.586225181818008
    endloop
  endfacet
  facet normal 0 -1 0
    outer loop
      vertex 31.25 -20.500000000000004 1.689110867679119
      vertex 32.81236622482538 -20.500000000000004 2.646530121564865
      vertex 29 -20.500000000000004 5.586225181818008
    endloop
  endfacet
  facet normal 0 -1 0
    outer loop
      vertex 32.81236622482538 -20.500000000000004 2.646530121564865
      vertex 30.361490570008755 -20.500000000000004 6.420547679066658
      vertex 29 -20.500000000000004 5.586225181818008
    endloop
  endfacet
  facet normal -0.5224985646959296 0 0.85264016436636
    outer loop
      vertex 31.25 -20.500000000000004 1.689110867679119
      vertex 31.25 -21.300000000000004 1.689110867679119
      vertex 32.81236622482538 -20.500000000000004 2.646530121564865
    endloop
  endfacet
  facet normal -0.5224985646959296 3.786807180505602e-17 0.85264016436636
    outer loop
      vertex 31.25 -21.300000000000004 1.689110867679119
      vertex 32.81236622482538 -21.300000000000004 2.646530121564865
      vertex 32.81236622482538 -20.500000000000004 2.646530121564865
    endloop
  endfacet
  facet normal 0 -1 0
    outer loop
      vertex 32.81236622482538 -20.500000000000004 2.646530121564865
      vertex 34.32248383015394 -20.500000000000004 3.6844052001833916
      vertex 30.361490570008755 -20.500000000000004 6.420547679066658
    endloop
  endfacet
  facet normal -0.5664062381209902 0 0.8241261877999193
    outer loop
      vertex 32.81236622482538 -20.500000000000004 2.646530121564865
      vertex 32.81236622482538 -21.300000000000004 2.646530121564865
      vertex 34.32248383015394 -20.500000000000004 3.6844052001833916
    endloop
  endfacet
  facet normal 0.5224985660372748 8.69103284792715e-17 -0.8526401635443827
    outer loop
      vertex 29 -20.500000000000004 5.586225181818008
      vertex 30.361490570008755 -20.500000000000004 6.420547679066658
      vertex 30.361490570008755 -21.300000000000004 6.420547679066658
    endloop
  endfacet
  facet normal 0.5224985660372748 0 -0.8526401635443827
    outer loop
      vertex 29 -20.500000000000004 5.586225181818008
      vertex 30.361490570008755 -21.300000000000004 6.420547679066658
      vertex 29 -21.300000000000004 5.586225181818008
    endloop
  endfacet
  facet normal 0.5664062381886603 0 -0.824126187753411
    outer loop
      vertex 30.361490570008755 -20.500000000000004 6.420547679066658
      vertex 31.677450194954872 -20.500000000000004 7.324981674551964
      vertex 31.677450194954872 -21.300000000000004 7.324981674551964
    endloop
  endfacet
  facet normal 0.5664062381886603 0 -0.824126187753411
    outer loop
      vertex 30.361490570008755 -20.500000000000004 6.420547679066658
      vertex 31.677450194954872 -21.300000000000004 7.324981674551964
      vertex 30.361490570008755 -21.300000000000004 6.420547679066658
    endloop
  endfacet
  facet normal 0 -1 0
    outer loop
      vertex 30.361490570008755 -20.500000000000004 6.420547679066658
      vertex 34.32248383015394 -20.500000000000004 3.6844052001833916
      vertex 31.677450194954872 -20.500000000000004 7.324981674551964
    endloop
  endfacet
  facet normal 0 -1 0
    outer loop
      vertex 31.677450194954872 -20.500000000000004 7.324981674551964
      vertex 35.77621368318796 -20.500000000000004 4.799891352653503
      vertex 32.94427192956209 -20.500000000000004 8.297048173844814
    endloop
  endfacet
  facet normal 0.6087614263955301 0 -0.7933533422964067
    outer loop
      vertex 31.677450194954872 -20.500000000000004 7.324981674551964
      vertex 32.94427192956209 -21.300000000000004 8.297048173844814
      vertex 31.677450194954872 -21.300000000000004 7.324981674551964
    endloop
  endfacet
  facet normal 0.6087614263955301 -4.3455164370161284e-17 -0.7933533422964067
    outer loop
      vertex 31.677450194954872 -20.500000000000004 7.324981674551964
      vertex 32.94427192956209 -20.500000000000004 8.297048173844814
      vertex 32.94427192956209 -21.300000000000004 8.297048173844814
    endloop
  endfacet
  facet normal 0.6494480496131574 0 -0.7604059645042678
    outer loop
      vertex 32.94427192956209 -20.500000000000004 8.297048173844814
      vertex 34.15848349034786 -21.300000000000004 9.334082819521427
      vertex 32.94427192956209 -21.300000000000004 8.297048173844814
    endloop
  endfacet
  facet normal 0 -1 0
    outer loop
      vertex 17.817296087741852 -20.500000000000004 6.320103146135807
      vertex 19.155703961849213 -20.500000000000004 6.568162381649017
      vertex 35.55543476343155 -20.500000000000004 17.839385092258453
    endloop
  endfacet
  facet normal 0 -1 0
    outer loop
      vertex 19.155703961849213 -20.500000000000004 6.568162381649017
      vertex 20.479295171797276 -20.500000000000004 6.8859285190701485
      vertex 35.55543476343155 -20.500000000000004 17.839385092258453
    endloop
  endfacet
  facet normal 0 -1 0
    outer loop
      vertex 20.479295171797276 -20.500000000000004 6.8859285190701485
      vertex 21.784441851079464 -20.500000000000004 7.2725305780768394
      vertex 35.55543476343155 -20.500000000000004 17.839385092258453
    endloop
  endfacet
  facet normal 0 -1 0
    outer loop
      vertex 21.784441851079464 -20.500000000000004 7.2725305780768394
      vertex 23.06756668537855 -20.500000000000004 7.726908914744854
      vertex 35.55543476343155 -20.500000000000004 17.839385092258453
    endloop
  endfacet
  facet normal 0 -1 0
    outer loop
      vertex 23.06756668537855 -20.500000000000004 7.726908914744854
      vertex 29.032416559755802 -20.500000000000004 10.965558148920536
      vertex 30.11233016848564 -20.500000000000004 11.794205002486706
    endloop
  endfacet
  facet normal 0 -1 0
    outer loop
      vertex 23.06756668537855 -20.500000000000004 7.726908914744854
      vertex 30.11233016848564 -20.500000000000004 11.794205002486706
      vertex 31.14739576727152 -20.500000000000004 12.678234539926052
    endloop
  endfacet
  facet normal -0.5664062357247631 0 0.8241261894468007
    outer loop
      vertex 27.910614907741547 -20.500000000000004 10.194565236568451
      vertex 27.910614907741547 -21.300000000000004 10.194565236568451
      vertex 29.032416559755802 -20.500000000000004 10.965558148920536
    endloop
  endfacet
  facet normal -0.5224985663021762 0 0.8526401633820508
    outer loop
      vertex 26.75 -21.300000000000004 9.483339503407478
      vertex 27.910614907741547 -21.300000000000004 10.194565236568451
      vertex 27.910614907741547 -20.500000000000004 10.194565236568451
    endloop
  endfacet
  facet normal -0.5664062357247631 5.09762504069661e-17 0.8241261894468007
    outer loop
      vertex 27.910614907741547 -21.300000000000004 10.194565236568451
      vertex 29.032416559755802 -21.300000000000004 10.965558148920536
      vertex 29.032416559755802 -20.500000000000004 10.965558148920536
    endloop
  endfacet
  facet normal 0 -1 0
    outer loop
      vertex 8.344296038150787 -20.500000000000004 6.568162381649017
      vertex 39.60756927728653 -20.500000000000004 29.282259956002235
      vertex 27.44314214351308 -20.500000000000004 20.499969989563148
    endloop
  endfacet
  facet normal 0 -1 0
    outer loop
      vertex 23.06756668537855 -20.500000000000004 7.726908914744854
      vertex 31.14739576727152 -20.500000000000004 12.678234539926052
      vertex 32.134776309132576 -20.500000000000004 13.615223690867424
    endloop
  endfacet
  facet normal 0 -1 0
    outer loop
      vertex 23.06756668537855 -20.500000000000004 7.726908914744854
      vertex 32.134776309132576 -20.500000000000004 13.615223690867424
      vertex 33.07176546007395 -20.500000000000004 14.602604232728481
    endloop
  endfacet
  facet normal -0.608761427576234 0 0.7933533413904209
    outer loop
      vertex 29.032416559755802 -20.500000000000004 10.965558148920536
      vertex 29.032416559755802 -21.300000000000004 10.965558148920536
      vertex 30.11233016848564 -20.500000000000004 11.794205002486706
    endloop
  endfacet
  facet normal -0.608761427576234 0 0.7933533413904209
    outer loop
      vertex 30.11233016848564 -20.500000000000004 11.794205002486706
      vertex 29.032416559755802 -21.300000000000004 10.965558148920536
      vertex 30.11233016848564 -21.300000000000004 11.794205002486706
    endloop
  endfacet
  facet normal -0.649448048894574 0 0.7604059651179962
    outer loop
      vertex 30.11233016848564 -20.500000000000004 11.794205002486706
      vertex 30.11233016848564 -21.300000000000004 11.794205002486706
      vertex 31.14739576727152 -20.500000000000004 12.678234539926052
    endloop
  endfacet
  facet normal 0 -1 0
    outer loop
      vertex 16.467740043997765 -20.500000000000004 6.1424307227134705
      vertex 35.55543476343155 -20.500000000000004 17.839385092258453
      vertex 36.26666049659252 -20.500000000000004 19
    endloop
  endfacet
  facet normal 0 -1 0
    outer loop
      vertex 23.06756668537855 -20.500000000000004 7.726908914744854
      vertex 33.07176546007395 -20.500000000000004 14.602604232728481
      vertex 33.955794997513294 -20.500000000000004 15.637669831514359
    endloop
  endfacet
  facet normal 0 -1 0
    outer loop
      vertex 23.06756668537855 -20.500000000000004 7.726908914744854
      vertex 33.955794997513294 -20.500000000000004 15.637669831514359
      vertex 34.784441851079464 -20.500000000000004 16.717583440244198
    endloop
  endfacet
  facet normal 0 -1 0
    outer loop
      vertex 23.06756668537855 -20.500000000000004 7.726908914744854
      vertex 34.784441851079464 -20.500000000000004 16.717583440244198
      vertex 35.55543476343155 -20.500000000000004 17.839385092258453
    endloop
  endfacet
  facet normal -0.649448048894574 0 0.7604059651179962
    outer loop
      vertex 30.11233016848564 -21.300000000000004 11.794205002486706
      vertex 31.14739576727152 -21.300000000000004 12.678234539926052
      vertex 31.14739576727152 -20.500000000000004 12.678234539926052
    endloop
  endfacet
  facet normal -0.6883545767959884 0 0.7253743699663061
    outer loop
      vertex 31.14739576727152 -20.500000000000004 12.678234539926052
      vertex 31.14739576727152 -21.300000000000004 12.678234539926052
      vertex 32.134776309132576 -20.500000000000004 13.615223690867424
    endloop
  endfacet
  facet normal -0.6883545767959884 -5.097625059860681e-17 0.7253743699663061
    outer loop
      vertex 31.14739576727152 -21.300000000000004 12.678234539926052
      vertex 32.134776309132576 -21.300000000000004 13.615223690867424
      vertex 32.134776309132576 -20.500000000000004 13.615223690867424
    endloop
  endfacet
  facet normal -0.7253743699663061 0 0.6883545767959884
    outer loop
      vertex 32.134776309132576 -20.500000000000004 13.615223690867424
      vertex 32.134776309132576 -21.300000000000004 13.615223690867424
      vertex 33.07176546007395 -20.500000000000004 14.602604232728481
    endloop
  endfacet
  facet normal -0.7253743699663061 0 0.6883545767959884
    outer loop
      vertex 33.07176546007395 -20.500000000000004 14.602604232728481
      vertex 32.134776309132576 -21.300000000000004 13.615223690867424
      vertex 33.07176546007395 -21.300000000000004 14.602604232728481
    endloop
  endfacet
  facet normal 0 -1 0
    outer loop
      vertex 16.467740043997765 -20.500000000000004 6.1424307227134705
      vertex 36.26666049659252 -20.500000000000004 19
      vertex 36.91616962850094 -20.500000000000004 20.19624700397253
    endloop
  endfacet
  facet normal 0 -1 0
    outer loop
      vertex 16.467740043997765 -20.500000000000004 6.1424307227134705
      vertex 36.91616962850094 -20.500000000000004 20.19624700397253
      vertex 37.50218189507723 -20.500000000000004 21.424847282469273
    endloop
  endfacet
  facet normal 0 -1 0
    outer loop
      vertex 16.467740043997765 -20.500000000000004 6.1424307227134705
      vertex 37.50218189507723 -20.500000000000004 21.424847282469273
      vertex 38.023091085255146 -20.500000000000004 22.68243331462145
    endloop
  endfacet
  facet normal 0 -1 0
    outer loop
      vertex 16.467740043997765 -20.500000000000004 6.1424307227134705
      vertex 38.023091085255146 -20.500000000000004 22.68243331462145
      vertex 38.47746942192316 -20.500000000000004 23.965558148920536
    endloop
  endfacet
  facet normal -0.7604059651179962 0 0.649448048894574
    outer loop
      vertex 33.07176546007395 -20.500000000000004 14.602604232728481
      vertex 33.07176546007395 -21.300000000000004 14.602604232728481
      vertex 33.955794997513294 -20.500000000000004 15.637669831514359
    endloop
  endfacet
  facet normal -0.7604059651179962 0 0.649448048894574
    outer loop
      vertex 33.07176546007395 -21.300000000000004 14.602604232728481
      vertex 33.955794997513294 -21.300000000000004 15.637669831514359
      vertex 33.955794997513294 -20.500000000000004 15.637669831514359
    endloop
  endfacet
  facet normal 0 -1 0
    outer loop
      vertex 16.467740043997765 -20.500000000000004 6.1424307227134705
      vertex 38.47746942192316 -20.500000000000004 23.965558148920536
      vertex 38.86407148092985 -20.500000000000004 25.270704828202724
    endloop
  endfacet
  facet normal 0 -1 0
    outer loop
      vertex 16.467740043997765 -20.500000000000004 6.1424307227134705
      vertex 38.86407148092985 -20.500000000000004 25.270704828202724
      vertex 39.18183761835098 -20.500000000000004 26.594296038150787
    endloop
  endfacet
  facet normal 0 -1 0
    outer loop
      vertex 16.467740043997765 -20.500000000000004 6.1424307227134705
      vertex 39.18183761835098 -20.500000000000004 26.594296038150787
      vertex 39.42989685386419 -20.500000000000004 27.932703912258148
    endloop
  endfacet
  facet normal 0 -1 0
    outer loop
      vertex 16.467740043997765 -20.500000000000004 6.1424307227134705
      vertex 39.42989685386419 -20.500000000000004 27.932703912258148
      vertex 39.60756927728653 -20.500000000000004 29.282259956002235
    endloop
  endfacet
  facet normal 0 -1 0
    outer loop
      vertex 27.44314214351308 -20.500000000000004 20.499969989563148
      vertex 39.60756927728653 -20.500000000000004 29.282259956002235
      vertex 27.59066017177982 -20.500000000000004 20.629339828220182
    endloop
  endfacet
  facet normal 0 -1 0
    outer loop
      vertex 27.59066017177982 -20.500000000000004 20.629339828220182
      vertex 39.60756927728653 -20.500000000000004 29.282259956002235
      vertex 27.72003001043685 -20.500000000000004 20.77685785648692
    endloop
  endfacet
  facet normal 0 -1 0
    outer loop
      vertex 27.72003001043685 -20.500000000000004 20.77685785648692
      vertex 39.60756927728653 -20.500000000000004 29.282259956002235
      vertex 27.829038105676656 -20.500000000000004 20.94
    endloop
  endfacet
  facet normal 0 -1 0
    outer loop
      vertex 27.829038105676656 -20.500000000000004 20.94
      vertex 39.60756927728653 -20.500000000000004 29.282259956002235
      vertex 27.915819298766927 -20.500000000000004 21.115974851452364
    endloop
  endfacet
  facet normal 0 -1 0
    outer loop
      vertex 27.915819298766927 -20.500000000000004 21.115974851452364
      vertex 39.60756927728653 -20.500000000000004 29.282259956002235
      vertex 27.9788887394336 -20.500000000000004 21.30177143234622
    endloop
  endfacet
  facet normal 0 -1 0
    outer loop
      vertex 27.9788887394336 -20.500000000000004 21.30177143234622
      vertex 39.60756927728653 -20.500000000000004 29.282259956002235
      vertex 28.017167292060712 -20.500000000000004 21.494210711669922
    endloop
  endfacet
  facet normal 0 -1 0
    outer loop
      vertex 28.017167292060712 -20.500000000000004 21.494210711669922
      vertex 39.60756927728653 -20.500000000000004 29.282259956002235
      vertex 28.029999999999998 -20.500000000000004 21.69
    endloop
  endfacet
  facet normal 0 -1 0
    outer loop
      vertex 28.029999999999998 -20.500000000000004 21.69
      vertex 39.60756927728653 -20.500000000000004 29.282259956002235
      vertex 28.029999999999998 -20.500000000000004 50.31
    endloop
  endfacet
  facet normal -0.5664062381209902 -7.5736143468521e-17 0.8241261877999193
    outer loop
      vertex 32.81236622482538 -21.300000000000004 2.646530121564865
      vertex 34.32248383015394 -21.300000000000004 3.6844052001833916
      vertex 34.32248383015394 -20.500000000000004 3.6844052001833916
    endloop
  endfacet
  facet normal -0.6087614300414014 0 0.7933533394988314
    outer loop
      vertex 34.32248383015394 -20.500000000000004 3.6844052001833916
      vertex 34.32248383015394 -21.300000000000004 3.6844052001833916
      vertex 35.77621368318796 -20.500000000000004 4.799891352653503
    endloop
  endfacet
  facet normal -0.6087614300414014 0 0.7933533394988314
    outer loop
      vertex 35.77621368318796 -20.500000000000004 4.799891352653503
      vertex 34.32248383015394 -21.300000000000004 3.6844052001833916
      vertex 35.77621368318796 -21.300000000000004 4.799891352653503
    endloop
  endfacet
  facet normal 0 -1 0
    outer loop
      vertex 31.677450194954872 -20.500000000000004 7.324981674551964
      vertex 34.32248383015394 -20.500000000000004 3.6844052001833916
      vertex 35.77621368318796 -20.500000000000004 4.799891352653503
    endloop
  endfacet
  facet normal 0 -1 0
    outer loop
      vertex 32.94427192956209 -20.500000000000004 8.297048173844814
      vertex 35.77621368318796 -20.500000000000004 4.799891352653503
      vertex 37.169571220874786 -20.500000000000004 5.989931106567383
    endloop
  endfacet
  facet normal -0.649448046130969 0 0.7604059674783377
    outer loop
      vertex 35.77621368318796 -20.500000000000004 4.799891352653503
      vertex 35.77621368318796 -21.300000000000004 4.799891352653503
      vertex 37.169571220874786 -20.500000000000004 5.989931106567383
    endloop
  endfacet
  facet normal 0 -1 0
    outer loop
      vertex 32.94427192956209 -20.500000000000004 8.297048173844814
      vertex 37.169571220874786 -20.500000000000004 5.989931106567383
      vertex 34.15848349034786 -20.500000000000004 9.334082819521427
    endloop
  endfacet
  facet normal 0 -1 0
    outer loop
      vertex 34.15848349034786 -20.500000000000004 9.334082819521427
      vertex 38.49873734265566 -20.500000000000004 7.251262657344341
      vertex 35.31675682961941 -20.500000000000004 10.433243170380592
    endloop
  endfacet
  facet normal 0.6494480496131574 8.691032900689526e-17 -0.7604059645042678
    outer loop
      vertex 32.94427192956209 -20.500000000000004 8.297048173844814
      vertex 34.15848349034786 -20.500000000000004 9.334082819521427
      vertex 34.15848349034786 -21.300000000000004 9.334082819521427
    endloop
  endfacet
  facet normal 0.6883545734925741 0 -0.7253743731011294
    outer loop
      vertex 34.15848349034786 -20.500000000000004 9.334082819521427
      vertex 35.31675682961941 -21.300000000000004 10.433243170380592
      vertex 34.15848349034786 -21.300000000000004 9.334082819521427
    endloop
  endfacet
  facet normal -0.649448046130969 0 0.7604059674783377
    outer loop
      vertex 35.77621368318796 -21.300000000000004 4.799891352653503
      vertex 37.169571220874786 -21.300000000000004 5.989931106567383
      vertex 37.169571220874786 -20.500000000000004 5.989931106567383
    endloop
  endfacet
  facet normal -0.6883545750990901 0 0.7253743715766026
    outer loop
      vertex 37.169571220874786 -20.500000000000004 5.989931106567383
      vertex 37.169571220874786 -21.300000000000004 5.989931106567383
      vertex 38.49873734265566 -20.500000000000004 7.251262657344341
    endloop
  endfacet
  facet normal -0.6883545750990901 0 0.7253743715766026
    outer loop
      vertex 38.49873734265566 -20.500000000000004 7.251262657344341
      vertex 37.169571220874786 -21.300000000000004 5.989931106567383
      vertex 38.49873734265566 -21.300000000000004 7.251262657344341
    endloop
  endfacet
  facet normal 0 -1 0
    outer loop
      vertex 34.15848349034786 -20.500000000000004 9.334082819521427
      vertex 37.169571220874786 -20.500000000000004 5.989931106567383
      vertex 38.49873734265566 -20.500000000000004 7.251262657344341
    endloop
  endfacet
  facet normal 0 -1 0
    outer loop
      vertex 38.49873734265566 -20.500000000000004 7.251262657344341
      vertex 39.76006889343262 -20.500000000000004 8.580428779125214
      vertex 35.31675682961941 -20.500000000000004 10.433243170380592
    endloop
  endfacet
  facet normal -0.7253743715766026 0 0.6883545750990901
    outer loop
      vertex 38.49873734265566 -20.500000000000004 7.251262657344341
      vertex 38.49873734265566 -21.300000000000004 7.251262657344341
      vertex 39.76006889343262 -20.500000000000004 8.580428779125214
    endloop
  endfacet
  facet normal -0.7253743715766026 -3.7868071736884176e-17 0.6883545750990901
    outer loop
      vertex 38.49873734265566 -21.300000000000004 7.251262657344341
      vertex 39.76006889343262 -21.300000000000004 8.580428779125214
      vertex 39.76006889343262 -20.500000000000004 8.580428779125214
    endloop
  endfacet
  facet normal -0.7604059674783377 0 0.649448046130969
    outer loop
      vertex 39.76006889343262 -20.500000000000004 8.580428779125214
      vertex 39.76006889343262 -21.300000000000004 8.580428779125214
      vertex 40.9501086473465 -20.500000000000004 9.973786316812038
    endloop
  endfacet
  facet normal -0.7604059674783377 0 0.649448046130969
    outer loop
      vertex 39.76006889343262 -21.300000000000004 8.580428779125214
      vertex 40.9501086473465 -21.300000000000004 9.973786316812038
      vertex 40.9501086473465 -20.500000000000004 9.973786316812038
    endloop
  endfacet
  facet normal 0.6883545734925741 0 -0.7253743731011294
    outer loop
      vertex 34.15848349034786 -20.500000000000004 9.334082819521427
      vertex 35.31675682961941 -20.500000000000004 10.433243170380592
      vertex 35.31675682961941 -21.300000000000004 10.433243170380592
    endloop
  endfacet
  facet normal 0.7253743731011294 0 -0.6883545734925741
    outer loop
      vertex 35.31675682961941 -20.500000000000004 10.433243170380592
      vertex 36.41591718047857 -21.300000000000004 11.591516509652138
      vertex 35.31675682961941 -21.300000000000004 10.433243170380592
    endloop
  endfacet
  facet normal 0.7253743731011294 0 -0.6883545734925741
    outer loop
      vertex 35.31675682961941 -20.500000000000004 10.433243170380592
      vertex 36.41591718047857 -20.500000000000004 11.591516509652138
      vertex 36.41591718047857 -21.300000000000004 11.591516509652138
    endloop
  endfacet
  facet normal 0 -1 0
    outer loop
      vertex 39.76006889343262 -20.500000000000004 8.580428779125214
      vertex 36.41591718047857 -20.500000000000004 11.591516509652138
      vertex 35.31675682961941 -20.500000000000004 10.433243170380592
    endloop
  endfacet
  facet normal 0 -1 0
    outer loop
      vertex 36.41591718047857 -20.500000000000004 11.591516509652138
      vertex 40.9501086473465 -20.500000000000004 9.973786316812038
      vertex 37.452951826155186 -20.500000000000004 12.805728070437908
    endloop
  endfacet
  facet normal 0.7604059645042678 0 -0.6494480496131574
    outer loop
      vertex 36.41591718047857 -20.500000000000004 11.591516509652138
      vertex 37.452951826155186 -21.300000000000004 12.805728070437908
      vertex 36.41591718047857 -21.300000000000004 11.591516509652138
    endloop
  endfacet
  facet normal 0.7604059645042678 8.691032900689526e-17 -0.6494480496131574
    outer loop
      vertex 36.41591718047857 -20.500000000000004 11.591516509652138
      vertex 37.452951826155186 -20.500000000000004 12.805728070437908
      vertex 37.452951826155186 -21.300000000000004 12.805728070437908
    endloop
  endfacet
  facet normal 0.7933533422964067 0 -0.6087614263955301
    outer loop
      vertex 37.452951826155186 -20.500000000000004 12.805728070437908
      vertex 38.425018325448036 -21.300000000000004 14.072549805045128
      vertex 37.452951826155186 -21.300000000000004 12.805728070437908
    endloop
  endfacet
  facet normal 0.7933533422964067 -4.3455164370161284e-17 -0.6087614263955301
    outer loop
      vertex 37.452951826155186 -20.500000000000004 12.805728070437908
      vertex 38.425018325448036 -20.500000000000004 14.072549805045128
      vertex 38.425018325448036 -21.300000000000004 14.072549805045128
    endloop
  endfacet
  facet normal 0.824126187753411 0 -0.5664062381886603
    outer loop
      vertex 38.425018325448036 -20.500000000000004 14.072549805045128
      vertex 39.32945232093334 -21.300000000000004 15.388509429991245
      vertex 38.425018325448036 -21.300000000000004 14.072549805045128
    endloop
  endfacet
  facet normal -0.7933533413904209 0 0.608761427576234
    outer loop
      vertex 33.955794997513294 -20.500000000000004 15.637669831514359
      vertex 33.955794997513294 -21.300000000000004 15.637669831514359
      vertex 34.784441851079464 -20.500000000000004 16.717583440244198
    endloop
  endfacet
  facet normal -0.7933533413904209 0 0.608761427576234
    outer loop
      vertex 34.784441851079464 -20.500000000000004 16.717583440244198
      vertex 33.955794997513294 -21.300000000000004 15.637669831514359
      vertex 34.784441851079464 -21.300000000000004 16.717583440244198
    endloop
  endfacet
  facet normal -0.8241261894468007 0 0.5664062357247631
    outer loop
      vertex 34.784441851079464 -20.500000000000004 16.717583440244198
      vertex 34.784441851079464 -21.300000000000004 16.717583440244198
      vertex 35.55543476343155 -20.500000000000004 17.839385092258453
    endloop
  endfacet
  facet normal -0.8526401633820508 0 0.5224985663021762
    outer loop
      vertex 35.55543476343155 -20.500000000000004 17.839385092258453
      vertex 35.55543476343155 -21.300000000000004 17.839385092258453
      vertex 36.26666049659252 -20.500000000000004 19
    endloop
  endfacet
  facet normal -0.8241261894468007 5.09762504069661e-17 0.5664062357247631
    outer loop
      vertex 34.784441851079464 -21.300000000000004 16.717583440244198
      vertex 35.55543476343155 -21.300000000000004 17.839385092258453
      vertex 35.55543476343155 -20.500000000000004 17.839385092258453
    endloop
  endfacet
  facet normal -0.8526401633820508 0 0.5224985663021762
    outer loop
      vertex 35.55543476343155 -21.300000000000004 17.839385092258453
      vertex 36.26666049659252 -21.300000000000004 19
      vertex 36.26666049659252 -20.500000000000004 19
    endloop
  endfacet
  facet normal -0.8788171117605348 0 0.4771587619198371
    outer loop
      vertex 36.26666049659252 -20.500000000000004 19
      vertex 36.26666049659252 -21.300000000000004 19
      vertex 36.91616962850094 -20.500000000000004 20.19624700397253
    endloop
  endfacet
  facet normal 0 -1 0
    outer loop
      vertex 39.76006889343262 -20.500000000000004 8.580428779125214
      vertex 40.9501086473465 -20.500000000000004 9.973786316812038
      vertex 36.41591718047857 -20.500000000000004 11.591516509652138
    endloop
  endfacet
  facet normal 0 -1 0
    outer loop
      vertex 37.452951826155186 -20.500000000000004 12.805728070437908
      vertex 40.9501086473465 -20.500000000000004 9.973786316812038
      vertex 42.06559479981661 -20.500000000000004 11.427516169846058
    endloop
  endfacet
  facet normal 0 -1 0
    outer loop
      vertex 37.452951826155186 -20.500000000000004 12.805728070437908
      vertex 42.06559479981661 -20.500000000000004 11.427516169846058
      vertex 38.425018325448036 -20.500000000000004 14.072549805045128
    endloop
  endfacet
  facet normal 0 -1 0
    outer loop
      vertex 38.425018325448036 -20.500000000000004 14.072549805045128
      vertex 42.06559479981661 -20.500000000000004 11.427516169846058
      vertex 43.103469878435135 -20.500000000000004 12.937633775174618
    endloop
  endfacet
  facet normal 0 -1 0
    outer loop
      vertex 38.425018325448036 -20.500000000000004 14.072549805045128
      vertex 43.103469878435135 -20.500000000000004 12.937633775174618
      vertex 39.32945232093334 -20.500000000000004 15.388509429991245
    endloop
  endfacet
  facet normal -0.7933533394988314 0 0.6087614300414014
    outer loop
      vertex 40.9501086473465 -20.500000000000004 9.973786316812038
      vertex 40.9501086473465 -21.300000000000004 9.973786316812038
      vertex 42.06559479981661 -20.500000000000004 11.427516169846058
    endloop
  endfacet
  facet normal -0.7933533394988314 -7.573614368039057e-17 0.6087614300414014
    outer loop
      vertex 40.9501086473465 -21.300000000000004 9.973786316812038
      vertex 42.06559479981661 -21.300000000000004 11.427516169846058
      vertex 42.06559479981661 -20.500000000000004 11.427516169846058
    endloop
  endfacet
  facet normal -0.8241261877999193 0 0.5664062381209902
    outer loop
      vertex 42.06559479981661 -20.500000000000004 11.427516169846058
      vertex 42.06559479981661 -21.300000000000004 11.427516169846058
      vertex 43.103469878435135 -20.500000000000004 12.937633775174618
    endloop
  endfacet
  facet normal 0 -1 0
    outer loop
      vertex 43.103469878435135 -20.500000000000004 12.937633775174618
      vertex 44.06088913232088 -20.500000000000004 14.5
      vertex 39.32945232093334 -20.500000000000004 15.388509429991245
    endloop
  endfacet
  facet normal -0.85264016436636 0 0.5224985646959296
    outer loop
      vertex 43.103469878435135 -20.500000000000004 12.937633775174618
      vertex 43.103469878435135 -21.300000000000004 12.937633775174618
      vertex 44.06088913232088 -20.500000000000004 14.5
    endloop
  endfacet
  facet normal -0.8241261877999193 -7.5736143468521e-17 0.5664062381209902
    outer loop
      vertex 42.06559479981661 -21.300000000000004 11.427516169846058
      vertex 43.103469878435135 -21.300000000000004 12.937633775174618
      vertex 43.103469878435135 -20.500000000000004 12.937633775174618
    endloop
  endfacet
  facet normal -0.85264016436636 3.786807180505602e-17 0.5224985646959296
    outer loop
      vertex 43.103469878435135 -21.300000000000004 12.937633775174618
      vertex 44.06088913232088 -21.300000000000004 14.5
      vertex 44.06088913232088 -20.500000000000004 14.5
    endloop
  endfacet
  facet normal 0 -1 0
    outer loop
      vertex 39.32945232093334 -20.500000000000004 15.388509429991245
      vertex 44.06088913232088 -20.500000000000004 14.5
      vertex 40.16377481818199 -20.500000000000004 16.75
    endloop
  endfacet
  facet normal 0.824126187753411 0 -0.5664062381886603
    outer loop
      vertex 38.425018325448036 -20.500000000000004 14.072549805045128
      vertex 39.32945232093334 -20.500000000000004 15.388509429991245
      vertex 39.32945232093334 -21.300000000000004 15.388509429991245
    endloop
  endfacet
  facet normal 0.8526401635443827 0 -0.5224985660372748
    outer loop
      vertex 39.32945232093334 -20.500000000000004 15.388509429991245
      vertex 40.16377481818199 -21.300000000000004 16.75
      vertex 39.32945232093334 -21.300000000000004 15.388509429991245
    endloop
  endfacet
  facet normal 0.8526401635443827 8.69103284792715e-17 -0.5224985660372748
    outer loop
      vertex 39.32945232093334 -20.500000000000004 15.388509429991245
      vertex 40.16377481818199 -20.500000000000004 16.75
      vertex 40.16377481818199 -21.300000000000004 16.75
    endloop
  endfacet
  facet normal 0.8788171132431155 0 -0.477158759189263
    outer loop
      vertex 40.16377481818199 -20.500000000000004 16.75
      vertex 40.92569898813963 -21.300000000000004 18.153289757668972
      vertex 40.16377481818199 -21.300000000000004 16.75
    endloop
  endfacet
  facet normal 0.8788171132431155 4.3455164383594717e-17 -0.477158759189263
    outer loop
      vertex 40.16377481818199 -20.500000000000004 16.75
      vertex 40.92569898813963 -20.500000000000004 18.153289757668972
      vertex 40.92569898813963 -21.300000000000004 18.153289757668972
    endloop
  endfacet
  facet normal 0.9025852850470263 0 -0.43051109534665716
    outer loop
      vertex 40.92569898813963 -20.500000000000004 18.153289757668972
      vertex 41.61313645541668 -21.300000000000004 19.594532385468483
      vertex 40.92569898813963 -21.300000000000004 18.153289757668972
    endloop
  endfacet
  facet normal 0 -1 0
    outer loop
      vertex 40.16377481818199 -20.500000000000004 16.75
      vertex 44.93522834777832 -20.500000000000004 16.110332511365414
      vertex 40.92569898813963 -20.500000000000004 18.153289757668972
    endloop
  endfacet
  facet normal 0 -1 0
    outer loop
      vertex 40.16377481818199 -20.500000000000004 16.75
      vertex 44.06088913232088 -20.500000000000004 14.5
      vertex 44.93522834777832 -20.500000000000004 16.110332511365414
    endloop
  endfacet
  facet normal 0 -1 0
    outer loop
      vertex 40.92569898813963 -20.500000000000004 18.153289757668972
      vertex 45.72409101575613 -20.500000000000004 17.764217495918274
      vertex 41.61313645541668 -20.500000000000004 19.594532385468483
    endloop
  endfacet
  facet normal 0.9025852850470263 4.3455164393322407e-17 -0.43051109534665716
    outer loop
      vertex 40.92569898813963 -20.500000000000004 18.153289757668972
      vertex 41.61313645541668 -20.500000000000004 19.594532385468483
      vertex 41.61313645541668 -21.300000000000004 19.594532385468483
    endloop
  endfacet
  facet normal -0.8788171126394217 0 0.47715876030112875
    outer loop
      vertex 44.06088913232088 -20.500000000000004 14.5
      vertex 44.06088913232088 -21.300000000000004 14.5
      vertex 44.93522834777832 -20.500000000000004 16.110332511365414
    endloop
  endfacet
  facet normal -0.8788171126394217 3.786807173365997e-17 0.47715876030112875
    outer loop
      vertex 44.06088913232088 -21.300000000000004 14.5
      vertex 44.93522834777832 -21.300000000000004 16.110332511365414
      vertex 44.93522834777832 -20.500000000000004 16.110332511365414
    endloop
  endfacet
  facet normal -0.9025852851028332 0 0.4305110952296552
    outer loop
      vertex 44.93522834777832 -20.500000000000004 16.110332511365414
      vertex 44.93522834777832 -21.300000000000004 16.110332511365414
      vertex 45.72409101575613 -20.500000000000004 17.764217495918274
    endloop
  endfacet
  facet normal -0.9025852851028332 -3.7868071788859275e-17 0.4305110952296552
    outer loop
      vertex 44.93522834777832 -21.300000000000004 16.110332511365414
      vertex 45.72409101575613 -21.300000000000004 17.764217495918274
      vertex 45.72409101575613 -20.500000000000004 17.764217495918274
    endloop
  endfacet
  facet normal 0 -1 0
    outer loop
      vertex 40.92569898813963 -20.500000000000004 18.153289757668972
      vertex 44.93522834777832 -20.500000000000004 16.110332511365414
      vertex 45.72409101575613 -20.500000000000004 17.764217495918274
    endloop
  endfacet
  facet normal 0 -1 0
    outer loop
      vertex 41.61313645541668 -20.500000000000004 19.594532385468483
      vertex 45.72409101575613 -20.500000000000004 17.764217495918274
      vertex 46.42531492561102 -20.500000000000004 19.457121767103672
    endloop
  endfacet
  facet normal -0.9238795323317386 0 0.3826834327985573
    outer loop
      vertex 45.72409101575613 -20.500000000000004 17.764217495918274
      vertex 45.72409101575613 -21.300000000000004 17.764217495918274
      vertex 46.42531492561102 -20.500000000000004 19.457121767103672
    endloop
  endfacet
  facet normal -0.9238795323317386 0 0.3826834327985573
    outer loop
      vertex 45.72409101575613 -21.300000000000004 17.764217495918274
      vertex 46.42531492561102 -21.300000000000004 19.457121767103672
      vertex 46.42531492561102 -20.500000000000004 19.457121767103672
    endloop
  endfacet
  facet normal -0.9025852859863648 0 0.43051109337729265
    outer loop
      vertex 36.91616962850094 -20.500000000000004 20.19624700397253
      vertex 36.91616962850094 -21.300000000000004 20.19624700397253
      vertex 37.50218189507723 -20.500000000000004 21.424847282469273
    endloop
  endfacet
  facet normal -0.8788171117605348 0 0.4771587619198371
    outer loop
      vertex 36.26666049659252 -21.300000000000004 19
      vertex 36.91616962850094 -21.300000000000004 20.19624700397253
      vertex 36.91616962850094 -20.500000000000004 20.19624700397253
    endloop
  endfacet
  facet normal -0.9025852859863648 0 0.43051109337729265
    outer loop
      vertex 37.50218189507723 -20.500000000000004 21.424847282469273
      vertex 36.91616962850094 -21.300000000000004 20.19624700397253
      vertex 37.50218189507723 -21.300000000000004 21.424847282469273
    endloop
  endfacet
  facet normal -0.9238795325607616 0 0.382683432245647
    outer loop
      vertex 37.50218189507723 -20.500000000000004 21.424847282469273
      vertex 37.50218189507723 -21.300000000000004 21.424847282469273
      vertex 38.023091085255146 -20.500000000000004 22.68243331462145
    endloop
  endfacet
  facet normal -0.9426414906374027 0 0.3338068605180183
    outer loop
      vertex 38.023091085255146 -20.500000000000004 22.68243331462145
      vertex 38.023091085255146 -21.300000000000004 22.68243331462145
      vertex 38.47746942192316 -20.500000000000004 23.965558148920536
    endloop
  endfacet
  facet normal -0.9238795325607616 0 0.382683432245647
    outer loop
      vertex 37.50218189507723 -21.300000000000004 21.424847282469273
      vertex 38.023091085255146 -21.300000000000004 22.68243331462145
      vertex 38.023091085255146 -20.500000000000004 22.68243331462145
    endloop
  endfacet
  facet normal -0.9588197349285384 0 0.28401534450019994
    outer loop
      vertex 38.47746942192316 -20.500000000000004 23.965558148920536
      vertex 38.47746942192316 -21.300000000000004 23.965558148920536
      vertex 38.86407148092985 -20.500000000000004 25.270704828202724
    endloop
  endfacet
  facet normal -0.9426414906374027 0 0.3338068605180183
    outer loop
      vertex 38.47746942192316 -20.500000000000004 23.965558148920536
      vertex 38.023091085255146 -21.300000000000004 22.68243331462145
      vertex 38.47746942192316 -21.300000000000004 23.965558148920536
    endloop
  endfacet
  facet normal -0.9588197349285384 0 0.28401534450019994
    outer loop
      vertex 38.47746942192316 -21.300000000000004 23.965558148920536
      vertex 38.86407148092985 -21.300000000000004 25.270704828202724
      vertex 38.86407148092985 -20.500000000000004 25.270704828202724
    endloop
  endfacet
  facet normal 0 -1 0
    outer loop
      vertex 41.61313645541668 -20.500000000000004 19.594532385468483
      vertex 46.42531492561102 -20.500000000000004 19.457121767103672
      vertex 42.22420300543308 -20.500000000000004 21.06977754086256
    endloop
  endfacet
  facet normal 0.9238795327710121 0 -0.38268343173805713
    outer loop
      vertex 41.61313645541668 -20.500000000000004 19.594532385468483
      vertex 42.22420300543308 -20.500000000000004 21.06977754086256
      vertex 42.22420300543308 -21.300000000000004 21.06977754086256
    endloop
  endfacet
  facet normal 0.9238795327710121 0 -0.38268343173805713
    outer loop
      vertex 41.61313645541668 -20.500000000000004 19.594532385468483
      vertex 42.22420300543308 -21.300000000000004 21.06977754086256
      vertex 41.61313645541668 -21.300000000000004 19.594532385468483
    endloop
  endfacet
  facet normal 0.9426414904915135 0 -0.333806860929996
    outer loop
      vertex 42.22420300543308 -20.500000000000004 21.06977754086256
      vertex 42.75722374767065 -21.300000000000004 22.574981674551964
      vertex 42.22420300543308 -21.300000000000004 21.06977754086256
    endloop
  endfacet
  facet normal 0.9426414904915135 -4.345516428997054e-17 -0.333806860929996
    outer loop
      vertex 42.22420300543308 -20.500000000000004 21.06977754086256
      vertex 42.75722374767065 -20.500000000000004 22.574981674551964
      vertex 42.75722374767065 -21.300000000000004 22.574981674551964
    endloop
  endfacet
  facet normal 0.9588197342497938 0 -0.28401534679160345
    outer loop
      vertex 42.75722374767065 -20.500000000000004 22.574981674551964
      vertex 43.21073770523071 -21.300000000000004 24.106019124388695
      vertex 42.75722374767065 -21.300000000000004 22.574981674551964
    endloop
  endfacet
  facet normal 0.9588197342497938 0 -0.28401534679160345
    outer loop
      vertex 42.75722374767065 -20.500000000000004 22.574981674551964
      vertex 43.21073770523071 -20.500000000000004 24.106019124388695
      vertex 43.21073770523071 -21.300000000000004 24.106019124388695
    endloop
  endfacet
  facet normal 0.9723699208533035 0 -0.2334453619580825
    outer loop
      vertex 43.21073770523071 -20.500000000000004 24.106019124388695
      vertex 43.58350182324648 -21.300000000000004 25.658693432807922
      vertex 43.21073770523071 -21.300000000000004 24.106019124388695
    endloop
  endfacet
  facet normal -0.97236992002956 0 0.23344536538922164
    outer loop
      vertex 38.86407148092985 -20.500000000000004 25.270704828202724
      vertex 38.86407148092985 -21.300000000000004 25.270704828202724
      vertex 39.18183761835098 -20.500000000000004 26.594296038150787
    endloop
  endfacet
  facet normal -0.9832549077749277 0 0.1822355243538381
    outer loop
      vertex 39.18183761835098 -20.500000000000004 26.594296038150787
      vertex 39.18183761835098 -21.300000000000004 26.594296038150787
      vertex 39.42989685386419 -20.500000000000004 27.932703912258148
    endloop
  endfacet
  facet normal -0.97236992002956 0 0.23344536538922164
    outer loop
      vertex 39.18183761835098 -20.500000000000004 26.594296038150787
      vertex 38.86407148092985 -21.300000000000004 25.270704828202724
      vertex 39.18183761835098 -21.300000000000004 26.594296038150787
    endloop
  endfacet
  facet normal -0.9914448614090563 0 0.1305261919523314
    outer loop
      vertex 39.42989685386419 -20.500000000000004 27.932703912258148
      vertex 39.42989685386419 -21.300000000000004 27.932703912258148
      vertex 39.60756927728653 -20.500000000000004 29.282259956002235
    endloop
  endfacet
  facet normal -0.9832549077749277 0 0.1822355243538381
    outer loop
      vertex 39.18183761835098 -21.300000000000004 26.594296038150787
      vertex 39.42989685386419 -21.300000000000004 27.932703912258148
      vertex 39.42989685386419 -20.500000000000004 27.932703912258148
    endloop
  endfacet
  facet normal -0.9914448614090563 0 0.1305261919523314
    outer loop
      vertex 39.60756927728653 -20.500000000000004 29.282259956002235
      vertex 39.42989685386419 -21.300000000000004 27.932703912258148
      vertex 39.60756927728653 -21.300000000000004 29.282259956002235
    endloop
  endfacet
  facet normal 0.9723699208533035 0 -0.2334453619580825
    outer loop
      vertex 43.21073770523071 -20.500000000000004 24.106019124388695
      vertex 43.58350182324648 -20.500000000000004 25.658693432807922
      vertex 43.58350182324648 -21.300000000000004 25.658693432807922
    endloop
  endfacet
  facet normal 0.9832549074799828 0 -0.18223552594521827
    outer loop
      vertex 43.58350182324648 -20.500000000000004 25.658693432807922
      vertex 43.87449438869953 -21.300000000000004 27.228748813271523
      vertex 43.58350182324648 -21.300000000000004 25.658693432807922
    endloop
  endfacet
  facet normal 0 -1 0
    outer loop
      vertex 39.60756927728653 -20.500000000000004 29.282259956002235
      vertex 39.714367903769016 -20.500000000000004 30.63926513493061
      vertex 28.029999999999998 -20.500000000000004 50.31
    endloop
  endfacet
  facet normal 0 -1 0
    outer loop
      vertex 39.714367903769016 -20.500000000000004 30.63926513493061
      vertex 39.75 -20.500000000000004 32
      vertex 28.029999999999998 -20.500000000000004 50.31
    endloop
  endfacet
  facet normal 0 -1 0
    outer loop
      vertex 39.75 -20.500000000000004 32
      vertex 39.714367903769016 -20.500000000000004 33.36073486506939
      vertex 28.029999999999998 -20.500000000000004 50.31
    endloop
  endfacet
  facet normal 0 -1 0
    outer loop
      vertex 39.714367903769016 -20.500000000000004 33.36073486506939
      vertex 39.60756927728653 -20.500000000000004 34.717740043997765
      vertex 28.029999999999998 -20.500000000000004 50.31
    endloop
  endfacet
  facet normal -0.9588197349285384 0 -0.28401534450019994
    outer loop
      vertex 38.86407148092985 -20.500000000000004 38.729295171797276
      vertex 38.86407148092985 -21.300000000000004 38.729295171797276
      vertex 38.47746942192316 -20.500000000000004 40.034441851079464
    endloop
  endfacet
  facet normal -0.9969173335762007 0 0.0784590977217935
    outer loop
      vertex 39.60756927728653 -20.500000000000004 29.282259956002235
      vertex 39.60756927728653 -21.300000000000004 29.282259956002235
      vertex 39.714367903769016 -20.500000000000004 30.63926513493061
    endloop
  endfacet
  facet normal -0.9969173335762007 0 0.0784590977217935
    outer loop
      vertex 39.60756927728653 -21.300000000000004 29.282259956002235
      vertex 39.714367903769016 -21.300000000000004 30.63926513493061
      vertex 39.714367903769016 -20.500000000000004 30.63926513493061
    endloop
  endfacet
  facet normal -0.9996573249798285 0 0.02617694814476046
    outer loop
      vertex 39.714367903769016 -20.500000000000004 30.63926513493061
      vertex 39.714367903769016 -21.300000000000004 30.63926513493061
      vertex 39.75 -20.500000000000004 32
    endloop
  endfacet
  facet normal -0.9996573249798285 0 0.02617694814476046
    outer loop
      vertex 39.75 -20.500000000000004 32
      vertex 39.714367903769016 -21.300000000000004 30.63926513493061
      vertex 39.75 -21.300000000000004 32
    endloop
  endfacet
  facet normal -0.9996573249798285 0 -0.02617694814476046
    outer loop
      vertex 39.75 -20.500000000000004 32
      vertex 39.75 -21.300000000000004 32
      vertex 39.714367903769016 -20.500000000000004 33.36073486506939
    endloop
  endfacet
  facet normal -0.9996573249798285 0 -0.02617694814476046
    outer loop
      vertex 39.75 -21.300000000000004 32
      vertex 39.714367903769016 -21.300000000000004 33.36073486506939
      vertex 39.714367903769016 -20.500000000000004 33.36073486506939
    endloop
  endfacet
  facet normal -0.9969173335762007 0 -0.0784590977217935
    outer loop
      vertex 39.714367903769016 -20.500000000000004 33.36073486506939
      vertex 39.714367903769016 -21.300000000000004 33.36073486506939
      vertex 39.60756927728653 -20.500000000000004 34.717740043997765
    endloop
  endfacet
  facet normal -0.9969173335762007 0 -0.0784590977217935
    outer loop
      vertex 39.714367903769016 -21.300000000000004 33.36073486506939
      vertex 39.60756927728653 -21.300000000000004 34.717740043997765
      vertex 39.60756927728653 -20.500000000000004 34.717740043997765
    endloop
  endfacet
  facet normal -0.9914448614090563 0 -0.1305261919523314
    outer loop
      vertex 39.60756927728653 -20.500000000000004 34.717740043997765
      vertex 39.60756927728653 -21.300000000000004 34.717740043997765
      vertex 39.42989685386419 -20.500000000000004 36.06729608774185
    endloop
  endfacet
  facet normal -0.9914448614090563 0 -0.1305261919523314
    outer loop
      vertex 39.42989685386419 -20.500000000000004 36.06729608774185
      vertex 39.60756927728653 -21.300000000000004 34.717740043997765
      vertex 39.42989685386419 -21.300000000000004 36.06729608774185
    endloop
  endfacet
  facet normal -0.9832549077749277 0 -0.1822355243538381
    outer loop
      vertex 39.42989685386419 -20.500000000000004 36.06729608774185
      vertex 39.42989685386419 -21.300000000000004 36.06729608774185
      vertex 39.18183761835098 -20.500000000000004 37.40570396184921
    endloop
  endfacet
  facet normal -0.9832549077749277 0 -0.1822355243538381
    outer loop
      vertex 39.42989685386419 -21.300000000000004 36.06729608774185
      vertex 39.18183761835098 -21.300000000000004 37.40570396184921
      vertex 39.18183761835098 -20.500000000000004 37.40570396184921
    endloop
  endfacet
  facet normal -0.97236992002956 0 -0.23344536538922164
    outer loop
      vertex 39.18183761835098 -20.500000000000004 37.40570396184921
      vertex 39.18183761835098 -21.300000000000004 37.40570396184921
      vertex 38.86407148092985 -20.500000000000004 38.729295171797276
    endloop
  endfacet
  facet normal -0.97236992002956 0 -0.23344536538922164
    outer loop
      vertex 38.86407148092985 -20.500000000000004 38.729295171797276
      vertex 39.18183761835098 -21.300000000000004 37.40570396184921
      vertex 38.86407148092985 -21.300000000000004 38.729295171797276
    endloop
  endfacet
  facet normal 0.9832549074799828 0 0.18223552594521827
    outer loop
      vertex 43.58350182324648 -20.500000000000004 38.34130656719208
      vertex 43.58350182324648 -21.300000000000004 38.34130656719208
      vertex 43.87449438869953 -20.500000000000004 36.77125118672848
    endloop
  endfacet
  facet normal 0.9723699208533035 0 0.2334453619580825
    outer loop
      vertex 43.58350182324648 -20.500000000000004 38.34130656719208
      vertex 43.21073770523071 -20.500000000000004 39.893980875611305
      vertex 43.21073770523071 -21.300000000000004 39.893980875611305
    endloop
  endfacet
  facet normal 0.9723699208533035 0 0.2334453619580825
    outer loop
      vertex 43.58350182324648 -20.500000000000004 38.34130656719208
      vertex 43.21073770523071 -21.300000000000004 39.893980875611305
      vertex 43.58350182324648 -21.300000000000004 38.34130656719208
    endloop
  endfacet
  facet normal 0 -1 0
    outer loop
      vertex 42.22420300543308 -20.500000000000004 21.06977754086256
      vertex 47.03697807341814 -20.500000000000004 21.18440520018339
      vertex 42.75722374767065 -20.500000000000004 22.574981674551964
    endloop
  endfacet
  facet normal 0 -1 0
    outer loop
      vertex 46.42531492561102 -20.500000000000004 19.457121767103672
      vertex 47.03697807341814 -20.500000000000004 21.18440520018339
      vertex 42.22420300543308 -20.500000000000004 21.06977754086256
    endloop
  endfacet
  facet normal 0 -1 0
    outer loop
      vertex 42.75722374767065 -20.500000000000004 22.574981674551964
      vertex 47.557403922080994 -20.500000000000004 22.941333420574665
      vertex 43.21073770523071 -20.500000000000004 24.106019124388695
    endloop
  endfacet
  facet normal 0 -1 0
    outer loop
      vertex 42.75722374767065 -20.500000000000004 22.574981674551964
      vertex 47.03697807341814 -20.500000000000004 21.18440520018339
      vertex 47.557403922080994 -20.500000000000004 22.941333420574665
    endloop
  endfacet
  facet normal -0.9426414903831389 0 0.3338068612360367
    outer loop
      vertex 46.42531492561102 -20.500000000000004 19.457121767103672
      vertex 46.42531492561102 -21.300000000000004 19.457121767103672
      vertex 47.03697807341814 -20.500000000000004 21.18440520018339
    endloop
  endfacet
  facet normal -0.9426414903831389 0 0.3338068612360367
    outer loop
      vertex 46.42531492561102 -21.300000000000004 19.457121767103672
      vertex 47.03697807341814 -21.300000000000004 21.18440520018339
      vertex 47.03697807341814 -20.500000000000004 21.18440520018339
    endloop
  endfacet
  facet normal -0.9588197348528492 0 0.28401534475572277
    outer loop
      vertex 47.03697807341814 -20.500000000000004 21.18440520018339
      vertex 47.03697807341814 -21.300000000000004 21.18440520018339
      vertex 47.557403922080994 -20.500000000000004 22.941333420574665
    endloop
  endfacet
  facet normal 0 -1 0
    outer loop
      vertex 43.21073770523071 -20.500000000000004 24.106019124388695
      vertex 47.557403922080994 -20.500000000000004 22.941333420574665
      vertex 47.985166028141975 -20.500000000000004 24.723090820014477
    endloop
  endfacet
  facet normal -0.9588197348528492 0 0.28401534475572277
    outer loop
      vertex 47.03697807341814 -21.300000000000004 21.18440520018339
      vertex 47.557403922080994 -21.300000000000004 22.941333420574665
      vertex 47.557403922080994 -20.500000000000004 22.941333420574665
    endloop
  endfacet
  facet normal -0.9723699203206658 0 0.23344536417667772
    outer loop
      vertex 47.557403922080994 -20.500000000000004 22.941333420574665
      vertex 47.557403922080994 -21.300000000000004 22.941333420574665
      vertex 47.985166028141975 -20.500000000000004 24.723090820014477
    endloop
  endfacet
  facet normal -0.9723699203206658 0 0.23344536417667772
    outer loop
      vertex 47.557403922080994 -21.300000000000004 22.941333420574665
      vertex 47.985166028141975 -21.300000000000004 24.723090820014477
      vertex 47.985166028141975 -20.500000000000004 24.723090820014477
    endloop
  endfacet
  facet normal 0 -1 0
    outer loop
      vertex 43.21073770523071 -20.500000000000004 24.106019124388695
      vertex 47.985166028141975 -20.500000000000004 24.723090820014477
      vertex 43.58350182324648 -20.500000000000004 25.658693432807922
    endloop
  endfacet
  facet normal 0 -1 0
    outer loop
      vertex 43.58350182324648 -20.500000000000004 25.658693432807922
      vertex 48.31909192353487 -20.500000000000004 26.524793721735477
      vertex 43.87449438869953 -20.500000000000004 27.228748813271523
    endloop
  endfacet
  facet normal 0.9832549074799828 0 -0.18223552594521827
    outer loop
      vertex 43.58350182324648 -20.500000000000004 25.658693432807922
      vertex 43.87449438869953 -20.500000000000004 27.228748813271523
      vertex 43.87449438869953 -21.300000000000004 27.228748813271523
    endloop
  endfacet
  facet normal 0 -1 0
    outer loop
      vertex 43.87449438869953 -20.500000000000004 27.228748813271523
      vertex 48.55826633423567 -20.500000000000004 28.341503784060478
      vertex 44.08291780948639 -20.500000000000004 28.811881870031357
    endloop
  endfacet
  facet normal 0.9914448613858651 0 -0.13052619212848754
    outer loop
      vertex 43.87449438869953 -20.500000000000004 27.228748813271523
      vertex 44.08291780948639 -20.500000000000004 28.811881870031357
      vertex 44.08291780948639 -21.300000000000004 28.811881870031357
    endloop
  endfacet
  facet normal 0.9914448613858651 0 -0.13052619212848754
    outer loop
      vertex 43.87449438869953 -20.500000000000004 27.228748813271523
      vertex 44.08291780948639 -21.300000000000004 28.811881870031357
      vertex 43.87449438869953 -21.300000000000004 27.228748813271523
    endloop
  endfacet
  facet normal 0.996917333650414 0 -0.07845909677882557
    outer loop
      vertex 44.08291780948639 -20.500000000000004 28.811881870031357
      vertex 44.20820081233978 -21.300000000000004 30.403753332793713
      vertex 44.08291780948639 -21.300000000000004 28.811881870031357
    endloop
  endfacet
  facet normal 0 -1 0
    outer loop
      vertex 43.58350182324648 -20.500000000000004 25.658693432807922
      vertex 47.985166028141975 -20.500000000000004 24.723090820014477
      vertex 48.31909192353487 -20.500000000000004 26.524793721735477
    endloop
  endfacet
  facet normal -0.9832549075309465 0 0.18223552567024326
    outer loop
      vertex 47.985166028141975 -20.500000000000004 24.723090820014477
      vertex 47.985166028141975 -21.300000000000004 24.723090820014477
      vertex 48.31909192353487 -20.500000000000004 26.524793721735477
    endloop
  endfacet
  facet normal -0.9914448618255496 0 0.13052618878875283
    outer loop
      vertex 48.31909192353487 -20.500000000000004 26.524793721735477
      vertex 48.31909192353487 -21.300000000000004 26.524793721735477
      vertex 48.55826633423567 -20.500000000000004 28.341503784060478
    endloop
  endfacet
  facet normal -0.9832549075309465 0 0.18223552567024326
    outer loop
      vertex 48.31909192353487 -20.500000000000004 26.524793721735477
      vertex 47.985166028141975 -21.300000000000004 24.723090820014477
      vertex 48.31909192353487 -21.300000000000004 26.524793721735477
    endloop
  endfacet
  facet normal 0 -1 0
    outer loop
      vertex 43.87449438869953 -20.500000000000004 27.228748813271523
      vertex 48.31909192353487 -20.500000000000004 26.524793721735477
      vertex 48.55826633423567 -20.500000000000004 28.341503784060478
    endloop
  endfacet
  facet normal 0 -1 0
    outer loop
      vertex 44.08291780948639 -20.500000000000004 28.811881870031357
      vertex 48.55826633423567 -20.500000000000004 28.341503784060478
      vertex 48.70203371345997 -20.500000000000004 30.168241530656815
    endloop
  endfacet
  facet normal -0.9914448618255496 0 0.13052618878875283
    outer loop
      vertex 48.31909192353487 -21.300000000000004 26.524793721735477
      vertex 48.55826633423567 -21.300000000000004 28.341503784060478
      vertex 48.55826633423567 -20.500000000000004 28.341503784060478
    endloop
  endfacet
  facet normal -0.9969173337055437 0 0.07845909607833511
    outer loop
      vertex 48.55826633423567 -20.500000000000004 28.341503784060478
      vertex 48.55826633423567 -21.300000000000004 28.341503784060478
      vertex 48.70203371345997 -20.500000000000004 30.168241530656815
    endloop
  endfacet
  facet normal -0.9969173337055437 0 0.07845909607833511
    outer loop
      vertex 48.55826633423567 -21.300000000000004 28.341503784060478
      vertex 48.70203371345997 -21.300000000000004 30.168241530656815
      vertex 48.70203371345997 -20.500000000000004 30.168241530656815
    endloop
  endfacet
  facet normal 0 -1 0
    outer loop
      vertex 44.08291780948639 -20.500000000000004 28.811881870031357
      vertex 48.70203371345997 -20.500000000000004 30.168241530656815
      vertex 44.20820081233978 -20.500000000000004 30.403753332793713
    endloop
  endfacet
  facet normal 0 -1 0
    outer loop
      vertex 44.20820081233978 -20.500000000000004 30.403753332793713
      vertex 48.75 -20.500000000000004 32
      vertex 44.25 -20.500000000000004 32
    endloop
  endfacet
  facet normal 0.996917333650414 0 -0.07845909677882557
    outer loop
      vertex 44.08291780948639 -20.500000000000004 28.811881870031357
      vertex 44.20820081233978 -20.500000000000004 30.403753332793713
      vertex 44.20820081233978 -21.300000000000004 30.403753332793713
    endloop
  endfacet
  facet normal 0.9996573250144345 0 -0.026176946823212505
    outer loop
      vertex 44.20820081233978 -20.500000000000004 30.403753332793713
      vertex 44.25 -20.500000000000004 32
      vertex 44.25 -21.300000000000004 32
    endloop
  endfacet
  facet normal 0.9996573250144345 0 -0.026176946823212505
    outer loop
      vertex 44.20820081233978 -20.500000000000004 30.403753332793713
      vertex 44.25 -21.300000000000004 32
      vertex 44.20820081233978 -21.300000000000004 30.403753332793713
    endloop
  endfacet
  facet normal 0 -1 0
    outer loop
      vertex 44.25 -20.500000000000004 32
      vertex 48.75 -20.500000000000004 32
      vertex 44.20820081233978 -20.500000000000004 33.59624666720629
    endloop
  endfacet
  facet normal 0 -1 0
    outer loop
      vertex 44.20820081233978 -20.500000000000004 33.59624666720629
      vertex 48.70203371345997 -20.500000000000004 33.831758469343185
      vertex 44.08291780948639 -20.500000000000004 35.18811812996864
    endloop
  endfacet
  facet normal 0.9996573250144345 0 0.026176946823212505
    outer loop
      vertex 44.25 -20.500000000000004 32
      vertex 44.20820081233978 -20.500000000000004 33.59624666720629
      vertex 44.20820081233978 -21.300000000000004 33.59624666720629
    endloop
  endfacet
  facet normal 0.9996573250144345 0 0.026176946823212505
    outer loop
      vertex 44.25 -20.500000000000004 32
      vertex 44.20820081233978 -21.300000000000004 33.59624666720629
      vertex 44.25 -21.300000000000004 32
    endloop
  endfacet
  facet normal 0.996917333650414 0 0.07845909677882557
    outer loop
      vertex 44.20820081233978 -20.500000000000004 33.59624666720629
      vertex 44.08291780948639 -21.300000000000004 35.18811812996864
      vertex 44.20820081233978 -21.300000000000004 33.59624666720629
    endloop
  endfacet
  facet normal 0 -1 0
    outer loop
      vertex 44.20820081233978 -20.500000000000004 30.403753332793713
      vertex 48.70203371345997 -20.500000000000004 30.168241530656815
      vertex 48.75 -20.500000000000004 32
    endloop
  endfacet
  facet normal -0.9996573249337414 0 0.026176949904758214
    outer loop
      vertex 48.70203371345997 -20.500000000000004 30.168241530656815
      vertex 48.70203371345997 -21.300000000000004 30.168241530656815
      vertex 48.75 -20.500000000000004 32
    endloop
  endfacet
  facet normal -0.9996573249337414 0 0.026176949904758214
    outer loop
      vertex 48.70203371345997 -21.300000000000004 30.168241530656815
      vertex 48.75 -21.300000000000004 32
      vertex 48.75 -20.500000000000004 32
    endloop
  endfacet
  facet normal 0 -1 0
    outer loop
      vertex 44.20820081233978 -20.500000000000004 33.59624666720629
      vertex 48.75 -20.500000000000004 32
      vertex 48.70203371345997 -20.500000000000004 33.831758469343185
    endloop
  endfacet
  facet normal -0.9996573249337414 0 -0.026176949904758214
    outer loop
      vertex 48.70203371345997 -20.500000000000004 33.831758469343185
      vertex 48.75 -20.500000000000004 32
      vertex 48.75 -21.300000000000004 32
    endloop
  endfacet
  facet normal -0.9996573249337414 0 -0.026176949904758214
    outer loop
      vertex 48.70203371345997 -20.500000000000004 33.831758469343185
      vertex 48.75 -21.300000000000004 32
      vertex 48.70203371345997 -21.300000000000004 33.831758469343185
    endloop
  endfacet
  facet normal -0.9969173337055437 0 -0.07845909607833511
    outer loop
      vertex 48.70203371345997 -20.500000000000004 33.831758469343185
      vertex 48.70203371345997 -21.300000000000004 33.831758469343185
      vertex 48.55826633423567 -20.500000000000004 35.65849621593952
    endloop
  endfacet
  facet normal 0 -1 0
    outer loop
      vertex 44.08291780948639 -20.500000000000004 35.18811812996864
      vertex 48.55826633423567 -20.500000000000004 35.65849621593952
      vertex 43.87449438869953 -20.500000000000004 36.77125118672848
    endloop
  endfacet
  facet normal 0.996917333650414 0 0.07845909677882557
    outer loop
      vertex 44.20820081233978 -20.500000000000004 33.59624666720629
      vertex 44.08291780948639 -20.500000000000004 35.18811812996864
      vertex 44.08291780948639 -21.300000000000004 35.18811812996864
    endloop
  endfacet
  facet normal 0.9914448613858651 0 0.13052619212848754
    outer loop
      vertex 44.08291780948639 -20.500000000000004 35.18811812996864
      vertex 43.87449438869953 -21.300000000000004 36.77125118672848
      vertex 44.08291780948639 -21.300000000000004 35.18811812996864
    endloop
  endfacet
  facet normal 0.9914448613858651 0 0.13052619212848754
    outer loop
      vertex 44.08291780948639 -20.500000000000004 35.18811812996864
      vertex 43.87449438869953 -20.500000000000004 36.77125118672848
      vertex 43.87449438869953 -21.300000000000004 36.77125118672848
    endloop
  endfacet
  facet normal 0 -1 0
    outer loop
      vertex 43.58350182324648 -20.500000000000004 38.34130656719208
      vertex 47.985166028141975 -20.500000000000004 39.27690917998552
      vertex 43.21073770523071 -20.500000000000004 39.893980875611305
    endloop
  endfacet
  facet normal 0 -1 0
    outer loop
      vertex 43.58350182324648 -20.500000000000004 38.34130656719208
      vertex 43.87449438869953 -20.500000000000004 36.77125118672848
      vertex 48.31909192353487 -20.500000000000004 37.47520627826452
    endloop
  endfacet
  facet normal 0.9832549074799828 0 0.18223552594521827
    outer loop
      vertex 43.58350182324648 -21.300000000000004 38.34130656719208
      vertex 43.87449438869953 -21.300000000000004 36.77125118672848
      vertex 43.87449438869953 -20.500000000000004 36.77125118672848
    endloop
  endfacet
  facet normal 0 -1 0
    outer loop
      vertex 48.70203371345997 -20.500000000000004 33.831758469343185
      vertex 48.55826633423567 -20.500000000000004 35.65849621593952
      vertex 44.08291780948639 -20.500000000000004 35.18811812996864
    endloop
  endfacet
  facet normal 0 -1 0
    outer loop
      vertex 43.87449438869953 -20.500000000000004 36.77125118672848
      vertex 48.55826633423567 -20.500000000000004 35.65849621593952
      vertex 48.31909192353487 -20.500000000000004 37.47520627826452
    endloop
  endfacet
  facet normal -0.9969173337055437 0 -0.07845909607833511
    outer loop
      vertex 48.70203371345997 -21.300000000000004 33.831758469343185
      vertex 48.55826633423567 -21.300000000000004 35.65849621593952
      vertex 48.55826633423567 -20.500000000000004 35.65849621593952
    endloop
  endfacet
  facet normal -0.9914448618255496 0 -0.13052618878875283
    outer loop
      vertex 48.55826633423567 -20.500000000000004 35.65849621593952
      vertex 48.55826633423567 -21.300000000000004 35.65849621593952
      vertex 48.31909192353487 -20.500000000000004 37.47520627826452
    endloop
  endfacet
  facet normal -0.9914448618255496 0 -0.13052618878875283
    outer loop
      vertex 48.55826633423567 -21.300000000000004 35.65849621593952
      vertex 48.31909192353487 -21.300000000000004 37.47520627826452
      vertex 48.31909192353487 -20.500000000000004 37.47520627826452
    endloop
  endfacet
  facet normal 0 -1 0
    outer loop
      vertex 43.58350182324648 -20.500000000000004 38.34130656719208
      vertex 48.31909192353487 -20.500000000000004 37.47520627826452
      vertex 47.985166028141975 -20.500000000000004 39.27690917998552
    endloop
  endfacet
  facet normal -0.9832549075309465 0 -0.18223552567024326
    outer loop
      vertex 48.31909192353487 -20.500000000000004 37.47520627826452
      vertex 48.31909192353487 -21.300000000000004 37.47520627826452
      vertex 47.985166028141975 -20.500000000000004 39.27690917998552
    endloop
  endfacet
  facet normal -0.9832549075309465 0 -0.18223552567024326
    outer loop
      vertex 47.985166028141975 -20.500000000000004 39.27690917998552
      vertex 48.31909192353487 -21.300000000000004 37.47520627826452
      vertex 47.985166028141975 -21.300000000000004 39.27690917998552
    endloop
  endfacet
  facet normal 0 -1 0
    outer loop
      vertex 12.38926513493061 -20.500000000000004 57.964367903769016
      vertex 16.467740043997765 -20.500000000000004 57.85756927728653
      vertex 13.75 -20.500000000000004 58
    endloop
  endfacet
  facet normal 0 -1 0
    outer loop
      vertex 11.032259956002235 -20.500000000000004 57.85756927728653
      vertex 17.817296087741852 -20.500000000000004 57.67989685386419
      vertex 16.467740043997765 -20.500000000000004 57.85756927728653
    endloop
  endfacet
  facet normal 0 -1 0
    outer loop
      vertex 13.75 -20.500000000000004 58
      vertex 16.467740043997765 -20.500000000000004 57.85756927728653
      vertex 15.11073486506939 -20.500000000000004 57.964367903769016
    endloop
  endfacet
  facet normal 0 -1 0
    outer loop
      vertex 9.682703912258148 -20.500000000000004 57.67989685386419
      vertex 19.155703961849213 -20.500000000000004 57.43183761835098
      vertex 17.817296087741852 -20.500000000000004 57.67989685386419
    endloop
  endfacet
  facet normal -0.02617694814476046 0 -0.9996573249798285
    outer loop
      vertex 13.75 -20.500000000000004 58
      vertex 15.11073486506939 -20.500000000000004 57.964367903769016
      vertex 15.11073486506939 -21.300000000000004 57.964367903769016
    endloop
  endfacet
  facet normal -0.02617694814476046 0 -0.9996573249798285
    outer loop
      vertex 13.75 -20.500000000000004 58
      vertex 15.11073486506939 -21.300000000000004 57.964367903769016
      vertex 13.75 -21.300000000000004 58
    endloop
  endfacet
  facet normal -0.0784590977217935 0 -0.9969173335762007
    outer loop
      vertex 15.11073486506939 -20.500000000000004 57.964367903769016
      vertex 16.467740043997765 -20.500000000000004 57.85756927728653
      vertex 16.467740043997765 -21.300000000000004 57.85756927728653
    endloop
  endfacet
  facet normal -0.0784590977217935 0 -0.9969173335762007
    outer loop
      vertex 15.11073486506939 -20.500000000000004 57.964367903769016
      vertex 16.467740043997765 -21.300000000000004 57.85756927728653
      vertex 15.11073486506939 -21.300000000000004 57.964367903769016
    endloop
  endfacet
  facet normal 0 -1 0
    outer loop
      vertex 4.4324333146214485 -20.500000000000004 56.273091085255146
      vertex 24.325152717530727 -20.500000000000004 55.75218189507723
      vertex 23.06756668537855 -20.500000000000004 56.273091085255146
    endloop
  endfacet
  facet normal 0 -1 0
    outer loop
      vertex 7.0207048282027245 -20.500000000000004 57.11407148092985
      vertex 23.06756668537855 -20.500000000000004 56.273091085255146
      vertex 21.784441851079464 -20.500000000000004 56.72746942192316
    endloop
  endfacet
  facet normal 0 -1 0
    outer loop
      vertex 3.1748472824692726 -20.500000000000004 55.75218189507723
      vertex 26.75 -20.500000000000004 54.51666049659252
      vertex 25.55375299602747 -20.500000000000004 55.16616962850094
    endloop
  endfacet
  facet normal 0 -1 0
    outer loop
      vertex 3.1748472824692726 -20.500000000000004 55.75218189507723
      vertex 25.55375299602747 -20.500000000000004 55.16616962850094
      vertex 24.325152717530727 -20.500000000000004 55.75218189507723
    endloop
  endfacet
  facet normal 0 -1 0
    outer loop
      vertex 7.0207048282027245 -20.500000000000004 57.11407148092985
      vertex 21.784441851079464 -20.500000000000004 56.72746942192316
      vertex 20.479295171797276 -20.500000000000004 57.11407148092985
    endloop
  endfacet
  facet normal 0 -1 0
    outer loop
      vertex 9.682703912258148 -20.500000000000004 57.67989685386419
      vertex 20.479295171797276 -20.500000000000004 57.11407148092985
      vertex 19.155703961849213 -20.500000000000004 57.43183761835098
    endloop
  endfacet
  facet normal -0.1305261919523314 0 -0.9914448614090563
    outer loop
      vertex 16.467740043997765 -20.500000000000004 57.85756927728653
      vertex 17.817296087741852 -20.500000000000004 57.67989685386419
      vertex 17.817296087741852 -21.300000000000004 57.67989685386419
    endloop
  endfacet
  facet normal -0.1305261919523314 0 -0.9914448614090563
    outer loop
      vertex 16.467740043997765 -20.500000000000004 57.85756927728653
      vertex 17.817296087741852 -21.300000000000004 57.67989685386419
      vertex 16.467740043997765 -21.300000000000004 57.85756927728653
    endloop
  endfacet
  facet normal -0.1822355243538381 0 -0.9832549077749277
    outer loop
      vertex 17.817296087741852 -20.500000000000004 57.67989685386419
      vertex 19.155703961849213 -20.500000000000004 57.43183761835098
      vertex 19.155703961849213 -21.300000000000004 57.43183761835098
    endloop
  endfacet
  facet normal -0.1822355243538381 0 -0.9832549077749277
    outer loop
      vertex 17.817296087741852 -20.500000000000004 57.67989685386419
      vertex 19.155703961849213 -21.300000000000004 57.43183761835098
      vertex 17.817296087741852 -21.300000000000004 57.67989685386419
    endloop
  endfacet
  facet normal 0 -1 0
    outer loop
      vertex 0.97 -20.500000000000004 51.81
      vertex 26.529999999999998 -20.500000000000004 51.81
      vertex 30.11233016848564 -20.500000000000004 52.205794997513294
    endloop
  endfacet
  facet normal 0 -1 0
    outer loop
      vertex -1.5324165597558022 -20.500000000000004 53.034441851079464
      vertex 30.11233016848564 -20.500000000000004 52.205794997513294
      vertex 29.032416559755802 -20.500000000000004 53.034441851079464
    endloop
  endfacet
  facet normal 0 -1 0
    outer loop
      vertex -0.41061490774154663 -20.500000000000004 53.80543476343155
      vertex 29.032416559755802 -20.500000000000004 53.034441851079464
      vertex 27.910614907741547 -20.500000000000004 53.80543476343155
    endloop
  endfacet
  facet normal 0 -1 0
    outer loop
      vertex 3.1748472824692726 -20.500000000000004 55.75218189507723
      vertex 27.910614907741547 -20.500000000000004 53.80543476343155
      vertex 26.75 -20.500000000000004 54.51666049659252
    endloop
  endfacet
  facet normal -0.23344536538922164 0 -0.97236992002956
    outer loop
      vertex 19.155703961849213 -20.500000000000004 57.43183761835098
      vertex 20.479295171797276 -21.300000000000004 57.11407148092985
      vertex 19.155703961849213 -21.300000000000004 57.43183761835098
    endloop
  endfacet
  facet normal -0.23344536538922164 0 -0.97236992002956
    outer loop
      vertex 19.155703961849213 -20.500000000000004 57.43183761835098
      vertex 20.479295171797276 -20.500000000000004 57.11407148092985
      vertex 20.479295171797276 -21.300000000000004 57.11407148092985
    endloop
  endfacet
  facet normal -0.28401534450019994 0 -0.9588197349285384
    outer loop
      vertex 20.479295171797276 -20.500000000000004 57.11407148092985
      vertex 21.784441851079464 -21.300000000000004 56.72746942192316
      vertex 20.479295171797276 -21.300000000000004 57.11407148092985
    endloop
  endfacet
  facet normal -0.3338068605180183 0 -0.9426414906374027
    outer loop
      vertex 21.784441851079464 -20.500000000000004 56.72746942192316
      vertex 23.06756668537855 -21.300000000000004 56.273091085255146
      vertex 21.784441851079464 -21.300000000000004 56.72746942192316
    endloop
  endfacet
  facet normal -0.3338068605180183 0 -0.9426414906374027
    outer loop
      vertex 21.784441851079464 -20.500000000000004 56.72746942192316
      vertex 23.06756668537855 -20.500000000000004 56.273091085255146
      vertex 23.06756668537855 -21.300000000000004 56.273091085255146
    endloop
  endfacet
  facet normal -0.382683432245647 0 -0.9238795325607616
    outer loop
      vertex 23.06756668537855 -20.500000000000004 56.273091085255146
      vertex 24.325152717530727 -21.300000000000004 55.75218189507723
      vertex 23.06756668537855 -21.300000000000004 56.273091085255146
    endloop
  endfacet
  facet normal -0.28401534450019994 0 -0.9588197349285384
    outer loop
      vertex 20.479295171797276 -20.500000000000004 57.11407148092985
      vertex 21.784441851079464 -20.500000000000004 56.72746942192316
      vertex 21.784441851079464 -21.300000000000004 56.72746942192316
    endloop
  endfacet
  facet normal 0 -1 0
    outer loop
      vertex 28.029999999999998 -20.500000000000004 50.31
      vertex 36.91616962850094 -20.500000000000004 43.80375299602747
      vertex 36.26666049659252 -20.500000000000004 45
    endloop
  endfacet
  facet normal 0 -1 0
    outer loop
      vertex 28.029999999999998 -20.500000000000004 50.31
      vertex 33.955794997513294 -20.500000000000004 48.36233016848564
      vertex 33.07176546007395 -20.500000000000004 49.39739576727152
    endloop
  endfacet
  facet normal 0 -1 0
    outer loop
      vertex 28.029999999999998 -20.500000000000004 50.31
      vertex 34.784441851079464 -20.500000000000004 47.2824165597558
      vertex 33.955794997513294 -20.500000000000004 48.36233016848564
    endloop
  endfacet
  facet normal 0 -1 0
    outer loop
      vertex 28.029999999999998 -20.500000000000004 50.31
      vertex 35.55543476343155 -20.500000000000004 46.16061490774155
      vertex 34.784441851079464 -20.500000000000004 47.2824165597558
    endloop
  endfacet
  facet normal 0 -1 0
    outer loop
      vertex 28.029999999999998 -20.500000000000004 50.31
      vertex 36.26666049659252 -20.500000000000004 45
      vertex 35.55543476343155 -20.500000000000004 46.16061490774155
    endloop
  endfacet
  facet normal -0.7604059651179962 0 -0.649448048894574
    outer loop
      vertex 33.07176546007395 -20.500000000000004 49.39739576727152
      vertex 33.955794997513294 -20.500000000000004 48.36233016848564
      vertex 33.955794997513294 -21.300000000000004 48.36233016848564
    endloop
  endfacet
  facet normal -0.7604059651179962 0 -0.649448048894574
    outer loop
      vertex 33.07176546007395 -20.500000000000004 49.39739576727152
      vertex 33.955794997513294 -21.300000000000004 48.36233016848564
      vertex 33.07176546007395 -21.300000000000004 49.39739576727152
    endloop
  endfacet
  facet normal 0 -1 0
    outer loop
      vertex 27.10402514854763 -20.500000000000004 51.695819298766935
      vertex 27.279999999999998 -20.500000000000004 51.60903810567666
      vertex 30.11233016848564 -20.500000000000004 52.205794997513294
    endloop
  endfacet
  facet normal 0 -1 0
    outer loop
      vertex 27.44314214351308 -20.500000000000004 51.50003001043685
      vertex 31.14739576727152 -20.500000000000004 51.32176546007395
      vertex 27.279999999999998 -20.500000000000004 51.60903810567666
    endloop
  endfacet
  facet normal 0 -1 0
    outer loop
      vertex 27.44314214351308 -20.500000000000004 51.50003001043685
      vertex 27.59066017177982 -20.500000000000004 51.370660171779825
      vertex 31.14739576727152 -20.500000000000004 51.32176546007395
    endloop
  endfacet
  facet normal 0 -1 0
    outer loop
      vertex 26.529999999999998 -20.500000000000004 51.81
      vertex 26.725789288330073 -20.500000000000004 51.79716729206072
      vertex 30.11233016848564 -20.500000000000004 52.205794997513294
    endloop
  endfacet
  facet normal 0 -1 0
    outer loop
      vertex 26.725789288330073 -20.500000000000004 51.79716729206072
      vertex 26.918228567653777 -20.500000000000004 51.75888873943361
      vertex 30.11233016848564 -20.500000000000004 52.205794997513294
    endloop
  endfacet
  facet normal 0 -1 0
    outer loop
      vertex 26.918228567653777 -20.500000000000004 51.75888873943361
      vertex 27.10402514854763 -20.500000000000004 51.695819298766935
      vertex 30.11233016848564 -20.500000000000004 52.205794997513294
    endloop
  endfacet
  facet normal -0.5224985663021762 0 -0.8526401633820508
    outer loop
      vertex 27.910614907741547 -21.300000000000004 53.80543476343155
      vertex 26.75 -21.300000000000004 54.51666049659252
      vertex 26.75 -20.500000000000004 54.51666049659252
    endloop
  endfacet
  facet normal -0.5224985663021762 0 -0.8526401633820508
    outer loop
      vertex 27.910614907741547 -20.500000000000004 53.80543476343155
      vertex 27.910614907741547 -21.300000000000004 53.80543476343155
      vertex 26.75 -20.500000000000004 54.51666049659252
    endloop
  endfacet
  facet normal -0.5664062357247631 -5.09762504069661e-17 -0.8241261894468007
    outer loop
      vertex 27.910614907741547 -20.500000000000004 53.80543476343155
      vertex 29.032416559755802 -20.500000000000004 53.034441851079464
      vertex 29.032416559755802 -21.300000000000004 53.034441851079464
    endloop
  endfacet
  facet normal -0.5664062357247631 0 -0.8241261894468007
    outer loop
      vertex 27.910614907741547 -20.500000000000004 53.80543476343155
      vertex 29.032416559755802 -21.300000000000004 53.034441851079464
      vertex 27.910614907741547 -21.300000000000004 53.80543476343155
    endloop
  endfacet
  facet normal -0.382683432245647 0 -0.9238795325607616
    outer loop
      vertex 23.06756668537855 -20.500000000000004 56.273091085255146
      vertex 24.325152717530727 -20.500000000000004 55.75218189507723
      vertex 24.325152717530727 -21.300000000000004 55.75218189507723
    endloop
  endfacet
  facet normal -0.43051109337729265 0 -0.9025852859863648
    outer loop
      vertex 24.325152717530727 -20.500000000000004 55.75218189507723
      vertex 25.55375299602747 -21.300000000000004 55.16616962850094
      vertex 24.325152717530727 -21.300000000000004 55.75218189507723
    endloop
  endfacet
  facet normal -0.43051109337729265 0 -0.9025852859863648
    outer loop
      vertex 24.325152717530727 -20.500000000000004 55.75218189507723
      vertex 25.55375299602747 -20.500000000000004 55.16616962850094
      vertex 25.55375299602747 -21.300000000000004 55.16616962850094
    endloop
  endfacet
  facet normal -0.4771587619198371 0 -0.8788171117605348
    outer loop
      vertex 25.55375299602747 -20.500000000000004 55.16616962850094
      vertex 26.75 -21.300000000000004 54.51666049659252
      vertex 25.55375299602747 -21.300000000000004 55.16616962850094
    endloop
  endfacet
  facet normal -0.4771587619198371 0 -0.8788171117605348
    outer loop
      vertex 25.55375299602747 -20.500000000000004 55.16616962850094
      vertex 26.75 -20.500000000000004 54.51666049659252
      vertex 26.75 -21.300000000000004 54.51666049659252
    endloop
  endfacet
  facet normal 0.477158759189263 0 0.8788171132431155
    outer loop
      vertex 27.596710242331028 -20.500000000000004 59.17569898813963
      vertex 27.596710242331028 -21.300000000000004 59.17569898813963
      vertex 29 -20.500000000000004 58.41377481818199
    endloop
  endfacet
  facet normal 0.477158759189263 -4.3455164383594717e-17 0.8788171132431155
    outer loop
      vertex 27.596710242331028 -21.300000000000004 59.17569898813963
      vertex 29 -21.300000000000004 58.41377481818199
      vertex 29 -20.500000000000004 58.41377481818199
    endloop
  endfacet
  facet normal 0 -1 0
    outer loop
      vertex 28.029999999999998 -20.500000000000004 50.31
      vertex 32.134776309132576 -20.500000000000004 50.384776309132576
      vertex 28.017167292060712 -20.500000000000004 50.50578928833008
    endloop
  endfacet
  facet normal 0 -1 0
    outer loop
      vertex 28.017167292060712 -20.500000000000004 50.50578928833008
      vertex 31.14739576727152 -20.500000000000004 51.32176546007395
      vertex 27.9788887394336 -20.500000000000004 50.698228567653786
    endloop
  endfacet
  facet normal 0 -1 0
    outer loop
      vertex 27.72003001043685 -20.500000000000004 51.22314214351308
      vertex 27.829038105676656 -20.500000000000004 51.06
      vertex 31.14739576727152 -20.500000000000004 51.32176546007395
    endloop
  endfacet
  facet normal 0 -1 0
    outer loop
      vertex 27.915819298766927 -20.500000000000004 50.884025148547636
      vertex 27.9788887394336 -20.500000000000004 50.698228567653786
      vertex 31.14739576727152 -20.500000000000004 51.32176546007395
    endloop
  endfacet
  facet normal 0 -1 0
    outer loop
      vertex 27.915819298766927 -20.500000000000004 50.884025148547636
      vertex 31.14739576727152 -20.500000000000004 51.32176546007395
      vertex 27.829038105676656 -20.500000000000004 51.06
    endloop
  endfacet
  facet normal 0 -1 0
    outer loop
      vertex 27.72003001043685 -20.500000000000004 51.22314214351308
      vertex 31.14739576727152 -20.500000000000004 51.32176546007395
      vertex 27.59066017177982 -20.500000000000004 51.370660171779825
    endloop
  endfacet
  facet normal 0 -1 0
    outer loop
      vertex 27.279999999999998 -20.500000000000004 51.60903810567666
      vertex 31.14739576727152 -20.500000000000004 51.32176546007395
      vertex 30.11233016848564 -20.500000000000004 52.205794997513294
    endloop
  endfacet
  facet normal 0 -1 0
    outer loop
      vertex 28.029999999999998 -20.500000000000004 50.31
      vertex 33.07176546007395 -20.500000000000004 49.39739576727152
      vertex 32.134776309132576 -20.500000000000004 50.384776309132576
    endloop
  endfacet
  facet normal 0 -1 0
    outer loop
      vertex 28.017167292060712 -20.500000000000004 50.50578928833008
      vertex 32.134776309132576 -20.500000000000004 50.384776309132576
      vertex 31.14739576727152 -20.500000000000004 51.32176546007395
    endloop
  endfacet
  facet normal -0.649448048894574 0 -0.7604059651179962
    outer loop
      vertex 31.14739576727152 -20.500000000000004 51.32176546007395
      vertex 31.14739576727152 -21.300000000000004 51.32176546007395
      vertex 30.11233016848564 -20.500000000000004 52.205794997513294
    endloop
  endfacet
  facet normal -0.608761427576234 0 -0.7933533413904209
    outer loop
      vertex 29.032416559755802 -20.500000000000004 53.034441851079464
      vertex 30.11233016848564 -20.500000000000004 52.205794997513294
      vertex 30.11233016848564 -21.300000000000004 52.205794997513294
    endloop
  endfacet
  facet normal -0.608761427576234 0 -0.7933533413904209
    outer loop
      vertex 29.032416559755802 -20.500000000000004 53.034441851079464
      vertex 30.11233016848564 -21.300000000000004 52.205794997513294
      vertex 29.032416559755802 -21.300000000000004 53.034441851079464
    endloop
  endfacet
  facet normal -0.649448048894574 0 -0.7604059651179962
    outer loop
      vertex 31.14739576727152 -21.300000000000004 51.32176546007395
      vertex 30.11233016848564 -21.300000000000004 52.205794997513294
      vertex 30.11233016848564 -20.500000000000004 52.205794997513294
    endloop
  endfacet
  facet normal -0.7253743699663061 0 -0.6883545767959884
    outer loop
      vertex 32.134776309132576 -20.500000000000004 50.384776309132576
      vertex 33.07176546007395 -21.300000000000004 49.39739576727152
      vertex 32.134776309132576 -21.300000000000004 50.384776309132576
    endloop
  endfacet
  facet normal -0.6883545767959884 5.097625059860681e-17 -0.7253743699663061
    outer loop
      vertex 31.14739576727152 -20.500000000000004 51.32176546007395
      vertex 32.134776309132576 -20.500000000000004 50.384776309132576
      vertex 32.134776309132576 -21.300000000000004 50.384776309132576
    endloop
  endfacet
  facet normal -0.6883545767959884 0 -0.7253743699663061
    outer loop
      vertex 31.14739576727152 -20.500000000000004 51.32176546007395
      vertex 32.134776309132576 -21.300000000000004 50.384776309132576
      vertex 31.14739576727152 -21.300000000000004 51.32176546007395
    endloop
  endfacet
  facet normal -0.7253743699663061 5.097625059860681e-17 -0.6883545767959884
    outer loop
      vertex 32.134776309132576 -20.500000000000004 50.384776309132576
      vertex 33.07176546007395 -20.500000000000004 49.39739576727152
      vertex 33.07176546007395 -21.300000000000004 49.39739576727152
    endloop
  endfacet
  facet normal 0 -1 0
    outer loop
      vertex 29 -20.500000000000004 58.41377481818199
      vertex 30.361490570008755 -20.500000000000004 57.57945232093334
      vertex 32.81236622482538 -20.500000000000004 61.353469878435135
    endloop
  endfacet
  facet normal 0.5224985660372748 0 0.8526401635443827
    outer loop
      vertex 30.361490570008755 -20.500000000000004 57.57945232093334
      vertex 29 -21.300000000000004 58.41377481818199
      vertex 30.361490570008755 -21.300000000000004 57.57945232093334
    endloop
  endfacet
  facet normal 0.5224985660372748 0 0.8526401635443827
    outer loop
      vertex 29 -20.500000000000004 58.41377481818199
      vertex 29 -21.300000000000004 58.41377481818199
      vertex 30.361490570008755 -20.500000000000004 57.57945232093334
    endloop
  endfacet
  facet normal 0.5664062381886603 0 0.824126187753411
    outer loop
      vertex 30.361490570008755 -20.500000000000004 57.57945232093334
      vertex 30.361490570008755 -21.300000000000004 57.57945232093334
      vertex 31.677450194954872 -20.500000000000004 56.675018325448036
    endloop
  endfacet
  facet normal 0.5664062381886603 0 0.824126187753411
    outer loop
      vertex 30.361490570008755 -21.300000000000004 57.57945232093334
      vertex 31.677450194954872 -21.300000000000004 56.675018325448036
      vertex 31.677450194954872 -20.500000000000004 56.675018325448036
    endloop
  endfacet
  facet normal 0.6087614263955301 0 0.7933533422964067
    outer loop
      vertex 31.677450194954872 -20.500000000000004 56.675018325448036
      vertex 31.677450194954872 -21.300000000000004 56.675018325448036
      vertex 32.94427192956209 -20.500000000000004 55.702951826155186
    endloop
  endfacet
  facet normal 0.6494480496131574 0 0.7604059645042678
    outer loop
      vertex 32.94427192956209 -20.500000000000004 55.702951826155186
      vertex 32.94427192956209 -21.300000000000004 55.702951826155186
      vertex 34.15848349034786 -20.500000000000004 54.66591718047857
    endloop
  endfacet
  facet normal 0.6087614263955301 0 0.7933533422964067
    outer loop
      vertex 32.94427192956209 -20.500000000000004 55.702951826155186
      vertex 31.677450194954872 -21.300000000000004 56.675018325448036
      vertex 32.94427192956209 -21.300000000000004 55.702951826155186
    endloop
  endfacet
  facet normal 0 -1 0
    outer loop
      vertex 30.361490570008755 -20.500000000000004 57.57945232093334
      vertex 31.677450194954872 -20.500000000000004 56.675018325448036
      vertex 34.32248383015394 -20.500000000000004 60.31559479981661
    endloop
  endfacet
  facet normal 0 -1 0
    outer loop
      vertex 31.677450194954872 -20.500000000000004 56.675018325448036
      vertex 32.94427192956209 -20.500000000000004 55.702951826155186
      vertex 35.77621368318796 -20.500000000000004 59.2001086473465
    endloop
  endfacet
  facet normal 0 -1 0
    outer loop
      vertex 13.75 -20.500000000000004 62.5
      vertex 15.346246667206287 -20.500000000000004 62.45820081233978
      vertex 15.581758469343185 -20.500000000000004 66.95203371345997
    endloop
  endfacet
  facet normal 0.026176946823212505 0 0.9996573250144345
    outer loop
      vertex 13.75 -20.500000000000004 62.5
      vertex 13.75 -21.300000000000004 62.5
      vertex 15.346246667206287 -20.500000000000004 62.45820081233978
    endloop
  endfacet
  facet normal 0.026176946823212505 0 0.9996573250144345
    outer loop
      vertex 15.346246667206287 -20.500000000000004 62.45820081233978
      vertex 13.75 -21.300000000000004 62.5
      vertex 15.346246667206287 -21.300000000000004 62.45820081233978
    endloop
  endfacet
  facet normal 0.07845909677882557 0 0.996917333650414
    outer loop
      vertex 15.346246667206287 -20.500000000000004 62.45820081233978
      vertex 15.346246667206287 -21.300000000000004 62.45820081233978
      vertex 16.938118129968643 -20.500000000000004 62.33291780948639
    endloop
  endfacet
  facet normal 0 -1 0
    outer loop
      vertex 15.346246667206287 -20.500000000000004 62.45820081233978
      vertex 16.938118129968643 -20.500000000000004 62.33291780948639
      vertex 17.408496215939522 -20.500000000000004 66.80826633423567
    endloop
  endfacet
  facet normal 0 -1 0
    outer loop
      vertex 16.938118129968643 -20.500000000000004 62.33291780948639
      vertex 18.521251186728477 -20.500000000000004 62.12449438869953
      vertex 19.225206278264523 -20.500000000000004 66.56909192353487
    endloop
  endfacet
  facet normal 0.13052619212848754 0 0.9914448613858651
    outer loop
      vertex 16.938118129968643 -20.500000000000004 62.33291780948639
      vertex 16.938118129968643 -21.300000000000004 62.33291780948639
      vertex 18.521251186728477 -20.500000000000004 62.12449438869953
    endloop
  endfacet
  facet normal 0.07845909677882557 0 0.996917333650414
    outer loop
      vertex 15.346246667206287 -21.300000000000004 62.45820081233978
      vertex 16.938118129968643 -21.300000000000004 62.33291780948639
      vertex 16.938118129968643 -20.500000000000004 62.33291780948639
    endloop
  endfacet
  facet normal 0.13052619212848754 0 0.9914448613858651
    outer loop
      vertex 18.521251186728477 -20.500000000000004 62.12449438869953
      vertex 16.938118129968643 -21.300000000000004 62.33291780948639
      vertex 18.521251186728477 -21.300000000000004 62.12449438869953
    endloop
  endfacet
  facet normal 0 -1 0
    outer loop
      vertex 13.75 -20.500000000000004 62.5
      vertex 15.581758469343185 -20.500000000000004 66.95203371345997
      vertex 13.75 -20.500000000000004 67
    endloop
  endfacet
  facet normal 0 -1 0
    outer loop
      vertex 15.346246667206287 -20.500000000000004 62.45820081233978
      vertex 17.408496215939522 -20.500000000000004 66.80826633423567
      vertex 15.581758469343185 -20.500000000000004 66.95203371345997
    endloop
  endfacet
  facet normal -0.026176949904758214 0 -0.9996573249337414
    outer loop
      vertex 13.75 -20.500000000000004 67
      vertex 15.581758469343185 -20.500000000000004 66.95203371345997
      vertex 15.581758469343185 -21.300000000000004 66.95203371345997
    endloop
  endfacet
  facet normal -0.026176949904758214 0 -0.9996573249337414
    outer loop
      vertex 13.75 -20.500000000000004 67
      vertex 15.581758469343185 -21.300000000000004 66.95203371345997
      vertex 13.75 -21.300000000000004 67
    endloop
  endfacet
  facet normal -0.07845909607833511 0 -0.9969173337055437
    outer loop
      vertex 15.581758469343185 -20.500000000000004 66.95203371345997
      vertex 17.408496215939522 -21.300000000000004 66.80826633423567
      vertex 15.581758469343185 -21.300000000000004 66.95203371345997
    endloop
  endfacet
  facet normal 0 -1 0
    outer loop
      vertex 16.938118129968643 -20.500000000000004 62.33291780948639
      vertex 19.225206278264523 -20.500000000000004 66.56909192353487
      vertex 17.408496215939522 -20.500000000000004 66.80826633423567
    endloop
  endfacet
  facet normal -0.13052618878875283 0 -0.9914448618255496
    outer loop
      vertex 17.408496215939522 -20.500000000000004 66.80826633423567
      vertex 19.225206278264523 -20.500000000000004 66.56909192353487
      vertex 19.225206278264523 -21.300000000000004 66.56909192353487
    endloop
  endfacet
  facet normal -0.07845909607833511 0 -0.9969173337055437
    outer loop
      vertex 15.581758469343185 -20.500000000000004 66.95203371345997
      vertex 17.408496215939522 -20.500000000000004 66.80826633423567
      vertex 17.408496215939522 -21.300000000000004 66.80826633423567
    endloop
  endfacet
  facet normal -0.13052618878875283 0 -0.9914448618255496
    outer loop
      vertex 17.408496215939522 -20.500000000000004 66.80826633423567
      vertex 19.225206278264523 -21.300000000000004 66.56909192353487
      vertex 17.408496215939522 -21.300000000000004 66.80826633423567
    endloop
  endfacet
  facet normal 0.2334453619580825 0 0.9723699208533035
    outer loop
      vertex 20.091306567192078 -20.500000000000004 61.83350182324648
      vertex 20.091306567192078 -21.300000000000004 61.83350182324648
      vertex 21.643980875611305 -20.500000000000004 61.46073770523071
    endloop
  endfacet
  facet normal 0.2334453619580825 0 0.9723699208533035
    outer loop
      vertex 20.091306567192078 -21.300000000000004 61.83350182324648
      vertex 21.643980875611305 -21.300000000000004 61.46073770523071
      vertex 21.643980875611305 -20.500000000000004 61.46073770523071
    endloop
  endfacet
  facet normal 0 -1 0
    outer loop
      vertex 18.521251186728477 -20.500000000000004 62.12449438869953
      vertex 20.091306567192078 -20.500000000000004 61.83350182324648
      vertex 21.026909179985523 -20.500000000000004 66.23516602814198
    endloop
  endfacet
  facet normal 0.18223552594521827 0 0.9832549074799828
    outer loop
      vertex 18.521251186728477 -20.500000000000004 62.12449438869953
      vertex 18.521251186728477 -21.300000000000004 62.12449438869953
      vertex 20.091306567192078 -20.500000000000004 61.83350182324648
    endloop
  endfacet
  facet normal 0.18223552594521827 0 0.9832549074799828
    outer loop
      vertex 18.521251186728477 -21.300000000000004 62.12449438869953
      vertex 20.091306567192078 -21.300000000000004 61.83350182324648
      vertex 20.091306567192078 -20.500000000000004 61.83350182324648
    endloop
  endfacet
  facet normal 0.28401534679160345 0 0.9588197342497938
    outer loop
      vertex 21.643980875611305 -20.500000000000004 61.46073770523071
      vertex 21.643980875611305 -21.300000000000004 61.46073770523071
      vertex 23.175018325448036 -20.500000000000004 61.00722374767065
    endloop
  endfacet
  facet normal 0.333806860929996 0 0.9426414904915135
    outer loop
      vertex 23.175018325448036 -20.500000000000004 61.00722374767065
      vertex 23.175018325448036 -21.300000000000004 61.00722374767065
      vertex 24.68022245913744 -20.500000000000004 60.47420300543308
    endloop
  endfacet
  facet normal 0.28401534679160345 0 0.9588197342497938
    outer loop
      vertex 23.175018325448036 -20.500000000000004 61.00722374767065
      vertex 21.643980875611305 -21.300000000000004 61.46073770523071
      vertex 23.175018325448036 -21.300000000000004 61.00722374767065
    endloop
  endfacet
  facet normal 0 -1 0
    outer loop
      vertex 20.091306567192078 -20.500000000000004 61.83350182324648
      vertex 21.643980875611305 -20.500000000000004 61.46073770523071
      vertex 22.808666579425335 -20.500000000000004 65.807403922081
    endloop
  endfacet
  facet normal 0 -1 0
    outer loop
      vertex 21.643980875611305 -20.500000000000004 61.46073770523071
      vertex 23.175018325448036 -20.500000000000004 61.00722374767065
      vertex 24.56559479981661 -20.500000000000004 65.28697807341814
    endloop
  endfacet
  facet normal 0 -1 0
    outer loop
      vertex 21.643980875611305 -20.500000000000004 61.46073770523071
      vertex 24.56559479981661 -20.500000000000004 65.28697807341814
      vertex 22.808666579425335 -20.500000000000004 65.807403922081
    endloop
  endfacet
  facet normal 0 -1 0
    outer loop
      vertex 18.521251186728477 -20.500000000000004 62.12449438869953
      vertex 21.026909179985523 -20.500000000000004 66.23516602814198
      vertex 19.225206278264523 -20.500000000000004 66.56909192353487
    endloop
  endfacet
  facet normal -0.18223552567024326 0 -0.9832549075309465
    outer loop
      vertex 19.225206278264523 -20.500000000000004 66.56909192353487
      vertex 21.026909179985523 -21.300000000000004 66.23516602814198
      vertex 19.225206278264523 -21.300000000000004 66.56909192353487
    endloop
  endfacet
  facet normal -0.18223552567024326 0 -0.9832549075309465
    outer loop
      vertex 19.225206278264523 -20.500000000000004 66.56909192353487
      vertex 21.026909179985523 -20.500000000000004 66.23516602814198
      vertex 21.026909179985523 -21.300000000000004 66.23516602814198
    endloop
  endfacet
  facet normal 0 -1 0
    outer loop
      vertex 20.091306567192078 -20.500000000000004 61.83350182324648
      vertex 22.808666579425335 -20.500000000000004 65.807403922081
      vertex 21.026909179985523 -20.500000000000004 66.23516602814198
    endloop
  endfacet
  facet normal -0.23344536417667772 0 -0.9723699203206658
    outer loop
      vertex 21.026909179985523 -20.500000000000004 66.23516602814198
      vertex 22.808666579425335 -20.500000000000004 65.807403922081
      vertex 22.808666579425335 -21.300000000000004 65.807403922081
    endloop
  endfacet
  facet normal -0.23344536417667772 0 -0.9723699203206658
    outer loop
      vertex 21.026909179985523 -20.500000000000004 66.23516602814198
      vertex 22.808666579425335 -21.300000000000004 65.807403922081
      vertex 21.026909179985523 -21.300000000000004 66.23516602814198
    endloop
  endfacet
  facet normal -0.28401534475572277 0 -0.9588197348528492
    outer loop
      vertex 22.808666579425335 -20.500000000000004 65.807403922081
      vertex 24.56559479981661 -21.300000000000004 65.28697807341814
      vertex 22.808666579425335 -21.300000000000004 65.807403922081
    endloop
  endfacet
  facet normal 0.333806860929996 4.345516428997054e-17 0.9426414904915135
    outer loop
      vertex 23.175018325448036 -21.300000000000004 61.00722374767065
      vertex 24.68022245913744 -21.300000000000004 60.47420300543308
      vertex 24.68022245913744 -20.500000000000004 60.47420300543308
    endloop
  endfacet
  facet normal 0.38268343173805713 0 0.9238795327710121
    outer loop
      vertex 24.68022245913744 -20.500000000000004 60.47420300543308
      vertex 24.68022245913744 -21.300000000000004 60.47420300543308
      vertex 26.155467614531517 -20.500000000000004 59.86313645541668
    endloop
  endfacet
  facet normal 0.38268343173805713 0 0.9238795327710121
    outer loop
      vertex 26.155467614531517 -20.500000000000004 59.86313645541668
      vertex 24.68022245913744 -21.300000000000004 60.47420300543308
      vertex 26.155467614531517 -21.300000000000004 59.86313645541668
    endloop
  endfacet
  facet normal 0 -1 0
    outer loop
      vertex 23.175018325448036 -20.500000000000004 61.00722374767065
      vertex 24.68022245913744 -20.500000000000004 60.47420300543308
      vertex 26.292878232896328 -20.500000000000004 64.67531492561102
    endloop
  endfacet
  facet normal 0 -1 0
    outer loop
      vertex 23.175018325448036 -20.500000000000004 61.00722374767065
      vertex 26.292878232896328 -20.500000000000004 64.67531492561102
      vertex 24.56559479981661 -20.500000000000004 65.28697807341814
    endloop
  endfacet
  facet normal 0 -1 0
    outer loop
      vertex 24.68022245913744 -20.500000000000004 60.47420300543308
      vertex 26.155467614531517 -20.500000000000004 59.86313645541668
      vertex 27.985782504081726 -20.500000000000004 63.97409101575613
    endloop
  endfacet
  facet normal 0 -1 0
    outer loop
      vertex 27.596710242331028 -20.500000000000004 59.17569898813963
      vertex 29.639667488634586 -20.500000000000004 63.18522834777832
      vertex 26.155467614531517 -20.500000000000004 59.86313645541668
    endloop
  endfacet
  facet normal 0.43051109534665716 -4.3455164393322407e-17 0.9025852850470263
    outer loop
      vertex 27.596710242331028 -20.500000000000004 59.17569898813963
      vertex 26.155467614531517 -20.500000000000004 59.86313645541668
      vertex 26.155467614531517 -21.300000000000004 59.86313645541668
    endloop
  endfacet
  facet normal 0.43051109534665716 0 0.9025852850470263
    outer loop
      vertex 27.596710242331028 -20.500000000000004 59.17569898813963
      vertex 26.155467614531517 -21.300000000000004 59.86313645541668
      vertex 27.596710242331028 -21.300000000000004 59.17569898813963
    endloop
  endfacet
  facet normal 0 -1 0
    outer loop
      vertex 24.68022245913744 -20.500000000000004 60.47420300543308
      vertex 27.985782504081726 -20.500000000000004 63.97409101575613
      vertex 26.292878232896328 -20.500000000000004 64.67531492561102
    endloop
  endfacet
  facet normal 0 -1 0
    outer loop
      vertex 26.155467614531517 -20.500000000000004 59.86313645541668
      vertex 29.639667488634586 -20.500000000000004 63.18522834777832
      vertex 27.985782504081726 -20.500000000000004 63.97409101575613
    endloop
  endfacet
  facet normal -0.4305110952296552 0 -0.9025852851028332
    outer loop
      vertex 27.985782504081726 -20.500000000000004 63.97409101575613
      vertex 29.639667488634586 -21.300000000000004 63.18522834777832
      vertex 27.985782504081726 -21.300000000000004 63.97409101575613
    endloop
  endfacet
  facet normal -0.28401534475572277 0 -0.9588197348528492
    outer loop
      vertex 22.808666579425335 -20.500000000000004 65.807403922081
      vertex 24.56559479981661 -20.500000000000004 65.28697807341814
      vertex 24.56559479981661 -21.300000000000004 65.28697807341814
    endloop
  endfacet
  facet normal -0.3338068612360367 0 -0.9426414903831389
    outer loop
      vertex 24.56559479981661 -20.500000000000004 65.28697807341814
      vertex 26.292878232896328 -20.500000000000004 64.67531492561102
      vertex 26.292878232896328 -21.300000000000004 64.67531492561102
    endloop
  endfacet
  facet normal -0.3338068612360367 0 -0.9426414903831389
    outer loop
      vertex 24.56559479981661 -20.500000000000004 65.28697807341814
      vertex 26.292878232896328 -21.300000000000004 64.67531492561102
      vertex 24.56559479981661 -21.300000000000004 65.28697807341814
    endloop
  endfacet
  facet normal -0.3826834327985573 0 -0.9238795323317386
    outer loop
      vertex 27.985782504081726 -20.500000000000004 63.97409101575613
      vertex 27.985782504081726 -21.300000000000004 63.97409101575613
      vertex 26.292878232896328 -20.500000000000004 64.67531492561102
    endloop
  endfacet
  facet normal -0.3826834327985573 0 -0.9238795323317386
    outer loop
      vertex 27.985782504081726 -21.300000000000004 63.97409101575613
      vertex 26.292878232896328 -21.300000000000004 64.67531492561102
      vertex 26.292878232896328 -20.500000000000004 64.67531492561102
    endloop
  endfacet
  facet normal 0 -1 0
    outer loop
      vertex 27.596710242331028 -20.500000000000004 59.17569898813963
      vertex 29 -20.500000000000004 58.41377481818199
      vertex 31.25 -20.500000000000004 62.31088913232088
    endloop
  endfacet
  facet normal 0 -1 0
    outer loop
      vertex 27.596710242331028 -20.500000000000004 59.17569898813963
      vertex 31.25 -20.500000000000004 62.31088913232088
      vertex 29.639667488634586 -20.500000000000004 63.18522834777832
    endloop
  endfacet
  facet normal 0 -1 0
    outer loop
      vertex 29 -20.500000000000004 58.41377481818199
      vertex 32.81236622482538 -20.500000000000004 61.353469878435135
      vertex 31.25 -20.500000000000004 62.31088913232088
    endloop
  endfacet
  facet normal -0.4305110952296552 3.7868071788859275e-17 -0.9025852851028332
    outer loop
      vertex 27.985782504081726 -20.500000000000004 63.97409101575613
      vertex 29.639667488634586 -20.500000000000004 63.18522834777832
      vertex 29.639667488634586 -21.300000000000004 63.18522834777832
    endloop
  endfacet
  facet normal -0.47715876030112875 -3.786807173365997e-17 -0.8788171126394217
    outer loop
      vertex 29.639667488634586 -20.500000000000004 63.18522834777832
      vertex 31.25 -20.500000000000004 62.31088913232088
      vertex 31.25 -21.300000000000004 62.31088913232088
    endloop
  endfacet
  facet normal -0.47715876030112875 0 -0.8788171126394217
    outer loop
      vertex 29.639667488634586 -20.500000000000004 63.18522834777832
      vertex 31.25 -21.300000000000004 62.31088913232088
      vertex 29.639667488634586 -21.300000000000004 63.18522834777832
    endloop
  endfacet
  facet normal 0 -1 0
    outer loop
      vertex 30.361490570008755 -20.500000000000004 57.57945232093334
      vertex 34.32248383015394 -20.500000000000004 60.31559479981661
      vertex 32.81236622482538 -20.500000000000004 61.353469878435135
    endloop
  endfacet
  facet normal -0.5224985646959296 0 -0.85264016436636
    outer loop
      vertex 32.81236622482538 -20.500000000000004 61.353469878435135
      vertex 32.81236622482538 -21.300000000000004 61.353469878435135
      vertex 31.25 -20.500000000000004 62.31088913232088
    endloop
  endfacet
  facet normal -0.5664062381209902 0 -0.8241261877999193
    outer loop
      vertex 32.81236622482538 -20.500000000000004 61.353469878435135
      vertex 34.32248383015394 -21.300000000000004 60.31559479981661
      vertex 32.81236622482538 -21.300000000000004 61.353469878435135
    endloop
  endfacet
  facet normal -0.5224985646959296 -3.786807180505602e-17 -0.85264016436636
    outer loop
      vertex 32.81236622482538 -21.300000000000004 61.353469878435135
      vertex 31.25 -21.300000000000004 62.31088913232088
      vertex 31.25 -20.500000000000004 62.31088913232088
    endloop
  endfacet
  facet normal 0 -1 0
    outer loop
      vertex 39.60756927728653 -20.500000000000004 34.717740043997765
      vertex 39.42989685386419 -20.500000000000004 36.06729608774185
      vertex 28.029999999999998 -20.500000000000004 50.31
    endloop
  endfacet
  facet normal 0 -1 0
    outer loop
      vertex 39.42989685386419 -20.500000000000004 36.06729608774185
      vertex 39.18183761835098 -20.500000000000004 37.40570396184921
      vertex 28.029999999999998 -20.500000000000004 50.31
    endloop
  endfacet
  facet normal 0 -1 0
    outer loop
      vertex 28.029999999999998 -20.500000000000004 50.31
      vertex 38.47746942192316 -20.500000000000004 40.034441851079464
      vertex 38.023091085255146 -20.500000000000004 41.31756668537855
    endloop
  endfacet
  facet normal 0 -1 0
    outer loop
      vertex 39.18183761835098 -20.500000000000004 37.40570396184921
      vertex 38.86407148092985 -20.500000000000004 38.729295171797276
      vertex 28.029999999999998 -20.500000000000004 50.31
    endloop
  endfacet
  facet normal 0 -1 0
    outer loop
      vertex 38.86407148092985 -20.500000000000004 38.729295171797276
      vertex 38.47746942192316 -20.500000000000004 40.034441851079464
      vertex 28.029999999999998 -20.500000000000004 50.31
    endloop
  endfacet
  facet normal -0.9426414906374027 0 -0.3338068605180183
    outer loop
      vertex 38.47746942192316 -20.500000000000004 40.034441851079464
      vertex 38.47746942192316 -21.300000000000004 40.034441851079464
      vertex 38.023091085255146 -20.500000000000004 41.31756668537855
    endloop
  endfacet
  facet normal -0.9588197349285384 0 -0.28401534450019994
    outer loop
      vertex 38.86407148092985 -21.300000000000004 38.729295171797276
      vertex 38.47746942192316 -21.300000000000004 40.034441851079464
      vertex 38.47746942192316 -20.500000000000004 40.034441851079464
    endloop
  endfacet
  facet normal -0.9238795325607616 0 -0.382683432245647
    outer loop
      vertex 38.023091085255146 -20.500000000000004 41.31756668537855
      vertex 38.023091085255146 -21.300000000000004 41.31756668537855
      vertex 37.50218189507723 -20.500000000000004 42.57515271753073
    endloop
  endfacet
  facet normal -0.9426414906374027 0 -0.3338068605180183
    outer loop
      vertex 38.023091085255146 -20.500000000000004 41.31756668537855
      vertex 38.47746942192316 -21.300000000000004 40.034441851079464
      vertex 38.023091085255146 -21.300000000000004 41.31756668537855
    endloop
  endfacet
  facet normal -0.9025852859863648 0 -0.43051109337729265
    outer loop
      vertex 36.91616962850094 -20.500000000000004 43.80375299602747
      vertex 37.50218189507723 -20.500000000000004 42.57515271753073
      vertex 37.50218189507723 -21.300000000000004 42.57515271753073
    endloop
  endfacet
  facet normal -0.8788171117605348 0 -0.4771587619198371
    outer loop
      vertex 36.91616962850094 -20.500000000000004 43.80375299602747
      vertex 36.91616962850094 -21.300000000000004 43.80375299602747
      vertex 36.26666049659252 -20.500000000000004 45
    endloop
  endfacet
  facet normal -0.9025852859863648 0 -0.43051109337729265
    outer loop
      vertex 36.91616962850094 -20.500000000000004 43.80375299602747
      vertex 37.50218189507723 -21.300000000000004 42.57515271753073
      vertex 36.91616962850094 -21.300000000000004 43.80375299602747
    endloop
  endfacet
  facet normal -0.9238795325607616 0 -0.382683432245647
    outer loop
      vertex 38.023091085255146 -21.300000000000004 41.31756668537855
      vertex 37.50218189507723 -21.300000000000004 42.57515271753073
      vertex 37.50218189507723 -20.500000000000004 42.57515271753073
    endloop
  endfacet
  facet normal 0 -1 0
    outer loop
      vertex 28.029999999999998 -20.500000000000004 50.31
      vertex 37.50218189507723 -20.500000000000004 42.57515271753073
      vertex 36.91616962850094 -20.500000000000004 43.80375299602747
    endloop
  endfacet
  facet normal 0 -1 0
    outer loop
      vertex 28.029999999999998 -20.500000000000004 50.31
      vertex 38.023091085255146 -20.500000000000004 41.31756668537855
      vertex 37.50218189507723 -20.500000000000004 42.57515271753073
    endloop
  endfacet
  facet normal -0.8526401633820508 0 -0.5224985663021762
    outer loop
      vertex 35.55543476343155 -20.500000000000004 46.16061490774155
      vertex 36.26666049659252 -20.500000000000004 45
      vertex 36.26666049659252 -21.300000000000004 45
    endloop
  endfacet
  facet normal -0.8241261894468007 0 -0.5664062357247631
    outer loop
      vertex 35.55543476343155 -20.500000000000004 46.16061490774155
      vertex 35.55543476343155 -21.300000000000004 46.16061490774155
      vertex 34.784441851079464 -20.500000000000004 47.2824165597558
    endloop
  endfacet
  facet normal -0.8526401633820508 0 -0.5224985663021762
    outer loop
      vertex 35.55543476343155 -20.500000000000004 46.16061490774155
      vertex 36.26666049659252 -21.300000000000004 45
      vertex 35.55543476343155 -21.300000000000004 46.16061490774155
    endloop
  endfacet
  facet normal -0.7933533413904209 0 -0.608761427576234
    outer loop
      vertex 34.784441851079464 -20.500000000000004 47.2824165597558
      vertex 34.784441851079464 -21.300000000000004 47.2824165597558
      vertex 33.955794997513294 -20.500000000000004 48.36233016848564
    endloop
  endfacet
  facet normal -0.7933533413904209 0 -0.608761427576234
    outer loop
      vertex 33.955794997513294 -20.500000000000004 48.36233016848564
      vertex 34.784441851079464 -21.300000000000004 47.2824165597558
      vertex 33.955794997513294 -21.300000000000004 48.36233016848564
    endloop
  endfacet
  facet normal -0.8241261894468007 -5.09762504069661e-17 -0.5664062357247631
    outer loop
      vertex 35.55543476343155 -21.300000000000004 46.16061490774155
      vertex 34.784441851079464 -21.300000000000004 47.2824165597558
      vertex 34.784441851079464 -20.500000000000004 47.2824165597558
    endloop
  endfacet
  facet normal -0.8788171117605348 0 -0.4771587619198371
    outer loop
      vertex 36.91616962850094 -21.300000000000004 43.80375299602747
      vertex 36.26666049659252 -21.300000000000004 45
      vertex 36.26666049659252 -20.500000000000004 45
    endloop
  endfacet
  facet normal 0.9588197342497938 0 0.28401534679160345
    outer loop
      vertex 43.21073770523071 -20.500000000000004 39.893980875611305
      vertex 42.75722374767065 -21.300000000000004 41.425018325448036
      vertex 43.21073770523071 -21.300000000000004 39.893980875611305
    endloop
  endfacet
  facet normal 0.9588197342497938 0 0.28401534679160345
    outer loop
      vertex 43.21073770523071 -20.500000000000004 39.893980875611305
      vertex 42.75722374767065 -20.500000000000004 41.425018325448036
      vertex 42.75722374767065 -21.300000000000004 41.425018325448036
    endloop
  endfacet
  facet normal 0.9426414904915135 0 0.333806860929996
    outer loop
      vertex 42.75722374767065 -20.500000000000004 41.425018325448036
      vertex 42.22420300543308 -21.300000000000004 42.93022245913744
      vertex 42.75722374767065 -21.300000000000004 41.425018325448036
    endloop
  endfacet
  facet normal 0 -1 0
    outer loop
      vertex 42.22420300543308 -20.500000000000004 42.93022245913744
      vertex 46.42531492561102 -20.500000000000004 44.54287823289633
      vertex 41.61313645541668 -20.500000000000004 44.40546761453152
    endloop
  endfacet
  facet normal 0.9426414904915135 4.345516428997054e-17 0.333806860929996
    outer loop
      vertex 42.75722374767065 -20.500000000000004 41.425018325448036
      vertex 42.22420300543308 -20.500000000000004 42.93022245913744
      vertex 42.22420300543308 -21.300000000000004 42.93022245913744
    endloop
  endfacet
  facet normal 0.9238795327710121 0 0.38268343173805713
    outer loop
      vertex 42.22420300543308 -20.500000000000004 42.93022245913744
      vertex 41.61313645541668 -20.500000000000004 44.40546761453152
      vertex 41.61313645541668 -21.300000000000004 44.40546761453152
    endloop
  endfacet
  facet normal 0.9238795327710121 0 0.38268343173805713
    outer loop
      vertex 42.22420300543308 -20.500000000000004 42.93022245913744
      vertex 41.61313645541668 -21.300000000000004 44.40546761453152
      vertex 42.22420300543308 -21.300000000000004 42.93022245913744
    endloop
  endfacet
  facet normal 0.9025852850470263 -4.3455164393322407e-17 0.43051109534665716
    outer loop
      vertex 41.61313645541668 -20.500000000000004 44.40546761453152
      vertex 40.92569898813963 -20.500000000000004 45.84671024233103
      vertex 40.92569898813963 -21.300000000000004 45.84671024233103
    endloop
  endfacet
  facet normal 0.8788171132431155 -4.3455164383594717e-17 0.477158759189263
    outer loop
      vertex 40.92569898813963 -20.500000000000004 45.84671024233103
      vertex 40.16377481818199 -20.500000000000004 47.25
      vertex 40.16377481818199 -21.300000000000004 47.25
    endloop
  endfacet
  facet normal 0.8788171132431155 0 0.477158759189263
    outer loop
      vertex 40.92569898813963 -20.500000000000004 45.84671024233103
      vertex 40.16377481818199 -21.300000000000004 47.25
      vertex 40.92569898813963 -21.300000000000004 45.84671024233103
    endloop
  endfacet
  facet normal 0 -1 0
    outer loop
      vertex 39.32945232093334 -20.500000000000004 48.611490570008755
      vertex 40.16377481818199 -20.500000000000004 47.25
      vertex 44.06088913232088 -20.500000000000004 49.5
    endloop
  endfacet
  facet normal 0.8526401635443827 0 0.5224985660372748
    outer loop
      vertex 40.16377481818199 -20.500000000000004 47.25
      vertex 39.32945232093334 -21.300000000000004 48.611490570008755
      vertex 40.16377481818199 -21.300000000000004 47.25
    endloop
  endfacet
  facet normal 0.8526401635443827 0 0.5224985660372748
    outer loop
      vertex 39.32945232093334 -20.500000000000004 48.611490570008755
      vertex 39.32945232093334 -21.300000000000004 48.611490570008755
      vertex 40.16377481818199 -20.500000000000004 47.25
    endloop
  endfacet
  facet normal 0.824126187753411 0 0.5664062381886603
    outer loop
      vertex 39.32945232093334 -20.500000000000004 48.611490570008755
      vertex 38.425018325448036 -21.300000000000004 49.92745019495487
      vertex 39.32945232093334 -21.300000000000004 48.611490570008755
    endloop
  endfacet
  facet normal 0 -1 0
    outer loop
      vertex 41.61313645541668 -20.500000000000004 44.40546761453152
      vertex 45.72409101575613 -20.500000000000004 46.235782504081726
      vertex 40.92569898813963 -20.500000000000004 45.84671024233103
    endloop
  endfacet
  facet normal 0.9025852850470263 0 0.43051109534665716
    outer loop
      vertex 41.61313645541668 -20.500000000000004 44.40546761453152
      vertex 40.92569898813963 -21.300000000000004 45.84671024233103
      vertex 41.61313645541668 -21.300000000000004 44.40546761453152
    endloop
  endfacet
  facet normal 0 -1 0
    outer loop
      vertex 40.92569898813963 -20.500000000000004 45.84671024233103
      vertex 44.93522834777832 -20.500000000000004 47.889667488634586
      vertex 40.16377481818199 -20.500000000000004 47.25
    endloop
  endfacet
  facet normal 0 -1 0
    outer loop
      vertex 40.16377481818199 -20.500000000000004 47.25
      vertex 44.93522834777832 -20.500000000000004 47.889667488634586
      vertex 44.06088913232088 -20.500000000000004 49.5
    endloop
  endfacet
  facet normal 0.6883545734925741 0 0.7253743731011294
    outer loop
      vertex 35.31675682961941 -20.500000000000004 53.56675682961941
      vertex 34.15848349034786 -20.500000000000004 54.66591718047857
      vertex 34.15848349034786 -21.300000000000004 54.66591718047857
    endloop
  endfacet
  facet normal 0.6883545734925741 0 0.7253743731011294
    outer loop
      vertex 35.31675682961941 -20.500000000000004 53.56675682961941
      vertex 34.15848349034786 -21.300000000000004 54.66591718047857
      vertex 35.31675682961941 -21.300000000000004 53.56675682961941
    endloop
  endfacet
  facet normal 0.7253743731011294 0 0.6883545734925741
    outer loop
      vertex 35.31675682961941 -21.300000000000004 53.56675682961941
      vertex 36.41591718047857 -21.300000000000004 52.40848349034786
      vertex 36.41591718047857 -20.500000000000004 52.40848349034786
    endloop
  endfacet
  facet normal 0.7253743731011294 0 0.6883545734925741
    outer loop
      vertex 35.31675682961941 -20.500000000000004 53.56675682961941
      vertex 35.31675682961941 -21.300000000000004 53.56675682961941
      vertex 36.41591718047857 -20.500000000000004 52.40848349034786
    endloop
  endfacet
  facet normal 0.7604059645042678 0 0.6494480496131574
    outer loop
      vertex 37.452951826155186 -20.500000000000004 51.19427192956209
      vertex 36.41591718047857 -21.300000000000004 52.40848349034786
      vertex 37.452951826155186 -21.300000000000004 51.19427192956209
    endloop
  endfacet
  facet normal 0.824126187753411 0 0.5664062381886603
    outer loop
      vertex 39.32945232093334 -20.500000000000004 48.611490570008755
      vertex 38.425018325448036 -20.500000000000004 49.92745019495487
      vertex 38.425018325448036 -21.300000000000004 49.92745019495487
    endloop
  endfacet
  facet normal 0.7933533422964067 0 0.6087614263955301
    outer loop
      vertex 38.425018325448036 -20.500000000000004 49.92745019495487
      vertex 37.452951826155186 -21.300000000000004 51.19427192956209
      vertex 38.425018325448036 -21.300000000000004 49.92745019495487
    endloop
  endfacet
  facet normal 0.7933533422964067 0 0.6087614263955301
    outer loop
      vertex 37.452951826155186 -20.500000000000004 51.19427192956209
      vertex 37.452951826155186 -21.300000000000004 51.19427192956209
      vertex 38.425018325448036 -20.500000000000004 49.92745019495487
    endloop
  endfacet
  facet normal 0 -1 0
    outer loop
      vertex 35.31675682961941 -20.500000000000004 53.56675682961941
      vertex 36.41591718047857 -20.500000000000004 52.40848349034786
      vertex 39.76006889343262 -20.500000000000004 55.419571220874786
    endloop
  endfacet
  facet normal 0 -1 0
    outer loop
      vertex 37.452951826155186 -20.500000000000004 51.19427192956209
      vertex 40.9501086473465 -20.500000000000004 54.02621368318796
      vertex 36.41591718047857 -20.500000000000004 52.40848349034786
    endloop
  endfacet
  facet normal 0.7604059645042678 -8.691032900689526e-17 0.6494480496131574
    outer loop
      vertex 37.452951826155186 -20.500000000000004 51.19427192956209
      vertex 36.41591718047857 -20.500000000000004 52.40848349034786
      vertex 36.41591718047857 -21.300000000000004 52.40848349034786
    endloop
  endfacet
  facet normal 0 -1 0
    outer loop
      vertex 32.94427192956209 -20.500000000000004 55.702951826155186
      vertex 34.15848349034786 -20.500000000000004 54.66591718047857
      vertex 37.169571220874786 -20.500000000000004 58.01006889343262
    endloop
  endfacet
  facet normal 0 -1 0
    outer loop
      vertex 35.31675682961941 -20.500000000000004 53.56675682961941
      vertex 38.49873734265566 -20.500000000000004 56.74873734265566
      vertex 34.15848349034786 -20.500000000000004 54.66591718047857
    endloop
  endfacet
  facet normal 0.6494480496131574 -8.691032900689526e-17 0.7604059645042678
    outer loop
      vertex 32.94427192956209 -21.300000000000004 55.702951826155186
      vertex 34.15848349034786 -21.300000000000004 54.66591718047857
      vertex 34.15848349034786 -20.500000000000004 54.66591718047857
    endloop
  endfacet
  facet normal 0 -1 0
    outer loop
      vertex 31.677450194954872 -20.500000000000004 56.675018325448036
      vertex 35.77621368318796 -20.500000000000004 59.2001086473465
      vertex 34.32248383015394 -20.500000000000004 60.31559479981661
    endloop
  endfacet
  facet normal 0 -1 0
    outer loop
      vertex 32.94427192956209 -20.500000000000004 55.702951826155186
      vertex 37.169571220874786 -20.500000000000004 58.01006889343262
      vertex 35.77621368318796 -20.500000000000004 59.2001086473465
    endloop
  endfacet
  facet normal -0.649448046130969 0 -0.7604059674783377
    outer loop
      vertex 35.77621368318796 -20.500000000000004 59.2001086473465
      vertex 37.169571220874786 -21.300000000000004 58.01006889343262
      vertex 35.77621368318796 -21.300000000000004 59.2001086473465
    endloop
  endfacet
  facet normal 0 -1 0
    outer loop
      vertex 34.15848349034786 -20.500000000000004 54.66591718047857
      vertex 38.49873734265566 -20.500000000000004 56.74873734265566
      vertex 37.169571220874786 -20.500000000000004 58.01006889343262
    endloop
  endfacet
  facet normal 0 -1 0
    outer loop
      vertex 35.31675682961941 -20.500000000000004 53.56675682961941
      vertex 39.76006889343262 -20.500000000000004 55.419571220874786
      vertex 38.49873734265566 -20.500000000000004 56.74873734265566
    endloop
  endfacet
  facet normal -0.649448046130969 0 -0.7604059674783377
    outer loop
      vertex 35.77621368318796 -20.500000000000004 59.2001086473465
      vertex 37.169571220874786 -20.500000000000004 58.01006889343262
      vertex 37.169571220874786 -21.300000000000004 58.01006889343262
    endloop
  endfacet
  facet normal -0.6883545750990901 0 -0.7253743715766026
    outer loop
      vertex 38.49873734265566 -20.500000000000004 56.74873734265566
      vertex 38.49873734265566 -21.300000000000004 56.74873734265566
      vertex 37.169571220874786 -20.500000000000004 58.01006889343262
    endloop
  endfacet
  facet normal -0.6883545750990901 3.7868071736884176e-17 -0.7253743715766026
    outer loop
      vertex 38.49873734265566 -21.300000000000004 56.74873734265566
      vertex 37.169571220874786 -21.300000000000004 58.01006889343262
      vertex 37.169571220874786 -20.500000000000004 58.01006889343262
    endloop
  endfacet
  facet normal 0 -1 0
    outer loop
      vertex 37.452951826155186 -20.500000000000004 51.19427192956209
      vertex 38.425018325448036 -20.500000000000004 49.92745019495487
      vertex 42.06559479981661 -20.500000000000004 52.57248383015394
    endloop
  endfacet
  facet normal 0 -1 0
    outer loop
      vertex 39.32945232093334 -20.500000000000004 48.611490570008755
      vertex 43.103469878435135 -20.500000000000004 51.06236622482538
      vertex 38.425018325448036 -20.500000000000004 49.92745019495487
    endloop
  endfacet
  facet normal 0 -1 0
    outer loop
      vertex 38.425018325448036 -20.500000000000004 49.92745019495487
      vertex 43.103469878435135 -20.500000000000004 51.06236622482538
      vertex 42.06559479981661 -20.500000000000004 52.57248383015394
    endloop
  endfacet
  facet normal 0 -1 0
    outer loop
      vertex 36.41591718047857 -20.500000000000004 52.40848349034786
      vertex 40.9501086473465 -20.500000000000004 54.02621368318796
      vertex 39.76006889343262 -20.500000000000004 55.419571220874786
    endloop
  endfacet
  facet normal 0 -1 0
    outer loop
      vertex 37.452951826155186 -20.500000000000004 51.19427192956209
      vertex 42.06559479981661 -20.500000000000004 52.57248383015394
      vertex 40.9501086473465 -20.500000000000004 54.02621368318796
    endloop
  endfacet
  facet normal 0 -1 0
    outer loop
      vertex 39.32945232093334 -20.500000000000004 48.611490570008755
      vertex 44.06088913232088 -20.500000000000004 49.5
      vertex 43.103469878435135 -20.500000000000004 51.06236622482538
    endloop
  endfacet
  facet normal -0.85264016436636 -3.786807180505602e-17 -0.5224985646959296
    outer loop
      vertex 43.103469878435135 -20.500000000000004 51.06236622482538
      vertex 44.06088913232088 -20.500000000000004 49.5
      vertex 44.06088913232088 -21.300000000000004 49.5
    endloop
  endfacet
  facet normal -0.85264016436636 0 -0.5224985646959296
    outer loop
      vertex 43.103469878435135 -20.500000000000004 51.06236622482538
      vertex 44.06088913232088 -21.300000000000004 49.5
      vertex 43.103469878435135 -21.300000000000004 51.06236622482538
    endloop
  endfacet
  facet normal -0.8241261877999193 0 -0.5664062381209902
    outer loop
      vertex 43.103469878435135 -20.500000000000004 51.06236622482538
      vertex 43.103469878435135 -21.300000000000004 51.06236622482538
      vertex 42.06559479981661 -20.500000000000004 52.57248383015394
    endloop
  endfacet
  facet normal -0.7933533394988314 7.573614368039057e-17 -0.6087614300414014
    outer loop
      vertex 40.9501086473465 -20.500000000000004 54.02621368318796
      vertex 42.06559479981661 -20.500000000000004 52.57248383015394
      vertex 42.06559479981661 -21.300000000000004 52.57248383015394
    endloop
  endfacet
  facet normal -0.8241261877999193 7.5736143468521e-17 -0.5664062381209902
    outer loop
      vertex 43.103469878435135 -21.300000000000004 51.06236622482538
      vertex 42.06559479981661 -21.300000000000004 52.57248383015394
      vertex 42.06559479981661 -20.500000000000004 52.57248383015394
    endloop
  endfacet
  facet normal -0.7933533394988314 0 -0.6087614300414014
    outer loop
      vertex 40.9501086473465 -20.500000000000004 54.02621368318796
      vertex 42.06559479981661 -21.300000000000004 52.57248383015394
      vertex 40.9501086473465 -21.300000000000004 54.02621368318796
    endloop
  endfacet
  facet normal -0.7253743715766026 3.7868071736884176e-17 -0.6883545750990901
    outer loop
      vertex 38.49873734265566 -20.500000000000004 56.74873734265566
      vertex 39.76006889343262 -20.500000000000004 55.419571220874786
      vertex 39.76006889343262 -21.300000000000004 55.419571220874786
    endloop
  endfacet
  facet normal -0.7253743715766026 0 -0.6883545750990901
    outer loop
      vertex 38.49873734265566 -20.500000000000004 56.74873734265566
      vertex 39.76006889343262 -21.300000000000004 55.419571220874786
      vertex 38.49873734265566 -21.300000000000004 56.74873734265566
    endloop
  endfacet
  facet normal -0.7604059674783377 0 -0.649448046130969
    outer loop
      vertex 40.9501086473465 -20.500000000000004 54.02621368318796
      vertex 40.9501086473465 -21.300000000000004 54.02621368318796
      vertex 39.76006889343262 -20.500000000000004 55.419571220874786
    endloop
  endfacet
  facet normal -0.7604059674783377 0 -0.649448046130969
    outer loop
      vertex 40.9501086473465 -21.300000000000004 54.02621368318796
      vertex 39.76006889343262 -21.300000000000004 55.419571220874786
      vertex 39.76006889343262 -20.500000000000004 55.419571220874786
    endloop
  endfacet
  facet normal 0 -1 0
    outer loop
      vertex 43.21073770523071 -20.500000000000004 39.893980875611305
      vertex 47.557403922080994 -20.500000000000004 41.058666579425335
      vertex 42.75722374767065 -20.500000000000004 41.425018325448036
    endloop
  endfacet
  facet normal 0 -1 0
    outer loop
      vertex 42.75722374767065 -20.500000000000004 41.425018325448036
      vertex 47.557403922080994 -20.500000000000004 41.058666579425335
      vertex 47.03697807341814 -20.500000000000004 42.81559479981661
    endloop
  endfacet
  facet normal 0 -1 0
    outer loop
      vertex 42.75722374767065 -20.500000000000004 41.425018325448036
      vertex 47.03697807341814 -20.500000000000004 42.81559479981661
      vertex 42.22420300543308 -20.500000000000004 42.93022245913744
    endloop
  endfacet
  facet normal 0 -1 0
    outer loop
      vertex 42.22420300543308 -20.500000000000004 42.93022245913744
      vertex 47.03697807341814 -20.500000000000004 42.81559479981661
      vertex 46.42531492561102 -20.500000000000004 44.54287823289633
    endloop
  endfacet
  facet normal 0 -1 0
    outer loop
      vertex 47.985166028141975 -20.500000000000004 39.27690917998552
      vertex 47.557403922080994 -20.500000000000004 41.058666579425335
      vertex 43.21073770523071 -20.500000000000004 39.893980875611305
    endloop
  endfacet
  facet normal -0.9588197348528492 0 -0.28401534475572277
    outer loop
      vertex 47.557403922080994 -20.500000000000004 41.058666579425335
      vertex 47.557403922080994 -21.300000000000004 41.058666579425335
      vertex 47.03697807341814 -20.500000000000004 42.81559479981661
    endloop
  endfacet
  facet normal -0.9723699203206658 0 -0.23344536417667772
    outer loop
      vertex 47.985166028141975 -20.500000000000004 39.27690917998552
      vertex 47.985166028141975 -21.300000000000004 39.27690917998552
      vertex 47.557403922080994 -20.500000000000004 41.058666579425335
    endloop
  endfacet
  facet normal -0.9723699203206658 0 -0.23344536417667772
    outer loop
      vertex 47.985166028141975 -21.300000000000004 39.27690917998552
      vertex 47.557403922080994 -21.300000000000004 41.058666579425335
      vertex 47.557403922080994 -20.500000000000004 41.058666579425335
    endloop
  endfacet
  facet normal -0.9588197348528492 0 -0.28401534475572277
    outer loop
      vertex 47.557403922080994 -21.300000000000004 41.058666579425335
      vertex 47.03697807341814 -21.300000000000004 42.81559479981661
      vertex 47.03697807341814 -20.500000000000004 42.81559479981661
    endloop
  endfacet
  facet normal -0.9426414903831389 0 -0.3338068612360367
    outer loop
      vertex 47.03697807341814 -20.500000000000004 42.81559479981661
      vertex 47.03697807341814 -21.300000000000004 42.81559479981661
      vertex 46.42531492561102 -20.500000000000004 44.54287823289633
    endloop
  endfacet
  facet normal -0.9426414903831389 0 -0.3338068612360367
    outer loop
      vertex 47.03697807341814 -21.300000000000004 42.81559479981661
      vertex 46.42531492561102 -21.300000000000004 44.54287823289633
      vertex 46.42531492561102 -20.500000000000004 44.54287823289633
    endloop
  endfacet
  facet normal 0 -1 0
    outer loop
      vertex 41.61313645541668 -20.500000000000004 44.40546761453152
      vertex 46.42531492561102 -20.500000000000004 44.54287823289633
      vertex 45.72409101575613 -20.500000000000004 46.235782504081726
    endloop
  endfacet
  facet normal 0 -1 0
    outer loop
      vertex 40.92569898813963 -20.500000000000004 45.84671024233103
      vertex 45.72409101575613 -20.500000000000004 46.235782504081726
      vertex 44.93522834777832 -20.500000000000004 47.889667488634586
    endloop
  endfacet
  facet normal -0.9238795323317386 0 -0.3826834327985573
    outer loop
      vertex 45.72409101575613 -20.500000000000004 46.235782504081726
      vertex 46.42531492561102 -20.500000000000004 44.54287823289633
      vertex 46.42531492561102 -21.300000000000004 44.54287823289633
    endloop
  endfacet
  facet normal -0.9238795323317386 0 -0.3826834327985573
    outer loop
      vertex 45.72409101575613 -20.500000000000004 46.235782504081726
      vertex 46.42531492561102 -21.300000000000004 44.54287823289633
      vertex 45.72409101575613 -21.300000000000004 46.235782504081726
    endloop
  endfacet
  facet normal -0.9025852851028332 0 -0.4305110952296552
    outer loop
      vertex 45.72409101575613 -20.500000000000004 46.235782504081726
      vertex 45.72409101575613 -21.300000000000004 46.235782504081726
      vertex 44.93522834777832 -20.500000000000004 47.889667488634586
    endloop
  endfacet
  facet normal -0.8788171126394217 0 -0.47715876030112875
    outer loop
      vertex 44.93522834777832 -20.500000000000004 47.889667488634586
      vertex 44.93522834777832 -21.300000000000004 47.889667488634586
      vertex 44.06088913232088 -20.500000000000004 49.5
    endloop
  endfacet
  facet normal -0.8788171126394217 -3.786807173365997e-17 -0.47715876030112875
    outer loop
      vertex 44.93522834777832 -21.300000000000004 47.889667488634586
      vertex 44.06088913232088 -21.300000000000004 49.5
      vertex 44.06088913232088 -20.500000000000004 49.5
    endloop
  endfacet
  facet normal -0.9025852851028332 3.7868071788859275e-17 -0.4305110952296552
    outer loop
      vertex 45.72409101575613 -21.300000000000004 46.235782504081726
      vertex 44.93522834777832 -21.300000000000004 47.889667488634586
      vertex 44.93522834777832 -20.500000000000004 47.889667488634586
    endloop
  endfacet
  facet normal -0.6087614300414014 7.573614368039057e-17 -0.7933533394988314
    outer loop
      vertex 35.77621368318796 -21.300000000000004 59.2001086473465
      vertex 34.32248383015394 -21.300000000000004 60.31559479981661
      vertex 34.32248383015394 -20.500000000000004 60.31559479981661
    endloop
  endfacet
  facet normal -0.5664062381209902 7.5736143468521e-17 -0.8241261877999193
    outer loop
      vertex 32.81236622482538 -20.500000000000004 61.353469878435135
      vertex 34.32248383015394 -20.500000000000004 60.31559479981661
      vertex 34.32248383015394 -21.300000000000004 60.31559479981661
    endloop
  endfacet
  facet normal -0.6087614300414014 0 -0.7933533394988314
    outer loop
      vertex 35.77621368318796 -20.500000000000004 59.2001086473465
      vertex 35.77621368318796 -21.300000000000004 59.2001086473465
      vertex 34.32248383015394 -20.500000000000004 60.31559479981661
    endloop
  endfacet
  facet normal 0 1 0
    outer loop
      vertex -2.8499999999999996 -0.8 1.7000000000000046
      vertex -2.9499999999999997 -0.8 1.7000000000000046
      vertex -1.8499999999999996 -0.8 2.7000000000000046
    endloop
  endfacet
  facet normal 0 1 0
    outer loop
      vertex -1.8499999999999996 -0.8 2.7000000000000046
      vertex -2.9499999999999997 -0.8 1.7000000000000046
      vertex -1.8972966760961807 -0.8 5.110000000000004
    endloop
  endfacet
  facet normal 0 1 0
    outer loop
      vertex -1.8499999999999996 -0.8 2.7000000000000046
      vertex -1.8972966760961807 -0.8 5.110000000000004
      vertex -1.8499999999999996 -0.8 5.110000000000004
    endloop
  endfacet
  facet normal 0 0 -1
    outer loop
      vertex -2.8499999999999996 -0.8 1.7000000000000046
      vertex -2.9499999999999997 -2.4000000000000004 1.7000000000000046
      vertex -2.9499999999999997 -0.8 1.7000000000000046
    endloop
  endfacet
  facet normal 0.7071067811865476 0 -0.7071067811865476
    outer loop
      vertex -2.8499999999999996 -0.8 1.7000000000000046
      vertex -1.8499999999999996 -0.8 2.7000000000000046
      vertex -1.8499999999999996 -2.4000000000000004 2.7000000000000046
    endloop
  endfacet
  facet normal 0 0 -1
    outer loop
      vertex -2.8499999999999996 -0.8 1.7000000000000046
      vertex -2.8499999999999996 -2.4000000000000004 1.7000000000000046
      vertex -2.9499999999999997 -2.4000000000000004 1.7000000000000046
    endloop
  endfacet
  facet normal 0.7071067811865476 0 -0.7071067811865476
    outer loop
      vertex -2.8499999999999996 -0.8 1.7000000000000046
      vertex -1.8499999999999996 -2.4000000000000004 2.7000000000000046
      vertex -2.8499999999999996 -2.4000000000000004 1.7000000000000046
    endloop
  endfacet
  facet normal 0 -1 0
    outer loop
      vertex -2.8499999999999996 -2.4000000000000004 1.7000000000000046
      vertex -1.8499999999999996 -2.4000000000000004 2.7000000000000046
      vertex -2.9499999999999997 -2.4000000000000004 1.7000000000000046
    endloop
  endfacet
  facet normal 1 0 0
    outer loop
      vertex -1.8499999999999996 -0.8 2.7000000000000046
      vertex -1.8499999999999996 -0.8 5.110000000000004
      vertex -1.8499999999999996 -2.4000000000000004 5.110000000000004
    endloop
  endfacet
  facet normal 1 0 0
    outer loop
      vertex -1.8499999999999996 -0.8 2.7000000000000046
      vertex -1.8499999999999996 -2.4000000000000004 5.110000000000004
      vertex -1.8499999999999996 -2.4000000000000004 2.7000000000000046
    endloop
  endfacet
  facet normal 0 -1 0
    outer loop
      vertex -1.8499999999999996 -2.4000000000000004 2.7000000000000046
      vertex -1.8499999999999996 -2.4000000000000004 5.110000000000004
      vertex -2.9499999999999997 -2.4000000000000004 1.7000000000000046
    endloop
  endfacet
  facet normal 0 1 0
    outer loop
      vertex -1.8972966760961807 -0.8 5.110000000000004
      vertex -2.9499999999999997 -0.8 1.7000000000000046
      vertex -1.979722418670438 -0.8 9.310000000000002
    endloop
  endfacet
  facet normal 0 -1 0
    outer loop
      vertex -1.8499999999999996 -2.4000000000000004 5.110000000000004
      vertex -1.8499999999999996 -2.4000000000000004 9.310000000000002
      vertex -2.9499999999999997 -2.4000000000000004 1.7000000000000046
    endloop
  endfacet
  facet normal 0 1 0
    outer loop
      vertex -1.979722418670438 -0.8 9.310000000000002
      vertex -2.9499999999999997 -0.8 1.7000000000000046
      vertex -1.8499999999999996 -0.8 59.26
    endloop
  endfacet
  facet normal 0 -1 0
    outer loop
      vertex -1.8499999999999996 -2.4000000000000004 9.310000000000002
      vertex -1.8499999999999996 -2.4000000000000004 59.26
      vertex -2.9499999999999997 -2.4000000000000004 1.7000000000000046
    endloop
  endfacet
  facet normal 0 1 0
    outer loop
      vertex -1.979722418670438 -0.8 9.310000000000002
      vertex -1.8499999999999996 -0.8 59.26
      vertex -1.8499999999999996 -0.8 9.310000000000002
    endloop
  endfacet
  facet normal 1 0 0
    outer loop
      vertex -1.8499999999999996 -0.8 9.310000000000002
      vertex -1.8499999999999996 -2.4000000000000004 59.26
      vertex -1.8499999999999996 -2.4000000000000004 9.310000000000002
    endloop
  endfacet
  facet normal 0 1 0
    outer loop
      vertex -1.8499999999999996 -0.8 59.26
      vertex -2.9499999999999997 -0.8 1.7000000000000046
      vertex -2.9499999999999997 -0.8 59.26
    endloop
  endfacet
  facet normal 0 -1 0
    outer loop
      vertex -1.8499999999999996 -2.4000000000000004 59.26
      vertex -2.9499999999999997 -2.4000000000000004 59.26
      vertex -2.9499999999999997 -2.4000000000000004 1.7000000000000046
    endloop
  endfacet
  facet normal 1 0 0
    outer loop
      vertex -1.8499999999999996 -0.8 9.310000000000002
      vertex -1.8499999999999996 -0.8 59.26
      vertex -1.8499999999999996 -2.4000000000000004 59.26
    endloop
  endfacet
  facet normal 0 0 1
    outer loop
      vertex -1.8499999999999996 -0.8 59.26
      vertex -2.9499999999999997 -0.8 59.26
      vertex -1.8499999999999996 -2.4000000000000004 59.26
    endloop
  endfacet
  facet normal 0 0 1
    outer loop
      vertex -1.8499999999999996 -2.4000000000000004 59.26
      vertex -2.9499999999999997 -0.8 59.26
      vertex -2.9499999999999997 -2.4000000000000004 59.26
    endloop
  endfacet
  facet normal 0 1 0
    outer loop
      vertex 29.35 -0.8 2.7000000000000046
      vertex 30.45 -0.8 1.7000000000000046
      vertex 30.35 -0.8 1.7000000000000046
    endloop
  endfacet
  facet normal 0 1 0
    outer loop
      vertex 29.35 -0.8 2.7000000000000046
      vertex 29.397296676096182 -0.8 5.110000000000004
      vertex 30.45 -0.8 1.7000000000000046
    endloop
  endfacet
  facet normal 0 1 0
    outer loop
      vertex 29.35 -0.8 2.7000000000000046
      vertex 29.35 -0.8 5.110000000000004
      vertex 29.397296676096182 -0.8 5.110000000000004
    endloop
  endfacet
  facet normal -0.7071067811865476 0 -0.7071067811865476
    outer loop
      vertex 29.35 -0.8 2.7000000000000046
      vertex 30.35 -0.8 1.7000000000000046
      vertex 29.35 -2.4000000000000004 2.7000000000000046
    endloop
  endfacet
  facet normal 0 0 -1
    outer loop
      vertex 30.35 -0.8 1.7000000000000046
      vertex 30.45 -0.8 1.7000000000000046
      vertex 30.35 -2.4000000000000004 1.7000000000000046
    endloop
  endfacet
  facet normal 0 0 -1
    outer loop
      vertex 30.35 -2.4000000000000004 1.7000000000000046
      vertex 30.45 -0.8 1.7000000000000046
      vertex 30.45 -2.4000000000000004 1.7000000000000046
    endloop
  endfacet
  facet normal -0.7071067811865476 0 -0.7071067811865476
    outer loop
      vertex 30.35 -0.8 1.7000000000000046
      vertex 30.35 -2.4000000000000004 1.7000000000000046
      vertex 29.35 -2.4000000000000004 2.7000000000000046
    endloop
  endfacet
  facet normal 0 -1 0
    outer loop
      vertex 29.35 -2.4000000000000004 2.7000000000000046
      vertex 30.35 -2.4000000000000004 1.7000000000000046
      vertex 30.45 -2.4000000000000004 1.7000000000000046
    endloop
  endfacet
  facet normal -1 0 0
    outer loop
      vertex 29.35 -0.8 2.7000000000000046
      vertex 29.35 -2.4000000000000004 5.110000000000004
      vertex 29.35 -0.8 5.110000000000004
    endloop
  endfacet
  facet normal -1 0 0
    outer loop
      vertex 29.35 -0.8 2.7000000000000046
      vertex 29.35 -2.4000000000000004 2.7000000000000046
      vertex 29.35 -2.4000000000000004 5.110000000000004
    endloop
  endfacet
  facet normal 0 -1 0
    outer loop
      vertex 29.35 -2.4000000000000004 2.7000000000000046
      vertex 30.45 -2.4000000000000004 1.7000000000000046
      vertex 29.35 -2.4000000000000004 5.110000000000004
    endloop
  endfacet
  facet normal 0 1 0
    outer loop
      vertex 29.397296676096182 -0.8 5.110000000000004
      vertex 29.479722418670438 -0.8 9.310000000000002
      vertex 30.45 -0.8 1.7000000000000046
    endloop
  endfacet
  facet normal 0 -1 0
    outer loop
      vertex 29.35 -2.4000000000000004 5.110000000000004
      vertex 30.45 -2.4000000000000004 1.7000000000000046
      vertex 29.35 -2.4000000000000004 9.310000000000002
    endloop
  endfacet
  facet normal 0 1 0
    outer loop
      vertex 29.479722418670438 -0.8 9.310000000000002
      vertex 29.35 -0.8 59.26
      vertex 30.45 -0.8 1.7000000000000046
    endloop
  endfacet
  facet normal 0 -1 0
    outer loop
      vertex 29.35 -2.4000000000000004 9.310000000000002
      vertex 30.45 -2.4000000000000004 1.7000000000000046
      vertex 29.35 -2.4000000000000004 59.26
    endloop
  endfacet
  facet normal 0 1 0
    outer loop
      vertex 29.35 -0.8 9.310000000000002
      vertex 29.35 -0.8 59.26
      vertex 29.479722418670438 -0.8 9.310000000000002
    endloop
  endfacet
  facet normal -1 0 0
    outer loop
      vertex 29.35 -0.8 9.310000000000002
      vertex 29.35 -2.4000000000000004 9.310000000000002
      vertex 29.35 -2.4000000000000004 59.26
    endloop
  endfacet
  facet normal 0 1 0
    outer loop
      vertex 29.35 -0.8 59.26
      vertex 30.45 -0.8 59.26
      vertex 30.45 -0.8 1.7000000000000046
    endloop
  endfacet
  facet normal 0 -1 0
    outer loop
      vertex 29.35 -2.4000000000000004 59.26
      vertex 30.45 -2.4000000000000004 1.7000000000000046
      vertex 30.45 -2.4000000000000004 59.26
    endloop
  endfacet
  facet normal -1 0 0
    outer loop
      vertex 29.35 -0.8 9.310000000000002
      vertex 29.35 -2.4000000000000004 59.26
      vertex 29.35 -0.8 59.26
    endloop
  endfacet
  facet normal 0 0 1
    outer loop
      vertex 29.35 -0.8 59.26
      vertex 30.45 -2.4000000000000004 59.26
      vertex 30.45 -0.8 59.26
    endloop
  endfacet
  facet normal 0 0 1
    outer loop
      vertex 29.35 -0.8 59.26
      vertex 29.35 -2.4000000000000004 59.26
      vertex 30.45 -2.4000000000000004 59.26
    endloop
  endfacet
  facet normal 0 1 0
    outer loop
      vertex -1.8972966760961807 -0.8 5.110000000000004
      vertex -1.3999999999999997 -0.8 5.910000000000004
      vertex -1.8499999999999996 -0.8 5.110000000000004
    endloop
  endfacet
  facet normal 0 1 0
    outer loop
      vertex -1.8972966760961807 -0.8 5.110000000000004
      vertex -1.3999999999999997 -0.8 8.510000000000003
      vertex -1.3999999999999997 -0.8 5.910000000000004
    endloop
  endfacet
  facet normal 0 1 0
    outer loop
      vertex -1.8972966760961807 -0.8 5.110000000000004
      vertex -1.979722418670438 -0.8 9.310000000000002
      vertex -1.8499999999999996 -0.8 9.310000000000002
    endloop
  endfacet
  facet normal 0 1 0
    outer loop
      vertex -1.8972966760961807 -0.8 5.110000000000004
      vertex -1.8499999999999996 -0.8 9.310000000000002
      vertex -1.3999999999999997 -0.8 8.510000000000003
    endloop
  endfacet
  facet normal 0.8715755371245493 6.0477701813482085e-18 -0.490261239632559
    outer loop
      vertex -1.8499999999999996 -0.8 5.110000000000004
      vertex -1.3999999999999997 -0.8 5.910000000000004
      vertex -1.3999999999999997 -2.4000000000000004 5.910000000000004
    endloop
  endfacet
  facet normal 1 0 0
    outer loop
      vertex -1.3999999999999997 -0.8 5.910000000000004
      vertex -1.3999999999999997 -0.8 8.510000000000003
      vertex -1.3999999999999997 -2.4000000000000004 5.910000000000004
    endloop
  endfacet
  facet normal 0.8715755371245493 0 -0.490261239632559
    outer loop
      vertex -1.8499999999999996 -0.8 5.110000000000004
      vertex -1.3999999999999997 -2.4000000000000004 5.910000000000004
      vertex -1.8499999999999996 -2.4000000000000004 5.110000000000004
    endloop
  endfacet
  facet normal 0 -1 0
    outer loop
      vertex -1.8499999999999996 -2.4000000000000004 5.110000000000004
      vertex -1.3999999999999997 -2.4000000000000004 5.910000000000004
      vertex -1.8499999999999996 -2.4000000000000004 9.310000000000002
    endloop
  endfacet
  facet normal 0.871575537124549 1.51194254533702e-18 0.49026123963255946
    outer loop
      vertex -1.3999999999999997 -0.8 8.510000000000003
      vertex -1.8499999999999996 -0.8 9.310000000000002
      vertex -1.8499999999999996 -2.4000000000000004 9.310000000000002
    endloop
  endfacet
  facet normal 1 0 0
    outer loop
      vertex -1.3999999999999997 -0.8 8.510000000000003
      vertex -1.3999999999999997 -2.4000000000000004 8.510000000000003
      vertex -1.3999999999999997 -2.4000000000000004 5.910000000000004
    endloop
  endfacet
  facet normal 0 -1 0
    outer loop
      vertex -1.3999999999999997 -2.4000000000000004 5.910000000000004
      vertex -1.3999999999999997 -2.4000000000000004 8.510000000000003
      vertex -1.8499999999999996 -2.4000000000000004 9.310000000000002
    endloop
  endfacet
  facet normal 0.871575537124549 0 0.49026123963255946
    outer loop
      vertex -1.3999999999999997 -0.8 8.510000000000003
      vertex -1.8499999999999996 -2.4000000000000004 9.310000000000002
      vertex -1.3999999999999997 -2.4000000000000004 8.510000000000003
    endloop
  endfacet
  facet normal 0 1 0
    outer loop
      vertex 29.35 -0.8 5.110000000000004
      vertex 28.9 -0.8 5.910000000000004
      vertex 29.397296676096182 -0.8 5.110000000000004
    endloop
  endfacet
  facet normal 0 1 0
    outer loop
      vertex 29.397296676096182 -0.8 5.110000000000004
      vertex 28.9 -0.8 5.910000000000004
      vertex 28.9 -0.8 8.510000000000003
    endloop
  endfacet
  facet normal 0 1 0
    outer loop
      vertex 29.397296676096182 -0.8 5.110000000000004
      vertex 28.9 -0.8 8.510000000000003
      vertex 29.35 -0.8 9.310000000000002
    endloop
  endfacet
  facet normal 0 1 0
    outer loop
      vertex 29.397296676096182 -0.8 5.110000000000004
      vertex 29.35 -0.8 9.310000000000002
      vertex 29.479722418670438 -0.8 9.310000000000002
    endloop
  endfacet
  facet normal -0.8715755371245479 9.071655272022634e-18 -0.49026123963256135
    outer loop
      vertex 29.35 -0.8 5.110000000000004
      vertex 28.9 -2.4000000000000004 5.910000000000004
      vertex 28.9 -0.8 5.910000000000004
    endloop
  endfacet
  facet normal -1 0 0
    outer loop
      vertex 28.9 -0.8 5.910000000000004
      vertex 28.9 -2.4000000000000004 5.910000000000004
      vertex 28.9 -0.8 8.510000000000003
    endloop
  endfacet
  facet normal -0.8715755371245479 0 -0.49026123963256135
    outer loop
      vertex 29.35 -0.8 5.110000000000004
      vertex 29.35 -2.4000000000000004 5.110000000000004
      vertex 28.9 -2.4000000000000004 5.910000000000004
    endloop
  endfacet
  facet normal 0 -1 0
    outer loop
      vertex 29.35 -2.4000000000000004 5.110000000000004
      vertex 29.35 -2.4000000000000004 9.310000000000002
      vertex 28.9 -2.4000000000000004 5.910000000000004
    endloop
  endfacet
  facet normal -0.8715755371245477 -1.663136799870961e-17 0.4902612396325618
    outer loop
      vertex 28.9 -0.8 8.510000000000003
      vertex 29.35 -2.4000000000000004 9.310000000000002
      vertex 29.35 -0.8 9.310000000000002
    endloop
  endfacet
  facet normal -1 0 0
    outer loop
      vertex 28.9 -0.8 8.510000000000003
      vertex 28.9 -2.4000000000000004 5.910000000000004
      vertex 28.9 -2.4000000000000004 8.510000000000003
    endloop
  endfacet
  facet normal 0 -1 0
    outer loop
      vertex 28.9 -2.4000000000000004 5.910000000000004
      vertex 29.35 -2.4000000000000004 9.310000000000002
      vertex 28.9 -2.4000000000000004 8.510000000000003
    endloop
  endfacet
  facet normal -0.8715755371245477 0 0.4902612396325618
    outer loop
      vertex 28.9 -0.8 8.510000000000003
      vertex 28.9 -2.4000000000000004 8.510000000000003
      vertex 29.35 -2.4000000000000004 9.310000000000002
    endloop
  endfacet
endsolid OpenSCAD_Model
