solid OpenSCAD_Model
  facet normal 0.6593458151000762 1.0763380612823383e-17 0.751839807478971
    outer loop
      vertex 0.05685785648691899 -20.500000000000004 20.499969989563148
      vertex -0.09066017177982144 -20.500000000000004 20.629339828220182
      vertex -0.09066017177982144 -21.300000000000004 20.629339828220182
    endloop
  endfacet
  facet normal 0.5555702330196003 5.5315501281327005e-18 0.8314696123025465
    outer loop
      vertex 0.21999999999999997 -20.500000000000004 20.390961894323343
      vertex 0.05685785648691899 -20.500000000000004 20.499969989563148
      vertex 0.05685785648691899 -21.300000000000004 20.499969989563148
    endloop
  endfacet
  facet normal 0.44228869021899686 -1.276627535807101e-18 0.8968727415326905
    outer loop
      vertex 0.39597485145236533 -20.500000000000004 20.304180701233072
      vertex 0.21999999999999997 -20.500000000000004 20.390961894323343
      vertex 0.21999999999999997 -21.300000000000004 20.390961894323343
    endloop
  endfacet
  facet normal 0.32143946530316664 3.749554244561884e-18 0.9469301294951039
    outer loop
      vertex 0.5817714323462189 -20.500000000000004 20.2411112605664
      vertex 0.39597485145236533 -20.500000000000004 20.304180701233072
      vertex 0.39597485145236533 -21.300000000000004 20.304180701233072
    endloop
  endfacet
  facet normal 0.19509032201612297 -7.5137427935156655e-19 0.9807852804032315
    outer loop
      vertex 0.7742107116699226 -20.500000000000004 20.202832707939287
      vertex 0.5817714323462189 -20.500000000000004 20.2411112605664
      vertex 0.5817714323462189 -21.300000000000004 20.2411112605664
    endloop
  endfacet
  facet normal 0.98078528040323 -1.1281189358779468e-18 0.19509032201613055
    outer loop
      vertex -0.47888873943360255 -20.500000000000004 21.30177143234622
      vertex -0.5171672920607155 -20.500000000000004 21.494210711669922
      vertex -0.5171672920607155 -21.300000000000004 21.494210711669922
    endloop
  endfacet
  facet normal 0.8314696123025457 -2.6565677722650726e-18 0.5555702330196016
    outer loop
      vertex -0.22003001043685289 -20.500000000000004 20.77685785648692
      vertex -0.32903810567665803 -20.500000000000004 20.94
      vertex -0.32903810567665803 -21.300000000000004 20.94
    endloop
  endfacet
  facet normal 0.7518398074789725 -6.247561175865783e-18 0.6593458151000745
    outer loop
      vertex -0.09066017177982144 -20.500000000000004 20.629339828220182
      vertex -0.22003001043685289 -20.500000000000004 20.77685785648692
      vertex -0.22003001043685289 -21.300000000000004 20.77685785648692
    endloop
  endfacet
  facet normal 0.8968727415326863 -2.9530101898947023e-19 0.44228869021900546
    outer loop
      vertex -0.32903810567665803 -20.500000000000004 20.94
      vertex -0.41581929876693 -20.500000000000004 21.115974851452364
      vertex -0.41581929876693 -21.300000000000004 21.115974851452364
    endloop
  endfacet
  facet normal 0.9469301294951072 2.5200385871142936e-18 0.32143946530315676
    outer loop
      vertex -0.41581929876693 -20.500000000000004 21.115974851452364
      vertex -0.47888873943360255 -20.500000000000004 21.30177143234622
      vertex -0.47888873943360255 -21.300000000000004 21.30177143234622
    endloop
  endfacet
  facet normal 0.9978589232386035 4.38257033032367e-19 0.06540312923014291
    outer loop
      vertex -0.5171672920607155 -20.500000000000004 21.494210711669922
      vertex -0.53 -20.500000000000004 21.69
      vertex -0.53 -21.300000000000004 21.69
    endloop
  endfacet
  facet normal 0.06540312923014809 8.71076367437359e-19 0.9978589232386031
    outer loop
      vertex 0.97 -20.500000000000004 20.19
      vertex 0.7742107116699226 -20.500000000000004 20.202832707939287
      vertex 0.7742107116699226 -21.300000000000004 20.202832707939287
    endloop
  endfacet
  facet normal 0 0 1
    outer loop
      vertex 26.529999999999998 -20.500000000000004 20.19
      vertex 0.97 -20.500000000000004 20.19
      vertex 0.97 -21.300000000000004 20.19
    endloop
  endfacet
  facet normal 0.6593458151000762 0 0.751839807478971
    outer loop
      vertex 0.05685785648691899 -20.500000000000004 20.499969989563148
      vertex -0.09066017177982144 -21.300000000000004 20.629339828220182
      vertex 0.05685785648691899 -21.300000000000004 20.499969989563148
    endloop
  endfacet
  facet normal 0.44228869021899686 0 0.8968727415326905
    outer loop
      vertex 0.39597485145236533 -20.500000000000004 20.304180701233072
      vertex 0.21999999999999997 -21.300000000000004 20.390961894323343
      vertex 0.39597485145236533 -21.300000000000004 20.304180701233072
    endloop
  endfacet
  facet normal 0.5555702330196003 0 0.8314696123025465
    outer loop
      vertex 0.21999999999999997 -20.500000000000004 20.390961894323343
      vertex 0.05685785648691899 -21.300000000000004 20.499969989563148
      vertex 0.21999999999999997 -21.300000000000004 20.390961894323343
    endloop
  endfacet
  facet normal 0.19509032201612297 0 0.9807852804032315
    outer loop
      vertex 0.7742107116699226 -20.500000000000004 20.202832707939287
      vertex 0.5817714323462189 -21.300000000000004 20.2411112605664
      vertex 0.7742107116699226 -21.300000000000004 20.202832707939287
    endloop
  endfacet
  facet normal 0.32143946530316664 0 0.9469301294951039
    outer loop
      vertex 0.5817714323462189 -20.500000000000004 20.2411112605664
      vertex 0.39597485145236533 -21.300000000000004 20.304180701233072
      vertex 0.5817714323462189 -21.300000000000004 20.2411112605664
    endloop
  endfacet
  facet normal 0.98078528040323 0 0.19509032201613055
    outer loop
      vertex -0.47888873943360255 -20.500000000000004 21.30177143234622
      vertex -0.5171672920607155 -21.300000000000004 21.494210711669922
      vertex -0.47888873943360255 -21.300000000000004 21.30177143234622
    endloop
  endfacet
  facet normal 0.8968727415326863 0 0.44228869021900546
    outer loop
      vertex -0.32903810567665803 -20.500000000000004 20.94
      vertex -0.41581929876693 -21.300000000000004 21.115974851452364
      vertex -0.32903810567665803 -21.300000000000004 20.94
    endloop
  endfacet
  facet normal 0.7518398074789725 0 0.6593458151000745
    outer loop
      vertex -0.09066017177982144 -20.500000000000004 20.629339828220182
      vertex -0.22003001043685289 -21.300000000000004 20.77685785648692
      vertex -0.09066017177982144 -21.300000000000004 20.629339828220182
    endloop
  endfacet
  facet normal 0.8314696123025457 0 0.5555702330196016
    outer loop
      vertex -0.22003001043685289 -20.500000000000004 20.77685785648692
      vertex -0.32903810567665803 -21.300000000000004 20.94
      vertex -0.22003001043685289 -21.300000000000004 20.77685785648692
    endloop
  endfacet
  facet normal 0.9469301294951072 0 0.32143946530315676
    outer loop
      vertex -0.41581929876693 -20.500000000000004 21.115974851452364
      vertex -0.47888873943360255 -21.300000000000004 21.30177143234622
      vertex -0.41581929876693 -21.300000000000004 21.115974851452364
    endloop
  endfacet
  facet normal 0.9978589232386035 0 0.06540312923014291
    outer loop
      vertex -0.5171672920607155 -20.500000000000004 21.494210711669922
      vertex -0.53 -21.300000000000004 21.69
      vertex -0.5171672920607155 -21.300000000000004 21.494210711669922
    endloop
  endfacet
  facet normal 1 0 0
    outer loop
      vertex -0.53 -21.300000000000004 50.31
      vertex -0.53 -21.300000000000004 21.69
      vertex -0.53 -20.500000000000004 21.69
    endloop
  endfacet
  facet normal 0.06540312923014809 0 0.9978589232386031
    outer loop
      vertex 0.97 -20.500000000000004 20.19
      vertex 0.7742107116699226 -21.300000000000004 20.202832707939287
      vertex 0.97 -21.300000000000004 20.19
    endloop
  endfacet
  facet normal 1 0 0
    outer loop
      vertex -0.53 -20.500000000000004 21.69
      vertex -0.53 -20.500000000000004 50.31
      vertex -0.53 -21.300000000000004 50.31
    endloop
  endfacet
  facet normal 0.9978589232386035 -7.851172686552797e-19 -0.06540312923014409
    outer loop
      vertex -0.53 -20.500000000000004 50.31
      vertex -0.5171672920607155 -20.500000000000004 50.50578928833008
      vertex -0.5171672920607155 -21.300000000000004 50.50578928833008
    endloop
  endfacet
  facet normal 0.9807852804032313 -1.2042789083958118e-18 -0.19509032201612364
    outer loop
      vertex -0.5171672920607155 -20.500000000000004 50.50578928833008
      vertex -0.47888873943360255 -20.500000000000004 50.698228567653786
      vertex -0.47888873943360255 -21.300000000000004 50.698228567653786
    endloop
  endfacet
  facet normal 0.9469301294951035 4.857610044127685e-18 -0.32143946530316775
    outer loop
      vertex -0.47888873943360255 -20.500000000000004 50.698228567653786
      vertex -0.41581929876693 -20.500000000000004 50.884025148547636
      vertex -0.41581929876693 -21.300000000000004 50.884025148547636
    endloop
  endfacet
  facet normal 0.8968727415326897 -2.711989910048672e-18 -0.44228869021899825
    outer loop
      vertex -0.41581929876693 -20.500000000000004 50.884025148547636
      vertex -0.32903810567665803 -20.500000000000004 51.06
      vertex -0.32903810567665803 -21.300000000000004 51.06
    endloop
  endfacet
  facet normal 0.8314696123025401 1.0960882207119701e-17 -0.5555702330196101
    outer loop
      vertex -0.32903810567665803 -20.500000000000004 51.06
      vertex -0.22003001043685289 -20.500000000000004 51.22314214351308
      vertex -0.22003001043685289 -21.300000000000004 51.22314214351308
    endloop
  endfacet
  facet normal 0.7518398074789883 5.129804861590146e-18 -0.6593458151000565
    outer loop
      vertex -0.22003001043685289 -20.500000000000004 51.22314214351308
      vertex -0.09066017177982144 -20.500000000000004 51.370660171779825
      vertex -0.09066017177982144 -21.300000000000004 51.370660171779825
    endloop
  endfacet
  facet normal 0.6593458151000557 8.75526151328415e-18 -0.7518398074789888
    outer loop
      vertex -0.09066017177982144 -20.500000000000004 51.370660171779825
      vertex 0.05685785648691899 -20.500000000000004 51.50003001043685
      vertex 0.05685785648691899 -21.300000000000004 51.50003001043685
    endloop
  endfacet
  facet normal 0.555570233019613 -4.259415077319596e-18 -0.8314696123025382
    outer loop
      vertex 0.05685785648691899 -20.500000000000004 51.50003001043685
      vertex 0.21999999999999997 -20.500000000000004 51.60903810567666
      vertex 0.21999999999999997 -21.300000000000004 51.60903810567666
    endloop
  endfacet
  facet normal 0.44228869021901146 -5.3929880228947574e-18 -0.8968727415326833
    outer loop
      vertex 0.21999999999999997 -20.500000000000004 51.60903810567666
      vertex 0.39597485145236533 -20.500000000000004 51.695819298766935
      vertex 0.39597485145236533 -21.300000000000004 51.695819298766935
    endloop
  endfacet
  facet normal 0.32143946530316664 -3.749554244561884e-18 -0.9469301294951039
    outer loop
      vertex 0.39597485145236533 -20.500000000000004 51.695819298766935
      vertex 0.5817714323462189 -20.500000000000004 51.75888873943361
      vertex 0.5817714323462189 -21.300000000000004 51.75888873943361
    endloop
  endfacet
  facet normal 0.19509032201612297 7.5137427935156655e-19 -0.9807852804032315
    outer loop
      vertex 0.5817714323462189 -20.500000000000004 51.75888873943361
      vertex 0.7742107116699226 -20.500000000000004 51.79716729206072
      vertex 0.7742107116699226 -21.300000000000004 51.79716729206072
    endloop
  endfacet
  facet normal 0.06540312923013006 -6.109521303968835e-19 -0.9978589232386044
    outer loop
      vertex 0.7742107116699226 -20.500000000000004 51.79716729206072
      vertex 0.97 -20.500000000000004 51.81
      vertex 0.97 -21.300000000000004 51.81
    endloop
  endfacet
  facet normal 0.9978589232386035 0 -0.06540312923014409
    outer loop
      vertex -0.53 -20.500000000000004 50.31
      vertex -0.5171672920607155 -21.300000000000004 50.50578928833008
      vertex -0.53 -21.300000000000004 50.31
    endloop
  endfacet
  facet normal 0.9807852804032313 0 -0.19509032201612364
    outer loop
      vertex -0.5171672920607155 -20.500000000000004 50.50578928833008
      vertex -0.47888873943360255 -21.300000000000004 50.698228567653786
      vertex -0.5171672920607155 -21.300000000000004 50.50578928833008
    endloop
  endfacet
  facet normal 0.9469301294951035 0 -0.32143946530316775
    outer loop
      vertex -0.47888873943360255 -20.500000000000004 50.698228567653786
      vertex -0.41581929876693 -21.300000000000004 50.884025148547636
      vertex -0.47888873943360255 -21.300000000000004 50.698228567653786
    endloop
  endfacet
  facet normal 0.8968727415326897 0 -0.44228869021899825
    outer loop
      vertex -0.41581929876693 -20.500000000000004 50.884025148547636
      vertex -0.32903810567665803 -21.300000000000004 51.06
      vertex -0.41581929876693 -21.300000000000004 50.884025148547636
    endloop
  endfacet
  facet normal 0.8314696123025401 0 -0.5555702330196101
    outer loop
      vertex -0.32903810567665803 -20.500000000000004 51.06
      vertex -0.22003001043685289 -21.300000000000004 51.22314214351308
      vertex -0.32903810567665803 -21.300000000000004 51.06
    endloop
  endfacet
  facet normal 0.7518398074789883 0 -0.6593458151000565
    outer loop
      vertex -0.22003001043685289 -20.500000000000004 51.22314214351308
      vertex -0.09066017177982144 -21.300000000000004 51.370660171779825
      vertex -0.22003001043685289 -21.300000000000004 51.22314214351308
    endloop
  endfacet
  facet normal 0.6593458151000557 0 -0.7518398074789888
    outer loop
      vertex -0.09066017177982144 -20.500000000000004 51.370660171779825
      vertex 0.05685785648691899 -21.300000000000004 51.50003001043685
      vertex -0.09066017177982144 -21.300000000000004 51.370660171779825
    endloop
  endfacet
  facet normal 0.555570233019613 0 -0.8314696123025382
    outer loop
      vertex 0.05685785648691899 -20.500000000000004 51.50003001043685
      vertex 0.21999999999999997 -21.300000000000004 51.60903810567666
      vertex 0.05685785648691899 -21.300000000000004 51.50003001043685
    endloop
  endfacet
  facet normal 0.44228869021901146 0 -0.8968727415326833
    outer loop
      vertex 0.21999999999999997 -20.500000000000004 51.60903810567666
      vertex 0.39597485145236533 -21.300000000000004 51.695819298766935
      vertex 0.21999999999999997 -21.300000000000004 51.60903810567666
    endloop
  endfacet
  facet normal 0.32143946530316664 0 -0.9469301294951039
    outer loop
      vertex 0.39597485145236533 -20.500000000000004 51.695819298766935
      vertex 0.5817714323462189 -21.300000000000004 51.75888873943361
      vertex 0.39597485145236533 -21.300000000000004 51.695819298766935
    endloop
  endfacet
  facet normal 0.19509032201612297 0 -0.9807852804032315
    outer loop
      vertex 0.5817714323462189 -20.500000000000004 51.75888873943361
      vertex 0.7742107116699226 -21.300000000000004 51.79716729206072
      vertex 0.5817714323462189 -21.300000000000004 51.75888873943361
    endloop
  endfacet
  facet normal 0.06540312923013006 0 -0.9978589232386044
    outer loop
      vertex 0.7742107116699226 -20.500000000000004 51.79716729206072
      vertex 0.97 -21.300000000000004 51.81
      vertex 0.7742107116699226 -21.300000000000004 51.79716729206072
    endloop
  endfacet
  facet normal 0 0 -1
    outer loop
      vertex 0.97 -21.300000000000004 51.81
      vertex 0.97 -20.500000000000004 51.81
      vertex 26.529999999999998 -21.300000000000004 51.81
    endloop
  endfacet
  facet normal -0.06540312923014859 -8.501483279241938e-19 0.997858923238603
    outer loop
      vertex 26.725789288330073 -20.500000000000004 20.202832707939287
      vertex 26.529999999999998 -20.500000000000004 20.19
      vertex 26.529999999999998 -21.300000000000004 20.19
    endloop
  endfacet
  facet normal -0.19509032201612275 -3.575895089251627e-19 0.9807852804032315
    outer loop
      vertex 26.918228567653777 -20.500000000000004 20.2411112605664
      vertex 26.725789288330073 -20.500000000000004 20.202832707939287
      vertex 26.725789288330073 -21.300000000000004 20.202832707939287
    endloop
  endfacet
  facet normal -0.3214394653031663 -2.9440294086450205e-18 0.9469301294951041
    outer loop
      vertex 27.10402514854763 -20.500000000000004 20.304180701233072
      vertex 26.918228567653777 -20.500000000000004 20.2411112605664
      vertex 26.918228567653777 -21.300000000000004 20.2411112605664
    endloop
  endfacet
  facet normal -0.4422886902189947 -3.8074563020912644e-18 0.8968727415326917
    outer loop
      vertex 27.279999999999998 -20.500000000000004 20.390961894323343
      vertex 27.10402514854763 -20.500000000000004 20.304180701233072
      vertex 27.10402514854763 -21.300000000000004 20.304180701233072
    endloop
  endfacet
  facet normal -0.5555702330196001 5.26042117262491e-18 0.8314696123025467
    outer loop
      vertex 27.44314214351308 -20.500000000000004 20.499969989563148
      vertex 27.279999999999998 -20.500000000000004 20.390961894323343
      vertex 27.279999999999998 -21.300000000000004 20.390961894323343
    endloop
  endfacet
  facet normal -0.6593458151000732 1.1320625031701627e-18 0.7518398074789736
    outer loop
      vertex 27.59066017177982 -20.500000000000004 20.629339828220182
      vertex 27.44314214351308 -20.500000000000004 20.499969989563148
      vertex 27.44314214351308 -21.300000000000004 20.499969989563148
    endloop
  endfacet
  facet normal -0.7518398074789746 -1.0652700530340214e-17 0.6593458151000718
    outer loop
      vertex 27.72003001043685 -20.500000000000004 20.77685785648692
      vertex 27.59066017177982 -20.500000000000004 20.629339828220182
      vertex 27.59066017177982 -21.300000000000004 20.629339828220182
    endloop
  endfacet
  facet normal -0.8314696123025467 5.26042117262491e-18 0.5555702330196001
    outer loop
      vertex 27.829038105676656 -20.500000000000004 20.94
      vertex 27.72003001043685 -20.500000000000004 20.77685785648692
      vertex 27.72003001043685 -21.300000000000004 20.77685785648692
    endloop
  endfacet
  facet normal -0.896872741532688 -8.001653730330306e-19 0.4422886902190018
    outer loop
      vertex 27.915819298766927 -20.500000000000004 21.115974851452364
      vertex 27.829038105676656 -20.500000000000004 20.94
      vertex 27.829038105676656 -21.300000000000004 20.94
    endloop
  endfacet
  facet normal -0.9469301294951059 -1.1071131608223222e-18 0.3214394653031608
    outer loop
      vertex 27.9788887394336 -20.500000000000004 21.30177143234622
      vertex 27.915819298766927 -20.500000000000004 21.115974851452364
      vertex 27.915819298766927 -21.300000000000004 21.115974851452364
    endloop
  endfacet
  facet normal -0.9807852804032309 8.086094132318352e-19 0.19509032201612622
    outer loop
      vertex 28.017167292060712 -20.500000000000004 21.494210711669922
      vertex 27.9788887394336 -20.500000000000004 21.30177143234622
      vertex 27.9788887394336 -21.300000000000004 21.30177143234622
    endloop
  endfacet
  facet normal -0.9978589232386033 -5.032880922811777e-19 0.06540312923014742
    outer loop
      vertex 28.029999999999998 -20.500000000000004 21.69
      vertex 28.017167292060712 -20.500000000000004 21.494210711669922
      vertex 28.017167292060712 -21.300000000000004 21.494210711669922
    endloop
  endfacet
  facet normal -1 0 0
    outer loop
      vertex 28.029999999999998 -20.500000000000004 50.31
      vertex 28.029999999999998 -20.500000000000004 21.69
      vertex 28.029999999999998 -21.300000000000004 21.69
    endloop
  endfacet
  facet normal 0 0 1
    outer loop
      vertex 26.529999999999998 -20.500000000000004 20.19
      vertex 0.97 -21.300000000000004 20.19
      vertex 26.529999999999998 -21.300000000000004 20.19
    endloop
  endfacet
  facet normal -0.06540312923014859 0 0.997858923238603
    outer loop
      vertex 26.725789288330073 -20.500000000000004 20.202832707939287
      vertex 26.529999999999998 -21.300000000000004 20.19
      vertex 26.725789288330073 -21.300000000000004 20.202832707939287
    endloop
  endfacet
  facet normal -0.19509032201612275 0 0.9807852804032315
    outer loop
      vertex 26.918228567653777 -20.500000000000004 20.2411112605664
      vertex 26.725789288330073 -21.300000000000004 20.202832707939287
      vertex 26.918228567653777 -21.300000000000004 20.2411112605664
    endloop
  endfacet
  facet normal -0.3214394653031663 0 0.9469301294951041
    outer loop
      vertex 27.10402514854763 -20.500000000000004 20.304180701233072
      vertex 26.918228567653777 -21.300000000000004 20.2411112605664
      vertex 27.10402514854763 -21.300000000000004 20.304180701233072
    endloop
  endfacet
  facet normal -0.4422886902189947 0 0.8968727415326917
    outer loop
      vertex 27.279999999999998 -20.500000000000004 20.390961894323343
      vertex 27.10402514854763 -21.300000000000004 20.304180701233072
      vertex 27.279999999999998 -21.300000000000004 20.390961894323343
    endloop
  endfacet
  facet normal -0.5555702330196001 0 0.8314696123025467
    outer loop
      vertex 27.44314214351308 -20.500000000000004 20.499969989563148
      vertex 27.279999999999998 -21.300000000000004 20.390961894323343
      vertex 27.44314214351308 -21.300000000000004 20.499969989563148
    endloop
  endfacet
  facet normal -0.6593458151000732 0 0.7518398074789736
    outer loop
      vertex 27.59066017177982 -20.500000000000004 20.629339828220182
      vertex 27.44314214351308 -21.300000000000004 20.499969989563148
      vertex 27.59066017177982 -21.300000000000004 20.629339828220182
    endloop
  endfacet
  facet normal -0.7518398074789746 0 0.6593458151000718
    outer loop
      vertex 27.72003001043685 -20.500000000000004 20.77685785648692
      vertex 27.59066017177982 -21.300000000000004 20.629339828220182
      vertex 27.72003001043685 -21.300000000000004 20.77685785648692
    endloop
  endfacet
  facet normal -0.8314696123025467 0 0.5555702330196001
    outer loop
      vertex 27.829038105676656 -20.500000000000004 20.94
      vertex 27.72003001043685 -21.300000000000004 20.77685785648692
      vertex 27.829038105676656 -21.300000000000004 20.94
    endloop
  endfacet
  facet normal -0.896872741532688 0 0.4422886902190018
    outer loop
      vertex 27.915819298766927 -20.500000000000004 21.115974851452364
      vertex 27.829038105676656 -21.300000000000004 20.94
      vertex 27.915819298766927 -21.300000000000004 21.115974851452364
    endloop
  endfacet
  facet normal -0.9469301294951059 0 0.3214394653031608
    outer loop
      vertex 27.9788887394336 -20.500000000000004 21.30177143234622
      vertex 27.915819298766927 -21.300000000000004 21.115974851452364
      vertex 27.9788887394336 -21.300000000000004 21.30177143234622
    endloop
  endfacet
  facet normal -0.9807852804032309 0 0.19509032201612622
    outer loop
      vertex 28.017167292060712 -20.500000000000004 21.494210711669922
      vertex 27.9788887394336 -21.300000000000004 21.30177143234622
      vertex 28.017167292060712 -21.300000000000004 21.494210711669922
    endloop
  endfacet
  facet normal -0.9978589232386033 0 0.06540312923014742
    outer loop
      vertex 28.029999999999998 -20.500000000000004 21.69
      vertex 28.017167292060712 -21.300000000000004 21.494210711669922
      vertex 28.029999999999998 -21.300000000000004 21.69
    endloop
  endfacet
  facet normal 0 0 -1
    outer loop
      vertex 0.97 -20.500000000000004 51.81
      vertex 26.529999999999998 -20.500000000000004 51.81
      vertex 26.529999999999998 -21.300000000000004 51.81
    endloop
  endfacet
  facet normal -0.06540312923013057 5.900240908485369e-19 -0.9978589232386044
    outer loop
      vertex 26.529999999999998 -20.500000000000004 51.81
      vertex 26.725789288330073 -20.500000000000004 51.79716729206072
      vertex 26.725789288330073 -21.300000000000004 51.79716729206072
    endloop
  endfacet
  facet normal -0.6593458151000526 1.4522576244718388e-18 -0.7518398074789916
    outer loop
      vertex 27.44314214351308 -20.500000000000004 51.50003001043685
      vertex 27.59066017177982 -20.500000000000004 51.370660171779825
      vertex 27.59066017177982 -21.300000000000004 51.370660171779825
    endloop
  endfacet
  facet normal -0.997858923238603 8.501483279241938e-19 -0.06540312923014859
    outer loop
      vertex 28.017167292060712 -20.500000000000004 50.50578928833008
      vertex 28.029999999999998 -20.500000000000004 50.31
      vertex 28.029999999999998 -21.300000000000004 50.31
    endloop
  endfacet
  facet normal -0.9807852804032322 1.5237884310821194e-18 -0.1950903220161193
    outer loop
      vertex 27.9788887394336 -20.500000000000004 50.698228567653786
      vertex 28.017167292060712 -20.500000000000004 50.50578928833008
      vertex 28.017167292060712 -21.300000000000004 50.50578928833008
    endloop
  endfacet
  facet normal -0.9469301294951021 4.780945656467782e-18 -0.3214394653031718
    outer loop
      vertex 27.915819298766927 -20.500000000000004 50.884025148547636
      vertex 27.9788887394336 -20.500000000000004 50.698228567653786
      vertex 27.9788887394336 -21.300000000000004 50.698228567653786
    endloop
  endfacet
  facet normal -0.8968727415326917 3.8074563020912644e-18 -0.4422886902189947
    outer loop
      vertex 27.829038105676656 -20.500000000000004 51.06
      vertex 27.915819298766927 -20.500000000000004 50.884025148547636
      vertex 27.915819298766927 -21.300000000000004 50.884025148547636
    endloop
  endfacet
  facet normal -0.7518398074789906 -1.0332505409038285e-17 -0.659345815100054
    outer loop
      vertex 27.59066017177982 -20.500000000000004 51.370660171779825
      vertex 27.72003001043685 -20.500000000000004 51.22314214351308
      vertex 27.72003001043685 -21.300000000000004 51.22314214351308
    endloop
  endfacet
  facet normal -0.8314696123025411 8.538226646204946e-18 -0.5555702330196085
    outer loop
      vertex 27.72003001043685 -20.500000000000004 51.22314214351308
      vertex 27.829038105676656 -20.500000000000004 51.06
      vertex 27.829038105676656 -21.300000000000004 51.06
    endloop
  endfacet
  facet normal -0.19509032201612275 3.575895089251627e-19 -0.9807852804032315
    outer loop
      vertex 26.725789288330073 -20.500000000000004 51.79716729206072
      vertex 26.918228567653777 -20.500000000000004 51.75888873943361
      vertex 26.918228567653777 -21.300000000000004 51.75888873943361
    endloop
  endfacet
  facet normal -0.3214394653031663 2.9440294086450205e-18 -0.9469301294951041
    outer loop
      vertex 26.918228567653777 -20.500000000000004 51.75888873943361
      vertex 27.10402514854763 -20.500000000000004 51.695819298766935
      vertex 27.10402514854763 -21.300000000000004 51.695819298766935
    endloop
  endfacet
  facet normal -0.44228869021900924 -5.744092660790763e-19 -0.8968727415326844
    outer loop
      vertex 27.10402514854763 -20.500000000000004 51.695819298766935
      vertex 27.279999999999998 -20.500000000000004 51.60903810567666
      vertex 27.279999999999998 -21.300000000000004 51.60903810567666
    endloop
  endfacet
  facet normal -0.5555702330196126 -6.532556223440419e-18 -0.8314696123025384
    outer loop
      vertex 27.279999999999998 -20.500000000000004 51.60903810567666
      vertex 27.44314214351308 -20.500000000000004 51.50003001043685
      vertex 27.44314214351308 -21.300000000000004 51.50003001043685
    endloop
  endfacet
  facet normal -0.06540312923013057 0 -0.9978589232386044
    outer loop
      vertex 26.529999999999998 -20.500000000000004 51.81
      vertex 26.725789288330073 -21.300000000000004 51.79716729206072
      vertex 26.529999999999998 -21.300000000000004 51.81
    endloop
  endfacet
  facet normal -1 0 0
    outer loop
      vertex 28.029999999999998 -20.500000000000004 50.31
      vertex 28.029999999999998 -21.300000000000004 21.69
      vertex 28.029999999999998 -21.300000000000004 50.31
    endloop
  endfacet
  facet normal -0.6593458151000526 0 -0.7518398074789916
    outer loop
      vertex 27.44314214351308 -20.500000000000004 51.50003001043685
      vertex 27.59066017177982 -21.300000000000004 51.370660171779825
      vertex 27.44314214351308 -21.300000000000004 51.50003001043685
    endloop
  endfacet
  facet normal -0.997858923238603 0 -0.06540312923014859
    outer loop
      vertex 28.017167292060712 -20.500000000000004 50.50578928833008
      vertex 28.029999999999998 -21.300000000000004 50.31
      vertex 28.017167292060712 -21.300000000000004 50.50578928833008
    endloop
  endfacet
  facet normal -0.9807852804032322 0 -0.1950903220161193
    outer loop
      vertex 27.9788887394336 -20.500000000000004 50.698228567653786
      vertex 28.017167292060712 -21.300000000000004 50.50578928833008
      vertex 27.9788887394336 -21.300000000000004 50.698228567653786
    endloop
  endfacet
  facet normal -0.9469301294951021 0 -0.3214394653031718
    outer loop
      vertex 27.915819298766927 -20.500000000000004 50.884025148547636
      vertex 27.9788887394336 -21.300000000000004 50.698228567653786
      vertex 27.915819298766927 -21.300000000000004 50.884025148547636
    endloop
  endfacet
  facet normal -0.8968727415326917 0 -0.4422886902189947
    outer loop
      vertex 27.829038105676656 -20.500000000000004 51.06
      vertex 27.915819298766927 -21.300000000000004 50.884025148547636
      vertex 27.829038105676656 -21.300000000000004 51.06
    endloop
  endfacet
  facet normal -0.8314696123025411 0 -0.5555702330196085
    outer loop
      vertex 27.72003001043685 -20.500000000000004 51.22314214351308
      vertex 27.829038105676656 -21.300000000000004 51.06
      vertex 27.72003001043685 -21.300000000000004 51.22314214351308
    endloop
  endfacet
  facet normal -0.7518398074789906 0 -0.659345815100054
    outer loop
      vertex 27.59066017177982 -20.500000000000004 51.370660171779825
      vertex 27.72003001043685 -21.300000000000004 51.22314214351308
      vertex 27.59066017177982 -21.300000000000004 51.370660171779825
    endloop
  endfacet
  facet normal -0.19509032201612275 0 -0.9807852804032315
    outer loop
      vertex 26.725789288330073 -20.500000000000004 51.79716729206072
      vertex 26.918228567653777 -21.300000000000004 51.75888873943361
      vertex 26.725789288330073 -21.300000000000004 51.79716729206072
    endloop
  endfacet
  facet normal -0.3214394653031663 0 -0.9469301294951041
    outer loop
      vertex 26.918228567653777 -20.500000000000004 51.75888873943361
      vertex 27.10402514854763 -21.300000000000004 51.695819298766935
      vertex 26.918228567653777 -21.300000000000004 51.75888873943361
    endloop
  endfacet
  facet normal -0.44228869021900924 0 -0.8968727415326844
    outer loop
      vertex 27.10402514854763 -20.500000000000004 51.695819298766935
      vertex 27.279999999999998 -21.300000000000004 51.60903810567666
      vertex 27.10402514854763 -21.300000000000004 51.695819298766935
    endloop
  endfacet
  facet normal -0.5555702330196126 0 -0.8314696123025384
    outer loop
      vertex 27.279999999999998 -20.500000000000004 51.60903810567666
      vertex 27.44314214351308 -21.300000000000004 51.50003001043685
      vertex 27.279999999999998 -21.300000000000004 51.60903810567666
    endloop
  endfacet
  facet normal 0 1 0
    outer loop
      vertex -8.055434763431549 -20.500000000000004 17.839385092258453
      vertex 7.568132646381855 -20.500000000000004 15.008610464632511
      vertex -7.284441851079464 -20.500000000000004 16.717583440244198
    endloop
  endfacet
  facet normal 0 1 0
    outer loop
      vertex -8.055434763431549 -20.500000000000004 17.839385092258453
      vertex -8.766660496592522 -20.500000000000004 19
      vertex 7.568132646381855 -20.500000000000004 15.008610464632511
    endloop
  endfacet
  facet normal 0 1 0
    outer loop
      vertex -9.416169628500938 -20.500000000000004 20.19624700397253
      vertex 7.568132646381855 -20.500000000000004 15.008610464632511
      vertex -8.766660496592522 -20.500000000000004 19
    endloop
  endfacet
  facet normal 0 1 0
    outer loop
      vertex -9.416169628500938 -20.500000000000004 20.19624700397253
      vertex -10.002181895077229 -20.500000000000004 21.424847282469273
      vertex 7.568132646381855 -20.500000000000004 15.008610464632511
    endloop
  endfacet
  facet normal 0 1 0
    outer loop
      vertex -4.634776309132576 -20.500000000000004 13.615223690867424
      vertex -5.571765460073948 -20.500000000000004 14.602604232728481
      vertex 7.568132646381855 -20.500000000000004 15.008610464632511
    endloop
  endfacet
  facet normal 0 1 0
    outer loop
      vertex -6.455794997513294 -20.500000000000004 15.637669831514359
      vertex 7.568132646381855 -20.500000000000004 15.008610464632511
      vertex -5.571765460073948 -20.500000000000004 14.602604232728481
    endloop
  endfacet
  facet normal 0 1 0
    outer loop
      vertex -4.634776309132576 -20.500000000000004 13.615223690867424
      vertex 7.568132646381855 -20.500000000000004 15.008610464632511
      vertex -3.6473957672715187 -20.500000000000004 12.678234539926052
    endloop
  endfacet
  facet normal 0 1 0
    outer loop
      vertex -2.6123301684856415 -20.500000000000004 11.794205002486706
      vertex -3.6473957672715187 -20.500000000000004 12.678234539926052
      vertex 7.568132646381855 -20.500000000000004 15.008610464632511
    endloop
  endfacet
  facet normal 0 1 0
    outer loop
      vertex -6.455794997513294 -20.500000000000004 15.637669831514359
      vertex -7.284441851079464 -20.500000000000004 16.717583440244198
      vertex 7.568132646381855 -20.500000000000004 15.008610464632511
    endloop
  endfacet
  facet normal -0.7604059651179962 0 -0.649448048894574
    outer loop
      vertex -6.455794997513294 -20.500000000000004 15.637669831514359
      vertex -5.571765460073948 -20.500000000000004 14.602604232728481
      vertex -6.455794997513294 -21.300000000000004 15.637669831514359
    endloop
  endfacet
  facet normal -0.8526401633820508 0 -0.5224985663021762
    outer loop
      vertex -8.055434763431549 -20.500000000000004 17.839385092258453
      vertex -8.766660496592522 -21.300000000000004 19
      vertex -8.766660496592522 -20.500000000000004 19
    endloop
  endfacet
  facet normal -0.8241261894468007 0 -0.5664062357247631
    outer loop
      vertex -8.055434763431549 -20.500000000000004 17.839385092258453
      vertex -7.284441851079464 -20.500000000000004 16.717583440244198
      vertex -8.055434763431549 -21.300000000000004 17.839385092258453
    endloop
  endfacet
  facet normal -0.7933533413904209 0 -0.608761427576234
    outer loop
      vertex -6.455794997513294 -20.500000000000004 15.637669831514359
      vertex -7.284441851079464 -21.300000000000004 16.717583440244198
      vertex -7.284441851079464 -20.500000000000004 16.717583440244198
    endloop
  endfacet
  facet normal -0.649448048894574 0 -0.7604059651179962
    outer loop
      vertex -2.6123301684856415 -20.500000000000004 11.794205002486706
      vertex -3.6473957672715187 -21.300000000000004 12.678234539926052
      vertex -3.6473957672715187 -20.500000000000004 12.678234539926052
    endloop
  endfacet
  facet normal -0.5664062357247631 0 -0.8241261894468007
    outer loop
      vertex -1.5324165597558022 -20.500000000000004 10.965558148920536
      vertex -0.41061490774154663 -20.500000000000004 10.194565236568451
      vertex -1.5324165597558022 -21.300000000000004 10.965558148920536
    endloop
  endfacet
  facet normal -0.608761427576234 0 -0.7933533413904209
    outer loop
      vertex -2.6123301684856415 -20.500000000000004 11.794205002486706
      vertex -1.5324165597558022 -20.500000000000004 10.965558148920536
      vertex -2.6123301684856415 -21.300000000000004 11.794205002486706
    endloop
  endfacet
  facet normal -0.5224985663021762 0 -0.8526401633820508
    outer loop
      vertex -0.41061490774154663 -20.500000000000004 10.194565236568451
      vertex 0.75 -20.500000000000004 9.483339503407478
      vertex -0.41061490774154663 -21.300000000000004 10.194565236568451
    endloop
  endfacet
  facet normal -0.6883545767959884 0 -0.7253743699663061
    outer loop
      vertex -4.634776309132576 -20.500000000000004 13.615223690867424
      vertex -3.6473957672715187 -20.500000000000004 12.678234539926052
      vertex -4.634776309132576 -21.300000000000004 13.615223690867424
    endloop
  endfacet
  facet normal -0.7253743699663061 5.097625059860681e-17 -0.6883545767959884
    outer loop
      vertex -4.634776309132576 -20.500000000000004 13.615223690867424
      vertex -5.571765460073948 -21.300000000000004 14.602604232728481
      vertex -5.571765460073948 -20.500000000000004 14.602604232728481
    endloop
  endfacet
  facet normal 0 1 0
    outer loop
      vertex -10.97746942192316 -20.500000000000004 23.965558148920536
      vertex -11.364071480929852 -20.500000000000004 25.270704828202724
      vertex -0.53 -20.500000000000004 21.69
    endloop
  endfacet
  facet normal 0 1 0
    outer loop
      vertex -11.364071480929852 -20.500000000000004 25.270704828202724
      vertex -11.681837618350983 -20.500000000000004 26.594296038150787
      vertex -0.53 -20.500000000000004 21.69
    endloop
  endfacet
  facet normal 0 1 0
    outer loop
      vertex -11.681837618350983 -20.500000000000004 26.594296038150787
      vertex -11.929896853864193 -20.500000000000004 27.932703912258148
      vertex -0.53 -20.500000000000004 21.69
    endloop
  endfacet
  facet normal 0 1 0
    outer loop
      vertex -10.97746942192316 -20.500000000000004 23.965558148920536
      vertex -0.53 -20.500000000000004 21.69
      vertex -10.523091085255146 -20.500000000000004 22.68243331462145
    endloop
  endfacet
  facet normal 0 1 0
    outer loop
      vertex -11.929896853864193 -20.500000000000004 27.932703912258148
      vertex -12.10756927728653 -20.500000000000004 29.282259956002235
      vertex -0.53 -20.500000000000004 21.69
    endloop
  endfacet
  facet normal 0 1 0
    outer loop
      vertex -12.10756927728653 -20.500000000000004 29.282259956002235
      vertex -12.214367903769016 -20.500000000000004 30.63926513493061
      vertex -0.53 -20.500000000000004 21.69
    endloop
  endfacet
  facet normal 0 1 0
    outer loop
      vertex -12.214367903769016 -20.500000000000004 30.63926513493061
      vertex -12.25 -20.500000000000004 32
      vertex -0.53 -20.500000000000004 21.69
    endloop
  endfacet
  facet normal 0 1 0
    outer loop
      vertex -12.25 -20.500000000000004 32
      vertex -12.214367903769016 -20.500000000000004 33.36073486506939
      vertex -0.53 -20.500000000000004 21.69
    endloop
  endfacet
  facet normal 0 1 0
    outer loop
      vertex -12.214367903769016 -20.500000000000004 33.36073486506939
      vertex -12.10756927728653 -20.500000000000004 34.717740043997765
      vertex -0.53 -20.500000000000004 21.69
    endloop
  endfacet
  facet normal 0 1 0
    outer loop
      vertex -12.10756927728653 -20.500000000000004 34.717740043997765
      vertex -11.929896853864193 -20.500000000000004 36.06729608774185
      vertex -0.53 -20.500000000000004 21.69
    endloop
  endfacet
  facet normal 0 1 0
    outer loop
      vertex -11.929896853864193 -20.500000000000004 36.06729608774185
      vertex -11.681837618350983 -20.500000000000004 37.40570396184921
      vertex -0.53 -20.500000000000004 21.69
    endloop
  endfacet
  facet normal 0 1 0
    outer loop
      vertex -10.002181895077229 -20.500000000000004 21.424847282469273
      vertex -10.523091085255146 -20.500000000000004 22.68243331462145
      vertex 7.568132646381855 -20.500000000000004 15.008610464632511
    endloop
  endfacet
  facet normal 0 1 0
    outer loop
      vertex -10.523091085255146 -20.500000000000004 22.68243331462145
      vertex -0.09066017177982144 -20.500000000000004 20.629339828220182
      vertex 0.05685785648691899 -20.500000000000004 20.499969989563148
    endloop
  endfacet
  facet normal 0 1 0
    outer loop
      vertex -10.523091085255146 -20.500000000000004 22.68243331462145
      vertex -0.22003001043685289 -20.500000000000004 20.77685785648692
      vertex -0.09066017177982144 -20.500000000000004 20.629339828220182
    endloop
  endfacet
  facet normal 0 1 0
    outer loop
      vertex -10.523091085255146 -20.500000000000004 22.68243331462145
      vertex -0.41581929876693 -20.500000000000004 21.115974851452364
      vertex -0.32903810567665803 -20.500000000000004 20.94
    endloop
  endfacet
  facet normal 0 1 0
    outer loop
      vertex -10.523091085255146 -20.500000000000004 22.68243331462145
      vertex -0.5171672920607155 -20.500000000000004 21.494210711669922
      vertex -0.47888873943360255 -20.500000000000004 21.30177143234622
    endloop
  endfacet
  facet normal 0 1 0
    outer loop
      vertex -10.523091085255146 -20.500000000000004 22.68243331462145
      vertex -0.47888873943360255 -20.500000000000004 21.30177143234622
      vertex -0.41581929876693 -20.500000000000004 21.115974851452364
    endloop
  endfacet
  facet normal 0 1 0
    outer loop
      vertex -10.523091085255146 -20.500000000000004 22.68243331462145
      vertex -0.53 -20.500000000000004 21.69
      vertex -0.5171672920607155 -20.500000000000004 21.494210711669922
    endloop
  endfacet
  facet normal 0 1 0
    outer loop
      vertex -10.523091085255146 -20.500000000000004 22.68243331462145
      vertex -0.32903810567665803 -20.500000000000004 20.94
      vertex -0.22003001043685289 -20.500000000000004 20.77685785648692
    endloop
  endfacet
  facet normal 0 1 0
    outer loop
      vertex -10.523091085255146 -20.500000000000004 22.68243331462145
      vertex 0.05685785648691899 -20.500000000000004 20.499969989563148
      vertex 7.568132646381855 -20.500000000000004 15.008610464632511
    endloop
  endfacet
  facet normal -0.8788171117605348 0 -0.4771587619198371
    outer loop
      vertex -9.416169628500938 -20.500000000000004 20.19624700397253
      vertex -8.766660496592522 -20.500000000000004 19
      vertex -9.416169628500938 -21.300000000000004 20.19624700397253
    endloop
  endfacet
  facet normal -0.9025852859863648 0 -0.43051109337729265
    outer loop
      vertex -9.416169628500938 -20.500000000000004 20.19624700397253
      vertex -10.002181895077229 -21.300000000000004 21.424847282469273
      vertex -10.002181895077229 -20.500000000000004 21.424847282469273
    endloop
  endfacet
  facet normal -0.9426414906374027 0 -0.3338068605180183
    outer loop
      vertex -10.97746942192316 -20.500000000000004 23.965558148920536
      vertex -10.523091085255146 -20.500000000000004 22.68243331462145
      vertex -10.97746942192316 -21.300000000000004 23.965558148920536
    endloop
  endfacet
  facet normal -0.9588197349285384 0 -0.28401534450019994
    outer loop
      vertex -10.97746942192316 -20.500000000000004 23.965558148920536
      vertex -11.364071480929852 -21.300000000000004 25.270704828202724
      vertex -11.364071480929852 -20.500000000000004 25.270704828202724
    endloop
  endfacet
  facet normal -0.9238795325607616 0 -0.382683432245647
    outer loop
      vertex -10.002181895077229 -20.500000000000004 21.424847282469273
      vertex -10.523091085255146 -21.300000000000004 22.68243331462145
      vertex -10.523091085255146 -20.500000000000004 22.68243331462145
    endloop
  endfacet
  facet normal -0.97236992002956 0 -0.23344536538922164
    outer loop
      vertex -11.364071480929852 -20.500000000000004 25.270704828202724
      vertex -11.681837618350983 -21.300000000000004 26.594296038150787
      vertex -11.681837618350983 -20.500000000000004 26.594296038150787
    endloop
  endfacet
  facet normal -0.9832549077749277 0 -0.1822355243538381
    outer loop
      vertex -11.681837618350983 -20.500000000000004 26.594296038150787
      vertex -11.929896853864193 -21.300000000000004 27.932703912258148
      vertex -11.929896853864193 -20.500000000000004 27.932703912258148
    endloop
  endfacet
  facet normal -0.9914448614090563 0 -0.1305261919523314
    outer loop
      vertex -11.929896853864193 -20.500000000000004 27.932703912258148
      vertex -12.10756927728653 -21.300000000000004 29.282259956002235
      vertex -12.10756927728653 -20.500000000000004 29.282259956002235
    endloop
  endfacet
  facet normal -0.9969173335762007 0 -0.0784590977217935
    outer loop
      vertex -12.10756927728653 -20.500000000000004 29.282259956002235
      vertex -12.214367903769016 -21.300000000000004 30.63926513493061
      vertex -12.214367903769016 -20.500000000000004 30.63926513493061
    endloop
  endfacet
  facet normal -0.9996573249798285 0 -0.02617694814476046
    outer loop
      vertex -12.214367903769016 -20.500000000000004 30.63926513493061
      vertex -12.25 -21.300000000000004 32
      vertex -12.25 -20.500000000000004 32
    endloop
  endfacet
  facet normal 0 1 0
    outer loop
      vertex -1.5324165597558022 -20.500000000000004 10.965558148920536
      vertex 7.568132646381855 -20.500000000000004 15.008610464632511
      vertex -0.41061490774154663 -20.500000000000004 10.194565236568451
    endloop
  endfacet
  facet normal 0 1 0
    outer loop
      vertex -0.41061490774154663 -20.500000000000004 10.194565236568451
      vertex 7.568132646381855 -20.500000000000004 15.008610464632511
      vertex 0.75 -20.500000000000004 9.483339503407478
    endloop
  endfacet
  facet normal 0 1 0
    outer loop
      vertex 1.9462470039725304 -20.500000000000004 8.833830371499062
      vertex 0.75 -20.500000000000004 9.483339503407478
      vertex 7.568132646381855 -20.500000000000004 15.008610464632511
    endloop
  endfacet
  facet normal 0 1 0
    outer loop
      vertex 1.9462470039725304 -20.500000000000004 8.833830371499062
      vertex 7.568132646381855 -20.500000000000004 15.008610464632511
      vertex 3.1748472824692726 -20.500000000000004 8.247818104922771
    endloop
  endfacet
  facet normal 0 1 0
    outer loop
      vertex 3.1748472824692726 -20.500000000000004 8.247818104922771
      vertex 7.568132646381855 -20.500000000000004 15.008610464632511
      vertex 4.4324333146214485 -20.500000000000004 7.726908914744854
    endloop
  endfacet
  facet normal 0 1 0
    outer loop
      vertex 4.4324333146214485 -20.500000000000004 7.726908914744854
      vertex 7.568132646381855 -20.500000000000004 15.008610464632511
      vertex 5.715558148920536 -20.500000000000004 7.2725305780768394
    endloop
  endfacet
  facet normal 0 1 0
    outer loop
      vertex 5.715558148920536 -20.500000000000004 7.2725305780768394
      vertex 7.568132646381855 -20.500000000000004 15.008610464632511
      vertex 7.0207048282027245 -20.500000000000004 6.8859285190701485
    endloop
  endfacet
  facet normal 0 1 0
    outer loop
      vertex -2.6123301684856415 -20.500000000000004 11.794205002486706
      vertex 7.568132646381855 -20.500000000000004 15.008610464632511
      vertex -1.5324165597558022 -20.500000000000004 10.965558148920536
    endloop
  endfacet
  facet normal 0 1 0
    outer loop
      vertex 7.568132646381855 -20.500000000000004 15.008610464632511
      vertex 0.21999999999999997 -20.500000000000004 20.390961894323343
      vertex 0.39597485145236533 -20.500000000000004 20.304180701233072
    endloop
  endfacet
  facet normal 0 1 0
    outer loop
      vertex 7.568132646381855 -20.500000000000004 15.008610464632511
      vertex 0.05685785648691899 -20.500000000000004 20.499969989563148
      vertex 0.21999999999999997 -20.500000000000004 20.390961894323343
    endloop
  endfacet
  facet normal 0 1 0
    outer loop
      vertex 7.568132646381855 -20.500000000000004 15.008610464632511
      vertex 0.39597485145236533 -20.500000000000004 20.304180701233072
      vertex 0.5817714323462189 -20.500000000000004 20.2411112605664
    endloop
  endfacet
  facet normal 0 1 0
    outer loop
      vertex 7.568132646381855 -20.500000000000004 15.008610464632511
      vertex 0.5817714323462189 -20.500000000000004 20.2411112605664
      vertex 0.7742107116699226 -20.500000000000004 20.202832707939287
    endloop
  endfacet
  facet normal 0 1 0
    outer loop
      vertex 7.568132646381855 -20.500000000000004 15.008610464632511
      vertex 0.7742107116699226 -20.500000000000004 20.202832707939287
      vertex 0.97 -20.500000000000004 20.19
    endloop
  endfacet
  facet normal 0 1 0
    outer loop
      vertex 8.344296038150787 -20.500000000000004 6.568162381649017
      vertex 9.929395861923695 -20.500000000000004 7.741389535367489
      vertex 9.682703912258148 -20.500000000000004 6.320103146135807
    endloop
  endfacet
  facet normal 0 1 0
    outer loop
      vertex 9.682703912258148 -20.500000000000004 6.320103146135807
      vertex 9.929395861923695 -20.500000000000004 7.741389535367489
      vertex 11.032259956002235 -20.500000000000004 6.1424307227134705
    endloop
  endfacet
  facet normal 0 1 0
    outer loop
      vertex 7.0207048282027245 -20.500000000000004 6.8859285190701485
      vertex 7.568132646381855 -20.500000000000004 15.008610464632511
      vertex 8.344296038150787 -20.500000000000004 6.568162381649017
    endloop
  endfacet
  facet normal 0 1 0
    outer loop
      vertex 8.344296038150787 -20.500000000000004 6.568162381649017
      vertex 7.568132646381855 -20.500000000000004 15.008610464632511
      vertex 9.929395861923695 -20.500000000000004 7.741389535367489
    endloop
  endfacet
  facet normal 0 1 0
    outer loop
      vertex 9.929395861923695 -20.500000000000004 7.741389535367489
      vertex 7.568132646381855 -20.500000000000004 15.008610464632511
      vertex 11.277253054082394 -20.500000000000004 12.196555815637112
    endloop
  endfacet
  facet normal 0 1 0
    outer loop
      vertex 9.929395861923695 -20.500000000000004 7.741389535367489
      vertex 13.75 -20.500000000000004 10.399999998509884
      vertex 11.032259956002235 -20.500000000000004 6.1424307227134705
    endloop
  endfacet
  facet normal 0 1 0
    outer loop
      vertex 11.032259956002235 -20.500000000000004 6.1424307227134705
      vertex 13.75 -20.500000000000004 10.399999998509884
      vertex 12.38926513493061 -20.500000000000004 6.035632096230984
    endloop
  endfacet
  facet normal 0 1 0
    outer loop
      vertex 12.38926513493061 -20.500000000000004 6.035632096230984
      vertex 13.75 -20.500000000000004 10.399999998509884
      vertex 13.75 -20.500000000000004 6
    endloop
  endfacet
  facet normal 0 1 0
    outer loop
      vertex 7.568132646381855 -20.500000000000004 15.008610464632511
      vertex 0.97 -20.500000000000004 20.19
      vertex 13.75 -20.500000000000004 19.5
    endloop
  endfacet
  facet normal 0 1 0
    outer loop
      vertex 7.568132646381855 -20.500000000000004 15.008610464632511
      vertex 13.75 -20.500000000000004 19.5
      vertex 12.221758343279362 -20.500000000000004 15.103444188833237
    endloop
  endfacet
  facet normal -0.43051109337729265 0 -0.9025852859863648
    outer loop
      vertex 1.9462470039725304 -20.500000000000004 8.833830371499062
      vertex 3.1748472824692726 -20.500000000000004 8.247818104922771
      vertex 1.9462470039725304 -21.300000000000004 8.833830371499062
    endloop
  endfacet
  facet normal -0.382683432245647 0 -0.9238795325607616
    outer loop
      vertex 3.1748472824692726 -20.500000000000004 8.247818104922771
      vertex 4.4324333146214485 -20.500000000000004 7.726908914744854
      vertex 3.1748472824692726 -21.300000000000004 8.247818104922771
    endloop
  endfacet
  facet normal -0.4771587619198371 0 -0.8788171117605348
    outer loop
      vertex 1.9462470039725304 -20.500000000000004 8.833830371499062
      vertex 0.75 -21.300000000000004 9.483339503407478
      vertex 0.75 -20.500000000000004 9.483339503407478
    endloop
  endfacet
  facet normal -0.3338068605180183 0 -0.9426414906374027
    outer loop
      vertex 4.4324333146214485 -20.500000000000004 7.726908914744854
      vertex 5.715558148920536 -20.500000000000004 7.2725305780768394
      vertex 4.4324333146214485 -21.300000000000004 7.726908914744854
    endloop
  endfacet
  facet normal -0.28401534450019994 0 -0.9588197349285384
    outer loop
      vertex 5.715558148920536 -20.500000000000004 7.2725305780768394
      vertex 7.0207048282027245 -20.500000000000004 6.8859285190701485
      vertex 5.715558148920536 -21.300000000000004 7.2725305780768394
    endloop
  endfacet
  facet normal -0.23344536538922164 0 -0.97236992002956
    outer loop
      vertex 7.0207048282027245 -20.500000000000004 6.8859285190701485
      vertex 8.344296038150787 -20.500000000000004 6.568162381649017
      vertex 7.0207048282027245 -21.300000000000004 6.8859285190701485
    endloop
  endfacet
  facet normal -0.1822355243538381 0 -0.9832549077749277
    outer loop
      vertex 8.344296038150787 -20.500000000000004 6.568162381649017
      vertex 9.682703912258148 -20.500000000000004 6.320103146135807
      vertex 8.344296038150787 -21.300000000000004 6.568162381649017
    endloop
  endfacet
  facet normal -0.1305261919523314 0 -0.9914448614090563
    outer loop
      vertex 9.682703912258148 -20.500000000000004 6.320103146135807
      vertex 11.032259956002235 -20.500000000000004 6.1424307227134705
      vertex 9.682703912258148 -21.300000000000004 6.320103146135807
    endloop
  endfacet
  facet normal -0.0784590977217935 0 -0.9969173335762007
    outer loop
      vertex 11.032259956002235 -20.500000000000004 6.1424307227134705
      vertex 12.38926513493061 -20.500000000000004 6.035632096230984
      vertex 11.032259956002235 -21.300000000000004 6.1424307227134705
    endloop
  endfacet
  facet normal -0.5711801445457819 0 0.820824733104857
    outer loop
      vertex 9.929395861923695 -20.500000000000004 7.741389535367489
      vertex 9.929395861923695 -21.300000000000004 7.741389535367489
      vertex 13.75 -20.500000000000004 10.399999998509884
    endloop
  endfacet
  facet normal -0.02617694814476046 0 -0.9996573249798285
    outer loop
      vertex 12.38926513493061 -20.500000000000004 6.035632096230984
      vertex 13.75 -20.500000000000004 6
      vertex 12.38926513493061 -21.300000000000004 6.035632096230984
    endloop
  endfacet
  facet normal 0.9571550830794123 0 -0.2895758051620391
    outer loop
      vertex 9.929395861923695 -20.500000000000004 7.741389535367489
      vertex 11.277253054082394 -20.500000000000004 12.196555815637112
      vertex 11.277253054082394 -21.300000000000004 12.196555815637112
    endloop
  endfacet
  facet normal 0.6041463404085812 -5.963052474853692e-17 0.7968733897997339
    outer loop
      vertex 11.277253054082394 -20.500000000000004 12.196555815637112
      vertex 7.568132646381855 -20.500000000000004 15.008610464632511
      vertex 7.568132646381855 -21.300000000000004 15.008610464632511
    endloop
  endfacet
  facet normal 0.020374229720154007 0 -0.9997924238377236
    outer loop
      vertex 7.568132646381855 -20.500000000000004 15.008610464632511
      vertex 12.221758343279362 -20.500000000000004 15.103444188833237
      vertex 12.221758343279362 -21.300000000000004 15.103444188833237
    endloop
  endfacet
  facet normal 0.9445631164358154 -5.963052472888062e-17 -0.3283298936573709
    outer loop
      vertex 12.221758343279362 -20.500000000000004 15.103444188833237
      vertex 13.75 -20.500000000000004 19.5
      vertex 13.75 -21.300000000000004 19.5
    endloop
  endfacet
  facet normal -0.7604059651179962 0 -0.649448048894574
    outer loop
      vertex -5.571765460073948 -20.500000000000004 14.602604232728481
      vertex -5.571765460073948 -21.300000000000004 14.602604232728481
      vertex -6.455794997513294 -21.300000000000004 15.637669831514359
    endloop
  endfacet
  facet normal -0.8241261894468007 0 -0.5664062357247631
    outer loop
      vertex -7.284441851079464 -20.500000000000004 16.717583440244198
      vertex -7.284441851079464 -21.300000000000004 16.717583440244198
      vertex -8.055434763431549 -21.300000000000004 17.839385092258453
    endloop
  endfacet
  facet normal -0.8526401633820508 0 -0.5224985663021762
    outer loop
      vertex -8.055434763431549 -20.500000000000004 17.839385092258453
      vertex -8.055434763431549 -21.300000000000004 17.839385092258453
      vertex -8.766660496592522 -21.300000000000004 19
    endloop
  endfacet
  facet normal -0.7933533413904209 0 -0.608761427576234
    outer loop
      vertex -6.455794997513294 -20.500000000000004 15.637669831514359
      vertex -6.455794997513294 -21.300000000000004 15.637669831514359
      vertex -7.284441851079464 -21.300000000000004 16.717583440244198
    endloop
  endfacet
  facet normal -0.649448048894574 0 -0.7604059651179962
    outer loop
      vertex -2.6123301684856415 -20.500000000000004 11.794205002486706
      vertex -2.6123301684856415 -21.300000000000004 11.794205002486706
      vertex -3.6473957672715187 -21.300000000000004 12.678234539926052
    endloop
  endfacet
  facet normal -0.608761427576234 0 -0.7933533413904209
    outer loop
      vertex -1.5324165597558022 -20.500000000000004 10.965558148920536
      vertex -1.5324165597558022 -21.300000000000004 10.965558148920536
      vertex -2.6123301684856415 -21.300000000000004 11.794205002486706
    endloop
  endfacet
  facet normal -0.5664062357247631 0 -0.8241261894468007
    outer loop
      vertex -0.41061490774154663 -20.500000000000004 10.194565236568451
      vertex -0.41061490774154663 -21.300000000000004 10.194565236568451
      vertex -1.5324165597558022 -21.300000000000004 10.965558148920536
    endloop
  endfacet
  facet normal -0.5224985663021762 0 -0.8526401633820508
    outer loop
      vertex 0.75 -20.500000000000004 9.483339503407478
      vertex 0.75 -21.300000000000004 9.483339503407478
      vertex -0.41061490774154663 -21.300000000000004 10.194565236568451
    endloop
  endfacet
  facet normal -0.7253743699663061 0 -0.6883545767959884
    outer loop
      vertex -4.634776309132576 -20.500000000000004 13.615223690867424
      vertex -4.634776309132576 -21.300000000000004 13.615223690867424
      vertex -5.571765460073948 -21.300000000000004 14.602604232728481
    endloop
  endfacet
  facet normal -0.6883545767959884 0 -0.7253743699663061
    outer loop
      vertex -3.6473957672715187 -20.500000000000004 12.678234539926052
      vertex -3.6473957672715187 -21.300000000000004 12.678234539926052
      vertex -4.634776309132576 -21.300000000000004 13.615223690867424
    endloop
  endfacet
  facet normal 0 -1 0
    outer loop
      vertex -8.055434763431549 -21.300000000000004 17.839385092258453
      vertex -7.284441851079464 -21.300000000000004 16.717583440244198
      vertex 7.568132646381855 -21.300000000000004 15.008610464632511
    endloop
  endfacet
  facet normal 0 -1 0
    outer loop
      vertex -8.055434763431549 -21.300000000000004 17.839385092258453
      vertex 7.568132646381855 -21.300000000000004 15.008610464632511
      vertex -8.766660496592522 -21.300000000000004 19
    endloop
  endfacet
  facet normal 0 -1 0
    outer loop
      vertex -9.416169628500938 -21.300000000000004 20.19624700397253
      vertex -8.766660496592522 -21.300000000000004 19
      vertex 7.568132646381855 -21.300000000000004 15.008610464632511
    endloop
  endfacet
  facet normal 0 -1 0
    outer loop
      vertex -9.416169628500938 -21.300000000000004 20.19624700397253
      vertex 7.568132646381855 -21.300000000000004 15.008610464632511
      vertex -10.002181895077229 -21.300000000000004 21.424847282469273
    endloop
  endfacet
  facet normal 0 -1 0
    outer loop
      vertex -4.634776309132576 -21.300000000000004 13.615223690867424
      vertex 7.568132646381855 -21.300000000000004 15.008610464632511
      vertex -5.571765460073948 -21.300000000000004 14.602604232728481
    endloop
  endfacet
  facet normal 0 -1 0
    outer loop
      vertex -6.455794997513294 -21.300000000000004 15.637669831514359
      vertex -5.571765460073948 -21.300000000000004 14.602604232728481
      vertex 7.568132646381855 -21.300000000000004 15.008610464632511
    endloop
  endfacet
  facet normal 0 -1 0
    outer loop
      vertex -4.634776309132576 -21.300000000000004 13.615223690867424
      vertex -3.6473957672715187 -21.300000000000004 12.678234539926052
      vertex 7.568132646381855 -21.300000000000004 15.008610464632511
    endloop
  endfacet
  facet normal 0 -1 0
    outer loop
      vertex -2.6123301684856415 -21.300000000000004 11.794205002486706
      vertex 7.568132646381855 -21.300000000000004 15.008610464632511
      vertex -3.6473957672715187 -21.300000000000004 12.678234539926052
    endloop
  endfacet
  facet normal 0 -1 0
    outer loop
      vertex -6.455794997513294 -21.300000000000004 15.637669831514359
      vertex 7.568132646381855 -21.300000000000004 15.008610464632511
      vertex -7.284441851079464 -21.300000000000004 16.717583440244198
    endloop
  endfacet
  facet normal -0.9025852859863648 0 -0.43051109337729265
    outer loop
      vertex -9.416169628500938 -20.500000000000004 20.19624700397253
      vertex -9.416169628500938 -21.300000000000004 20.19624700397253
      vertex -10.002181895077229 -21.300000000000004 21.424847282469273
    endloop
  endfacet
  facet normal -0.9238795325607616 0 -0.382683432245647
    outer loop
      vertex -10.002181895077229 -20.500000000000004 21.424847282469273
      vertex -10.002181895077229 -21.300000000000004 21.424847282469273
      vertex -10.523091085255146 -21.300000000000004 22.68243331462145
    endloop
  endfacet
  facet normal -0.9426414906374027 0 -0.3338068605180183
    outer loop
      vertex -10.523091085255146 -20.500000000000004 22.68243331462145
      vertex -10.523091085255146 -21.300000000000004 22.68243331462145
      vertex -10.97746942192316 -21.300000000000004 23.965558148920536
    endloop
  endfacet
  facet normal -0.9588197349285384 0 -0.28401534450019994
    outer loop
      vertex -10.97746942192316 -20.500000000000004 23.965558148920536
      vertex -10.97746942192316 -21.300000000000004 23.965558148920536
      vertex -11.364071480929852 -21.300000000000004 25.270704828202724
    endloop
  endfacet
  facet normal -0.8788171117605348 0 -0.4771587619198371
    outer loop
      vertex -8.766660496592522 -20.500000000000004 19
      vertex -8.766660496592522 -21.300000000000004 19
      vertex -9.416169628500938 -21.300000000000004 20.19624700397253
    endloop
  endfacet
  facet normal -0.97236992002956 0 -0.23344536538922164
    outer loop
      vertex -11.364071480929852 -20.500000000000004 25.270704828202724
      vertex -11.364071480929852 -21.300000000000004 25.270704828202724
      vertex -11.681837618350983 -21.300000000000004 26.594296038150787
    endloop
  endfacet
  facet normal -0.9832549077749277 0 -0.1822355243538381
    outer loop
      vertex -11.681837618350983 -20.500000000000004 26.594296038150787
      vertex -11.681837618350983 -21.300000000000004 26.594296038150787
      vertex -11.929896853864193 -21.300000000000004 27.932703912258148
    endloop
  endfacet
  facet normal -0.9914448614090563 0 -0.1305261919523314
    outer loop
      vertex -11.929896853864193 -20.500000000000004 27.932703912258148
      vertex -11.929896853864193 -21.300000000000004 27.932703912258148
      vertex -12.10756927728653 -21.300000000000004 29.282259956002235
    endloop
  endfacet
  facet normal -0.9969173335762007 0 -0.0784590977217935
    outer loop
      vertex -12.10756927728653 -20.500000000000004 29.282259956002235
      vertex -12.10756927728653 -21.300000000000004 29.282259956002235
      vertex -12.214367903769016 -21.300000000000004 30.63926513493061
    endloop
  endfacet
  facet normal -0.9996573249798285 0 -0.02617694814476046
    outer loop
      vertex -12.214367903769016 -20.500000000000004 30.63926513493061
      vertex -12.214367903769016 -21.300000000000004 30.63926513493061
      vertex -12.25 -21.300000000000004 32
    endloop
  endfacet
  facet normal 0 -1 0
    outer loop
      vertex -10.002181895077229 -21.300000000000004 21.424847282469273
      vertex 7.568132646381855 -21.300000000000004 15.008610464632511
      vertex -10.523091085255146 -21.300000000000004 22.68243331462145
    endloop
  endfacet
  facet normal 0 -1 0
    outer loop
      vertex -10.523091085255146 -21.300000000000004 22.68243331462145
      vertex 0.05685785648691899 -21.300000000000004 20.499969989563148
      vertex -0.09066017177982144 -21.300000000000004 20.629339828220182
    endloop
  endfacet
  facet normal 0 -1 0
    outer loop
      vertex -10.523091085255146 -21.300000000000004 22.68243331462145
      vertex -0.09066017177982144 -21.300000000000004 20.629339828220182
      vertex -0.22003001043685289 -21.300000000000004 20.77685785648692
    endloop
  endfacet
  facet normal 0 -1 0
    outer loop
      vertex -10.523091085255146 -21.300000000000004 22.68243331462145
      vertex -0.32903810567665803 -21.300000000000004 20.94
      vertex -0.41581929876693 -21.300000000000004 21.115974851452364
    endloop
  endfacet
  facet normal 0 -1 0
    outer loop
      vertex -10.523091085255146 -21.300000000000004 22.68243331462145
      vertex -0.47888873943360255 -21.300000000000004 21.30177143234622
      vertex -0.5171672920607155 -21.300000000000004 21.494210711669922
    endloop
  endfacet
  facet normal 0 -1 0
    outer loop
      vertex -10.523091085255146 -21.300000000000004 22.68243331462145
      vertex -0.41581929876693 -21.300000000000004 21.115974851452364
      vertex -0.47888873943360255 -21.300000000000004 21.30177143234622
    endloop
  endfacet
  facet normal 0 -1 0
    outer loop
      vertex -10.523091085255146 -21.300000000000004 22.68243331462145
      vertex -0.5171672920607155 -21.300000000000004 21.494210711669922
      vertex -0.53 -21.300000000000004 21.69
    endloop
  endfacet
  facet normal 0 -1 0
    outer loop
      vertex -10.523091085255146 -21.300000000000004 22.68243331462145
      vertex -0.22003001043685289 -21.300000000000004 20.77685785648692
      vertex -0.32903810567665803 -21.300000000000004 20.94
    endloop
  endfacet
  facet normal 0 -1 0
    outer loop
      vertex -10.523091085255146 -21.300000000000004 22.68243331462145
      vertex 7.568132646381855 -21.300000000000004 15.008610464632511
      vertex 0.05685785648691899 -21.300000000000004 20.499969989563148
    endloop
  endfacet
  facet normal 0 -1 0
    outer loop
      vertex -10.523091085255146 -21.300000000000004 22.68243331462145
      vertex -0.53 -21.300000000000004 21.69
      vertex -0.53 -21.300000000000004 50.31
    endloop
  endfacet
  facet normal -0.4771587619198371 0 -0.8788171117605348
    outer loop
      vertex 1.9462470039725304 -20.500000000000004 8.833830371499062
      vertex 1.9462470039725304 -21.300000000000004 8.833830371499062
      vertex 0.75 -21.300000000000004 9.483339503407478
    endloop
  endfacet
  facet normal -0.43051109337729265 0 -0.9025852859863648
    outer loop
      vertex 3.1748472824692726 -20.500000000000004 8.247818104922771
      vertex 3.1748472824692726 -21.300000000000004 8.247818104922771
      vertex 1.9462470039725304 -21.300000000000004 8.833830371499062
    endloop
  endfacet
  facet normal -0.3338068605180183 0 -0.9426414906374027
    outer loop
      vertex 5.715558148920536 -20.500000000000004 7.2725305780768394
      vertex 5.715558148920536 -21.300000000000004 7.2725305780768394
      vertex 4.4324333146214485 -21.300000000000004 7.726908914744854
    endloop
  endfacet
  facet normal -0.382683432245647 0 -0.9238795325607616
    outer loop
      vertex 4.4324333146214485 -20.500000000000004 7.726908914744854
      vertex 4.4324333146214485 -21.300000000000004 7.726908914744854
      vertex 3.1748472824692726 -21.300000000000004 8.247818104922771
    endloop
  endfacet
  facet normal -0.28401534450019994 0 -0.9588197349285384
    outer loop
      vertex 7.0207048282027245 -20.500000000000004 6.8859285190701485
      vertex 7.0207048282027245 -21.300000000000004 6.8859285190701485
      vertex 5.715558148920536 -21.300000000000004 7.2725305780768394
    endloop
  endfacet
  facet normal -0.23344536538922164 0 -0.97236992002956
    outer loop
      vertex 8.344296038150787 -20.500000000000004 6.568162381649017
      vertex 8.344296038150787 -21.300000000000004 6.568162381649017
      vertex 7.0207048282027245 -21.300000000000004 6.8859285190701485
    endloop
  endfacet
  facet normal -0.1822355243538381 0 -0.9832549077749277
    outer loop
      vertex 9.682703912258148 -20.500000000000004 6.320103146135807
      vertex 9.682703912258148 -21.300000000000004 6.320103146135807
      vertex 8.344296038150787 -21.300000000000004 6.568162381649017
    endloop
  endfacet
  facet normal 0.9571550830794123 0 -0.2895758051620391
    outer loop
      vertex 9.929395861923695 -20.500000000000004 7.741389535367489
      vertex 11.277253054082394 -21.300000000000004 12.196555815637112
      vertex 9.929395861923695 -21.300000000000004 7.741389535367489
    endloop
  endfacet
  facet normal -0.1305261919523314 0 -0.9914448614090563
    outer loop
      vertex 11.032259956002235 -20.500000000000004 6.1424307227134705
      vertex 11.032259956002235 -21.300000000000004 6.1424307227134705
      vertex 9.682703912258148 -21.300000000000004 6.320103146135807
    endloop
  endfacet
  facet normal -0.0784590977217935 0 -0.9969173335762007
    outer loop
      vertex 12.38926513493061 -20.500000000000004 6.035632096230984
      vertex 12.38926513493061 -21.300000000000004 6.035632096230984
      vertex 11.032259956002235 -21.300000000000004 6.1424307227134705
    endloop
  endfacet
  facet normal -0.02617694814476046 0 -0.9996573249798285
    outer loop
      vertex 12.38926513493061 -21.300000000000004 6.035632096230984
      vertex 13.75 -20.500000000000004 6
      vertex 13.75 -21.300000000000004 6
    endloop
  endfacet
  facet normal -0.5711801445457819 -2.385220988462977e-16 0.820824733104857
    outer loop
      vertex 9.929395861923695 -21.300000000000004 7.741389535367489
      vertex 13.75 -21.300000000000004 10.399999998509884
      vertex 13.75 -20.500000000000004 10.399999998509884
    endloop
  endfacet
  facet normal 0.6041463404085812 0 0.7968733897997339
    outer loop
      vertex 11.277253054082394 -20.500000000000004 12.196555815637112
      vertex 7.568132646381855 -21.300000000000004 15.008610464632511
      vertex 11.277253054082394 -21.300000000000004 12.196555815637112
    endloop
  endfacet
  facet normal 0.020374229720154007 0 -0.9997924238377236
    outer loop
      vertex 7.568132646381855 -20.500000000000004 15.008610464632511
      vertex 12.221758343279362 -21.300000000000004 15.103444188833237
      vertex 7.568132646381855 -21.300000000000004 15.008610464632511
    endloop
  endfacet
  facet normal 0.9445631164358154 0 -0.3283298936573709
    outer loop
      vertex 12.221758343279362 -20.500000000000004 15.103444188833237
      vertex 13.75 -21.300000000000004 19.5
      vertex 12.221758343279362 -21.300000000000004 15.103444188833237
    endloop
  endfacet
  facet normal 0 -1 0
    outer loop
      vertex -1.5324165597558022 -21.300000000000004 10.965558148920536
      vertex -0.41061490774154663 -21.300000000000004 10.194565236568451
      vertex 7.568132646381855 -21.300000000000004 15.008610464632511
    endloop
  endfacet
  facet normal 0 -1 0
    outer loop
      vertex -0.41061490774154663 -21.300000000000004 10.194565236568451
      vertex 0.75 -21.300000000000004 9.483339503407478
      vertex 7.568132646381855 -21.300000000000004 15.008610464632511
    endloop
  endfacet
  facet normal 0 -1 0
    outer loop
      vertex 1.9462470039725304 -21.300000000000004 8.833830371499062
      vertex 7.568132646381855 -21.300000000000004 15.008610464632511
      vertex 0.75 -21.300000000000004 9.483339503407478
    endloop
  endfacet
  facet normal 0 -1 0
    outer loop
      vertex 1.9462470039725304 -21.300000000000004 8.833830371499062
      vertex 3.1748472824692726 -21.300000000000004 8.247818104922771
      vertex 7.568132646381855 -21.300000000000004 15.008610464632511
    endloop
  endfacet
  facet normal 0 -1 0
    outer loop
      vertex 3.1748472824692726 -21.300000000000004 8.247818104922771
      vertex 4.4324333146214485 -21.300000000000004 7.726908914744854
      vertex 7.568132646381855 -21.300000000000004 15.008610464632511
    endloop
  endfacet
  facet normal 0 -1 0
    outer loop
      vertex 4.4324333146214485 -21.300000000000004 7.726908914744854
      vertex 5.715558148920536 -21.300000000000004 7.2725305780768394
      vertex 7.568132646381855 -21.300000000000004 15.008610464632511
    endloop
  endfacet
  facet normal 0 -1 0
    outer loop
      vertex 5.715558148920536 -21.300000000000004 7.2725305780768394
      vertex 7.0207048282027245 -21.300000000000004 6.8859285190701485
      vertex 7.568132646381855 -21.300000000000004 15.008610464632511
    endloop
  endfacet
  facet normal 0 -1 0
    outer loop
      vertex -2.6123301684856415 -21.300000000000004 11.794205002486706
      vertex -1.5324165597558022 -21.300000000000004 10.965558148920536
      vertex 7.568132646381855 -21.300000000000004 15.008610464632511
    endloop
  endfacet
  facet normal 0 -1 0
    outer loop
      vertex 7.568132646381855 -21.300000000000004 15.008610464632511
      vertex 0.39597485145236533 -21.300000000000004 20.304180701233072
      vertex 0.21999999999999997 -21.300000000000004 20.390961894323343
    endloop
  endfacet
  facet normal 0 -1 0
    outer loop
      vertex 7.568132646381855 -21.300000000000004 15.008610464632511
      vertex 0.21999999999999997 -21.300000000000004 20.390961894323343
      vertex 0.05685785648691899 -21.300000000000004 20.499969989563148
    endloop
  endfacet
  facet normal 0 -1 0
    outer loop
      vertex 7.568132646381855 -21.300000000000004 15.008610464632511
      vertex 0.5817714323462189 -21.300000000000004 20.2411112605664
      vertex 0.39597485145236533 -21.300000000000004 20.304180701233072
    endloop
  endfacet
  facet normal 0 -1 0
    outer loop
      vertex 7.568132646381855 -21.300000000000004 15.008610464632511
      vertex 0.7742107116699226 -21.300000000000004 20.202832707939287
      vertex 0.5817714323462189 -21.300000000000004 20.2411112605664
    endloop
  endfacet
  facet normal 0 -1 0
    outer loop
      vertex 7.568132646381855 -21.300000000000004 15.008610464632511
      vertex 0.97 -21.300000000000004 20.19
      vertex 0.7742107116699226 -21.300000000000004 20.202832707939287
    endloop
  endfacet
  facet normal 0 -1 0
    outer loop
      vertex 8.344296038150787 -21.300000000000004 6.568162381649017
      vertex 9.682703912258148 -21.300000000000004 6.320103146135807
      vertex 9.929395861923695 -21.300000000000004 7.741389535367489
    endloop
  endfacet
  facet normal 0 -1 0
    outer loop
      vertex 9.682703912258148 -21.300000000000004 6.320103146135807
      vertex 11.032259956002235 -21.300000000000004 6.1424307227134705
      vertex 9.929395861923695 -21.300000000000004 7.741389535367489
    endloop
  endfacet
  facet normal 0 -1 0
    outer loop
      vertex 7.0207048282027245 -21.300000000000004 6.8859285190701485
      vertex 8.344296038150787 -21.300000000000004 6.568162381649017
      vertex 7.568132646381855 -21.300000000000004 15.008610464632511
    endloop
  endfacet
  facet normal 0 -1 0
    outer loop
      vertex 8.344296038150787 -21.300000000000004 6.568162381649017
      vertex 9.929395861923695 -21.300000000000004 7.741389535367489
      vertex 7.568132646381855 -21.300000000000004 15.008610464632511
    endloop
  endfacet
  facet normal 0 -1 0
    outer loop
      vertex 9.929395861923695 -21.300000000000004 7.741389535367489
      vertex 11.277253054082394 -21.300000000000004 12.196555815637112
      vertex 7.568132646381855 -21.300000000000004 15.008610464632511
    endloop
  endfacet
  facet normal 0 -1 0
    outer loop
      vertex 9.929395861923695 -21.300000000000004 7.741389535367489
      vertex 11.032259956002235 -21.300000000000004 6.1424307227134705
      vertex 13.75 -21.300000000000004 10.399999998509884
    endloop
  endfacet
  facet normal 0 -1 0
    outer loop
      vertex 11.032259956002235 -21.300000000000004 6.1424307227134705
      vertex 12.38926513493061 -21.300000000000004 6.035632096230984
      vertex 13.75 -21.300000000000004 10.399999998509884
    endloop
  endfacet
  facet normal 0 -1 0
    outer loop
      vertex 12.38926513493061 -21.300000000000004 6.035632096230984
      vertex 13.75 -21.300000000000004 6
      vertex 13.75 -21.300000000000004 10.399999998509884
    endloop
  endfacet
  facet normal 0 -1 0
    outer loop
      vertex 7.568132646381855 -21.300000000000004 15.008610464632511
      vertex 13.75 -21.300000000000004 19.5
      vertex 0.97 -21.300000000000004 20.19
    endloop
  endfacet
  facet normal 0 -1 0
    outer loop
      vertex 7.568132646381855 -21.300000000000004 15.008610464632511
      vertex 12.221758343279362 -21.300000000000004 15.103444188833237
      vertex 13.75 -21.300000000000004 19.5
    endloop
  endfacet
  facet normal 0 1 0
    outer loop
      vertex -11.681837618350983 -20.500000000000004 37.40570396184921
      vertex -11.364071480929852 -20.500000000000004 38.729295171797276
      vertex -0.53 -20.500000000000004 21.69
    endloop
  endfacet
  facet normal 0 1 0
    outer loop
      vertex -11.364071480929852 -20.500000000000004 38.729295171797276
      vertex -10.97746942192316 -20.500000000000004 40.034441851079464
      vertex -0.53 -20.500000000000004 21.69
    endloop
  endfacet
  facet normal 0 1 0
    outer loop
      vertex -10.97746942192316 -20.500000000000004 40.034441851079464
      vertex -10.523091085255146 -20.500000000000004 41.31756668537855
      vertex -0.53 -20.500000000000004 21.69
    endloop
  endfacet
  facet normal 0 1 0
    outer loop
      vertex -10.523091085255146 -20.500000000000004 41.31756668537855
      vertex -10.002181895077229 -20.500000000000004 42.57515271753073
      vertex -0.53 -20.500000000000004 21.69
    endloop
  endfacet
  facet normal 0 1 0
    outer loop
      vertex -10.002181895077229 -20.500000000000004 42.57515271753073
      vertex -9.416169628500938 -20.500000000000004 43.80375299602747
      vertex -0.53 -20.500000000000004 21.69
    endloop
  endfacet
  facet normal 0 1 0
    outer loop
      vertex -9.416169628500938 -20.500000000000004 43.80375299602747
      vertex -8.766660496592522 -20.500000000000004 45
      vertex -0.53 -20.500000000000004 21.69
    endloop
  endfacet
  facet normal 0 1 0
    outer loop
      vertex -8.766660496592522 -20.500000000000004 45
      vertex -8.055434763431549 -20.500000000000004 46.16061490774155
      vertex -0.53 -20.500000000000004 21.69
    endloop
  endfacet
  facet normal 0 1 0
    outer loop
      vertex -8.055434763431549 -20.500000000000004 46.16061490774155
      vertex -7.284441851079464 -20.500000000000004 47.2824165597558
      vertex -0.53 -20.500000000000004 21.69
    endloop
  endfacet
  facet normal 0 1 0
    outer loop
      vertex -7.284441851079464 -20.500000000000004 47.2824165597558
      vertex -6.455794997513294 -20.500000000000004 48.36233016848564
      vertex -0.53 -20.500000000000004 21.69
    endloop
  endfacet
  facet normal 0 1 0
    outer loop
      vertex -6.455794997513294 -20.500000000000004 48.36233016848564
      vertex -5.571765460073948 -20.500000000000004 49.39739576727152
      vertex -0.53 -20.500000000000004 21.69
    endloop
  endfacet
  facet normal 0 1 0
    outer loop
      vertex -5.571765460073948 -20.500000000000004 49.39739576727152
      vertex -4.634776309132576 -20.500000000000004 50.384776309132576
      vertex -0.53 -20.500000000000004 21.69
    endloop
  endfacet
  facet normal 0 1 0
    outer loop
      vertex -4.634776309132576 -20.500000000000004 50.384776309132576
      vertex -3.6473957672715187 -20.500000000000004 51.32176546007395
      vertex -0.53 -20.500000000000004 21.69
    endloop
  endfacet
  facet normal 0 1 0
    outer loop
      vertex -3.6473957672715187 -20.500000000000004 51.32176546007395
      vertex -2.6123301684856415 -20.500000000000004 52.205794997513294
      vertex -0.53 -20.500000000000004 21.69
    endloop
  endfacet
  facet normal 0 1 0
    outer loop
      vertex -2.6123301684856415 -20.500000000000004 52.205794997513294
      vertex -0.53 -20.500000000000004 50.31
      vertex -0.53 -20.500000000000004 21.69
    endloop
  endfacet
  facet normal -0.9996573249798285 0 0.02617694814476046
    outer loop
      vertex -12.25 -20.500000000000004 32
      vertex -12.214367903769016 -21.300000000000004 33.36073486506939
      vertex -12.214367903769016 -20.500000000000004 33.36073486506939
    endloop
  endfacet
  facet normal -0.9969173335762007 0 0.0784590977217935
    outer loop
      vertex -12.214367903769016 -20.500000000000004 33.36073486506939
      vertex -12.10756927728653 -21.300000000000004 34.717740043997765
      vertex -12.10756927728653 -20.500000000000004 34.717740043997765
    endloop
  endfacet
  facet normal -0.9914448614090563 0 0.1305261919523314
    outer loop
      vertex -12.10756927728653 -20.500000000000004 34.717740043997765
      vertex -11.929896853864193 -21.300000000000004 36.06729608774185
      vertex -11.929896853864193 -20.500000000000004 36.06729608774185
    endloop
  endfacet
  facet normal -0.9832549077749277 0 0.1822355243538381
    outer loop
      vertex -11.929896853864193 -20.500000000000004 36.06729608774185
      vertex -11.681837618350983 -21.300000000000004 37.40570396184921
      vertex -11.681837618350983 -20.500000000000004 37.40570396184921
    endloop
  endfacet
  facet normal -0.97236992002956 0 0.23344536538922164
    outer loop
      vertex -11.681837618350983 -20.500000000000004 37.40570396184921
      vertex -11.364071480929852 -21.300000000000004 38.729295171797276
      vertex -11.364071480929852 -20.500000000000004 38.729295171797276
    endloop
  endfacet
  facet normal -0.9588197349285384 0 0.28401534450019994
    outer loop
      vertex -11.364071480929852 -20.500000000000004 38.729295171797276
      vertex -10.97746942192316 -21.300000000000004 40.034441851079464
      vertex -10.97746942192316 -20.500000000000004 40.034441851079464
    endloop
  endfacet
  facet normal -0.9426414906374027 0 0.3338068605180183
    outer loop
      vertex -10.97746942192316 -20.500000000000004 40.034441851079464
      vertex -10.523091085255146 -21.300000000000004 41.31756668537855
      vertex -10.523091085255146 -20.500000000000004 41.31756668537855
    endloop
  endfacet
  facet normal -0.9238795325607616 0 0.382683432245647
    outer loop
      vertex -10.523091085255146 -20.500000000000004 41.31756668537855
      vertex -10.002181895077229 -21.300000000000004 42.57515271753073
      vertex -10.002181895077229 -20.500000000000004 42.57515271753073
    endloop
  endfacet
  facet normal -0.9025852859863648 0 0.43051109337729265
    outer loop
      vertex -10.002181895077229 -20.500000000000004 42.57515271753073
      vertex -9.416169628500938 -21.300000000000004 43.80375299602747
      vertex -9.416169628500938 -20.500000000000004 43.80375299602747
    endloop
  endfacet
  facet normal -0.8788171117605348 0 0.4771587619198371
    outer loop
      vertex -9.416169628500938 -20.500000000000004 43.80375299602747
      vertex -8.766660496592522 -21.300000000000004 45
      vertex -8.766660496592522 -20.500000000000004 45
    endloop
  endfacet
  facet normal 0 1 0
    outer loop
      vertex -2.6123301684856415 -20.500000000000004 52.205794997513294
      vertex -0.5171672920607155 -20.500000000000004 50.50578928833008
      vertex -0.53 -20.500000000000004 50.31
    endloop
  endfacet
  facet normal 0 1 0
    outer loop
      vertex -2.6123301684856415 -20.500000000000004 52.205794997513294
      vertex -0.47888873943360255 -20.500000000000004 50.698228567653786
      vertex -0.5171672920607155 -20.500000000000004 50.50578928833008
    endloop
  endfacet
  facet normal 0 1 0
    outer loop
      vertex -2.6123301684856415 -20.500000000000004 52.205794997513294
      vertex -1.5324165597558022 -20.500000000000004 53.034441851079464
      vertex -0.47888873943360255 -20.500000000000004 50.698228567653786
    endloop
  endfacet
  facet normal 0 1 0
    outer loop
      vertex -1.5324165597558022 -20.500000000000004 53.034441851079464
      vertex -0.41581929876693 -20.500000000000004 50.884025148547636
      vertex -0.47888873943360255 -20.500000000000004 50.698228567653786
    endloop
  endfacet
  facet normal 0 1 0
    outer loop
      vertex -1.5324165597558022 -20.500000000000004 53.034441851079464
      vertex -0.32903810567665803 -20.500000000000004 51.06
      vertex -0.41581929876693 -20.500000000000004 50.884025148547636
    endloop
  endfacet
  facet normal 0 1 0
    outer loop
      vertex -1.5324165597558022 -20.500000000000004 53.034441851079464
      vertex -0.22003001043685289 -20.500000000000004 51.22314214351308
      vertex -0.32903810567665803 -20.500000000000004 51.06
    endloop
  endfacet
  facet normal 0 1 0
    outer loop
      vertex -1.5324165597558022 -20.500000000000004 53.034441851079464
      vertex -0.09066017177982144 -20.500000000000004 51.370660171779825
      vertex -0.22003001043685289 -20.500000000000004 51.22314214351308
    endloop
  endfacet
  facet normal 0 1 0
    outer loop
      vertex -1.5324165597558022 -20.500000000000004 53.034441851079464
      vertex 0.05685785648691899 -20.500000000000004 51.50003001043685
      vertex -0.09066017177982144 -20.500000000000004 51.370660171779825
    endloop
  endfacet
  facet normal 0 1 0
    outer loop
      vertex -1.5324165597558022 -20.500000000000004 53.034441851079464
      vertex 0.21999999999999997 -20.500000000000004 51.60903810567666
      vertex 0.05685785648691899 -20.500000000000004 51.50003001043685
    endloop
  endfacet
  facet normal 0 1 0
    outer loop
      vertex -1.5324165597558022 -20.500000000000004 53.034441851079464
      vertex -0.41061490774154663 -20.500000000000004 53.80543476343155
      vertex 0.21999999999999997 -20.500000000000004 51.60903810567666
    endloop
  endfacet
  facet normal 0 1 0
    outer loop
      vertex -0.41061490774154663 -20.500000000000004 53.80543476343155
      vertex 0.39597485145236533 -20.500000000000004 51.695819298766935
      vertex 0.21999999999999997 -20.500000000000004 51.60903810567666
    endloop
  endfacet
  facet normal 0 1 0
    outer loop
      vertex -0.41061490774154663 -20.500000000000004 53.80543476343155
      vertex 0.5817714323462189 -20.500000000000004 51.75888873943361
      vertex 0.39597485145236533 -20.500000000000004 51.695819298766935
    endloop
  endfacet
  facet normal 0 1 0
    outer loop
      vertex -0.41061490774154663 -20.500000000000004 53.80543476343155
      vertex 0.7742107116699226 -20.500000000000004 51.79716729206072
      vertex 0.5817714323462189 -20.500000000000004 51.75888873943361
    endloop
  endfacet
  facet normal 0 1 0
    outer loop
      vertex -0.41061490774154663 -20.500000000000004 53.80543476343155
      vertex 0.75 -20.500000000000004 54.51666049659252
      vertex 0.7742107116699226 -20.500000000000004 51.79716729206072
    endloop
  endfacet
  facet normal -0.8526401633820508 0 0.5224985663021762
    outer loop
      vertex -8.766660496592522 -20.500000000000004 45
      vertex -8.055434763431549 -21.300000000000004 46.16061490774155
      vertex -8.055434763431549 -20.500000000000004 46.16061490774155
    endloop
  endfacet
  facet normal -0.8241261894468007 5.09762504069661e-17 0.5664062357247631
    outer loop
      vertex -8.055434763431549 -20.500000000000004 46.16061490774155
      vertex -7.284441851079464 -21.300000000000004 47.2824165597558
      vertex -7.284441851079464 -20.500000000000004 47.2824165597558
    endloop
  endfacet
  facet normal -0.7933533413904209 0 0.608761427576234
    outer loop
      vertex -7.284441851079464 -20.500000000000004 47.2824165597558
      vertex -6.455794997513294 -21.300000000000004 48.36233016848564
      vertex -6.455794997513294 -20.500000000000004 48.36233016848564
    endloop
  endfacet
  facet normal -0.7604059651179962 0 0.649448048894574
    outer loop
      vertex -6.455794997513294 -20.500000000000004 48.36233016848564
      vertex -5.571765460073948 -21.300000000000004 49.39739576727152
      vertex -5.571765460073948 -20.500000000000004 49.39739576727152
    endloop
  endfacet
  facet normal -0.7253743699663061 -5.097625059860681e-17 0.6883545767959884
    outer loop
      vertex -5.571765460073948 -20.500000000000004 49.39739576727152
      vertex -4.634776309132576 -21.300000000000004 50.384776309132576
      vertex -4.634776309132576 -20.500000000000004 50.384776309132576
    endloop
  endfacet
  facet normal -0.6883545767959884 -5.097625059860681e-17 0.7253743699663061
    outer loop
      vertex -4.634776309132576 -20.500000000000004 50.384776309132576
      vertex -3.6473957672715187 -21.300000000000004 51.32176546007395
      vertex -3.6473957672715187 -20.500000000000004 51.32176546007395
    endloop
  endfacet
  facet normal -0.649448048894574 0 0.7604059651179962
    outer loop
      vertex -3.6473957672715187 -20.500000000000004 51.32176546007395
      vertex -2.6123301684856415 -21.300000000000004 52.205794997513294
      vertex -2.6123301684856415 -20.500000000000004 52.205794997513294
    endloop
  endfacet
  facet normal -0.608761427576234 0 0.7933533413904209
    outer loop
      vertex -2.6123301684856415 -20.500000000000004 52.205794997513294
      vertex -1.5324165597558022 -21.300000000000004 53.034441851079464
      vertex -1.5324165597558022 -20.500000000000004 53.034441851079464
    endloop
  endfacet
  facet normal -0.5664062357247631 5.09762504069661e-17 0.8241261894468007
    outer loop
      vertex -1.5324165597558022 -20.500000000000004 53.034441851079464
      vertex -0.41061490774154663 -21.300000000000004 53.80543476343155
      vertex -0.41061490774154663 -20.500000000000004 53.80543476343155
    endloop
  endfacet
  facet normal -0.5224985663021762 0 0.8526401633820508
    outer loop
      vertex -0.41061490774154663 -20.500000000000004 53.80543476343155
      vertex 0.75 -21.300000000000004 54.51666049659252
      vertex 0.75 -20.500000000000004 54.51666049659252
    endloop
  endfacet
  facet normal 0 1 0
    outer loop
      vertex 0.75 -20.500000000000004 54.51666049659252
      vertex 0.97 -20.500000000000004 51.81
      vertex 0.7742107116699226 -20.500000000000004 51.79716729206072
    endloop
  endfacet
  facet normal 0 1 0
    outer loop
      vertex 0.75 -20.500000000000004 54.51666049659252
      vertex 1.9462470039725304 -20.500000000000004 55.16616962850094
      vertex 0.97 -20.500000000000004 51.81
    endloop
  endfacet
  facet normal 0 1 0
    outer loop
      vertex 1.9462470039725304 -20.500000000000004 55.16616962850094
      vertex 3.1748472824692726 -20.500000000000004 55.75218189507723
      vertex 0.97 -20.500000000000004 51.81
    endloop
  endfacet
  facet normal 0 1 0
    outer loop
      vertex 3.1748472824692726 -20.500000000000004 55.75218189507723
      vertex 4.4324333146214485 -20.500000000000004 56.273091085255146
      vertex 0.97 -20.500000000000004 51.81
    endloop
  endfacet
  facet normal 0 1 0
    outer loop
      vertex 4.4324333146214485 -20.500000000000004 56.273091085255146
      vertex 5.715558148920536 -20.500000000000004 56.72746942192316
      vertex 0.97 -20.500000000000004 51.81
    endloop
  endfacet
  facet normal 0 1 0
    outer loop
      vertex 5.715558148920536 -20.500000000000004 56.72746942192316
      vertex 7.0207048282027245 -20.500000000000004 57.11407148092985
      vertex 0.97 -20.500000000000004 51.81
    endloop
  endfacet
  facet normal 0 1 0
    outer loop
      vertex 7.0207048282027245 -20.500000000000004 57.11407148092985
      vertex 8.344296038150787 -20.500000000000004 57.43183761835098
      vertex 0.97 -20.500000000000004 51.81
    endloop
  endfacet
  facet normal 0 1 0
    outer loop
      vertex 8.344296038150787 -20.500000000000004 57.43183761835098
      vertex 9.682703912258148 -20.500000000000004 57.67989685386419
      vertex 0.97 -20.500000000000004 51.81
    endloop
  endfacet
  facet normal 0 1 0
    outer loop
      vertex 9.682703912258148 -20.500000000000004 57.67989685386419
      vertex 11.032259956002235 -20.500000000000004 57.85756927728653
      vertex 0.97 -20.500000000000004 51.81
    endloop
  endfacet
  facet normal 0 1 0
    outer loop
      vertex 11.032259956002235 -20.500000000000004 57.85756927728653
      vertex 12.38926513493061 -20.500000000000004 57.964367903769016
      vertex 0.97 -20.500000000000004 51.81
    endloop
  endfacet
  facet normal 0 1 0
    outer loop
      vertex 12.38926513493061 -20.500000000000004 57.964367903769016
      vertex 13.75 -20.500000000000004 58
      vertex 0.97 -20.500000000000004 51.81
    endloop
  endfacet
  facet normal 0 1 0
    outer loop
      vertex 13.75 -20.500000000000004 58
      vertex 15.11073486506939 -20.500000000000004 57.964367903769016
      vertex 0.97 -20.500000000000004 51.81
    endloop
  endfacet
  facet normal 0 1 0
    outer loop
      vertex 15.11073486506939 -20.500000000000004 57.964367903769016
      vertex 16.467740043997765 -20.500000000000004 57.85756927728653
      vertex 0.97 -20.500000000000004 51.81
    endloop
  endfacet
  facet normal 0 1 0
    outer loop
      vertex 16.467740043997765 -20.500000000000004 57.85756927728653
      vertex 17.817296087741852 -20.500000000000004 57.67989685386419
      vertex 0.97 -20.500000000000004 51.81
    endloop
  endfacet
  facet normal 0 1 0
    outer loop
      vertex 17.817296087741852 -20.500000000000004 57.67989685386419
      vertex 19.155703961849213 -20.500000000000004 57.43183761835098
      vertex 0.97 -20.500000000000004 51.81
    endloop
  endfacet
  facet normal 0 1 0
    outer loop
      vertex 19.155703961849213 -20.500000000000004 57.43183761835098
      vertex 20.479295171797276 -20.500000000000004 57.11407148092985
      vertex 0.97 -20.500000000000004 51.81
    endloop
  endfacet
  facet normal -0.4771587619198371 0 0.8788171117605348
    outer loop
      vertex 0.75 -20.500000000000004 54.51666049659252
      vertex 1.9462470039725304 -21.300000000000004 55.16616962850094
      vertex 1.9462470039725304 -20.500000000000004 55.16616962850094
    endloop
  endfacet
  facet normal -0.43051109337729265 0 0.9025852859863648
    outer loop
      vertex 1.9462470039725304 -20.500000000000004 55.16616962850094
      vertex 3.1748472824692726 -21.300000000000004 55.75218189507723
      vertex 3.1748472824692726 -20.500000000000004 55.75218189507723
    endloop
  endfacet
  facet normal -0.382683432245647 0 0.9238795325607616
    outer loop
      vertex 3.1748472824692726 -20.500000000000004 55.75218189507723
      vertex 4.4324333146214485 -21.300000000000004 56.273091085255146
      vertex 4.4324333146214485 -20.500000000000004 56.273091085255146
    endloop
  endfacet
  facet normal -0.3338068605180183 0 0.9426414906374027
    outer loop
      vertex 4.4324333146214485 -20.500000000000004 56.273091085255146
      vertex 5.715558148920536 -21.300000000000004 56.72746942192316
      vertex 5.715558148920536 -20.500000000000004 56.72746942192316
    endloop
  endfacet
  facet normal -0.28401534450019994 0 0.9588197349285384
    outer loop
      vertex 5.715558148920536 -20.500000000000004 56.72746942192316
      vertex 7.0207048282027245 -21.300000000000004 57.11407148092985
      vertex 7.0207048282027245 -20.500000000000004 57.11407148092985
    endloop
  endfacet
  facet normal -0.23344536538922164 0 0.97236992002956
    outer loop
      vertex 7.0207048282027245 -20.500000000000004 57.11407148092985
      vertex 8.344296038150787 -21.300000000000004 57.43183761835098
      vertex 8.344296038150787 -20.500000000000004 57.43183761835098
    endloop
  endfacet
  facet normal -0.1822355243538381 0 0.9832549077749277
    outer loop
      vertex 8.344296038150787 -20.500000000000004 57.43183761835098
      vertex 9.682703912258148 -21.300000000000004 57.67989685386419
      vertex 9.682703912258148 -20.500000000000004 57.67989685386419
    endloop
  endfacet
  facet normal -0.1305261919523314 0 0.9914448614090563
    outer loop
      vertex 9.682703912258148 -20.500000000000004 57.67989685386419
      vertex 11.032259956002235 -21.300000000000004 57.85756927728653
      vertex 11.032259956002235 -20.500000000000004 57.85756927728653
    endloop
  endfacet
  facet normal -0.0784590977217935 0 0.9969173335762007
    outer loop
      vertex 11.032259956002235 -20.500000000000004 57.85756927728653
      vertex 12.38926513493061 -21.300000000000004 57.964367903769016
      vertex 12.38926513493061 -20.500000000000004 57.964367903769016
    endloop
  endfacet
  facet normal -0.02617694814476046 0 0.9996573249798285
    outer loop
      vertex 12.38926513493061 -20.500000000000004 57.964367903769016
      vertex 13.75 -21.300000000000004 58
      vertex 13.75 -20.500000000000004 58
    endloop
  endfacet
  facet normal -0.9996573249798285 0 0.02617694814476046
    outer loop
      vertex -12.25 -20.500000000000004 32
      vertex -12.25 -21.300000000000004 32
      vertex -12.214367903769016 -21.300000000000004 33.36073486506939
    endloop
  endfacet
  facet normal -0.9969173335762007 0 0.0784590977217935
    outer loop
      vertex -12.214367903769016 -20.500000000000004 33.36073486506939
      vertex -12.214367903769016 -21.300000000000004 33.36073486506939
      vertex -12.10756927728653 -21.300000000000004 34.717740043997765
    endloop
  endfacet
  facet normal -0.9914448614090563 0 0.1305261919523314
    outer loop
      vertex -12.10756927728653 -20.500000000000004 34.717740043997765
      vertex -12.10756927728653 -21.300000000000004 34.717740043997765
      vertex -11.929896853864193 -21.300000000000004 36.06729608774185
    endloop
  endfacet
  facet normal -0.9832549077749277 0 0.1822355243538381
    outer loop
      vertex -11.929896853864193 -20.500000000000004 36.06729608774185
      vertex -11.929896853864193 -21.300000000000004 36.06729608774185
      vertex -11.681837618350983 -21.300000000000004 37.40570396184921
    endloop
  endfacet
  facet normal -0.97236992002956 0 0.23344536538922164
    outer loop
      vertex -11.681837618350983 -20.500000000000004 37.40570396184921
      vertex -11.681837618350983 -21.300000000000004 37.40570396184921
      vertex -11.364071480929852 -21.300000000000004 38.729295171797276
    endloop
  endfacet
  facet normal -0.9588197349285384 0 0.28401534450019994
    outer loop
      vertex -11.364071480929852 -20.500000000000004 38.729295171797276
      vertex -11.364071480929852 -21.300000000000004 38.729295171797276
      vertex -10.97746942192316 -21.300000000000004 40.034441851079464
    endloop
  endfacet
  facet normal -0.9426414906374027 0 0.3338068605180183
    outer loop
      vertex -10.97746942192316 -20.500000000000004 40.034441851079464
      vertex -10.97746942192316 -21.300000000000004 40.034441851079464
      vertex -10.523091085255146 -21.300000000000004 41.31756668537855
    endloop
  endfacet
  facet normal -0.9238795325607616 0 0.382683432245647
    outer loop
      vertex -10.523091085255146 -20.500000000000004 41.31756668537855
      vertex -10.523091085255146 -21.300000000000004 41.31756668537855
      vertex -10.002181895077229 -21.300000000000004 42.57515271753073
    endloop
  endfacet
  facet normal -0.9025852859863648 0 0.43051109337729265
    outer loop
      vertex -10.002181895077229 -20.500000000000004 42.57515271753073
      vertex -10.002181895077229 -21.300000000000004 42.57515271753073
      vertex -9.416169628500938 -21.300000000000004 43.80375299602747
    endloop
  endfacet
  facet normal -0.8788171117605348 0 0.4771587619198371
    outer loop
      vertex -9.416169628500938 -20.500000000000004 43.80375299602747
      vertex -9.416169628500938 -21.300000000000004 43.80375299602747
      vertex -8.766660496592522 -21.300000000000004 45
    endloop
  endfacet
  facet normal 0 -1 0
    outer loop
      vertex -10.97746942192316 -21.300000000000004 23.965558148920536
      vertex -0.53 -21.300000000000004 50.31
      vertex -11.364071480929852 -21.300000000000004 25.270704828202724
    endloop
  endfacet
  facet normal 0 -1 0
    outer loop
      vertex -11.364071480929852 -21.300000000000004 25.270704828202724
      vertex -0.53 -21.300000000000004 50.31
      vertex -11.681837618350983 -21.300000000000004 26.594296038150787
    endloop
  endfacet
  facet normal 0 -1 0
    outer loop
      vertex -11.681837618350983 -21.300000000000004 26.594296038150787
      vertex -0.53 -21.300000000000004 50.31
      vertex -11.929896853864193 -21.300000000000004 27.932703912258148
    endloop
  endfacet
  facet normal 0 -1 0
    outer loop
      vertex -10.97746942192316 -21.300000000000004 23.965558148920536
      vertex -10.523091085255146 -21.300000000000004 22.68243331462145
      vertex -0.53 -21.300000000000004 50.31
    endloop
  endfacet
  facet normal 0 -1 0
    outer loop
      vertex -11.929896853864193 -21.300000000000004 27.932703912258148
      vertex -0.53 -21.300000000000004 50.31
      vertex -12.10756927728653 -21.300000000000004 29.282259956002235
    endloop
  endfacet
  facet normal 0 -1 0
    outer loop
      vertex -12.10756927728653 -21.300000000000004 29.282259956002235
      vertex -0.53 -21.300000000000004 50.31
      vertex -12.214367903769016 -21.300000000000004 30.63926513493061
    endloop
  endfacet
  facet normal 0 -1 0
    outer loop
      vertex -12.214367903769016 -21.300000000000004 30.63926513493061
      vertex -0.53 -21.300000000000004 50.31
      vertex -12.25 -21.300000000000004 32
    endloop
  endfacet
  facet normal 0 -1 0
    outer loop
      vertex -12.25 -21.300000000000004 32
      vertex -0.53 -21.300000000000004 50.31
      vertex -12.214367903769016 -21.300000000000004 33.36073486506939
    endloop
  endfacet
  facet normal 0 -1 0
    outer loop
      vertex -12.214367903769016 -21.300000000000004 33.36073486506939
      vertex -0.53 -21.300000000000004 50.31
      vertex -12.10756927728653 -21.300000000000004 34.717740043997765
    endloop
  endfacet
  facet normal 0 -1 0
    outer loop
      vertex -12.10756927728653 -21.300000000000004 34.717740043997765
      vertex -0.53 -21.300000000000004 50.31
      vertex -11.929896853864193 -21.300000000000004 36.06729608774185
    endloop
  endfacet
  facet normal 0 -1 0
    outer loop
      vertex -11.929896853864193 -21.300000000000004 36.06729608774185
      vertex -0.53 -21.300000000000004 50.31
      vertex -11.681837618350983 -21.300000000000004 37.40570396184921
    endloop
  endfacet
  facet normal 0 -1 0
    outer loop
      vertex -11.681837618350983 -21.300000000000004 37.40570396184921
      vertex -0.53 -21.300000000000004 50.31
      vertex -11.364071480929852 -21.300000000000004 38.729295171797276
    endloop
  endfacet
  facet normal 0 -1 0
    outer loop
      vertex -11.364071480929852 -21.300000000000004 38.729295171797276
      vertex -0.53 -21.300000000000004 50.31
      vertex -10.97746942192316 -21.300000000000004 40.034441851079464
    endloop
  endfacet
  facet normal 0 -1 0
    outer loop
      vertex -10.97746942192316 -21.300000000000004 40.034441851079464
      vertex -0.53 -21.300000000000004 50.31
      vertex -10.523091085255146 -21.300000000000004 41.31756668537855
    endloop
  endfacet
  facet normal 0 -1 0
    outer loop
      vertex -10.523091085255146 -21.300000000000004 41.31756668537855
      vertex -0.53 -21.300000000000004 50.31
      vertex -10.002181895077229 -21.300000000000004 42.57515271753073
    endloop
  endfacet
  facet normal -0.8526401633820508 0 0.5224985663021762
    outer loop
      vertex -8.766660496592522 -20.500000000000004 45
      vertex -8.766660496592522 -21.300000000000004 45
      vertex -8.055434763431549 -21.300000000000004 46.16061490774155
    endloop
  endfacet
  facet normal -0.8241261894468007 0 0.5664062357247631
    outer loop
      vertex -8.055434763431549 -20.500000000000004 46.16061490774155
      vertex -8.055434763431549 -21.300000000000004 46.16061490774155
      vertex -7.284441851079464 -21.300000000000004 47.2824165597558
    endloop
  endfacet
  facet normal -0.7933533413904209 0 0.608761427576234
    outer loop
      vertex -7.284441851079464 -20.500000000000004 47.2824165597558
      vertex -7.284441851079464 -21.300000000000004 47.2824165597558
      vertex -6.455794997513294 -21.300000000000004 48.36233016848564
    endloop
  endfacet
  facet normal -0.7604059651179962 0 0.649448048894574
    outer loop
      vertex -6.455794997513294 -20.500000000000004 48.36233016848564
      vertex -6.455794997513294 -21.300000000000004 48.36233016848564
      vertex -5.571765460073948 -21.300000000000004 49.39739576727152
    endloop
  endfacet
  facet normal -0.7253743699663061 0 0.6883545767959884
    outer loop
      vertex -5.571765460073948 -20.500000000000004 49.39739576727152
      vertex -5.571765460073948 -21.300000000000004 49.39739576727152
      vertex -4.634776309132576 -21.300000000000004 50.384776309132576
    endloop
  endfacet
  facet normal -0.6883545767959884 0 0.7253743699663061
    outer loop
      vertex -4.634776309132576 -20.500000000000004 50.384776309132576
      vertex -4.634776309132576 -21.300000000000004 50.384776309132576
      vertex -3.6473957672715187 -21.300000000000004 51.32176546007395
    endloop
  endfacet
  facet normal -0.649448048894574 0 0.7604059651179962
    outer loop
      vertex -3.6473957672715187 -20.500000000000004 51.32176546007395
      vertex -3.6473957672715187 -21.300000000000004 51.32176546007395
      vertex -2.6123301684856415 -21.300000000000004 52.205794997513294
    endloop
  endfacet
  facet normal -0.608761427576234 0 0.7933533413904209
    outer loop
      vertex -2.6123301684856415 -20.500000000000004 52.205794997513294
      vertex -2.6123301684856415 -21.300000000000004 52.205794997513294
      vertex -1.5324165597558022 -21.300000000000004 53.034441851079464
    endloop
  endfacet
  facet normal -0.5664062357247631 0 0.8241261894468007
    outer loop
      vertex -1.5324165597558022 -20.500000000000004 53.034441851079464
      vertex -1.5324165597558022 -21.300000000000004 53.034441851079464
      vertex -0.41061490774154663 -21.300000000000004 53.80543476343155
    endloop
  endfacet
  facet normal -0.5224985663021762 0 0.8526401633820508
    outer loop
      vertex -0.41061490774154663 -20.500000000000004 53.80543476343155
      vertex -0.41061490774154663 -21.300000000000004 53.80543476343155
      vertex 0.75 -21.300000000000004 54.51666049659252
    endloop
  endfacet
  facet normal 0 -1 0
    outer loop
      vertex -10.002181895077229 -21.300000000000004 42.57515271753073
      vertex -0.53 -21.300000000000004 50.31
      vertex -9.416169628500938 -21.300000000000004 43.80375299602747
    endloop
  endfacet
  facet normal 0 -1 0
    outer loop
      vertex -9.416169628500938 -21.300000000000004 43.80375299602747
      vertex -0.53 -21.300000000000004 50.31
      vertex -8.766660496592522 -21.300000000000004 45
    endloop
  endfacet
  facet normal 0 -1 0
    outer loop
      vertex -8.766660496592522 -21.300000000000004 45
      vertex -0.53 -21.300000000000004 50.31
      vertex -8.055434763431549 -21.300000000000004 46.16061490774155
    endloop
  endfacet
  facet normal 0 -1 0
    outer loop
      vertex -8.055434763431549 -21.300000000000004 46.16061490774155
      vertex -0.53 -21.300000000000004 50.31
      vertex -7.284441851079464 -21.300000000000004 47.2824165597558
    endloop
  endfacet
  facet normal 0 -1 0
    outer loop
      vertex -7.284441851079464 -21.300000000000004 47.2824165597558
      vertex -0.53 -21.300000000000004 50.31
      vertex -6.455794997513294 -21.300000000000004 48.36233016848564
    endloop
  endfacet
  facet normal 0 -1 0
    outer loop
      vertex -6.455794997513294 -21.300000000000004 48.36233016848564
      vertex -0.53 -21.300000000000004 50.31
      vertex -5.571765460073948 -21.300000000000004 49.39739576727152
    endloop
  endfacet
  facet normal 0 -1 0
    outer loop
      vertex -5.571765460073948 -21.300000000000004 49.39739576727152
      vertex -0.53 -21.300000000000004 50.31
      vertex -4.634776309132576 -21.300000000000004 50.384776309132576
    endloop
  endfacet
  facet normal 0 -1 0
    outer loop
      vertex -4.634776309132576 -21.300000000000004 50.384776309132576
      vertex -0.53 -21.300000000000004 50.31
      vertex -3.6473957672715187 -21.300000000000004 51.32176546007395
    endloop
  endfacet
  facet normal 0 -1 0
    outer loop
      vertex -3.6473957672715187 -21.300000000000004 51.32176546007395
      vertex -0.53 -21.300000000000004 50.31
      vertex -2.6123301684856415 -21.300000000000004 52.205794997513294
    endloop
  endfacet
  facet normal 0 -1 0
    outer loop
      vertex -2.6123301684856415 -21.300000000000004 52.205794997513294
      vertex -0.53 -21.300000000000004 50.31
      vertex -0.5171672920607155 -21.300000000000004 50.50578928833008
    endloop
  endfacet
  facet normal 0 -1 0
    outer loop
      vertex -2.6123301684856415 -21.300000000000004 52.205794997513294
      vertex -0.5171672920607155 -21.300000000000004 50.50578928833008
      vertex -0.47888873943360255 -21.300000000000004 50.698228567653786
    endloop
  endfacet
  facet normal 0 -1 0
    outer loop
      vertex -2.6123301684856415 -21.300000000000004 52.205794997513294
      vertex -0.47888873943360255 -21.300000000000004 50.698228567653786
      vertex -0.41581929876693 -21.300000000000004 50.884025148547636
    endloop
  endfacet
  facet normal 0 -1 0
    outer loop
      vertex -2.6123301684856415 -21.300000000000004 52.205794997513294
      vertex -0.41581929876693 -21.300000000000004 50.884025148547636
      vertex -1.5324165597558022 -21.300000000000004 53.034441851079464
    endloop
  endfacet
  facet normal 0 -1 0
    outer loop
      vertex -1.5324165597558022 -21.300000000000004 53.034441851079464
      vertex -0.41581929876693 -21.300000000000004 50.884025148547636
      vertex -0.32903810567665803 -21.300000000000004 51.06
    endloop
  endfacet
  facet normal 0 -1 0
    outer loop
      vertex -1.5324165597558022 -21.300000000000004 53.034441851079464
      vertex -0.32903810567665803 -21.300000000000004 51.06
      vertex -0.22003001043685289 -21.300000000000004 51.22314214351308
    endloop
  endfacet
  facet normal 0 -1 0
    outer loop
      vertex -1.5324165597558022 -21.300000000000004 53.034441851079464
      vertex -0.22003001043685289 -21.300000000000004 51.22314214351308
      vertex -0.09066017177982144 -21.300000000000004 51.370660171779825
    endloop
  endfacet
  facet normal 0 -1 0
    outer loop
      vertex -1.5324165597558022 -21.300000000000004 53.034441851079464
      vertex -0.09066017177982144 -21.300000000000004 51.370660171779825
      vertex 0.05685785648691899 -21.300000000000004 51.50003001043685
    endloop
  endfacet
  facet normal 0 -1 0
    outer loop
      vertex -1.5324165597558022 -21.300000000000004 53.034441851079464
      vertex 0.05685785648691899 -21.300000000000004 51.50003001043685
      vertex 0.21999999999999997 -21.300000000000004 51.60903810567666
    endloop
  endfacet
  facet normal 0 -1 0
    outer loop
      vertex -1.5324165597558022 -21.300000000000004 53.034441851079464
      vertex 0.21999999999999997 -21.300000000000004 51.60903810567666
      vertex 0.39597485145236533 -21.300000000000004 51.695819298766935
    endloop
  endfacet
  facet normal 0 -1 0
    outer loop
      vertex -1.5324165597558022 -21.300000000000004 53.034441851079464
      vertex 0.39597485145236533 -21.300000000000004 51.695819298766935
      vertex -0.41061490774154663 -21.300000000000004 53.80543476343155
    endloop
  endfacet
  facet normal 0 -1 0
    outer loop
      vertex -0.41061490774154663 -21.300000000000004 53.80543476343155
      vertex 0.39597485145236533 -21.300000000000004 51.695819298766935
      vertex 0.5817714323462189 -21.300000000000004 51.75888873943361
    endloop
  endfacet
  facet normal 0 -1 0
    outer loop
      vertex -0.41061490774154663 -21.300000000000004 53.80543476343155
      vertex 0.5817714323462189 -21.300000000000004 51.75888873943361
      vertex 0.7742107116699226 -21.300000000000004 51.79716729206072
    endloop
  endfacet
  facet normal 0 -1 0
    outer loop
      vertex -0.41061490774154663 -21.300000000000004 53.80543476343155
      vertex 0.7742107116699226 -21.300000000000004 51.79716729206072
      vertex 0.75 -21.300000000000004 54.51666049659252
    endloop
  endfacet
  facet normal -0.4771587619198371 0 0.8788171117605348
    outer loop
      vertex 0.75 -20.500000000000004 54.51666049659252
      vertex 0.75 -21.300000000000004 54.51666049659252
      vertex 1.9462470039725304 -21.300000000000004 55.16616962850094
    endloop
  endfacet
  facet normal -0.43051109337729265 0 0.9025852859863648
    outer loop
      vertex 1.9462470039725304 -20.500000000000004 55.16616962850094
      vertex 1.9462470039725304 -21.300000000000004 55.16616962850094
      vertex 3.1748472824692726 -21.300000000000004 55.75218189507723
    endloop
  endfacet
  facet normal -0.382683432245647 0 0.9238795325607616
    outer loop
      vertex 3.1748472824692726 -20.500000000000004 55.75218189507723
      vertex 3.1748472824692726 -21.300000000000004 55.75218189507723
      vertex 4.4324333146214485 -21.300000000000004 56.273091085255146
    endloop
  endfacet
  facet normal -0.3338068605180183 0 0.9426414906374027
    outer loop
      vertex 4.4324333146214485 -20.500000000000004 56.273091085255146
      vertex 4.4324333146214485 -21.300000000000004 56.273091085255146
      vertex 5.715558148920536 -21.300000000000004 56.72746942192316
    endloop
  endfacet
  facet normal -0.28401534450019994 0 0.9588197349285384
    outer loop
      vertex 5.715558148920536 -20.500000000000004 56.72746942192316
      vertex 5.715558148920536 -21.300000000000004 56.72746942192316
      vertex 7.0207048282027245 -21.300000000000004 57.11407148092985
    endloop
  endfacet
  facet normal -0.23344536538922164 0 0.97236992002956
    outer loop
      vertex 7.0207048282027245 -20.500000000000004 57.11407148092985
      vertex 7.0207048282027245 -21.300000000000004 57.11407148092985
      vertex 8.344296038150787 -21.300000000000004 57.43183761835098
    endloop
  endfacet
  facet normal -0.1822355243538381 0 0.9832549077749277
    outer loop
      vertex 8.344296038150787 -20.500000000000004 57.43183761835098
      vertex 8.344296038150787 -21.300000000000004 57.43183761835098
      vertex 9.682703912258148 -21.300000000000004 57.67989685386419
    endloop
  endfacet
  facet normal -0.1305261919523314 0 0.9914448614090563
    outer loop
      vertex 9.682703912258148 -20.500000000000004 57.67989685386419
      vertex 9.682703912258148 -21.300000000000004 57.67989685386419
      vertex 11.032259956002235 -21.300000000000004 57.85756927728653
    endloop
  endfacet
  facet normal -0.0784590977217935 0 0.9969173335762007
    outer loop
      vertex 11.032259956002235 -20.500000000000004 57.85756927728653
      vertex 11.032259956002235 -21.300000000000004 57.85756927728653
      vertex 12.38926513493061 -21.300000000000004 57.964367903769016
    endloop
  endfacet
  facet normal -0.02617694814476046 0 0.9996573249798285
    outer loop
      vertex 12.38926513493061 -20.500000000000004 57.964367903769016
      vertex 12.38926513493061 -21.300000000000004 57.964367903769016
      vertex 13.75 -21.300000000000004 58
    endloop
  endfacet
  facet normal 0 -1 0
    outer loop
      vertex 0.75 -21.300000000000004 54.51666049659252
      vertex 0.7742107116699226 -21.300000000000004 51.79716729206072
      vertex 0.97 -21.300000000000004 51.81
    endloop
  endfacet
  facet normal 0 -1 0
    outer loop
      vertex 0.75 -21.300000000000004 54.51666049659252
      vertex 0.97 -21.300000000000004 51.81
      vertex 26.529999999999998 -21.300000000000004 51.81
    endloop
  endfacet
  facet normal 0 -1 0
    outer loop
      vertex 0.75 -21.300000000000004 54.51666049659252
      vertex 26.529999999999998 -21.300000000000004 51.81
      vertex 1.9462470039725304 -21.300000000000004 55.16616962850094
    endloop
  endfacet
  facet normal 0 -1 0
    outer loop
      vertex 1.9462470039725304 -21.300000000000004 55.16616962850094
      vertex 26.529999999999998 -21.300000000000004 51.81
      vertex 3.1748472824692726 -21.300000000000004 55.75218189507723
    endloop
  endfacet
  facet normal 0 -1 0
    outer loop
      vertex 3.1748472824692726 -21.300000000000004 55.75218189507723
      vertex 26.529999999999998 -21.300000000000004 51.81
      vertex 4.4324333146214485 -21.300000000000004 56.273091085255146
    endloop
  endfacet
  facet normal 0 -1 0
    outer loop
      vertex 4.4324333146214485 -21.300000000000004 56.273091085255146
      vertex 26.529999999999998 -21.300000000000004 51.81
      vertex 5.715558148920536 -21.300000000000004 56.72746942192316
    endloop
  endfacet
  facet normal 0 -1 0
    outer loop
      vertex 5.715558148920536 -21.300000000000004 56.72746942192316
      vertex 26.529999999999998 -21.300000000000004 51.81
      vertex 7.0207048282027245 -21.300000000000004 57.11407148092985
    endloop
  endfacet
  facet normal 0 1 0
    outer loop
      vertex 13.75 -20.500000000000004 6
      vertex 13.75 -20.500000000000004 10.399999998509884
      vertex 15.11073486506939 -20.500000000000004 6.035632096230984
    endloop
  endfacet
  facet normal 0 1 0
    outer loop
      vertex 15.11073486506939 -20.500000000000004 6.035632096230984
      vertex 13.75 -20.500000000000004 10.399999998509884
      vertex 16.467740043997765 -20.500000000000004 6.1424307227134705
    endloop
  endfacet
  facet normal 0 1 0
    outer loop
      vertex 16.467740043997765 -20.500000000000004 6.1424307227134705
      vertex 13.75 -20.500000000000004 10.399999998509884
      vertex 17.570604138076305 -20.500000000000004 7.741389535367489
    endloop
  endfacet
  facet normal 0 1 0
    outer loop
      vertex 16.467740043997765 -20.500000000000004 6.1424307227134705
      vertex 17.570604138076305 -20.500000000000004 7.741389535367489
      vertex 17.817296087741852 -20.500000000000004 6.320103146135807
    endloop
  endfacet
  facet normal 0 1 0
    outer loop
      vertex 17.817296087741852 -20.500000000000004 6.320103146135807
      vertex 17.570604138076305 -20.500000000000004 7.741389535367489
      vertex 19.155703961849213 -20.500000000000004 6.568162381649017
    endloop
  endfacet
  facet normal 0 1 0
    outer loop
      vertex 16.222746945917606 -20.500000000000004 12.196555815637112
      vertex 19.931867353618145 -20.500000000000004 15.008610464632511
      vertex 17.570604138076305 -20.500000000000004 7.741389535367489
    endloop
  endfacet
  facet normal 0 1 0
    outer loop
      vertex 17.570604138076305 -20.500000000000004 7.741389535367489
      vertex 19.931867353618145 -20.500000000000004 15.008610464632511
      vertex 19.155703961849213 -20.500000000000004 6.568162381649017
    endloop
  endfacet
  facet normal 0 1 0
    outer loop
      vertex 19.155703961849213 -20.500000000000004 6.568162381649017
      vertex 19.931867353618145 -20.500000000000004 15.008610464632511
      vertex 20.479295171797276 -20.500000000000004 6.8859285190701485
    endloop
  endfacet
  facet normal 0 1 0
    outer loop
      vertex 15.278241656720638 -20.500000000000004 15.103444188833237
      vertex 13.75 -20.500000000000004 19.5
      vertex 19.931867353618145 -20.500000000000004 15.008610464632511
    endloop
  endfacet
  facet normal 0 1 0
    outer loop
      vertex 19.931867353618145 -20.500000000000004 15.008610464632511
      vertex 21.784441851079464 -20.500000000000004 7.2725305780768394
      vertex 20.479295171797276 -20.500000000000004 6.8859285190701485
    endloop
  endfacet
  facet normal 0 1 0
    outer loop
      vertex 19.931867353618145 -20.500000000000004 15.008610464632511
      vertex 23.06756668537855 -20.500000000000004 7.726908914744854
      vertex 21.784441851079464 -20.500000000000004 7.2725305780768394
    endloop
  endfacet
  facet normal 0 1 0
    outer loop
      vertex 19.931867353618145 -20.500000000000004 15.008610464632511
      vertex 24.325152717530727 -20.500000000000004 8.247818104922771
      vertex 23.06756668537855 -20.500000000000004 7.726908914744854
    endloop
  endfacet
  facet normal 0 1 0
    outer loop
      vertex 19.931867353618145 -20.500000000000004 15.008610464632511
      vertex 25.55375299602747 -20.500000000000004 8.833830371499062
      vertex 24.325152717530727 -20.500000000000004 8.247818104922771
    endloop
  endfacet
  facet normal 0 1 0
    outer loop
      vertex 19.931867353618145 -20.500000000000004 15.008610464632511
      vertex 26.75 -20.500000000000004 9.483339503407478
      vertex 25.55375299602747 -20.500000000000004 8.833830371499062
    endloop
  endfacet
  facet normal 0 1 0
    outer loop
      vertex 19.931867353618145 -20.500000000000004 15.008610464632511
      vertex 27.910614907741547 -20.500000000000004 10.194565236568451
      vertex 26.75 -20.500000000000004 9.483339503407478
    endloop
  endfacet
  facet normal 0 1 0
    outer loop
      vertex 19.931867353618145 -20.500000000000004 15.008610464632511
      vertex 29.032416559755802 -20.500000000000004 10.965558148920536
      vertex 27.910614907741547 -20.500000000000004 10.194565236568451
    endloop
  endfacet
  facet normal 0 1 0
    outer loop
      vertex 19.931867353618145 -20.500000000000004 15.008610464632511
      vertex 13.75 -20.500000000000004 19.5
      vertex 36.26666049659252 -20.500000000000004 19
    endloop
  endfacet
  facet normal 0 1 0
    outer loop
      vertex 19.931867353618145 -20.500000000000004 15.008610464632511
      vertex 30.11233016848564 -20.500000000000004 11.794205002486706
      vertex 29.032416559755802 -20.500000000000004 10.965558148920536
    endloop
  endfacet
  facet normal 0.02617694814476046 0 -0.9996573249798285
    outer loop
      vertex 13.75 -20.500000000000004 6
      vertex 15.11073486506939 -20.500000000000004 6.035632096230984
      vertex 13.75 -21.300000000000004 6
    endloop
  endfacet
  facet normal 0.0784590977217935 0 -0.9969173335762007
    outer loop
      vertex 15.11073486506939 -20.500000000000004 6.035632096230984
      vertex 16.467740043997765 -20.500000000000004 6.1424307227134705
      vertex 15.11073486506939 -21.300000000000004 6.035632096230984
    endloop
  endfacet
  facet normal 0.1305261919523314 0 -0.9914448614090563
    outer loop
      vertex 16.467740043997765 -20.500000000000004 6.1424307227134705
      vertex 17.817296087741852 -20.500000000000004 6.320103146135807
      vertex 16.467740043997765 -21.300000000000004 6.1424307227134705
    endloop
  endfacet
  facet normal 0.5711801445457819 0 0.820824733104857
    outer loop
      vertex 13.75 -20.500000000000004 10.399999998509884
      vertex 13.75 -21.300000000000004 10.399999998509884
      vertex 17.570604138076305 -20.500000000000004 7.741389535367489
    endloop
  endfacet
  facet normal 0.1822355243538381 0 -0.9832549077749277
    outer loop
      vertex 17.817296087741852 -20.500000000000004 6.320103146135807
      vertex 19.155703961849213 -20.500000000000004 6.568162381649017
      vertex 17.817296087741852 -21.300000000000004 6.320103146135807
    endloop
  endfacet
  facet normal -0.9571550830794123 0 -0.2895758051620391
    outer loop
      vertex 16.222746945917606 -20.500000000000004 12.196555815637112
      vertex 17.570604138076305 -20.500000000000004 7.741389535367489
      vertex 17.570604138076305 -21.300000000000004 7.741389535367489
    endloop
  endfacet
  facet normal 0.23344536538922164 0 -0.97236992002956
    outer loop
      vertex 19.155703961849213 -20.500000000000004 6.568162381649017
      vertex 20.479295171797276 -20.500000000000004 6.8859285190701485
      vertex 19.155703961849213 -21.300000000000004 6.568162381649017
    endloop
  endfacet
  facet normal -0.9445631164358154 0 -0.3283298936573709
    outer loop
      vertex 15.278241656720638 -20.500000000000004 15.103444188833237
      vertex 15.278241656720638 -21.300000000000004 15.103444188833237
      vertex 13.75 -20.500000000000004 19.5
    endloop
  endfacet
  facet normal -0.6041463404085812 0 0.7968733897997339
    outer loop
      vertex 16.222746945917606 -20.500000000000004 12.196555815637112
      vertex 16.222746945917606 -21.300000000000004 12.196555815637112
      vertex 19.931867353618145 -20.500000000000004 15.008610464632511
    endloop
  endfacet
  facet normal -0.020374229720154007 0 -0.9997924238377236
    outer loop
      vertex 15.278241656720638 -20.500000000000004 15.103444188833237
      vertex 19.931867353618145 -20.500000000000004 15.008610464632511
      vertex 19.931867353618145 -21.300000000000004 15.008610464632511
    endloop
  endfacet
  facet normal 0.28401534450019994 0 -0.9588197349285384
    outer loop
      vertex 20.479295171797276 -20.500000000000004 6.8859285190701485
      vertex 21.784441851079464 -20.500000000000004 7.2725305780768394
      vertex 20.479295171797276 -21.300000000000004 6.8859285190701485
    endloop
  endfacet
  facet normal 0.3338068605180183 0 -0.9426414906374027
    outer loop
      vertex 21.784441851079464 -20.500000000000004 7.2725305780768394
      vertex 23.06756668537855 -20.500000000000004 7.726908914744854
      vertex 21.784441851079464 -21.300000000000004 7.2725305780768394
    endloop
  endfacet
  facet normal 0.382683432245647 0 -0.9238795325607616
    outer loop
      vertex 23.06756668537855 -20.500000000000004 7.726908914744854
      vertex 24.325152717530727 -20.500000000000004 8.247818104922771
      vertex 23.06756668537855 -21.300000000000004 7.726908914744854
    endloop
  endfacet
  facet normal 0.43051109337729265 0 -0.9025852859863648
    outer loop
      vertex 24.325152717530727 -20.500000000000004 8.247818104922771
      vertex 25.55375299602747 -20.500000000000004 8.833830371499062
      vertex 24.325152717530727 -21.300000000000004 8.247818104922771
    endloop
  endfacet
  facet normal 0.4771587619198371 0 -0.8788171117605348
    outer loop
      vertex 25.55375299602747 -20.500000000000004 8.833830371499062
      vertex 26.75 -20.500000000000004 9.483339503407478
      vertex 25.55375299602747 -21.300000000000004 8.833830371499062
    endloop
  endfacet
  facet normal 0 1 0
    outer loop
      vertex 13.75 -20.500000000000004 19.5
      vertex 0.97 -20.500000000000004 20.19
      vertex 26.529999999999998 -20.500000000000004 20.19
    endloop
  endfacet
  facet normal 0 1 0
    outer loop
      vertex 13.75 -20.500000000000004 19.5
      vertex 26.529999999999998 -20.500000000000004 20.19
      vertex 36.91616962850094 -20.500000000000004 20.19624700397253
    endloop
  endfacet
  facet normal 0 1 0
    outer loop
      vertex 19.931867353618145 -20.500000000000004 15.008610464632511
      vertex 31.14739576727152 -20.500000000000004 12.678234539926052
      vertex 30.11233016848564 -20.500000000000004 11.794205002486706
    endloop
  endfacet
  facet normal 0 1 0
    outer loop
      vertex 19.931867353618145 -20.500000000000004 15.008610464632511
      vertex 32.134776309132576 -20.500000000000004 13.615223690867424
      vertex 31.14739576727152 -20.500000000000004 12.678234539926052
    endloop
  endfacet
  facet normal 0 1 0
    outer loop
      vertex 19.931867353618145 -20.500000000000004 15.008610464632511
      vertex 33.07176546007395 -20.500000000000004 14.602604232728481
      vertex 32.134776309132576 -20.500000000000004 13.615223690867424
    endloop
  endfacet
  facet normal 0 1 0
    outer loop
      vertex 19.931867353618145 -20.500000000000004 15.008610464632511
      vertex 33.955794997513294 -20.500000000000004 15.637669831514359
      vertex 33.07176546007395 -20.500000000000004 14.602604232728481
    endloop
  endfacet
  facet normal 0 1 0
    outer loop
      vertex 19.931867353618145 -20.500000000000004 15.008610464632511
      vertex 34.784441851079464 -20.500000000000004 16.717583440244198
      vertex 33.955794997513294 -20.500000000000004 15.637669831514359
    endloop
  endfacet
  facet normal 0 1 0
    outer loop
      vertex 19.931867353618145 -20.500000000000004 15.008610464632511
      vertex 35.55543476343155 -20.500000000000004 17.839385092258453
      vertex 34.784441851079464 -20.500000000000004 16.717583440244198
    endloop
  endfacet
  facet normal 0 1 0
    outer loop
      vertex 19.931867353618145 -20.500000000000004 15.008610464632511
      vertex 36.26666049659252 -20.500000000000004 19
      vertex 35.55543476343155 -20.500000000000004 17.839385092258453
    endloop
  endfacet
  facet normal 0.5224985663021762 0 -0.8526401633820508
    outer loop
      vertex 26.75 -20.500000000000004 9.483339503407478
      vertex 27.910614907741547 -20.500000000000004 10.194565236568451
      vertex 26.75 -21.300000000000004 9.483339503407478
    endloop
  endfacet
  facet normal 0.5664062357247631 0 -0.8241261894468007
    outer loop
      vertex 27.910614907741547 -20.500000000000004 10.194565236568451
      vertex 29.032416559755802 -20.500000000000004 10.965558148920536
      vertex 27.910614907741547 -21.300000000000004 10.194565236568451
    endloop
  endfacet
  facet normal 0.608761427576234 0 -0.7933533413904209
    outer loop
      vertex 29.032416559755802 -20.500000000000004 10.965558148920536
      vertex 30.11233016848564 -20.500000000000004 11.794205002486706
      vertex 29.032416559755802 -21.300000000000004 10.965558148920536
    endloop
  endfacet
  facet normal 0.649448048894574 0 -0.7604059651179962
    outer loop
      vertex 30.11233016848564 -20.500000000000004 11.794205002486706
      vertex 31.14739576727152 -20.500000000000004 12.678234539926052
      vertex 30.11233016848564 -21.300000000000004 11.794205002486706
    endloop
  endfacet
  facet normal 0.6883545767959884 0 -0.7253743699663061
    outer loop
      vertex 31.14739576727152 -20.500000000000004 12.678234539926052
      vertex 32.134776309132576 -20.500000000000004 13.615223690867424
      vertex 31.14739576727152 -21.300000000000004 12.678234539926052
    endloop
  endfacet
  facet normal 0.7253743699663061 0 -0.6883545767959884
    outer loop
      vertex 32.134776309132576 -20.500000000000004 13.615223690867424
      vertex 33.07176546007395 -20.500000000000004 14.602604232728481
      vertex 32.134776309132576 -21.300000000000004 13.615223690867424
    endloop
  endfacet
  facet normal 0.7604059651179962 0 -0.649448048894574
    outer loop
      vertex 33.07176546007395 -20.500000000000004 14.602604232728481
      vertex 33.955794997513294 -20.500000000000004 15.637669831514359
      vertex 33.07176546007395 -21.300000000000004 14.602604232728481
    endloop
  endfacet
  facet normal 0.7933533413904209 0 -0.608761427576234
    outer loop
      vertex 33.955794997513294 -20.500000000000004 15.637669831514359
      vertex 34.784441851079464 -20.500000000000004 16.717583440244198
      vertex 33.955794997513294 -21.300000000000004 15.637669831514359
    endloop
  endfacet
  facet normal 0.8241261894468007 0 -0.5664062357247631
    outer loop
      vertex 34.784441851079464 -20.500000000000004 16.717583440244198
      vertex 35.55543476343155 -20.500000000000004 17.839385092258453
      vertex 34.784441851079464 -21.300000000000004 16.717583440244198
    endloop
  endfacet
  facet normal 0.8526401633820508 0 -0.5224985663021762
    outer loop
      vertex 35.55543476343155 -20.500000000000004 17.839385092258453
      vertex 36.26666049659252 -20.500000000000004 19
      vertex 35.55543476343155 -21.300000000000004 17.839385092258453
    endloop
  endfacet
  facet normal 0 1 0
    outer loop
      vertex 13.75 -20.500000000000004 19.5
      vertex 36.91616962850094 -20.500000000000004 20.19624700397253
      vertex 36.26666049659252 -20.500000000000004 19
    endloop
  endfacet
  facet normal 0 1 0
    outer loop
      vertex 36.91616962850094 -20.500000000000004 20.19624700397253
      vertex 26.529999999999998 -20.500000000000004 20.19
      vertex 26.725789288330073 -20.500000000000004 20.202832707939287
    endloop
  endfacet
  facet normal 0 1 0
    outer loop
      vertex 36.91616962850094 -20.500000000000004 20.19624700397253
      vertex 26.725789288330073 -20.500000000000004 20.202832707939287
      vertex 26.918228567653777 -20.500000000000004 20.2411112605664
    endloop
  endfacet
  facet normal 0 1 0
    outer loop
      vertex 36.91616962850094 -20.500000000000004 20.19624700397253
      vertex 26.918228567653777 -20.500000000000004 20.2411112605664
      vertex 27.10402514854763 -20.500000000000004 20.304180701233072
    endloop
  endfacet
  facet normal 0 1 0
    outer loop
      vertex 36.91616962850094 -20.500000000000004 20.19624700397253
      vertex 27.10402514854763 -20.500000000000004 20.304180701233072
      vertex 27.279999999999998 -20.500000000000004 20.390961894323343
    endloop
  endfacet
  facet normal 0 1 0
    outer loop
      vertex 36.91616962850094 -20.500000000000004 20.19624700397253
      vertex 27.279999999999998 -20.500000000000004 20.390961894323343
      vertex 27.44314214351308 -20.500000000000004 20.499969989563148
    endloop
  endfacet
  facet normal 0 1 0
    outer loop
      vertex 36.91616962850094 -20.500000000000004 20.19624700397253
      vertex 27.44314214351308 -20.500000000000004 20.499969989563148
      vertex 27.59066017177982 -20.500000000000004 20.629339828220182
    endloop
  endfacet
  facet normal 0 1 0
    outer loop
      vertex 37.50218189507723 -20.500000000000004 21.424847282469273
      vertex 27.59066017177982 -20.500000000000004 20.629339828220182
      vertex 27.72003001043685 -20.500000000000004 20.77685785648692
    endloop
  endfacet
  facet normal 0 1 0
    outer loop
      vertex 37.50218189507723 -20.500000000000004 21.424847282469273
      vertex 27.72003001043685 -20.500000000000004 20.77685785648692
      vertex 27.829038105676656 -20.500000000000004 20.94
    endloop
  endfacet
  facet normal 0 1 0
    outer loop
      vertex 37.50218189507723 -20.500000000000004 21.424847282469273
      vertex 27.829038105676656 -20.500000000000004 20.94
      vertex 27.915819298766927 -20.500000000000004 21.115974851452364
    endloop
  endfacet
  facet normal 0 1 0
    outer loop
      vertex 37.50218189507723 -20.500000000000004 21.424847282469273
      vertex 27.915819298766927 -20.500000000000004 21.115974851452364
      vertex 27.9788887394336 -20.500000000000004 21.30177143234622
    endloop
  endfacet
  facet normal 0 1 0
    outer loop
      vertex 37.50218189507723 -20.500000000000004 21.424847282469273
      vertex 27.9788887394336 -20.500000000000004 21.30177143234622
      vertex 28.017167292060712 -20.500000000000004 21.494210711669922
    endloop
  endfacet
  facet normal 0 1 0
    outer loop
      vertex 38.023091085255146 -20.500000000000004 22.68243331462145
      vertex 28.017167292060712 -20.500000000000004 21.494210711669922
      vertex 28.029999999999998 -20.500000000000004 21.69
    endloop
  endfacet
  facet normal 0 1 0
    outer loop
      vertex 38.023091085255146 -20.500000000000004 22.68243331462145
      vertex 28.029999999999998 -20.500000000000004 21.69
      vertex 28.029999999999998 -20.500000000000004 50.31
    endloop
  endfacet
  facet normal 0 1 0
    outer loop
      vertex 36.91616962850094 -20.500000000000004 20.19624700397253
      vertex 27.59066017177982 -20.500000000000004 20.629339828220182
      vertex 37.50218189507723 -20.500000000000004 21.424847282469273
    endloop
  endfacet
  facet normal 0 1 0
    outer loop
      vertex 37.50218189507723 -20.500000000000004 21.424847282469273
      vertex 28.017167292060712 -20.500000000000004 21.494210711669922
      vertex 38.023091085255146 -20.500000000000004 22.68243331462145
    endloop
  endfacet
  facet normal 0.8788171117605348 0 -0.4771587619198371
    outer loop
      vertex 36.26666049659252 -20.500000000000004 19
      vertex 36.91616962850094 -20.500000000000004 20.19624700397253
      vertex 36.26666049659252 -21.300000000000004 19
    endloop
  endfacet
  facet normal 0.9025852859863648 0 -0.43051109337729265
    outer loop
      vertex 36.91616962850094 -20.500000000000004 20.19624700397253
      vertex 37.50218189507723 -20.500000000000004 21.424847282469273
      vertex 36.91616962850094 -21.300000000000004 20.19624700397253
    endloop
  endfacet
  facet normal 0.9238795325607616 0 -0.382683432245647
    outer loop
      vertex 37.50218189507723 -20.500000000000004 21.424847282469273
      vertex 38.023091085255146 -20.500000000000004 22.68243331462145
      vertex 37.50218189507723 -21.300000000000004 21.424847282469273
    endloop
  endfacet
  facet normal 0.9426414906374027 0 -0.3338068605180183
    outer loop
      vertex 38.023091085255146 -20.500000000000004 22.68243331462145
      vertex 38.47746942192316 -20.500000000000004 23.965558148920536
      vertex 38.023091085255146 -21.300000000000004 22.68243331462145
    endloop
  endfacet
  facet normal 0.9588197349285384 0 -0.28401534450019994
    outer loop
      vertex 38.47746942192316 -20.500000000000004 23.965558148920536
      vertex 38.86407148092985 -20.500000000000004 25.270704828202724
      vertex 38.47746942192316 -21.300000000000004 23.965558148920536
    endloop
  endfacet
  facet normal 0.97236992002956 0 -0.23344536538922164
    outer loop
      vertex 38.86407148092985 -20.500000000000004 25.270704828202724
      vertex 39.18183761835098 -20.500000000000004 26.594296038150787
      vertex 38.86407148092985 -21.300000000000004 25.270704828202724
    endloop
  endfacet
  facet normal 0.9832549077749277 0 -0.1822355243538381
    outer loop
      vertex 39.18183761835098 -20.500000000000004 26.594296038150787
      vertex 39.42989685386419 -20.500000000000004 27.932703912258148
      vertex 39.18183761835098 -21.300000000000004 26.594296038150787
    endloop
  endfacet
  facet normal 0.9914448614090563 0 -0.1305261919523314
    outer loop
      vertex 39.42989685386419 -20.500000000000004 27.932703912258148
      vertex 39.60756927728653 -20.500000000000004 29.282259956002235
      vertex 39.42989685386419 -21.300000000000004 27.932703912258148
    endloop
  endfacet
  facet normal 0.9969173335762007 0 -0.0784590977217935
    outer loop
      vertex 39.60756927728653 -20.500000000000004 29.282259956002235
      vertex 39.714367903769016 -20.500000000000004 30.63926513493061
      vertex 39.60756927728653 -21.300000000000004 29.282259956002235
    endloop
  endfacet
  facet normal 0.9996573249798285 0 -0.02617694814476046
    outer loop
      vertex 39.714367903769016 -20.500000000000004 30.63926513493061
      vertex 39.75 -20.500000000000004 32
      vertex 39.714367903769016 -21.300000000000004 30.63926513493061
    endloop
  endfacet
  facet normal 0.02617694814476046 0 -0.9996573249798285
    outer loop
      vertex 15.11073486506939 -20.500000000000004 6.035632096230984
      vertex 15.11073486506939 -21.300000000000004 6.035632096230984
      vertex 13.75 -21.300000000000004 6
    endloop
  endfacet
  facet normal 0.0784590977217935 0 -0.9969173335762007
    outer loop
      vertex 16.467740043997765 -20.500000000000004 6.1424307227134705
      vertex 16.467740043997765 -21.300000000000004 6.1424307227134705
      vertex 15.11073486506939 -21.300000000000004 6.035632096230984
    endloop
  endfacet
  facet normal 0.5711801445457819 0 0.820824733104857
    outer loop
      vertex 17.570604138076305 -20.500000000000004 7.741389535367489
      vertex 13.75 -21.300000000000004 10.399999998509884
      vertex 17.570604138076305 -21.300000000000004 7.741389535367489
    endloop
  endfacet
  facet normal -0.9571550830794123 0 -0.2895758051620391
    outer loop
      vertex 16.222746945917606 -20.500000000000004 12.196555815637112
      vertex 17.570604138076305 -21.300000000000004 7.741389535367489
      vertex 16.222746945917606 -21.300000000000004 12.196555815637112
    endloop
  endfacet
  facet normal 0.1305261919523314 0 -0.9914448614090563
    outer loop
      vertex 17.817296087741852 -20.500000000000004 6.320103146135807
      vertex 17.817296087741852 -21.300000000000004 6.320103146135807
      vertex 16.467740043997765 -21.300000000000004 6.1424307227134705
    endloop
  endfacet
  facet normal 0.1822355243538381 0 -0.9832549077749277
    outer loop
      vertex 19.155703961849213 -20.500000000000004 6.568162381649017
      vertex 19.155703961849213 -21.300000000000004 6.568162381649017
      vertex 17.817296087741852 -21.300000000000004 6.320103146135807
    endloop
  endfacet
  facet normal 0.23344536538922164 0 -0.97236992002956
    outer loop
      vertex 20.479295171797276 -20.500000000000004 6.8859285190701485
      vertex 20.479295171797276 -21.300000000000004 6.8859285190701485
      vertex 19.155703961849213 -21.300000000000004 6.568162381649017
    endloop
  endfacet
  facet normal -0.020374229720154007 0 -0.9997924238377236
    outer loop
      vertex 15.278241656720638 -20.500000000000004 15.103444188833237
      vertex 19.931867353618145 -21.300000000000004 15.008610464632511
      vertex 15.278241656720638 -21.300000000000004 15.103444188833237
    endloop
  endfacet
  facet normal -0.9445631164358154 0 -0.3283298936573709
    outer loop
      vertex 13.75 -20.500000000000004 19.5
      vertex 15.278241656720638 -21.300000000000004 15.103444188833237
      vertex 13.75 -21.300000000000004 19.5
    endloop
  endfacet
  facet normal -0.6041463404085812 0 0.7968733897997339
    outer loop
      vertex 19.931867353618145 -20.500000000000004 15.008610464632511
      vertex 16.222746945917606 -21.300000000000004 12.196555815637112
      vertex 19.931867353618145 -21.300000000000004 15.008610464632511
    endloop
  endfacet
  facet normal 0.28401534450019994 0 -0.9588197349285384
    outer loop
      vertex 21.784441851079464 -20.500000000000004 7.2725305780768394
      vertex 21.784441851079464 -21.300000000000004 7.2725305780768394
      vertex 20.479295171797276 -21.300000000000004 6.8859285190701485
    endloop
  endfacet
  facet normal 0.3338068605180183 0 -0.9426414906374027
    outer loop
      vertex 23.06756668537855 -20.500000000000004 7.726908914744854
      vertex 23.06756668537855 -21.300000000000004 7.726908914744854
      vertex 21.784441851079464 -21.300000000000004 7.2725305780768394
    endloop
  endfacet
  facet normal 0.382683432245647 0 -0.9238795325607616
    outer loop
      vertex 24.325152717530727 -20.500000000000004 8.247818104922771
      vertex 24.325152717530727 -21.300000000000004 8.247818104922771
      vertex 23.06756668537855 -21.300000000000004 7.726908914744854
    endloop
  endfacet
  facet normal 0.43051109337729265 0 -0.9025852859863648
    outer loop
      vertex 25.55375299602747 -20.500000000000004 8.833830371499062
      vertex 25.55375299602747 -21.300000000000004 8.833830371499062
      vertex 24.325152717530727 -21.300000000000004 8.247818104922771
    endloop
  endfacet
  facet normal 0.4771587619198371 0 -0.8788171117605348
    outer loop
      vertex 26.75 -20.500000000000004 9.483339503407478
      vertex 26.75 -21.300000000000004 9.483339503407478
      vertex 25.55375299602747 -21.300000000000004 8.833830371499062
    endloop
  endfacet
  facet normal 0 -1 0
    outer loop
      vertex 13.75 -21.300000000000004 6
      vertex 15.11073486506939 -21.300000000000004 6.035632096230984
      vertex 13.75 -21.300000000000004 10.399999998509884
    endloop
  endfacet
  facet normal 0 -1 0
    outer loop
      vertex 15.11073486506939 -21.300000000000004 6.035632096230984
      vertex 16.467740043997765 -21.300000000000004 6.1424307227134705
      vertex 13.75 -21.300000000000004 10.399999998509884
    endloop
  endfacet
  facet normal 0 -1 0
    outer loop
      vertex 16.467740043997765 -21.300000000000004 6.1424307227134705
      vertex 17.570604138076305 -21.300000000000004 7.741389535367489
      vertex 13.75 -21.300000000000004 10.399999998509884
    endloop
  endfacet
  facet normal 0 -1 0
    outer loop
      vertex 16.467740043997765 -21.300000000000004 6.1424307227134705
      vertex 17.817296087741852 -21.300000000000004 6.320103146135807
      vertex 17.570604138076305 -21.300000000000004 7.741389535367489
    endloop
  endfacet
  facet normal 0 -1 0
    outer loop
      vertex 17.817296087741852 -21.300000000000004 6.320103146135807
      vertex 19.155703961849213 -21.300000000000004 6.568162381649017
      vertex 17.570604138076305 -21.300000000000004 7.741389535367489
    endloop
  endfacet
  facet normal 0 -1 0
    outer loop
      vertex 16.222746945917606 -21.300000000000004 12.196555815637112
      vertex 17.570604138076305 -21.300000000000004 7.741389535367489
      vertex 19.931867353618145 -21.300000000000004 15.008610464632511
    endloop
  endfacet
  facet normal 0 -1 0
    outer loop
      vertex 17.570604138076305 -21.300000000000004 7.741389535367489
      vertex 19.155703961849213 -21.300000000000004 6.568162381649017
      vertex 19.931867353618145 -21.300000000000004 15.008610464632511
    endloop
  endfacet
  facet normal 0 -1 0
    outer loop
      vertex 19.155703961849213 -21.300000000000004 6.568162381649017
      vertex 20.479295171797276 -21.300000000000004 6.8859285190701485
      vertex 19.931867353618145 -21.300000000000004 15.008610464632511
    endloop
  endfacet
  facet normal 0 -1 0
    outer loop
      vertex 15.278241656720638 -21.300000000000004 15.103444188833237
      vertex 19.931867353618145 -21.300000000000004 15.008610464632511
      vertex 13.75 -21.300000000000004 19.5
    endloop
  endfacet
  facet normal 0 -1 0
    outer loop
      vertex 19.931867353618145 -21.300000000000004 15.008610464632511
      vertex 20.479295171797276 -21.300000000000004 6.8859285190701485
      vertex 21.784441851079464 -21.300000000000004 7.2725305780768394
    endloop
  endfacet
  facet normal 0 -1 0
    outer loop
      vertex 19.931867353618145 -21.300000000000004 15.008610464632511
      vertex 21.784441851079464 -21.300000000000004 7.2725305780768394
      vertex 23.06756668537855 -21.300000000000004 7.726908914744854
    endloop
  endfacet
  facet normal 0 -1 0
    outer loop
      vertex 19.931867353618145 -21.300000000000004 15.008610464632511
      vertex 23.06756668537855 -21.300000000000004 7.726908914744854
      vertex 24.325152717530727 -21.300000000000004 8.247818104922771
    endloop
  endfacet
  facet normal 0 -1 0
    outer loop
      vertex 19.931867353618145 -21.300000000000004 15.008610464632511
      vertex 24.325152717530727 -21.300000000000004 8.247818104922771
      vertex 25.55375299602747 -21.300000000000004 8.833830371499062
    endloop
  endfacet
  facet normal 0 -1 0
    outer loop
      vertex 19.931867353618145 -21.300000000000004 15.008610464632511
      vertex 25.55375299602747 -21.300000000000004 8.833830371499062
      vertex 26.75 -21.300000000000004 9.483339503407478
    endloop
  endfacet
  facet normal 0 -1 0
    outer loop
      vertex 19.931867353618145 -21.300000000000004 15.008610464632511
      vertex 26.75 -21.300000000000004 9.483339503407478
      vertex 27.910614907741547 -21.300000000000004 10.194565236568451
    endloop
  endfacet
  facet normal 0 -1 0
    outer loop
      vertex 19.931867353618145 -21.300000000000004 15.008610464632511
      vertex 27.910614907741547 -21.300000000000004 10.194565236568451
      vertex 29.032416559755802 -21.300000000000004 10.965558148920536
    endloop
  endfacet
  facet normal 0 -1 0
    outer loop
      vertex 19.931867353618145 -21.300000000000004 15.008610464632511
      vertex 36.26666049659252 -21.300000000000004 19
      vertex 13.75 -21.300000000000004 19.5
    endloop
  endfacet
  facet normal 0 -1 0
    outer loop
      vertex 19.931867353618145 -21.300000000000004 15.008610464632511
      vertex 29.032416559755802 -21.300000000000004 10.965558148920536
      vertex 30.11233016848564 -21.300000000000004 11.794205002486706
    endloop
  endfacet
  facet normal 0 -1 0
    outer loop
      vertex 13.75 -21.300000000000004 19.5
      vertex 26.529999999999998 -21.300000000000004 20.19
      vertex 0.97 -21.300000000000004 20.19
    endloop
  endfacet
  facet normal 0 -1 0
    outer loop
      vertex 13.75 -21.300000000000004 19.5
      vertex 36.91616962850094 -21.300000000000004 20.19624700397253
      vertex 26.529999999999998 -21.300000000000004 20.19
    endloop
  endfacet
  facet normal 0.5224985663021762 0 -0.8526401633820508
    outer loop
      vertex 27.910614907741547 -20.500000000000004 10.194565236568451
      vertex 27.910614907741547 -21.300000000000004 10.194565236568451
      vertex 26.75 -21.300000000000004 9.483339503407478
    endloop
  endfacet
  facet normal 0.5664062357247631 0 -0.8241261894468007
    outer loop
      vertex 29.032416559755802 -20.500000000000004 10.965558148920536
      vertex 29.032416559755802 -21.300000000000004 10.965558148920536
      vertex 27.910614907741547 -21.300000000000004 10.194565236568451
    endloop
  endfacet
  facet normal 0.608761427576234 0 -0.7933533413904209
    outer loop
      vertex 30.11233016848564 -20.500000000000004 11.794205002486706
      vertex 30.11233016848564 -21.300000000000004 11.794205002486706
      vertex 29.032416559755802 -21.300000000000004 10.965558148920536
    endloop
  endfacet
  facet normal 0.649448048894574 0 -0.7604059651179962
    outer loop
      vertex 31.14739576727152 -20.500000000000004 12.678234539926052
      vertex 31.14739576727152 -21.300000000000004 12.678234539926052
      vertex 30.11233016848564 -21.300000000000004 11.794205002486706
    endloop
  endfacet
  facet normal 0.6883545767959884 0 -0.7253743699663061
    outer loop
      vertex 32.134776309132576 -20.500000000000004 13.615223690867424
      vertex 32.134776309132576 -21.300000000000004 13.615223690867424
      vertex 31.14739576727152 -21.300000000000004 12.678234539926052
    endloop
  endfacet
  facet normal 0.7253743699663061 0 -0.6883545767959884
    outer loop
      vertex 33.07176546007395 -20.500000000000004 14.602604232728481
      vertex 33.07176546007395 -21.300000000000004 14.602604232728481
      vertex 32.134776309132576 -21.300000000000004 13.615223690867424
    endloop
  endfacet
  facet normal 0.7604059651179962 0 -0.649448048894574
    outer loop
      vertex 33.955794997513294 -20.500000000000004 15.637669831514359
      vertex 33.955794997513294 -21.300000000000004 15.637669831514359
      vertex 33.07176546007395 -21.300000000000004 14.602604232728481
    endloop
  endfacet
  facet normal 0.7933533413904209 0 -0.608761427576234
    outer loop
      vertex 34.784441851079464 -20.500000000000004 16.717583440244198
      vertex 34.784441851079464 -21.300000000000004 16.717583440244198
      vertex 33.955794997513294 -21.300000000000004 15.637669831514359
    endloop
  endfacet
  facet normal 0.8241261894468007 0 -0.5664062357247631
    outer loop
      vertex 35.55543476343155 -20.500000000000004 17.839385092258453
      vertex 35.55543476343155 -21.300000000000004 17.839385092258453
      vertex 34.784441851079464 -21.300000000000004 16.717583440244198
    endloop
  endfacet
  facet normal 0.8526401633820508 0 -0.5224985663021762
    outer loop
      vertex 36.26666049659252 -20.500000000000004 19
      vertex 36.26666049659252 -21.300000000000004 19
      vertex 35.55543476343155 -21.300000000000004 17.839385092258453
    endloop
  endfacet
  facet normal 0 -1 0
    outer loop
      vertex 19.931867353618145 -21.300000000000004 15.008610464632511
      vertex 30.11233016848564 -21.300000000000004 11.794205002486706
      vertex 31.14739576727152 -21.300000000000004 12.678234539926052
    endloop
  endfacet
  facet normal 0 -1 0
    outer loop
      vertex 19.931867353618145 -21.300000000000004 15.008610464632511
      vertex 31.14739576727152 -21.300000000000004 12.678234539926052
      vertex 32.134776309132576 -21.300000000000004 13.615223690867424
    endloop
  endfacet
  facet normal 0 -1 0
    outer loop
      vertex 19.931867353618145 -21.300000000000004 15.008610464632511
      vertex 32.134776309132576 -21.300000000000004 13.615223690867424
      vertex 33.07176546007395 -21.300000000000004 14.602604232728481
    endloop
  endfacet
  facet normal 0 -1 0
    outer loop
      vertex 19.931867353618145 -21.300000000000004 15.008610464632511
      vertex 33.07176546007395 -21.300000000000004 14.602604232728481
      vertex 33.955794997513294 -21.300000000000004 15.637669831514359
    endloop
  endfacet
  facet normal 0 -1 0
    outer loop
      vertex 19.931867353618145 -21.300000000000004 15.008610464632511
      vertex 33.955794997513294 -21.300000000000004 15.637669831514359
      vertex 34.784441851079464 -21.300000000000004 16.717583440244198
    endloop
  endfacet
  facet normal 0 -1 0
    outer loop
      vertex 19.931867353618145 -21.300000000000004 15.008610464632511
      vertex 34.784441851079464 -21.300000000000004 16.717583440244198
      vertex 35.55543476343155 -21.300000000000004 17.839385092258453
    endloop
  endfacet
  facet normal 0 -1 0
    outer loop
      vertex 19.931867353618145 -21.300000000000004 15.008610464632511
      vertex 35.55543476343155 -21.300000000000004 17.839385092258453
      vertex 36.26666049659252 -21.300000000000004 19
    endloop
  endfacet
  facet normal 0.8788171117605348 0 -0.4771587619198371
    outer loop
      vertex 36.91616962850094 -20.500000000000004 20.19624700397253
      vertex 36.91616962850094 -21.300000000000004 20.19624700397253
      vertex 36.26666049659252 -21.300000000000004 19
    endloop
  endfacet
  facet normal 0.9025852859863648 0 -0.43051109337729265
    outer loop
      vertex 37.50218189507723 -20.500000000000004 21.424847282469273
      vertex 37.50218189507723 -21.300000000000004 21.424847282469273
      vertex 36.91616962850094 -21.300000000000004 20.19624700397253
    endloop
  endfacet
  facet normal 0.9238795325607616 0 -0.382683432245647
    outer loop
      vertex 38.023091085255146 -20.500000000000004 22.68243331462145
      vertex 38.023091085255146 -21.300000000000004 22.68243331462145
      vertex 37.50218189507723 -21.300000000000004 21.424847282469273
    endloop
  endfacet
  facet normal 0.9426414906374027 0 -0.3338068605180183
    outer loop
      vertex 38.47746942192316 -20.500000000000004 23.965558148920536
      vertex 38.47746942192316 -21.300000000000004 23.965558148920536
      vertex 38.023091085255146 -21.300000000000004 22.68243331462145
    endloop
  endfacet
  facet normal 0.9588197349285384 0 -0.28401534450019994
    outer loop
      vertex 38.86407148092985 -20.500000000000004 25.270704828202724
      vertex 38.86407148092985 -21.300000000000004 25.270704828202724
      vertex 38.47746942192316 -21.300000000000004 23.965558148920536
    endloop
  endfacet
  facet normal 0.97236992002956 0 -0.23344536538922164
    outer loop
      vertex 39.18183761835098 -20.500000000000004 26.594296038150787
      vertex 39.18183761835098 -21.300000000000004 26.594296038150787
      vertex 38.86407148092985 -21.300000000000004 25.270704828202724
    endloop
  endfacet
  facet normal 0.9832549077749277 0 -0.1822355243538381
    outer loop
      vertex 39.42989685386419 -20.500000000000004 27.932703912258148
      vertex 39.42989685386419 -21.300000000000004 27.932703912258148
      vertex 39.18183761835098 -21.300000000000004 26.594296038150787
    endloop
  endfacet
  facet normal 0.9914448614090563 0 -0.1305261919523314
    outer loop
      vertex 39.60756927728653 -20.500000000000004 29.282259956002235
      vertex 39.60756927728653 -21.300000000000004 29.282259956002235
      vertex 39.42989685386419 -21.300000000000004 27.932703912258148
    endloop
  endfacet
  facet normal 0.9969173335762007 0 -0.0784590977217935
    outer loop
      vertex 39.714367903769016 -20.500000000000004 30.63926513493061
      vertex 39.714367903769016 -21.300000000000004 30.63926513493061
      vertex 39.60756927728653 -21.300000000000004 29.282259956002235
    endloop
  endfacet
  facet normal 0.9996573249798285 0 -0.02617694814476046
    outer loop
      vertex 39.714367903769016 -21.300000000000004 30.63926513493061
      vertex 39.75 -20.500000000000004 32
      vertex 39.75 -21.300000000000004 32
    endloop
  endfacet
  facet normal 0 -1 0
    outer loop
      vertex 13.75 -21.300000000000004 19.5
      vertex 36.26666049659252 -21.300000000000004 19
      vertex 36.91616962850094 -21.300000000000004 20.19624700397253
    endloop
  endfacet
  facet normal 0 -1 0
    outer loop
      vertex 36.91616962850094 -21.300000000000004 20.19624700397253
      vertex 26.725789288330073 -21.300000000000004 20.202832707939287
      vertex 26.529999999999998 -21.300000000000004 20.19
    endloop
  endfacet
  facet normal 0 -1 0
    outer loop
      vertex 36.91616962850094 -21.300000000000004 20.19624700397253
      vertex 26.918228567653777 -21.300000000000004 20.2411112605664
      vertex 26.725789288330073 -21.300000000000004 20.202832707939287
    endloop
  endfacet
  facet normal 0 -1 0
    outer loop
      vertex 36.91616962850094 -21.300000000000004 20.19624700397253
      vertex 27.10402514854763 -21.300000000000004 20.304180701233072
      vertex 26.918228567653777 -21.300000000000004 20.2411112605664
    endloop
  endfacet
  facet normal 0 -1 0
    outer loop
      vertex 36.91616962850094 -21.300000000000004 20.19624700397253
      vertex 27.279999999999998 -21.300000000000004 20.390961894323343
      vertex 27.10402514854763 -21.300000000000004 20.304180701233072
    endloop
  endfacet
  facet normal 0 -1 0
    outer loop
      vertex 36.91616962850094 -21.300000000000004 20.19624700397253
      vertex 27.44314214351308 -21.300000000000004 20.499969989563148
      vertex 27.279999999999998 -21.300000000000004 20.390961894323343
    endloop
  endfacet
  facet normal 0 -1 0
    outer loop
      vertex 37.50218189507723 -21.300000000000004 21.424847282469273
      vertex 27.59066017177982 -21.300000000000004 20.629339828220182
      vertex 27.44314214351308 -21.300000000000004 20.499969989563148
    endloop
  endfacet
  facet normal 0 -1 0
    outer loop
      vertex 37.50218189507723 -21.300000000000004 21.424847282469273
      vertex 27.72003001043685 -21.300000000000004 20.77685785648692
      vertex 27.59066017177982 -21.300000000000004 20.629339828220182
    endloop
  endfacet
  facet normal 0 -1 0
    outer loop
      vertex 37.50218189507723 -21.300000000000004 21.424847282469273
      vertex 27.829038105676656 -21.300000000000004 20.94
      vertex 27.72003001043685 -21.300000000000004 20.77685785648692
    endloop
  endfacet
  facet normal 0 -1 0
    outer loop
      vertex 37.50218189507723 -21.300000000000004 21.424847282469273
      vertex 27.915819298766927 -21.300000000000004 21.115974851452364
      vertex 27.829038105676656 -21.300000000000004 20.94
    endloop
  endfacet
  facet normal 0 -1 0
    outer loop
      vertex 37.50218189507723 -21.300000000000004 21.424847282469273
      vertex 27.9788887394336 -21.300000000000004 21.30177143234622
      vertex 27.915819298766927 -21.300000000000004 21.115974851452364
    endloop
  endfacet
  facet normal 0 -1 0
    outer loop
      vertex 38.023091085255146 -21.300000000000004 22.68243331462145
      vertex 28.017167292060712 -21.300000000000004 21.494210711669922
      vertex 27.9788887394336 -21.300000000000004 21.30177143234622
    endloop
  endfacet
  facet normal 0 -1 0
    outer loop
      vertex 38.023091085255146 -21.300000000000004 22.68243331462145
      vertex 28.029999999999998 -21.300000000000004 21.69
      vertex 28.017167292060712 -21.300000000000004 21.494210711669922
    endloop
  endfacet
  facet normal 0 -1 0
    outer loop
      vertex 36.91616962850094 -21.300000000000004 20.19624700397253
      vertex 37.50218189507723 -21.300000000000004 21.424847282469273
      vertex 27.44314214351308 -21.300000000000004 20.499969989563148
    endloop
  endfacet
  facet normal 0 -1 0
    outer loop
      vertex 37.50218189507723 -21.300000000000004 21.424847282469273
      vertex 38.023091085255146 -21.300000000000004 22.68243331462145
      vertex 27.9788887394336 -21.300000000000004 21.30177143234622
    endloop
  endfacet
  facet normal 0 -1 0
    outer loop
      vertex 38.023091085255146 -21.300000000000004 22.68243331462145
      vertex 38.47746942192316 -21.300000000000004 23.965558148920536
      vertex 28.029999999999998 -21.300000000000004 21.69
    endloop
  endfacet
  facet normal 0 -1 0
    outer loop
      vertex 38.47746942192316 -21.300000000000004 23.965558148920536
      vertex 38.86407148092985 -21.300000000000004 25.270704828202724
      vertex 28.029999999999998 -21.300000000000004 21.69
    endloop
  endfacet
  facet normal 0 -1 0
    outer loop
      vertex 38.86407148092985 -21.300000000000004 25.270704828202724
      vertex 39.18183761835098 -21.300000000000004 26.594296038150787
      vertex 28.029999999999998 -21.300000000000004 21.69
    endloop
  endfacet
  facet normal 0 -1 0
    outer loop
      vertex 39.18183761835098 -21.300000000000004 26.594296038150787
      vertex 39.42989685386419 -21.300000000000004 27.932703912258148
      vertex 28.029999999999998 -21.300000000000004 21.69
    endloop
  endfacet
  facet normal 0 -1 0
    outer loop
      vertex 39.42989685386419 -21.300000000000004 27.932703912258148
      vertex 39.60756927728653 -21.300000000000004 29.282259956002235
      vertex 28.029999999999998 -21.300000000000004 21.69
    endloop
  endfacet
  facet normal 0 -1 0
    outer loop
      vertex 39.60756927728653 -21.300000000000004 29.282259956002235
      vertex 39.714367903769016 -21.300000000000004 30.63926513493061
      vertex 28.029999999999998 -21.300000000000004 21.69
    endloop
  endfacet
  facet normal 0 -1 0
    outer loop
      vertex 39.714367903769016 -21.300000000000004 30.63926513493061
      vertex 39.75 -21.300000000000004 32
      vertex 28.029999999999998 -21.300000000000004 21.69
    endloop
  endfacet
  facet normal 0 -1 0
    outer loop
      vertex 39.75 -21.300000000000004 32
      vertex 39.714367903769016 -21.300000000000004 33.36073486506939
      vertex 28.029999999999998 -21.300000000000004 21.69
    endloop
  endfacet
  facet normal 0 -1 0
    outer loop
      vertex 39.714367903769016 -21.300000000000004 33.36073486506939
      vertex 39.60756927728653 -21.300000000000004 34.717740043997765
      vertex 28.029999999999998 -21.300000000000004 21.69
    endloop
  endfacet
  facet normal 0 -1 0
    outer loop
      vertex 39.42989685386419 -21.300000000000004 36.06729608774185
      vertex 39.18183761835098 -21.300000000000004 37.40570396184921
      vertex 28.029999999999998 -21.300000000000004 21.69
    endloop
  endfacet
  facet normal 0 -1 0
    outer loop
      vertex 39.60756927728653 -21.300000000000004 34.717740043997765
      vertex 39.42989685386419 -21.300000000000004 36.06729608774185
      vertex 28.029999999999998 -21.300000000000004 21.69
    endloop
  endfacet
  facet normal 0 1 0
    outer loop
      vertex 23.06756668537855 -20.500000000000004 56.273091085255146
      vertex 24.325152717530727 -20.500000000000004 55.75218189507723
      vertex 0.97 -20.500000000000004 51.81
    endloop
  endfacet
  facet normal 0 1 0
    outer loop
      vertex 24.325152717530727 -20.500000000000004 55.75218189507723
      vertex 25.55375299602747 -20.500000000000004 55.16616962850094
      vertex 0.97 -20.500000000000004 51.81
    endloop
  endfacet
  facet normal 0 1 0
    outer loop
      vertex 20.479295171797276 -20.500000000000004 57.11407148092985
      vertex 21.784441851079464 -20.500000000000004 56.72746942192316
      vertex 0.97 -20.500000000000004 51.81
    endloop
  endfacet
  facet normal 0 1 0
    outer loop
      vertex 21.784441851079464 -20.500000000000004 56.72746942192316
      vertex 23.06756668537855 -20.500000000000004 56.273091085255146
      vertex 0.97 -20.500000000000004 51.81
    endloop
  endfacet
  facet normal 0 1 0
    outer loop
      vertex 26.75 -20.500000000000004 54.51666049659252
      vertex 26.529999999999998 -20.500000000000004 51.81
      vertex 0.97 -20.500000000000004 51.81
    endloop
  endfacet
  facet normal 0 1 0
    outer loop
      vertex 25.55375299602747 -20.500000000000004 55.16616962850094
      vertex 26.75 -20.500000000000004 54.51666049659252
      vertex 0.97 -20.500000000000004 51.81
    endloop
  endfacet
  facet normal 0 1 0
    outer loop
      vertex 26.75 -20.500000000000004 54.51666049659252
      vertex 26.725789288330073 -20.500000000000004 51.79716729206072
      vertex 26.529999999999998 -20.500000000000004 51.81
    endloop
  endfacet
  facet normal 0.02617694814476046 0 0.9996573249798285
    outer loop
      vertex 13.75 -20.500000000000004 58
      vertex 15.11073486506939 -21.300000000000004 57.964367903769016
      vertex 15.11073486506939 -20.500000000000004 57.964367903769016
    endloop
  endfacet
  facet normal 0.0784590977217935 0 0.9969173335762007
    outer loop
      vertex 15.11073486506939 -20.500000000000004 57.964367903769016
      vertex 16.467740043997765 -21.300000000000004 57.85756927728653
      vertex 16.467740043997765 -20.500000000000004 57.85756927728653
    endloop
  endfacet
  facet normal 0.1305261919523314 0 0.9914448614090563
    outer loop
      vertex 16.467740043997765 -20.500000000000004 57.85756927728653
      vertex 17.817296087741852 -21.300000000000004 57.67989685386419
      vertex 17.817296087741852 -20.500000000000004 57.67989685386419
    endloop
  endfacet
  facet normal 0.1822355243538381 0 0.9832549077749277
    outer loop
      vertex 17.817296087741852 -20.500000000000004 57.67989685386419
      vertex 19.155703961849213 -21.300000000000004 57.43183761835098
      vertex 19.155703961849213 -20.500000000000004 57.43183761835098
    endloop
  endfacet
  facet normal 0.23344536538922164 0 0.97236992002956
    outer loop
      vertex 19.155703961849213 -20.500000000000004 57.43183761835098
      vertex 20.479295171797276 -21.300000000000004 57.11407148092985
      vertex 20.479295171797276 -20.500000000000004 57.11407148092985
    endloop
  endfacet
  facet normal 0.28401534450019994 0 0.9588197349285384
    outer loop
      vertex 20.479295171797276 -20.500000000000004 57.11407148092985
      vertex 21.784441851079464 -21.300000000000004 56.72746942192316
      vertex 21.784441851079464 -20.500000000000004 56.72746942192316
    endloop
  endfacet
  facet normal 0.3338068605180183 0 0.9426414906374027
    outer loop
      vertex 21.784441851079464 -20.500000000000004 56.72746942192316
      vertex 23.06756668537855 -21.300000000000004 56.273091085255146
      vertex 23.06756668537855 -20.500000000000004 56.273091085255146
    endloop
  endfacet
  facet normal 0.4771587619198371 0 0.8788171117605348
    outer loop
      vertex 25.55375299602747 -20.500000000000004 55.16616962850094
      vertex 26.75 -21.300000000000004 54.51666049659252
      vertex 26.75 -20.500000000000004 54.51666049659252
    endloop
  endfacet
  facet normal 0.382683432245647 0 0.9238795325607616
    outer loop
      vertex 23.06756668537855 -20.500000000000004 56.273091085255146
      vertex 24.325152717530727 -21.300000000000004 55.75218189507723
      vertex 24.325152717530727 -20.500000000000004 55.75218189507723
    endloop
  endfacet
  facet normal 0.43051109337729265 0 0.9025852859863648
    outer loop
      vertex 24.325152717530727 -20.500000000000004 55.75218189507723
      vertex 25.55375299602747 -21.300000000000004 55.16616962850094
      vertex 25.55375299602747 -20.500000000000004 55.16616962850094
    endloop
  endfacet
  facet normal 0 1 0
    outer loop
      vertex 38.023091085255146 -20.500000000000004 22.68243331462145
      vertex 28.029999999999998 -20.500000000000004 50.31
      vertex 38.47746942192316 -20.500000000000004 23.965558148920536
    endloop
  endfacet
  facet normal 0 1 0
    outer loop
      vertex 38.47746942192316 -20.500000000000004 23.965558148920536
      vertex 28.029999999999998 -20.500000000000004 50.31
      vertex 38.86407148092985 -20.500000000000004 25.270704828202724
    endloop
  endfacet
  facet normal 0 1 0
    outer loop
      vertex 38.86407148092985 -20.500000000000004 25.270704828202724
      vertex 28.029999999999998 -20.500000000000004 50.31
      vertex 39.18183761835098 -20.500000000000004 26.594296038150787
    endloop
  endfacet
  facet normal 0 1 0
    outer loop
      vertex 39.18183761835098 -20.500000000000004 26.594296038150787
      vertex 28.029999999999998 -20.500000000000004 50.31
      vertex 39.42989685386419 -20.500000000000004 27.932703912258148
    endloop
  endfacet
  facet normal 0 1 0
    outer loop
      vertex 39.42989685386419 -20.500000000000004 27.932703912258148
      vertex 28.029999999999998 -20.500000000000004 50.31
      vertex 39.60756927728653 -20.500000000000004 29.282259956002235
    endloop
  endfacet
  facet normal 0 1 0
    outer loop
      vertex 39.60756927728653 -20.500000000000004 29.282259956002235
      vertex 28.029999999999998 -20.500000000000004 50.31
      vertex 39.714367903769016 -20.500000000000004 30.63926513493061
    endloop
  endfacet
  facet normal 0 1 0
    outer loop
      vertex 39.714367903769016 -20.500000000000004 30.63926513493061
      vertex 28.029999999999998 -20.500000000000004 50.31
      vertex 39.75 -20.500000000000004 32
    endloop
  endfacet
  facet normal 0 1 0
    outer loop
      vertex 39.75 -20.500000000000004 32
      vertex 28.029999999999998 -20.500000000000004 50.31
      vertex 39.714367903769016 -20.500000000000004 33.36073486506939
    endloop
  endfacet
  facet normal 0 1 0
    outer loop
      vertex 39.714367903769016 -20.500000000000004 33.36073486506939
      vertex 28.029999999999998 -20.500000000000004 50.31
      vertex 39.60756927728653 -20.500000000000004 34.717740043997765
    endloop
  endfacet
  facet normal 0 1 0
    outer loop
      vertex 39.42989685386419 -20.500000000000004 36.06729608774185
      vertex 28.029999999999998 -20.500000000000004 50.31
      vertex 39.18183761835098 -20.500000000000004 37.40570396184921
    endloop
  endfacet
  facet normal 0 1 0
    outer loop
      vertex 39.60756927728653 -20.500000000000004 34.717740043997765
      vertex 28.029999999999998 -20.500000000000004 50.31
      vertex 39.42989685386419 -20.500000000000004 36.06729608774185
    endloop
  endfacet
  facet normal 0 1 0
    outer loop
      vertex 38.023091085255146 -20.500000000000004 41.31756668537855
      vertex 38.47746942192316 -20.500000000000004 40.034441851079464
      vertex 28.029999999999998 -20.500000000000004 50.31
    endloop
  endfacet
  facet normal 0 1 0
    outer loop
      vertex 38.023091085255146 -20.500000000000004 41.31756668537855
      vertex 28.029999999999998 -20.500000000000004 50.31
      vertex 37.50218189507723 -20.500000000000004 42.57515271753073
    endloop
  endfacet
  facet normal 0 1 0
    outer loop
      vertex 39.18183761835098 -20.500000000000004 37.40570396184921
      vertex 28.029999999999998 -20.500000000000004 50.31
      vertex 38.86407148092985 -20.500000000000004 38.729295171797276
    endloop
  endfacet
  facet normal 0 1 0
    outer loop
      vertex 38.86407148092985 -20.500000000000004 38.729295171797276
      vertex 28.029999999999998 -20.500000000000004 50.31
      vertex 38.47746942192316 -20.500000000000004 40.034441851079464
    endloop
  endfacet
  facet normal 0.9996573249798285 0 0.02617694814476046
    outer loop
      vertex 39.75 -20.500000000000004 32
      vertex 39.714367903769016 -20.500000000000004 33.36073486506939
      vertex 39.75 -21.300000000000004 32
    endloop
  endfacet
  facet normal 0.9969173335762007 0 0.0784590977217935
    outer loop
      vertex 39.714367903769016 -20.500000000000004 33.36073486506939
      vertex 39.60756927728653 -20.500000000000004 34.717740043997765
      vertex 39.714367903769016 -21.300000000000004 33.36073486506939
    endloop
  endfacet
  facet normal 0.9914448614090563 0 0.1305261919523314
    outer loop
      vertex 39.60756927728653 -20.500000000000004 34.717740043997765
      vertex 39.42989685386419 -20.500000000000004 36.06729608774185
      vertex 39.60756927728653 -21.300000000000004 34.717740043997765
    endloop
  endfacet
  facet normal 0.9832549077749277 0 0.1822355243538381
    outer loop
      vertex 39.42989685386419 -20.500000000000004 36.06729608774185
      vertex 39.18183761835098 -20.500000000000004 37.40570396184921
      vertex 39.42989685386419 -21.300000000000004 36.06729608774185
    endloop
  endfacet
  facet normal 0.97236992002956 0 0.23344536538922164
    outer loop
      vertex 39.18183761835098 -20.500000000000004 37.40570396184921
      vertex 38.86407148092985 -20.500000000000004 38.729295171797276
      vertex 39.18183761835098 -21.300000000000004 37.40570396184921
    endloop
  endfacet
  facet normal 0.9238795325607616 0 0.382683432245647
    outer loop
      vertex 38.023091085255146 -20.500000000000004 41.31756668537855
      vertex 37.50218189507723 -20.500000000000004 42.57515271753073
      vertex 38.023091085255146 -21.300000000000004 41.31756668537855
    endloop
  endfacet
  facet normal 0.9588197349285384 0 0.28401534450019994
    outer loop
      vertex 38.86407148092985 -20.500000000000004 38.729295171797276
      vertex 38.47746942192316 -20.500000000000004 40.034441851079464
      vertex 38.86407148092985 -21.300000000000004 38.729295171797276
    endloop
  endfacet
  facet normal 0.9426414906374027 0 0.3338068605180183
    outer loop
      vertex 38.023091085255146 -20.500000000000004 41.31756668537855
      vertex 38.47746942192316 -21.300000000000004 40.034441851079464
      vertex 38.47746942192316 -20.500000000000004 40.034441851079464
    endloop
  endfacet
  facet normal 0.9025852859863648 0 0.43051109337729265
    outer loop
      vertex 37.50218189507723 -20.500000000000004 42.57515271753073
      vertex 36.91616962850094 -20.500000000000004 43.80375299602747
      vertex 37.50218189507723 -21.300000000000004 42.57515271753073
    endloop
  endfacet
  facet normal 0.8788171117605348 0 0.4771587619198371
    outer loop
      vertex 36.91616962850094 -20.500000000000004 43.80375299602747
      vertex 36.26666049659252 -20.500000000000004 45
      vertex 36.91616962850094 -21.300000000000004 43.80375299602747
    endloop
  endfacet
  facet normal 0 1 0
    outer loop
      vertex 30.11233016848564 -20.500000000000004 52.205794997513294
      vertex 28.029999999999998 -20.500000000000004 50.31
      vertex 28.017167292060712 -20.500000000000004 50.50578928833008
    endloop
  endfacet
  facet normal 0 1 0
    outer loop
      vertex 30.11233016848564 -20.500000000000004 52.205794997513294
      vertex 27.9788887394336 -20.500000000000004 50.698228567653786
      vertex 27.915819298766927 -20.500000000000004 50.884025148547636
    endloop
  endfacet
  facet normal 0 1 0
    outer loop
      vertex 30.11233016848564 -20.500000000000004 52.205794997513294
      vertex 28.017167292060712 -20.500000000000004 50.50578928833008
      vertex 27.9788887394336 -20.500000000000004 50.698228567653786
    endloop
  endfacet
  facet normal 0 1 0
    outer loop
      vertex 31.14739576727152 -20.500000000000004 51.32176546007395
      vertex 28.029999999999998 -20.500000000000004 50.31
      vertex 30.11233016848564 -20.500000000000004 52.205794997513294
    endloop
  endfacet
  facet normal 0 1 0
    outer loop
      vertex 34.784441851079464 -20.500000000000004 47.2824165597558
      vertex 35.55543476343155 -20.500000000000004 46.16061490774155
      vertex 28.029999999999998 -20.500000000000004 50.31
    endloop
  endfacet
  facet normal 0 1 0
    outer loop
      vertex 31.14739576727152 -20.500000000000004 51.32176546007395
      vertex 32.134776309132576 -20.500000000000004 50.384776309132576
      vertex 28.029999999999998 -20.500000000000004 50.31
    endloop
  endfacet
  facet normal 0 1 0
    outer loop
      vertex 33.07176546007395 -20.500000000000004 49.39739576727152
      vertex 28.029999999999998 -20.500000000000004 50.31
      vertex 32.134776309132576 -20.500000000000004 50.384776309132576
    endloop
  endfacet
  facet normal 0 1 0
    outer loop
      vertex 34.784441851079464 -20.500000000000004 47.2824165597558
      vertex 28.029999999999998 -20.500000000000004 50.31
      vertex 33.955794997513294 -20.500000000000004 48.36233016848564
    endloop
  endfacet
  facet normal 0 1 0
    outer loop
      vertex 33.07176546007395 -20.500000000000004 49.39739576727152
      vertex 33.955794997513294 -20.500000000000004 48.36233016848564
      vertex 28.029999999999998 -20.500000000000004 50.31
    endloop
  endfacet
  facet normal 0 1 0
    outer loop
      vertex 27.910614907741547 -20.500000000000004 53.80543476343155
      vertex 26.918228567653777 -20.500000000000004 51.75888873943361
      vertex 26.725789288330073 -20.500000000000004 51.79716729206072
    endloop
  endfacet
  facet normal 0 1 0
    outer loop
      vertex 27.910614907741547 -20.500000000000004 53.80543476343155
      vertex 27.10402514854763 -20.500000000000004 51.695819298766935
      vertex 26.918228567653777 -20.500000000000004 51.75888873943361
    endloop
  endfacet
  facet normal 0 1 0
    outer loop
      vertex 27.910614907741547 -20.500000000000004 53.80543476343155
      vertex 27.279999999999998 -20.500000000000004 51.60903810567666
      vertex 27.10402514854763 -20.500000000000004 51.695819298766935
    endloop
  endfacet
  facet normal 0 1 0
    outer loop
      vertex 29.032416559755802 -20.500000000000004 53.034441851079464
      vertex 27.44314214351308 -20.500000000000004 51.50003001043685
      vertex 27.279999999999998 -20.500000000000004 51.60903810567666
    endloop
  endfacet
  facet normal 0 1 0
    outer loop
      vertex 29.032416559755802 -20.500000000000004 53.034441851079464
      vertex 27.72003001043685 -20.500000000000004 51.22314214351308
      vertex 27.59066017177982 -20.500000000000004 51.370660171779825
    endloop
  endfacet
  facet normal 0 1 0
    outer loop
      vertex 29.032416559755802 -20.500000000000004 53.034441851079464
      vertex 27.915819298766927 -20.500000000000004 50.884025148547636
      vertex 27.829038105676656 -20.500000000000004 51.06
    endloop
  endfacet
  facet normal 0 1 0
    outer loop
      vertex 29.032416559755802 -20.500000000000004 53.034441851079464
      vertex 27.829038105676656 -20.500000000000004 51.06
      vertex 27.72003001043685 -20.500000000000004 51.22314214351308
    endloop
  endfacet
  facet normal 0 1 0
    outer loop
      vertex 29.032416559755802 -20.500000000000004 53.034441851079464
      vertex 27.59066017177982 -20.500000000000004 51.370660171779825
      vertex 27.44314214351308 -20.500000000000004 51.50003001043685
    endloop
  endfacet
  facet normal 0 1 0
    outer loop
      vertex 27.910614907741547 -20.500000000000004 53.80543476343155
      vertex 29.032416559755802 -20.500000000000004 53.034441851079464
      vertex 27.279999999999998 -20.500000000000004 51.60903810567666
    endloop
  endfacet
  facet normal 0 1 0
    outer loop
      vertex 26.75 -20.500000000000004 54.51666049659252
      vertex 27.910614907741547 -20.500000000000004 53.80543476343155
      vertex 26.725789288330073 -20.500000000000004 51.79716729206072
    endloop
  endfacet
  facet normal 0 1 0
    outer loop
      vertex 29.032416559755802 -20.500000000000004 53.034441851079464
      vertex 30.11233016848564 -20.500000000000004 52.205794997513294
      vertex 27.915819298766927 -20.500000000000004 50.884025148547636
    endloop
  endfacet
  facet normal 0 1 0
    outer loop
      vertex 36.91616962850094 -20.500000000000004 43.80375299602747
      vertex 28.029999999999998 -20.500000000000004 50.31
      vertex 36.26666049659252 -20.500000000000004 45
    endloop
  endfacet
  facet normal 0 1 0
    outer loop
      vertex 37.50218189507723 -20.500000000000004 42.57515271753073
      vertex 28.029999999999998 -20.500000000000004 50.31
      vertex 36.91616962850094 -20.500000000000004 43.80375299602747
    endloop
  endfacet
  facet normal 0 1 0
    outer loop
      vertex 35.55543476343155 -20.500000000000004 46.16061490774155
      vertex 36.26666049659252 -20.500000000000004 45
      vertex 28.029999999999998 -20.500000000000004 50.31
    endloop
  endfacet
  facet normal 0.7253743699663061 0 0.6883545767959884
    outer loop
      vertex 33.07176546007395 -20.500000000000004 49.39739576727152
      vertex 32.134776309132576 -20.500000000000004 50.384776309132576
      vertex 33.07176546007395 -21.300000000000004 49.39739576727152
    endloop
  endfacet
  facet normal 0.6883545767959884 5.097625059860681e-17 0.7253743699663061
    outer loop
      vertex 31.14739576727152 -20.500000000000004 51.32176546007395
      vertex 32.134776309132576 -21.300000000000004 50.384776309132576
      vertex 32.134776309132576 -20.500000000000004 50.384776309132576
    endloop
  endfacet
  facet normal 0.5224985663021762 0 0.8526401633820508
    outer loop
      vertex 26.75 -20.500000000000004 54.51666049659252
      vertex 27.910614907741547 -21.300000000000004 53.80543476343155
      vertex 27.910614907741547 -20.500000000000004 53.80543476343155
    endloop
  endfacet
  facet normal 0.608761427576234 0 0.7933533413904209
    outer loop
      vertex 29.032416559755802 -20.500000000000004 53.034441851079464
      vertex 30.11233016848564 -21.300000000000004 52.205794997513294
      vertex 30.11233016848564 -20.500000000000004 52.205794997513294
    endloop
  endfacet
  facet normal 0.5664062357247631 -5.09762504069661e-17 0.8241261894468007
    outer loop
      vertex 27.910614907741547 -20.500000000000004 53.80543476343155
      vertex 29.032416559755802 -21.300000000000004 53.034441851079464
      vertex 29.032416559755802 -20.500000000000004 53.034441851079464
    endloop
  endfacet
  facet normal 0.649448048894574 0 0.7604059651179962
    outer loop
      vertex 31.14739576727152 -20.500000000000004 51.32176546007395
      vertex 30.11233016848564 -20.500000000000004 52.205794997513294
      vertex 31.14739576727152 -21.300000000000004 51.32176546007395
    endloop
  endfacet
  facet normal 0.7933533413904209 0 0.608761427576234
    outer loop
      vertex 34.784441851079464 -20.500000000000004 47.2824165597558
      vertex 33.955794997513294 -20.500000000000004 48.36233016848564
      vertex 34.784441851079464 -21.300000000000004 47.2824165597558
    endloop
  endfacet
  facet normal 0.8241261894468007 -5.09762504069661e-17 0.5664062357247631
    outer loop
      vertex 34.784441851079464 -20.500000000000004 47.2824165597558
      vertex 35.55543476343155 -21.300000000000004 46.16061490774155
      vertex 35.55543476343155 -20.500000000000004 46.16061490774155
    endloop
  endfacet
  facet normal 0.8526401633820508 0 0.5224985663021762
    outer loop
      vertex 35.55543476343155 -20.500000000000004 46.16061490774155
      vertex 36.26666049659252 -21.300000000000004 45
      vertex 36.26666049659252 -20.500000000000004 45
    endloop
  endfacet
  facet normal 0.7604059651179962 0 0.649448048894574
    outer loop
      vertex 33.07176546007395 -20.500000000000004 49.39739576727152
      vertex 33.955794997513294 -21.300000000000004 48.36233016848564
      vertex 33.955794997513294 -20.500000000000004 48.36233016848564
    endloop
  endfacet
  facet normal 0.02617694814476046 0 0.9996573249798285
    outer loop
      vertex 13.75 -20.500000000000004 58
      vertex 13.75 -21.300000000000004 58
      vertex 15.11073486506939 -21.300000000000004 57.964367903769016
    endloop
  endfacet
  facet normal 0.0784590977217935 0 0.9969173335762007
    outer loop
      vertex 15.11073486506939 -20.500000000000004 57.964367903769016
      vertex 15.11073486506939 -21.300000000000004 57.964367903769016
      vertex 16.467740043997765 -21.300000000000004 57.85756927728653
    endloop
  endfacet
  facet normal 0.1305261919523314 0 0.9914448614090563
    outer loop
      vertex 16.467740043997765 -20.500000000000004 57.85756927728653
      vertex 16.467740043997765 -21.300000000000004 57.85756927728653
      vertex 17.817296087741852 -21.300000000000004 57.67989685386419
    endloop
  endfacet
  facet normal 0.1822355243538381 0 0.9832549077749277
    outer loop
      vertex 17.817296087741852 -20.500000000000004 57.67989685386419
      vertex 17.817296087741852 -21.300000000000004 57.67989685386419
      vertex 19.155703961849213 -21.300000000000004 57.43183761835098
    endloop
  endfacet
  facet normal 0.23344536538922164 0 0.97236992002956
    outer loop
      vertex 19.155703961849213 -20.500000000000004 57.43183761835098
      vertex 19.155703961849213 -21.300000000000004 57.43183761835098
      vertex 20.479295171797276 -21.300000000000004 57.11407148092985
    endloop
  endfacet
  facet normal 0.28401534450019994 0 0.9588197349285384
    outer loop
      vertex 20.479295171797276 -20.500000000000004 57.11407148092985
      vertex 20.479295171797276 -21.300000000000004 57.11407148092985
      vertex 21.784441851079464 -21.300000000000004 56.72746942192316
    endloop
  endfacet
  facet normal 0.382683432245647 0 0.9238795325607616
    outer loop
      vertex 23.06756668537855 -20.500000000000004 56.273091085255146
      vertex 23.06756668537855 -21.300000000000004 56.273091085255146
      vertex 24.325152717530727 -21.300000000000004 55.75218189507723
    endloop
  endfacet
  facet normal 0.3338068605180183 0 0.9426414906374027
    outer loop
      vertex 21.784441851079464 -20.500000000000004 56.72746942192316
      vertex 21.784441851079464 -21.300000000000004 56.72746942192316
      vertex 23.06756668537855 -21.300000000000004 56.273091085255146
    endloop
  endfacet
  facet normal 0.43051109337729265 0 0.9025852859863648
    outer loop
      vertex 24.325152717530727 -20.500000000000004 55.75218189507723
      vertex 24.325152717530727 -21.300000000000004 55.75218189507723
      vertex 25.55375299602747 -21.300000000000004 55.16616962850094
    endloop
  endfacet
  facet normal 0.4771587619198371 0 0.8788171117605348
    outer loop
      vertex 25.55375299602747 -20.500000000000004 55.16616962850094
      vertex 25.55375299602747 -21.300000000000004 55.16616962850094
      vertex 26.75 -21.300000000000004 54.51666049659252
    endloop
  endfacet
  facet normal 0 -1 0
    outer loop
      vertex 7.0207048282027245 -21.300000000000004 57.11407148092985
      vertex 26.529999999999998 -21.300000000000004 51.81
      vertex 8.344296038150787 -21.300000000000004 57.43183761835098
    endloop
  endfacet
  facet normal 0 -1 0
    outer loop
      vertex 8.344296038150787 -21.300000000000004 57.43183761835098
      vertex 26.529999999999998 -21.300000000000004 51.81
      vertex 9.682703912258148 -21.300000000000004 57.67989685386419
    endloop
  endfacet
  facet normal 0 -1 0
    outer loop
      vertex 9.682703912258148 -21.300000000000004 57.67989685386419
      vertex 26.529999999999998 -21.300000000000004 51.81
      vertex 11.032259956002235 -21.300000000000004 57.85756927728653
    endloop
  endfacet
  facet normal 0 -1 0
    outer loop
      vertex 11.032259956002235 -21.300000000000004 57.85756927728653
      vertex 26.529999999999998 -21.300000000000004 51.81
      vertex 12.38926513493061 -21.300000000000004 57.964367903769016
    endloop
  endfacet
  facet normal 0 -1 0
    outer loop
      vertex 12.38926513493061 -21.300000000000004 57.964367903769016
      vertex 26.529999999999998 -21.300000000000004 51.81
      vertex 13.75 -21.300000000000004 58
    endloop
  endfacet
  facet normal 0 -1 0
    outer loop
      vertex 13.75 -21.300000000000004 58
      vertex 26.529999999999998 -21.300000000000004 51.81
      vertex 15.11073486506939 -21.300000000000004 57.964367903769016
    endloop
  endfacet
  facet normal 0 -1 0
    outer loop
      vertex 15.11073486506939 -21.300000000000004 57.964367903769016
      vertex 26.529999999999998 -21.300000000000004 51.81
      vertex 16.467740043997765 -21.300000000000004 57.85756927728653
    endloop
  endfacet
  facet normal 0 -1 0
    outer loop
      vertex 16.467740043997765 -21.300000000000004 57.85756927728653
      vertex 26.529999999999998 -21.300000000000004 51.81
      vertex 17.817296087741852 -21.300000000000004 57.67989685386419
    endloop
  endfacet
  facet normal 0 -1 0
    outer loop
      vertex 17.817296087741852 -21.300000000000004 57.67989685386419
      vertex 26.529999999999998 -21.300000000000004 51.81
      vertex 19.155703961849213 -21.300000000000004 57.43183761835098
    endloop
  endfacet
  facet normal 0 -1 0
    outer loop
      vertex 19.155703961849213 -21.300000000000004 57.43183761835098
      vertex 26.529999999999998 -21.300000000000004 51.81
      vertex 20.479295171797276 -21.300000000000004 57.11407148092985
    endloop
  endfacet
  facet normal 0 -1 0
    outer loop
      vertex 20.479295171797276 -21.300000000000004 57.11407148092985
      vertex 26.529999999999998 -21.300000000000004 51.81
      vertex 21.784441851079464 -21.300000000000004 56.72746942192316
    endloop
  endfacet
  facet normal 0 -1 0
    outer loop
      vertex 23.06756668537855 -21.300000000000004 56.273091085255146
      vertex 26.529999999999998 -21.300000000000004 51.81
      vertex 24.325152717530727 -21.300000000000004 55.75218189507723
    endloop
  endfacet
  facet normal 0 -1 0
    outer loop
      vertex 26.75 -21.300000000000004 54.51666049659252
      vertex 26.529999999999998 -21.300000000000004 51.81
      vertex 26.725789288330073 -21.300000000000004 51.79716729206072
    endloop
  endfacet
  facet normal 0 -1 0
    outer loop
      vertex 24.325152717530727 -21.300000000000004 55.75218189507723
      vertex 26.529999999999998 -21.300000000000004 51.81
      vertex 25.55375299602747 -21.300000000000004 55.16616962850094
    endloop
  endfacet
  facet normal 0 -1 0
    outer loop
      vertex 25.55375299602747 -21.300000000000004 55.16616962850094
      vertex 26.529999999999998 -21.300000000000004 51.81
      vertex 26.75 -21.300000000000004 54.51666049659252
    endloop
  endfacet
  facet normal 0 -1 0
    outer loop
      vertex 21.784441851079464 -21.300000000000004 56.72746942192316
      vertex 26.529999999999998 -21.300000000000004 51.81
      vertex 23.06756668537855 -21.300000000000004 56.273091085255146
    endloop
  endfacet
  facet normal 0.9996573249798285 0 0.02617694814476046
    outer loop
      vertex 39.714367903769016 -20.500000000000004 33.36073486506939
      vertex 39.714367903769016 -21.300000000000004 33.36073486506939
      vertex 39.75 -21.300000000000004 32
    endloop
  endfacet
  facet normal 0.9969173335762007 0 0.0784590977217935
    outer loop
      vertex 39.60756927728653 -20.500000000000004 34.717740043997765
      vertex 39.60756927728653 -21.300000000000004 34.717740043997765
      vertex 39.714367903769016 -21.300000000000004 33.36073486506939
    endloop
  endfacet
  facet normal 0.9914448614090563 0 0.1305261919523314
    outer loop
      vertex 39.42989685386419 -20.500000000000004 36.06729608774185
      vertex 39.42989685386419 -21.300000000000004 36.06729608774185
      vertex 39.60756927728653 -21.300000000000004 34.717740043997765
    endloop
  endfacet
  facet normal 0.9832549077749277 0 0.1822355243538381
    outer loop
      vertex 39.18183761835098 -20.500000000000004 37.40570396184921
      vertex 39.18183761835098 -21.300000000000004 37.40570396184921
      vertex 39.42989685386419 -21.300000000000004 36.06729608774185
    endloop
  endfacet
  facet normal 0.97236992002956 0 0.23344536538922164
    outer loop
      vertex 38.86407148092985 -20.500000000000004 38.729295171797276
      vertex 38.86407148092985 -21.300000000000004 38.729295171797276
      vertex 39.18183761835098 -21.300000000000004 37.40570396184921
    endloop
  endfacet
  facet normal 0.8788171117605348 0 0.4771587619198371
    outer loop
      vertex 36.26666049659252 -20.500000000000004 45
      vertex 36.26666049659252 -21.300000000000004 45
      vertex 36.91616962850094 -21.300000000000004 43.80375299602747
    endloop
  endfacet
  facet normal 0.9588197349285384 0 0.28401534450019994
    outer loop
      vertex 38.47746942192316 -20.500000000000004 40.034441851079464
      vertex 38.47746942192316 -21.300000000000004 40.034441851079464
      vertex 38.86407148092985 -21.300000000000004 38.729295171797276
    endloop
  endfacet
  facet normal 0.9426414906374027 0 0.3338068605180183
    outer loop
      vertex 38.023091085255146 -20.500000000000004 41.31756668537855
      vertex 38.023091085255146 -21.300000000000004 41.31756668537855
      vertex 38.47746942192316 -21.300000000000004 40.034441851079464
    endloop
  endfacet
  facet normal 0.9238795325607616 0 0.382683432245647
    outer loop
      vertex 37.50218189507723 -20.500000000000004 42.57515271753073
      vertex 37.50218189507723 -21.300000000000004 42.57515271753073
      vertex 38.023091085255146 -21.300000000000004 41.31756668537855
    endloop
  endfacet
  facet normal 0.9025852859863648 0 0.43051109337729265
    outer loop
      vertex 36.91616962850094 -20.500000000000004 43.80375299602747
      vertex 36.91616962850094 -21.300000000000004 43.80375299602747
      vertex 37.50218189507723 -21.300000000000004 42.57515271753073
    endloop
  endfacet
  facet normal 0 -1 0
    outer loop
      vertex 34.784441851079464 -21.300000000000004 47.2824165597558
      vertex 28.029999999999998 -21.300000000000004 21.69
      vertex 35.55543476343155 -21.300000000000004 46.16061490774155
    endloop
  endfacet
  facet normal 0 -1 0
    outer loop
      vertex 30.11233016848564 -21.300000000000004 52.205794997513294
      vertex 28.029999999999998 -21.300000000000004 50.31
      vertex 28.029999999999998 -21.300000000000004 21.69
    endloop
  endfacet
  facet normal 0 -1 0
    outer loop
      vertex 31.14739576727152 -21.300000000000004 51.32176546007395
      vertex 30.11233016848564 -21.300000000000004 52.205794997513294
      vertex 28.029999999999998 -21.300000000000004 21.69
    endloop
  endfacet
  facet normal 0 -1 0
    outer loop
      vertex 31.14739576727152 -21.300000000000004 51.32176546007395
      vertex 28.029999999999998 -21.300000000000004 21.69
      vertex 32.134776309132576 -21.300000000000004 50.384776309132576
    endloop
  endfacet
  facet normal 0 -1 0
    outer loop
      vertex 33.07176546007395 -21.300000000000004 49.39739576727152
      vertex 32.134776309132576 -21.300000000000004 50.384776309132576
      vertex 28.029999999999998 -21.300000000000004 21.69
    endloop
  endfacet
  facet normal 0 -1 0
    outer loop
      vertex 34.784441851079464 -21.300000000000004 47.2824165597558
      vertex 33.955794997513294 -21.300000000000004 48.36233016848564
      vertex 28.029999999999998 -21.300000000000004 21.69
    endloop
  endfacet
  facet normal 0 -1 0
    outer loop
      vertex 33.07176546007395 -21.300000000000004 49.39739576727152
      vertex 28.029999999999998 -21.300000000000004 21.69
      vertex 33.955794997513294 -21.300000000000004 48.36233016848564
    endloop
  endfacet
  facet normal 0 -1 0
    outer loop
      vertex 38.023091085255146 -21.300000000000004 41.31756668537855
      vertex 28.029999999999998 -21.300000000000004 21.69
      vertex 38.47746942192316 -21.300000000000004 40.034441851079464
    endloop
  endfacet
  facet normal 0 -1 0
    outer loop
      vertex 38.023091085255146 -21.300000000000004 41.31756668537855
      vertex 37.50218189507723 -21.300000000000004 42.57515271753073
      vertex 28.029999999999998 -21.300000000000004 21.69
    endloop
  endfacet
  facet normal 0 -1 0
    outer loop
      vertex 39.18183761835098 -21.300000000000004 37.40570396184921
      vertex 38.86407148092985 -21.300000000000004 38.729295171797276
      vertex 28.029999999999998 -21.300000000000004 21.69
    endloop
  endfacet
  facet normal 0 -1 0
    outer loop
      vertex 38.86407148092985 -21.300000000000004 38.729295171797276
      vertex 38.47746942192316 -21.300000000000004 40.034441851079464
      vertex 28.029999999999998 -21.300000000000004 21.69
    endloop
  endfacet
  facet normal 0 -1 0
    outer loop
      vertex 36.91616962850094 -21.300000000000004 43.80375299602747
      vertex 36.26666049659252 -21.300000000000004 45
      vertex 28.029999999999998 -21.300000000000004 21.69
    endloop
  endfacet
  facet normal 0 -1 0
    outer loop
      vertex 37.50218189507723 -21.300000000000004 42.57515271753073
      vertex 36.91616962850094 -21.300000000000004 43.80375299602747
      vertex 28.029999999999998 -21.300000000000004 21.69
    endloop
  endfacet
  facet normal 0 -1 0
    outer loop
      vertex 35.55543476343155 -21.300000000000004 46.16061490774155
      vertex 28.029999999999998 -21.300000000000004 21.69
      vertex 36.26666049659252 -21.300000000000004 45
    endloop
  endfacet
  facet normal 0.6883545767959884 0 0.7253743699663061
    outer loop
      vertex 31.14739576727152 -20.500000000000004 51.32176546007395
      vertex 31.14739576727152 -21.300000000000004 51.32176546007395
      vertex 32.134776309132576 -21.300000000000004 50.384776309132576
    endloop
  endfacet
  facet normal 0.7253743699663061 0 0.6883545767959884
    outer loop
      vertex 32.134776309132576 -20.500000000000004 50.384776309132576
      vertex 32.134776309132576 -21.300000000000004 50.384776309132576
      vertex 33.07176546007395 -21.300000000000004 49.39739576727152
    endloop
  endfacet
  facet normal 0.5224985663021762 0 0.8526401633820508
    outer loop
      vertex 26.75 -20.500000000000004 54.51666049659252
      vertex 26.75 -21.300000000000004 54.51666049659252
      vertex 27.910614907741547 -21.300000000000004 53.80543476343155
    endloop
  endfacet
  facet normal 0.5664062357247631 0 0.8241261894468007
    outer loop
      vertex 27.910614907741547 -20.500000000000004 53.80543476343155
      vertex 27.910614907741547 -21.300000000000004 53.80543476343155
      vertex 29.032416559755802 -21.300000000000004 53.034441851079464
    endloop
  endfacet
  facet normal 0.608761427576234 0 0.7933533413904209
    outer loop
      vertex 29.032416559755802 -20.500000000000004 53.034441851079464
      vertex 29.032416559755802 -21.300000000000004 53.034441851079464
      vertex 30.11233016848564 -21.300000000000004 52.205794997513294
    endloop
  endfacet
  facet normal 0.649448048894574 0 0.7604059651179962
    outer loop
      vertex 30.11233016848564 -20.500000000000004 52.205794997513294
      vertex 30.11233016848564 -21.300000000000004 52.205794997513294
      vertex 31.14739576727152 -21.300000000000004 51.32176546007395
    endloop
  endfacet
  facet normal 0.7933533413904209 0 0.608761427576234
    outer loop
      vertex 33.955794997513294 -20.500000000000004 48.36233016848564
      vertex 33.955794997513294 -21.300000000000004 48.36233016848564
      vertex 34.784441851079464 -21.300000000000004 47.2824165597558
    endloop
  endfacet
  facet normal 0.8526401633820508 0 0.5224985663021762
    outer loop
      vertex 35.55543476343155 -20.500000000000004 46.16061490774155
      vertex 35.55543476343155 -21.300000000000004 46.16061490774155
      vertex 36.26666049659252 -21.300000000000004 45
    endloop
  endfacet
  facet normal 0.8241261894468007 0 0.5664062357247631
    outer loop
      vertex 34.784441851079464 -20.500000000000004 47.2824165597558
      vertex 34.784441851079464 -21.300000000000004 47.2824165597558
      vertex 35.55543476343155 -21.300000000000004 46.16061490774155
    endloop
  endfacet
  facet normal 0.7604059651179962 0 0.649448048894574
    outer loop
      vertex 33.07176546007395 -20.500000000000004 49.39739576727152
      vertex 33.07176546007395 -21.300000000000004 49.39739576727152
      vertex 33.955794997513294 -21.300000000000004 48.36233016848564
    endloop
  endfacet
  facet normal 0 -1 0
    outer loop
      vertex 30.11233016848564 -21.300000000000004 52.205794997513294
      vertex 28.017167292060712 -21.300000000000004 50.50578928833008
      vertex 28.029999999999998 -21.300000000000004 50.31
    endloop
  endfacet
  facet normal 0 -1 0
    outer loop
      vertex 30.11233016848564 -21.300000000000004 52.205794997513294
      vertex 27.9788887394336 -21.300000000000004 50.698228567653786
      vertex 28.017167292060712 -21.300000000000004 50.50578928833008
    endloop
  endfacet
  facet normal 0 -1 0
    outer loop
      vertex 27.910614907741547 -21.300000000000004 53.80543476343155
      vertex 26.725789288330073 -21.300000000000004 51.79716729206072
      vertex 26.918228567653777 -21.300000000000004 51.75888873943361
    endloop
  endfacet
  facet normal 0 -1 0
    outer loop
      vertex 27.910614907741547 -21.300000000000004 53.80543476343155
      vertex 26.918228567653777 -21.300000000000004 51.75888873943361
      vertex 27.10402514854763 -21.300000000000004 51.695819298766935
    endloop
  endfacet
  facet normal 0 -1 0
    outer loop
      vertex 27.910614907741547 -21.300000000000004 53.80543476343155
      vertex 27.10402514854763 -21.300000000000004 51.695819298766935
      vertex 27.279999999999998 -21.300000000000004 51.60903810567666
    endloop
  endfacet
  facet normal 0 -1 0
    outer loop
      vertex 29.032416559755802 -21.300000000000004 53.034441851079464
      vertex 27.279999999999998 -21.300000000000004 51.60903810567666
      vertex 27.44314214351308 -21.300000000000004 51.50003001043685
    endloop
  endfacet
  facet normal 0 -1 0
    outer loop
      vertex 29.032416559755802 -21.300000000000004 53.034441851079464
      vertex 27.59066017177982 -21.300000000000004 51.370660171779825
      vertex 27.72003001043685 -21.300000000000004 51.22314214351308
    endloop
  endfacet
  facet normal 0 -1 0
    outer loop
      vertex 29.032416559755802 -21.300000000000004 53.034441851079464
      vertex 27.829038105676656 -21.300000000000004 51.06
      vertex 27.915819298766927 -21.300000000000004 50.884025148547636
    endloop
  endfacet
  facet normal 0 -1 0
    outer loop
      vertex 29.032416559755802 -21.300000000000004 53.034441851079464
      vertex 27.915819298766927 -21.300000000000004 50.884025148547636
      vertex 27.9788887394336 -21.300000000000004 50.698228567653786
    endloop
  endfacet
  facet normal 0 -1 0
    outer loop
      vertex 29.032416559755802 -21.300000000000004 53.034441851079464
      vertex 27.72003001043685 -21.300000000000004 51.22314214351308
      vertex 27.829038105676656 -21.300000000000004 51.06
    endloop
  endfacet
  facet normal 0 -1 0
    outer loop
      vertex 29.032416559755802 -21.300000000000004 53.034441851079464
      vertex 27.44314214351308 -21.300000000000004 51.50003001043685
      vertex 27.59066017177982 -21.300000000000004 51.370660171779825
    endloop
  endfacet
  facet normal 0 -1 0
    outer loop
      vertex 27.910614907741547 -21.300000000000004 53.80543476343155
      vertex 27.279999999999998 -21.300000000000004 51.60903810567666
      vertex 29.032416559755802 -21.300000000000004 53.034441851079464
    endloop
  endfacet
  facet normal 0 -1 0
    outer loop
      vertex 26.75 -21.300000000000004 54.51666049659252
      vertex 26.725789288330073 -21.300000000000004 51.79716729206072
      vertex 27.910614907741547 -21.300000000000004 53.80543476343155
    endloop
  endfacet
  facet normal 0 -1 0
    outer loop
      vertex 29.032416559755802 -21.300000000000004 53.034441851079464
      vertex 27.9788887394336 -21.300000000000004 50.698228567653786
      vertex 30.11233016848564 -21.300000000000004 52.205794997513294
    endloop
  endfacet
endsolid OpenSCAD_Model
