solid OpenSCAD_Model
  facet normal -0.8204014430698211 0 -0.5717879608814401
    outer loop
      vertex -19.508784495294094 3.7 9.777190677821636
      vertex -18.610679775476456 3.7 8.488589905202389
      vertex -19.508784495294094 -21.300000000000004 9.777190677821636
    endloop
  endfacet
  facet normal -0.7475083264867453 0 -0.6642524383342414
    outer loop
      vertex -16.666238620877266 3.7 6.022078067064285
      vertex -15.622900374233723 3.7 4.847970180213451
      vertex -16.666238620877266 -21.300000000000004 6.022078067064285
    endloop
  endfacet
  facet normal -0.7730104517196759 0 -0.6343932861657213
    outer loop
      vertex -17.662677235901356 3.7 7.236242026090622
      vertex -16.666238620877266 3.7 6.022078067064285
      vertex -17.662677235901356 -21.300000000000004 7.236242026090622
    endloop
  endfacet
  facet normal -0.7973206534647818 -1.413670693663187e-18 -0.6035559423603526
    outer loop
      vertex -17.662677235901356 3.7 7.236242026090622
      vertex -18.610679775476456 -21.300000000000004 8.488589905202389
      vertex -18.610679775476456 3.7 8.488589905202389
    endloop
  endfacet
  facet normal -0.8819212643443392 0 -0.47139673683351074
    outer loop
      vertex -21.890260964632034 3.7 13.840380012989044
      vertex -21.149840280413628 3.7 12.455150343477726
      vertex -21.890260964632034 -21.300000000000004 13.840380012989044
    endloop
  endfacet
  facet normal -0.8997482823183388 0 -0.4364092442481012
    outer loop
      vertex -21.890260964632034 3.7 13.840380012989044
      vertex -22.575726956129074 -21.300000000000004 15.253610499203205
      vertex -22.575726956129074 3.7 15.253610499203205
    endloop
  endfacet
  facet normal -0.9448060452963782 0 -0.3276301829371309
    outer loop
      vertex -23.77765343338251 3.7 18.155317716300488
      vertex -24.29226065427065 -21.300000000000004 19.639320224523544
      vertex -24.29226065427065 3.7 19.639320224523544
    endloop
  endfacet
  facet normal -0.916187958045493 0 -0.4007488309807401
    outer loop
      vertex -22.575726956129074 3.7 15.253610499203205
      vertex -23.205181300640106 -21.300000000000004 16.692662708461285
      vertex -23.205181300640106 3.7 16.692662708461285
    endloop
  endfacet
  facet normal -0.9312149352495637 0 -0.3644704986252671
    outer loop
      vertex -23.77765343338251 3.7 18.155317716300488
      vertex -23.205181300640106 3.7 16.692662708461285
      vertex -23.77765343338251 -21.300000000000004 18.155317716300488
    endloop
  endfacet
  facet normal -0.8422172352753996 -1.4136706969141574e-18 -0.5391383204754253
    outer loop
      vertex -19.508784495294094 3.7 9.777190677821636
      vertex -20.355606570839882 -21.300000000000004 11.100057408213615
      vertex -20.355606570839882 3.7 11.100057408213615
    endloop
  endfacet
  facet normal -0.8627343868073287 0 -0.5056573719626588
    outer loop
      vertex -20.355606570839882 3.7 11.100057408213615
      vertex -21.149840280413628 -21.300000000000004 12.455150343477726
      vertex -21.149840280413628 3.7 12.455150343477726
    endloop
  endfacet
  facet normal -0.720853598326221 0 -0.6930873608573016
    outer loop
      vertex -15.622900374233723 3.7 4.847970180213451
      vertex -14.534271247684956 3.7 3.7157287523150444
      vertex -15.622900374233723 -21.300000000000004 4.847970180213451
    endloop
  endfacet
  facet normal -0.6930873608573016 0 -0.720853598326221
    outer loop
      vertex -14.534271247684956 3.7 3.7157287523150444
      vertex -13.402029819786549 3.7 2.6270996257662773
      vertex -14.534271247684956 -21.300000000000004 3.7157287523150444
    endloop
  endfacet
  facet normal -0.6642524383342414 -1.4136706932282776e-18 -0.7475083264867453
    outer loop
      vertex -12.227921932935715 3.7 1.583761379122734
      vertex -13.402029819786549 -21.300000000000004 2.6270996257662773
      vertex -13.402029819786549 3.7 2.6270996257662773
    endloop
  endfacet
  facet normal -0.6343932861657213 0 -0.7730104517196759
    outer loop
      vertex -12.227921932935715 3.7 1.583761379122734
      vertex -11.013757973909378 3.7 0.5873227640986443
      vertex -12.227921932935715 -21.300000000000004 1.583761379122734
    endloop
  endfacet
  facet normal -0.6035559418811017 0 -0.7973206538275651
    outer loop
      vertex -11.013757973909378 3.7 0.5873227640986443
      vertex -10.23788197338581 3.7 0
      vertex -11.013757973909378 -21.300000000000004 0.5873227640986443
    endloop
  endfacet
  facet normal -0.9982656100016107 -9.585284252673713e-16 -0.05887080675608419
    outer loop
      vertex -26.126693345606327 3.7 28.86163616925478
      vertex -26.18429385015355 -3.0519497022032738 29.83836140841246
      vertex -26.19452936015554 -2.7000000029802322 30.01192379355431
    endloop
  endfacet
  facet normal -0.9982656100016108 -5.095551306891183e-16 -0.058870806756081084
    outer loop
      vertex -26.126693345606327 3.7 28.86163616925478
      vertex -26.176855050695288 -3.4235428646206856 29.712222527563576
      vertex -26.18429385015355 -3.0519497022032738 29.83836140841246
    endloop
  endfacet
  facet normal -0.9982656100016112 -4.00080677793069e-18 -0.05887080675607691
    outer loop
      vertex -26.126693345606327 3.7 28.86163616925478
      vertex -26.172340241587644 -3.8084214255213737 29.63566542029381
      vertex -26.176855050695288 -3.4235428646206856 29.712222527563576
    endloop
  endfacet
  facet normal -0.9982656100016132 3.7198080343551815e-15 -0.05887080675604088
    outer loop
      vertex -26.126693345606327 3.7 28.86163616925478
      vertex -26.17082667264583 -4.200000002980232 29.610000002980236
      vertex -26.172340241587644 -3.8084214255213737 29.63566542029381
    endloop
  endfacet
  facet normal -0.9982656100016111 0 -0.05887080675607767
    outer loop
      vertex -26.126693345606327 3.7 28.86163616925478
      vertex -26.219161450862885 -2.1460386938139795 30.42960736900568
      vertex -26.219161450862885 3.7 30.42960736900568
    endloop
  endfacet
  facet normal -0.9998072404976415 0 -0.019633691667419618
    outer loop
      vertex -26.219161450862885 3.7 30.42960736900568
      vertex -26.25 -1.2691121440201776 32
      vertex -26.25 3.7 32
    endloop
  endfacet
  facet normal -0.9998072404976415 -1.5992067590623926e-16 0.019633691667419618
    outer loop
      vertex -26.25 3.7 32
      vertex -26.238021138985072 -1.2000000029802322 32.610000002980236
      vertex -26.219161450862885 3.7 33.57039263099432
    endloop
  endfacet
  facet normal -0.9982656100016111 0 0.05887080675607768
    outer loop
      vertex -26.219161450862885 3.7 33.57039263099432
      vertex -26.126693345606327 -1.2000000029802322 35.13836383074522
      vertex -26.126693345606327 3.7 35.13836383074522
    endloop
  endfacet
  facet normal -0.9951847270754589 0 0.09801713623517277
    outer loop
      vertex -26.126693345606327 3.7 35.13836383074522
      vertex -25.972738280892372 -1.2000000029802322 36.70149590075016
      vertex -25.972738280892372 3.7 36.70149590075016
    endloop
  endfacet
  facet normal -0.9905693402519419 0 0.13701234306744958
    outer loop
      vertex -25.972738280892372 3.7 36.70149590075016
      vertex -25.757533624768257 -1.2000000029802322 38.25737860053778
      vertex -25.757533624768257 3.7 38.25737860053778
    endloop
  endfacet
  facet normal -0.9844265682772355 0 0.17579627888526342
    outer loop
      vertex -25.757533624768257 3.7 38.25737860053778
      vertex -25.48141121864319 -1.2000000029802322 39.803612880408764
      vertex -25.48141121864319 3.7 39.803612880408764
    endloop
  endfacet
  facet normal -0.9998072404976415 2.830248034650908e-16 -0.01963369166741962
    outer loop
      vertex -26.219161450862885 3.7 30.42960736900568
      vertex -26.22611524532787 -1.8199399784207344 30.78371571362019
      vertex -26.232522645548364 -1.601923793554306 31.110000002980236
    endloop
  endfacet
  facet normal -0.9998072404976421 0 -0.019633691667390967
    outer loop
      vertex -26.219161450862885 3.7 30.42960736900568
      vertex -26.219161450862885 -2.1460386938139795 30.42960736900568
      vertex -26.22032148158731 -2.078679658472538 30.48867965847254
    endloop
  endfacet
  facet normal -0.9998072404976412 -4.022286054008331e-16 -0.0196336916674303
    outer loop
      vertex -26.219161450862885 3.7 30.42960736900568
      vertex -26.22032148158731 -2.078679658472538 30.48867965847254
      vertex -26.22611524532787 -1.8199399784207344 30.78371571362019
    endloop
  endfacet
  facet normal -0.9998072404976415 1.7966190808739283e-16 -0.01963369166742043
    outer loop
      vertex -26.219161450862885 3.7 30.42960736900568
      vertex -26.232522645548364 -1.601923793554306 31.110000002980236
      vertex -26.23943404966417 -1.4283614084124565 31.461949702203277
    endloop
  endfacet
  facet normal -0.9998072404976416 1.7730067313944976e-15 -0.019633691667412516
    outer loop
      vertex -26.219161450862885 3.7 30.42960736900568
      vertex -26.23943404966417 -1.4283614084124565 31.461949702203277
      vertex -26.246731201836212 -1.302222527563572 31.83354286462069
    endloop
  endfacet
  facet normal -0.9998072404976412 -1.9698321105978796e-15 -0.019633691667425845
    outer loop
      vertex -26.219161450862885 3.7 30.42960736900568
      vertex -26.246731201836212 -1.302222527563572 31.83354286462069
      vertex -26.25 -1.2691121440201776 32
    endloop
  endfacet
  facet normal -0.9998072404976417 0 0.019633691667417328
    outer loop
      vertex -26.25 3.7 32
      vertex -26.25 -1.2691121440201776 32
      vertex -26.245710754284886 -1.225665420293808 32.21842142552138
    endloop
  endfacet
  facet normal -0.9982656100016111 -4.89877261409904e-16 -0.05887080675607947
    outer loop
      vertex -26.126693345606327 3.7 28.86163616925478
      vertex -26.207386448049157 -2.373715713620186 30.229939978420738
      vertex -26.219161450862885 -2.1460386938139795 30.42960736900568
    endloop
  endfacet
  facet normal -0.9982656100016115 1.3694728042803072e-15 -0.05887080675607126
    outer loop
      vertex -26.126693345606327 3.7 28.86163616925478
      vertex -26.19452936015554 -2.7000000029802322 30.01192379355431
      vertex -26.207386448049157 -2.373715713620186 30.229939978420738
    endloop
  endfacet
  facet normal -0.9998072404976414 2.4655459447628446e-16 0.01963369166742288
    outer loop
      vertex -26.25 3.7 32
      vertex -26.245710754284886 -1.225665420293808 32.21842142552138
      vertex -26.238021138985072 -1.2000000029802322 32.610000002980236
    endloop
  endfacet
  facet normal -0.9998072404976415 0 0.019633691667418803
    outer loop
      vertex -26.219161450862885 3.7 33.57039263099432
      vertex -26.238021138985072 -1.2000000029802322 32.610000002980236
      vertex -26.219161450862885 -1.2000000029802322 33.57039263099432
    endloop
  endfacet
  facet normal -0.9982656100016111 0 0.05887080675607768
    outer loop
      vertex -26.219161450862885 3.7 33.57039263099432
      vertex -26.219161450862885 -1.2000000029802322 33.57039263099432
      vertex -26.126693345606327 -1.2000000029802322 35.13836383074522
    endloop
  endfacet
  facet normal -0.9951847270754589 0 0.09801713623517277
    outer loop
      vertex -26.126693345606327 3.7 35.13836383074522
      vertex -26.126693345606327 -1.2000000029802322 35.13836383074522
      vertex -25.972738280892372 -1.2000000029802322 36.70149590075016
    endloop
  endfacet
  facet normal -0.9905693402519419 0 0.13701234306744958
    outer loop
      vertex -25.972738280892372 3.7 36.70149590075016
      vertex -25.972738280892372 -1.2000000029802322 36.70149590075016
      vertex -25.757533624768257 -1.2000000029802322 38.25737860053778
    endloop
  endfacet
  facet normal -0.9844265682772355 0 0.17579627888526342
    outer loop
      vertex -25.757533624768257 3.7 38.25737860053778
      vertex -25.757533624768257 -1.2000000029802322 38.25737860053778
      vertex -25.48141121864319 -1.2000000029802322 39.803612880408764
    endloop
  endfacet
  facet normal -0.9675990925590835 0 -0.2524915762532251
    outer loop
      vertex -24.748209461569786 3.7 21.142382003366947
      vertex -25.144796818494797 -21.300000000000004 22.662185445427895
      vertex -25.144796818494797 3.7 22.662185445427895
    endloop
  endfacet
  facet normal -0.9569403354792997 -1.4136706935082383e-18 -0.29028467808819225
    outer loop
      vertex -24.29226065427065 3.7 19.639320224523544
      vertex -24.748209461569786 -21.300000000000004 21.142382003366947
      vertex -24.748209461569786 3.7 21.142382003366947
    endloop
  endfacet
  facet normal -0.976765881347436 0 -0.21430915294398042
    outer loop
      vertex -25.144796818494797 3.7 22.662185445427895
      vertex -25.48141121864319 -21.300000000000004 24.196387119591236
      vertex -25.48141121864319 3.7 24.196387119591236
    endloop
  endfacet
  facet normal -0.9844265682772355 0 -0.17579627888526342
    outer loop
      vertex -25.48141121864319 3.7 24.196387119591236
      vertex -25.757533624768257 -21.300000000000004 25.742621399462223
      vertex -25.757533624768257 3.7 25.742621399462223
    endloop
  endfacet
  facet normal -0.990569340251942 0 -0.13701234306744958
    outer loop
      vertex -25.757533624768257 3.7 25.742621399462223
      vertex -25.972738280892372 -21.300000000000004 27.29850409924984
      vertex -25.972738280892372 3.7 27.29850409924984
    endloop
  endfacet
  facet normal -0.9951847270754589 0 -0.09801713623517277
    outer loop
      vertex -25.972738280892372 3.7 27.29850409924984
      vertex -26.126693345606327 -21.300000000000004 28.86163616925478
      vertex -26.126693345606327 3.7 28.86163616925478
    endloop
  endfacet
  facet normal -0.9982656100016107 0 -0.05887080675607999
    outer loop
      vertex -26.126693345606327 3.7 28.86163616925478
      vertex -26.126693345606327 -21.300000000000004 28.86163616925478
      vertex -26.17082667264583 -4.200000002980232 29.610000002980236
    endloop
  endfacet
  facet normal 0 1 0
    outer loop
      vertex -19.508784495294094 3.7 9.777190677821636
      vertex 48.64984028041363 3.7 12.455150343477726
      vertex -18.610679775476456 3.7 8.488589905202389
    endloop
  endfacet
  facet normal 0 1 0
    outer loop
      vertex -19.508784495294094 3.7 9.777190677821636
      vertex -20.355606570839882 3.7 11.100057408213615
      vertex 49.390260964632034 3.7 13.840380012989044
    endloop
  endfacet
  facet normal 0 1 0
    outer loop
      vertex -20.355606570839882 3.7 11.100057408213615
      vertex -21.149840280413628 3.7 12.455150343477726
      vertex 50.075726956129074 3.7 15.253610499203205
    endloop
  endfacet
  facet normal 0 1 0
    outer loop
      vertex -21.890260964632034 3.7 13.840380012989044
      vertex 50.705181300640106 3.7 16.692662708461285
      vertex -21.149840280413628 3.7 12.455150343477726
    endloop
  endfacet
  facet normal 0 1 0
    outer loop
      vertex -21.890260964632034 3.7 13.840380012989044
      vertex -22.575726956129074 3.7 15.253610499203205
      vertex 51.27765343338251 3.7 18.155317716300488
    endloop
  endfacet
  facet normal 0 1 0
    outer loop
      vertex -22.575726956129074 3.7 15.253610499203205
      vertex -23.205181300640106 3.7 16.692662708461285
      vertex 51.79226065427065 3.7 19.639320224523544
    endloop
  endfacet
  facet normal 0 1 0
    outer loop
      vertex -23.77765343338251 3.7 18.155317716300488
      vertex 52.248209461569786 3.7 21.142382003366947
      vertex -23.205181300640106 3.7 16.692662708461285
    endloop
  endfacet
  facet normal 0 1 0
    outer loop
      vertex -12.227921932935715 3.7 1.583761379122734
      vertex -13.402029819786549 3.7 2.6270996257662773
      vertex 43.12290037423372 3.7 4.847970180213451
    endloop
  endfacet
  facet normal 0 1 0
    outer loop
      vertex -14.534271247684956 3.7 3.7157287523150444
      vertex 44.166238620877266 3.7 6.022078067064285
      vertex -13.402029819786549 3.7 2.6270996257662773
    endloop
  endfacet
  facet normal 0 1 0
    outer loop
      vertex -11.013757973909378 3.7 0.5873227640986443
      vertex 40.90202981978655 3.7 2.6270996257662773
      vertex -10.23788197338581 3.7 0
    endloop
  endfacet
  facet normal 0 1 0
    outer loop
      vertex -12.227921932935715 3.7 1.583761379122734
      vertex 42.034271247684956 3.7 3.7157287523150444
      vertex -11.013757973909378 3.7 0.5873227640986443
    endloop
  endfacet
  facet normal 0 0 -1
    outer loop
      vertex -10.23788197338581 3.7 0
      vertex 37.73788197338581 3.7 0
      vertex -2.9499999999999997 1.9000000000000001 0
    endloop
  endfacet
  facet normal 0 1 0
    outer loop
      vertex -16.666238620877266 3.7 6.022078067064285
      vertex 46.110679775476456 3.7 8.488589905202389
      vertex -15.622900374233723 3.7 4.847970180213451
    endloop
  endfacet
  facet normal 0 1 0
    outer loop
      vertex -15.622900374233723 3.7 4.847970180213451
      vertex 45.162677235901356 3.7 7.236242026090622
      vertex -14.534271247684956 3.7 3.7157287523150444
    endloop
  endfacet
  facet normal 0 1 0
    outer loop
      vertex -17.662677235901356 3.7 7.236242026090622
      vertex 47.008784495294094 3.7 9.777190677821636
      vertex -16.666238620877266 3.7 6.022078067064285
    endloop
  endfacet
  facet normal 0 1 0
    outer loop
      vertex -17.662677235901356 3.7 7.236242026090622
      vertex -18.610679775476456 3.7 8.488589905202389
      vertex 47.85560657083988 3.7 11.100057408213615
    endloop
  endfacet
  facet normal 0 0 -1
    outer loop
      vertex -10.23788197338581 3.7 0
      vertex -2.9499999999999997 1.9000000000000001 0
      vertex -2.9499999999999997 -17.502310617986407 0
    endloop
  endfacet
  facet normal 0 1 0
    outer loop
      vertex -24.748209461569786 3.7 21.142382003366947
      vertex -25.144796818494797 3.7 22.662185445427895
      vertex 53.25753362476826 3.7 25.742621399462223
    endloop
  endfacet
  facet normal 0 1 0
    outer loop
      vertex -23.77765343338251 3.7 18.155317716300488
      vertex -24.29226065427065 3.7 19.639320224523544
      vertex 52.6447968184948 3.7 22.662185445427895
    endloop
  endfacet
  facet normal 0 1 0
    outer loop
      vertex -24.29226065427065 3.7 19.639320224523544
      vertex -24.748209461569786 3.7 21.142382003366947
      vertex 52.98141121864319 3.7 24.196387119591236
    endloop
  endfacet
  facet normal 0 1 0
    outer loop
      vertex -25.144796818494797 3.7 22.662185445427895
      vertex -25.48141121864319 3.7 24.196387119591236
      vertex 53.47273828089237 3.7 27.29850409924984
    endloop
  endfacet
  facet normal 0 1 0
    outer loop
      vertex -25.48141121864319 3.7 24.196387119591236
      vertex -25.757533624768257 3.7 25.742621399462223
      vertex 53.62669334560633 3.7 28.86163616925478
    endloop
  endfacet
  facet normal 0 1 0
    outer loop
      vertex -25.757533624768257 3.7 25.742621399462223
      vertex -25.972738280892372 3.7 27.29850409924984
      vertex 53.719161450862885 3.7 30.42960736900568
    endloop
  endfacet
  facet normal 0 1 0
    outer loop
      vertex -25.972738280892372 3.7 27.29850409924984
      vertex -26.126693345606327 3.7 28.86163616925478
      vertex 53.75 3.7 32
    endloop
  endfacet
  facet normal 0 1 0
    outer loop
      vertex -26.126693345606327 3.7 28.86163616925478
      vertex -26.219161450862885 3.7 30.42960736900568
      vertex 53.719161450862885 3.7 33.57039263099432
    endloop
  endfacet
  facet normal 0 1 0
    outer loop
      vertex -26.219161450862885 3.7 30.42960736900568
      vertex -26.25 3.7 32
      vertex 53.62669334560633 3.7 35.13836383074522
    endloop
  endfacet
  facet normal 0 1 0
    outer loop
      vertex -26.25 3.7 32
      vertex -26.219161450862885 3.7 33.57039263099432
      vertex 53.47273828089237 3.7 36.70149590075016
    endloop
  endfacet
  facet normal 0 1 0
    outer loop
      vertex -26.219161450862885 3.7 33.57039263099432
      vertex -26.126693345606327 3.7 35.13836383074522
      vertex 53.25753362476826 3.7 38.25737860053778
    endloop
  endfacet
  facet normal 0 1 0
    outer loop
      vertex -26.126693345606327 3.7 35.13836383074522
      vertex -25.972738280892372 3.7 36.70149590075016
      vertex 52.98141121864319 3.7 39.803612880408764
    endloop
  endfacet
  facet normal 0 1 0
    outer loop
      vertex -25.972738280892372 3.7 36.70149590075016
      vertex -25.757533624768257 3.7 38.25737860053778
      vertex 52.6447968184948 3.7 41.337814554572105
    endloop
  endfacet
  facet normal -0.8204014430698211 0 -0.5717879608814401
    outer loop
      vertex -18.610679775476456 3.7 8.488589905202389
      vertex -18.610679775476456 -21.300000000000004 8.488589905202389
      vertex -19.508784495294094 -21.300000000000004 9.777190677821636
    endloop
  endfacet
  facet normal -0.7730104517196759 0 -0.6343932861657213
    outer loop
      vertex -16.666238620877266 3.7 6.022078067064285
      vertex -16.666238620877266 -21.300000000000004 6.022078067064285
      vertex -17.662677235901356 -21.300000000000004 7.236242026090622
    endloop
  endfacet
  facet normal -0.7973206534647818 0 -0.6035559423603526
    outer loop
      vertex -17.662677235901356 3.7 7.236242026090622
      vertex -17.662677235901356 -21.300000000000004 7.236242026090622
      vertex -18.610679775476456 -21.300000000000004 8.488589905202389
    endloop
  endfacet
  facet normal -0.8819212643443392 0 -0.47139673683351074
    outer loop
      vertex -21.149840280413628 3.7 12.455150343477726
      vertex -21.149840280413628 -21.300000000000004 12.455150343477726
      vertex -21.890260964632034 -21.300000000000004 13.840380012989044
    endloop
  endfacet
  facet normal -0.8997482823183388 0 -0.4364092442481012
    outer loop
      vertex -21.890260964632034 3.7 13.840380012989044
      vertex -21.890260964632034 -21.300000000000004 13.840380012989044
      vertex -22.575726956129074 -21.300000000000004 15.253610499203205
    endloop
  endfacet
  facet normal -0.9448060452963782 0 -0.3276301829371309
    outer loop
      vertex -23.77765343338251 3.7 18.155317716300488
      vertex -23.77765343338251 -21.300000000000004 18.155317716300488
      vertex -24.29226065427065 -21.300000000000004 19.639320224523544
    endloop
  endfacet
  facet normal -0.916187958045493 0 -0.4007488309807401
    outer loop
      vertex -22.575726956129074 3.7 15.253610499203205
      vertex -22.575726956129074 -21.300000000000004 15.253610499203205
      vertex -23.205181300640106 -21.300000000000004 16.692662708461285
    endloop
  endfacet
  facet normal -0.9312149352495637 0 -0.3644704986252671
    outer loop
      vertex -23.205181300640106 3.7 16.692662708461285
      vertex -23.205181300640106 -21.300000000000004 16.692662708461285
      vertex -23.77765343338251 -21.300000000000004 18.155317716300488
    endloop
  endfacet
  facet normal -0.8627343868073287 0 -0.5056573719626588
    outer loop
      vertex -20.355606570839882 3.7 11.100057408213615
      vertex -20.355606570839882 -21.300000000000004 11.100057408213615
      vertex -21.149840280413628 -21.300000000000004 12.455150343477726
    endloop
  endfacet
  facet normal -0.8422172352753996 0 -0.5391383204754253
    outer loop
      vertex -19.508784495294094 3.7 9.777190677821636
      vertex -19.508784495294094 -21.300000000000004 9.777190677821636
      vertex -20.355606570839882 -21.300000000000004 11.100057408213615
    endloop
  endfacet
  facet normal 0 0 -1
    outer loop
      vertex -10.23788197338581 3.7 0
      vertex -2.9499999999999997 -17.502310617986407 0
      vertex -10.23788197338581 -21.300000000000004 0
    endloop
  endfacet
  facet normal -0.6930873608573016 0 -0.720853598326221
    outer loop
      vertex -13.402029819786549 3.7 2.6270996257662773
      vertex -13.402029819786549 -21.300000000000004 2.6270996257662773
      vertex -14.534271247684956 -21.300000000000004 3.7157287523150444
    endloop
  endfacet
  facet normal -0.720853598326221 0 -0.6930873608573016
    outer loop
      vertex -14.534271247684956 3.7 3.7157287523150444
      vertex -14.534271247684956 -21.300000000000004 3.7157287523150444
      vertex -15.622900374233723 -21.300000000000004 4.847970180213451
    endloop
  endfacet
  facet normal -0.6642524383342414 0 -0.7475083264867453
    outer loop
      vertex -12.227921932935715 3.7 1.583761379122734
      vertex -12.227921932935715 -21.300000000000004 1.583761379122734
      vertex -13.402029819786549 -21.300000000000004 2.6270996257662773
    endloop
  endfacet
  facet normal -0.6343932861657213 0 -0.7730104517196759
    outer loop
      vertex -11.013757973909378 3.7 0.5873227640986443
      vertex -11.013757973909378 -21.300000000000004 0.5873227640986443
      vertex -12.227921932935715 -21.300000000000004 1.583761379122734
    endloop
  endfacet
  facet normal -0.7475083264867453 0 -0.6642524383342414
    outer loop
      vertex -15.622900374233723 3.7 4.847970180213451
      vertex -15.622900374233723 -21.300000000000004 4.847970180213451
      vertex -16.666238620877266 -21.300000000000004 6.022078067064285
    endloop
  endfacet
  facet normal -0.6035559418811017 0 -0.7973206538275651
    outer loop
      vertex -10.23788197338581 3.7 0
      vertex -10.23788197338581 -21.300000000000004 0
      vertex -11.013757973909378 -21.300000000000004 0.5873227640986443
    endloop
  endfacet
  facet normal 0 -1 0
    outer loop
      vertex -19.508784495294094 -21.300000000000004 9.777190677821636
      vertex -18.610679775476456 -21.300000000000004 8.488589905202389
      vertex -18.53881686925888 -21.300000000000004 11.03139714896679
    endloop
  endfacet
  facet normal 0 -1 0
    outer loop
      vertex -17.662677235901356 -21.300000000000004 7.236242026090622
      vertex -16.666238620877266 -21.300000000000004 6.022078067064285
      vertex -16.170119516551495 -21.300000000000004 7.771164946258068
    endloop
  endfacet
  facet normal 0 -1 0
    outer loop
      vertex -17.662677235901356 -21.300000000000004 7.236242026090622
      vertex -17.397154286503792 -21.300000000000004 9.370267786085606
      vertex -18.610679775476456 -21.300000000000004 8.488589905202389
    endloop
  endfacet
  facet normal 0 -1 0
    outer loop
      vertex -18.610679775476456 -21.300000000000004 8.488589905202389
      vertex -17.397154286503792 -21.300000000000004 9.370267786085606
      vertex -18.53881686925888 -21.300000000000004 11.03139714896679
    endloop
  endfacet
  facet normal 0 -1 0
    outer loop
      vertex -17.662677235901356 -21.300000000000004 7.236242026090622
      vertex -16.170119516551495 -21.300000000000004 7.771164946258068
      vertex -17.397154286503792 -21.300000000000004 9.370267786085606
    endloop
  endfacet
  facet normal 0 -1 0
    outer loop
      vertex -21.890260964632034 -21.300000000000004 13.840380012989044
      vertex -21.421500116586685 -21.300000000000004 16.340639241039753
      vertex -22.575726956129074 -21.300000000000004 15.253610499203205
    endloop
  endfacet
  facet normal 0 -1 0
    outer loop
      vertex -21.890260964632034 -21.300000000000004 13.840380012989044
      vertex -20.553751178085804 -21.300000000000004 14.521365761756897
      vertex -21.421500116586685 -21.300000000000004 16.340639241039753
    endloop
  endfacet
  facet normal 0 -1 0
    outer loop
      vertex -22.575726956129074 -21.300000000000004 15.253610499203205
      vertex -21.421500116586685 -21.300000000000004 16.340639241039753
      vertex -23.205181300640106 -21.300000000000004 16.692662708461285
    endloop
  endfacet
  facet normal 0 -1 0
    outer loop
      vertex -23.205181300640106 -21.300000000000004 16.692662708461285
      vertex -21.421500116586685 -21.300000000000004 16.340639241039753
      vertex -22.192846417427063 -21.300000000000004 18.20283394306898
    endloop
  endfacet
  facet normal 0 -1 0
    outer loop
      vertex -23.77765343338251 -21.300000000000004 18.155317716300488
      vertex -23.205181300640106 -21.300000000000004 16.692662708461285
      vertex -22.192846417427063 -21.300000000000004 18.20283394306898
    endloop
  endfacet
  facet normal 0 -1 0
    outer loop
      vertex -23.77765343338251 -21.300000000000004 18.155317716300488
      vertex -22.865675874054432 -21.300000000000004 20.102845713496208
      vertex -24.29226065427065 -21.300000000000004 19.639320224523544
    endloop
  endfacet
  facet normal 0 -1 0
    outer loop
      vertex -23.77765343338251 -21.300000000000004 18.155317716300488
      vertex -22.192846417427063 -21.300000000000004 18.20283394306898
      vertex -22.865675874054432 -21.300000000000004 20.102845713496208
    endloop
  endfacet
  facet normal 0 -1 0
    outer loop
      vertex -20.355606570839882 -21.300000000000004 11.100057408213615
      vertex -19.591978043317795 -21.300000000000004 12.75
      vertex -21.149840280413628 -21.300000000000004 12.455150343477726
    endloop
  endfacet
  facet normal 0 -1 0
    outer loop
      vertex -19.508784495294094 -21.300000000000004 9.777190677821636
      vertex -19.591978043317795 -21.300000000000004 12.75
      vertex -20.355606570839882 -21.300000000000004 11.100057408213615
    endloop
  endfacet
  facet normal 0 -1 0
    outer loop
      vertex -19.508784495294094 -21.300000000000004 9.777190677821636
      vertex -18.53881686925888 -21.300000000000004 11.03139714896679
      vertex -19.591978043317795 -21.300000000000004 12.75
    endloop
  endfacet
  facet normal 0 -1 0
    outer loop
      vertex -21.149840280413628 -21.300000000000004 12.455150343477726
      vertex -19.591978043317795 -21.300000000000004 12.75
      vertex -20.553751178085804 -21.300000000000004 14.521365761756897
    endloop
  endfacet
  facet normal 0 -1 0
    outer loop
      vertex -21.890260964632034 -21.300000000000004 13.840380012989044
      vertex -21.149840280413628 -21.300000000000004 12.455150343477726
      vertex -20.553751178085804 -21.300000000000004 14.521365761756897
    endloop
  endfacet
  facet normal 0 -1 0
    outer loop
      vertex -15.622900374233723 -21.300000000000004 4.847970180213451
      vertex -14.534271247684956 -21.300000000000004 3.7157287523150444
      vertex -14.861075781285763 -21.300000000000004 6.238471657037735
    endloop
  endfacet
  facet normal 0 -1 0
    outer loop
      vertex -14.534271247684956 -21.300000000000004 3.7157287523150444
      vertex -13.402029819786549 -21.300000000000004 2.6270996257662773
      vertex -13.473611079156399 -21.300000000000004 4.776388920843601
    endloop
  endfacet
  facet normal 0 -1 0
    outer loop
      vertex -14.534271247684956 -21.300000000000004 3.7157287523150444
      vertex -13.473611079156399 -21.300000000000004 4.776388920843601
      vertex -14.861075781285763 -21.300000000000004 6.238471657037735
    endloop
  endfacet
  facet normal 0 -1 0
    outer loop
      vertex -12.227921932935715 -21.300000000000004 1.583761379122734
      vertex -10.478835053741932 -21.300000000000004 2.0798804834485054
      vertex -12.011528342962265 -21.300000000000004 3.388924218714237
    endloop
  endfacet
  facet normal 0 -1 0
    outer loop
      vertex -12.227921932935715 -21.300000000000004 1.583761379122734
      vertex -12.011528342962265 -21.300000000000004 3.388924218714237
      vertex -13.402029819786549 -21.300000000000004 2.6270996257662773
    endloop
  endfacet
  facet normal 0 -1 0
    outer loop
      vertex -13.402029819786549 -21.300000000000004 2.6270996257662773
      vertex -12.011528342962265 -21.300000000000004 3.388924218714237
      vertex -13.473611079156399 -21.300000000000004 4.776388920843601
    endloop
  endfacet
  facet normal 0 -1 0
    outer loop
      vertex -16.666238620877266 -21.300000000000004 6.022078067064285
      vertex -15.622900374233723 -21.300000000000004 4.847970180213451
      vertex -14.861075781285763 -21.300000000000004 6.238471657037735
    endloop
  endfacet
  facet normal 0 -1 0
    outer loop
      vertex -16.666238620877266 -21.300000000000004 6.022078067064285
      vertex -14.861075781285763 -21.300000000000004 6.238471657037735
      vertex -16.170119516551495 -21.300000000000004 7.771164946258068
    endloop
  endfacet
  facet normal 0 -1 0
    outer loop
      vertex -11.013757973909378 -21.300000000000004 0.5873227640986443
      vertex -10.23788197338581 -21.300000000000004 0
      vertex -8.879732213914394 -21.300000000000004 0.8528457134962082
    endloop
  endfacet
  facet normal 0 -1 0
    outer loop
      vertex -11.013757973909378 -21.300000000000004 0.5873227640986443
      vertex -8.879732213914394 -21.300000000000004 0.8528457134962082
      vertex -10.478835053741932 -21.300000000000004 2.0798804834485054
    endloop
  endfacet
  facet normal 0 -1 0
    outer loop
      vertex -12.227921932935715 -21.300000000000004 1.583761379122734
      vertex -11.013757973909378 -21.300000000000004 0.5873227640986443
      vertex -10.478835053741932 -21.300000000000004 2.0798804834485054
    endloop
  endfacet
  facet normal 0 -1 0
    outer loop
      vertex -10.23788197338581 -21.300000000000004 0
      vertex -7.63883400274843 -21.300000000000004 0
      vertex -8.879732213914394 -21.300000000000004 0.8528457134962082
    endloop
  endfacet
  facet normal 0 0 -1
    outer loop
      vertex -10.23788197338581 -21.300000000000004 0
      vertex -2.9499999999999997 -17.502310617986407 0
      vertex -7.63883400274843 -20.500000000000004 0
    endloop
  endfacet
  facet normal 0 0 -1
    outer loop
      vertex -10.23788197338581 -21.300000000000004 0
      vertex -7.63883400274843 -20.500000000000004 0
      vertex -7.63883400274843 -21.300000000000004 0
    endloop
  endfacet
  facet normal 0 -1 0
    outer loop
      vertex -8.905534081161022 -21.300000000000004 4.022745385766029
      vertex -7.41026908159256 -21.300000000000004 2.875388205051422
      vertex -8.25 -21.300000000000004 4
    endloop
  endfacet
  facet normal 0 -1 0
    outer loop
      vertex -8.25 -21.300000000000004 4
      vertex -7.41026908159256 -21.300000000000004 2.875388205051422
      vertex -5.857005260884762 -21.300000000000004 1.807859554886818
    endloop
  endfacet
  facet normal 0 -1 0
    outer loop
      vertex -19.137636475265026 -21.300000000000004 17.357480846345425
      vertex -0.09066017177982144 -21.300000000000004 20.629339828220182
      vertex -19.858895353972912 -21.300000000000004 19.098753817379475
    endloop
  endfacet
  facet normal 0 -1 0
    outer loop
      vertex -14.22725461423397 -21.300000000000004 9.344465918838978
      vertex -13.003213718533516 -21.300000000000004 7.911298170685768
      vertex 7.75 -21.300000000000004 18.5
    endloop
  endfacet
  facet normal 0 -1 0
    outer loop
      vertex -16.442140445113182 -21.300000000000004 12.392994739115238
      vertex -15.374611794948578 -21.300000000000004 10.83973091840744
      vertex 7.75 -21.300000000000004 18.5
    endloop
  endfacet
  facet normal 0 -1 0
    outer loop
      vertex -14.22725461423397 -21.300000000000004 9.344465918838978
      vertex 7.75 -21.300000000000004 18.5
      vertex -15.374611794948578 -21.300000000000004 10.83973091840744
    endloop
  endfacet
  facet normal 0 -1 0
    outer loop
      vertex -19.137636475265026 -21.300000000000004 17.357480846345425
      vertex -18.326234869658947 -21.300000000000004 15.656342007219791
      vertex 7.75 -21.300000000000004 18.5
    endloop
  endfacet
  facet normal 0 -1 0
    outer loop
      vertex -17.426914535462856 -21.300000000000004 14
      vertex 7.75 -21.300000000000004 18.5
      vertex -18.326234869658947 -21.300000000000004 15.656342007219791
    endloop
  endfacet
  facet normal 0 -1 0
    outer loop
      vertex -16.442140445113182 -21.300000000000004 12.392994739115238
      vertex 7.75 -21.300000000000004 18.5
      vertex -17.426914535462856 -21.300000000000004 14
    endloop
  endfacet
  facet normal 0 -1 0
    outer loop
      vertex -19.137636475265026 -21.300000000000004 17.357480846345425
      vertex 0.21999999999999997 -21.300000000000004 20.390961894323343
      vertex 0.05685785648691899 -21.300000000000004 20.499969989563148
    endloop
  endfacet
  facet normal 0 -1 0
    outer loop
      vertex -19.137636475265026 -21.300000000000004 17.357480846345425
      vertex 0.05685785648691899 -21.300000000000004 20.499969989563148
      vertex -0.09066017177982144 -21.300000000000004 20.629339828220182
    endloop
  endfacet
  facet normal -0.9982656100016107 0 -0.05887080675607999
    outer loop
      vertex -26.17082667264583 -4.200000002980232 29.610000002980236
      vertex -26.126693345606327 -21.300000000000004 28.86163616925478
      vertex -26.17082667264583 -8.799999997019768 29.610000002980236
    endloop
  endfacet
  facet normal -0.9569403354792997 0 -0.29028467808819225
    outer loop
      vertex -24.29226065427065 3.7 19.639320224523544
      vertex -24.29226065427065 -21.300000000000004 19.639320224523544
      vertex -24.748209461569786 -21.300000000000004 21.142382003366947
    endloop
  endfacet
  facet normal -0.9675990925590835 0 -0.2524915762532251
    outer loop
      vertex -24.748209461569786 3.7 21.142382003366947
      vertex -24.748209461569786 -21.300000000000004 21.142382003366947
      vertex -25.144796818494797 -21.300000000000004 22.662185445427895
    endloop
  endfacet
  facet normal -0.976765881347436 0 -0.21430915294398042
    outer loop
      vertex -25.144796818494797 3.7 22.662185445427895
      vertex -25.144796818494797 -21.300000000000004 22.662185445427895
      vertex -25.48141121864319 -21.300000000000004 24.196387119591236
    endloop
  endfacet
  facet normal -0.9844265682772355 0 -0.17579627888526342
    outer loop
      vertex -25.48141121864319 3.7 24.196387119591236
      vertex -25.48141121864319 -21.300000000000004 24.196387119591236
      vertex -25.757533624768257 -21.300000000000004 25.742621399462223
    endloop
  endfacet
  facet normal -0.990569340251942 0 -0.13701234306744958
    outer loop
      vertex -25.757533624768257 3.7 25.742621399462223
      vertex -25.757533624768257 -21.300000000000004 25.742621399462223
      vertex -25.972738280892372 -21.300000000000004 27.29850409924984
    endloop
  endfacet
  facet normal -0.9951847270754589 0 -0.09801713623517277
    outer loop
      vertex -25.972738280892372 3.7 27.29850409924984
      vertex -25.972738280892372 -21.300000000000004 27.29850409924984
      vertex -26.126693345606327 -21.300000000000004 28.86163616925478
    endloop
  endfacet
  facet normal -0.9982656100016138 -3.0023470899949486e-15 -0.05887080675603002
    outer loop
      vertex -26.17082667264583 -8.799999997019768 29.610000002980236
      vertex -26.126693345606327 -21.300000000000004 28.86163616925478
      vertex -26.172340241587644 -9.191578574478626 29.63566542029381
    endloop
  endfacet
  facet normal -0.9982656100016112 1.537428652834972e-16 -0.058870806756076165
    outer loop
      vertex -26.172340241587644 -9.191578574478626 29.63566542029381
      vertex -26.219161450862885 -21.300000000000004 30.42960736900568
      vertex -26.176855050695288 -9.576457135379314 29.712222527563576
    endloop
  endfacet
  facet normal -0.9982656100016107 -2.923566878811505e-16 -0.05887080675608344
    outer loop
      vertex -26.176855050695288 -9.576457135379314 29.712222527563576
      vertex -26.219161450862885 -21.300000000000004 30.42960736900568
      vertex -26.18429385015355 -9.948050297796726 29.83836140841246
    endloop
  endfacet
  facet normal -0.9982656100016104 -4.852302515260304e-16 -0.05887080675608712
    outer loop
      vertex -26.18429385015355 -9.948050297796726 29.83836140841246
      vertex -26.219161450862885 -21.300000000000004 30.42960736900568
      vertex -26.19452936015554 -10.299999997019768 30.01192379355431
    endloop
  endfacet
  facet normal -0.9982656100016115 2.0901723372400597e-16 -0.058870806756068886
    outer loop
      vertex -26.19452936015554 -10.299999997019768 30.01192379355431
      vertex -26.219161450862885 -21.300000000000004 30.42960736900568
      vertex -26.207386448049157 -10.626284286379814 30.229939978420738
    endloop
  endfacet
  facet normal -0.9982656100016108 1.0191403841703225e-19 -0.058870806756080044
    outer loop
      vertex -26.207386448049157 -10.626284286379814 30.229939978420738
      vertex -26.219161450862885 -21.300000000000004 30.42960736900568
      vertex -26.219161450862885 -10.853961306186019 30.42960736900568
    endloop
  endfacet
  facet normal -0.9998072404976421 0 -0.01963369166739097
    outer loop
      vertex -26.219161450862885 -10.853961306186019 30.42960736900568
      vertex -26.219161450862885 -21.300000000000004 30.42960736900568
      vertex -26.22032148158731 -10.921320341527462 30.48867965847254
    endloop
  endfacet
  facet normal -0.9998072404976412 2.2484227362773707e-16 -0.019633691667430456
    outer loop
      vertex -26.22032148158731 -10.921320341527462 30.48867965847254
      vertex -26.219161450862885 -21.300000000000004 30.42960736900568
      vertex -26.22611524532787 -11.180060021579266 30.78371571362019
    endloop
  endfacet
  facet normal -0.9998072404976416 -1.573412217887044e-16 -0.019633691667419538
    outer loop
      vertex -26.22611524532787 -11.180060021579266 30.78371571362019
      vertex -26.219161450862885 -21.300000000000004 30.42960736900568
      vertex -26.232522645548364 -11.398076206445694 31.110000002980236
    endloop
  endfacet
  facet normal -0.9998072404976415 -2.2699870411011197e-16 -0.019633691667420454
    outer loop
      vertex -26.232522645548364 -11.398076206445694 31.110000002980236
      vertex -26.25 -21.300000000000004 32
      vertex -26.23943404966417 -11.571638591587543 31.461949702203277
    endloop
  endfacet
  facet normal -0.9998072404976416 2.4999654143855393e-16 -0.01963369166741183
    outer loop
      vertex -26.23943404966417 -11.571638591587543 31.461949702203277
      vertex -26.25 -21.300000000000004 32
      vertex -26.246731201836212 -11.697777472436428 31.83354286462069
    endloop
  endfacet
  facet normal -0.9998072404976414 3.0627695973825633e-20 -0.019633691667426244
    outer loop
      vertex -26.246731201836212 -11.697777472436428 31.83354286462069
      vertex -26.25 -21.300000000000004 32
      vertex -26.25 -11.730887855979823 32
    endloop
  endfacet
  facet normal -0.9998072404976415 0 0.019633691667417325
    outer loop
      vertex -26.25 -11.730887855979823 32
      vertex -26.25 -21.300000000000004 32
      vertex -26.245710754284886 -11.774334579706192 32.21842142552138
    endloop
  endfacet
  facet normal -0.9998072404976414 -1.2767007908438002e-16 0.01963369166742289
    outer loop
      vertex -26.245710754284886 -11.774334579706192 32.21842142552138
      vertex -26.25 -21.300000000000004 32
      vertex -26.238021138985072 -11.799999997019768 32.610000002980236
    endloop
  endfacet
  facet normal -0.9998072404976415 1.7511783894322626e-19 0.0196336916674188
    outer loop
      vertex -26.238021138985072 -11.799999997019768 32.610000002980236
      vertex -26.219161450862885 -21.300000000000004 33.57039263099432
      vertex -26.219161450862885 -11.799999997019768 33.57039263099432
    endloop
  endfacet
  facet normal -0.9982656100016111 0 0.05887080675607767
    outer loop
      vertex -26.219161450862885 -11.799999997019768 33.57039263099432
      vertex -26.126693345606327 -21.300000000000004 35.13836383074522
      vertex -26.126693345606327 -11.799999997019768 35.13836383074522
    endloop
  endfacet
  facet normal -0.9951847270754589 0 0.09801713623517279
    outer loop
      vertex -26.126693345606327 -11.799999997019768 35.13836383074522
      vertex -25.972738280892372 -21.300000000000004 36.70149590075016
      vertex -25.972738280892372 -11.799999997019768 36.70149590075016
    endloop
  endfacet
  facet normal -0.990569340251942 0 0.13701234306744958
    outer loop
      vertex -25.972738280892372 -11.799999997019768 36.70149590075016
      vertex -25.757533624768257 -21.300000000000004 38.25737860053778
      vertex -25.757533624768257 -11.799999997019768 38.25737860053778
    endloop
  endfacet
  facet normal -0.9844265682772354 0 0.17579627888526342
    outer loop
      vertex -25.757533624768257 -11.799999997019768 38.25737860053778
      vertex -25.48141121864319 -21.300000000000004 39.803612880408764
      vertex -25.48141121864319 -11.799999997019768 39.803612880408764
    endloop
  endfacet
  facet normal 0 -1 0
    outer loop
      vertex -24.29226065427065 -21.300000000000004 19.639320224523544
      vertex -23.43814431130886 -21.300000000000004 22.035466760396957
      vertex -24.748209461569786 -21.300000000000004 21.142382003366947
    endloop
  endfacet
  facet normal 0 -1 0
    outer loop
      vertex -24.748209461569786 -21.300000000000004 21.142382003366947
      vertex -23.43814431130886 -21.300000000000004 22.035466760396957
      vertex -25.144796818494797 -21.300000000000004 22.662185445427895
    endloop
  endfacet
  facet normal 0 -1 0
    outer loop
      vertex -25.144796818494797 -21.300000000000004 22.662185445427895
      vertex -23.43814431130886 -21.300000000000004 22.035466760396957
      vertex -23.908682629466057 -21.300000000000004 23.99539990723133
    endloop
  endfacet
  facet normal 0 -1 0
    outer loop
      vertex -25.144796818494797 -21.300000000000004 22.662185445427895
      vertex -23.908682629466057 -21.300000000000004 23.99539990723133
      vertex -25.48141121864319 -21.300000000000004 24.196387119591236
    endloop
  endfacet
  facet normal 0 -1 0
    outer loop
      vertex -24.29226065427065 -21.300000000000004 19.639320224523544
      vertex -22.865675874054432 -21.300000000000004 20.102845713496208
      vertex -23.43814431130886 -21.300000000000004 22.035466760396957
    endloop
  endfacet
  facet normal 0 -1 0
    outer loop
      vertex -25.48141121864319 -21.300000000000004 24.196387119591236
      vertex -24.27600111067295 -21.300000000000004 25.97727309912443
      vertex -25.757533624768257 -21.300000000000004 25.742621399462223
    endloop
  endfacet
  facet normal 0 -1 0
    outer loop
      vertex -25.757533624768257 -21.300000000000004 25.742621399462223
      vertex -24.53909297287464 -21.300000000000004 27.975654162466526
      vertex -25.972738280892372 -21.300000000000004 27.29850409924984
    endloop
  endfacet
  facet normal 0 -1 0
    outer loop
      vertex -25.48141121864319 -21.300000000000004 24.196387119591236
      vertex -23.908682629466057 -21.300000000000004 23.99539990723133
      vertex -24.27600111067295 -21.300000000000004 25.97727309912443
    endloop
  endfacet
  facet normal 0 -1 0
    outer loop
      vertex -25.757533624768257 -21.300000000000004 25.742621399462223
      vertex -24.27600111067295 -21.300000000000004 25.97727309912443
      vertex -24.53909297287464 -21.300000000000004 27.975654162466526
    endloop
  endfacet
  facet normal 0 -1 0
    outer loop
      vertex -25.972738280892372 -21.300000000000004 27.29850409924984
      vertex -24.53909297287464 -21.300000000000004 27.975654162466526
      vertex -26.126693345606327 -21.300000000000004 28.86163616925478
    endloop
  endfacet
  facet normal 0 -1 0
    outer loop
      vertex -26.126693345606327 -21.300000000000004 28.86163616925478
      vertex -24.53909297287464 -21.300000000000004 27.975654162466526
      vertex -24.697237089276314 -21.300000000000004 29.985065683722496
    endloop
  endfacet
  facet normal -0.998265610001611 5.4543602387375216e-17 -0.05887080675607767
    outer loop
      vertex -26.172340241587644 -9.191578574478626 29.63566542029381
      vertex -26.126693345606327 -21.300000000000004 28.86163616925478
      vertex -26.219161450862885 -21.300000000000004 30.42960736900568
    endloop
  endfacet
  facet normal -0.9998072404976415 -1.51951002828387e-16 -0.019633691667419614
    outer loop
      vertex -26.232522645548364 -11.398076206445694 31.110000002980236
      vertex -26.219161450862885 -21.300000000000004 30.42960736900568
      vertex -26.25 -21.300000000000004 32
    endloop
  endfacet
  facet normal -0.9998072404976415 8.262432621516604e-17 0.019633691667419618
    outer loop
      vertex -26.238021138985072 -11.799999997019768 32.610000002980236
      vertex -26.25 -21.300000000000004 32
      vertex -26.219161450862885 -21.300000000000004 33.57039263099432
    endloop
  endfacet
  facet normal -0.9982656100016111 0 0.05887080675607767
    outer loop
      vertex -26.219161450862885 -11.799999997019768 33.57039263099432
      vertex -26.219161450862885 -21.300000000000004 33.57039263099432
      vertex -26.126693345606327 -21.300000000000004 35.13836383074522
    endloop
  endfacet
  facet normal -0.9951847270754589 0 0.09801713623517279
    outer loop
      vertex -26.126693345606327 -11.799999997019768 35.13836383074522
      vertex -26.126693345606327 -21.300000000000004 35.13836383074522
      vertex -25.972738280892372 -21.300000000000004 36.70149590075016
    endloop
  endfacet
  facet normal -0.990569340251942 0 0.13701234306744958
    outer loop
      vertex -25.972738280892372 -11.799999997019768 36.70149590075016
      vertex -25.972738280892372 -21.300000000000004 36.70149590075016
      vertex -25.757533624768257 -21.300000000000004 38.25737860053778
    endloop
  endfacet
  facet normal -0.9844265682772354 0 0.17579627888526342
    outer loop
      vertex -25.757533624768257 -11.799999997019768 38.25737860053778
      vertex -25.757533624768257 -21.300000000000004 38.25737860053778
      vertex -25.48141121864319 -21.300000000000004 39.803612880408764
    endloop
  endfacet
  facet normal 0 -1 0
    outer loop
      vertex -26.126693345606327 -21.300000000000004 28.86163616925478
      vertex -24.697237089276314 -21.300000000000004 29.985065683722496
      vertex -26.219161450862885 -21.300000000000004 30.42960736900568
    endloop
  endfacet
  facet normal 0 -1 0
    outer loop
      vertex -26.219161450862885 -21.300000000000004 30.42960736900568
      vertex -24.697237089276314 -21.300000000000004 29.985065683722496
      vertex -24.75 -21.300000000000004 32
    endloop
  endfacet
  facet normal 0 -1 0
    outer loop
      vertex -26.219161450862885 -21.300000000000004 30.42960736900568
      vertex -24.75 -21.300000000000004 32
      vertex -26.25 -21.300000000000004 32
    endloop
  endfacet
  facet normal 0 -1 0
    outer loop
      vertex -26.25 -21.300000000000004 32
      vertex -24.697237089276314 -21.300000000000004 34.014934316277504
      vertex -26.219161450862885 -21.300000000000004 33.57039263099432
    endloop
  endfacet
  facet normal 0 -1 0
    outer loop
      vertex -26.25 -21.300000000000004 32
      vertex -24.75 -21.300000000000004 32
      vertex -24.697237089276314 -21.300000000000004 34.014934316277504
    endloop
  endfacet
  facet normal 0 -1 0
    outer loop
      vertex -26.219161450862885 -21.300000000000004 33.57039263099432
      vertex -24.697237089276314 -21.300000000000004 34.014934316277504
      vertex -26.126693345606327 -21.300000000000004 35.13836383074522
    endloop
  endfacet
  facet normal 0 -1 0
    outer loop
      vertex -24.697237089276314 -21.300000000000004 34.014934316277504
      vertex -24.53909297287464 -21.300000000000004 36.024345837533474
      vertex -26.126693345606327 -21.300000000000004 35.13836383074522
    endloop
  endfacet
  facet normal 0 -1 0
    outer loop
      vertex -26.126693345606327 -21.300000000000004 35.13836383074522
      vertex -24.53909297287464 -21.300000000000004 36.024345837533474
      vertex -25.972738280892372 -21.300000000000004 36.70149590075016
    endloop
  endfacet
  facet normal 0 -1 0
    outer loop
      vertex -25.972738280892372 -21.300000000000004 36.70149590075016
      vertex -24.53909297287464 -21.300000000000004 36.024345837533474
      vertex -24.27600111067295 -21.300000000000004 38.02272690087557
    endloop
  endfacet
  facet normal 0 -1 0
    outer loop
      vertex -25.972738280892372 -21.300000000000004 36.70149590075016
      vertex -24.27600111067295 -21.300000000000004 38.02272690087557
      vertex -25.757533624768257 -21.300000000000004 38.25737860053778
    endloop
  endfacet
  facet normal 0 -1 0
    outer loop
      vertex -25.757533624768257 -21.300000000000004 38.25737860053778
      vertex -23.908682629466057 -21.300000000000004 40.00460009276867
      vertex -25.48141121864319 -21.300000000000004 39.803612880408764
    endloop
  endfacet
  facet normal 0 -1 0
    outer loop
      vertex -25.757533624768257 -21.300000000000004 38.25737860053778
      vertex -24.27600111067295 -21.300000000000004 38.02272690087557
      vertex -23.908682629466057 -21.300000000000004 40.00460009276867
    endloop
  endfacet
  facet normal 0 -1 0
    outer loop
      vertex -19.858895353972912 -21.300000000000004 19.098753817379475
      vertex -0.41581929876693 -21.300000000000004 21.115974851452364
      vertex -0.47888873943360255 -21.300000000000004 21.30177143234622
    endloop
  endfacet
  facet normal 0 -1 0
    outer loop
      vertex -19.858895353972912 -21.300000000000004 19.098753817379475
      vertex -0.47888873943360255 -21.300000000000004 21.30177143234622
      vertex -0.5171672920607155 -21.300000000000004 21.494210711669922
    endloop
  endfacet
  facet normal 0 -1 0
    outer loop
      vertex -19.858895353972912 -21.300000000000004 19.098753817379475
      vertex -0.5171672920607155 -21.300000000000004 21.494210711669922
      vertex -0.53 -21.300000000000004 21.69
    endloop
  endfacet
  facet normal 0 -1 0
    outer loop
      vertex -19.858895353972912 -21.300000000000004 19.098753817379475
      vertex -0.09066017177982144 -21.300000000000004 20.629339828220182
      vertex -0.22003001043685289 -21.300000000000004 20.77685785648692
    endloop
  endfacet
  facet normal 0 -1 0
    outer loop
      vertex -19.858895353972912 -21.300000000000004 19.098753817379475
      vertex -0.22003001043685289 -21.300000000000004 20.77685785648692
      vertex -0.32903810567665803 -21.300000000000004 20.94
    endloop
  endfacet
  facet normal 0 -1 0
    outer loop
      vertex -19.858895353972912 -21.300000000000004 19.098753817379475
      vertex -0.32903810567665803 -21.300000000000004 20.94
      vertex -0.41581929876693 -21.300000000000004 21.115974851452364
    endloop
  endfacet
  facet normal 0 -1 0
    outer loop
      vertex -20.488034583628178 -21.300000000000004 20.875388205051422
      vertex -0.53 -21.300000000000004 50.31
      vertex -21.023329749703407 -21.300000000000004 22.682514376938343
    endloop
  endfacet
  facet normal 0 -1 0
    outer loop
      vertex -21.46331362426281 -21.300000000000004 24.515179127454758
      vertex -21.023329749703407 -21.300000000000004 22.682514376938343
      vertex -0.53 -21.300000000000004 50.31
    endloop
  endfacet
  facet normal 0 -1 0
    outer loop
      vertex -21.46331362426281 -21.300000000000004 24.515179127454758
      vertex -0.53 -21.300000000000004 50.31
      vertex -21.806780263781548 -21.300000000000004 26.36835926026106
    endloop
  endfacet
  facet normal 0 -1 0
    outer loop
      vertex -19.858895353972912 -21.300000000000004 19.098753817379475
      vertex -0.53 -21.300000000000004 50.31
      vertex -20.488034583628178 -21.300000000000004 20.875388205051422
    endloop
  endfacet
  facet normal 0 -1 0
    outer loop
      vertex -21.806780263781548 -21.300000000000004 26.36835926026106
      vertex -0.53 -21.300000000000004 50.31
      vertex -22.052788235247135 -21.300000000000004 28.236975319683552
    endloop
  endfacet
  facet normal 0 -1 0
    outer loop
      vertex -22.052788235247135 -21.300000000000004 28.236975319683552
      vertex -0.53 -21.300000000000004 50.31
      vertex -22.20066325366497 -21.300000000000004 30.115905575454235
    endloop
  endfacet
  facet normal 0 -1 0
    outer loop
      vertex -22.20066325366497 -21.300000000000004 30.115905575454235
      vertex -0.53 -21.300000000000004 50.31
      vertex -22.25 -21.300000000000004 32
    endloop
  endfacet
  facet normal 0 -1 0
    outer loop
      vertex -22.25 -21.300000000000004 32
      vertex -0.53 -21.300000000000004 50.31
      vertex -22.20066325366497 -21.300000000000004 33.884094424545765
    endloop
  endfacet
  facet normal 0 -1 0
    outer loop
      vertex -19.858895353972912 -21.300000000000004 19.098753817379475
      vertex -0.53 -21.300000000000004 21.69
      vertex -0.53 -21.300000000000004 50.31
    endloop
  endfacet
  facet normal 0 0 -1
    outer loop
      vertex -7.63883400274843 -20.500000000000004 0
      vertex -2.9499999999999997 -17.502310617986407 0
      vertex -2.9499999999999997 -19.500000000000004 0
    endloop
  endfacet
  facet normal 0 0 -1
    outer loop
      vertex -7.63883400274843 -20.500000000000004 0
      vertex -2.9499999999999997 -19.500000000000004 0
      vertex -2.734065156089725 -20.500000000000004 0
    endloop
  endfacet
  facet normal 0 0 -1
    outer loop
      vertex -2.9499999999999997 -19.500000000000004 0
      vertex -0.6625247524752476 -19.500000000000004 0
      vertex -2.734065156089725 -20.500000000000004 0
    endloop
  endfacet
  facet normal 0 0 -1
    outer loop
      vertex -2.734065156089725 -20.500000000000004 0
      vertex -0.6625247524752476 -19.500000000000004 0
      vertex -2.734065156089725 -21.300000000000004 0
    endloop
  endfacet
  facet normal 0 -1 0
    outer loop
      vertex -8.905534081161022 -21.300000000000004 4.022745385766029
      vertex 7.75 -21.300000000000004 18.5
      vertex -10.338701829314232 -21.300000000000004 5.246786281466484
    endloop
  endfacet
  facet normal 0 -1 0
    outer loop
      vertex -8.905534081161022 -21.300000000000004 4.022745385766029
      vertex -8.25 -21.300000000000004 4
      vertex 7.75 -21.300000000000004 18.5
    endloop
  endfacet
  facet normal 0 -1 0
    outer loop
      vertex -11.70584411919117 -21.300000000000004 6.54415588080883
      vertex 7.75 -21.300000000000004 18.5
      vertex -13.003213718533516 -21.300000000000004 7.911298170685768
    endloop
  endfacet
  facet normal 0 -1 0
    outer loop
      vertex -11.70584411919117 -21.300000000000004 6.54415588080883
      vertex -10.338701829314232 -21.300000000000004 5.246786281466484
      vertex 7.75 -21.300000000000004 18.5
    endloop
  endfacet
  facet normal 0 -1 0
    outer loop
      vertex -19.137636475265026 -21.300000000000004 17.357480846345425
      vertex 0.39597485145236533 -21.300000000000004 20.304180701233072
      vertex 0.21999999999999997 -21.300000000000004 20.390961894323343
    endloop
  endfacet
  facet normal 0 -1 0
    outer loop
      vertex -19.137636475265026 -21.300000000000004 17.357480846345425
      vertex 0.5817714323462189 -21.300000000000004 20.2411112605664
      vertex 0.39597485145236533 -21.300000000000004 20.304180701233072
    endloop
  endfacet
  facet normal 0 -1 0
    outer loop
      vertex -19.137636475265026 -21.300000000000004 17.357480846345425
      vertex 0.7742107116699226 -21.300000000000004 20.202832707939287
      vertex 0.5817714323462189 -21.300000000000004 20.2411112605664
    endloop
  endfacet
  facet normal 0 -1 0
    outer loop
      vertex -19.137636475265026 -21.300000000000004 17.357480846345425
      vertex 0.97 -21.300000000000004 20.19
      vertex 0.7742107116699226 -21.300000000000004 20.202832707939287
    endloop
  endfacet
  facet normal 0 -1 0
    outer loop
      vertex -19.137636475265026 -21.300000000000004 17.357480846345425
      vertex 26.529999999999998 -21.300000000000004 20.19
      vertex 0.97 -21.300000000000004 20.19
    endloop
  endfacet
  facet normal 0 0 -1
    outer loop
      vertex -2.734065156089725 -21.300000000000004 0
      vertex -0.6625247524752476 -19.500000000000004 0
      vertex 29.08021608643457 -19.500000000000004 0
    endloop
  endfacet
  facet normal 0 -1 0
    outer loop
      vertex -5.857005260884762 -21.300000000000004 1.807859554886818
      vertex -4.25 -21.300000000000004 0.8230854645371437
      vertex 34.91026908159256 -21.300000000000004 2.875388205051422
    endloop
  endfacet
  facet normal 0 -1 0
    outer loop
      vertex -8.25 -21.300000000000004 4
      vertex -5.857005260884762 -21.300000000000004 1.807859554886818
      vertex 34.91026908159256 -21.300000000000004 2.875388205051422
    endloop
  endfacet
  facet normal 0 -1 0
    outer loop
      vertex -4.25 -21.300000000000004 0.8230854645371437
      vertex -2.734065156089725 -21.300000000000004 0
      vertex 34.91026908159256 -21.300000000000004 2.875388205051422
    endloop
  endfacet
  facet normal 0 -1 0
    outer loop
      vertex -19.137636475265026 -21.300000000000004 17.357480846345425
      vertex 7.75 -21.300000000000004 18.5
      vertex 47.98803458362818 -21.300000000000004 20.875388205051422
    endloop
  endfacet
  facet normal -0.9767658813474361 0 0.21430915294398042
    outer loop
      vertex -25.48141121864319 3.7 39.803612880408764
      vertex -25.144796818494797 -1.2000000029802322 41.337814554572105
      vertex -25.144796818494797 3.7 41.337814554572105
    endloop
  endfacet
  facet normal -0.9675990925590835 0 0.25249157625322516
    outer loop
      vertex -25.144796818494797 3.7 41.337814554572105
      vertex -24.748209461569786 -1.2000000029802322 42.85761799663305
      vertex -24.748209461569786 3.7 42.85761799663305
    endloop
  endfacet
  facet normal -0.9569403354792997 7.212605574736883e-18 0.29028467808819225
    outer loop
      vertex -24.748209461569786 3.7 42.85761799663305
      vertex -24.29226065427065 -1.2000000029802322 44.360679775476456
      vertex -24.29226065427065 3.7 44.360679775476456
    endloop
  endfacet
  facet normal -0.9448060452963783 -2.008127284935944e-16 0.327630182937131
    outer loop
      vertex -24.29226065427065 3.7 44.360679775476456
      vertex -24.07001631771136 -1.225665420293808 45.001578580439094
      vertex -23.77765343338251 3.7 45.84468228369951
    endloop
  endfacet
  facet normal -0.9312149352495638 -2.149741109718383e-16 0.3644704986252672
    outer loop
      vertex -23.77765343338251 3.7 45.84468228369951
      vertex -23.546104871482324 -1.8199399784207344 46.43628429234028
      vertex -23.205181300640106 3.7 47.307337291538715
    endloop
  endfacet
  facet normal -0.9767658813474361 0 0.21430915294398042
    outer loop
      vertex -25.48141121864319 3.7 39.803612880408764
      vertex -25.48141121864319 -1.2000000029802322 39.803612880408764
      vertex -25.144796818494797 -1.2000000029802322 41.337814554572105
    endloop
  endfacet
  facet normal -0.9675990925590835 0 0.25249157625322516
    outer loop
      vertex -25.144796818494797 3.7 41.337814554572105
      vertex -25.144796818494797 -1.2000000029802322 41.337814554572105
      vertex -24.748209461569786 -1.2000000029802322 42.85761799663305
    endloop
  endfacet
  facet normal -0.9569403354792997 0 0.29028467808819225
    outer loop
      vertex -24.748209461569786 3.7 42.85761799663305
      vertex -24.748209461569786 -1.2000000029802322 42.85761799663305
      vertex -24.29226065427065 -1.2000000029802322 44.360679775476456
    endloop
  endfacet
  facet normal -0.9448060452963791 0 0.3276301829371286
    outer loop
      vertex -24.29226065427065 3.7 44.360679775476456
      vertex -24.29226065427065 -1.2000000029802322 44.360679775476456
      vertex -24.20580393423414 -1.2000000029802322 44.610000002980236
    endloop
  endfacet
  facet normal -0.944806045296377 3.521967902945816e-16 0.3276301829371348
    outer loop
      vertex -24.29226065427065 3.7 44.360679775476456
      vertex -24.20580393423414 -1.2000000029802322 44.610000002980236
      vertex -24.07001631771136 -1.225665420293808 45.001578580439094
    endloop
  endfacet
  facet normal -0.9448060452963796 4.1652956614875337e-16 0.3276301829371278
    outer loop
      vertex -23.77765343338251 3.7 45.84468228369951
      vertex -24.07001631771136 -1.225665420293808 45.001578580439094
      vertex -23.936552064445586 -1.302222527563572 45.38645714133978
    endloop
  endfacet
  facet normal -0.9448060452963778 -4.381933629508937e-17 0.3276301829371322
    outer loop
      vertex -23.77765343338251 3.7 45.84468228369951
      vertex -23.936552064445586 -1.302222527563572 45.38645714133978
      vertex -23.80769478586751 -1.4283614084124565 45.758050303757194
    endloop
  endfacet
  facet normal -0.9448060452963787 0 0.32763018293713
    outer loop
      vertex -23.77765343338251 3.7 45.84468228369951
      vertex -23.80769478586751 -1.4283614084124565 45.758050303757194
      vertex -23.77765343338251 -1.4710835732602814 45.84468228369951
    endloop
  endfacet
  facet normal -0.9312149352495634 0 0.36447049862526765
    outer loop
      vertex -23.77765343338251 3.7 45.84468228369951
      vertex -23.77765343338251 -1.4710835732602814 45.84468228369951
      vertex -23.67381008016734 -1.601923793554306 46.110000002980236
    endloop
  endfacet
  facet normal -0.9312149352495626 1.2882746265079971e-16 0.3644704986252699
    outer loop
      vertex -23.77765343338251 3.7 45.84468228369951
      vertex -23.67381008016734 -1.601923793554306 46.110000002980236
      vertex -23.546104871482324 -1.8199399784207344 46.43628429234028
    endloop
  endfacet
  facet normal -0.931214935249564 -1.0958987549339919e-16 0.3644704986252665
    outer loop
      vertex -23.205181300640106 3.7 47.307337291538715
      vertex -23.546104871482324 -1.8199399784207344 46.43628429234028
      vertex -23.430629985866066 -2.078679658472538 46.73132034748793
    endloop
  endfacet
  facet normal -0.9312149352495669 7.576685595714632e-16 0.364470498625259
    outer loop
      vertex -23.205181300640106 3.7 47.307337291538715
      vertex -23.430629985866066 -2.078679658472538 46.73132034748793
      vertex -23.329361227566622 -2.373715713620186 46.990060027539734
    endloop
  endfacet
  facet normal -0.9312149352495599 -3.136320584779173e-16 0.3644704986252767
    outer loop
      vertex -23.205181300640106 3.7 47.307337291538715
      vertex -23.329361227566622 -2.373715713620186 46.990060027539734
      vertex -23.24403133797958 -2.7000000029802322 47.20807621240616
    endloop
  endfacet
  facet normal -0.9312149352495668 0 0.36447049862525926
    outer loop
      vertex -23.205181300640106 3.7 47.307337291538715
      vertex -23.24403133797958 -2.7000000029802322 47.20807621240616
      vertex -23.205181300640106 -2.9012815589850365 47.307337291538715
    endloop
  endfacet
  facet normal -0.9161879580454956 0 0.4007488309807344
    outer loop
      vertex -23.205181300640106 3.7 47.307337291538715
      vertex -23.205181300640106 -2.9012815589850365 47.307337291538715
      vertex -23.172681242914955 -3.0519497022032738 47.38163859754801
    endloop
  endfacet
  facet normal -0.9161879580454919 1.1164816726493087e-16 0.40074883098074293
    outer loop
      vertex -23.205181300640106 3.7 47.307337291538715
      vertex -23.172681242914955 -3.0519497022032738 47.38163859754801
      vertex -23.117506964976126 -3.4235428646206856 47.507777478396896
    endloop
  endfacet
  facet normal -0.9161879580455012 -6.057040868109395e-16 0.40074883098072145
    outer loop
      vertex -23.205181300640106 3.7 47.307337291538715
      vertex -23.117506964976126 -3.4235428646206856 47.507777478396896
      vertex -23.084020199545293 -3.8084214255213737 47.58433458566666
    endloop
  endfacet
  facet normal -0.916187958045493 0 0.4007488309807401
    outer loop
      vertex -23.205181300640106 3.7 47.307337291538715
      vertex -22.575726956129074 -21.300000000000004 48.746389500796795
      vertex -22.575726956129074 3.7 48.746389500796795
    endloop
  endfacet
  facet normal -0.9161879580454892 5.997592653466232e-16 0.400748830980749
    outer loop
      vertex -23.205181300640106 3.7 47.307337291538715
      vertex -23.084020199545293 -3.8084214255213737 47.58433458566666
      vertex -22.575726956129074 -21.300000000000004 48.746389500796795
    endloop
  endfacet
  facet normal -0.8997482823183388 0 0.4364092442481012
    outer loop
      vertex -22.575726956129074 3.7 48.746389500796795
      vertex -21.890260964632034 -21.300000000000004 50.159619987010956
      vertex -21.890260964632034 3.7 50.159619987010956
    endloop
  endfacet
  facet normal -0.8819212643443392 2.827341386434588e-18 0.47139673683351074
    outer loop
      vertex -21.890260964632034 3.7 50.159619987010956
      vertex -21.149840280413628 -21.300000000000004 51.544849656522274
      vertex -21.149840280413628 3.7 51.544849656522274
    endloop
  endfacet
  facet normal -0.8627343868073287 0 0.5056573719626588
    outer loop
      vertex -21.149840280413628 3.7 51.544849656522274
      vertex -20.355606570839882 -21.300000000000004 52.899942591786385
      vertex -20.355606570839882 3.7 52.899942591786385
    endloop
  endfacet
  facet normal -0.8422172352753996 1.4136706969141574e-18 0.5391383204754253
    outer loop
      vertex -20.355606570839882 3.7 52.899942591786385
      vertex -19.508784495294094 -21.300000000000004 54.222809322178364
      vertex -19.508784495294094 3.7 54.222809322178364
    endloop
  endfacet
  facet normal -0.8204014430698211 0 0.5717879608814401
    outer loop
      vertex -19.508784495294094 3.7 54.222809322178364
      vertex -18.610679775476456 -21.300000000000004 55.51141009479761
      vertex -18.610679775476456 3.7 55.51141009479761
    endloop
  endfacet
  facet normal -0.7973206534647818 1.413670693663187e-18 0.6035559423603526
    outer loop
      vertex -18.610679775476456 3.7 55.51141009479761
      vertex -17.662677235901356 -21.300000000000004 56.76375797390938
      vertex -17.662677235901356 3.7 56.76375797390938
    endloop
  endfacet
  facet normal -0.7730104517196759 0 0.6343932861657213
    outer loop
      vertex -17.662677235901356 3.7 56.76375797390938
      vertex -16.666238620877266 -21.300000000000004 57.977921932935715
      vertex -16.666238620877266 3.7 57.977921932935715
    endloop
  endfacet
  facet normal -0.7475083264867453 1.4136706932282776e-18 0.6642524383342414
    outer loop
      vertex -16.666238620877266 3.7 57.977921932935715
      vertex -15.622900374233723 -21.300000000000004 59.15202981978655
      vertex -15.622900374233723 3.7 59.15202981978655
    endloop
  endfacet
  facet normal -0.720853598326221 0 0.6930873608573016
    outer loop
      vertex -15.622900374233723 3.7 59.15202981978655
      vertex -14.534271247684956 -21.300000000000004 60.284271247684956
      vertex -14.534271247684956 3.7 60.284271247684956
    endloop
  endfacet
  facet normal -0.6930873608573016 0 0.720853598326221
    outer loop
      vertex -14.534271247684956 3.7 60.284271247684956
      vertex -13.402029819786549 -21.300000000000004 61.37290037423372
      vertex -13.402029819786549 3.7 61.37290037423372
    endloop
  endfacet
  facet normal -0.6642524383342414 1.4136706932282776e-18 0.7475083264867453
    outer loop
      vertex -13.402029819786549 3.7 61.37290037423372
      vertex -12.227921932935715 -21.300000000000004 62.416238620877266
      vertex -12.227921932935715 3.7 62.416238620877266
    endloop
  endfacet
  facet normal -0.6343932861657213 0 0.7730104517196759
    outer loop
      vertex -12.227921932935715 3.7 62.416238620877266
      vertex -11.013757973909378 -21.300000000000004 63.412677235901356
      vertex -11.013757973909378 3.7 63.412677235901356
    endloop
  endfacet
  facet normal -0.6035559423603526 1.413670693663187e-18 0.7973206534647818
    outer loop
      vertex -11.013757973909378 3.7 63.412677235901356
      vertex -9.761410094797611 -21.300000000000004 64.36067977547646
      vertex -9.761410094797611 3.7 64.36067977547646
    endloop
  endfacet
  facet normal -0.5717879608814401 0 0.8204014430698211
    outer loop
      vertex -9.761410094797611 3.7 64.36067977547646
      vertex -8.472809322178364 -21.300000000000004 65.2587844952941
      vertex -8.472809322178364 3.7 65.2587844952941
    endloop
  endfacet
  facet normal -0.5391383204754253 1.4136706969141574e-18 0.8422172352753996
    outer loop
      vertex -8.472809322178364 3.7 65.2587844952941
      vertex -7.149942591786385 -21.300000000000004 66.10560657083988
      vertex -7.149942591786385 3.7 66.10560657083988
    endloop
  endfacet
  facet normal 0 1 0
    outer loop
      vertex -25.757533624768257 3.7 38.25737860053778
      vertex -25.48141121864319 3.7 39.803612880408764
      vertex 52.248209461569786 3.7 42.85761799663305
    endloop
  endfacet
  facet normal 0 1 0
    outer loop
      vertex -25.48141121864319 3.7 39.803612880408764
      vertex -25.144796818494797 3.7 41.337814554572105
      vertex 51.79226065427065 3.7 44.360679775476456
    endloop
  endfacet
  facet normal 0 1 0
    outer loop
      vertex -25.144796818494797 3.7 41.337814554572105
      vertex -24.748209461569786 3.7 42.85761799663305
      vertex 51.27765343338251 3.7 45.84468228369951
    endloop
  endfacet
  facet normal 0 1 0
    outer loop
      vertex -24.748209461569786 3.7 42.85761799663305
      vertex -24.29226065427065 3.7 44.360679775476456
      vertex 50.705181300640106 3.7 47.307337291538715
    endloop
  endfacet
  facet normal 0 1 0
    outer loop
      vertex -24.29226065427065 3.7 44.360679775476456
      vertex -23.77765343338251 3.7 45.84468228369951
      vertex 50.075726956129074 3.7 48.746389500796795
    endloop
  endfacet
  facet normal 0 1 0
    outer loop
      vertex -23.77765343338251 3.7 45.84468228369951
      vertex -23.205181300640106 3.7 47.307337291538715
      vertex 49.390260964632034 3.7 50.159619987010956
    endloop
  endfacet
  facet normal 0 1 0
    outer loop
      vertex -23.205181300640106 3.7 47.307337291538715
      vertex -22.575726956129074 3.7 48.746389500796795
      vertex 48.64984028041363 3.7 51.544849656522274
    endloop
  endfacet
  facet normal 0 1 0
    outer loop
      vertex -22.575726956129074 3.7 48.746389500796795
      vertex -21.890260964632034 3.7 50.159619987010956
      vertex 47.85560657083988 3.7 52.899942591786385
    endloop
  endfacet
  facet normal 0 1 0
    outer loop
      vertex -21.890260964632034 3.7 50.159619987010956
      vertex -21.149840280413628 3.7 51.544849656522274
      vertex 47.008784495294094 3.7 54.222809322178364
    endloop
  endfacet
  facet normal 0 1 0
    outer loop
      vertex -21.149840280413628 3.7 51.544849656522274
      vertex -20.355606570839882 3.7 52.899942591786385
      vertex 46.110679775476456 3.7 55.51141009479761
    endloop
  endfacet
  facet normal 0 1 0
    outer loop
      vertex -20.355606570839882 3.7 52.899942591786385
      vertex -19.508784495294094 3.7 54.222809322178364
      vertex 45.162677235901356 3.7 56.76375797390938
    endloop
  endfacet
  facet normal 0 1 0
    outer loop
      vertex -19.508784495294094 3.7 54.222809322178364
      vertex -18.610679775476456 3.7 55.51141009479761
      vertex 44.166238620877266 3.7 57.977921932935715
    endloop
  endfacet
  facet normal 0 1 0
    outer loop
      vertex -18.610679775476456 3.7 55.51141009479761
      vertex -17.662677235901356 3.7 56.76375797390938
      vertex 43.12290037423372 3.7 59.15202981978655
    endloop
  endfacet
  facet normal 0 1 0
    outer loop
      vertex -17.662677235901356 3.7 56.76375797390938
      vertex -16.666238620877266 3.7 57.977921932935715
      vertex 42.034271247684956 3.7 60.284271247684956
    endloop
  endfacet
  facet normal 0 1 0
    outer loop
      vertex -16.666238620877266 3.7 57.977921932935715
      vertex -15.622900374233723 3.7 59.15202981978655
      vertex 40.90202981978655 3.7 61.37290037423372
    endloop
  endfacet
  facet normal 0 1 0
    outer loop
      vertex -15.622900374233723 3.7 59.15202981978655
      vertex -14.534271247684956 3.7 60.284271247684956
      vertex 39.727921932935715 3.7 62.416238620877266
    endloop
  endfacet
  facet normal 0 1 0
    outer loop
      vertex -14.534271247684956 3.7 60.284271247684956
      vertex -13.402029819786549 3.7 61.37290037423372
      vertex 38.51375797390938 3.7 63.412677235901356
    endloop
  endfacet
  facet normal 0 1 0
    outer loop
      vertex -13.402029819786549 3.7 61.37290037423372
      vertex -12.227921932935715 3.7 62.416238620877266
      vertex 37.26141009479761 3.7 64.36067977547646
    endloop
  endfacet
  facet normal 0 1 0
    outer loop
      vertex -12.227921932935715 3.7 62.416238620877266
      vertex -11.013757973909378 3.7 63.412677235901356
      vertex 35.972809322178364 3.7 65.2587844952941
    endloop
  endfacet
  facet normal 0 1 0
    outer loop
      vertex -11.013757973909378 3.7 63.412677235901356
      vertex -9.761410094797611 3.7 64.36067977547646
      vertex 34.649942591786385 3.7 66.10560657083988
    endloop
  endfacet
  facet normal 0 1 0
    outer loop
      vertex -9.761410094797611 3.7 64.36067977547646
      vertex -8.472809322178364 3.7 65.2587844952941
      vertex 33.294849656522274 3.7 66.89984028041363
    endloop
  endfacet
  facet normal 0 1 0
    outer loop
      vertex -8.472809322178364 3.7 65.2587844952941
      vertex -7.149942591786385 3.7 66.10560657083988
      vertex 31.909619987010956 3.7 67.64026096463203
    endloop
  endfacet
  facet normal 0 1 0
    outer loop
      vertex -7.149942591786385 3.7 66.10560657083988
      vertex -5.794849656522274 3.7 66.89984028041363
      vertex 30.496389500796795 3.7 68.32572695612907
    endloop
  endfacet
  facet normal 0 1 0
    outer loop
      vertex -5.794849656522274 3.7 66.89984028041363
      vertex -4.409619987010956 3.7 67.64026096463203
      vertex 29.057337291538715 3.7 68.9551813006401
    endloop
  endfacet
  facet normal 0 1 0
    outer loop
      vertex -4.409619987010956 3.7 67.64026096463203
      vertex -2.996389500796795 3.7 68.32572695612907
      vertex 27.594682283699512 3.7 69.52765343338251
    endloop
  endfacet
  facet normal 0 1 0
    outer loop
      vertex -2.996389500796795 3.7 68.32572695612907
      vertex -1.5573372915387154 3.7 68.9551813006401
      vertex 26.110679775476456 3.7 70.04226065427065
    endloop
  endfacet
  facet normal 0 1 0
    outer loop
      vertex -1.5573372915387154 3.7 68.9551813006401
      vertex -0.09468228369951248 3.7 69.52765343338251
      vertex 24.607617996633053 3.7 70.49820946156979
    endloop
  endfacet
  facet normal 0 1 0
    outer loop
      vertex -0.09468228369951248 3.7 69.52765343338251
      vertex 1.3893202245235443 3.7 70.04226065427065
      vertex 23.087814554572105 3.7 70.8947968184948
    endloop
  endfacet
  facet normal 0 1 0
    outer loop
      vertex 1.3893202245235443 3.7 70.04226065427065
      vertex 2.892382003366947 3.7 70.49820946156979
      vertex 21.553612880408764 3.7 71.23141121864319
    endloop
  endfacet
  facet normal 0 1 0
    outer loop
      vertex 2.892382003366947 3.7 70.49820946156979
      vertex 4.412185445427895 3.7 70.8947968184948
      vertex 20.007378600537777 3.7 71.50753362476826
    endloop
  endfacet
  facet normal 0 1 0
    outer loop
      vertex 4.412185445427895 3.7 70.8947968184948
      vertex 5.946387119591236 3.7 71.23141121864319
      vertex 18.45149590075016 3.7 71.72273828089237
    endloop
  endfacet
  facet normal 0 1 0
    outer loop
      vertex 5.946387119591236 3.7 71.23141121864319
      vertex 7.492621399462223 3.7 71.50753362476826
      vertex 16.88836383074522 3.7 71.87669334560633
    endloop
  endfacet
  facet normal 0 1 0
    outer loop
      vertex 7.492621399462223 3.7 71.50753362476826
      vertex 9.04850409924984 3.7 71.72273828089237
      vertex 15.32039263099432 3.7 71.96916145086288
    endloop
  endfacet
  facet normal 0 1 0
    outer loop
      vertex 9.04850409924984 3.7 71.72273828089237
      vertex 10.61163616925478 3.7 71.87669334560633
      vertex 13.75 3.7 72
    endloop
  endfacet
  facet normal 0 1 0
    outer loop
      vertex 10.61163616925478 3.7 71.87669334560633
      vertex 12.17960736900568 3.7 71.96916145086288
      vertex 13.75 3.7 72
    endloop
  endfacet
  facet normal 0 1 0
    outer loop
      vertex 9.04850409924984 3.7 71.72273828089237
      vertex 13.75 3.7 72
      vertex 15.32039263099432 3.7 71.96916145086288
    endloop
  endfacet
  facet normal 0 1 0
    outer loop
      vertex 7.492621399462223 3.7 71.50753362476826
      vertex 15.32039263099432 3.7 71.96916145086288
      vertex 16.88836383074522 3.7 71.87669334560633
    endloop
  endfacet
  facet normal -0.09801713623517277 0 0.995184727075459
    outer loop
      vertex 9.04850409924984 3.7 71.72273828089237
      vertex 10.61163616925478 -6.8000000000000025 71.87669334560633
      vertex 10.61163616925478 3.7 71.87669334560633
    endloop
  endfacet
  facet normal -0.058870806756077664 0 0.998265610001611
    outer loop
      vertex 10.61163616925478 3.7 71.87669334560633
      vertex 12.17960736900568 -6.8000000000000025 71.96916145086288
      vertex 12.17960736900568 3.7 71.96916145086288
    endloop
  endfacet
  facet normal -0.019633691667419618 0 0.9998072404976416
    outer loop
      vertex 12.17960736900568 3.7 71.96916145086288
      vertex 13.75 -6.8000000000000025 72
      vertex 13.75 3.7 72
    endloop
  endfacet
  facet normal -0.5056573719626588 0 0.8627343868073287
    outer loop
      vertex -7.149942591786385 3.7 66.10560657083988
      vertex -5.794849656522274 -21.300000000000004 66.89984028041363
      vertex -5.794849656522274 3.7 66.89984028041363
    endloop
  endfacet
  facet normal -0.47139673683351074 2.827341386434588e-18 0.8819212643443392
    outer loop
      vertex -5.794849656522274 3.7 66.89984028041363
      vertex -4.409619987010956 -21.300000000000004 67.64026096463203
      vertex -4.409619987010956 3.7 67.64026096463203
    endloop
  endfacet
  facet normal -0.4364092442481012 0 0.8997482823183388
    outer loop
      vertex -4.409619987010956 3.7 67.64026096463203
      vertex -2.996389500796795 -21.300000000000004 68.32572695612907
      vertex -2.996389500796795 3.7 68.32572695612907
    endloop
  endfacet
  facet normal -0.4007488309807401 0 0.916187958045493
    outer loop
      vertex -2.996389500796795 3.7 68.32572695612907
      vertex -1.5573372915387154 -21.300000000000004 68.9551813006401
      vertex -1.5573372915387154 3.7 68.9551813006401
    endloop
  endfacet
  facet normal -0.3644704986252671 0 0.9312149352495637
    outer loop
      vertex -1.5573372915387154 3.7 68.9551813006401
      vertex -0.09468228369951248 -21.300000000000004 69.52765343338251
      vertex -0.09468228369951248 3.7 69.52765343338251
    endloop
  endfacet
  facet normal -0.3276301829371309 0 0.9448060452963782
    outer loop
      vertex -0.09468228369951248 3.7 69.52765343338251
      vertex 1.3893202245235443 -21.300000000000004 70.04226065427065
      vertex 1.3893202245235443 3.7 70.04226065427065
    endloop
  endfacet
  facet normal -0.29028467808819225 1.4136706935082383e-18 0.9569403354792997
    outer loop
      vertex 1.3893202245235443 3.7 70.04226065427065
      vertex 2.892382003366947 -21.300000000000004 70.49820946156979
      vertex 2.892382003366947 3.7 70.49820946156979
    endloop
  endfacet
  facet normal -0.2524915762532251 0 0.9675990925590835
    outer loop
      vertex 2.892382003366947 3.7 70.49820946156979
      vertex 4.412185445427895 -21.300000000000004 70.8947968184948
      vertex 4.412185445427895 3.7 70.8947968184948
    endloop
  endfacet
  facet normal -0.21430915294398042 0 0.976765881347436
    outer loop
      vertex 4.412185445427895 3.7 70.8947968184948
      vertex 5.946387119591236 -21.300000000000004 71.23141121864319
      vertex 5.946387119591236 3.7 71.23141121864319
    endloop
  endfacet
  facet normal -0.17579627888526342 0 0.9844265682772355
    outer loop
      vertex 5.946387119591236 3.7 71.23141121864319
      vertex 7.492621399462223 -21.300000000000004 71.50753362476826
      vertex 7.492621399462223 3.7 71.50753362476826
    endloop
  endfacet
  facet normal -0.13701234306744958 0 0.990569340251942
    outer loop
      vertex 7.492621399462223 3.7 71.50753362476826
      vertex 9.04850409924984 -21.300000000000004 71.72273828089237
      vertex 9.04850409924984 3.7 71.72273828089237
    endloop
  endfacet
  facet normal -0.09801713623516418 1.2834366246240729e-15 0.9951847270754597
    outer loop
      vertex 9.04850409924984 3.7 71.72273828089237
      vertex 10.133769545185054 -6.8000000000000025 71.82962759316926
      vertex 10.61163616925478 -6.8000000000000025 71.87669334560633
    endloop
  endfacet
  facet normal -0.058870806756077664 0 0.998265610001611
    outer loop
      vertex 10.61163616925478 3.7 71.87669334560633
      vertex 10.61163616925478 -6.8000000000000025 71.87669334560633
      vertex 12.17960736900568 -6.8000000000000025 71.96916145086288
    endloop
  endfacet
  facet normal -0.019633691667419618 0 0.9998072404976416
    outer loop
      vertex 12.17960736900568 3.7 71.96916145086288
      vertex 12.17960736900568 -6.8000000000000025 71.96916145086288
      vertex 13.75 -6.8000000000000025 72
    endloop
  endfacet
  facet normal -0.09801713623517654 1.1859527573319052e-18 0.9951847270754586
    outer loop
      vertex 9.04850409924984 3.7 71.72273828089237
      vertex 10.133769545185054 -10.800000000000002 71.82962759316926
      vertex 10.133769545185054 -6.8000000000000025 71.82962759316926
    endloop
  endfacet
  facet normal -0.9161879580480837 -4.688880212467799e-13 0.40074883097481745
    outer loop
      vertex -23.084020199545293 -3.8084214255213737 47.58433458566666
      vertex -23.07279391579562 -4.200000002980232 47.610000002980236
      vertex -22.575726956129074 -21.300000000000004 48.746389500796795
    endloop
  endfacet
  facet normal -0.9161879580454934 0 0.40074883098073955
    outer loop
      vertex -23.07279391579562 -4.200000002980232 47.610000002980236
      vertex -23.07279391579562 -8.799999997019768 47.610000002980236
      vertex -22.575726956129074 -21.300000000000004 48.746389500796795
    endloop
  endfacet
  facet normal -0.976765881347436 0 0.2143091529439804
    outer loop
      vertex -25.48141121864319 -11.799999997019768 39.803612880408764
      vertex -25.144796818494797 -21.300000000000004 41.337814554572105
      vertex -25.144796818494797 -11.799999997019768 41.337814554572105
    endloop
  endfacet
  facet normal -0.9675990925590835 0 0.2524915762532251
    outer loop
      vertex -25.144796818494797 -11.799999997019768 41.337814554572105
      vertex -24.748209461569786 -21.300000000000004 42.85761799663305
      vertex -24.748209461569786 -11.799999997019768 42.85761799663305
    endloop
  endfacet
  facet normal -0.9569403354792997 3.72018603438094e-18 0.2902846780881923
    outer loop
      vertex -24.748209461569786 -11.799999997019768 42.85761799663305
      vertex -24.29226065427065 -21.300000000000004 44.360679775476456
      vertex -24.29226065427065 -11.799999997019768 44.360679775476456
    endloop
  endfacet
  facet normal -0.9161879580454783 3.740778912142418e-15 0.40074883098077396
    outer loop
      vertex -23.07279391579562 -8.799999997019768 47.610000002980236
      vertex -23.084020199545293 -9.191578574478626 47.58433458566666
      vertex -22.575726956129074 -21.300000000000004 48.746389500796795
    endloop
  endfacet
  facet normal -0.9161879580454977 -1.3345766554829147e-15 0.40074883098072966
    outer loop
      vertex -23.117506964976126 -9.576457135379314 47.507777478396896
      vertex -22.575726956129074 -21.300000000000004 48.746389500796795
      vertex -23.084020199545293 -9.191578574478626 47.58433458566666
    endloop
  endfacet
  facet normal -0.8997482823183388 0 0.4364092442481012
    outer loop
      vertex -22.575726956129074 3.7 48.746389500796795
      vertex -22.575726956129074 -21.300000000000004 48.746389500796795
      vertex -21.890260964632034 -21.300000000000004 50.159619987010956
    endloop
  endfacet
  facet normal -0.9448060452963792 0 0.3276301829371286
    outer loop
      vertex -24.29226065427065 -11.799999997019768 44.360679775476456
      vertex -24.29226065427065 -21.300000000000004 44.360679775476456
      vertex -24.20580393423414 -11.799999997019768 44.610000002980236
    endloop
  endfacet
  facet normal -0.9448060452963771 4.740264350626822e-16 0.32763018293713475
    outer loop
      vertex -24.20580393423414 -11.799999997019768 44.610000002980236
      vertex -23.77765343338251 -21.300000000000004 45.84468228369951
      vertex -24.07001631771136 -11.774334579706192 45.001578580439094
    endloop
  endfacet
  facet normal -0.9448060452963795 -2.212031585842074e-16 0.3276301829371277
    outer loop
      vertex -24.07001631771136 -11.774334579706192 45.001578580439094
      vertex -23.77765343338251 -21.300000000000004 45.84468228369951
      vertex -23.936552064445586 -11.697777472436428 45.38645714133978
    endloop
  endfacet
  facet normal -0.9448060452963779 2.2917550828369335e-17 0.32763018293713225
    outer loop
      vertex -23.936552064445586 -11.697777472436428 45.38645714133978
      vertex -23.77765343338251 -21.300000000000004 45.84468228369951
      vertex -23.80769478586751 -11.571638591587543 45.758050303757194
    endloop
  endfacet
  facet normal -0.9448060452963787 0 0.3276301829371299
    outer loop
      vertex -23.77765343338251 -11.528916426739718 45.84468228369951
      vertex -23.80769478586751 -11.571638591587543 45.758050303757194
      vertex -23.77765343338251 -21.300000000000004 45.84468228369951
    endloop
  endfacet
  facet normal -0.9312149352495628 3.6537752152024455e-16 0.3644704986252696
    outer loop
      vertex -23.67381008016734 -11.398076206445694 46.110000002980236
      vertex -23.205181300640106 -21.300000000000004 47.307337291538715
      vertex -23.546104871482324 -11.180060021579266 46.43628429234028
    endloop
  endfacet
  facet normal -0.9312149352495639 6.226671880903087e-17 0.3644704986252666
    outer loop
      vertex -23.430629985866066 -10.921320341527462 46.73132034748793
      vertex -23.546104871482324 -11.180060021579266 46.43628429234028
      vertex -23.205181300640106 -21.300000000000004 47.307337291538715
    endloop
  endfacet
  facet normal -0.9312149352495636 8.51652153986353e-17 0.36447049862526765
    outer loop
      vertex -23.77765343338251 -11.528916426739718 45.84468228369951
      vertex -23.205181300640106 -21.300000000000004 47.307337291538715
      vertex -23.67381008016734 -11.398076206445694 46.110000002980236
    endloop
  endfacet
  facet normal -0.9161879580454922 2.251813941564269e-16 0.40074883098074204
    outer loop
      vertex -23.117506964976126 -9.576457135379314 47.507777478396896
      vertex -23.172681242914955 -9.948050297796726 47.38163859754801
      vertex -22.575726956129074 -21.300000000000004 48.746389500796795
    endloop
  endfacet
  facet normal -0.916187958045495 -7.00419008411628e-16 0.4007488309807356
    outer loop
      vertex -23.172681242914955 -9.948050297796726 47.38163859754801
      vertex -23.205181300640106 -10.098718441014961 47.307337291538715
      vertex -22.575726956129074 -21.300000000000004 48.746389500796795
    endloop
  endfacet
  facet normal -0.9312149352495669 0 0.3644704986252592
    outer loop
      vertex -23.205181300640106 -10.098718441014961 47.307337291538715
      vertex -23.24403133797958 -10.299999997019768 47.20807621240616
      vertex -23.205181300640106 -21.300000000000004 47.307337291538715
    endloop
  endfacet
  facet normal -0.9312149352495598 1.8417045679978284e-16 0.364470498625277
    outer loop
      vertex -23.24403133797958 -10.299999997019768 47.20807621240616
      vertex -23.329361227566622 -10.626284286379814 46.990060027539734
      vertex -23.205181300640106 -21.300000000000004 47.307337291538715
    endloop
  endfacet
  facet normal -0.9312149352495671 -4.4071243925042015e-16 0.3644704986252587
    outer loop
      vertex -23.430629985866066 -10.921320341527462 46.73132034748793
      vertex -23.205181300640106 -21.300000000000004 47.307337291538715
      vertex -23.329361227566622 -10.626284286379814 46.990060027539734
    endloop
  endfacet
  facet normal -0.8819212643443392 0 0.47139673683351074
    outer loop
      vertex -21.890260964632034 3.7 50.159619987010956
      vertex -21.890260964632034 -21.300000000000004 50.159619987010956
      vertex -21.149840280413628 -21.300000000000004 51.544849656522274
    endloop
  endfacet
  facet normal -0.8627343868073287 0 0.5056573719626588
    outer loop
      vertex -21.149840280413628 3.7 51.544849656522274
      vertex -21.149840280413628 -21.300000000000004 51.544849656522274
      vertex -20.355606570839882 -21.300000000000004 52.899942591786385
    endloop
  endfacet
  facet normal -0.8422172352753996 0 0.5391383204754253
    outer loop
      vertex -20.355606570839882 3.7 52.899942591786385
      vertex -20.355606570839882 -21.300000000000004 52.899942591786385
      vertex -19.508784495294094 -21.300000000000004 54.222809322178364
    endloop
  endfacet
  facet normal -0.8204014430698211 0 0.5717879608814401
    outer loop
      vertex -19.508784495294094 3.7 54.222809322178364
      vertex -19.508784495294094 -21.300000000000004 54.222809322178364
      vertex -18.610679775476456 -21.300000000000004 55.51141009479761
    endloop
  endfacet
  facet normal -0.7973206534647818 0 0.6035559423603526
    outer loop
      vertex -18.610679775476456 3.7 55.51141009479761
      vertex -18.610679775476456 -21.300000000000004 55.51141009479761
      vertex -17.662677235901356 -21.300000000000004 56.76375797390938
    endloop
  endfacet
  facet normal -0.7730104517196759 0 0.6343932861657213
    outer loop
      vertex -17.662677235901356 3.7 56.76375797390938
      vertex -17.662677235901356 -21.300000000000004 56.76375797390938
      vertex -16.666238620877266 -21.300000000000004 57.977921932935715
    endloop
  endfacet
  facet normal -0.7475083264867453 0 0.6642524383342414
    outer loop
      vertex -16.666238620877266 3.7 57.977921932935715
      vertex -16.666238620877266 -21.300000000000004 57.977921932935715
      vertex -15.622900374233723 -21.300000000000004 59.15202981978655
    endloop
  endfacet
  facet normal -0.976765881347436 0 0.2143091529439804
    outer loop
      vertex -25.48141121864319 -11.799999997019768 39.803612880408764
      vertex -25.48141121864319 -21.300000000000004 39.803612880408764
      vertex -25.144796818494797 -21.300000000000004 41.337814554572105
    endloop
  endfacet
  facet normal -0.9675990925590835 0 0.2524915762532251
    outer loop
      vertex -25.144796818494797 -11.799999997019768 41.337814554572105
      vertex -25.144796818494797 -21.300000000000004 41.337814554572105
      vertex -24.748209461569786 -21.300000000000004 42.85761799663305
    endloop
  endfacet
  facet normal -0.9569403354792997 0 0.2902846780881923
    outer loop
      vertex -24.748209461569786 -11.799999997019768 42.85761799663305
      vertex -24.748209461569786 -21.300000000000004 42.85761799663305
      vertex -24.29226065427065 -21.300000000000004 44.360679775476456
    endloop
  endfacet
  facet normal -0.9448060452963782 -7.077049150712528e-17 0.327630182937131
    outer loop
      vertex -24.20580393423414 -11.799999997019768 44.610000002980236
      vertex -24.29226065427065 -21.300000000000004 44.360679775476456
      vertex -23.77765343338251 -21.300000000000004 45.84468228369951
    endloop
  endfacet
  facet normal -0.9312149352495638 0 0.36447049862526715
    outer loop
      vertex -23.77765343338251 -11.528916426739718 45.84468228369951
      vertex -23.77765343338251 -21.300000000000004 45.84468228369951
      vertex -23.205181300640106 -21.300000000000004 47.307337291538715
    endloop
  endfacet
  facet normal -0.9161879580454931 0 0.40074883098074016
    outer loop
      vertex -23.205181300640106 -10.098718441014961 47.307337291538715
      vertex -23.205181300640106 -21.300000000000004 47.307337291538715
      vertex -22.575726956129074 -21.300000000000004 48.746389500796795
    endloop
  endfacet
  facet normal 0 -1 0
    outer loop
      vertex -25.48141121864319 -21.300000000000004 39.803612880408764
      vertex -23.908682629466057 -21.300000000000004 40.00460009276867
      vertex -25.144796818494797 -21.300000000000004 41.337814554572105
    endloop
  endfacet
  facet normal 0 -1 0
    outer loop
      vertex -25.144796818494797 -21.300000000000004 41.337814554572105
      vertex -23.908682629466057 -21.300000000000004 40.00460009276867
      vertex -23.43814431130886 -21.300000000000004 41.96453323960304
    endloop
  endfacet
  facet normal 0 -1 0
    outer loop
      vertex -25.144796818494797 -21.300000000000004 41.337814554572105
      vertex -23.43814431130886 -21.300000000000004 41.96453323960304
      vertex -24.748209461569786 -21.300000000000004 42.85761799663305
    endloop
  endfacet
  facet normal 0 -1 0
    outer loop
      vertex -24.748209461569786 -21.300000000000004 42.85761799663305
      vertex -22.865675874054432 -21.300000000000004 43.89715428650379
      vertex -24.29226065427065 -21.300000000000004 44.360679775476456
    endloop
  endfacet
  facet normal 0 -1 0
    outer loop
      vertex -24.748209461569786 -21.300000000000004 42.85761799663305
      vertex -23.43814431130886 -21.300000000000004 41.96453323960304
      vertex -22.865675874054432 -21.300000000000004 43.89715428650379
    endloop
  endfacet
  facet normal 0 -1 0
    outer loop
      vertex -24.29226065427065 -21.300000000000004 44.360679775476456
      vertex -22.192846417427063 -21.300000000000004 45.79716605693102
      vertex -23.77765343338251 -21.300000000000004 45.84468228369951
    endloop
  endfacet
  facet normal 0 -1 0
    outer loop
      vertex -24.29226065427065 -21.300000000000004 44.360679775476456
      vertex -22.865675874054432 -21.300000000000004 43.89715428650379
      vertex -22.192846417427063 -21.300000000000004 45.79716605693102
    endloop
  endfacet
  facet normal 0 -1 0
    outer loop
      vertex -23.77765343338251 -21.300000000000004 45.84468228369951
      vertex -22.192846417427063 -21.300000000000004 45.79716605693102
      vertex -21.421500116586685 -21.300000000000004 47.65936075896025
    endloop
  endfacet
  facet normal 0 -1 0
    outer loop
      vertex -23.77765343338251 -21.300000000000004 45.84468228369951
      vertex -21.421500116586685 -21.300000000000004 47.65936075896025
      vertex -23.205181300640106 -21.300000000000004 47.307337291538715
    endloop
  endfacet
  facet normal 0 -1 0
    outer loop
      vertex -23.205181300640106 -21.300000000000004 47.307337291538715
      vertex -21.421500116586685 -21.300000000000004 47.65936075896025
      vertex -22.575726956129074 -21.300000000000004 48.746389500796795
    endloop
  endfacet
  facet normal 0 -1 0
    outer loop
      vertex -22.575726956129074 -21.300000000000004 48.746389500796795
      vertex -21.421500116586685 -21.300000000000004 47.65936075896025
      vertex -20.553751178085804 -21.300000000000004 49.4786342382431
    endloop
  endfacet
  facet normal 0 -1 0
    outer loop
      vertex -22.575726956129074 -21.300000000000004 48.746389500796795
      vertex -20.553751178085804 -21.300000000000004 49.4786342382431
      vertex -21.890260964632034 -21.300000000000004 50.159619987010956
    endloop
  endfacet
  facet normal 0 -1 0
    outer loop
      vertex -21.890260964632034 -21.300000000000004 50.159619987010956
      vertex -20.553751178085804 -21.300000000000004 49.4786342382431
      vertex -19.591978043317795 -21.300000000000004 51.25
    endloop
  endfacet
  facet normal 0 -1 0
    outer loop
      vertex -21.890260964632034 -21.300000000000004 50.159619987010956
      vertex -19.591978043317795 -21.300000000000004 51.25
      vertex -21.149840280413628 -21.300000000000004 51.544849656522274
    endloop
  endfacet
  facet normal 0 -1 0
    outer loop
      vertex -21.149840280413628 -21.300000000000004 51.544849656522274
      vertex -18.53881686925888 -21.300000000000004 52.96860285103321
      vertex -20.355606570839882 -21.300000000000004 52.899942591786385
    endloop
  endfacet
  facet normal 0 -1 0
    outer loop
      vertex -21.149840280413628 -21.300000000000004 51.544849656522274
      vertex -19.591978043317795 -21.300000000000004 51.25
      vertex -18.53881686925888 -21.300000000000004 52.96860285103321
    endloop
  endfacet
  facet normal 0 -1 0
    outer loop
      vertex -20.355606570839882 -21.300000000000004 52.899942591786385
      vertex -18.53881686925888 -21.300000000000004 52.96860285103321
      vertex -17.397154286503792 -21.300000000000004 54.629732213914394
    endloop
  endfacet
  facet normal 0 -1 0
    outer loop
      vertex -20.355606570839882 -21.300000000000004 52.899942591786385
      vertex -17.397154286503792 -21.300000000000004 54.629732213914394
      vertex -19.508784495294094 -21.300000000000004 54.222809322178364
    endloop
  endfacet
  facet normal 0 -1 0
    outer loop
      vertex -19.508784495294094 -21.300000000000004 54.222809322178364
      vertex -17.397154286503792 -21.300000000000004 54.629732213914394
      vertex -18.610679775476456 -21.300000000000004 55.51141009479761
    endloop
  endfacet
  facet normal 0 -1 0
    outer loop
      vertex -18.610679775476456 -21.300000000000004 55.51141009479761
      vertex -17.397154286503792 -21.300000000000004 54.629732213914394
      vertex -16.170119516551495 -21.300000000000004 56.22883505374193
    endloop
  endfacet
  facet normal 0 -1 0
    outer loop
      vertex -18.610679775476456 -21.300000000000004 55.51141009479761
      vertex -16.170119516551495 -21.300000000000004 56.22883505374193
      vertex -17.662677235901356 -21.300000000000004 56.76375797390938
    endloop
  endfacet
  facet normal 0 -1 0
    outer loop
      vertex -17.662677235901356 -21.300000000000004 56.76375797390938
      vertex -14.861075781285763 -21.300000000000004 57.761528342962265
      vertex -16.666238620877266 -21.300000000000004 57.977921932935715
    endloop
  endfacet
  facet normal 0 -1 0
    outer loop
      vertex -22.20066325366497 -21.300000000000004 33.884094424545765
      vertex -0.53 -21.300000000000004 50.31
      vertex -22.052788235247135 -21.300000000000004 35.76302468031645
    endloop
  endfacet
  facet normal 0 -1 0
    outer loop
      vertex -22.052788235247135 -21.300000000000004 35.76302468031645
      vertex -0.53 -21.300000000000004 50.31
      vertex -21.806780263781548 -21.300000000000004 37.63164073973894
    endloop
  endfacet
  facet normal 0 -1 0
    outer loop
      vertex -21.806780263781548 -21.300000000000004 37.63164073973894
      vertex -0.53 -21.300000000000004 50.31
      vertex -21.46331362426281 -21.300000000000004 39.48482087254524
    endloop
  endfacet
  facet normal 0 -1 0
    outer loop
      vertex -21.46331362426281 -21.300000000000004 39.48482087254524
      vertex -0.53 -21.300000000000004 50.31
      vertex -21.023329749703407 -21.300000000000004 41.31748562306166
    endloop
  endfacet
  facet normal 0 -1 0
    outer loop
      vertex -21.023329749703407 -21.300000000000004 41.31748562306166
      vertex -0.53 -21.300000000000004 50.31
      vertex -20.488034583628178 -21.300000000000004 43.12461179494858
    endloop
  endfacet
  facet normal 0 -1 0
    outer loop
      vertex -20.488034583628178 -21.300000000000004 43.12461179494858
      vertex -0.53 -21.300000000000004 50.31
      vertex -19.858895353972912 -21.300000000000004 44.901246182620525
    endloop
  endfacet
  facet normal 0 -1 0
    outer loop
      vertex -19.858895353972912 -21.300000000000004 44.901246182620525
      vertex -0.53 -21.300000000000004 50.31
      vertex -19.137636475265026 -21.300000000000004 46.642519153654575
    endloop
  endfacet
  facet normal 0 -1 0
    outer loop
      vertex -19.137636475265026 -21.300000000000004 46.642519153654575
      vertex -0.53 -21.300000000000004 50.31
      vertex -18.326234869658947 -21.300000000000004 48.34365799278021
    endloop
  endfacet
  facet normal 0 -1 0
    outer loop
      vertex -18.326234869658947 -21.300000000000004 48.34365799278021
      vertex -0.53 -21.300000000000004 50.31
      vertex -17.426914535462856 -21.300000000000004 50
    endloop
  endfacet
  facet normal 0 -1 0
    outer loop
      vertex -17.426914535462856 -21.300000000000004 50
      vertex 0.05685785648691899 -21.300000000000004 51.50003001043685
      vertex -16.442140445113182 -21.300000000000004 51.60700526088476
    endloop
  endfacet
  facet normal 0 -1 0
    outer loop
      vertex -17.662677235901356 -21.300000000000004 56.76375797390938
      vertex -16.170119516551495 -21.300000000000004 56.22883505374193
      vertex -14.861075781285763 -21.300000000000004 57.761528342962265
    endloop
  endfacet
  facet normal 0 -1 0
    outer loop
      vertex -16.666238620877266 -21.300000000000004 57.977921932935715
      vertex -14.861075781285763 -21.300000000000004 57.761528342962265
      vertex -13.473611079156399 -21.300000000000004 59.2236110791564
    endloop
  endfacet
  facet normal 0 -1 0
    outer loop
      vertex -16.666238620877266 -21.300000000000004 57.977921932935715
      vertex -13.473611079156399 -21.300000000000004 59.2236110791564
      vertex -15.622900374233723 -21.300000000000004 59.15202981978655
    endloop
  endfacet
  facet normal 0 -1 0
    outer loop
      vertex -16.442140445113182 -21.300000000000004 51.60700526088476
      vertex -7.057975068688393 -21.300000000000004 61.36673675477505
      vertex -15.374611794948578 -21.300000000000004 53.16026908159256
    endloop
  endfacet
  facet normal 0 -1 0
    outer loop
      vertex -15.374611794948578 -21.300000000000004 53.16026908159256
      vertex -7.057975068688393 -21.300000000000004 61.36673675477505
      vertex -14.22725461423397 -21.300000000000004 54.65553408116102
    endloop
  endfacet
  facet normal 0 -1 0
    outer loop
      vertex -14.22725461423397 -21.300000000000004 54.65553408116102
      vertex -7.057975068688393 -21.300000000000004 61.36673675477505
      vertex -13.003213718533516 -21.300000000000004 56.08870182931423
    endloop
  endfacet
  facet normal 0 -1 0
    outer loop
      vertex -13.003213718533516 -21.300000000000004 56.08870182931423
      vertex -7.057975068688393 -21.300000000000004 61.36673675477505
      vertex -11.70584411919117 -21.300000000000004 57.45584411919117
    endloop
  endfacet
  facet normal 0 -1 0
    outer loop
      vertex -11.70584411919117 -21.300000000000004 57.45584411919117
      vertex -7.057975068688393 -21.300000000000004 61.36673675477505
      vertex -10.338701829314232 -21.300000000000004 58.753213718533516
    endloop
  endfacet
  facet normal -0.720853598326221 0 0.6930873608573016
    outer loop
      vertex -15.622900374233723 3.7 59.15202981978655
      vertex -15.622900374233723 -21.300000000000004 59.15202981978655
      vertex -14.534271247684956 -21.300000000000004 60.284271247684956
    endloop
  endfacet
  facet normal -0.6930873608573016 0 0.720853598326221
    outer loop
      vertex -14.534271247684956 3.7 60.284271247684956
      vertex -14.534271247684956 -21.300000000000004 60.284271247684956
      vertex -13.402029819786549 -21.300000000000004 61.37290037423372
    endloop
  endfacet
  facet normal -0.6642524383342414 0 0.7475083264867453
    outer loop
      vertex -13.402029819786549 3.7 61.37290037423372
      vertex -13.402029819786549 -21.300000000000004 61.37290037423372
      vertex -12.227921932935715 -21.300000000000004 62.416238620877266
    endloop
  endfacet
  facet normal -0.6343932861657213 0 0.7730104517196759
    outer loop
      vertex -12.227921932935715 3.7 62.416238620877266
      vertex -12.227921932935715 -21.300000000000004 62.416238620877266
      vertex -11.013757973909378 -21.300000000000004 63.412677235901356
    endloop
  endfacet
  facet normal -0.6035559423603526 0 0.7973206534647818
    outer loop
      vertex -11.013757973909378 3.7 63.412677235901356
      vertex -11.013757973909378 -21.300000000000004 63.412677235901356
      vertex -9.761410094797611 -21.300000000000004 64.36067977547646
    endloop
  endfacet
  facet normal -0.5717879608814401 0 0.8204014430698211
    outer loop
      vertex -9.761410094797611 3.7 64.36067977547646
      vertex -9.761410094797611 -21.300000000000004 64.36067977547646
      vertex -8.472809322178364 -21.300000000000004 65.2587844952941
    endloop
  endfacet
  facet normal -0.5391383204754253 0 0.8422172352753996
    outer loop
      vertex -8.472809322178364 3.7 65.2587844952941
      vertex -8.472809322178364 -21.300000000000004 65.2587844952941
      vertex -7.149942591786385 -21.300000000000004 66.10560657083988
    endloop
  endfacet
  facet normal -0.5056573719626588 0 0.8627343868073287
    outer loop
      vertex -7.149942591786385 3.7 66.10560657083988
      vertex -7.149942591786385 -21.300000000000004 66.10560657083988
      vertex -5.794849656522274 -21.300000000000004 66.89984028041363
    endloop
  endfacet
  facet normal 0 -1 0
    outer loop
      vertex -15.622900374233723 -21.300000000000004 59.15202981978655
      vertex -12.011528342962265 -21.300000000000004 60.61107578128576
      vertex -14.534271247684956 -21.300000000000004 60.284271247684956
    endloop
  endfacet
  facet normal 0 -1 0
    outer loop
      vertex -15.622900374233723 -21.300000000000004 59.15202981978655
      vertex -13.473611079156399 -21.300000000000004 59.2236110791564
      vertex -12.011528342962265 -21.300000000000004 60.61107578128576
    endloop
  endfacet
  facet normal 0 -1 0
    outer loop
      vertex -14.534271247684956 -21.300000000000004 60.284271247684956
      vertex -12.011528342962265 -21.300000000000004 60.61107578128576
      vertex -13.402029819786549 -21.300000000000004 61.37290037423372
    endloop
  endfacet
  facet normal 0 -1 0
    outer loop
      vertex -13.402029819786549 -21.300000000000004 61.37290037423372
      vertex -12.011528342962265 -21.300000000000004 60.61107578128576
      vertex -10.478835053741932 -21.300000000000004 61.920119516551495
    endloop
  endfacet
  facet normal 0 -1 0
    outer loop
      vertex -13.402029819786549 -21.300000000000004 61.37290037423372
      vertex -10.478835053741932 -21.300000000000004 61.920119516551495
      vertex -12.227921932935715 -21.300000000000004 62.416238620877266
    endloop
  endfacet
  facet normal 0 -1 0
    outer loop
      vertex -10.338701829314232 -21.300000000000004 58.753213718533516
      vertex -7.057975068688393 -21.300000000000004 61.36673675477505
      vertex -8.905534081161022 -21.300000000000004 59.97725461423397
    endloop
  endfacet
  facet normal 0 -1 0
    outer loop
      vertex -12.227921932935715 -21.300000000000004 62.416238620877266
      vertex -10.478835053741932 -21.300000000000004 61.920119516551495
      vertex -8.879732213914394 -21.300000000000004 63.14715428650379
    endloop
  endfacet
  facet normal 0 -1 0
    outer loop
      vertex -12.227921932935715 -21.300000000000004 62.416238620877266
      vertex -8.879732213914394 -21.300000000000004 63.14715428650379
      vertex -11.013757973909378 -21.300000000000004 63.412677235901356
    endloop
  endfacet
  facet normal 0 -1 0
    outer loop
      vertex -11.013757973909378 -21.300000000000004 63.412677235901356
      vertex -7.218602851033211 -21.300000000000004 64.28881686925888
      vertex -9.761410094797611 -21.300000000000004 64.36067977547646
    endloop
  endfacet
  facet normal 0 -1 0
    outer loop
      vertex -11.013757973909378 -21.300000000000004 63.412677235901356
      vertex -8.879732213914394 -21.300000000000004 63.14715428650379
      vertex -7.218602851033211 -21.300000000000004 64.28881686925888
    endloop
  endfacet
  facet normal 0 -1 0
    outer loop
      vertex -8.905534081161022 -21.300000000000004 59.97725461423397
      vertex -7.057975068688393 -21.300000000000004 61.36673675477505
      vertex -7.41026908159256 -21.300000000000004 61.12461179494858
    endloop
  endfacet
  facet normal 0 -1 0
    outer loop
      vertex -9.761410094797611 -21.300000000000004 64.36067977547646
      vertex -5.5 -21.300000000000004 65.3419780433178
      vertex -8.472809322178364 -21.300000000000004 65.2587844952941
    endloop
  endfacet
  facet normal 0 -1 0
    outer loop
      vertex -9.761410094797611 -21.300000000000004 64.36067977547646
      vertex -7.218602851033211 -21.300000000000004 64.28881686925888
      vertex -5.5 -21.300000000000004 65.3419780433178
    endloop
  endfacet
  facet normal 0 -1 0
    outer loop
      vertex -8.472809322178364 -21.300000000000004 65.2587844952941
      vertex -3.728634238243103 -21.300000000000004 66.3037511780858
      vertex -7.149942591786385 -21.300000000000004 66.10560657083988
    endloop
  endfacet
  facet normal 0 -1 0
    outer loop
      vertex -17.426914535462856 -21.300000000000004 50
      vertex -0.53 -21.300000000000004 50.31
      vertex -0.5171672920607155 -21.300000000000004 50.50578928833008
    endloop
  endfacet
  facet normal 0 -1 0
    outer loop
      vertex -17.426914535462856 -21.300000000000004 50
      vertex -0.5171672920607155 -21.300000000000004 50.50578928833008
      vertex -0.47888873943360255 -21.300000000000004 50.698228567653786
    endloop
  endfacet
  facet normal 0 -1 0
    outer loop
      vertex -17.426914535462856 -21.300000000000004 50
      vertex -0.47888873943360255 -21.300000000000004 50.698228567653786
      vertex -0.41581929876693 -21.300000000000004 50.884025148547636
    endloop
  endfacet
  facet normal 0 -1 0
    outer loop
      vertex -17.426914535462856 -21.300000000000004 50
      vertex -0.41581929876693 -21.300000000000004 50.884025148547636
      vertex -0.32903810567665803 -21.300000000000004 51.06
    endloop
  endfacet
  facet normal 0 -1 0
    outer loop
      vertex -17.426914535462856 -21.300000000000004 50
      vertex -0.32903810567665803 -21.300000000000004 51.06
      vertex -0.22003001043685289 -21.300000000000004 51.22314214351308
    endloop
  endfacet
  facet normal 0 -1 0
    outer loop
      vertex -17.426914535462856 -21.300000000000004 50
      vertex -0.22003001043685289 -21.300000000000004 51.22314214351308
      vertex -0.09066017177982144 -21.300000000000004 51.370660171779825
    endloop
  endfacet
  facet normal 0 -1 0
    outer loop
      vertex -17.426914535462856 -21.300000000000004 50
      vertex -0.09066017177982144 -21.300000000000004 51.370660171779825
      vertex 0.05685785648691899 -21.300000000000004 51.50003001043685
    endloop
  endfacet
  facet normal 0 -1 0
    outer loop
      vertex -16.442140445113182 -21.300000000000004 51.60700526088476
      vertex 0.05685785648691899 -21.300000000000004 51.50003001043685
      vertex 0.21999999999999997 -21.300000000000004 51.60903810567666
    endloop
  endfacet
  facet normal 0 -1 0
    outer loop
      vertex -16.442140445113182 -21.300000000000004 51.60700526088476
      vertex 0.21999999999999997 -21.300000000000004 51.60903810567666
      vertex 0.39597485145236533 -21.300000000000004 51.695819298766935
    endloop
  endfacet
  facet normal 0 -1 0
    outer loop
      vertex -16.442140445113182 -21.300000000000004 51.60700526088476
      vertex 0.39597485145236533 -21.300000000000004 51.695819298766935
      vertex 0.5817714323462189 -21.300000000000004 51.75888873943361
    endloop
  endfacet
  facet normal 0 -1 0
    outer loop
      vertex -16.442140445113182 -21.300000000000004 51.60700526088476
      vertex 0.5817714323462189 -21.300000000000004 51.75888873943361
      vertex 0.7742107116699226 -21.300000000000004 51.79716729206072
    endloop
  endfacet
  facet normal 0 -1 0
    outer loop
      vertex -16.442140445113182 -21.300000000000004 51.60700526088476
      vertex 0.7742107116699226 -21.300000000000004 51.79716729206072
      vertex 0.97 -21.300000000000004 51.81
    endloop
  endfacet
  facet normal 0 -1 0
    outer loop
      vertex -16.442140445113182 -21.300000000000004 51.60700526088476
      vertex 7.75 -21.300000000000004 53.5
      vertex -7.057975068688393 -21.300000000000004 61.36673675477505
    endloop
  endfacet
  facet normal 0 -1 0
    outer loop
      vertex -16.442140445113182 -21.300000000000004 51.60700526088476
      vertex 19.75 -21.300000000000004 53.5
      vertex 7.75 -21.300000000000004 53.5
    endloop
  endfacet
  facet normal 0 -1 0
    outer loop
      vertex -16.442140445113182 -21.300000000000004 51.60700526088476
      vertex 0.97 -21.300000000000004 51.81
      vertex 42.87461179494858 -21.300000000000004 53.16026908159256
    endloop
  endfacet
  facet normal -0.47139673683351074 0 0.8819212643443392
    outer loop
      vertex -5.794849656522274 3.7 66.89984028041363
      vertex -5.794849656522274 -21.300000000000004 66.89984028041363
      vertex -4.409619987010956 -21.300000000000004 67.64026096463203
    endloop
  endfacet
  facet normal -0.4364092442481012 0 0.8997482823183388
    outer loop
      vertex -4.409619987010956 3.7 67.64026096463203
      vertex -4.409619987010956 -21.300000000000004 67.64026096463203
      vertex -2.996389500796795 -21.300000000000004 68.32572695612907
    endloop
  endfacet
  facet normal -0.4007488309807401 0 0.916187958045493
    outer loop
      vertex -2.996389500796795 3.7 68.32572695612907
      vertex -2.996389500796795 -21.300000000000004 68.32572695612907
      vertex -1.5573372915387154 -21.300000000000004 68.9551813006401
    endloop
  endfacet
  facet normal -0.3644704986252671 0 0.9312149352495637
    outer loop
      vertex -1.5573372915387154 3.7 68.9551813006401
      vertex -1.5573372915387154 -21.300000000000004 68.9551813006401
      vertex -0.09468228369951248 -21.300000000000004 69.52765343338251
    endloop
  endfacet
  facet normal -0.3276301829371309 0 0.9448060452963782
    outer loop
      vertex -0.09468228369951248 3.7 69.52765343338251
      vertex -0.09468228369951248 -21.300000000000004 69.52765343338251
      vertex 1.3893202245235443 -21.300000000000004 70.04226065427065
    endloop
  endfacet
  facet normal -0.29028467808819225 0 0.9569403354792997
    outer loop
      vertex 1.3893202245235443 3.7 70.04226065427065
      vertex 1.3893202245235443 -21.300000000000004 70.04226065427065
      vertex 2.892382003366947 -21.300000000000004 70.49820946156979
    endloop
  endfacet
  facet normal -0.2524915762532251 0 0.9675990925590835
    outer loop
      vertex 2.892382003366947 3.7 70.49820946156979
      vertex 2.892382003366947 -21.300000000000004 70.49820946156979
      vertex 4.412185445427895 -21.300000000000004 70.8947968184948
    endloop
  endfacet
  facet normal -0.09801713623519565 -1.44170955257401e-15 0.9951847270754565
    outer loop
      vertex 9.04850409924984 3.7 71.72273828089237
      vertex 10.61163616925478 -21.300000000000004 71.87669334560633
      vertex 10.133769545185054 -10.800000000000002 71.82962759316926
    endloop
  endfacet
  facet normal -0.21430915294398042 0 0.976765881347436
    outer loop
      vertex 4.412185445427895 3.7 70.8947968184948
      vertex 4.412185445427895 -21.300000000000004 70.8947968184948
      vertex 5.946387119591236 -21.300000000000004 71.23141121864319
    endloop
  endfacet
  facet normal -0.17579627888526342 0 0.9844265682772355
    outer loop
      vertex 5.946387119591236 3.7 71.23141121864319
      vertex 5.946387119591236 -21.300000000000004 71.23141121864319
      vertex 7.492621399462223 -21.300000000000004 71.50753362476826
    endloop
  endfacet
  facet normal -0.13701234306744958 0 0.990569340251942
    outer loop
      vertex 7.492621399462223 3.7 71.50753362476826
      vertex 7.492621399462223 -21.300000000000004 71.50753362476826
      vertex 9.04850409924984 -21.300000000000004 71.72273828089237
    endloop
  endfacet
  facet normal -0.09801713623517277 0 0.9951847270754589
    outer loop
      vertex 9.04850409924984 3.7 71.72273828089237
      vertex 9.04850409924984 -21.300000000000004 71.72273828089237
      vertex 10.61163616925478 -21.300000000000004 71.87669334560633
    endloop
  endfacet
  facet normal -0.09801713623516424 1.8299421663163635e-19 0.9951847270754597
    outer loop
      vertex 10.133769545185054 -10.800000000000002 71.82962759316926
      vertex 10.61163616925478 -21.300000000000004 71.87669334560633
      vertex 10.61163616925478 -10.800000000000002 71.87669334560633
    endloop
  endfacet
  facet normal -0.058870806756077664 0 0.998265610001611
    outer loop
      vertex 10.61163616925478 -10.800000000000002 71.87669334560633
      vertex 12.17960736900568 -21.300000000000004 71.96916145086288
      vertex 12.17960736900568 -10.800000000000002 71.96916145086288
    endloop
  endfacet
  facet normal -0.019633691667419618 0 0.9998072404976416
    outer loop
      vertex 12.17960736900568 -10.800000000000002 71.96916145086288
      vertex 13.75 -21.300000000000004 72
      vertex 13.75 -10.800000000000002 72
    endloop
  endfacet
  facet normal 0 -1 0
    outer loop
      vertex -8.472809322178364 -21.300000000000004 65.2587844952941
      vertex -5.5 -21.300000000000004 65.3419780433178
      vertex -3.728634238243103 -21.300000000000004 66.3037511780858
    endloop
  endfacet
  facet normal 0 -1 0
    outer loop
      vertex -7.149942591786385 -21.300000000000004 66.10560657083988
      vertex -3.728634238243103 -21.300000000000004 66.3037511780858
      vertex -1.909360758960247 -21.300000000000004 67.17150011658669
    endloop
  endfacet
  facet normal 0 -1 0
    outer loop
      vertex -7.149942591786385 -21.300000000000004 66.10560657083988
      vertex -1.909360758960247 -21.300000000000004 67.17150011658669
      vertex -5.794849656522274 -21.300000000000004 66.89984028041363
    endloop
  endfacet
  facet normal 0 -1 0
    outer loop
      vertex -5.794849656522274 -21.300000000000004 66.89984028041363
      vertex -1.909360758960247 -21.300000000000004 67.17150011658669
      vertex -4.409619987010956 -21.300000000000004 67.64026096463203
    endloop
  endfacet
  facet normal 0 -1 0
    outer loop
      vertex -4.409619987010956 -21.300000000000004 67.64026096463203
      vertex -1.909360758960247 -21.300000000000004 67.17150011658669
      vertex -0.04716605693101883 -21.300000000000004 67.94284641742706
    endloop
  endfacet
  facet normal 0 -1 0
    outer loop
      vertex -4.409619987010956 -21.300000000000004 67.64026096463203
      vertex -0.04716605693101883 -21.300000000000004 67.94284641742706
      vertex -2.996389500796795 -21.300000000000004 68.32572695612907
    endloop
  endfacet
  facet normal 0 -1 0
    outer loop
      vertex -2.996389500796795 -21.300000000000004 68.32572695612907
      vertex 1.8528457134962082 -21.300000000000004 68.61567587405443
      vertex -1.5573372915387154 -21.300000000000004 68.9551813006401
    endloop
  endfacet
  facet normal 0 -1 0
    outer loop
      vertex -2.996389500796795 -21.300000000000004 68.32572695612907
      vertex -0.04716605693101883 -21.300000000000004 67.94284641742706
      vertex 1.8528457134962082 -21.300000000000004 68.61567587405443
    endloop
  endfacet
  facet normal 0 -1 0
    outer loop
      vertex -1.5573372915387154 -21.300000000000004 68.9551813006401
      vertex 1.8528457134962082 -21.300000000000004 68.61567587405443
      vertex 3.7854667603969574 -21.300000000000004 69.18814431130886
    endloop
  endfacet
  facet normal 0 -1 0
    outer loop
      vertex -1.5573372915387154 -21.300000000000004 68.9551813006401
      vertex 5.745399907231331 -21.300000000000004 69.65868262946606
      vertex -0.09468228369951248 -21.300000000000004 69.52765343338251
    endloop
  endfacet
  facet normal 0 -1 0
    outer loop
      vertex -1.5573372915387154 -21.300000000000004 68.9551813006401
      vertex 3.7854667603969574 -21.300000000000004 69.18814431130886
      vertex 5.745399907231331 -21.300000000000004 69.65868262946606
    endloop
  endfacet
  facet normal 0 -1 0
    outer loop
      vertex -0.09468228369951248 -21.300000000000004 69.52765343338251
      vertex 7.727273099124432 -21.300000000000004 70.02600111067295
      vertex 1.3893202245235443 -21.300000000000004 70.04226065427065
    endloop
  endfacet
  facet normal 0 -1 0
    outer loop
      vertex -5.857005260884762 -21.300000000000004 62.19214044511318
      vertex 28.392519153654575 -21.300000000000004 64.88763647526503
      vertex -4.25 -21.300000000000004 63.176914535462856
    endloop
  endfacet
  facet normal 0 -1 0
    outer loop
      vertex -6.13657134026289 -21.300000000000004 62
      vertex 33.63657134026289 -21.300000000000004 62
      vertex -5.857005260884762 -21.300000000000004 62.19214044511318
    endloop
  endfacet
  facet normal 0 -1 0
    outer loop
      vertex -4.25 -21.300000000000004 63.176914535462856
      vertex 24.874611794948578 -21.300000000000004 66.23803458362818
      vertex -2.5936579927802086 -21.300000000000004 64.07623486965895
    endloop
  endfacet
  facet normal 0 -1 0
    outer loop
      vertex -2.5936579927802086 -21.300000000000004 64.07623486965895
      vertex 23.067485623061657 -21.300000000000004 66.77332974970341
      vertex -0.8925191536545753 -21.300000000000004 64.88763647526503
    endloop
  endfacet
  facet normal 0 -1 0
    outer loop
      vertex -0.8925191536545753 -21.300000000000004 64.88763647526503
      vertex 23.067485623061657 -21.300000000000004 66.77332974970341
      vertex 0.8487538173794746 -21.300000000000004 65.60889535397291
    endloop
  endfacet
  facet normal 0 -1 0
    outer loop
      vertex 0.8487538173794746 -21.300000000000004 65.60889535397291
      vertex 21.234820872545242 -21.300000000000004 67.21331362426281
      vertex 2.625388205051422 -21.300000000000004 66.23803458362818
    endloop
  endfacet
  facet normal 0 -1 0
    outer loop
      vertex 2.625388205051422 -21.300000000000004 66.23803458362818
      vertex 19.38164073973894 -21.300000000000004 67.55678026378155
      vertex 4.432514376938343 -21.300000000000004 66.77332974970341
    endloop
  endfacet
  facet normal 0 -1 0
    outer loop
      vertex 4.432514376938343 -21.300000000000004 66.77332974970341
      vertex 17.513024680316448 -21.300000000000004 67.80278823524714
      vertex 6.265179127454758 -21.300000000000004 67.21331362426281
    endloop
  endfacet
  facet normal 0 -1 0
    outer loop
      vertex 6.265179127454758 -21.300000000000004 67.21331362426281
      vertex 15.634094424545765 -21.300000000000004 67.95066325366497
      vertex 8.118359260261059 -21.300000000000004 67.55678026378155
    endloop
  endfacet
  facet normal 0 -1 0
    outer loop
      vertex 8.118359260261059 -21.300000000000004 67.55678026378155
      vertex 13.75 -21.300000000000004 68
      vertex 9.986975319683552 -21.300000000000004 67.80278823524714
    endloop
  endfacet
  facet normal 0 -1 0
    outer loop
      vertex 9.986975319683552 -21.300000000000004 67.80278823524714
      vertex 13.75 -21.300000000000004 68
      vertex 11.865905575454235 -21.300000000000004 67.95066325366497
    endloop
  endfacet
  facet normal 0 -1 0
    outer loop
      vertex 8.118359260261059 -21.300000000000004 67.55678026378155
      vertex 15.634094424545765 -21.300000000000004 67.95066325366497
      vertex 13.75 -21.300000000000004 68
    endloop
  endfacet
  facet normal 0 -1 0
    outer loop
      vertex 6.265179127454758 -21.300000000000004 67.21331362426281
      vertex 17.513024680316448 -21.300000000000004 67.80278823524714
      vertex 15.634094424545765 -21.300000000000004 67.95066325366497
    endloop
  endfacet
  facet normal -0.058870806756077664 0 0.998265610001611
    outer loop
      vertex 10.61163616925478 -10.800000000000002 71.87669334560633
      vertex 10.61163616925478 -21.300000000000004 71.87669334560633
      vertex 12.17960736900568 -21.300000000000004 71.96916145086288
    endloop
  endfacet
  facet normal -0.019633691667419618 0 0.9998072404976416
    outer loop
      vertex 12.17960736900568 -10.800000000000002 71.96916145086288
      vertex 12.17960736900568 -21.300000000000004 71.96916145086288
      vertex 13.75 -21.300000000000004 72
    endloop
  endfacet
  facet normal 0 -1 0
    outer loop
      vertex -0.09468228369951248 -21.300000000000004 69.52765343338251
      vertex 5.745399907231331 -21.300000000000004 69.65868262946606
      vertex 7.727273099124432 -21.300000000000004 70.02600111067295
    endloop
  endfacet
  facet normal 0 -1 0
    outer loop
      vertex 1.3893202245235443 -21.300000000000004 70.04226065427065
      vertex 7.727273099124432 -21.300000000000004 70.02600111067295
      vertex 9.725654162466526 -21.300000000000004 70.28909297287464
    endloop
  endfacet
  facet normal 0 -1 0
    outer loop
      vertex 1.3893202245235443 -21.300000000000004 70.04226065427065
      vertex 9.725654162466526 -21.300000000000004 70.28909297287464
      vertex 11.735065683722496 -21.300000000000004 70.44723708927631
    endloop
  endfacet
  facet normal 0 -1 0
    outer loop
      vertex 1.3893202245235443 -21.300000000000004 70.04226065427065
      vertex 21.553612880408764 -21.300000000000004 71.23141121864319
      vertex 2.892382003366947 -21.300000000000004 70.49820946156979
    endloop
  endfacet
  facet normal 0 -1 0
    outer loop
      vertex 2.892382003366947 -21.300000000000004 70.49820946156979
      vertex 20.007378600537777 -21.300000000000004 71.50753362476826
      vertex 4.412185445427895 -21.300000000000004 70.8947968184948
    endloop
  endfacet
  facet normal 0 -1 0
    outer loop
      vertex 4.412185445427895 -21.300000000000004 70.8947968184948
      vertex 18.45149590075016 -21.300000000000004 71.72273828089237
      vertex 5.946387119591236 -21.300000000000004 71.23141121864319
    endloop
  endfacet
  facet normal 0 -1 0
    outer loop
      vertex 5.946387119591236 -21.300000000000004 71.23141121864319
      vertex 16.88836383074522 -21.300000000000004 71.87669334560633
      vertex 7.492621399462223 -21.300000000000004 71.50753362476826
    endloop
  endfacet
  facet normal 0 -1 0
    outer loop
      vertex 7.492621399462223 -21.300000000000004 71.50753362476826
      vertex 15.32039263099432 -21.300000000000004 71.96916145086288
      vertex 9.04850409924984 -21.300000000000004 71.72273828089237
    endloop
  endfacet
  facet normal 0 -1 0
    outer loop
      vertex 9.04850409924984 -21.300000000000004 71.72273828089237
      vertex 13.75 -21.300000000000004 72
      vertex 10.61163616925478 -21.300000000000004 71.87669334560633
    endloop
  endfacet
  facet normal 0 -1 0
    outer loop
      vertex 1.3893202245235443 -21.300000000000004 70.04226065427065
      vertex 11.735065683722496 -21.300000000000004 70.44723708927631
      vertex 23.087814554572105 -21.300000000000004 70.8947968184948
    endloop
  endfacet
  facet normal 0 -1 0
    outer loop
      vertex 10.61163616925478 -21.300000000000004 71.87669334560633
      vertex 13.75 -21.300000000000004 72
      vertex 12.17960736900568 -21.300000000000004 71.96916145086288
    endloop
  endfacet
  facet normal 0 -1 0
    outer loop
      vertex 9.04850409924984 -21.300000000000004 71.72273828089237
      vertex 15.32039263099432 -21.300000000000004 71.96916145086288
      vertex 13.75 -21.300000000000004 72
    endloop
  endfacet
  facet normal 0 -1 0
    outer loop
      vertex 7.492621399462223 -21.300000000000004 71.50753362476826
      vertex 16.88836383074522 -21.300000000000004 71.87669334560633
      vertex 15.32039263099432 -21.300000000000004 71.96916145086288
    endloop
  endfacet
  facet normal 0 1 0
    outer loop
      vertex -10.23788197338581 3.7 0
      vertex 39.727921932935715 3.7 1.583761379122734
      vertex 37.73788197338581 3.7 0
    endloop
  endfacet
  facet normal 0 1 0
    outer loop
      vertex -10.23788197338581 3.7 0
      vertex 40.90202981978655 3.7 2.6270996257662773
      vertex 39.727921932935715 3.7 1.583761379122734
    endloop
  endfacet
  facet normal 0 0 -1
    outer loop
      vertex -2.9499999999999997 1.9000000000000001 0
      vertex 37.73788197338581 3.7 0
      vertex 30.45 1.9000000000000001 0
    endloop
  endfacet
  facet normal 0 1 0
    outer loop
      vertex -11.013757973909378 3.7 0.5873227640986443
      vertex 42.034271247684956 3.7 3.7157287523150444
      vertex 40.90202981978655 3.7 2.6270996257662773
    endloop
  endfacet
  facet normal 0 1 0
    outer loop
      vertex -12.227921932935715 3.7 1.583761379122734
      vertex 43.12290037423372 3.7 4.847970180213451
      vertex 42.034271247684956 3.7 3.7157287523150444
    endloop
  endfacet
  facet normal 0 1 0
    outer loop
      vertex -13.402029819786549 3.7 2.6270996257662773
      vertex 44.166238620877266 3.7 6.022078067064285
      vertex 43.12290037423372 3.7 4.847970180213451
    endloop
  endfacet
  facet normal 0 1 0
    outer loop
      vertex -14.534271247684956 3.7 3.7157287523150444
      vertex 45.162677235901356 3.7 7.236242026090622
      vertex 44.166238620877266 3.7 6.022078067064285
    endloop
  endfacet
  facet normal 0 1 0
    outer loop
      vertex -15.622900374233723 3.7 4.847970180213451
      vertex 46.110679775476456 3.7 8.488589905202389
      vertex 45.162677235901356 3.7 7.236242026090622
    endloop
  endfacet
  facet normal 0 1 0
    outer loop
      vertex -16.666238620877266 3.7 6.022078067064285
      vertex 47.008784495294094 3.7 9.777190677821636
      vertex 46.110679775476456 3.7 8.488589905202389
    endloop
  endfacet
  facet normal 0 1 0
    outer loop
      vertex -17.662677235901356 3.7 7.236242026090622
      vertex 47.85560657083988 3.7 11.100057408213615
      vertex 47.008784495294094 3.7 9.777190677821636
    endloop
  endfacet
  facet normal 0 1 0
    outer loop
      vertex -18.610679775476456 3.7 8.488589905202389
      vertex 48.64984028041363 3.7 12.455150343477726
      vertex 47.85560657083988 3.7 11.100057408213615
    endloop
  endfacet
  facet normal 0 1 0
    outer loop
      vertex -19.508784495294094 3.7 9.777190677821636
      vertex 49.390260964632034 3.7 13.840380012989044
      vertex 48.64984028041363 3.7 12.455150343477726
    endloop
  endfacet
  facet normal 0 1 0
    outer loop
      vertex -20.355606570839882 3.7 11.100057408213615
      vertex 50.075726956129074 3.7 15.253610499203205
      vertex 49.390260964632034 3.7 13.840380012989044
    endloop
  endfacet
  facet normal 0 1 0
    outer loop
      vertex -21.149840280413628 3.7 12.455150343477726
      vertex 50.705181300640106 3.7 16.692662708461285
      vertex 50.075726956129074 3.7 15.253610499203205
    endloop
  endfacet
  facet normal 0 1 0
    outer loop
      vertex -21.890260964632034 3.7 13.840380012989044
      vertex 51.27765343338251 3.7 18.155317716300488
      vertex 50.705181300640106 3.7 16.692662708461285
    endloop
  endfacet
  facet normal 0 1 0
    outer loop
      vertex -22.575726956129074 3.7 15.253610499203205
      vertex 51.79226065427065 3.7 19.639320224523544
      vertex 51.27765343338251 3.7 18.155317716300488
    endloop
  endfacet
  facet normal 0 1 0
    outer loop
      vertex -23.205181300640106 3.7 16.692662708461285
      vertex 52.248209461569786 3.7 21.142382003366947
      vertex 51.79226065427065 3.7 19.639320224523544
    endloop
  endfacet
  facet normal 0 1 0
    outer loop
      vertex -23.77765343338251 3.7 18.155317716300488
      vertex 52.6447968184948 3.7 22.662185445427895
      vertex 52.248209461569786 3.7 21.142382003366947
    endloop
  endfacet
  facet normal 0 1 0
    outer loop
      vertex -24.29226065427065 3.7 19.639320224523544
      vertex 52.98141121864319 3.7 24.196387119591236
      vertex 52.6447968184948 3.7 22.662185445427895
    endloop
  endfacet
  facet normal 0 1 0
    outer loop
      vertex -24.748209461569786 3.7 21.142382003366947
      vertex 53.25753362476826 3.7 25.742621399462223
      vertex 52.98141121864319 3.7 24.196387119591236
    endloop
  endfacet
  facet normal 0 1 0
    outer loop
      vertex -25.144796818494797 3.7 22.662185445427895
      vertex 53.47273828089237 3.7 27.29850409924984
      vertex 53.25753362476826 3.7 25.742621399462223
    endloop
  endfacet
  facet normal 0 1 0
    outer loop
      vertex -25.48141121864319 3.7 24.196387119591236
      vertex 53.62669334560633 3.7 28.86163616925478
      vertex 53.47273828089237 3.7 27.29850409924984
    endloop
  endfacet
  facet normal 0 1 0
    outer loop
      vertex -25.757533624768257 3.7 25.742621399462223
      vertex 53.719161450862885 3.7 30.42960736900568
      vertex 53.62669334560633 3.7 28.86163616925478
    endloop
  endfacet
  facet normal 0 1 0
    outer loop
      vertex -25.972738280892372 3.7 27.29850409924984
      vertex 53.75 3.7 32
      vertex 53.719161450862885 3.7 30.42960736900568
    endloop
  endfacet
  facet normal 0 1 0
    outer loop
      vertex -26.126693345606327 3.7 28.86163616925478
      vertex 53.719161450862885 3.7 33.57039263099432
      vertex 53.75 3.7 32
    endloop
  endfacet
  facet normal 0 1 0
    outer loop
      vertex -26.219161450862885 3.7 30.42960736900568
      vertex 53.62669334560633 3.7 35.13836383074522
      vertex 53.719161450862885 3.7 33.57039263099432
    endloop
  endfacet
  facet normal 0 1 0
    outer loop
      vertex -26.25 3.7 32
      vertex 53.47273828089237 3.7 36.70149590075016
      vertex 53.62669334560633 3.7 35.13836383074522
    endloop
  endfacet
  facet normal 0 1 0
    outer loop
      vertex -26.219161450862885 3.7 33.57039263099432
      vertex 53.25753362476826 3.7 38.25737860053778
      vertex 53.47273828089237 3.7 36.70149590075016
    endloop
  endfacet
  facet normal 0 1 0
    outer loop
      vertex -26.126693345606327 3.7 35.13836383074522
      vertex 52.98141121864319 3.7 39.803612880408764
      vertex 53.25753362476826 3.7 38.25737860053778
    endloop
  endfacet
  facet normal 0 1 0
    outer loop
      vertex -25.972738280892372 3.7 36.70149590075016
      vertex 52.6447968184948 3.7 41.337814554572105
      vertex 52.98141121864319 3.7 39.803612880408764
    endloop
  endfacet
  facet normal 0 1 0
    outer loop
      vertex 37.73788197338581 3.7 0
      vertex 39.727921932935715 3.7 1.583761379122734
      vertex 38.51375797390938 3.7 0.5873227640986443
    endloop
  endfacet
  facet normal 0 0 -1
    outer loop
      vertex 30.45 1.9000000000000001 0
      vertex 37.73788197338581 3.7 0
      vertex 37.73788197338581 -21.300000000000004 0
    endloop
  endfacet
  facet normal 0.6035559418811017 0 -0.7973206538275651
    outer loop
      vertex 37.73788197338581 3.7 0
      vertex 38.51375797390938 3.7 0.5873227640986443
      vertex 37.73788197338581 -21.300000000000004 0
    endloop
  endfacet
  facet normal 0.6343932861657213 0 -0.7730104517196759
    outer loop
      vertex 38.51375797390938 3.7 0.5873227640986443
      vertex 39.727921932935715 3.7 1.583761379122734
      vertex 38.51375797390938 -21.300000000000004 0.5873227640986443
    endloop
  endfacet
  facet normal 0.6642524383342414 0 -0.7475083264867453
    outer loop
      vertex 39.727921932935715 3.7 1.583761379122734
      vertex 40.90202981978655 3.7 2.6270996257662773
      vertex 39.727921932935715 -21.300000000000004 1.583761379122734
    endloop
  endfacet
  facet normal 0.6930873608573016 0 -0.720853598326221
    outer loop
      vertex 40.90202981978655 3.7 2.6270996257662773
      vertex 42.034271247684956 3.7 3.7157287523150444
      vertex 40.90202981978655 -21.300000000000004 2.6270996257662773
    endloop
  endfacet
  facet normal 0.720853598326221 0 -0.6930873608573016
    outer loop
      vertex 42.034271247684956 3.7 3.7157287523150444
      vertex 43.12290037423372 3.7 4.847970180213451
      vertex 42.034271247684956 -21.300000000000004 3.7157287523150444
    endloop
  endfacet
  facet normal 0.7475083264867453 0 -0.6642524383342414
    outer loop
      vertex 43.12290037423372 3.7 4.847970180213451
      vertex 44.166238620877266 3.7 6.022078067064285
      vertex 43.12290037423372 -21.300000000000004 4.847970180213451
    endloop
  endfacet
  facet normal 0.7730104517196759 0 -0.6343932861657213
    outer loop
      vertex 44.166238620877266 3.7 6.022078067064285
      vertex 45.162677235901356 3.7 7.236242026090622
      vertex 44.166238620877266 -21.300000000000004 6.022078067064285
    endloop
  endfacet
  facet normal 0.7973206534647818 0 -0.6035559423603526
    outer loop
      vertex 45.162677235901356 3.7 7.236242026090622
      vertex 46.110679775476456 3.7 8.488589905202389
      vertex 45.162677235901356 -21.300000000000004 7.236242026090622
    endloop
  endfacet
  facet normal 0.8204014430698211 0 -0.5717879608814401
    outer loop
      vertex 46.110679775476456 3.7 8.488589905202389
      vertex 47.008784495294094 3.7 9.777190677821636
      vertex 46.110679775476456 -21.300000000000004 8.488589905202389
    endloop
  endfacet
  facet normal 0.8422172352753996 0 -0.5391383204754253
    outer loop
      vertex 47.008784495294094 3.7 9.777190677821636
      vertex 47.85560657083988 3.7 11.100057408213615
      vertex 47.008784495294094 -21.300000000000004 9.777190677821636
    endloop
  endfacet
  facet normal 0.8627343868073287 0 -0.5056573719626588
    outer loop
      vertex 47.85560657083988 3.7 11.100057408213615
      vertex 48.64984028041363 3.7 12.455150343477726
      vertex 47.85560657083988 -21.300000000000004 11.100057408213615
    endloop
  endfacet
  facet normal 0.8819212643443392 0 -0.47139673683351074
    outer loop
      vertex 48.64984028041363 3.7 12.455150343477726
      vertex 49.390260964632034 3.7 13.840380012989044
      vertex 48.64984028041363 -21.300000000000004 12.455150343477726
    endloop
  endfacet
  facet normal 0.8997482823183388 0 -0.4364092442481012
    outer loop
      vertex 49.390260964632034 3.7 13.840380012989044
      vertex 50.075726956129074 3.7 15.253610499203205
      vertex 49.390260964632034 -21.300000000000004 13.840380012989044
    endloop
  endfacet
  facet normal 0.916187958045493 0 -0.4007488309807401
    outer loop
      vertex 50.075726956129074 3.7 15.253610499203205
      vertex 50.705181300640106 3.7 16.692662708461285
      vertex 50.075726956129074 -21.300000000000004 15.253610499203205
    endloop
  endfacet
  facet normal 0.9312149352495637 0 -0.3644704986252671
    outer loop
      vertex 50.705181300640106 3.7 16.692662708461285
      vertex 51.27765343338251 3.7 18.155317716300488
      vertex 50.705181300640106 -21.300000000000004 16.692662708461285
    endloop
  endfacet
  facet normal 0.9448060452963782 0 -0.3276301829371309
    outer loop
      vertex 51.27765343338251 3.7 18.155317716300488
      vertex 51.79226065427065 3.7 19.639320224523544
      vertex 51.27765343338251 -21.300000000000004 18.155317716300488
    endloop
  endfacet
  facet normal 0.9905693402519419 3.68157279524629e-16 0.13701234306744958
    outer loop
      vertex 53.47273828089237 3.7 36.70149590075016
      vertex 53.25753362476826 3.7 38.25737860053778
      vertex 53.32996497996071 -2.8199399784207344 37.73371570914984
    endloop
  endfacet
  facet normal 0.9844265682772355 4.854465478465138e-16 0.17579627888526342
    outer loop
      vertex 53.25753362476826 3.7 38.25737860053778
      vertex 52.98141121864319 3.7 39.803612880408764
      vertex 53.094842020424785 -2.225665420293808 39.16842142105103
    endloop
  endfacet
  facet normal 0.9905693402519442 0 0.13701234306743362
    outer loop
      vertex 53.25753362476826 3.7 38.25737860053778
      vertex 53.25753362476826 -2.504587438332095 38.25737860053778
      vertex 53.28483439376676 -2.601923793554306 38.05999999850989
    endloop
  endfacet
  facet normal 0.9905693402519394 -1.072846019975685e-15 0.1370123430674672
    outer loop
      vertex 53.25753362476826 3.7 38.25737860053778
      vertex 53.28483439376676 -2.601923793554306 38.05999999850989
      vertex 53.32996497996071 -2.8199399784207344 37.73371570914984
    endloop
  endfacet
  facet normal 0.9905693402519418 4.957506365635313e-16 0.1370123430674504
    outer loop
      vertex 53.47273828089237 3.7 36.70149590075016
      vertex 53.32996497996071 -2.8199399784207344 37.73371570914984
      vertex 53.3707734115995 -3.078679658472538 37.43867965400219
    endloop
  endfacet
  facet normal 0.9905693402519448 -1.820632016590418e-15 0.13701234306742946
    outer loop
      vertex 53.47273828089237 3.7 36.70149590075016
      vertex 53.3707734115995 -3.078679658472538 37.43867965400219
      vertex 53.406561446185144 -3.373715713620186 37.17993997395039
    endloop
  endfacet
  facet normal 0.9844265682772341 3.651804147884802e-16 0.17579627888527158
    outer loop
      vertex 53.25753362476826 3.7 38.25737860053778
      vertex 53.163572610404145 -2.302222527563572 38.78354286015034
      vertex 53.229930729249425 -2.4283614084124565 38.41194969773293
    endloop
  endfacet
  facet normal 0.9844265682772378 -1.5072843879179e-15 0.17579627888525085
    outer loop
      vertex 53.25753362476826 3.7 38.25737860053778
      vertex 53.094842020424785 -2.225665420293808 39.16842142105103
      vertex 53.163572610404145 -2.302222527563572 38.78354286015034
    endloop
  endfacet
  facet normal 0.9844265682772365 0 0.17579627888525753
    outer loop
      vertex 53.25753362476826 3.7 38.25737860053778
      vertex 53.229930729249425 -2.4283614084124565 38.41194969773293
      vertex 53.25753362476826 -2.504587438332095 38.25737860053778
    endloop
  endfacet
  facet normal 0.9905693402519401 4.259046748370482e-16 0.13701234306746207
    outer loop
      vertex 53.47273828089237 3.7 36.70149590075016
      vertex 53.406561446185144 -3.373715713620186 37.17993997395039
      vertex 53.43671673880462 -3.7000000029802322 36.96192378908396
    endloop
  endfacet
  facet normal 0.9905693402519413 1.4384688403236673e-16 0.1370123430674542
    outer loop
      vertex 53.47273828089237 3.7 36.70149590075016
      vertex 53.43671673880462 -3.7000000029802322 36.96192378908396
      vertex 53.46072332581509 -4.051949702203274 36.78836140394211
    endloop
  endfacet
  facet normal 0.990569340251943 0 0.13701234306744162
    outer loop
      vertex 53.47273828089237 3.7 36.70149590075016
      vertex 53.46072332581509 -4.051949702203274 36.78836140394211
      vertex 53.47273828089237 -4.307847224195299 36.70149590075016
    endloop
  endfacet
  facet normal 0.9951847270754525 0 0.09801713623523796
    outer loop
      vertex 53.47273828089237 3.7 36.70149590075016
      vertex 53.47273828089237 -4.307847224195299 36.70149590075016
      vertex 53.476606370809236 -4.423542864620686 36.66222252309323
    endloop
  endfacet
  facet normal 0.9951847270754652 6.343026084660698e-16 0.098017136235108
    outer loop
      vertex 53.47273828089237 3.7 36.70149590075016
      vertex 53.476606370809236 -4.423542864620686 36.66222252309323
      vertex 53.48414658742317 -4.808421425521374 36.58566541582346
    endloop
  endfacet
  facet normal 0.9569403354792997 0 -0.29028467808819225
    outer loop
      vertex 51.79226065427065 3.7 19.639320224523544
      vertex 52.248209461569786 3.7 21.142382003366947
      vertex 51.79226065427065 -21.300000000000004 19.639320224523544
    endloop
  endfacet
  facet normal 0.9675990925590835 0 -0.2524915762532251
    outer loop
      vertex 52.248209461569786 3.7 21.142382003366947
      vertex 52.6447968184948 3.7 22.662185445427895
      vertex 52.248209461569786 -21.300000000000004 21.142382003366947
    endloop
  endfacet
  facet normal 0.976765881347436 0 -0.21430915294398042
    outer loop
      vertex 52.6447968184948 3.7 22.662185445427895
      vertex 52.98141121864319 3.7 24.196387119591236
      vertex 52.6447968184948 -21.300000000000004 22.662185445427895
    endloop
  endfacet
  facet normal 0.9844265682772355 0 -0.17579627888526342
    outer loop
      vertex 52.98141121864319 3.7 24.196387119591236
      vertex 53.25753362476826 3.7 25.742621399462223
      vertex 52.98141121864319 -21.300000000000004 24.196387119591236
    endloop
  endfacet
  facet normal 0.990569340251942 0 -0.13701234306744958
    outer loop
      vertex 53.25753362476826 3.7 25.742621399462223
      vertex 53.47273828089237 3.7 27.29850409924984
      vertex 53.25753362476826 -21.300000000000004 25.742621399462223
    endloop
  endfacet
  facet normal 0.9951847270754589 0 -0.09801713623517277
    outer loop
      vertex 53.47273828089237 3.7 27.29850409924984
      vertex 53.62669334560633 3.7 28.86163616925478
      vertex 53.47273828089237 -21.300000000000004 27.29850409924984
    endloop
  endfacet
  facet normal 0.998265610001611 0 -0.05887080675607767
    outer loop
      vertex 53.62669334560633 3.7 28.86163616925478
      vertex 53.719161450862885 3.7 30.42960736900568
      vertex 53.62669334560633 -21.300000000000004 28.86163616925478
    endloop
  endfacet
  facet normal 0.9998072404976415 0 -0.019633691667419618
    outer loop
      vertex 53.719161450862885 3.7 30.42960736900568
      vertex 53.75 3.7 32
      vertex 53.719161450862885 -21.300000000000004 30.42960736900568
    endloop
  endfacet
  facet normal 0.9998072404976415 0 0.019633691667419618
    outer loop
      vertex 53.75 3.7 32
      vertex 53.719161450862885 3.7 33.57039263099432
      vertex 53.75 -21.300000000000004 32
    endloop
  endfacet
  facet normal 0.998265610001611 0 0.05887080675607767
    outer loop
      vertex 53.719161450862885 3.7 33.57039263099432
      vertex 53.62669334560633 3.7 35.13836383074522
      vertex 53.719161450862885 -21.300000000000004 33.57039263099432
    endloop
  endfacet
  facet normal 0.9951847270754589 0 0.09801713623517277
    outer loop
      vertex 53.62669334560633 3.7 35.13836383074522
      vertex 53.47273828089237 3.7 36.70149590075016
      vertex 53.62669334560633 -21.300000000000004 35.13836383074522
    endloop
  endfacet
  facet normal 0.9951847270754585 -3.274600283238906e-16 0.09801713623517797
    outer loop
      vertex 53.47273828089237 3.7 36.70149590075016
      vertex 53.48414658742317 -4.808421425521374 36.58566541582346
      vertex 53.62669334560633 -21.300000000000004 35.13836383074522
    endloop
  endfacet
  facet normal 0 0 -1
    outer loop
      vertex 30.45 1.9000000000000001 0
      vertex 35.13883400274843 -20.500000000000004 0
      vertex 30.45 -19.500000000000004 0
    endloop
  endfacet
  facet normal 0 0 -1
    outer loop
      vertex -2.734065156089725 -21.300000000000004 0
      vertex 29.08021608643457 -19.500000000000004 0
      vertex 30.234065156089724 -21.300000000000004 0
    endloop
  endfacet
  facet normal 0 -1 0
    outer loop
      vertex -2.734065156089725 -21.300000000000004 0
      vertex 30.234065156089724 -21.300000000000004 0
      vertex 31.75 -21.300000000000004 0.8230854645371437
    endloop
  endfacet
  facet normal 0 -1 0
    outer loop
      vertex -2.734065156089725 -21.300000000000004 0
      vertex 31.75 -21.300000000000004 0.8230854645371437
      vertex 33.35700526088476 -21.300000000000004 1.807859554886818
    endloop
  endfacet
  facet normal 0 -1 0
    outer loop
      vertex -8.25 -21.300000000000004 4
      vertex 34.91026908159256 -21.300000000000004 2.875388205051422
      vertex 35.75 -21.300000000000004 4
    endloop
  endfacet
  facet normal 0 -1 0
    outer loop
      vertex -2.734065156089725 -21.300000000000004 0
      vertex 33.35700526088476 -21.300000000000004 1.807859554886818
      vertex 34.91026908159256 -21.300000000000004 2.875388205051422
    endloop
  endfacet
  facet normal 0 -1 0
    outer loop
      vertex -19.137636475265026 -21.300000000000004 17.357480846345425
      vertex 47.98803458362818 -21.300000000000004 20.875388205051422
      vertex 26.529999999999998 -21.300000000000004 20.19
    endloop
  endfacet
  facet normal 0 0 -1
    outer loop
      vertex 29.08021608643457 -19.500000000000004 0
      vertex 30.45 -19.500000000000004 0
      vertex 30.234065156089724 -20.500000000000004 0
    endloop
  endfacet
  facet normal 0 0 -1
    outer loop
      vertex 29.08021608643457 -19.500000000000004 0
      vertex 30.234065156089724 -20.500000000000004 0
      vertex 30.234065156089724 -21.300000000000004 0
    endloop
  endfacet
  facet normal 0 0 -1
    outer loop
      vertex 30.45 -19.500000000000004 0
      vertex 35.13883400274843 -20.500000000000004 0
      vertex 30.234065156089724 -20.500000000000004 0
    endloop
  endfacet
  facet normal 0 -1 0
    outer loop
      vertex 7.75 -21.300000000000004 18.5
      vertex 19.75 -21.300000000000004 18.5
      vertex 47.98803458362818 -21.300000000000004 20.875388205051422
    endloop
  endfacet
  facet normal 0 -1 0
    outer loop
      vertex 26.529999999999998 -21.300000000000004 20.19
      vertex 47.98803458362818 -21.300000000000004 20.875388205051422
      vertex 26.725789288330073 -21.300000000000004 20.202832707939287
    endloop
  endfacet
  facet normal 0 0 -1
    outer loop
      vertex 30.45 1.9000000000000001 0
      vertex 37.73788197338581 -21.300000000000004 0
      vertex 35.13883400274843 -20.500000000000004 0
    endloop
  endfacet
  facet normal 0.6035559418811017 0 -0.7973206538275651
    outer loop
      vertex 38.51375797390938 3.7 0.5873227640986443
      vertex 38.51375797390938 -21.300000000000004 0.5873227640986443
      vertex 37.73788197338581 -21.300000000000004 0
    endloop
  endfacet
  facet normal 0.6343932861657213 0 -0.7730104517196759
    outer loop
      vertex 39.727921932935715 3.7 1.583761379122734
      vertex 39.727921932935715 -21.300000000000004 1.583761379122734
      vertex 38.51375797390938 -21.300000000000004 0.5873227640986443
    endloop
  endfacet
  facet normal 0.6642524383342414 0 -0.7475083264867453
    outer loop
      vertex 40.90202981978655 3.7 2.6270996257662773
      vertex 40.90202981978655 -21.300000000000004 2.6270996257662773
      vertex 39.727921932935715 -21.300000000000004 1.583761379122734
    endloop
  endfacet
  facet normal 0.6930873608573016 0 -0.720853598326221
    outer loop
      vertex 42.034271247684956 3.7 3.7157287523150444
      vertex 42.034271247684956 -21.300000000000004 3.7157287523150444
      vertex 40.90202981978655 -21.300000000000004 2.6270996257662773
    endloop
  endfacet
  facet normal 0.720853598326221 0 -0.6930873608573016
    outer loop
      vertex 43.12290037423372 3.7 4.847970180213451
      vertex 43.12290037423372 -21.300000000000004 4.847970180213451
      vertex 42.034271247684956 -21.300000000000004 3.7157287523150444
    endloop
  endfacet
  facet normal 0.7475083264867453 0 -0.6642524383342414
    outer loop
      vertex 44.166238620877266 3.7 6.022078067064285
      vertex 44.166238620877266 -21.300000000000004 6.022078067064285
      vertex 43.12290037423372 -21.300000000000004 4.847970180213451
    endloop
  endfacet
  facet normal 0.7730104517196759 0 -0.6343932861657213
    outer loop
      vertex 45.162677235901356 3.7 7.236242026090622
      vertex 45.162677235901356 -21.300000000000004 7.236242026090622
      vertex 44.166238620877266 -21.300000000000004 6.022078067064285
    endloop
  endfacet
  facet normal 0.7973206534647818 0 -0.6035559423603526
    outer loop
      vertex 46.110679775476456 3.7 8.488589905202389
      vertex 46.110679775476456 -21.300000000000004 8.488589905202389
      vertex 45.162677235901356 -21.300000000000004 7.236242026090622
    endloop
  endfacet
  facet normal 0.8204014430698211 0 -0.5717879608814401
    outer loop
      vertex 47.008784495294094 3.7 9.777190677821636
      vertex 47.008784495294094 -21.300000000000004 9.777190677821636
      vertex 46.110679775476456 -21.300000000000004 8.488589905202389
    endloop
  endfacet
  facet normal 0.8422172352753996 0 -0.5391383204754253
    outer loop
      vertex 47.85560657083988 3.7 11.100057408213615
      vertex 47.85560657083988 -21.300000000000004 11.100057408213615
      vertex 47.008784495294094 -21.300000000000004 9.777190677821636
    endloop
  endfacet
  facet normal 0.8627343868073287 0 -0.5056573719626588
    outer loop
      vertex 48.64984028041363 3.7 12.455150343477726
      vertex 48.64984028041363 -21.300000000000004 12.455150343477726
      vertex 47.85560657083988 -21.300000000000004 11.100057408213615
    endloop
  endfacet
  facet normal 0.8819212643443392 0 -0.47139673683351074
    outer loop
      vertex 49.390260964632034 3.7 13.840380012989044
      vertex 49.390260964632034 -21.300000000000004 13.840380012989044
      vertex 48.64984028041363 -21.300000000000004 12.455150343477726
    endloop
  endfacet
  facet normal 0.8997482823183388 0 -0.4364092442481012
    outer loop
      vertex 50.075726956129074 3.7 15.253610499203205
      vertex 50.075726956129074 -21.300000000000004 15.253610499203205
      vertex 49.390260964632034 -21.300000000000004 13.840380012989044
    endloop
  endfacet
  facet normal 0.916187958045493 0 -0.4007488309807401
    outer loop
      vertex 50.705181300640106 3.7 16.692662708461285
      vertex 50.705181300640106 -21.300000000000004 16.692662708461285
      vertex 50.075726956129074 -21.300000000000004 15.253610499203205
    endloop
  endfacet
  facet normal 0.9312149352495637 0 -0.3644704986252671
    outer loop
      vertex 51.27765343338251 3.7 18.155317716300488
      vertex 51.27765343338251 -21.300000000000004 18.155317716300488
      vertex 50.705181300640106 -21.300000000000004 16.692662708461285
    endloop
  endfacet
  facet normal 0.9448060452963782 0 -0.3276301829371309
    outer loop
      vertex 51.79226065427065 3.7 19.639320224523544
      vertex 51.79226065427065 -21.300000000000004 19.639320224523544
      vertex 51.27765343338251 -21.300000000000004 18.155317716300488
    endloop
  endfacet
  facet normal 0 0 -1
    outer loop
      vertex 35.13883400274843 -20.500000000000004 0
      vertex 37.73788197338581 -21.300000000000004 0
      vertex 35.13883400274843 -21.300000000000004 0
    endloop
  endfacet
  facet normal 0 -1 0
    outer loop
      vertex 34.91026908159256 -21.300000000000004 2.875388205051422
      vertex 36.40553408116102 -21.300000000000004 4.022745385766029
      vertex 35.75 -21.300000000000004 4
    endloop
  endfacet
  facet normal 0 -1 0
    outer loop
      vertex 35.13883400274843 -21.300000000000004 0
      vertex 37.73788197338581 -21.300000000000004 0
      vertex 36.379732213914394 -21.300000000000004 0.8528457134962082
    endloop
  endfacet
  facet normal 0 -1 0
    outer loop
      vertex 36.379732213914394 -21.300000000000004 0.8528457134962082
      vertex 37.73788197338581 -21.300000000000004 0
      vertex 39.727921932935715 -21.300000000000004 1.583761379122734
    endloop
  endfacet
  facet normal 0 -1 0
    outer loop
      vertex 37.73788197338581 -21.300000000000004 0
      vertex 38.51375797390938 -21.300000000000004 0.5873227640986443
      vertex 39.727921932935715 -21.300000000000004 1.583761379122734
    endloop
  endfacet
  facet normal 0 -1 0
    outer loop
      vertex 36.379732213914394 -21.300000000000004 0.8528457134962082
      vertex 39.727921932935715 -21.300000000000004 1.583761379122734
      vertex 37.97883505374193 -21.300000000000004 2.0798804834485054
    endloop
  endfacet
  facet normal 0 -1 0
    outer loop
      vertex 35.75 -21.300000000000004 4
      vertex 36.40553408116102 -21.300000000000004 4.022745385766029
      vertex 37.83870182931423 -21.300000000000004 5.246786281466484
    endloop
  endfacet
  facet normal 0 -1 0
    outer loop
      vertex 35.75 -21.300000000000004 4
      vertex 37.83870182931423 -21.300000000000004 5.246786281466484
      vertex 39.20584411919117 -21.300000000000004 6.54415588080883
    endloop
  endfacet
  facet normal 0 -1 0
    outer loop
      vertex 35.75 -21.300000000000004 4
      vertex 39.20584411919117 -21.300000000000004 6.54415588080883
      vertex 40.503213718533516 -21.300000000000004 7.911298170685768
    endloop
  endfacet
  facet normal 0 -1 0
    outer loop
      vertex 37.97883505374193 -21.300000000000004 2.0798804834485054
      vertex 39.727921932935715 -21.300000000000004 1.583761379122734
      vertex 40.90202981978655 -21.300000000000004 2.6270996257662773
    endloop
  endfacet
  facet normal 0 -1 0
    outer loop
      vertex 37.97883505374193 -21.300000000000004 2.0798804834485054
      vertex 40.90202981978655 -21.300000000000004 2.6270996257662773
      vertex 39.511528342962265 -21.300000000000004 3.388924218714237
    endloop
  endfacet
  facet normal 0 -1 0
    outer loop
      vertex 39.511528342962265 -21.300000000000004 3.388924218714237
      vertex 40.90202981978655 -21.300000000000004 2.6270996257662773
      vertex 42.034271247684956 -21.300000000000004 3.7157287523150444
    endloop
  endfacet
  facet normal 0 -1 0
    outer loop
      vertex 39.511528342962265 -21.300000000000004 3.388924218714237
      vertex 43.12290037423372 -21.300000000000004 4.847970180213451
      vertex 40.9736110791564 -21.300000000000004 4.776388920843601
    endloop
  endfacet
  facet normal 0 -1 0
    outer loop
      vertex 39.511528342962265 -21.300000000000004 3.388924218714237
      vertex 42.034271247684956 -21.300000000000004 3.7157287523150444
      vertex 43.12290037423372 -21.300000000000004 4.847970180213451
    endloop
  endfacet
  facet normal 0 -1 0
    outer loop
      vertex 35.75 -21.300000000000004 4
      vertex 40.503213718533516 -21.300000000000004 7.911298170685768
      vertex 41.72725461423397 -21.300000000000004 9.344465918838978
    endloop
  endfacet
  facet normal 0 -1 0
    outer loop
      vertex 35.75 -21.300000000000004 4
      vertex 41.72725461423397 -21.300000000000004 9.344465918838978
      vertex 42.87461179494858 -21.300000000000004 10.83973091840744
    endloop
  endfacet
  facet normal 0 -1 0
    outer loop
      vertex 35.75 -21.300000000000004 4
      vertex 42.87461179494858 -21.300000000000004 10.83973091840744
      vertex 43.94214044511318 -21.300000000000004 12.392994739115238
    endloop
  endfacet
  facet normal 0 -1 0
    outer loop
      vertex 40.9736110791564 -21.300000000000004 4.776388920843601
      vertex 43.12290037423372 -21.300000000000004 4.847970180213451
      vertex 44.166238620877266 -21.300000000000004 6.022078067064285
    endloop
  endfacet
  facet normal 0 -1 0
    outer loop
      vertex 40.9736110791564 -21.300000000000004 4.776388920843601
      vertex 44.166238620877266 -21.300000000000004 6.022078067064285
      vertex 42.36107578128576 -21.300000000000004 6.238471657037735
    endloop
  endfacet
  facet normal 0 -1 0
    outer loop
      vertex 42.36107578128576 -21.300000000000004 6.238471657037735
      vertex 45.162677235901356 -21.300000000000004 7.236242026090622
      vertex 43.670119516551495 -21.300000000000004 7.771164946258068
    endloop
  endfacet
  facet normal 0 -1 0
    outer loop
      vertex 19.75 -21.300000000000004 18.5
      vertex 35.75 -21.300000000000004 4
      vertex 47.98803458362818 -21.300000000000004 20.875388205051422
    endloop
  endfacet
  facet normal 0 -1 0
    outer loop
      vertex 35.75 -21.300000000000004 4
      vertex 43.94214044511318 -21.300000000000004 12.392994739115238
      vertex 44.926914535462856 -21.300000000000004 14
    endloop
  endfacet
  facet normal 0 -1 0
    outer loop
      vertex 35.75 -21.300000000000004 4
      vertex 44.926914535462856 -21.300000000000004 14
      vertex 45.82623486965895 -21.300000000000004 15.656342007219791
    endloop
  endfacet
  facet normal 0 -1 0
    outer loop
      vertex 35.75 -21.300000000000004 4
      vertex 45.82623486965895 -21.300000000000004 15.656342007219791
      vertex 46.637636475265026 -21.300000000000004 17.357480846345425
    endloop
  endfacet
  facet normal 0 -1 0
    outer loop
      vertex 35.75 -21.300000000000004 4
      vertex 46.637636475265026 -21.300000000000004 17.357480846345425
      vertex 47.35889535397291 -21.300000000000004 19.098753817379475
    endloop
  endfacet
  facet normal 0 -1 0
    outer loop
      vertex 35.75 -21.300000000000004 4
      vertex 47.35889535397291 -21.300000000000004 19.098753817379475
      vertex 47.98803458362818 -21.300000000000004 20.875388205051422
    endloop
  endfacet
  facet normal 0 -1 0
    outer loop
      vertex 42.36107578128576 -21.300000000000004 6.238471657037735
      vertex 44.166238620877266 -21.300000000000004 6.022078067064285
      vertex 45.162677235901356 -21.300000000000004 7.236242026090622
    endloop
  endfacet
  facet normal 0 -1 0
    outer loop
      vertex 43.670119516551495 -21.300000000000004 7.771164946258068
      vertex 45.162677235901356 -21.300000000000004 7.236242026090622
      vertex 46.110679775476456 -21.300000000000004 8.488589905202389
    endloop
  endfacet
  facet normal 0 -1 0
    outer loop
      vertex 43.670119516551495 -21.300000000000004 7.771164946258068
      vertex 46.110679775476456 -21.300000000000004 8.488589905202389
      vertex 44.89715428650379 -21.300000000000004 9.370267786085606
    endloop
  endfacet
  facet normal 0 -1 0
    outer loop
      vertex 44.89715428650379 -21.300000000000004 9.370267786085606
      vertex 46.110679775476456 -21.300000000000004 8.488589905202389
      vertex 47.008784495294094 -21.300000000000004 9.777190677821636
    endloop
  endfacet
  facet normal 0 -1 0
    outer loop
      vertex 44.89715428650379 -21.300000000000004 9.370267786085606
      vertex 47.008784495294094 -21.300000000000004 9.777190677821636
      vertex 47.85560657083988 -21.300000000000004 11.100057408213615
    endloop
  endfacet
  facet normal 0 -1 0
    outer loop
      vertex 44.89715428650379 -21.300000000000004 9.370267786085606
      vertex 47.85560657083988 -21.300000000000004 11.100057408213615
      vertex 46.03881686925888 -21.300000000000004 11.03139714896679
    endloop
  endfacet
  facet normal 0 -1 0
    outer loop
      vertex 46.03881686925888 -21.300000000000004 11.03139714896679
      vertex 48.64984028041363 -21.300000000000004 12.455150343477726
      vertex 47.091978043317795 -21.300000000000004 12.75
    endloop
  endfacet
  facet normal 0 -1 0
    outer loop
      vertex 46.03881686925888 -21.300000000000004 11.03139714896679
      vertex 47.85560657083988 -21.300000000000004 11.100057408213615
      vertex 48.64984028041363 -21.300000000000004 12.455150343477726
    endloop
  endfacet
  facet normal 0 -1 0
    outer loop
      vertex 47.091978043317795 -21.300000000000004 12.75
      vertex 48.64984028041363 -21.300000000000004 12.455150343477726
      vertex 49.390260964632034 -21.300000000000004 13.840380012989044
    endloop
  endfacet
  facet normal 0 -1 0
    outer loop
      vertex 47.091978043317795 -21.300000000000004 12.75
      vertex 49.390260964632034 -21.300000000000004 13.840380012989044
      vertex 48.053751178085804 -21.300000000000004 14.521365761756897
    endloop
  endfacet
  facet normal 0 -1 0
    outer loop
      vertex 48.053751178085804 -21.300000000000004 14.521365761756897
      vertex 49.390260964632034 -21.300000000000004 13.840380012989044
      vertex 50.075726956129074 -21.300000000000004 15.253610499203205
    endloop
  endfacet
  facet normal 0 -1 0
    outer loop
      vertex 48.053751178085804 -21.300000000000004 14.521365761756897
      vertex 50.075726956129074 -21.300000000000004 15.253610499203205
      vertex 48.921500116586685 -21.300000000000004 16.340639241039753
    endloop
  endfacet
  facet normal 0 -1 0
    outer loop
      vertex 48.921500116586685 -21.300000000000004 16.340639241039753
      vertex 50.075726956129074 -21.300000000000004 15.253610499203205
      vertex 50.705181300640106 -21.300000000000004 16.692662708461285
    endloop
  endfacet
  facet normal 0 -1 0
    outer loop
      vertex 48.921500116586685 -21.300000000000004 16.340639241039753
      vertex 50.705181300640106 -21.300000000000004 16.692662708461285
      vertex 51.27765343338251 -21.300000000000004 18.155317716300488
    endloop
  endfacet
  facet normal 0 -1 0
    outer loop
      vertex 48.921500116586685 -21.300000000000004 16.340639241039753
      vertex 51.27765343338251 -21.300000000000004 18.155317716300488
      vertex 49.69284641742706 -21.300000000000004 18.20283394306898
    endloop
  endfacet
  facet normal 0 -1 0
    outer loop
      vertex 49.69284641742706 -21.300000000000004 18.20283394306898
      vertex 51.79226065427065 -21.300000000000004 19.639320224523544
      vertex 50.36567587405443 -21.300000000000004 20.102845713496208
    endloop
  endfacet
  facet normal 0 -1 0
    outer loop
      vertex 49.69284641742706 -21.300000000000004 18.20283394306898
      vertex 51.27765343338251 -21.300000000000004 18.155317716300488
      vertex 51.79226065427065 -21.300000000000004 19.639320224523544
    endloop
  endfacet
  facet normal 0.9569403354792997 0 -0.29028467808819225
    outer loop
      vertex 52.248209461569786 3.7 21.142382003366947
      vertex 52.248209461569786 -21.300000000000004 21.142382003366947
      vertex 51.79226065427065 -21.300000000000004 19.639320224523544
    endloop
  endfacet
  facet normal 0.9675990925590835 0 -0.2524915762532251
    outer loop
      vertex 52.6447968184948 3.7 22.662185445427895
      vertex 52.6447968184948 -21.300000000000004 22.662185445427895
      vertex 52.248209461569786 -21.300000000000004 21.142382003366947
    endloop
  endfacet
  facet normal 0.976765881347436 0 -0.21430915294398042
    outer loop
      vertex 52.98141121864319 3.7 24.196387119591236
      vertex 52.98141121864319 -21.300000000000004 24.196387119591236
      vertex 52.6447968184948 -21.300000000000004 22.662185445427895
    endloop
  endfacet
  facet normal 0.9844265682772355 0 -0.17579627888526342
    outer loop
      vertex 53.25753362476826 3.7 25.742621399462223
      vertex 53.25753362476826 -21.300000000000004 25.742621399462223
      vertex 52.98141121864319 -21.300000000000004 24.196387119591236
    endloop
  endfacet
  facet normal 0.990569340251942 0 -0.13701234306744958
    outer loop
      vertex 53.47273828089237 3.7 27.29850409924984
      vertex 53.47273828089237 -21.300000000000004 27.29850409924984
      vertex 53.25753362476826 -21.300000000000004 25.742621399462223
    endloop
  endfacet
  facet normal 0.9951847270754589 0 -0.09801713623517277
    outer loop
      vertex 53.62669334560633 3.7 28.86163616925478
      vertex 53.62669334560633 -21.300000000000004 28.86163616925478
      vertex 53.47273828089237 -21.300000000000004 27.29850409924984
    endloop
  endfacet
  facet normal 0.9951847270754957 3.336939681575919e-14 0.0980171362347977
    outer loop
      vertex 53.48414658742317 -4.808421425521374 36.58566541582346
      vertex 53.48667441028552 -5.200000002980232 36.55999999850989
      vertex 53.62669334560633 -21.300000000000004 35.13836383074522
    endloop
  endfacet
  facet normal 0.998265610001611 0 -0.05887080675607767
    outer loop
      vertex 53.719161450862885 3.7 30.42960736900568
      vertex 53.719161450862885 -21.300000000000004 30.42960736900568
      vertex 53.62669334560633 -21.300000000000004 28.86163616925478
    endloop
  endfacet
  facet normal 0.9998072404976415 0 -0.019633691667419618
    outer loop
      vertex 53.75 3.7 32
      vertex 53.75 -21.300000000000004 32
      vertex 53.719161450862885 -21.300000000000004 30.42960736900568
    endloop
  endfacet
  facet normal 0.9998072404976415 0 0.019633691667419618
    outer loop
      vertex 53.719161450862885 3.7 33.57039263099432
      vertex 53.719161450862885 -21.300000000000004 33.57039263099432
      vertex 53.75 -21.300000000000004 32
    endloop
  endfacet
  facet normal 0.998265610001611 0 0.05887080675607767
    outer loop
      vertex 53.62669334560633 3.7 35.13836383074522
      vertex 53.62669334560633 -21.300000000000004 35.13836383074522
      vertex 53.719161450862885 -21.300000000000004 33.57039263099432
    endloop
  endfacet
  facet normal 0.9951847270754589 0 0.09801713623517196
    outer loop
      vertex 53.48667441028552 -5.200000002980232 36.55999999850989
      vertex 53.48667441028552 -13.600000001490116 36.55999999850989
      vertex 53.62669334560633 -21.300000000000004 35.13836383074522
    endloop
  endfacet
  facet normal 0 -1 0
    outer loop
      vertex 26.725789288330073 -21.300000000000004 20.202832707939287
      vertex 47.98803458362818 -21.300000000000004 20.875388205051422
      vertex 26.918228567653777 -21.300000000000004 20.2411112605664
    endloop
  endfacet
  facet normal 0 -1 0
    outer loop
      vertex 26.918228567653777 -21.300000000000004 20.2411112605664
      vertex 47.98803458362818 -21.300000000000004 20.875388205051422
      vertex 27.10402514854763 -21.300000000000004 20.304180701233072
    endloop
  endfacet
  facet normal 0 -1 0
    outer loop
      vertex 27.10402514854763 -21.300000000000004 20.304180701233072
      vertex 47.98803458362818 -21.300000000000004 20.875388205051422
      vertex 27.279999999999998 -21.300000000000004 20.390961894323343
    endloop
  endfacet
  facet normal 0 -1 0
    outer loop
      vertex 27.279999999999998 -21.300000000000004 20.390961894323343
      vertex 47.98803458362818 -21.300000000000004 20.875388205051422
      vertex 27.44314214351308 -21.300000000000004 20.499969989563148
    endloop
  endfacet
  facet normal 0 -1 0
    outer loop
      vertex 27.44314214351308 -21.300000000000004 20.499969989563148
      vertex 47.98803458362818 -21.300000000000004 20.875388205051422
      vertex 27.59066017177982 -21.300000000000004 20.629339828220182
    endloop
  endfacet
  facet normal 0 -1 0
    outer loop
      vertex 27.59066017177982 -21.300000000000004 20.629339828220182
      vertex 47.98803458362818 -21.300000000000004 20.875388205051422
      vertex 27.72003001043685 -21.300000000000004 20.77685785648692
    endloop
  endfacet
  facet normal 0 -1 0
    outer loop
      vertex 27.72003001043685 -21.300000000000004 20.77685785648692
      vertex 47.98803458362818 -21.300000000000004 20.875388205051422
      vertex 27.829038105676656 -21.300000000000004 20.94
    endloop
  endfacet
  facet normal 0 -1 0
    outer loop
      vertex 27.829038105676656 -21.300000000000004 20.94
      vertex 47.98803458362818 -21.300000000000004 20.875388205051422
      vertex 27.915819298766927 -21.300000000000004 21.115974851452364
    endloop
  endfacet
  facet normal 0 -1 0
    outer loop
      vertex 27.915819298766927 -21.300000000000004 21.115974851452364
      vertex 48.52332974970341 -21.300000000000004 22.682514376938343
      vertex 27.9788887394336 -21.300000000000004 21.30177143234622
    endloop
  endfacet
  facet normal 0 -1 0
    outer loop
      vertex 27.9788887394336 -21.300000000000004 21.30177143234622
      vertex 48.52332974970341 -21.300000000000004 22.682514376938343
      vertex 28.017167292060712 -21.300000000000004 21.494210711669922
    endloop
  endfacet
  facet normal 0 -1 0
    outer loop
      vertex 28.017167292060712 -21.300000000000004 21.494210711669922
      vertex 48.52332974970341 -21.300000000000004 22.682514376938343
      vertex 28.029999999999998 -21.300000000000004 21.69
    endloop
  endfacet
  facet normal 0 -1 0
    outer loop
      vertex 27.915819298766927 -21.300000000000004 21.115974851452364
      vertex 47.98803458362818 -21.300000000000004 20.875388205051422
      vertex 48.52332974970341 -21.300000000000004 22.682514376938343
    endloop
  endfacet
  facet normal 0 -1 0
    outer loop
      vertex 28.029999999999998 -21.300000000000004 21.69
      vertex 48.52332974970341 -21.300000000000004 22.682514376938343
      vertex 48.96331362426281 -21.300000000000004 24.515179127454758
    endloop
  endfacet
  facet normal 0 -1 0
    outer loop
      vertex 28.029999999999998 -21.300000000000004 21.69
      vertex 48.96331362426281 -21.300000000000004 24.515179127454758
      vertex 49.30678026378155 -21.300000000000004 26.36835926026106
    endloop
  endfacet
  facet normal 0 -1 0
    outer loop
      vertex 28.029999999999998 -21.300000000000004 21.69
      vertex 49.30678026378155 -21.300000000000004 26.36835926026106
      vertex 49.552788235247135 -21.300000000000004 28.236975319683552
    endloop
  endfacet
  facet normal 0 -1 0
    outer loop
      vertex 28.029999999999998 -21.300000000000004 21.69
      vertex 49.552788235247135 -21.300000000000004 28.236975319683552
      vertex 49.70066325366497 -21.300000000000004 30.115905575454235
    endloop
  endfacet
  facet normal 0 -1 0
    outer loop
      vertex 28.029999999999998 -21.300000000000004 21.69
      vertex 49.70066325366497 -21.300000000000004 30.115905575454235
      vertex 49.75 -21.300000000000004 32
    endloop
  endfacet
  facet normal 0 -1 0
    outer loop
      vertex 28.029999999999998 -21.300000000000004 21.69
      vertex 49.75 -21.300000000000004 32
      vertex 49.70066325366497 -21.300000000000004 33.884094424545765
    endloop
  endfacet
  facet normal 0 -1 0
    outer loop
      vertex 28.029999999999998 -21.300000000000004 21.69
      vertex 49.70066325366497 -21.300000000000004 33.884094424545765
      vertex 49.552788235247135 -21.300000000000004 35.76302468031645
    endloop
  endfacet
  facet normal 0 -1 0
    outer loop
      vertex 28.029999999999998 -21.300000000000004 21.69
      vertex 49.552788235247135 -21.300000000000004 35.76302468031645
      vertex 49.30678026378155 -21.300000000000004 37.63164073973894
    endloop
  endfacet
  facet normal 0 -1 0
    outer loop
      vertex 28.029999999999998 -21.300000000000004 21.69
      vertex 49.30678026378155 -21.300000000000004 37.63164073973894
      vertex 48.96331362426281 -21.300000000000004 39.48482087254524
    endloop
  endfacet
  facet normal 0 -1 0
    outer loop
      vertex 28.029999999999998 -21.300000000000004 21.69
      vertex 48.96331362426281 -21.300000000000004 39.48482087254524
      vertex 48.52332974970341 -21.300000000000004 41.31748562306166
    endloop
  endfacet
  facet normal 0 -1 0
    outer loop
      vertex 28.029999999999998 -21.300000000000004 21.69
      vertex 47.98803458362818 -21.300000000000004 43.12461179494858
      vertex 47.35889535397291 -21.300000000000004 44.901246182620525
    endloop
  endfacet
  facet normal 0 -1 0
    outer loop
      vertex 28.029999999999998 -21.300000000000004 21.69
      vertex 47.35889535397291 -21.300000000000004 44.901246182620525
      vertex 46.637636475265026 -21.300000000000004 46.642519153654575
    endloop
  endfacet
  facet normal 0 -1 0
    outer loop
      vertex 28.029999999999998 -21.300000000000004 21.69
      vertex 46.637636475265026 -21.300000000000004 46.642519153654575
      vertex 45.82623486965895 -21.300000000000004 48.34365799278021
    endloop
  endfacet
  facet normal 0 -1 0
    outer loop
      vertex 28.029999999999998 -21.300000000000004 21.69
      vertex 48.52332974970341 -21.300000000000004 41.31748562306166
      vertex 47.98803458362818 -21.300000000000004 43.12461179494858
    endloop
  endfacet
  facet normal 0 -1 0
    outer loop
      vertex 50.36567587405443 -21.300000000000004 20.102845713496208
      vertex 52.248209461569786 -21.300000000000004 21.142382003366947
      vertex 50.93814431130886 -21.300000000000004 22.035466760396957
    endloop
  endfacet
  facet normal 0 -1 0
    outer loop
      vertex 51.79226065427065 -21.300000000000004 19.639320224523544
      vertex 52.248209461569786 -21.300000000000004 21.142382003366947
      vertex 50.36567587405443 -21.300000000000004 20.102845713496208
    endloop
  endfacet
  facet normal 0 -1 0
    outer loop
      vertex 50.93814431130886 -21.300000000000004 22.035466760396957
      vertex 52.248209461569786 -21.300000000000004 21.142382003366947
      vertex 52.6447968184948 -21.300000000000004 22.662185445427895
    endloop
  endfacet
  facet normal 0 -1 0
    outer loop
      vertex 50.93814431130886 -21.300000000000004 22.035466760396957
      vertex 52.6447968184948 -21.300000000000004 22.662185445427895
      vertex 51.40868262946606 -21.300000000000004 23.99539990723133
    endloop
  endfacet
  facet normal 0 -1 0
    outer loop
      vertex 51.40868262946606 -21.300000000000004 23.99539990723133
      vertex 52.6447968184948 -21.300000000000004 22.662185445427895
      vertex 52.98141121864319 -21.300000000000004 24.196387119591236
    endloop
  endfacet
  facet normal 0 -1 0
    outer loop
      vertex 51.40868262946606 -21.300000000000004 23.99539990723133
      vertex 52.98141121864319 -21.300000000000004 24.196387119591236
      vertex 53.25753362476826 -21.300000000000004 25.742621399462223
    endloop
  endfacet
  facet normal 0 -1 0
    outer loop
      vertex 51.40868262946606 -21.300000000000004 23.99539990723133
      vertex 53.25753362476826 -21.300000000000004 25.742621399462223
      vertex 51.77600111067295 -21.300000000000004 25.97727309912443
    endloop
  endfacet
  facet normal 0 -1 0
    outer loop
      vertex 51.77600111067295 -21.300000000000004 25.97727309912443
      vertex 53.47273828089237 -21.300000000000004 27.29850409924984
      vertex 52.03909297287464 -21.300000000000004 27.975654162466526
    endloop
  endfacet
  facet normal 0 -1 0
    outer loop
      vertex 51.77600111067295 -21.300000000000004 25.97727309912443
      vertex 53.25753362476826 -21.300000000000004 25.742621399462223
      vertex 53.47273828089237 -21.300000000000004 27.29850409924984
    endloop
  endfacet
  facet normal 0 -1 0
    outer loop
      vertex 52.03909297287464 -21.300000000000004 27.975654162466526
      vertex 53.47273828089237 -21.300000000000004 27.29850409924984
      vertex 53.62669334560633 -21.300000000000004 28.86163616925478
    endloop
  endfacet
  facet normal 0 -1 0
    outer loop
      vertex 52.03909297287464 -21.300000000000004 27.975654162466526
      vertex 53.62669334560633 -21.300000000000004 28.86163616925478
      vertex 52.197237089276314 -21.300000000000004 29.985065683722496
    endloop
  endfacet
  facet normal 0.9951847270754556 -6.3467003668267576e-15 0.09801713623520601
    outer loop
      vertex 53.48667441028552 -13.600000001490116 36.55999999850989
      vertex 53.48414658742317 -13.991578578948975 36.58566541582346
      vertex 53.62669334560633 -21.300000000000004 35.13836383074522
    endloop
  endfacet
  facet normal 0.9951847270754619 6.323413982530764e-15 0.09801713623514263
    outer loop
      vertex 53.48414658742317 -13.991578578948975 36.58566541582346
      vertex 53.476606370809236 -14.376457139849663 36.66222252309323
      vertex 53.62669334560633 -21.300000000000004 35.13836383074522
    endloop
  endfacet
  facet normal 0.9951847270754551 -9.011356256700983e-15 0.09801713623521166
    outer loop
      vertex 53.476606370809236 -14.376457139849663 36.66222252309323
      vertex 53.47273828089237 -14.492152780275045 36.70149590075016
      vertex 53.62669334560633 -21.300000000000004 35.13836383074522
    endloop
  endfacet
  facet normal 0.9905693402519431 0 0.13701234306744164
    outer loop
      vertex 53.47273828089237 -14.492152780275045 36.70149590075016
      vertex 53.46072332581509 -14.748050302267075 36.78836140394211
      vertex 53.47273828089237 -21.300000000000004 36.70149590075016
    endloop
  endfacet
  facet normal 0.9905693402519413 -1.694805700189182e-16 0.13701234306745416
    outer loop
      vertex 53.46072332581509 -14.748050302267075 36.78836140394211
      vertex 53.43671673880462 -15.100000001490116 36.96192378908396
      vertex 53.47273828089237 -21.300000000000004 36.70149590075016
    endloop
  endfacet
  facet normal 0.9905693402519403 -5.033518306322966e-16 0.137012343067462
    outer loop
      vertex 53.43671673880462 -15.100000001490116 36.96192378908396
      vertex 53.406561446185144 -15.426284290850163 37.17993997395039
      vertex 53.47273828089237 -21.300000000000004 36.70149590075016
    endloop
  endfacet
  facet normal 0.9905693402519447 2.163074808851944e-15 0.13701234306742988
    outer loop
      vertex 53.406561446185144 -15.426284290850163 37.17993997395039
      vertex 53.3707734115995 -15.72132034599781 37.43867965400219
      vertex 53.47273828089237 -21.300000000000004 36.70149590075016
    endloop
  endfacet
  facet normal 0.9905693402519419 -5.885561328669915e-16 0.13701234306745028
    outer loop
      vertex 53.3707734115995 -15.72132034599781 37.43867965400219
      vertex 53.32996497996071 -15.980060026049614 37.73371570914984
      vertex 53.47273828089237 -21.300000000000004 36.70149590075016
    endloop
  endfacet
  facet normal 0.9905693402519399 -3.360336997078749e-15 0.1370123430674643
    outer loop
      vertex 53.32996497996071 -15.980060026049614 37.73371570914984
      vertex 53.28483439376676 -16.198076210916042 38.05999999850989
      vertex 53.47273828089237 -21.300000000000004 36.70149590075016
    endloop
  endfacet
  facet normal 0.9905693402519438 4.392162357054251e-15 0.13701234306743573
    outer loop
      vertex 53.28483439376676 -16.198076210916042 38.05999999850989
      vertex 53.25753362476826 -16.295412566138253 38.25737860053778
      vertex 53.47273828089237 -21.300000000000004 36.70149590075016
    endloop
  endfacet
  facet normal 0.9844265682772366 0 0.17579627888525753
    outer loop
      vertex 53.25753362476826 -16.295412566138253 38.25737860053778
      vertex 53.229930729249425 -16.371638596057892 38.41194969773293
      vertex 53.25753362476826 -21.300000000000004 38.25737860053778
    endloop
  endfacet
  facet normal 0.9844265682772341 -4.527840471693816e-16 0.17579627888527155
    outer loop
      vertex 53.229930729249425 -16.371638596057892 38.41194969773293
      vertex 53.163572610404145 -16.497777476906776 38.78354286015034
      vertex 53.25753362476826 -21.300000000000004 38.25737860053778
    endloop
  endfacet
  facet normal 0.9844265682772377 1.878440828119177e-15 0.1757962788852509
    outer loop
      vertex 53.094842020424785 -16.57433458417654 39.16842142105103
      vertex 53.25753362476826 -21.300000000000004 38.25737860053778
      vertex 53.163572610404145 -16.497777476906776 38.78354286015034
    endloop
  endfacet
  facet normal 0 -1 0
    outer loop
      vertex 53.62669334560633 -21.300000000000004 28.86163616925478
      vertex 53.719161450862885 -21.300000000000004 30.42960736900568
      vertex 52.197237089276314 -21.300000000000004 29.985065683722496
    endloop
  endfacet
  facet normal 0 -1 0
    outer loop
      vertex 52.197237089276314 -21.300000000000004 29.985065683722496
      vertex 53.719161450862885 -21.300000000000004 30.42960736900568
      vertex 53.75 -21.300000000000004 32
    endloop
  endfacet
  facet normal 0 -1 0
    outer loop
      vertex 52.197237089276314 -21.300000000000004 29.985065683722496
      vertex 53.75 -21.300000000000004 32
      vertex 52.25 -21.300000000000004 32
    endloop
  endfacet
  facet normal 0 -1 0
    outer loop
      vertex 52.25 -21.300000000000004 32
      vertex 53.719161450862885 -21.300000000000004 33.57039263099432
      vertex 52.197237089276314 -21.300000000000004 34.014934316277504
    endloop
  endfacet
  facet normal 0 -1 0
    outer loop
      vertex 52.25 -21.300000000000004 32
      vertex 53.75 -21.300000000000004 32
      vertex 53.719161450862885 -21.300000000000004 33.57039263099432
    endloop
  endfacet
  facet normal 0 -1 0
    outer loop
      vertex 52.197237089276314 -21.300000000000004 34.014934316277504
      vertex 53.719161450862885 -21.300000000000004 33.57039263099432
      vertex 53.62669334560633 -21.300000000000004 35.13836383074522
    endloop
  endfacet
  facet normal 0.995184727075459 0 0.0980171362351728
    outer loop
      vertex 53.47273828089237 -14.492152780275045 36.70149590075016
      vertex 53.47273828089237 -21.300000000000004 36.70149590075016
      vertex 53.62669334560633 -21.300000000000004 35.13836383074522
    endloop
  endfacet
  facet normal 0.990569340251942 0 0.13701234306744958
    outer loop
      vertex 53.25753362476826 -16.295412566138253 38.25737860053778
      vertex 53.25753362476826 -21.300000000000004 38.25737860053778
      vertex 53.47273828089237 -21.300000000000004 36.70149590075016
    endloop
  endfacet
  facet normal 0.9844265682772356 -6.080598456704632e-16 0.17579627888526345
    outer loop
      vertex 53.094842020424785 -16.57433458417654 39.16842142105103
      vertex 52.98141121864319 -21.300000000000004 39.803612880408764
      vertex 53.25753362476826 -21.300000000000004 38.25737860053778
    endloop
  endfacet
  facet normal 0 -1 0
    outer loop
      vertex 52.197237089276314 -21.300000000000004 34.014934316277504
      vertex 53.62669334560633 -21.300000000000004 35.13836383074522
      vertex 52.03909297287464 -21.300000000000004 36.024345837533474
    endloop
  endfacet
  facet normal 0 -1 0
    outer loop
      vertex 52.03909297287464 -21.300000000000004 36.024345837533474
      vertex 53.62669334560633 -21.300000000000004 35.13836383074522
      vertex 53.47273828089237 -21.300000000000004 36.70149590075016
    endloop
  endfacet
  facet normal 0 -1 0
    outer loop
      vertex 52.03909297287464 -21.300000000000004 36.024345837533474
      vertex 53.47273828089237 -21.300000000000004 36.70149590075016
      vertex 53.25753362476826 -21.300000000000004 38.25737860053778
    endloop
  endfacet
  facet normal 0 -1 0
    outer loop
      vertex 52.03909297287464 -21.300000000000004 36.024345837533474
      vertex 53.25753362476826 -21.300000000000004 38.25737860053778
      vertex 51.77600111067295 -21.300000000000004 38.02272690087557
    endloop
  endfacet
  facet normal 0 -1 0
    outer loop
      vertex 51.77600111067295 -21.300000000000004 38.02272690087557
      vertex 52.98141121864319 -21.300000000000004 39.803612880408764
      vertex 51.40868262946606 -21.300000000000004 40.00460009276867
    endloop
  endfacet
  facet normal 0 -1 0
    outer loop
      vertex 51.77600111067295 -21.300000000000004 38.02272690087557
      vertex 53.25753362476826 -21.300000000000004 38.25737860053778
      vertex 52.98141121864319 -21.300000000000004 39.803612880408764
    endloop
  endfacet
  facet normal 0 1 0
    outer loop
      vertex -20.355606570839882 3.7 52.899942591786385
      vertex 45.162677235901356 3.7 56.76375797390938
      vertex 46.110679775476456 3.7 55.51141009479761
    endloop
  endfacet
  facet normal 0 1 0
    outer loop
      vertex -19.508784495294094 3.7 54.222809322178364
      vertex 44.166238620877266 3.7 57.977921932935715
      vertex 45.162677235901356 3.7 56.76375797390938
    endloop
  endfacet
  facet normal 0 1 0
    outer loop
      vertex -17.662677235901356 3.7 56.76375797390938
      vertex 42.034271247684956 3.7 60.284271247684956
      vertex 43.12290037423372 3.7 59.15202981978655
    endloop
  endfacet
  facet normal 0 1 0
    outer loop
      vertex -18.610679775476456 3.7 55.51141009479761
      vertex 43.12290037423372 3.7 59.15202981978655
      vertex 44.166238620877266 3.7 57.977921932935715
    endloop
  endfacet
  facet normal 0 1 0
    outer loop
      vertex -25.48141121864319 3.7 39.803612880408764
      vertex 51.79226065427065 3.7 44.360679775476456
      vertex 52.248209461569786 3.7 42.85761799663305
    endloop
  endfacet
  facet normal 0 1 0
    outer loop
      vertex -25.144796818494797 3.7 41.337814554572105
      vertex 51.27765343338251 3.7 45.84468228369951
      vertex 51.79226065427065 3.7 44.360679775476456
    endloop
  endfacet
  facet normal 0 1 0
    outer loop
      vertex -25.757533624768257 3.7 38.25737860053778
      vertex 52.248209461569786 3.7 42.85761799663305
      vertex 52.6447968184948 3.7 41.337814554572105
    endloop
  endfacet
  facet normal 0 1 0
    outer loop
      vertex -24.748209461569786 3.7 42.85761799663305
      vertex 50.705181300640106 3.7 47.307337291538715
      vertex 51.27765343338251 3.7 45.84468228369951
    endloop
  endfacet
  facet normal 0 1 0
    outer loop
      vertex -24.29226065427065 3.7 44.360679775476456
      vertex 50.075726956129074 3.7 48.746389500796795
      vertex 50.705181300640106 3.7 47.307337291538715
    endloop
  endfacet
  facet normal 0 1 0
    outer loop
      vertex -23.77765343338251 3.7 45.84468228369951
      vertex 49.390260964632034 3.7 50.159619987010956
      vertex 50.075726956129074 3.7 48.746389500796795
    endloop
  endfacet
  facet normal 0 1 0
    outer loop
      vertex -23.205181300640106 3.7 47.307337291538715
      vertex 48.64984028041363 3.7 51.544849656522274
      vertex 49.390260964632034 3.7 50.159619987010956
    endloop
  endfacet
  facet normal 0 1 0
    outer loop
      vertex -22.575726956129074 3.7 48.746389500796795
      vertex 47.85560657083988 3.7 52.899942591786385
      vertex 48.64984028041363 3.7 51.544849656522274
    endloop
  endfacet
  facet normal 0 1 0
    outer loop
      vertex -21.890260964632034 3.7 50.159619987010956
      vertex 47.008784495294094 3.7 54.222809322178364
      vertex 47.85560657083988 3.7 52.899942591786385
    endloop
  endfacet
  facet normal 0 1 0
    outer loop
      vertex -21.149840280413628 3.7 51.544849656522274
      vertex 46.110679775476456 3.7 55.51141009479761
      vertex 47.008784495294094 3.7 54.222809322178364
    endloop
  endfacet
  facet normal 0 1 0
    outer loop
      vertex -4.409619987010956 3.7 67.64026096463203
      vertex 27.594682283699512 3.7 69.52765343338251
      vertex 29.057337291538715 3.7 68.9551813006401
    endloop
  endfacet
  facet normal 0 1 0
    outer loop
      vertex -7.149942591786385 3.7 66.10560657083988
      vertex 30.496389500796795 3.7 68.32572695612907
      vertex 31.909619987010956 3.7 67.64026096463203
    endloop
  endfacet
  facet normal 0 1 0
    outer loop
      vertex -5.794849656522274 3.7 66.89984028041363
      vertex 29.057337291538715 3.7 68.9551813006401
      vertex 30.496389500796795 3.7 68.32572695612907
    endloop
  endfacet
  facet normal 0 1 0
    outer loop
      vertex -14.534271247684956 3.7 60.284271247684956
      vertex 38.51375797390938 3.7 63.412677235901356
      vertex 39.727921932935715 3.7 62.416238620877266
    endloop
  endfacet
  facet normal 0 1 0
    outer loop
      vertex -12.227921932935715 3.7 62.416238620877266
      vertex 35.972809322178364 3.7 65.2587844952941
      vertex 37.26141009479761 3.7 64.36067977547646
    endloop
  endfacet
  facet normal 0 1 0
    outer loop
      vertex -13.402029819786549 3.7 61.37290037423372
      vertex 37.26141009479761 3.7 64.36067977547646
      vertex 38.51375797390938 3.7 63.412677235901356
    endloop
  endfacet
  facet normal 0 1 0
    outer loop
      vertex -16.666238620877266 3.7 57.977921932935715
      vertex 40.90202981978655 3.7 61.37290037423372
      vertex 42.034271247684956 3.7 60.284271247684956
    endloop
  endfacet
  facet normal 0 1 0
    outer loop
      vertex -15.622900374233723 3.7 59.15202981978655
      vertex 39.727921932935715 3.7 62.416238620877266
      vertex 40.90202981978655 3.7 61.37290037423372
    endloop
  endfacet
  facet normal 0 1 0
    outer loop
      vertex -11.013757973909378 3.7 63.412677235901356
      vertex 34.649942591786385 3.7 66.10560657083988
      vertex 35.972809322178364 3.7 65.2587844952941
    endloop
  endfacet
  facet normal 0 1 0
    outer loop
      vertex -8.472809322178364 3.7 65.2587844952941
      vertex 31.909619987010956 3.7 67.64026096463203
      vertex 33.294849656522274 3.7 66.89984028041363
    endloop
  endfacet
  facet normal 0 1 0
    outer loop
      vertex -9.761410094797611 3.7 64.36067977547646
      vertex 33.294849656522274 3.7 66.89984028041363
      vertex 34.649942591786385 3.7 66.10560657083988
    endloop
  endfacet
  facet normal 0 1 0
    outer loop
      vertex 4.412185445427895 3.7 70.8947968184948
      vertex 18.45149590075016 3.7 71.72273828089237
      vertex 20.007378600537777 3.7 71.50753362476826
    endloop
  endfacet
  facet normal 0 1 0
    outer loop
      vertex 2.892382003366947 3.7 70.49820946156979
      vertex 20.007378600537777 3.7 71.50753362476826
      vertex 21.553612880408764 3.7 71.23141121864319
    endloop
  endfacet
  facet normal 0 1 0
    outer loop
      vertex -0.09468228369951248 3.7 69.52765343338251
      vertex 23.087814554572105 3.7 70.8947968184948
      vertex 24.607617996633053 3.7 70.49820946156979
    endloop
  endfacet
  facet normal 0 1 0
    outer loop
      vertex 1.3893202245235443 3.7 70.04226065427065
      vertex 21.553612880408764 3.7 71.23141121864319
      vertex 23.087814554572105 3.7 70.8947968184948
    endloop
  endfacet
  facet normal 0 1 0
    outer loop
      vertex 5.946387119591236 3.7 71.23141121864319
      vertex 16.88836383074522 3.7 71.87669334560633
      vertex 18.45149590075016 3.7 71.72273828089237
    endloop
  endfacet
  facet normal 0 1 0
    outer loop
      vertex -1.5573372915387154 3.7 68.9551813006401
      vertex 24.607617996633053 3.7 70.49820946156979
      vertex 26.110679775476456 3.7 70.04226065427065
    endloop
  endfacet
  facet normal 0 1 0
    outer loop
      vertex -2.996389500796795 3.7 68.32572695612907
      vertex 26.110679775476456 3.7 70.04226065427065
      vertex 27.594682283699512 3.7 69.52765343338251
    endloop
  endfacet
  facet normal 0.019633691667419618 0 0.9998072404976416
    outer loop
      vertex 13.75 3.7 72
      vertex 15.32039263099432 -6.8000000000000025 71.96916145086288
      vertex 15.32039263099432 3.7 71.96916145086288
    endloop
  endfacet
  facet normal 0.058870806756077664 0 0.998265610001611
    outer loop
      vertex 15.32039263099432 3.7 71.96916145086288
      vertex 16.88836383074522 -6.8000000000000025 71.87669334560633
      vertex 16.88836383074522 3.7 71.87669334560633
    endloop
  endfacet
  facet normal 0.019633691667419618 0 0.9998072404976416
    outer loop
      vertex 13.75 3.7 72
      vertex 13.75 -6.8000000000000025 72
      vertex 15.32039263099432 -6.8000000000000025 71.96916145086288
    endloop
  endfacet
  facet normal 0.058870806756077664 0 0.998265610001611
    outer loop
      vertex 15.32039263099432 3.7 71.96916145086288
      vertex 15.32039263099432 -6.8000000000000025 71.96916145086288
      vertex 16.88836383074522 -6.8000000000000025 71.87669334560633
    endloop
  endfacet
  facet normal 0.09801713623516424 0 0.9951847270754597
    outer loop
      vertex 16.88836383074522 3.7 71.87669334560633
      vertex 16.88836383074522 -6.8000000000000025 71.87669334560633
      vertex 17.366230454814946 -6.8000000000000025 71.82962759316926
    endloop
  endfacet
  facet normal 0.09801713623517277 0 0.9951847270754589
    outer loop
      vertex 16.88836383074522 3.7 71.87669334560633
      vertex 18.45149590075016 -21.300000000000004 71.72273828089237
      vertex 18.45149590075016 3.7 71.72273828089237
    endloop
  endfacet
  facet normal 0.13701234306744958 0 0.990569340251942
    outer loop
      vertex 18.45149590075016 3.7 71.72273828089237
      vertex 20.007378600537777 -21.300000000000004 71.50753362476826
      vertex 20.007378600537777 3.7 71.50753362476826
    endloop
  endfacet
  facet normal 0.17579627888526342 0 0.9844265682772355
    outer loop
      vertex 20.007378600537777 3.7 71.50753362476826
      vertex 21.553612880408764 -21.300000000000004 71.23141121864319
      vertex 21.553612880408764 3.7 71.23141121864319
    endloop
  endfacet
  facet normal 0.21430915294398042 0 0.976765881347436
    outer loop
      vertex 21.553612880408764 3.7 71.23141121864319
      vertex 23.087814554572105 -21.300000000000004 70.8947968184948
      vertex 23.087814554572105 3.7 70.8947968184948
    endloop
  endfacet
  facet normal 0.09801713623519558 1.4418836061758037e-15 0.9951847270754565
    outer loop
      vertex 16.88836383074522 3.7 71.87669334560633
      vertex 17.366230454814946 -6.8000000000000025 71.82962759316926
      vertex 18.45149590075016 -21.300000000000004 71.72273828089237
    endloop
  endfacet
  facet normal 0.4007488309807401 0 0.916187958045493
    outer loop
      vertex 29.057337291538715 3.7 68.9551813006401
      vertex 30.496389500796795 -21.300000000000004 68.32572695612907
      vertex 30.496389500796795 3.7 68.32572695612907
    endloop
  endfacet
  facet normal 0.4364092442481012 0 0.8997482823183388
    outer loop
      vertex 30.496389500796795 3.7 68.32572695612907
      vertex 31.909619987010956 -21.300000000000004 67.64026096463203
      vertex 31.909619987010956 3.7 67.64026096463203
    endloop
  endfacet
  facet normal 0.47139673683351074 -2.827341386434588e-18 0.8819212643443392
    outer loop
      vertex 31.909619987010956 3.7 67.64026096463203
      vertex 33.294849656522274 -21.300000000000004 66.89984028041363
      vertex 33.294849656522274 3.7 66.89984028041363
    endloop
  endfacet
  facet normal 0.2524915762532251 0 0.9675990925590835
    outer loop
      vertex 23.087814554572105 3.7 70.8947968184948
      vertex 24.607617996633053 -21.300000000000004 70.49820946156979
      vertex 24.607617996633053 3.7 70.49820946156979
    endloop
  endfacet
  facet normal 0.29028467808819225 -1.4136706935082383e-18 0.9569403354792997
    outer loop
      vertex 24.607617996633053 3.7 70.49820946156979
      vertex 26.110679775476456 -21.300000000000004 70.04226065427065
      vertex 26.110679775476456 3.7 70.04226065427065
    endloop
  endfacet
  facet normal 0.3276301829371309 0 0.9448060452963782
    outer loop
      vertex 26.110679775476456 3.7 70.04226065427065
      vertex 27.594682283699512 -21.300000000000004 69.52765343338251
      vertex 27.594682283699512 3.7 69.52765343338251
    endloop
  endfacet
  facet normal 0.3644704986252671 0 0.9312149352495637
    outer loop
      vertex 29.057337291538715 3.7 68.9551813006401
      vertex 27.594682283699512 3.7 69.52765343338251
      vertex 29.057337291538715 -21.300000000000004 68.9551813006401
    endloop
  endfacet
  facet normal 0.976765881347436 0 0.21430915294398042
    outer loop
      vertex 52.98141121864319 3.7 39.803612880408764
      vertex 52.6447968184948 3.7 41.337814554572105
      vertex 52.98141121864319 -2.2000000029802322 39.803612880408764
    endloop
  endfacet
  facet normal 0.9675990925590836 0 0.2524915762532251
    outer loop
      vertex 52.6447968184948 3.7 41.337814554572105
      vertex 52.248209461569786 3.7 42.85761799663305
      vertex 52.6447968184948 -2.2000000029802322 41.337814554572105
    endloop
  endfacet
  facet normal 0.9569403354792997 0 0.29028467808819225
    outer loop
      vertex 52.248209461569786 3.7 42.85761799663305
      vertex 51.79226065427065 3.7 44.360679775476456
      vertex 52.248209461569786 -2.2000000029802322 42.85761799663305
    endloop
  endfacet
  facet normal 0.9312149352495637 0 0.3644704986252671
    outer loop
      vertex 50.705181300640106 3.7 47.307337291538715
      vertex 51.27765343338251 -2.2000000029802322 45.84468228369951
      vertex 51.27765343338251 3.7 45.84468228369951
    endloop
  endfacet
  facet normal 0.9161879580454931 0 0.4007488309807402
    outer loop
      vertex 50.705181300640106 3.7 47.307337291538715
      vertex 50.075726956129074 3.7 48.746389500796795
      vertex 50.705181300640106 -2.2000000029802322 47.307337291538715
    endloop
  endfacet
  facet normal 0.9448060452963783 0 0.327630182937131
    outer loop
      vertex 51.79226065427065 3.7 44.360679775476456
      vertex 51.27765343338251 3.7 45.84468228369951
      vertex 51.79226065427065 -2.2000000029802322 44.360679775476456
    endloop
  endfacet
  facet normal 0.9844265682772335 -7.342164906256718e-16 0.17579627888527444
    outer loop
      vertex 53.094842020424785 -2.225665420293808 39.16842142105103
      vertex 52.98141121864319 3.7 39.803612880408764
      vertex 53.0249149593044 -2.2000000029802322 39.55999999850989
    endloop
  endfacet
  facet normal 0.9844265682772366 0 0.17579627888525717
    outer loop
      vertex 52.98141121864319 3.7 39.803612880408764
      vertex 52.98141121864319 -2.2000000029802322 39.803612880408764
      vertex 53.0249149593044 -2.2000000029802322 39.55999999850989
    endloop
  endfacet
  facet normal 0.976765881347436 0 0.21430915294398042
    outer loop
      vertex 52.6447968184948 3.7 41.337814554572105
      vertex 52.6447968184948 -2.2000000029802322 41.337814554572105
      vertex 52.98141121864319 -2.2000000029802322 39.803612880408764
    endloop
  endfacet
  facet normal 0.9675990925590836 0 0.2524915762532251
    outer loop
      vertex 52.248209461569786 3.7 42.85761799663305
      vertex 52.248209461569786 -2.2000000029802322 42.85761799663305
      vertex 52.6447968184948 -2.2000000029802322 41.337814554572105
    endloop
  endfacet
  facet normal 0.9569403354792997 0 0.29028467808819225
    outer loop
      vertex 51.79226065427065 3.7 44.360679775476456
      vertex 51.79226065427065 -2.2000000029802322 44.360679775476456
      vertex 52.248209461569786 -2.2000000029802322 42.85761799663305
    endloop
  endfacet
  facet normal 0.9312149352495637 0 0.3644704986252671
    outer loop
      vertex 50.705181300640106 3.7 47.307337291538715
      vertex 50.705181300640106 -2.2000000029802322 47.307337291538715
      vertex 51.27765343338251 -2.2000000029802322 45.84468228369951
    endloop
  endfacet
  facet normal 0.8997482823183393 0 0.43640924424810046
    outer loop
      vertex 50.075726956129074 3.7 48.746389500796795
      vertex 49.68109753654918 -2.2000000029802322 49.55999999850989
      vertex 50.075726956129074 -2.2000000029802322 48.746389500796795
    endloop
  endfacet
  facet normal 0.9161879580454931 0 0.4007488309807402
    outer loop
      vertex 50.075726956129074 3.7 48.746389500796795
      vertex 50.075726956129074 -2.2000000029802322 48.746389500796795
      vertex 50.705181300640106 -2.2000000029802322 47.307337291538715
    endloop
  endfacet
  facet normal 0.9448060452963783 0 0.327630182937131
    outer loop
      vertex 51.27765343338251 3.7 45.84468228369951
      vertex 51.27765343338251 -2.2000000029802322 45.84468228369951
      vertex 51.79226065427065 -2.2000000029802322 44.360679775476456
    endloop
  endfacet
  facet normal 0.8627343868073286 0 0.5056573719626588
    outer loop
      vertex 48.64984028041363 3.7 51.544849656522274
      vertex 47.85560657083988 3.7 52.899942591786385
      vertex 48.64984028041363 -2.9589980766991677 51.544849656522274
    endloop
  endfacet
  facet normal 0.8997482823183387 1.2951771626784906e-16 0.43640924424810124
    outer loop
      vertex 50.075726956129074 3.7 48.746389500796795
      vertex 49.390260964632034 3.7 50.159619987010956
      vertex 49.68109753654918 -2.2000000029802322 49.55999999850989
    endloop
  endfacet
  facet normal 0.8819212643443393 -1.1845646524764343e-17 0.4713967368335108
    outer loop
      vertex 48.64984028041363 3.7 51.544849656522274
      vertex 49.390260964632034 -2.267047430724421 50.159619987010956
      vertex 49.390260964632034 3.7 50.159619987010956
    endloop
  endfacet
  facet normal 0.8819212643443464 0 0.4713967368334972
    outer loop
      vertex 48.64984028041363 3.7 51.544849656522274
      vertex 48.64984028041363 -2.9589980766991677 51.544849656522274
      vertex 48.73459523573618 -2.8199399784207344 51.386284287869934
    endloop
  endfacet
  facet normal 0.8627343868073306 9.831136249738755e-16 0.5056573719626554
    outer loop
      vertex 47.85560657083988 3.7 52.899942591786385
      vertex 48.56985342728896 -3.078679658472538 51.68132034301758
      vertex 48.64984028041363 -2.9589980766991677 51.544849656522274
    endloop
  endfacet
  facet normal 0.8627343868073309 1.0219459214844831e-15 0.505657371962655
    outer loop
      vertex 47.85560657083988 3.7 52.899942591786385
      vertex 48.41820347727176 -3.373715713620186 51.940060023069385
      vertex 48.56985342728896 -3.078679658472538 51.68132034301758
    endloop
  endfacet
  facet normal 0.8627343868073226 -1.3577229887351684e-15 0.5056573719626691
    outer loop
      vertex 47.85560657083988 3.7 52.899942591786385
      vertex 48.18869530690657 -4.051949702203274 52.33163859307766
      vertex 48.290421980706114 -3.7000000029802322 52.158076207935814
    endloop
  endfacet
  facet normal 0.862734386807325 -8.088869334181106e-16 0.505657371962665
    outer loop
      vertex 47.85560657083988 3.7 52.899942591786385
      vertex 48.290421980706114 -3.7000000029802322 52.158076207935814
      vertex 48.41820347727176 -3.373715713620186 51.940060023069385
    endloop
  endfacet
  facet normal 0.8627343868073424 1.9912162500673473e-15 0.5056573719626352
    outer loop
      vertex 47.85560657083988 3.7 52.899942591786385
      vertex 48.11476402983253 -4.423542864620686 52.45777747392655
      vertex 48.18869530690657 -4.051949702203274 52.33163859307766
    endloop
  endfacet
  facet normal 0.8627343868073158 -1.3207171590531841e-15 0.5056573719626806
    outer loop
      vertex 47.85560657083988 3.7 52.899942591786385
      vertex 48.06989313299677 -4.808421425521374 52.53433458119631
      vertex 48.11476402983253 -4.423542864620686 52.45777747392655
    endloop
  endfacet
  facet normal 0.8627343868073295 -1.898245853612739e-17 0.5056573719626575
    outer loop
      vertex 47.85560657083988 3.7 52.899942591786385
      vertex 48.054850371670035 -5.200000002980232 52.55999999850989
      vertex 48.06989313299677 -4.808421425521374 52.53433458119631
    endloop
  endfacet
  facet normal 0.8997482823183396 3.368331566089203e-16 0.4364092442480996
    outer loop
      vertex 49.390260964632034 3.7 50.159619987010956
      vertex 49.491168292547464 -2.225665420293808 49.951578575968746
      vertex 49.68109753654918 -2.2000000029802322 49.55999999850989
    endloop
  endfacet
  facet normal 0.8997482823183359 0 0.4364092442481074
    outer loop
      vertex 49.390260964632034 3.7 50.159619987010956
      vertex 49.390260964632034 -2.267047430724421 50.159619987010956
      vertex 49.491168292547464 -2.225665420293808 49.951578575968746
    endloop
  endfacet
  facet normal 0.8819212643443359 -1.4376218420863542e-15 0.4713967368335169
    outer loop
      vertex 48.64984028041363 3.7 51.544849656522274
      vertex 49.09711885542159 -2.4283614084124565 50.708050299286846
      vertex 49.29573953878094 -2.302222527563572 50.336457136869434
    endloop
  endfacet
  facet normal 0.881921264344341 1.0928359456472503e-15 0.47139673683350714
    outer loop
      vertex 48.64984028041363 3.7 51.544849656522274
      vertex 49.29573953878094 -2.302222527563572 50.336457136869434
      vertex 49.390260964632034 -2.267047430724421 50.159619987010956
    endloop
  endfacet
  facet normal 0.8819212643443409 2.2122976225417309e-16 0.47139673683350747
    outer loop
      vertex 48.64984028041363 3.7 51.544849656522274
      vertex 48.90899782188849 -2.601923793554306 51.05999999850989
      vertex 49.09711885542159 -2.4283614084124565 50.708050299286846
    endloop
  endfacet
  facet normal 0.8819212643443368 -5.674750377701756e-16 0.47139673683351535
    outer loop
      vertex 48.64984028041363 3.7 51.544849656522274
      vertex 48.73459523573618 -2.8199399784207344 51.386284287869934
      vertex 48.90899782188849 -2.601923793554306 51.05999999850989
    endloop
  endfacet
  facet normal 0.8422172352753996 -1.4136706969141574e-18 0.5391383204754253
    outer loop
      vertex 47.008784495294094 3.7 54.222809322178364
      vertex 47.85560657083988 -21.300000000000004 52.899942591786385
      vertex 47.85560657083988 3.7 52.899942591786385
    endloop
  endfacet
  facet normal 0.7973206534647818 0 0.6035559423603526
    outer loop
      vertex 46.110679775476456 3.7 55.51141009479761
      vertex 45.162677235901356 3.7 56.76375797390938
      vertex 46.110679775476456 -21.300000000000004 55.51141009479761
    endloop
  endfacet
  facet normal 0.7730104517196759 0 0.6343932861657213
    outer loop
      vertex 45.162677235901356 3.7 56.76375797390938
      vertex 44.166238620877266 3.7 57.977921932935715
      vertex 45.162677235901356 -21.300000000000004 56.76375797390938
    endloop
  endfacet
  facet normal 0.7475083264867453 -1.4136706932282776e-18 0.6642524383342414
    outer loop
      vertex 43.12290037423372 3.7 59.15202981978655
      vertex 44.166238620877266 -21.300000000000004 57.977921932935715
      vertex 44.166238620877266 3.7 57.977921932935715
    endloop
  endfacet
  facet normal 0.8204014430698211 0 0.5717879608814401
    outer loop
      vertex 47.008784495294094 3.7 54.222809322178364
      vertex 46.110679775476456 3.7 55.51141009479761
      vertex 47.008784495294094 -21.300000000000004 54.222809322178364
    endloop
  endfacet
  facet normal 0.8627343868073294 0 0.5056573719626575
    outer loop
      vertex 47.85560657083988 3.7 52.899942591786385
      vertex 47.85560657083988 -21.300000000000004 52.899942591786385
      vertex 48.054850371670035 -5.200000002980232 52.55999999850989
    endloop
  endfacet
  facet normal 0.6035559423603526 0 0.7973206534647818
    outer loop
      vertex 38.51375797390938 3.7 63.412677235901356
      vertex 37.26141009479761 3.7 64.36067977547646
      vertex 38.51375797390938 -21.300000000000004 63.412677235901356
    endloop
  endfacet
  facet normal 0.5056573719626588 0 0.8627343868073287
    outer loop
      vertex 33.294849656522274 3.7 66.89984028041363
      vertex 34.649942591786385 -21.300000000000004 66.10560657083988
      vertex 34.649942591786385 3.7 66.10560657083988
    endloop
  endfacet
  facet normal 0.5391383204754253 -1.4136706969141574e-18 0.8422172352753996
    outer loop
      vertex 34.649942591786385 3.7 66.10560657083988
      vertex 35.972809322178364 -21.300000000000004 65.2587844952941
      vertex 35.972809322178364 3.7 65.2587844952941
    endloop
  endfacet
  facet normal 0.5717879608814401 0 0.8204014430698211
    outer loop
      vertex 35.972809322178364 3.7 65.2587844952941
      vertex 37.26141009479761 -21.300000000000004 64.36067977547646
      vertex 37.26141009479761 3.7 64.36067977547646
    endloop
  endfacet
  facet normal 0.6343932861657213 0 0.7730104517196759
    outer loop
      vertex 38.51375797390938 3.7 63.412677235901356
      vertex 39.727921932935715 -21.300000000000004 62.416238620877266
      vertex 39.727921932935715 3.7 62.416238620877266
    endloop
  endfacet
  facet normal 0.6642524383342414 0 0.7475083264867453
    outer loop
      vertex 40.90202981978655 3.7 61.37290037423372
      vertex 39.727921932935715 3.7 62.416238620877266
      vertex 40.90202981978655 -21.300000000000004 61.37290037423372
    endloop
  endfacet
  facet normal 0.6930873608573016 0 0.720853598326221
    outer loop
      vertex 40.90202981978655 3.7 61.37290037423372
      vertex 42.034271247684956 -21.300000000000004 60.284271247684956
      vertex 42.034271247684956 3.7 60.284271247684956
    endloop
  endfacet
  facet normal 0.720853598326221 0 0.6930873608573016
    outer loop
      vertex 43.12290037423372 3.7 59.15202981978655
      vertex 42.034271247684956 3.7 60.284271247684956
      vertex 43.12290037423372 -21.300000000000004 59.15202981978655
    endloop
  endfacet
  facet normal 0 -1 0
    outer loop
      vertex -16.442140445113182 -21.300000000000004 51.60700526088476
      vertex 42.87461179494858 -21.300000000000004 53.16026908159256
      vertex 19.75 -21.300000000000004 53.5
    endloop
  endfacet
  facet normal 0 -1 0
    outer loop
      vertex 0.97 -21.300000000000004 51.81
      vertex 26.529999999999998 -21.300000000000004 51.81
      vertex 42.87461179494858 -21.300000000000004 53.16026908159256
    endloop
  endfacet
  facet normal 0 -1 0
    outer loop
      vertex 28.029999999999998 -21.300000000000004 21.69
      vertex 43.94214044511318 -21.300000000000004 51.60700526088476
      vertex 28.029999999999998 -21.300000000000004 50.31
    endloop
  endfacet
  facet normal 0 -1 0
    outer loop
      vertex 27.72003001043685 -21.300000000000004 51.22314214351308
      vertex 27.829038105676656 -21.300000000000004 51.06
      vertex 42.87461179494858 -21.300000000000004 53.16026908159256
    endloop
  endfacet
  facet normal 0 -1 0
    outer loop
      vertex 27.915819298766927 -21.300000000000004 50.884025148547636
      vertex 27.9788887394336 -21.300000000000004 50.698228567653786
      vertex 42.87461179494858 -21.300000000000004 53.16026908159256
    endloop
  endfacet
  facet normal 0 -1 0
    outer loop
      vertex 27.915819298766927 -21.300000000000004 50.884025148547636
      vertex 42.87461179494858 -21.300000000000004 53.16026908159256
      vertex 27.829038105676656 -21.300000000000004 51.06
    endloop
  endfacet
  facet normal 0 -1 0
    outer loop
      vertex 28.029999999999998 -21.300000000000004 50.31
      vertex 43.94214044511318 -21.300000000000004 51.60700526088476
      vertex 28.017167292060712 -21.300000000000004 50.50578928833008
    endloop
  endfacet
  facet normal 0 -1 0
    outer loop
      vertex 28.017167292060712 -21.300000000000004 50.50578928833008
      vertex 43.94214044511318 -21.300000000000004 51.60700526088476
      vertex 27.9788887394336 -21.300000000000004 50.698228567653786
    endloop
  endfacet
  facet normal 0 -1 0
    outer loop
      vertex 26.529999999999998 -21.300000000000004 51.81
      vertex 26.725789288330073 -21.300000000000004 51.79716729206072
      vertex 42.87461179494858 -21.300000000000004 53.16026908159256
    endloop
  endfacet
  facet normal 0 -1 0
    outer loop
      vertex 26.725789288330073 -21.300000000000004 51.79716729206072
      vertex 26.918228567653777 -21.300000000000004 51.75888873943361
      vertex 42.87461179494858 -21.300000000000004 53.16026908159256
    endloop
  endfacet
  facet normal 0 -1 0
    outer loop
      vertex 26.918228567653777 -21.300000000000004 51.75888873943361
      vertex 27.10402514854763 -21.300000000000004 51.695819298766935
      vertex 42.87461179494858 -21.300000000000004 53.16026908159256
    endloop
  endfacet
  facet normal 0 -1 0
    outer loop
      vertex 27.10402514854763 -21.300000000000004 51.695819298766935
      vertex 27.279999999999998 -21.300000000000004 51.60903810567666
      vertex 42.87461179494858 -21.300000000000004 53.16026908159256
    endloop
  endfacet
  facet normal 0 -1 0
    outer loop
      vertex 27.44314214351308 -21.300000000000004 51.50003001043685
      vertex 42.87461179494858 -21.300000000000004 53.16026908159256
      vertex 27.279999999999998 -21.300000000000004 51.60903810567666
    endloop
  endfacet
  facet normal 0 -1 0
    outer loop
      vertex 27.44314214351308 -21.300000000000004 51.50003001043685
      vertex 27.59066017177982 -21.300000000000004 51.370660171779825
      vertex 42.87461179494858 -21.300000000000004 53.16026908159256
    endloop
  endfacet
  facet normal 0 -1 0
    outer loop
      vertex 27.72003001043685 -21.300000000000004 51.22314214351308
      vertex 42.87461179494858 -21.300000000000004 53.16026908159256
      vertex 27.59066017177982 -21.300000000000004 51.370660171779825
    endloop
  endfacet
  facet normal 0 -1 0
    outer loop
      vertex 19.75 -21.300000000000004 53.5
      vertex 34.91026908159256 -21.300000000000004 61.12461179494858
      vertex 34.55797506868839 -21.300000000000004 61.36673675477505
    endloop
  endfacet
  facet normal 0 -1 0
    outer loop
      vertex 19.75 -21.300000000000004 53.5
      vertex 36.40553408116102 -21.300000000000004 59.97725461423397
      vertex 34.91026908159256 -21.300000000000004 61.12461179494858
    endloop
  endfacet
  facet normal 0 -1 0
    outer loop
      vertex 19.75 -21.300000000000004 53.5
      vertex 39.20584411919117 -21.300000000000004 57.45584411919117
      vertex 37.83870182931423 -21.300000000000004 58.753213718533516
    endloop
  endfacet
  facet normal 0 -1 0
    outer loop
      vertex 19.75 -21.300000000000004 53.5
      vertex 40.503213718533516 -21.300000000000004 56.08870182931423
      vertex 39.20584411919117 -21.300000000000004 57.45584411919117
    endloop
  endfacet
  facet normal 0 -1 0
    outer loop
      vertex 19.75 -21.300000000000004 53.5
      vertex 37.83870182931423 -21.300000000000004 58.753213718533516
      vertex 36.40553408116102 -21.300000000000004 59.97725461423397
    endloop
  endfacet
  facet normal 0.09801713623517655 0 0.9951847270754586
    outer loop
      vertex 17.366230454814946 -6.8000000000000025 71.82962759316926
      vertex 17.366230454814946 -10.800000000000002 71.82962759316926
      vertex 18.45149590075016 -21.300000000000004 71.72273828089237
    endloop
  endfacet
  facet normal 0.019633691667419618 0 0.9998072404976416
    outer loop
      vertex 13.75 -10.800000000000002 72
      vertex 15.32039263099432 -21.300000000000004 71.96916145086288
      vertex 15.32039263099432 -10.800000000000002 71.96916145086288
    endloop
  endfacet
  facet normal 0.058870806756077664 0 0.998265610001611
    outer loop
      vertex 15.32039263099432 -10.800000000000002 71.96916145086288
      vertex 16.88836383074522 -21.300000000000004 71.87669334560633
      vertex 16.88836383074522 -10.800000000000002 71.87669334560633
    endloop
  endfacet
  facet normal 0.09801713623516424 -1.2832816975784815e-15 0.9951847270754597
    outer loop
      vertex 16.88836383074522 -10.800000000000002 71.87669334560633
      vertex 18.45149590075016 -21.300000000000004 71.72273828089237
      vertex 17.366230454814946 -10.800000000000002 71.82962759316926
    endloop
  endfacet
  facet normal 0.17579627888526342 0 0.9844265682772355
    outer loop
      vertex 20.007378600537777 3.7 71.50753362476826
      vertex 20.007378600537777 -21.300000000000004 71.50753362476826
      vertex 21.553612880408764 -21.300000000000004 71.23141121864319
    endloop
  endfacet
  facet normal 0.13701234306744958 0 0.990569340251942
    outer loop
      vertex 18.45149590075016 3.7 71.72273828089237
      vertex 18.45149590075016 -21.300000000000004 71.72273828089237
      vertex 20.007378600537777 -21.300000000000004 71.50753362476826
    endloop
  endfacet
  facet normal 0.21430915294398042 0 0.976765881347436
    outer loop
      vertex 21.553612880408764 3.7 71.23141121864319
      vertex 21.553612880408764 -21.300000000000004 71.23141121864319
      vertex 23.087814554572105 -21.300000000000004 70.8947968184948
    endloop
  endfacet
  facet normal 0.2524915762532251 0 0.9675990925590835
    outer loop
      vertex 23.087814554572105 3.7 70.8947968184948
      vertex 23.087814554572105 -21.300000000000004 70.8947968184948
      vertex 24.607617996633053 -21.300000000000004 70.49820946156979
    endloop
  endfacet
  facet normal 0.4007488309807401 0 0.916187958045493
    outer loop
      vertex 29.057337291538715 3.7 68.9551813006401
      vertex 29.057337291538715 -21.300000000000004 68.9551813006401
      vertex 30.496389500796795 -21.300000000000004 68.32572695612907
    endloop
  endfacet
  facet normal 0.4364092442481012 0 0.8997482823183388
    outer loop
      vertex 30.496389500796795 3.7 68.32572695612907
      vertex 30.496389500796795 -21.300000000000004 68.32572695612907
      vertex 31.909619987010956 -21.300000000000004 67.64026096463203
    endloop
  endfacet
  facet normal 0.5056573719626588 0 0.8627343868073287
    outer loop
      vertex 33.294849656522274 3.7 66.89984028041363
      vertex 33.294849656522274 -21.300000000000004 66.89984028041363
      vertex 34.649942591786385 -21.300000000000004 66.10560657083988
    endloop
  endfacet
  facet normal 0.47139673683351074 0 0.8819212643443392
    outer loop
      vertex 31.909619987010956 3.7 67.64026096463203
      vertex 31.909619987010956 -21.300000000000004 67.64026096463203
      vertex 33.294849656522274 -21.300000000000004 66.89984028041363
    endloop
  endfacet
  facet normal 0.29028467808819225 0 0.9569403354792997
    outer loop
      vertex 24.607617996633053 3.7 70.49820946156979
      vertex 24.607617996633053 -21.300000000000004 70.49820946156979
      vertex 26.110679775476456 -21.300000000000004 70.04226065427065
    endloop
  endfacet
  facet normal 0.3276301829371309 0 0.9448060452963782
    outer loop
      vertex 26.110679775476456 3.7 70.04226065427065
      vertex 26.110679775476456 -21.300000000000004 70.04226065427065
      vertex 27.594682283699512 -21.300000000000004 69.52765343338251
    endloop
  endfacet
  facet normal 0.3644704986252671 0 0.9312149352495637
    outer loop
      vertex 27.594682283699512 3.7 69.52765343338251
      vertex 27.594682283699512 -21.300000000000004 69.52765343338251
      vertex 29.057337291538715 -21.300000000000004 68.9551813006401
    endloop
  endfacet
  facet normal 0 -1 0
    outer loop
      vertex -5.857005260884762 -21.300000000000004 62.19214044511318
      vertex 33.63657134026289 -21.300000000000004 62
      vertex 28.392519153654575 -21.300000000000004 64.88763647526503
    endloop
  endfacet
  facet normal 0 -1 0
    outer loop
      vertex -4.25 -21.300000000000004 63.176914535462856
      vertex 26.651246182620525 -21.300000000000004 65.60889535397291
      vertex 24.874611794948578 -21.300000000000004 66.23803458362818
    endloop
  endfacet
  facet normal 0 -1 0
    outer loop
      vertex -2.5936579927802086 -21.300000000000004 64.07623486965895
      vertex 24.874611794948578 -21.300000000000004 66.23803458362818
      vertex 23.067485623061657 -21.300000000000004 66.77332974970341
    endloop
  endfacet
  facet normal 0 -1 0
    outer loop
      vertex 0.8487538173794746 -21.300000000000004 65.60889535397291
      vertex 23.067485623061657 -21.300000000000004 66.77332974970341
      vertex 21.234820872545242 -21.300000000000004 67.21331362426281
    endloop
  endfacet
  facet normal 0 -1 0
    outer loop
      vertex 4.432514376938343 -21.300000000000004 66.77332974970341
      vertex 19.38164073973894 -21.300000000000004 67.55678026378155
      vertex 17.513024680316448 -21.300000000000004 67.80278823524714
    endloop
  endfacet
  facet normal 0 -1 0
    outer loop
      vertex 2.625388205051422 -21.300000000000004 66.23803458362818
      vertex 21.234820872545242 -21.300000000000004 67.21331362426281
      vertex 19.38164073973894 -21.300000000000004 67.55678026378155
    endloop
  endfacet
  facet normal 0 -1 0
    outer loop
      vertex -4.25 -21.300000000000004 63.176914535462856
      vertex 28.392519153654575 -21.300000000000004 64.88763647526503
      vertex 26.651246182620525 -21.300000000000004 65.60889535397291
    endloop
  endfacet
  facet normal 0.019633691667419618 0 0.9998072404976416
    outer loop
      vertex 13.75 -10.800000000000002 72
      vertex 13.75 -21.300000000000004 72
      vertex 15.32039263099432 -21.300000000000004 71.96916145086288
    endloop
  endfacet
  facet normal 0.058870806756077664 0 0.998265610001611
    outer loop
      vertex 15.32039263099432 -10.800000000000002 71.96916145086288
      vertex 15.32039263099432 -21.300000000000004 71.96916145086288
      vertex 16.88836383074522 -21.300000000000004 71.87669334560633
    endloop
  endfacet
  facet normal 0.09801713623517279 0 0.995184727075459
    outer loop
      vertex 16.88836383074522 -10.800000000000002 71.87669334560633
      vertex 16.88836383074522 -21.300000000000004 71.87669334560633
      vertex 18.45149590075016 -21.300000000000004 71.72273828089237
    endloop
  endfacet
  facet normal 0 -1 0
    outer loop
      vertex 4.412185445427895 -21.300000000000004 70.8947968184948
      vertex 20.007378600537777 -21.300000000000004 71.50753362476826
      vertex 18.45149590075016 -21.300000000000004 71.72273828089237
    endloop
  endfacet
  facet normal 0 -1 0
    outer loop
      vertex 2.892382003366947 -21.300000000000004 70.49820946156979
      vertex 21.553612880408764 -21.300000000000004 71.23141121864319
      vertex 20.007378600537777 -21.300000000000004 71.50753362476826
    endloop
  endfacet
  facet normal 0 -1 0
    outer loop
      vertex 1.3893202245235443 -21.300000000000004 70.04226065427065
      vertex 23.087814554572105 -21.300000000000004 70.8947968184948
      vertex 21.553612880408764 -21.300000000000004 71.23141121864319
    endloop
  endfacet
  facet normal 0 -1 0
    outer loop
      vertex 11.735065683722496 -21.300000000000004 70.44723708927631
      vertex 13.75 -21.300000000000004 70.5
      vertex 23.087814554572105 -21.300000000000004 70.8947968184948
    endloop
  endfacet
  facet normal 0 -1 0
    outer loop
      vertex 5.946387119591236 -21.300000000000004 71.23141121864319
      vertex 18.45149590075016 -21.300000000000004 71.72273828089237
      vertex 16.88836383074522 -21.300000000000004 71.87669334560633
    endloop
  endfacet
  facet normal 0 -1 0
    outer loop
      vertex 13.75 -21.300000000000004 70.5
      vertex 15.764934316277504 -21.300000000000004 70.44723708927631
      vertex 23.087814554572105 -21.300000000000004 70.8947968184948
    endloop
  endfacet
  facet normal 0 -1 0
    outer loop
      vertex 15.764934316277504 -21.300000000000004 70.44723708927631
      vertex 17.774345837533474 -21.300000000000004 70.28909297287464
      vertex 23.087814554572105 -21.300000000000004 70.8947968184948
    endloop
  endfacet
  facet normal 0 -1 0
    outer loop
      vertex 17.774345837533474 -21.300000000000004 70.28909297287464
      vertex 19.77272690087557 -21.300000000000004 70.02600111067295
      vertex 23.087814554572105 -21.300000000000004 70.8947968184948
    endloop
  endfacet
  facet normal 0 -1 0
    outer loop
      vertex 19.77272690087557 -21.300000000000004 70.02600111067295
      vertex 21.75460009276867 -21.300000000000004 69.65868262946606
      vertex 24.607617996633053 -21.300000000000004 70.49820946156979
    endloop
  endfacet
  facet normal 0 -1 0
    outer loop
      vertex 19.77272690087557 -21.300000000000004 70.02600111067295
      vertex 24.607617996633053 -21.300000000000004 70.49820946156979
      vertex 23.087814554572105 -21.300000000000004 70.8947968184948
    endloop
  endfacet
  facet normal 0 -1 0
    outer loop
      vertex 23.714533239603043 -21.300000000000004 69.18814431130886
      vertex 25.647154286503792 -21.300000000000004 68.61567587405443
      vertex 27.594682283699512 -21.300000000000004 69.52765343338251
    endloop
  endfacet
  facet normal 0 -1 0
    outer loop
      vertex 25.647154286503792 -21.300000000000004 68.61567587405443
      vertex 27.54716605693102 -21.300000000000004 67.94284641742706
      vertex 29.057337291538715 -21.300000000000004 68.9551813006401
    endloop
  endfacet
  facet normal 0 -1 0
    outer loop
      vertex 25.647154286503792 -21.300000000000004 68.61567587405443
      vertex 29.057337291538715 -21.300000000000004 68.9551813006401
      vertex 27.594682283699512 -21.300000000000004 69.52765343338251
    endloop
  endfacet
  facet normal 0 -1 0
    outer loop
      vertex 28.392519153654575 -21.300000000000004 64.88763647526503
      vertex 33.63657134026289 -21.300000000000004 62
      vertex 30.09365799278021 -21.300000000000004 64.07623486965895
    endloop
  endfacet
  facet normal 0 -1 0
    outer loop
      vertex 30.09365799278021 -21.300000000000004 64.07623486965895
      vertex 33.63657134026289 -21.300000000000004 62
      vertex 31.75 -21.300000000000004 63.176914535462856
    endloop
  endfacet
  facet normal 0 -1 0
    outer loop
      vertex 31.75 -21.300000000000004 63.176914535462856
      vertex 33.63657134026289 -21.300000000000004 62
      vertex 33.35700526088476 -21.300000000000004 62.19214044511318
    endloop
  endfacet
  facet normal 0 -1 0
    outer loop
      vertex 27.54716605693102 -21.300000000000004 67.94284641742706
      vertex 29.409360758960247 -21.300000000000004 67.17150011658669
      vertex 30.496389500796795 -21.300000000000004 68.32572695612907
    endloop
  endfacet
  facet normal 0 -1 0
    outer loop
      vertex 27.54716605693102 -21.300000000000004 67.94284641742706
      vertex 30.496389500796795 -21.300000000000004 68.32572695612907
      vertex 29.057337291538715 -21.300000000000004 68.9551813006401
    endloop
  endfacet
  facet normal 0 -1 0
    outer loop
      vertex 29.409360758960247 -21.300000000000004 67.17150011658669
      vertex 31.909619987010956 -21.300000000000004 67.64026096463203
      vertex 30.496389500796795 -21.300000000000004 68.32572695612907
    endloop
  endfacet
  facet normal 0 -1 0
    outer loop
      vertex 31.228634238243103 -21.300000000000004 66.3037511780858
      vertex 31.909619987010956 -21.300000000000004 67.64026096463203
      vertex 29.409360758960247 -21.300000000000004 67.17150011658669
    endloop
  endfacet
  facet normal 0 -1 0
    outer loop
      vertex 31.228634238243103 -21.300000000000004 66.3037511780858
      vertex 33 -21.300000000000004 65.3419780433178
      vertex 33.294849656522274 -21.300000000000004 66.89984028041363
    endloop
  endfacet
  facet normal 0 -1 0
    outer loop
      vertex 33 -21.300000000000004 65.3419780433178
      vertex 34.649942591786385 -21.300000000000004 66.10560657083988
      vertex 33.294849656522274 -21.300000000000004 66.89984028041363
    endloop
  endfacet
  facet normal 0 -1 0
    outer loop
      vertex 31.228634238243103 -21.300000000000004 66.3037511780858
      vertex 33.294849656522274 -21.300000000000004 66.89984028041363
      vertex 31.909619987010956 -21.300000000000004 67.64026096463203
    endloop
  endfacet
  facet normal 0 -1 0
    outer loop
      vertex 21.75460009276867 -21.300000000000004 69.65868262946606
      vertex 23.714533239603043 -21.300000000000004 69.18814431130886
      vertex 26.110679775476456 -21.300000000000004 70.04226065427065
    endloop
  endfacet
  facet normal 0 -1 0
    outer loop
      vertex 21.75460009276867 -21.300000000000004 69.65868262946606
      vertex 26.110679775476456 -21.300000000000004 70.04226065427065
      vertex 24.607617996633053 -21.300000000000004 70.49820946156979
    endloop
  endfacet
  facet normal 0 -1 0
    outer loop
      vertex 23.714533239603043 -21.300000000000004 69.18814431130886
      vertex 27.594682283699512 -21.300000000000004 69.52765343338251
      vertex 26.110679775476456 -21.300000000000004 70.04226065427065
    endloop
  endfacet
  facet normal 0.7475083264867453 0 0.6642524383342414
    outer loop
      vertex 43.12290037423372 3.7 59.15202981978655
      vertex 43.12290037423372 -21.300000000000004 59.15202981978655
      vertex 44.166238620877266 -21.300000000000004 57.977921932935715
    endloop
  endfacet
  facet normal 0.8422172352753996 0 0.5391383204754253
    outer loop
      vertex 47.008784495294094 3.7 54.222809322178364
      vertex 47.008784495294094 -21.300000000000004 54.222809322178364
      vertex 47.85560657083988 -21.300000000000004 52.899942591786385
    endloop
  endfacet
  facet normal 0.8627343868073294 0 0.5056573719626575
    outer loop
      vertex 48.054850371670035 -5.200000002980232 52.55999999850989
      vertex 47.85560657083988 -21.300000000000004 52.899942591786385
      vertex 48.054850371670035 -13.600000001490116 52.55999999850989
    endloop
  endfacet
  facet normal 0.7973206534647818 0 0.6035559423603526
    outer loop
      vertex 45.162677235901356 3.7 56.76375797390938
      vertex 45.162677235901356 -21.300000000000004 56.76375797390938
      vertex 46.110679775476456 -21.300000000000004 55.51141009479761
    endloop
  endfacet
  facet normal 0.7730104517196759 0 0.6343932861657213
    outer loop
      vertex 44.166238620877266 3.7 57.977921932935715
      vertex 44.166238620877266 -21.300000000000004 57.977921932935715
      vertex 45.162677235901356 -21.300000000000004 56.76375797390938
    endloop
  endfacet
  facet normal 0.8204014430698211 0 0.5717879608814401
    outer loop
      vertex 46.110679775476456 3.7 55.51141009479761
      vertex 46.110679775476456 -21.300000000000004 55.51141009479761
      vertex 47.008784495294094 -21.300000000000004 54.222809322178364
    endloop
  endfacet
  facet normal 0 -1 0
    outer loop
      vertex 28.029999999999998 -21.300000000000004 21.69
      vertex 45.82623486965895 -21.300000000000004 48.34365799278021
      vertex 44.926914535462856 -21.300000000000004 50
    endloop
  endfacet
  facet normal 0 -1 0
    outer loop
      vertex 28.029999999999998 -21.300000000000004 21.69
      vertex 44.926914535462856 -21.300000000000004 50
      vertex 43.94214044511318 -21.300000000000004 51.60700526088476
    endloop
  endfacet
  facet normal 0 -1 0
    outer loop
      vertex 19.75 -21.300000000000004 53.5
      vertex 42.87461179494858 -21.300000000000004 53.16026908159256
      vertex 41.72725461423397 -21.300000000000004 54.65553408116102
    endloop
  endfacet
  facet normal 0 -1 0
    outer loop
      vertex 27.9788887394336 -21.300000000000004 50.698228567653786
      vertex 43.94214044511318 -21.300000000000004 51.60700526088476
      vertex 42.87461179494858 -21.300000000000004 53.16026908159256
    endloop
  endfacet
  facet normal 0 -1 0
    outer loop
      vertex 19.75 -21.300000000000004 53.5
      vertex 41.72725461423397 -21.300000000000004 54.65553408116102
      vertex 40.503213718533516 -21.300000000000004 56.08870182931423
    endloop
  endfacet
  facet normal 0 -1 0
    outer loop
      vertex 40.9736110791564 -21.300000000000004 59.2236110791564
      vertex 42.36107578128576 -21.300000000000004 57.761528342962265
      vertex 42.034271247684956 -21.300000000000004 60.284271247684956
    endloop
  endfacet
  facet normal 0 -1 0
    outer loop
      vertex 43.670119516551495 -21.300000000000004 56.22883505374193
      vertex 44.166238620877266 -21.300000000000004 57.977921932935715
      vertex 42.36107578128576 -21.300000000000004 57.761528342962265
    endloop
  endfacet
  facet normal 0 -1 0
    outer loop
      vertex 42.36107578128576 -21.300000000000004 57.761528342962265
      vertex 43.12290037423372 -21.300000000000004 59.15202981978655
      vertex 42.034271247684956 -21.300000000000004 60.284271247684956
    endloop
  endfacet
  facet normal 0 -1 0
    outer loop
      vertex 42.36107578128576 -21.300000000000004 57.761528342962265
      vertex 44.166238620877266 -21.300000000000004 57.977921932935715
      vertex 43.12290037423372 -21.300000000000004 59.15202981978655
    endloop
  endfacet
  facet normal 0.9844265682772335 9.25455251533295e-16 0.17579627888527447
    outer loop
      vertex 53.094842020424785 -16.57433458417654 39.16842142105103
      vertex 53.0249149593044 -16.600000001490116 39.55999999850989
      vertex 52.98141121864319 -21.300000000000004 39.803612880408764
    endloop
  endfacet
  facet normal 0.9844265682772366 -3.6687474430609684e-19 0.17579627888525717
    outer loop
      vertex 53.0249149593044 -16.600000001490116 39.55999999850989
      vertex 52.98141121864319 -16.600000001490116 39.803612880408764
      vertex 52.98141121864319 -21.300000000000004 39.803612880408764
    endloop
  endfacet
  facet normal 0.9767658813474361 0 0.2143091529439804
    outer loop
      vertex 52.98141121864319 -16.600000001490116 39.803612880408764
      vertex 52.6447968184948 -16.600000001490116 41.337814554572105
      vertex 52.98141121864319 -21.300000000000004 39.803612880408764
    endloop
  endfacet
  facet normal 0.9675990925590835 0 0.25249157625322516
    outer loop
      vertex 52.6447968184948 -16.600000001490116 41.337814554572105
      vertex 52.248209461569786 -16.600000001490116 42.85761799663305
      vertex 52.6447968184948 -21.300000000000004 41.337814554572105
    endloop
  endfacet
  facet normal 0.9569403354792997 0 0.2902846780881923
    outer loop
      vertex 52.248209461569786 -16.600000001490116 42.85761799663305
      vertex 51.79226065427065 -16.600000001490116 44.360679775476456
      vertex 52.248209461569786 -21.300000000000004 42.85761799663305
    endloop
  endfacet
  facet normal 0.9312149352495637 0 0.36447049862526715
    outer loop
      vertex 50.705181300640106 -16.600000001490116 47.307337291538715
      vertex 51.27765343338251 -21.300000000000004 45.84468228369951
      vertex 51.27765343338251 -16.600000001490116 45.84468228369951
    endloop
  endfacet
  facet normal 0.8997482823183393 0 0.4364092442481005
    outer loop
      vertex 50.075726956129074 -16.600000001490116 48.746389500796795
      vertex 49.68109753654918 -16.600000001490116 49.55999999850989
      vertex 50.075726956129074 -21.300000000000004 48.746389500796795
    endloop
  endfacet
  facet normal 0.916187958045493 0 0.40074883098074016
    outer loop
      vertex 50.705181300640106 -16.600000001490116 47.307337291538715
      vertex 50.075726956129074 -16.600000001490116 48.746389500796795
      vertex 50.705181300640106 -21.300000000000004 47.307337291538715
    endloop
  endfacet
  facet normal 0.9448060452963783 0 0.327630182937131
    outer loop
      vertex 51.79226065427065 -16.600000001490116 44.360679775476456
      vertex 51.27765343338251 -16.600000001490116 45.84468228369951
      vertex 51.79226065427065 -21.300000000000004 44.360679775476456
    endloop
  endfacet
  facet normal 0.9767658813474361 0 0.2143091529439804
    outer loop
      vertex 52.6447968184948 -16.600000001490116 41.337814554572105
      vertex 52.6447968184948 -21.300000000000004 41.337814554572105
      vertex 52.98141121864319 -21.300000000000004 39.803612880408764
    endloop
  endfacet
  facet normal 0.9675990925590835 0 0.25249157625322516
    outer loop
      vertex 52.248209461569786 -16.600000001490116 42.85761799663305
      vertex 52.248209461569786 -21.300000000000004 42.85761799663305
      vertex 52.6447968184948 -21.300000000000004 41.337814554572105
    endloop
  endfacet
  facet normal 0.9569403354792997 0 0.2902846780881923
    outer loop
      vertex 51.79226065427065 -16.600000001490116 44.360679775476456
      vertex 51.79226065427065 -21.300000000000004 44.360679775476456
      vertex 52.248209461569786 -21.300000000000004 42.85761799663305
    endloop
  endfacet
  facet normal 0 -1 0
    outer loop
      vertex 50.93814431130886 -21.300000000000004 41.96453323960304
      vertex 51.79226065427065 -21.300000000000004 44.360679775476456
      vertex 50.36567587405443 -21.300000000000004 43.89715428650379
    endloop
  endfacet
  facet normal 0 -1 0
    outer loop
      vertex 51.40868262946606 -21.300000000000004 40.00460009276867
      vertex 52.98141121864319 -21.300000000000004 39.803612880408764
      vertex 52.6447968184948 -21.300000000000004 41.337814554572105
    endloop
  endfacet
  facet normal 0 -1 0
    outer loop
      vertex 50.93814431130886 -21.300000000000004 41.96453323960304
      vertex 51.40868262946606 -21.300000000000004 40.00460009276867
      vertex 52.6447968184948 -21.300000000000004 41.337814554572105
    endloop
  endfacet
  facet normal 0 -1 0
    outer loop
      vertex 50.93814431130886 -21.300000000000004 41.96453323960304
      vertex 52.248209461569786 -21.300000000000004 42.85761799663305
      vertex 51.79226065427065 -21.300000000000004 44.360679775476456
    endloop
  endfacet
  facet normal 0 -1 0
    outer loop
      vertex 50.93814431130886 -21.300000000000004 41.96453323960304
      vertex 52.6447968184948 -21.300000000000004 41.337814554572105
      vertex 52.248209461569786 -21.300000000000004 42.85761799663305
    endloop
  endfacet
  facet normal 0.9312149352495637 0 0.36447049862526715
    outer loop
      vertex 50.705181300640106 -16.600000001490116 47.307337291538715
      vertex 50.705181300640106 -21.300000000000004 47.307337291538715
      vertex 51.27765343338251 -21.300000000000004 45.84468228369951
    endloop
  endfacet
  facet normal 0.916187958045493 0 0.40074883098074016
    outer loop
      vertex 50.075726956129074 -16.600000001490116 48.746389500796795
      vertex 50.075726956129074 -21.300000000000004 48.746389500796795
      vertex 50.705181300640106 -21.300000000000004 47.307337291538715
    endloop
  endfacet
  facet normal 0.9448060452963783 0 0.327630182937131
    outer loop
      vertex 51.27765343338251 -16.600000001490116 45.84468228369951
      vertex 51.27765343338251 -21.300000000000004 45.84468228369951
      vertex 51.79226065427065 -21.300000000000004 44.360679775476456
    endloop
  endfacet
  facet normal 0 -1 0
    outer loop
      vertex 50.36567587405443 -21.300000000000004 43.89715428650379
      vertex 51.27765343338251 -21.300000000000004 45.84468228369951
      vertex 49.69284641742706 -21.300000000000004 45.79716605693102
    endloop
  endfacet
  facet normal 0 -1 0
    outer loop
      vertex 50.36567587405443 -21.300000000000004 43.89715428650379
      vertex 51.79226065427065 -21.300000000000004 44.360679775476456
      vertex 51.27765343338251 -21.300000000000004 45.84468228369951
    endloop
  endfacet
  facet normal 0 -1 0
    outer loop
      vertex 49.69284641742706 -21.300000000000004 45.79716605693102
      vertex 51.27765343338251 -21.300000000000004 45.84468228369951
      vertex 50.705181300640106 -21.300000000000004 47.307337291538715
    endloop
  endfacet
  facet normal 0 -1 0
    outer loop
      vertex 49.69284641742706 -21.300000000000004 45.79716605693102
      vertex 50.705181300640106 -21.300000000000004 47.307337291538715
      vertex 48.921500116586685 -21.300000000000004 47.65936075896025
    endloop
  endfacet
  facet normal 0 -1 0
    outer loop
      vertex 48.921500116586685 -21.300000000000004 47.65936075896025
      vertex 50.705181300640106 -21.300000000000004 47.307337291538715
      vertex 50.075726956129074 -21.300000000000004 48.746389500796795
    endloop
  endfacet
  facet normal 0 -1 0
    outer loop
      vertex 48.921500116586685 -21.300000000000004 47.65936075896025
      vertex 49.390260964632034 -21.300000000000004 50.159619987010956
      vertex 48.053751178085804 -21.300000000000004 49.4786342382431
    endloop
  endfacet
  facet normal 0 -1 0
    outer loop
      vertex 48.921500116586685 -21.300000000000004 47.65936075896025
      vertex 50.075726956129074 -21.300000000000004 48.746389500796795
      vertex 49.390260964632034 -21.300000000000004 50.159619987010956
    endloop
  endfacet
  facet normal 0.8627343868073293 1.2837567477297501e-17 0.5056573719626577
    outer loop
      vertex 48.054850371670035 -13.600000001490116 52.55999999850989
      vertex 47.85560657083988 -21.300000000000004 52.899942591786385
      vertex 48.06989313299677 -13.991578578948975 52.53433458119631
    endloop
  endfacet
  facet normal 0.8627343868073163 1.5010775373449466e-15 0.5056573719626798
    outer loop
      vertex 48.06989313299677 -13.991578578948975 52.53433458119631
      vertex 47.85560657083988 -21.300000000000004 52.899942591786385
      vertex 48.11476402983253 -14.376457139849663 52.45777747392655
    endloop
  endfacet
  facet normal 0.8627343868073314 1.870655561989098e-17 0.5056573719626541
    outer loop
      vertex 48.56985342728896 -15.72132034599781 51.68132034301758
      vertex 48.41820347727176 -15.426284290850163 51.940060023069385
      vertex 48.64984028041363 -21.300000000000004 51.544849656522274
    endloop
  endfacet
  facet normal 0.8819212643443464 3.2922443068953487e-19 0.4713967368334972
    outer loop
      vertex 48.73459523573618 -15.980060026049614 51.386284287869934
      vertex 48.64984028041363 -15.841001927771181 51.544849656522274
      vertex 48.64984028041363 -21.300000000000004 51.544849656522274
    endloop
  endfacet
  facet normal 0.862734386807331 -7.468138651450191e-19 0.5056573719626547
    outer loop
      vertex 48.56985342728896 -15.72132034599781 51.68132034301758
      vertex 48.64984028041363 -21.300000000000004 51.544849656522274
      vertex 48.64984028041363 -15.841001927771181 51.544849656522274
    endloop
  endfacet
  facet normal 0.8627343868073422 -2.277011841843523e-15 0.5056573719626358
    outer loop
      vertex 48.11476402983253 -14.376457139849663 52.45777747392655
      vertex 47.85560657083988 -21.300000000000004 52.899942591786385
      vertex 48.18869530690657 -14.748050302267075 52.33163859307766
    endloop
  endfacet
  facet normal 0.8627343868073228 1.5746946643252515e-15 0.5056573719626689
    outer loop
      vertex 48.18869530690657 -14.748050302267075 52.33163859307766
      vertex 47.85560657083988 -21.300000000000004 52.899942591786385
      vertex 48.290421980706114 -15.100000001490116 52.158076207935814
    endloop
  endfacet
  facet normal 0.8627343868073251 9.327084792496714e-16 0.5056573719626649
    outer loop
      vertex 48.290421980706114 -15.100000001490116 52.158076207935814
      vertex 47.85560657083988 -21.300000000000004 52.899942591786385
      vertex 48.41820347727176 -15.426284290850163 51.940060023069385
    endloop
  endfacet
  facet normal 0.8819212643443411 2.5382137789505843e-19 0.4713967368335069
    outer loop
      vertex 49.29573953878094 -16.497777476906776 50.336457136869434
      vertex 49.390260964632034 -21.300000000000004 50.159619987010956
      vertex 49.390260964632034 -16.532952573745927 50.159619987010956
    endloop
  endfacet
  facet normal 0.8819212643443357 -4.933204013693795e-16 0.4713967368335174
    outer loop
      vertex 49.29573953878094 -16.497777476906776 50.336457136869434
      vertex 49.09711885542159 -16.371638596057892 50.708050299286846
      vertex 49.390260964632034 -21.300000000000004 50.159619987010956
    endloop
  endfacet
  facet normal 0.8997482823183396 2.0758181247616226e-16 0.4364092442480995
    outer loop
      vertex 50.075726956129074 -21.300000000000004 48.746389500796795
      vertex 49.68109753654918 -16.600000001490116 49.55999999850989
      vertex 49.491168292547464 -16.57433458417654 49.951578575968746
    endloop
  endfacet
  facet normal 0.8997482823183358 -1.48119057460363e-18 0.43640924424810734
    outer loop
      vertex 49.491168292547464 -16.57433458417654 49.951578575968746
      vertex 49.390260964632034 -16.532952573745927 50.159619987010956
      vertex 49.390260964632034 -21.300000000000004 50.159619987010956
    endloop
  endfacet
  facet normal 0.881921264344341 -2.687423907774458e-16 0.47139673683350747
    outer loop
      vertex 48.90899782188849 -16.198076210916042 51.05999999850989
      vertex 48.64984028041363 -21.300000000000004 51.544849656522274
      vertex 49.09711885542159 -16.371638596057892 50.708050299286846
    endloop
  endfacet
  facet normal 0.8819212643443368 6.940040098578908e-16 0.4713967368335153
    outer loop
      vertex 48.73459523573618 -15.980060026049614 51.386284287869934
      vertex 48.64984028041363 -21.300000000000004 51.544849656522274
      vertex 48.90899782188849 -16.198076210916042 51.05999999850989
    endloop
  endfacet
  facet normal 0.8627343868073286 -4.0324329326824316e-16 0.5056573719626587
    outer loop
      vertex 48.41820347727176 -15.426284290850163 51.940060023069385
      vertex 47.85560657083988 -21.300000000000004 52.899942591786385
      vertex 48.64984028041363 -21.300000000000004 51.544849656522274
    endloop
  endfacet
  facet normal 0 -1 0
    outer loop
      vertex 48.053751178085804 -21.300000000000004 49.4786342382431
      vertex 49.390260964632034 -21.300000000000004 50.159619987010956
      vertex 48.64984028041363 -21.300000000000004 51.544849656522274
    endloop
  endfacet
  facet normal 0 -1 0
    outer loop
      vertex 47.091978043317795 -21.300000000000004 51.25
      vertex 48.053751178085804 -21.300000000000004 49.4786342382431
      vertex 48.64984028041363 -21.300000000000004 51.544849656522274
    endloop
  endfacet
  facet normal 0 -1 0
    outer loop
      vertex 46.03881686925888 -21.300000000000004 52.96860285103321
      vertex 47.091978043317795 -21.300000000000004 51.25
      vertex 47.008784495294094 -21.300000000000004 54.222809322178364
    endloop
  endfacet
  facet normal 0 -1 0
    outer loop
      vertex 47.091978043317795 -21.300000000000004 51.25
      vertex 47.85560657083988 -21.300000000000004 52.899942591786385
      vertex 47.008784495294094 -21.300000000000004 54.222809322178364
    endloop
  endfacet
  facet normal 0 -1 0
    outer loop
      vertex 46.03881686925888 -21.300000000000004 52.96860285103321
      vertex 47.008784495294094 -21.300000000000004 54.222809322178364
      vertex 46.110679775476456 -21.300000000000004 55.51141009479761
    endloop
  endfacet
  facet normal 0 -1 0
    outer loop
      vertex 47.091978043317795 -21.300000000000004 51.25
      vertex 48.64984028041363 -21.300000000000004 51.544849656522274
      vertex 47.85560657083988 -21.300000000000004 52.899942591786385
    endloop
  endfacet
  facet normal 0 -1 0
    outer loop
      vertex 43.670119516551495 -21.300000000000004 56.22883505374193
      vertex 44.89715428650379 -21.300000000000004 54.629732213914394
      vertex 45.162677235901356 -21.300000000000004 56.76375797390938
    endloop
  endfacet
  facet normal 0 -1 0
    outer loop
      vertex 46.03881686925888 -21.300000000000004 52.96860285103321
      vertex 46.110679775476456 -21.300000000000004 55.51141009479761
      vertex 44.89715428650379 -21.300000000000004 54.629732213914394
    endloop
  endfacet
  facet normal 0 -1 0
    outer loop
      vertex 44.89715428650379 -21.300000000000004 54.629732213914394
      vertex 46.110679775476456 -21.300000000000004 55.51141009479761
      vertex 45.162677235901356 -21.300000000000004 56.76375797390938
    endloop
  endfacet
  facet normal 0 -1 0
    outer loop
      vertex 43.670119516551495 -21.300000000000004 56.22883505374193
      vertex 45.162677235901356 -21.300000000000004 56.76375797390938
      vertex 44.166238620877266 -21.300000000000004 57.977921932935715
    endloop
  endfacet
  facet normal 0.8997482823183388 -3.2804968791042316e-16 0.4364092442481012
    outer loop
      vertex 50.075726956129074 -21.300000000000004 48.746389500796795
      vertex 49.491168292547464 -16.57433458417654 49.951578575968746
      vertex 49.390260964632034 -21.300000000000004 50.159619987010956
    endloop
  endfacet
  facet normal 0.8819212643443392 4.5453208315036e-16 0.4713967368335107
    outer loop
      vertex 49.09711885542159 -16.371638596057892 50.708050299286846
      vertex 48.64984028041363 -21.300000000000004 51.544849656522274
      vertex 49.390260964632034 -21.300000000000004 50.159619987010956
    endloop
  endfacet
  facet normal 0.6035559423603526 0 0.7973206534647818
    outer loop
      vertex 37.26141009479761 3.7 64.36067977547646
      vertex 37.26141009479761 -21.300000000000004 64.36067977547646
      vertex 38.51375797390938 -21.300000000000004 63.412677235901356
    endloop
  endfacet
  facet normal 0.5391383204754253 0 0.8422172352753996
    outer loop
      vertex 34.649942591786385 3.7 66.10560657083988
      vertex 34.649942591786385 -21.300000000000004 66.10560657083988
      vertex 35.972809322178364 -21.300000000000004 65.2587844952941
    endloop
  endfacet
  facet normal 0.5717879608814401 0 0.8204014430698211
    outer loop
      vertex 35.972809322178364 3.7 65.2587844952941
      vertex 35.972809322178364 -21.300000000000004 65.2587844952941
      vertex 37.26141009479761 -21.300000000000004 64.36067977547646
    endloop
  endfacet
  facet normal 0.6343932861657213 0 0.7730104517196759
    outer loop
      vertex 38.51375797390938 3.7 63.412677235901356
      vertex 38.51375797390938 -21.300000000000004 63.412677235901356
      vertex 39.727921932935715 -21.300000000000004 62.416238620877266
    endloop
  endfacet
  facet normal 0.6642524383342414 0 0.7475083264867453
    outer loop
      vertex 39.727921932935715 3.7 62.416238620877266
      vertex 39.727921932935715 -21.300000000000004 62.416238620877266
      vertex 40.90202981978655 -21.300000000000004 61.37290037423372
    endloop
  endfacet
  facet normal 0.720853598326221 0 0.6930873608573016
    outer loop
      vertex 42.034271247684956 3.7 60.284271247684956
      vertex 42.034271247684956 -21.300000000000004 60.284271247684956
      vertex 43.12290037423372 -21.300000000000004 59.15202981978655
    endloop
  endfacet
  facet normal 0.6930873608573016 0 0.720853598326221
    outer loop
      vertex 40.90202981978655 3.7 61.37290037423372
      vertex 40.90202981978655 -21.300000000000004 61.37290037423372
      vertex 42.034271247684956 -21.300000000000004 60.284271247684956
    endloop
  endfacet
  facet normal 0 -1 0
    outer loop
      vertex 36.379732213914394 -21.300000000000004 63.14715428650379
      vertex 38.51375797390938 -21.300000000000004 63.412677235901356
      vertex 37.26141009479761 -21.300000000000004 64.36067977547646
    endloop
  endfacet
  facet normal 0 -1 0
    outer loop
      vertex 36.379732213914394 -21.300000000000004 63.14715428650379
      vertex 37.97883505374193 -21.300000000000004 61.920119516551495
      vertex 38.51375797390938 -21.300000000000004 63.412677235901356
    endloop
  endfacet
  facet normal 0 -1 0
    outer loop
      vertex 37.97883505374193 -21.300000000000004 61.920119516551495
      vertex 39.727921932935715 -21.300000000000004 62.416238620877266
      vertex 38.51375797390938 -21.300000000000004 63.412677235901356
    endloop
  endfacet
  facet normal 0 -1 0
    outer loop
      vertex 33 -21.300000000000004 65.3419780433178
      vertex 34.71860285103321 -21.300000000000004 64.28881686925888
      vertex 34.649942591786385 -21.300000000000004 66.10560657083988
    endloop
  endfacet
  facet normal 0 -1 0
    outer loop
      vertex 34.71860285103321 -21.300000000000004 64.28881686925888
      vertex 35.972809322178364 -21.300000000000004 65.2587844952941
      vertex 34.649942591786385 -21.300000000000004 66.10560657083988
    endloop
  endfacet
  facet normal 0 -1 0
    outer loop
      vertex 36.379732213914394 -21.300000000000004 63.14715428650379
      vertex 35.972809322178364 -21.300000000000004 65.2587844952941
      vertex 34.71860285103321 -21.300000000000004 64.28881686925888
    endloop
  endfacet
  facet normal 0 -1 0
    outer loop
      vertex 36.379732213914394 -21.300000000000004 63.14715428650379
      vertex 37.26141009479761 -21.300000000000004 64.36067977547646
      vertex 35.972809322178364 -21.300000000000004 65.2587844952941
    endloop
  endfacet
  facet normal 0 -1 0
    outer loop
      vertex 37.97883505374193 -21.300000000000004 61.920119516551495
      vertex 39.511528342962265 -21.300000000000004 60.61107578128576
      vertex 39.727921932935715 -21.300000000000004 62.416238620877266
    endloop
  endfacet
  facet normal 0 -1 0
    outer loop
      vertex 40.9736110791564 -21.300000000000004 59.2236110791564
      vertex 40.90202981978655 -21.300000000000004 61.37290037423372
      vertex 39.511528342962265 -21.300000000000004 60.61107578128576
    endloop
  endfacet
  facet normal 0 -1 0
    outer loop
      vertex 39.511528342962265 -21.300000000000004 60.61107578128576
      vertex 40.90202981978655 -21.300000000000004 61.37290037423372
      vertex 39.727921932935715 -21.300000000000004 62.416238620877266
    endloop
  endfacet
  facet normal 0 -1 0
    outer loop
      vertex 40.9736110791564 -21.300000000000004 59.2236110791564
      vertex 42.034271247684956 -21.300000000000004 60.284271247684956
      vertex 40.90202981978655 -21.300000000000004 61.37290037423372
    endloop
  endfacet
  facet normal 0 1 0
    outer loop
      vertex 9.59254210369921 -6.8000000000000025 72.7779245543571
      vertex 9.852885682970026 -6.8000000000000025 76.75
      vertex 9.852885682970026 -6.8000000000000025 72.25
    endloop
  endfacet
  facet normal 0 1 0
    outer loop
      vertex 9.852885682970026 -6.8000000000000025 72.25
      vertex 10.61163616925478 -6.8000000000000025 71.87669334560633
      vertex 10.133769545185054 -6.8000000000000025 71.82962759316926
    endloop
  endfacet
  facet normal 0 1 0
    outer loop
      vertex 9.852885682970026 -6.8000000000000025 72.25
      vertex 10.179909968689442 -6.8000000000000025 77.23942643053925
      vertex 10.61163616925478 -6.8000000000000025 71.87669334560633
    endloop
  endfacet
  facet normal 0 1 0
    outer loop
      vertex 12.17960736900568 -6.8000000000000025 71.96916145086288
      vertex 12.512563132923542 -6.8000000000000025 73.26256313292355
      vertex 12.684667499234738 -6.8000000000000025 73.11163165449034
    endloop
  endfacet
  facet normal 0 1 0
    outer loop
      vertex 10.61163616925478 -6.8000000000000025 71.87669334560633
      vertex 11.010573569460757 -6.8000000000000025 78.07009003131057
      vertex 12.17960736900568 -6.8000000000000025 71.96916145086288
    endloop
  endfacet
  facet normal 0 1 0
    outer loop
      vertex 12.17960736900568 -6.8000000000000025 71.96916145086288
      vertex 12.133210818105248 -6.8000000000000025 73.8303039933611
      vertex 12.234455543377232 -6.8000000000000025 73.625
    endloop
  endfacet
  facet normal 0 1 0
    outer loop
      vertex 12.17960736900568 -6.8000000000000025 71.96916145086288
      vertex 12.059629803994131 -6.8000000000000025 74.0470666710706
      vertex 12.133210818105248 -6.8000000000000025 73.8303039933611
    endloop
  endfacet
  facet normal 0 1 0
    outer loop
      vertex 12.17960736900568 -6.8000000000000025 71.96916145086288
      vertex 12.014971492595832 -6.8000000000000025 74.27157916361492
      vertex 12.059629803994131 -6.8000000000000025 74.0470666710706
    endloop
  endfacet
  facet normal 0 1 0
    outer loop
      vertex 12.17960736900568 -6.8000000000000025 71.96916145086288
      vertex 12.234455543377232 -6.8000000000000025 73.625
      vertex 12.361631654490338 -6.8000000000000025 73.43466749923475
    endloop
  endfacet
  facet normal 0 1 0
    outer loop
      vertex 12.17960736900568 -6.8000000000000025 71.96916145086288
      vertex 12.361631654490338 -6.8000000000000025 73.43466749923475
      vertex 12.512563132923542 -6.8000000000000025 73.26256313292355
    endloop
  endfacet
  facet normal 0 1 0
    outer loop
      vertex 12.17960736900568 -6.8000000000000025 71.96916145086288
      vertex 12.684667499234738 -6.8000000000000025 73.11163165449034
      vertex 12.875 -6.8000000000000025 72.98445554337724
    endloop
  endfacet
  facet normal 0 1 0
    outer loop
      vertex 12.17960736900568 -6.8000000000000025 71.96916145086288
      vertex 12.875 -6.8000000000000025 72.98445554337724
      vertex 13.080303993361094 -6.8000000000000025 72.88321081810525
    endloop
  endfacet
  facet normal 0 1 0
    outer loop
      vertex 12.17960736900568 -6.8000000000000025 71.96916145086288
      vertex 13.297066671070588 -6.8000000000000025 72.80962980399414
      vertex 13.75 -6.8000000000000025 72
    endloop
  endfacet
  facet normal 0 1 0
    outer loop
      vertex 12.17960736900568 -6.8000000000000025 71.96916145086288
      vertex 13.080303993361094 -6.8000000000000025 72.88321081810525
      vertex 13.297066671070588 -6.8000000000000025 72.80962980399414
    endloop
  endfacet
  facet normal 0 1 0
    outer loop
      vertex 13.52157916361491 -6.8000000000000025 72.76497149259583
      vertex 13.75 -6.8000000000000025 72.75
      vertex 13.75 -6.8000000000000025 72
    endloop
  endfacet
  facet normal 0 1 0
    outer loop
      vertex 13.297066671070588 -6.8000000000000025 72.80962980399414
      vertex 13.52157916361491 -6.8000000000000025 72.76497149259583
      vertex 13.75 -6.8000000000000025 72
    endloop
  endfacet
  facet normal -0.8314696123025374 0 -0.5555702330196141
    outer loop
      vertex 9.852885682970026 -6.8000000000000025 72.25
      vertex 10.133769545185054 -6.8000000000000025 71.82962759316926
      vertex 9.852885682970026 -10.800000000000002 72.25
    endloop
  endfacet
  facet normal -0.896872741532689 0 -0.44228869021899947
    outer loop
      vertex 9.59254210369921 -6.8000000000000025 72.7779245543571
      vertex 9.852885682970026 -6.8000000000000025 72.25
      vertex 9.59254210369921 -10.800000000000002 72.7779245543571
    endloop
  endfacet
  facet normal -0.9807852804032301 0 -0.19509032201612972
    outer loop
      vertex 9.288498123817853 -6.8000000000000025 73.91263213500977
      vertex 9.403333781699192 -6.8000000000000025 73.33531429703866
      vertex 9.288498123817853 -10.800000000000002 73.91263213500977
    endloop
  endfacet
  facet normal -0.9469301294951065 1.0558439197324015e-18 -0.32143946530315903
    outer loop
      vertex 9.59254210369921 -6.8000000000000025 72.7779245543571
      vertex 9.403333781699192 -10.800000000000002 73.33531429703866
      vertex 9.403333781699192 -6.8000000000000025 73.33531429703866
    endloop
  endfacet
  facet normal 0 1 0
    outer loop
      vertex 9.288498123817853 -6.8000000000000025 73.91263213500977
      vertex 9.403333781699192 -6.8000000000000025 75.66468570296135
      vertex 9.403333781699192 -6.8000000000000025 73.33531429703866
    endloop
  endfacet
  facet normal 0 1 0
    outer loop
      vertex 9.288498123817853 -6.8000000000000025 73.91263213500977
      vertex 9.25 -6.8000000000000025 74.5
      vertex 9.288498123817853 -6.8000000000000025 75.08736786499024
    endloop
  endfacet
  facet normal 0 1 0
    outer loop
      vertex 9.288498123817853 -6.8000000000000025 73.91263213500977
      vertex 9.288498123817853 -6.8000000000000025 75.08736786499024
      vertex 9.403333781699192 -6.8000000000000025 75.66468570296135
    endloop
  endfacet
  facet normal 0 1 0
    outer loop
      vertex 9.59254210369921 -6.8000000000000025 72.7779245543571
      vertex 9.403333781699192 -6.8000000000000025 73.33531429703866
      vertex 9.59254210369921 -6.8000000000000025 76.2220754456429
    endloop
  endfacet
  facet normal 0 1 0
    outer loop
      vertex 9.403333781699192 -6.8000000000000025 73.33531429703866
      vertex 9.403333781699192 -6.8000000000000025 75.66468570296135
      vertex 9.59254210369921 -6.8000000000000025 76.2220754456429
    endloop
  endfacet
  facet normal 0 1 0
    outer loop
      vertex 9.59254210369921 -6.8000000000000025 72.7779245543571
      vertex 9.59254210369921 -6.8000000000000025 76.2220754456429
      vertex 9.852885682970026 -6.8000000000000025 76.75
    endloop
  endfacet
  facet normal 0 1 0
    outer loop
      vertex 9.852885682970026 -6.8000000000000025 72.25
      vertex 9.852885682970026 -6.8000000000000025 76.75
      vertex 10.179909968689442 -6.8000000000000025 77.23942643053925
    endloop
  endfacet
  facet normal 0 1 0
    outer loop
      vertex 10.61163616925478 -6.8000000000000025 71.87669334560633
      vertex 10.179909968689442 -6.8000000000000025 77.23942643053925
      vertex 10.568019484660535 -6.8000000000000025 77.68198051533946
    endloop
  endfacet
  facet normal 0 1 0
    outer loop
      vertex 10.61163616925478 -6.8000000000000025 71.87669334560633
      vertex 10.568019484660535 -6.8000000000000025 77.68198051533946
      vertex 11.010573569460757 -6.8000000000000025 78.07009003131057
    endloop
  endfacet
  facet normal 0 1 0
    outer loop
      vertex 12.17960736900568 -6.8000000000000025 71.96916145086288
      vertex 11.5 -6.8000000000000025 78.39711431702997
      vertex 12.014971492595832 -6.8000000000000025 74.27157916361492
    endloop
  endfacet
  facet normal 0 1 0
    outer loop
      vertex 12.014971492595832 -6.8000000000000025 74.27157916361492
      vertex 11.5 -6.8000000000000025 78.39711431702997
      vertex 12 -6.8000000000000025 74.5
    endloop
  endfacet
  facet normal 0 1 0
    outer loop
      vertex 12 -6.8000000000000025 74.5
      vertex 11.5 -6.8000000000000025 78.39711431702997
      vertex 12.014971492595832 -6.8000000000000025 74.7284208363851
    endloop
  endfacet
  facet normal 0 1 0
    outer loop
      vertex 12.17960736900568 -6.8000000000000025 71.96916145086288
      vertex 11.010573569460757 -6.8000000000000025 78.07009003131057
      vertex 11.5 -6.8000000000000025 78.39711431702997
    endloop
  endfacet
  facet normal 0 1 0
    outer loop
      vertex 12.014971492595832 -6.8000000000000025 74.7284208363851
      vertex 11.5 -6.8000000000000025 78.39711431702997
      vertex 12.059629803994131 -6.8000000000000025 74.95293332892942
    endloop
  endfacet
  facet normal 0 1 0
    outer loop
      vertex 12.059629803994131 -6.8000000000000025 74.95293332892942
      vertex 12.027924554357096 -6.8000000000000025 78.6574578963008
      vertex 12.133210818105248 -6.8000000000000025 75.16969600663892
    endloop
  endfacet
  facet normal 0 1 0
    outer loop
      vertex 12.133210818105248 -6.8000000000000025 75.16969600663892
      vertex 12.027924554357096 -6.8000000000000025 78.6574578963008
      vertex 12.234455543377232 -6.8000000000000025 75.375
    endloop
  endfacet
  facet normal 0 1 0
    outer loop
      vertex 12.059629803994131 -6.8000000000000025 74.95293332892942
      vertex 11.5 -6.8000000000000025 78.39711431702997
      vertex 12.027924554357096 -6.8000000000000025 78.6574578963008
    endloop
  endfacet
  facet normal 0 1 0
    outer loop
      vertex 12.234455543377232 -6.8000000000000025 75.375
      vertex 12.027924554357096 -6.8000000000000025 78.6574578963008
      vertex 12.361631654490338 -6.8000000000000025 75.56533250076527
    endloop
  endfacet
  facet normal 0 1 0
    outer loop
      vertex 12.361631654490338 -6.8000000000000025 75.56533250076527
      vertex 12.585314297038657 -6.8000000000000025 78.84666621830081
      vertex 12.512563132923542 -6.8000000000000025 75.73743686707647
    endloop
  endfacet
  facet normal 0 1 0
    outer loop
      vertex 12.361631654490338 -6.8000000000000025 75.56533250076527
      vertex 12.027924554357096 -6.8000000000000025 78.6574578963008
      vertex 12.585314297038657 -6.8000000000000025 78.84666621830081
    endloop
  endfacet
  facet normal 0 1 0
    outer loop
      vertex 12.512563132923542 -6.8000000000000025 75.73743686707647
      vertex 12.585314297038657 -6.8000000000000025 78.84666621830081
      vertex 12.684667499234738 -6.8000000000000025 75.88836834550966
    endloop
  endfacet
  facet normal 0 1 0
    outer loop
      vertex 12.684667499234738 -6.8000000000000025 75.88836834550966
      vertex 12.585314297038657 -6.8000000000000025 78.84666621830081
      vertex 12.875 -6.8000000000000025 76.01554445662276
    endloop
  endfacet
  facet normal 0 1 0
    outer loop
      vertex 12.875 -6.8000000000000025 76.01554445662276
      vertex 12.585314297038657 -6.8000000000000025 78.84666621830081
      vertex 13.080303993361094 -6.8000000000000025 76.11678918189475
    endloop
  endfacet
  facet normal 0 1 0
    outer loop
      vertex 13.080303993361094 -6.8000000000000025 76.11678918189475
      vertex 12.585314297038657 -6.8000000000000025 78.84666621830081
      vertex 13.297066671070588 -6.8000000000000025 76.19037019600589
    endloop
  endfacet
  facet normal 0 1 0
    outer loop
      vertex 13.297066671070588 -6.8000000000000025 76.19037019600589
      vertex 13.162632135009767 -6.8000000000000025 78.96150187618215
      vertex 13.52157916361491 -6.8000000000000025 76.23502850740417
    endloop
  endfacet
  facet normal 0 1 0
    outer loop
      vertex 13.52157916361491 -6.8000000000000025 76.23502850740417
      vertex 13.162632135009767 -6.8000000000000025 78.96150187618215
      vertex 13.75 -6.8000000000000025 76.25
    endloop
  endfacet
  facet normal 0 1 0
    outer loop
      vertex 13.297066671070588 -6.8000000000000025 76.19037019600589
      vertex 12.585314297038657 -6.8000000000000025 78.84666621830081
      vertex 13.162632135009767 -6.8000000000000025 78.96150187618215
    endloop
  endfacet
  facet normal 0 1 0
    outer loop
      vertex 13.162632135009767 -6.8000000000000025 78.96150187618215
      vertex 13.75 -6.8000000000000025 79
      vertex 13.75 -6.8000000000000025 76.25
    endloop
  endfacet
  facet normal -0.9978589232386035 -6.47083963345336e-19 -0.06540312923014259
    outer loop
      vertex 9.288498123817853 -6.8000000000000025 73.91263213500977
      vertex 9.25 -10.800000000000002 74.5
      vertex 9.25 -6.8000000000000025 74.5
    endloop
  endfacet
  facet normal -0.9978589232386036 1.8780674338181393e-19 0.06540312923014101
    outer loop
      vertex 9.25 -6.8000000000000025 74.5
      vertex 9.288498123817853 -10.800000000000002 75.08736786499024
      vertex 9.288498123817853 -6.8000000000000025 75.08736786499024
    endloop
  endfacet
  facet normal -0.9807852804032301 2.852972626801582e-18 0.19509032201612972
    outer loop
      vertex 9.288498123817853 -6.8000000000000025 75.08736786499024
      vertex 9.403333781699192 -10.800000000000002 75.66468570296135
      vertex 9.403333781699192 -6.8000000000000025 75.66468570296135
    endloop
  endfacet
  facet normal -0.9469301294951041 4.216847158567915e-19 0.32143946530316647
    outer loop
      vertex 9.403333781699192 -6.8000000000000025 75.66468570296135
      vertex 9.59254210369921 -10.800000000000002 76.2220754456429
      vertex 9.59254210369921 -6.8000000000000025 76.2220754456429
    endloop
  endfacet
  facet normal -0.896872741532689 8.02195557748726e-19 0.44228869021899947
    outer loop
      vertex 9.59254210369921 -6.8000000000000025 76.2220754456429
      vertex 9.852885682970026 -10.800000000000002 76.75
      vertex 9.852885682970026 -6.8000000000000025 76.75
    endloop
  endfacet
  facet normal -0.8314696123025508 -5.3829494945364585e-18 0.5555702330195937
    outer loop
      vertex 9.852885682970026 -6.8000000000000025 76.75
      vertex 10.179909968689442 -10.800000000000002 77.23942643053925
      vertex 10.179909968689442 -6.8000000000000025 77.23942643053925
    endloop
  endfacet
  facet normal -0.751839807478968 2.06556644404904e-18 0.6593458151000796
    outer loop
      vertex 10.179909968689442 -6.8000000000000025 77.23942643053925
      vertex 10.568019484660535 -10.800000000000002 77.68198051533946
      vertex 10.568019484660535 -6.8000000000000025 77.68198051533946
    endloop
  endfacet
  facet normal -0.6593458151000829 0 0.7518398074789651
    outer loop
      vertex 10.568019484660535 -6.8000000000000025 77.68198051533946
      vertex 10.568019484660535 -10.800000000000002 77.68198051533946
      vertex 11.010573569460757 -6.8000000000000025 78.07009003131057
    endloop
  endfacet
  facet normal -0.5555702330195875 0 0.831469612302555
    outer loop
      vertex 11.010573569460757 -6.8000000000000025 78.07009003131057
      vertex 11.010573569460757 -10.800000000000002 78.07009003131057
      vertex 11.5 -6.8000000000000025 78.39711431702997
    endloop
  endfacet
  facet normal -0.4422886902190116 0 0.8968727415326833
    outer loop
      vertex 11.5 -6.8000000000000025 78.39711431702997
      vertex 11.5 -10.800000000000002 78.39711431702997
      vertex 12.027924554357096 -6.8000000000000025 78.6574578963008
    endloop
  endfacet
  facet normal -0.3214394653031555 0 0.9469301294951078
    outer loop
      vertex 12.027924554357096 -6.8000000000000025 78.6574578963008
      vertex 12.027924554357096 -10.800000000000002 78.6574578963008
      vertex 12.585314297038657 -6.8000000000000025 78.84666621830081
    endloop
  endfacet
  facet normal -0.19509032201613494 0 0.9807852804032291
    outer loop
      vertex 12.585314297038657 -6.8000000000000025 78.84666621830081
      vertex 12.585314297038657 -10.800000000000002 78.84666621830081
      vertex 13.162632135009767 -6.8000000000000025 78.96150187618215
    endloop
  endfacet
  facet normal -0.06540312923012997 0 0.9978589232386043
    outer loop
      vertex 13.162632135009767 -6.8000000000000025 78.96150187618215
      vertex 13.162632135009767 -10.800000000000002 78.96150187618215
      vertex 13.75 -6.8000000000000025 79
    endloop
  endfacet
  facet normal -0.896872741532689 0 -0.44228869021899947
    outer loop
      vertex 9.852885682970026 -6.8000000000000025 72.25
      vertex 9.852885682970026 -10.800000000000002 72.25
      vertex 9.59254210369921 -10.800000000000002 72.7779245543571
    endloop
  endfacet
  facet normal -0.9807852804032301 0 -0.19509032201612972
    outer loop
      vertex 9.403333781699192 -6.8000000000000025 73.33531429703866
      vertex 9.403333781699192 -10.800000000000002 73.33531429703866
      vertex 9.288498123817853 -10.800000000000002 73.91263213500977
    endloop
  endfacet
  facet normal -0.9469301294951065 0 -0.32143946530315903
    outer loop
      vertex 9.59254210369921 -6.8000000000000025 72.7779245543571
      vertex 9.59254210369921 -10.800000000000002 72.7779245543571
      vertex 9.403333781699192 -10.800000000000002 73.33531429703866
    endloop
  endfacet
  facet normal -0.8314696123025374 0 -0.5555702330196141
    outer loop
      vertex 10.133769545185054 -6.8000000000000025 71.82962759316926
      vertex 10.133769545185054 -10.800000000000002 71.82962759316926
      vertex 9.852885682970026 -10.800000000000002 72.25
    endloop
  endfacet
  facet normal 0 -1 0
    outer loop
      vertex 9.59254210369921 -10.800000000000002 72.7779245543571
      vertex 9.852885682970026 -10.800000000000002 72.25
      vertex 9.59254210369921 -10.800000000000002 76.2220754456429
    endloop
  endfacet
  facet normal 0 -1 0
    outer loop
      vertex 9.59254210369921 -10.800000000000002 72.7779245543571
      vertex 9.403333781699192 -10.800000000000002 75.66468570296135
      vertex 9.403333781699192 -10.800000000000002 73.33531429703866
    endloop
  endfacet
  facet normal 0 -1 0
    outer loop
      vertex 9.852885682970026 -10.800000000000002 72.25
      vertex 10.133769545185054 -10.800000000000002 71.82962759316926
      vertex 9.852885682970026 -10.800000000000002 76.75
    endloop
  endfacet
  facet normal 0 -1 0
    outer loop
      vertex 10.133769545185054 -10.800000000000002 71.82962759316926
      vertex 10.61163616925478 -10.800000000000002 71.87669334560633
      vertex 10.568019484660535 -10.800000000000002 77.68198051533946
    endloop
  endfacet
  facet normal 0 -1 0
    outer loop
      vertex 10.61163616925478 -10.800000000000002 71.87669334560633
      vertex 12.17960736900568 -10.800000000000002 71.96916145086288
      vertex 12.133210818105248 -10.800000000000002 73.8303039933611
    endloop
  endfacet
  facet normal 0 -1 0
    outer loop
      vertex 12.17960736900568 -10.800000000000002 71.96916145086288
      vertex 12.684667499234738 -10.800000000000002 73.11163165449034
      vertex 12.512563132923542 -10.800000000000002 73.26256313292355
    endloop
  endfacet
  facet normal 0 -1 0
    outer loop
      vertex 10.61163616925478 -10.800000000000002 71.87669334560633
      vertex 12.059629803994131 -10.800000000000002 74.0470666710706
      vertex 12.014971492595832 -10.800000000000002 74.27157916361492
    endloop
  endfacet
  facet normal 0 -1 0
    outer loop
      vertex 10.61163616925478 -10.800000000000002 71.87669334560633
      vertex 12.133210818105248 -10.800000000000002 73.8303039933611
      vertex 12.059629803994131 -10.800000000000002 74.0470666710706
    endloop
  endfacet
  facet normal 0 -1 0
    outer loop
      vertex 10.61163616925478 -10.800000000000002 71.87669334560633
      vertex 12.014971492595832 -10.800000000000002 74.27157916361492
      vertex 12 -10.800000000000002 74.5
    endloop
  endfacet
  facet normal 0 -1 0
    outer loop
      vertex 10.61163616925478 -10.800000000000002 71.87669334560633
      vertex 12 -10.800000000000002 74.5
      vertex 12.014971492595832 -10.800000000000002 74.7284208363851
    endloop
  endfacet
  facet normal 0 -1 0
    outer loop
      vertex 10.61163616925478 -10.800000000000002 71.87669334560633
      vertex 12.014971492595832 -10.800000000000002 74.7284208363851
      vertex 12.059629803994131 -10.800000000000002 74.95293332892942
    endloop
  endfacet
  facet normal 0 -1 0
    outer loop
      vertex 10.61163616925478 -10.800000000000002 71.87669334560633
      vertex 12.059629803994131 -10.800000000000002 74.95293332892942
      vertex 12.133210818105248 -10.800000000000002 75.16969600663892
    endloop
  endfacet
  facet normal 0 -1 0
    outer loop
      vertex 12.17960736900568 -10.800000000000002 71.96916145086288
      vertex 12.234455543377232 -10.800000000000002 73.625
      vertex 12.133210818105248 -10.800000000000002 73.8303039933611
    endloop
  endfacet
  facet normal 0 -1 0
    outer loop
      vertex 12.17960736900568 -10.800000000000002 71.96916145086288
      vertex 12.361631654490338 -10.800000000000002 73.43466749923475
      vertex 12.234455543377232 -10.800000000000002 73.625
    endloop
  endfacet
  facet normal 0 -1 0
    outer loop
      vertex 12.17960736900568 -10.800000000000002 71.96916145086288
      vertex 12.512563132923542 -10.800000000000002 73.26256313292355
      vertex 12.361631654490338 -10.800000000000002 73.43466749923475
    endloop
  endfacet
  facet normal 0 -1 0
    outer loop
      vertex 12.17960736900568 -10.800000000000002 71.96916145086288
      vertex 12.875 -10.800000000000002 72.98445554337724
      vertex 12.684667499234738 -10.800000000000002 73.11163165449034
    endloop
  endfacet
  facet normal 0 -1 0
    outer loop
      vertex 12.17960736900568 -10.800000000000002 71.96916145086288
      vertex 13.080303993361094 -10.800000000000002 72.88321081810525
      vertex 12.875 -10.800000000000002 72.98445554337724
    endloop
  endfacet
  facet normal 0 -1 0
    outer loop
      vertex 12.17960736900568 -10.800000000000002 71.96916145086288
      vertex 13.75 -10.800000000000002 72
      vertex 13.080303993361094 -10.800000000000002 72.88321081810525
    endloop
  endfacet
  facet normal 0 -1 0
    outer loop
      vertex 13.297066671070588 -10.800000000000002 72.80962980399414
      vertex 13.080303993361094 -10.800000000000002 72.88321081810525
      vertex 13.75 -10.800000000000002 72
    endloop
  endfacet
  facet normal 0 -1 0
    outer loop
      vertex 13.52157916361491 -10.800000000000002 72.76497149259583
      vertex 13.75 -10.800000000000002 72
      vertex 13.75 -10.800000000000002 72.75
    endloop
  endfacet
  facet normal 0 -1 0
    outer loop
      vertex 13.297066671070588 -10.800000000000002 72.80962980399414
      vertex 13.75 -10.800000000000002 72
      vertex 13.52157916361491 -10.800000000000002 72.76497149259583
    endloop
  endfacet
  facet normal -0.9978589232386035 0 -0.06540312923014259
    outer loop
      vertex 9.288498123817853 -6.8000000000000025 73.91263213500977
      vertex 9.288498123817853 -10.800000000000002 73.91263213500977
      vertex 9.25 -10.800000000000002 74.5
    endloop
  endfacet
  facet normal -0.9978589232386036 0 0.06540312923014101
    outer loop
      vertex 9.25 -6.8000000000000025 74.5
      vertex 9.25 -10.800000000000002 74.5
      vertex 9.288498123817853 -10.800000000000002 75.08736786499024
    endloop
  endfacet
  facet normal -0.9807852804032301 0 0.19509032201612972
    outer loop
      vertex 9.288498123817853 -6.8000000000000025 75.08736786499024
      vertex 9.288498123817853 -10.800000000000002 75.08736786499024
      vertex 9.403333781699192 -10.800000000000002 75.66468570296135
    endloop
  endfacet
  facet normal -0.9469301294951041 0 0.32143946530316647
    outer loop
      vertex 9.403333781699192 -6.8000000000000025 75.66468570296135
      vertex 9.403333781699192 -10.800000000000002 75.66468570296135
      vertex 9.59254210369921 -10.800000000000002 76.2220754456429
    endloop
  endfacet
  facet normal -0.896872741532689 0 0.44228869021899947
    outer loop
      vertex 9.59254210369921 -6.8000000000000025 76.2220754456429
      vertex 9.59254210369921 -10.800000000000002 76.2220754456429
      vertex 9.852885682970026 -10.800000000000002 76.75
    endloop
  endfacet
  facet normal -0.8314696123025508 0 0.5555702330195937
    outer loop
      vertex 9.852885682970026 -6.8000000000000025 76.75
      vertex 9.852885682970026 -10.800000000000002 76.75
      vertex 10.179909968689442 -10.800000000000002 77.23942643053925
    endloop
  endfacet
  facet normal -0.751839807478968 0 0.6593458151000796
    outer loop
      vertex 10.179909968689442 -6.8000000000000025 77.23942643053925
      vertex 10.179909968689442 -10.800000000000002 77.23942643053925
      vertex 10.568019484660535 -10.800000000000002 77.68198051533946
    endloop
  endfacet
  facet normal -0.6593458151000829 0 0.7518398074789651
    outer loop
      vertex 11.010573569460757 -6.8000000000000025 78.07009003131057
      vertex 10.568019484660535 -10.800000000000002 77.68198051533946
      vertex 11.010573569460757 -10.800000000000002 78.07009003131057
    endloop
  endfacet
  facet normal -0.5555702330195875 0 0.831469612302555
    outer loop
      vertex 11.5 -6.8000000000000025 78.39711431702997
      vertex 11.010573569460757 -10.800000000000002 78.07009003131057
      vertex 11.5 -10.800000000000002 78.39711431702997
    endloop
  endfacet
  facet normal -0.4422886902190116 0 0.8968727415326833
    outer loop
      vertex 12.027924554357096 -6.8000000000000025 78.6574578963008
      vertex 11.5 -10.800000000000002 78.39711431702997
      vertex 12.027924554357096 -10.800000000000002 78.6574578963008
    endloop
  endfacet
  facet normal -0.3214394653031555 0 0.9469301294951078
    outer loop
      vertex 12.585314297038657 -6.8000000000000025 78.84666621830081
      vertex 12.027924554357096 -10.800000000000002 78.6574578963008
      vertex 12.585314297038657 -10.800000000000002 78.84666621830081
    endloop
  endfacet
  facet normal -0.19509032201613494 0 0.9807852804032291
    outer loop
      vertex 13.162632135009767 -6.8000000000000025 78.96150187618215
      vertex 12.585314297038657 -10.800000000000002 78.84666621830081
      vertex 13.162632135009767 -10.800000000000002 78.96150187618215
    endloop
  endfacet
  facet normal -0.06540312923012997 -5.262434120115189e-19 0.9978589232386043
    outer loop
      vertex 13.162632135009767 -10.800000000000002 78.96150187618215
      vertex 13.75 -10.800000000000002 79
      vertex 13.75 -6.8000000000000025 79
    endloop
  endfacet
  facet normal 0 -1 0
    outer loop
      vertex 9.288498123817853 -10.800000000000002 73.91263213500977
      vertex 9.403333781699192 -10.800000000000002 73.33531429703866
      vertex 9.288498123817853 -10.800000000000002 75.08736786499024
    endloop
  endfacet
  facet normal 0 -1 0
    outer loop
      vertex 9.288498123817853 -10.800000000000002 73.91263213500977
      vertex 9.288498123817853 -10.800000000000002 75.08736786499024
      vertex 9.25 -10.800000000000002 74.5
    endloop
  endfacet
  facet normal 0 -1 0
    outer loop
      vertex 9.403333781699192 -10.800000000000002 73.33531429703866
      vertex 9.403333781699192 -10.800000000000002 75.66468570296135
      vertex 9.288498123817853 -10.800000000000002 75.08736786499024
    endloop
  endfacet
  facet normal 0 -1 0
    outer loop
      vertex 9.59254210369921 -10.800000000000002 72.7779245543571
      vertex 9.59254210369921 -10.800000000000002 76.2220754456429
      vertex 9.403333781699192 -10.800000000000002 75.66468570296135
    endloop
  endfacet
  facet normal 0 -1 0
    outer loop
      vertex 9.852885682970026 -10.800000000000002 72.25
      vertex 9.852885682970026 -10.800000000000002 76.75
      vertex 9.59254210369921 -10.800000000000002 76.2220754456429
    endloop
  endfacet
  facet normal 0 -1 0
    outer loop
      vertex 10.133769545185054 -10.800000000000002 71.82962759316926
      vertex 10.179909968689442 -10.800000000000002 77.23942643053925
      vertex 9.852885682970026 -10.800000000000002 76.75
    endloop
  endfacet
  facet normal 0 -1 0
    outer loop
      vertex 10.133769545185054 -10.800000000000002 71.82962759316926
      vertex 10.568019484660535 -10.800000000000002 77.68198051533946
      vertex 10.179909968689442 -10.800000000000002 77.23942643053925
    endloop
  endfacet
  facet normal 0 -1 0
    outer loop
      vertex 10.61163616925478 -10.800000000000002 71.87669334560633
      vertex 11.010573569460757 -10.800000000000002 78.07009003131057
      vertex 10.568019484660535 -10.800000000000002 77.68198051533946
    endloop
  endfacet
  facet normal 0 -1 0
    outer loop
      vertex 10.61163616925478 -10.800000000000002 71.87669334560633
      vertex 11.5 -10.800000000000002 78.39711431702997
      vertex 11.010573569460757 -10.800000000000002 78.07009003131057
    endloop
  endfacet
  facet normal 0 -1 0
    outer loop
      vertex 10.61163616925478 -10.800000000000002 71.87669334560633
      vertex 12.133210818105248 -10.800000000000002 75.16969600663892
      vertex 12.027924554357096 -10.800000000000002 78.6574578963008
    endloop
  endfacet
  facet normal 0 -1 0
    outer loop
      vertex 10.61163616925478 -10.800000000000002 71.87669334560633
      vertex 12.027924554357096 -10.800000000000002 78.6574578963008
      vertex 11.5 -10.800000000000002 78.39711431702997
    endloop
  endfacet
  facet normal 0 -1 0
    outer loop
      vertex 12.133210818105248 -10.800000000000002 75.16969600663892
      vertex 12.234455543377232 -10.800000000000002 75.375
      vertex 12.027924554357096 -10.800000000000002 78.6574578963008
    endloop
  endfacet
  facet normal 0 -1 0
    outer loop
      vertex 12.234455543377232 -10.800000000000002 75.375
      vertex 12.361631654490338 -10.800000000000002 75.56533250076527
      vertex 12.027924554357096 -10.800000000000002 78.6574578963008
    endloop
  endfacet
  facet normal 0 -1 0
    outer loop
      vertex 12.361631654490338 -10.800000000000002 75.56533250076527
      vertex 12.512563132923542 -10.800000000000002 75.73743686707647
      vertex 12.027924554357096 -10.800000000000002 78.6574578963008
    endloop
  endfacet
  facet normal 0 -1 0
    outer loop
      vertex 12.512563132923542 -10.800000000000002 75.73743686707647
      vertex 12.585314297038657 -10.800000000000002 78.84666621830081
      vertex 12.027924554357096 -10.800000000000002 78.6574578963008
    endloop
  endfacet
  facet normal 0 -1 0
    outer loop
      vertex 12.512563132923542 -10.800000000000002 75.73743686707647
      vertex 12.684667499234738 -10.800000000000002 75.88836834550966
      vertex 12.585314297038657 -10.800000000000002 78.84666621830081
    endloop
  endfacet
  facet normal 0 -1 0
    outer loop
      vertex 12.684667499234738 -10.800000000000002 75.88836834550966
      vertex 12.875 -10.800000000000002 76.01554445662276
      vertex 12.585314297038657 -10.800000000000002 78.84666621830081
    endloop
  endfacet
  facet normal 0 -1 0
    outer loop
      vertex 12.875 -10.800000000000002 76.01554445662276
      vertex 13.080303993361094 -10.800000000000002 76.11678918189475
      vertex 13.162632135009767 -10.800000000000002 78.96150187618215
    endloop
  endfacet
  facet normal 0 -1 0
    outer loop
      vertex 13.080303993361094 -10.800000000000002 76.11678918189475
      vertex 13.297066671070588 -10.800000000000002 76.19037019600589
      vertex 13.162632135009767 -10.800000000000002 78.96150187618215
    endloop
  endfacet
  facet normal 0 -1 0
    outer loop
      vertex 13.297066671070588 -10.800000000000002 76.19037019600589
      vertex 13.52157916361491 -10.800000000000002 76.23502850740417
      vertex 13.75 -10.800000000000002 79
    endloop
  endfacet
  facet normal 0 -1 0
    outer loop
      vertex 13.52157916361491 -10.800000000000002 76.23502850740417
      vertex 13.75 -10.800000000000002 76.25
      vertex 13.75 -10.800000000000002 79
    endloop
  endfacet
  facet normal 0 -1 0
    outer loop
      vertex 12.875 -10.800000000000002 76.01554445662276
      vertex 13.162632135009767 -10.800000000000002 78.96150187618215
      vertex 12.585314297038657 -10.800000000000002 78.84666621830081
    endloop
  endfacet
  facet normal 0 -1 0
    outer loop
      vertex 13.297066671070588 -10.800000000000002 76.19037019600589
      vertex 13.75 -10.800000000000002 79
      vertex 13.162632135009767 -10.800000000000002 78.96150187618215
    endloop
  endfacet
  facet normal 0 1 0
    outer loop
      vertex 13.75 -6.8000000000000025 72
      vertex 13.75 -6.8000000000000025 72.75
      vertex 13.97842083638509 -6.8000000000000025 72.76497149259583
    endloop
  endfacet
  facet normal 0 1 0
    outer loop
      vertex 13.75 -6.8000000000000025 72
      vertex 13.97842083638509 -6.8000000000000025 72.76497149259583
      vertex 14.202933328929412 -6.8000000000000025 72.80962980399414
    endloop
  endfacet
  facet normal 0 1 0
    outer loop
      vertex 13.75 -6.8000000000000025 72
      vertex 14.202933328929412 -6.8000000000000025 72.80962980399414
      vertex 14.419696006638906 -6.8000000000000025 72.88321081810525
    endloop
  endfacet
  facet normal 0 1 0
    outer loop
      vertex 13.75 -6.8000000000000025 72
      vertex 14.419696006638906 -6.8000000000000025 72.88321081810525
      vertex 15.32039263099432 -6.8000000000000025 71.96916145086288
    endloop
  endfacet
  facet normal 0 1 0
    outer loop
      vertex 14.419696006638906 -6.8000000000000025 72.88321081810525
      vertex 14.625 -6.8000000000000025 72.98445554337724
      vertex 15.32039263099432 -6.8000000000000025 71.96916145086288
    endloop
  endfacet
  facet normal 0 1 0
    outer loop
      vertex 14.625 -6.8000000000000025 72.98445554337724
      vertex 14.815332500765262 -6.8000000000000025 73.11163165449034
      vertex 15.32039263099432 -6.8000000000000025 71.96916145086288
    endloop
  endfacet
  facet normal 0 1 0
    outer loop
      vertex 14.815332500765262 -6.8000000000000025 73.11163165449034
      vertex 14.987436867076458 -6.8000000000000025 73.26256313292355
      vertex 15.32039263099432 -6.8000000000000025 71.96916145086288
    endloop
  endfacet
  facet normal 0 1 0
    outer loop
      vertex 15.32039263099432 -6.8000000000000025 71.96916145086288
      vertex 15.366789181894752 -6.8000000000000025 73.8303039933611
      vertex 16.88836383074522 -6.8000000000000025 71.87669334560633
    endloop
  endfacet
  facet normal 0 1 0
    outer loop
      vertex 14.987436867076458 -6.8000000000000025 73.26256313292355
      vertex 15.138368345509662 -6.8000000000000025 73.43466749923475
      vertex 15.32039263099432 -6.8000000000000025 71.96916145086288
    endloop
  endfacet
  facet normal 0 1 0
    outer loop
      vertex 15.32039263099432 -6.8000000000000025 71.96916145086288
      vertex 15.138368345509662 -6.8000000000000025 73.43466749923475
      vertex 15.265544456622768 -6.8000000000000025 73.625
    endloop
  endfacet
  facet normal 0 1 0
    outer loop
      vertex 15.32039263099432 -6.8000000000000025 71.96916145086288
      vertex 15.265544456622768 -6.8000000000000025 73.625
      vertex 15.366789181894752 -6.8000000000000025 73.8303039933611
    endloop
  endfacet
  facet normal 0 1 0
    outer loop
      vertex 15.366789181894752 -6.8000000000000025 73.8303039933611
      vertex 15.440370196005869 -6.8000000000000025 74.0470666710706
      vertex 16.88836383074522 -6.8000000000000025 71.87669334560633
    endloop
  endfacet
  facet normal 0 1 0
    outer loop
      vertex 15.440370196005869 -6.8000000000000025 74.0470666710706
      vertex 15.485028507404168 -6.8000000000000025 74.27157916361492
      vertex 16.88836383074522 -6.8000000000000025 71.87669334560633
    endloop
  endfacet
  facet normal 0 1 0
    outer loop
      vertex 16.88836383074522 -6.8000000000000025 71.87669334560633
      vertex 15.440370196005869 -6.8000000000000025 74.95293332892942
      vertex 15.366789181894752 -6.8000000000000025 75.16969600663892
    endloop
  endfacet
  facet normal 0 1 0
    outer loop
      vertex 16.88836383074522 -6.8000000000000025 71.87669334560633
      vertex 15.485028507404168 -6.8000000000000025 74.27157916361492
      vertex 15.5 -6.8000000000000025 74.5
    endloop
  endfacet
  facet normal 0 1 0
    outer loop
      vertex 16.88836383074522 -6.8000000000000025 71.87669334560633
      vertex 15.5 -6.8000000000000025 74.5
      vertex 15.485028507404168 -6.8000000000000025 74.7284208363851
    endloop
  endfacet
  facet normal 0 1 0
    outer loop
      vertex 16.88836383074522 -6.8000000000000025 71.87669334560633
      vertex 15.485028507404168 -6.8000000000000025 74.7284208363851
      vertex 15.440370196005869 -6.8000000000000025 74.95293332892942
    endloop
  endfacet
  facet normal 0 1 0
    outer loop
      vertex 16.88836383074522 -6.8000000000000025 71.87669334560633
      vertex 16.931980515339465 -6.8000000000000025 77.68198051533946
      vertex 17.366230454814946 -6.8000000000000025 71.82962759316926
    endloop
  endfacet
  facet normal 0 1 0
    outer loop
      vertex 17.366230454814946 -6.8000000000000025 71.82962759316926
      vertex 17.647114317029974 -6.8000000000000025 76.75
      vertex 17.647114317029974 -6.8000000000000025 72.25
    endloop
  endfacet
  facet normal 0 1 0
    outer loop
      vertex 17.647114317029974 -6.8000000000000025 72.25
      vertex 17.90745789630079 -6.8000000000000025 76.2220754456429
      vertex 17.90745789630079 -6.8000000000000025 72.7779245543571
    endloop
  endfacet
  facet normal 0 1 0
    outer loop
      vertex 17.90745789630079 -6.8000000000000025 72.7779245543571
      vertex 18.096666218300808 -6.8000000000000025 75.66468570296135
      vertex 18.096666218300808 -6.8000000000000025 73.33531429703866
    endloop
  endfacet
  facet normal 0.8314696123025374 0 -0.5555702330196141
    outer loop
      vertex 17.366230454814946 -6.8000000000000025 71.82962759316926
      vertex 17.647114317029974 -6.8000000000000025 72.25
      vertex 17.366230454814946 -10.800000000000002 71.82962759316926
    endloop
  endfacet
  facet normal 0.896872741532689 0 -0.44228869021899947
    outer loop
      vertex 17.647114317029974 -6.8000000000000025 72.25
      vertex 17.90745789630079 -6.8000000000000025 72.7779245543571
      vertex 17.647114317029974 -10.800000000000002 72.25
    endloop
  endfacet
  facet normal 0.9469301294951065 0 -0.32143946530315903
    outer loop
      vertex 17.90745789630079 -6.8000000000000025 72.7779245543571
      vertex 18.096666218300808 -6.8000000000000025 73.33531429703866
      vertex 17.90745789630079 -10.800000000000002 72.7779245543571
    endloop
  endfacet
  facet normal 0.9807852804032301 0 -0.19509032201612972
    outer loop
      vertex 18.096666218300808 -6.8000000000000025 73.33531429703866
      vertex 18.211501876182147 -6.8000000000000025 73.91263213500977
      vertex 18.096666218300808 -10.800000000000002 73.33531429703866
    endloop
  endfacet
  facet normal 0 1 0
    outer loop
      vertex 16.88836383074522 -6.8000000000000025 71.87669334560633
      vertex 15.366789181894752 -6.8000000000000025 75.16969600663892
      vertex 15.472075445642904 -6.8000000000000025 78.6574578963008
    endloop
  endfacet
  facet normal 0 1 0
    outer loop
      vertex 15.366789181894752 -6.8000000000000025 75.16969600663892
      vertex 15.265544456622768 -6.8000000000000025 75.375
      vertex 15.472075445642904 -6.8000000000000025 78.6574578963008
    endloop
  endfacet
  facet normal 0 1 0
    outer loop
      vertex 16.88836383074522 -6.8000000000000025 71.87669334560633
      vertex 15.472075445642904 -6.8000000000000025 78.6574578963008
      vertex 16 -6.8000000000000025 78.39711431702997
    endloop
  endfacet
  facet normal 0 1 0
    outer loop
      vertex 13.97842083638509 -6.8000000000000025 76.23502850740417
      vertex 13.75 -6.8000000000000025 79
      vertex 14.202933328929412 -6.8000000000000025 76.19037019600589
    endloop
  endfacet
  facet normal 0 1 0
    outer loop
      vertex 14.202933328929412 -6.8000000000000025 76.19037019600589
      vertex 14.337367864990233 -6.8000000000000025 78.96150187618215
      vertex 14.419696006638906 -6.8000000000000025 76.11678918189475
    endloop
  endfacet
  facet normal 0 1 0
    outer loop
      vertex 13.75 -6.8000000000000025 76.25
      vertex 13.75 -6.8000000000000025 79
      vertex 13.97842083638509 -6.8000000000000025 76.23502850740417
    endloop
  endfacet
  facet normal 0 1 0
    outer loop
      vertex 14.419696006638906 -6.8000000000000025 76.11678918189475
      vertex 14.337367864990233 -6.8000000000000025 78.96150187618215
      vertex 14.625 -6.8000000000000025 76.01554445662276
    endloop
  endfacet
  facet normal 0 1 0
    outer loop
      vertex 14.815332500765262 -6.8000000000000025 75.88836834550966
      vertex 14.914685702961343 -6.8000000000000025 78.84666621830081
      vertex 14.987436867076458 -6.8000000000000025 75.73743686707647
    endloop
  endfacet
  facet normal 0 1 0
    outer loop
      vertex 14.815332500765262 -6.8000000000000025 75.88836834550966
      vertex 14.625 -6.8000000000000025 76.01554445662276
      vertex 14.914685702961343 -6.8000000000000025 78.84666621830081
    endloop
  endfacet
  facet normal 0 1 0
    outer loop
      vertex 14.202933328929412 -6.8000000000000025 76.19037019600589
      vertex 13.75 -6.8000000000000025 79
      vertex 14.337367864990233 -6.8000000000000025 78.96150187618215
    endloop
  endfacet
  facet normal 0 1 0
    outer loop
      vertex 14.625 -6.8000000000000025 76.01554445662276
      vertex 14.337367864990233 -6.8000000000000025 78.96150187618215
      vertex 14.914685702961343 -6.8000000000000025 78.84666621830081
    endloop
  endfacet
  facet normal 0 1 0
    outer loop
      vertex 14.987436867076458 -6.8000000000000025 75.73743686707647
      vertex 15.472075445642904 -6.8000000000000025 78.6574578963008
      vertex 15.138368345509662 -6.8000000000000025 75.56533250076527
    endloop
  endfacet
  facet normal 0 1 0
    outer loop
      vertex 15.138368345509662 -6.8000000000000025 75.56533250076527
      vertex 15.472075445642904 -6.8000000000000025 78.6574578963008
      vertex 15.265544456622768 -6.8000000000000025 75.375
    endloop
  endfacet
  facet normal 0 1 0
    outer loop
      vertex 14.987436867076458 -6.8000000000000025 75.73743686707647
      vertex 14.914685702961343 -6.8000000000000025 78.84666621830081
      vertex 15.472075445642904 -6.8000000000000025 78.6574578963008
    endloop
  endfacet
  facet normal 0 1 0
    outer loop
      vertex 17.366230454814946 -6.8000000000000025 71.82962759316926
      vertex 17.320090031310556 -6.8000000000000025 77.23942643053925
      vertex 17.647114317029974 -6.8000000000000025 76.75
    endloop
  endfacet
  facet normal 0 1 0
    outer loop
      vertex 16.88836383074522 -6.8000000000000025 71.87669334560633
      vertex 16.489426430539243 -6.8000000000000025 78.07009003131057
      vertex 16.931980515339465 -6.8000000000000025 77.68198051533946
    endloop
  endfacet
  facet normal 0 1 0
    outer loop
      vertex 16.88836383074522 -6.8000000000000025 71.87669334560633
      vertex 16 -6.8000000000000025 78.39711431702997
      vertex 16.489426430539243 -6.8000000000000025 78.07009003131057
    endloop
  endfacet
  facet normal 0 1 0
    outer loop
      vertex 17.366230454814946 -6.8000000000000025 71.82962759316926
      vertex 16.931980515339465 -6.8000000000000025 77.68198051533946
      vertex 17.320090031310556 -6.8000000000000025 77.23942643053925
    endloop
  endfacet
  facet normal 0 1 0
    outer loop
      vertex 17.647114317029974 -6.8000000000000025 72.25
      vertex 17.647114317029974 -6.8000000000000025 76.75
      vertex 17.90745789630079 -6.8000000000000025 76.2220754456429
    endloop
  endfacet
  facet normal 0 1 0
    outer loop
      vertex 17.90745789630079 -6.8000000000000025 72.7779245543571
      vertex 17.90745789630079 -6.8000000000000025 76.2220754456429
      vertex 18.096666218300808 -6.8000000000000025 75.66468570296135
    endloop
  endfacet
  facet normal 0 1 0
    outer loop
      vertex 18.096666218300808 -6.8000000000000025 73.33531429703866
      vertex 18.211501876182147 -6.8000000000000025 75.08736786499024
      vertex 18.211501876182147 -6.8000000000000025 73.91263213500977
    endloop
  endfacet
  facet normal 0 1 0
    outer loop
      vertex 18.211501876182147 -6.8000000000000025 73.91263213500977
      vertex 18.211501876182147 -6.8000000000000025 75.08736786499024
      vertex 18.25 -6.8000000000000025 74.5
    endloop
  endfacet
  facet normal 0 1 0
    outer loop
      vertex 18.096666218300808 -6.8000000000000025 73.33531429703866
      vertex 18.096666218300808 -6.8000000000000025 75.66468570296135
      vertex 18.211501876182147 -6.8000000000000025 75.08736786499024
    endloop
  endfacet
  facet normal 0.06540312923012997 0 0.9978589232386043
    outer loop
      vertex 13.75 -6.8000000000000025 79
      vertex 13.75 -10.800000000000002 79
      vertex 14.337367864990233 -6.8000000000000025 78.96150187618215
    endloop
  endfacet
  facet normal 0.19509032201613494 0 0.9807852804032291
    outer loop
      vertex 14.337367864990233 -6.8000000000000025 78.96150187618215
      vertex 14.337367864990233 -10.800000000000002 78.96150187618215
      vertex 14.914685702961343 -6.8000000000000025 78.84666621830081
    endloop
  endfacet
  facet normal 0.3214394653031555 0 0.9469301294951078
    outer loop
      vertex 14.914685702961343 -6.8000000000000025 78.84666621830081
      vertex 14.914685702961343 -10.800000000000002 78.84666621830081
      vertex 15.472075445642904 -6.8000000000000025 78.6574578963008
    endloop
  endfacet
  facet normal 0.5555702330195875 0 0.831469612302555
    outer loop
      vertex 16 -6.8000000000000025 78.39711431702997
      vertex 16 -10.800000000000002 78.39711431702997
      vertex 16.489426430539243 -6.8000000000000025 78.07009003131057
    endloop
  endfacet
  facet normal 0.4422886902190116 0 0.8968727415326833
    outer loop
      vertex 15.472075445642904 -6.8000000000000025 78.6574578963008
      vertex 15.472075445642904 -10.800000000000002 78.6574578963008
      vertex 16 -6.8000000000000025 78.39711431702997
    endloop
  endfacet
  facet normal 0.9978589232386035 0 -0.06540312923014259
    outer loop
      vertex 18.211501876182147 -6.8000000000000025 73.91263213500977
      vertex 18.25 -6.8000000000000025 74.5
      vertex 18.211501876182147 -10.800000000000002 73.91263213500977
    endloop
  endfacet
  facet normal 0.9978589232386036 0 0.06540312923014101
    outer loop
      vertex 18.25 -6.8000000000000025 74.5
      vertex 18.211501876182147 -6.8000000000000025 75.08736786499024
      vertex 18.25 -10.800000000000002 74.5
    endloop
  endfacet
  facet normal 0.9807852804032301 0 0.19509032201612972
    outer loop
      vertex 18.211501876182147 -6.8000000000000025 75.08736786499024
      vertex 18.096666218300808 -6.8000000000000025 75.66468570296135
      vertex 18.211501876182147 -10.800000000000002 75.08736786499024
    endloop
  endfacet
  facet normal 0.9469301294951041 0 0.32143946530316647
    outer loop
      vertex 18.096666218300808 -6.8000000000000025 75.66468570296135
      vertex 17.90745789630079 -6.8000000000000025 76.2220754456429
      vertex 18.096666218300808 -10.800000000000002 75.66468570296135
    endloop
  endfacet
  facet normal 0.896872741532689 0 0.44228869021899947
    outer loop
      vertex 17.90745789630079 -6.8000000000000025 76.2220754456429
      vertex 17.647114317029974 -6.8000000000000025 76.75
      vertex 17.90745789630079 -10.800000000000002 76.2220754456429
    endloop
  endfacet
  facet normal 0.7518398074789695 1.747476604602108e-18 0.659345815100078
    outer loop
      vertex 16.931980515339465 -6.8000000000000025 77.68198051533946
      vertex 17.320090031310556 -10.800000000000002 77.23942643053925
      vertex 17.320090031310556 -6.8000000000000025 77.23942643053925
    endloop
  endfacet
  facet normal 0.6593458151000829 2.3759498834470586e-18 0.7518398074789651
    outer loop
      vertex 16.931980515339465 -6.8000000000000025 77.68198051533946
      vertex 16.489426430539243 -6.8000000000000025 78.07009003131057
      vertex 16.489426430539243 -10.800000000000002 78.07009003131057
    endloop
  endfacet
  facet normal 0.8314696123025496 1.5719089471645436e-18 0.555570233019596
    outer loop
      vertex 17.320090031310556 -6.8000000000000025 77.23942643053925
      vertex 17.647114317029974 -10.800000000000002 76.75
      vertex 17.647114317029974 -6.8000000000000025 76.75
    endloop
  endfacet
  facet normal 0.8314696123025374 0 -0.5555702330196141
    outer loop
      vertex 17.647114317029974 -6.8000000000000025 72.25
      vertex 17.647114317029974 -10.800000000000002 72.25
      vertex 17.366230454814946 -10.800000000000002 71.82962759316926
    endloop
  endfacet
  facet normal 0.896872741532689 0 -0.44228869021899947
    outer loop
      vertex 17.90745789630079 -6.8000000000000025 72.7779245543571
      vertex 17.90745789630079 -10.800000000000002 72.7779245543571
      vertex 17.647114317029974 -10.800000000000002 72.25
    endloop
  endfacet
  facet normal 0.9469301294951065 0 -0.32143946530315903
    outer loop
      vertex 18.096666218300808 -6.8000000000000025 73.33531429703866
      vertex 18.096666218300808 -10.800000000000002 73.33531429703866
      vertex 17.90745789630079 -10.800000000000002 72.7779245543571
    endloop
  endfacet
  facet normal 0.9807852804032301 0 -0.19509032201612972
    outer loop
      vertex 18.211501876182147 -6.8000000000000025 73.91263213500977
      vertex 18.211501876182147 -10.800000000000002 73.91263213500977
      vertex 18.096666218300808 -10.800000000000002 73.33531429703866
    endloop
  endfacet
  facet normal 0 -1 0
    outer loop
      vertex 13.75 -10.800000000000002 72
      vertex 13.97842083638509 -10.800000000000002 72.76497149259583
      vertex 13.75 -10.800000000000002 72.75
    endloop
  endfacet
  facet normal 0 -1 0
    outer loop
      vertex 13.75 -10.800000000000002 72
      vertex 14.202933328929412 -10.800000000000002 72.80962980399414
      vertex 13.97842083638509 -10.800000000000002 72.76497149259583
    endloop
  endfacet
  facet normal 0 -1 0
    outer loop
      vertex 13.75 -10.800000000000002 72
      vertex 15.32039263099432 -10.800000000000002 71.96916145086288
      vertex 14.202933328929412 -10.800000000000002 72.80962980399414
    endloop
  endfacet
  facet normal 0 -1 0
    outer loop
      vertex 14.202933328929412 -10.800000000000002 72.80962980399414
      vertex 15.32039263099432 -10.800000000000002 71.96916145086288
      vertex 14.419696006638906 -10.800000000000002 72.88321081810525
    endloop
  endfacet
  facet normal 0 -1 0
    outer loop
      vertex 14.419696006638906 -10.800000000000002 72.88321081810525
      vertex 15.32039263099432 -10.800000000000002 71.96916145086288
      vertex 14.625 -10.800000000000002 72.98445554337724
    endloop
  endfacet
  facet normal 0 -1 0
    outer loop
      vertex 14.625 -10.800000000000002 72.98445554337724
      vertex 15.32039263099432 -10.800000000000002 71.96916145086288
      vertex 14.815332500765262 -10.800000000000002 73.11163165449034
    endloop
  endfacet
  facet normal 0 -1 0
    outer loop
      vertex 14.815332500765262 -10.800000000000002 73.11163165449034
      vertex 15.32039263099432 -10.800000000000002 71.96916145086288
      vertex 14.987436867076458 -10.800000000000002 73.26256313292355
    endloop
  endfacet
  facet normal 0 -1 0
    outer loop
      vertex 14.987436867076458 -10.800000000000002 73.26256313292355
      vertex 15.32039263099432 -10.800000000000002 71.96916145086288
      vertex 15.138368345509662 -10.800000000000002 73.43466749923475
    endloop
  endfacet
  facet normal 0 -1 0
    outer loop
      vertex 15.32039263099432 -10.800000000000002 71.96916145086288
      vertex 15.265544456622768 -10.800000000000002 73.625
      vertex 15.138368345509662 -10.800000000000002 73.43466749923475
    endloop
  endfacet
  facet normal 0 -1 0
    outer loop
      vertex 15.32039263099432 -10.800000000000002 71.96916145086288
      vertex 15.366789181894752 -10.800000000000002 73.8303039933611
      vertex 15.265544456622768 -10.800000000000002 73.625
    endloop
  endfacet
  facet normal 0 -1 0
    outer loop
      vertex 15.32039263099432 -10.800000000000002 71.96916145086288
      vertex 15.440370196005869 -10.800000000000002 74.0470666710706
      vertex 15.366789181894752 -10.800000000000002 73.8303039933611
    endloop
  endfacet
  facet normal 0 -1 0
    outer loop
      vertex 15.32039263099432 -10.800000000000002 71.96916145086288
      vertex 15.485028507404168 -10.800000000000002 74.27157916361492
      vertex 15.440370196005869 -10.800000000000002 74.0470666710706
    endloop
  endfacet
  facet normal 0 -1 0
    outer loop
      vertex 15.32039263099432 -10.800000000000002 71.96916145086288
      vertex 16.88836383074522 -10.800000000000002 71.87669334560633
      vertex 16.489426430539243 -10.800000000000002 78.07009003131057
    endloop
  endfacet
  facet normal 0 -1 0
    outer loop
      vertex 16.88836383074522 -10.800000000000002 71.87669334560633
      vertex 17.366230454814946 -10.800000000000002 71.82962759316926
      vertex 17.647114317029974 -10.800000000000002 72.25
    endloop
  endfacet
  facet normal 0 -1 0
    outer loop
      vertex 16.88836383074522 -10.800000000000002 71.87669334560633
      vertex 17.647114317029974 -10.800000000000002 72.25
      vertex 17.320090031310556 -10.800000000000002 77.23942643053925
    endloop
  endfacet
  facet normal 0 -1 0
    outer loop
      vertex 17.647114317029974 -10.800000000000002 72.25
      vertex 17.90745789630079 -10.800000000000002 72.7779245543571
      vertex 17.647114317029974 -10.800000000000002 76.75
    endloop
  endfacet
  facet normal 0.06540312923012997 0 0.9978589232386043
    outer loop
      vertex 14.337367864990233 -6.8000000000000025 78.96150187618215
      vertex 13.75 -10.800000000000002 79
      vertex 14.337367864990233 -10.800000000000002 78.96150187618215
    endloop
  endfacet
  facet normal 0.19509032201613494 0 0.9807852804032291
    outer loop
      vertex 14.914685702961343 -6.8000000000000025 78.84666621830081
      vertex 14.337367864990233 -10.800000000000002 78.96150187618215
      vertex 14.914685702961343 -10.800000000000002 78.84666621830081
    endloop
  endfacet
  facet normal 0.3214394653031555 0 0.9469301294951078
    outer loop
      vertex 15.472075445642904 -6.8000000000000025 78.6574578963008
      vertex 14.914685702961343 -10.800000000000002 78.84666621830081
      vertex 15.472075445642904 -10.800000000000002 78.6574578963008
    endloop
  endfacet
  facet normal 0.4422886902190116 0 0.8968727415326833
    outer loop
      vertex 16 -6.8000000000000025 78.39711431702997
      vertex 15.472075445642904 -10.800000000000002 78.6574578963008
      vertex 16 -10.800000000000002 78.39711431702997
    endloop
  endfacet
  facet normal 0.9978589232386035 0 -0.06540312923014259
    outer loop
      vertex 18.25 -6.8000000000000025 74.5
      vertex 18.25 -10.800000000000002 74.5
      vertex 18.211501876182147 -10.800000000000002 73.91263213500977
    endloop
  endfacet
  facet normal 0.9978589232386036 0 0.06540312923014101
    outer loop
      vertex 18.211501876182147 -6.8000000000000025 75.08736786499024
      vertex 18.211501876182147 -10.800000000000002 75.08736786499024
      vertex 18.25 -10.800000000000002 74.5
    endloop
  endfacet
  facet normal 0.9469301294951041 0 0.32143946530316647
    outer loop
      vertex 17.90745789630079 -6.8000000000000025 76.2220754456429
      vertex 17.90745789630079 -10.800000000000002 76.2220754456429
      vertex 18.096666218300808 -10.800000000000002 75.66468570296135
    endloop
  endfacet
  facet normal 0.9807852804032301 0 0.19509032201612972
    outer loop
      vertex 18.096666218300808 -6.8000000000000025 75.66468570296135
      vertex 18.096666218300808 -10.800000000000002 75.66468570296135
      vertex 18.211501876182147 -10.800000000000002 75.08736786499024
    endloop
  endfacet
  facet normal 0.8314696123025496 0 0.555570233019596
    outer loop
      vertex 17.320090031310556 -6.8000000000000025 77.23942643053925
      vertex 17.320090031310556 -10.800000000000002 77.23942643053925
      vertex 17.647114317029974 -10.800000000000002 76.75
    endloop
  endfacet
  facet normal 0.7518398074789695 0 0.659345815100078
    outer loop
      vertex 16.931980515339465 -6.8000000000000025 77.68198051533946
      vertex 16.931980515339465 -10.800000000000002 77.68198051533946
      vertex 17.320090031310556 -10.800000000000002 77.23942643053925
    endloop
  endfacet
  facet normal 0.5555702330195875 0 0.831469612302555
    outer loop
      vertex 16.489426430539243 -6.8000000000000025 78.07009003131057
      vertex 16 -10.800000000000002 78.39711431702997
      vertex 16.489426430539243 -10.800000000000002 78.07009003131057
    endloop
  endfacet
  facet normal 0.6593458151000829 0 0.7518398074789651
    outer loop
      vertex 16.931980515339465 -6.8000000000000025 77.68198051533946
      vertex 16.489426430539243 -10.800000000000002 78.07009003131057
      vertex 16.931980515339465 -10.800000000000002 77.68198051533946
    endloop
  endfacet
  facet normal 0.896872741532689 0 0.44228869021899947
    outer loop
      vertex 17.647114317029974 -6.8000000000000025 76.75
      vertex 17.647114317029974 -10.800000000000002 76.75
      vertex 17.90745789630079 -10.800000000000002 76.2220754456429
    endloop
  endfacet
  facet normal 0 -1 0
    outer loop
      vertex 15.32039263099432 -10.800000000000002 71.96916145086288
      vertex 16 -10.800000000000002 78.39711431702997
      vertex 15.485028507404168 -10.800000000000002 74.27157916361492
    endloop
  endfacet
  facet normal 0 -1 0
    outer loop
      vertex 15.440370196005869 -10.800000000000002 74.95293332892942
      vertex 15.472075445642904 -10.800000000000002 78.6574578963008
      vertex 15.366789181894752 -10.800000000000002 75.16969600663892
    endloop
  endfacet
  facet normal 0 -1 0
    outer loop
      vertex 15.366789181894752 -10.800000000000002 75.16969600663892
      vertex 15.472075445642904 -10.800000000000002 78.6574578963008
      vertex 15.265544456622768 -10.800000000000002 75.375
    endloop
  endfacet
  facet normal 0 -1 0
    outer loop
      vertex 15.485028507404168 -10.800000000000002 74.27157916361492
      vertex 16 -10.800000000000002 78.39711431702997
      vertex 15.5 -10.800000000000002 74.5
    endloop
  endfacet
  facet normal 0 -1 0
    outer loop
      vertex 15.5 -10.800000000000002 74.5
      vertex 16 -10.800000000000002 78.39711431702997
      vertex 15.485028507404168 -10.800000000000002 74.7284208363851
    endloop
  endfacet
  facet normal 0 -1 0
    outer loop
      vertex 15.440370196005869 -10.800000000000002 74.95293332892942
      vertex 15.485028507404168 -10.800000000000002 74.7284208363851
      vertex 16 -10.800000000000002 78.39711431702997
    endloop
  endfacet
  facet normal 0 -1 0
    outer loop
      vertex 15.32039263099432 -10.800000000000002 71.96916145086288
      vertex 16.489426430539243 -10.800000000000002 78.07009003131057
      vertex 16 -10.800000000000002 78.39711431702997
    endloop
  endfacet
  facet normal 0 -1 0
    outer loop
      vertex 13.97842083638509 -10.800000000000002 76.23502850740417
      vertex 14.202933328929412 -10.800000000000002 76.19037019600589
      vertex 14.337367864990233 -10.800000000000002 78.96150187618215
    endloop
  endfacet
  facet normal 0 -1 0
    outer loop
      vertex 13.75 -10.800000000000002 76.25
      vertex 13.97842083638509 -10.800000000000002 76.23502850740417
      vertex 14.337367864990233 -10.800000000000002 78.96150187618215
    endloop
  endfacet
  facet normal 0 -1 0
    outer loop
      vertex 14.202933328929412 -10.800000000000002 76.19037019600589
      vertex 14.419696006638906 -10.800000000000002 76.11678918189475
      vertex 14.914685702961343 -10.800000000000002 78.84666621830081
    endloop
  endfacet
  facet normal 0 -1 0
    outer loop
      vertex 14.419696006638906 -10.800000000000002 76.11678918189475
      vertex 14.625 -10.800000000000002 76.01554445662276
      vertex 14.914685702961343 -10.800000000000002 78.84666621830081
    endloop
  endfacet
  facet normal 0 -1 0
    outer loop
      vertex 14.815332500765262 -10.800000000000002 75.88836834550966
      vertex 14.987436867076458 -10.800000000000002 75.73743686707647
      vertex 14.914685702961343 -10.800000000000002 78.84666621830081
    endloop
  endfacet
  facet normal 0 -1 0
    outer loop
      vertex 14.815332500765262 -10.800000000000002 75.88836834550966
      vertex 14.914685702961343 -10.800000000000002 78.84666621830081
      vertex 14.625 -10.800000000000002 76.01554445662276
    endloop
  endfacet
  facet normal 0 -1 0
    outer loop
      vertex 13.75 -10.800000000000002 76.25
      vertex 14.337367864990233 -10.800000000000002 78.96150187618215
      vertex 13.75 -10.800000000000002 79
    endloop
  endfacet
  facet normal 0 -1 0
    outer loop
      vertex 14.202933328929412 -10.800000000000002 76.19037019600589
      vertex 14.914685702961343 -10.800000000000002 78.84666621830081
      vertex 14.337367864990233 -10.800000000000002 78.96150187618215
    endloop
  endfacet
  facet normal 0 -1 0
    outer loop
      vertex 14.987436867076458 -10.800000000000002 75.73743686707647
      vertex 15.138368345509662 -10.800000000000002 75.56533250076527
      vertex 14.914685702961343 -10.800000000000002 78.84666621830081
    endloop
  endfacet
  facet normal 0 -1 0
    outer loop
      vertex 15.138368345509662 -10.800000000000002 75.56533250076527
      vertex 15.265544456622768 -10.800000000000002 75.375
      vertex 15.472075445642904 -10.800000000000002 78.6574578963008
    endloop
  endfacet
  facet normal 0 -1 0
    outer loop
      vertex 15.138368345509662 -10.800000000000002 75.56533250076527
      vertex 15.472075445642904 -10.800000000000002 78.6574578963008
      vertex 14.914685702961343 -10.800000000000002 78.84666621830081
    endloop
  endfacet
  facet normal 0 -1 0
    outer loop
      vertex 15.440370196005869 -10.800000000000002 74.95293332892942
      vertex 16 -10.800000000000002 78.39711431702997
      vertex 15.472075445642904 -10.800000000000002 78.6574578963008
    endloop
  endfacet
  facet normal 0 -1 0
    outer loop
      vertex 16.88836383074522 -10.800000000000002 71.87669334560633
      vertex 16.931980515339465 -10.800000000000002 77.68198051533946
      vertex 16.489426430539243 -10.800000000000002 78.07009003131057
    endloop
  endfacet
  facet normal 0 -1 0
    outer loop
      vertex 16.88836383074522 -10.800000000000002 71.87669334560633
      vertex 17.320090031310556 -10.800000000000002 77.23942643053925
      vertex 16.931980515339465 -10.800000000000002 77.68198051533946
    endloop
  endfacet
  facet normal 0 -1 0
    outer loop
      vertex 17.90745789630079 -10.800000000000002 72.7779245543571
      vertex 18.096666218300808 -10.800000000000002 73.33531429703866
      vertex 17.90745789630079 -10.800000000000002 76.2220754456429
    endloop
  endfacet
  facet normal 0 -1 0
    outer loop
      vertex 17.90745789630079 -10.800000000000002 72.7779245543571
      vertex 17.90745789630079 -10.800000000000002 76.2220754456429
      vertex 17.647114317029974 -10.800000000000002 76.75
    endloop
  endfacet
  facet normal 0 -1 0
    outer loop
      vertex 18.096666218300808 -10.800000000000002 73.33531429703866
      vertex 18.096666218300808 -10.800000000000002 75.66468570296135
      vertex 17.90745789630079 -10.800000000000002 76.2220754456429
    endloop
  endfacet
  facet normal 0 -1 0
    outer loop
      vertex 18.096666218300808 -10.800000000000002 73.33531429703866
      vertex 18.211501876182147 -10.800000000000002 73.91263213500977
      vertex 18.096666218300808 -10.800000000000002 75.66468570296135
    endloop
  endfacet
  facet normal 0 -1 0
    outer loop
      vertex 18.211501876182147 -10.800000000000002 73.91263213500977
      vertex 18.25 -10.800000000000002 74.5
      vertex 18.211501876182147 -10.800000000000002 75.08736786499024
    endloop
  endfacet
  facet normal 0 -1 0
    outer loop
      vertex 18.211501876182147 -10.800000000000002 73.91263213500977
      vertex 18.211501876182147 -10.800000000000002 75.08736786499024
      vertex 18.096666218300808 -10.800000000000002 75.66468570296135
    endloop
  endfacet
  facet normal 0 -1 0
    outer loop
      vertex 17.647114317029974 -10.800000000000002 72.25
      vertex 17.647114317029974 -10.800000000000002 76.75
      vertex 17.320090031310556 -10.800000000000002 77.23942643053925
    endloop
  endfacet
  facet normal 0.6593458151000762 0 0.751839807478971
    outer loop
      vertex -0.09066017177982144 -19.500000000000004 20.629339828220182
      vertex -0.09066017177982144 -21.300000000000004 20.629339828220182
      vertex 0.05685785648691899 -19.500000000000004 20.499969989563148
    endloop
  endfacet
  facet normal 0.7518398074789724 -2.776693855940349e-18 0.6593458151000745
    outer loop
      vertex -0.09066017177982144 -19.500000000000004 20.629339828220182
      vertex -0.22003001043685289 -19.500000000000004 20.77685785648692
      vertex -0.22003001043685289 -21.300000000000004 20.77685785648692
    endloop
  endfacet
  facet normal 0.8314696123025456 0 0.5555702330196016
    outer loop
      vertex -0.32903810567665803 -19.500000000000004 20.94
      vertex -0.32903810567665803 -21.300000000000004 20.94
      vertex -0.22003001043685289 -19.500000000000004 20.77685785648692
    endloop
  endfacet
  facet normal 0.8968727415326863 -1.3124489732865351e-19 0.4422886902190055
    outer loop
      vertex -0.32903810567665803 -19.500000000000004 20.94
      vertex -0.41581929876693 -19.500000000000004 21.115974851452364
      vertex -0.41581929876693 -21.300000000000004 21.115974851452364
    endloop
  endfacet
  facet normal 0.9469301294951072 1.1200171498285755e-18 0.3214394653031567
    outer loop
      vertex -0.41581929876693 -19.500000000000004 21.115974851452364
      vertex -0.47888873943360255 -19.500000000000004 21.30177143234622
      vertex -0.47888873943360255 -21.300000000000004 21.30177143234622
    endloop
  endfacet
  facet normal 0.98078528040323 -5.013861937235322e-19 0.19509032201613058
    outer loop
      vertex -0.47888873943360255 -19.500000000000004 21.30177143234622
      vertex -0.5171672920607155 -19.500000000000004 21.494210711669922
      vertex -0.5171672920607155 -21.300000000000004 21.494210711669922
    endloop
  endfacet
  facet normal 0.9978589232386035 1.94780903569941e-19 0.06540312923014291
    outer loop
      vertex -0.5171672920607155 -19.500000000000004 21.494210711669922
      vertex -0.53 -19.500000000000004 21.69
      vertex -0.53 -21.300000000000004 21.69
    endloop
  endfacet
  facet normal 0.44228869021899697 -5.673900159142675e-19 0.8968727415326905
    outer loop
      vertex 0.39597485145236533 -19.500000000000004 20.304180701233072
      vertex 0.21999999999999997 -19.500000000000004 20.390961894323343
      vertex 0.21999999999999997 -21.300000000000004 20.390961894323343
    endloop
  endfacet
  facet normal 0.32143946530316664 0 0.946930129495104
    outer loop
      vertex 0.39597485145236533 -19.500000000000004 20.304180701233072
      vertex 0.39597485145236533 -21.300000000000004 20.304180701233072
      vertex 0.5817714323462189 -19.500000000000004 20.2411112605664
    endloop
  endfacet
  facet normal 0.5555702330196003 0 0.8314696123025466
    outer loop
      vertex 0.05685785648691899 -19.500000000000004 20.499969989563148
      vertex 0.05685785648691899 -21.300000000000004 20.499969989563148
      vertex 0.21999999999999997 -19.500000000000004 20.390961894323343
    endloop
  endfacet
  facet normal 0.19509032201612297 0 0.9807852804032315
    outer loop
      vertex 0.5817714323462189 -19.500000000000004 20.2411112605664
      vertex 0.5817714323462189 -21.300000000000004 20.2411112605664
      vertex 0.7742107116699226 -19.500000000000004 20.202832707939287
    endloop
  endfacet
  facet normal 0.06540312923014809 0 0.9978589232386031
    outer loop
      vertex 0.7742107116699226 -19.500000000000004 20.202832707939287
      vertex 0.7742107116699226 -21.300000000000004 20.202832707939287
      vertex 0.97 -19.500000000000004 20.19
    endloop
  endfacet
  facet normal 0.8314696123025456 0 0.5555702330196016
    outer loop
      vertex -0.22003001043685289 -19.500000000000004 20.77685785648692
      vertex -0.32903810567665803 -21.300000000000004 20.94
      vertex -0.22003001043685289 -21.300000000000004 20.77685785648692
    endloop
  endfacet
  facet normal 0.7518398074789724 0 0.6593458151000745
    outer loop
      vertex -0.09066017177982144 -19.500000000000004 20.629339828220182
      vertex -0.22003001043685289 -21.300000000000004 20.77685785648692
      vertex -0.09066017177982144 -21.300000000000004 20.629339828220182
    endloop
  endfacet
  facet normal 0.8968727415326863 0 0.4422886902190055
    outer loop
      vertex -0.32903810567665803 -19.500000000000004 20.94
      vertex -0.41581929876693 -21.300000000000004 21.115974851452364
      vertex -0.32903810567665803 -21.300000000000004 20.94
    endloop
  endfacet
  facet normal 0.9469301294951072 0 0.3214394653031567
    outer loop
      vertex -0.41581929876693 -19.500000000000004 21.115974851452364
      vertex -0.47888873943360255 -21.300000000000004 21.30177143234622
      vertex -0.41581929876693 -21.300000000000004 21.115974851452364
    endloop
  endfacet
  facet normal 0.98078528040323 0 0.19509032201613058
    outer loop
      vertex -0.47888873943360255 -19.500000000000004 21.30177143234622
      vertex -0.5171672920607155 -21.300000000000004 21.494210711669922
      vertex -0.47888873943360255 -21.300000000000004 21.30177143234622
    endloop
  endfacet
  facet normal 0.9978589232386035 0 0.06540312923014291
    outer loop
      vertex -0.5171672920607155 -19.500000000000004 21.494210711669922
      vertex -0.53 -21.300000000000004 21.69
      vertex -0.5171672920607155 -21.300000000000004 21.494210711669922
    endloop
  endfacet
  facet normal 0.44228869021899697 0 0.8968727415326905
    outer loop
      vertex 0.39597485145236533 -19.500000000000004 20.304180701233072
      vertex 0.21999999999999997 -21.300000000000004 20.390961894323343
      vertex 0.39597485145236533 -21.300000000000004 20.304180701233072
    endloop
  endfacet
  facet normal 0.32143946530316664 0 0.946930129495104
    outer loop
      vertex 0.5817714323462189 -19.500000000000004 20.2411112605664
      vertex 0.39597485145236533 -21.300000000000004 20.304180701233072
      vertex 0.5817714323462189 -21.300000000000004 20.2411112605664
    endloop
  endfacet
  facet normal 0.6593458151000762 0 0.751839807478971
    outer loop
      vertex 0.05685785648691899 -19.500000000000004 20.499969989563148
      vertex -0.09066017177982144 -21.300000000000004 20.629339828220182
      vertex 0.05685785648691899 -21.300000000000004 20.499969989563148
    endloop
  endfacet
  facet normal 0.5555702330196003 0 0.8314696123025466
    outer loop
      vertex 0.21999999999999997 -19.500000000000004 20.390961894323343
      vertex 0.05685785648691899 -21.300000000000004 20.499969989563148
      vertex 0.21999999999999997 -21.300000000000004 20.390961894323343
    endloop
  endfacet
  facet normal 0.19509032201612297 0 0.9807852804032315
    outer loop
      vertex 0.7742107116699226 -19.500000000000004 20.202832707939287
      vertex 0.5817714323462189 -21.300000000000004 20.2411112605664
      vertex 0.7742107116699226 -21.300000000000004 20.202832707939287
    endloop
  endfacet
  facet normal 0.06540312923014809 0 0.9978589232386031
    outer loop
      vertex 0.97 -19.500000000000004 20.19
      vertex 0.7742107116699226 -21.300000000000004 20.202832707939287
      vertex 0.97 -21.300000000000004 20.19
    endloop
  endfacet
  facet normal 1 0 0
    outer loop
      vertex -0.53 -19.500000000000004 21.69
      vertex -0.53 -21.300000000000004 50.31
      vertex -0.53 -21.300000000000004 21.69
    endloop
  endfacet
  facet normal 0 0 1
    outer loop
      vertex 0.97 -19.500000000000004 20.19
      vertex 0.97 -21.300000000000004 20.19
      vertex 26.529999999999998 -19.500000000000004 20.19
    endloop
  endfacet
  facet normal 1 0 0
    outer loop
      vertex -0.53 -19.500000000000004 21.69
      vertex -0.53 -19.500000000000004 50.31
      vertex -0.53 -21.300000000000004 50.31
    endloop
  endfacet
  facet normal 0.9978589232386035 -3.489410082912357e-19 -0.0654031292301441
    outer loop
      vertex -0.53 -19.500000000000004 50.31
      vertex -0.5171672920607155 -19.500000000000004 50.50578928833008
      vertex -0.5171672920607155 -21.300000000000004 50.50578928833008
    endloop
  endfacet
  facet normal 0.9807852804032314 -5.352350703981388e-19 -0.19509032201612364
    outer loop
      vertex -0.5171672920607155 -19.500000000000004 50.50578928833008
      vertex -0.47888873943360255 -19.500000000000004 50.698228567653786
      vertex -0.47888873943360255 -21.300000000000004 50.698228567653786
    endloop
  endfacet
  facet normal 0.9469301294951035 2.158937797390083e-18 -0.32143946530316775
    outer loop
      vertex -0.47888873943360255 -19.500000000000004 50.698228567653786
      vertex -0.41581929876693 -19.500000000000004 50.884025148547636
      vertex -0.41581929876693 -21.300000000000004 50.884025148547636
    endloop
  endfacet
  facet normal 0.8968727415326897 -1.2053288489105216e-18 -0.4422886902189983
    outer loop
      vertex -0.41581929876693 -19.500000000000004 50.884025148547636
      vertex -0.32903810567665803 -19.500000000000004 51.06
      vertex -0.32903810567665803 -21.300000000000004 51.06
    endloop
  endfacet
  facet normal 0.83146961230254 4.871503203164314e-18 -0.55557023301961
    outer loop
      vertex -0.32903810567665803 -19.500000000000004 51.06
      vertex -0.22003001043685289 -19.500000000000004 51.22314214351308
      vertex -0.22003001043685289 -21.300000000000004 51.22314214351308
    endloop
  endfacet
  facet normal 0.7518398074789883 2.2799132718178436e-18 -0.6593458151000565
    outer loop
      vertex -0.22003001043685289 -19.500000000000004 51.22314214351308
      vertex -0.09066017177982144 -19.500000000000004 51.370660171779825
      vertex -0.09066017177982144 -21.300000000000004 51.370660171779825
    endloop
  endfacet
  facet normal 0.6593458151000557 3.891227339237402e-18 -0.7518398074789888
    outer loop
      vertex -0.09066017177982144 -19.500000000000004 51.370660171779825
      vertex 0.05685785648691899 -19.500000000000004 51.50003001043685
      vertex 0.05685785648691899 -21.300000000000004 51.50003001043685
    endloop
  endfacet
  facet normal 0.5555702330196128 -1.8930733676975986e-18 -0.8314696123025381
    outer loop
      vertex 0.05685785648691899 -19.500000000000004 51.50003001043685
      vertex 0.21999999999999997 -19.500000000000004 51.60903810567666
      vertex 0.21999999999999997 -21.300000000000004 51.60903810567666
    endloop
  endfacet
  facet normal 0.44228869021901146 -2.3968835657310048e-18 -0.8968727415326833
    outer loop
      vertex 0.21999999999999997 -19.500000000000004 51.60903810567666
      vertex 0.39597485145236533 -19.500000000000004 51.695819298766935
      vertex 0.39597485145236533 -21.300000000000004 51.695819298766935
    endloop
  endfacet
  facet normal 0.32143946530316664 -1.6664685531386161e-18 -0.946930129495104
    outer loop
      vertex 0.39597485145236533 -19.500000000000004 51.695819298766935
      vertex 0.5817714323462189 -19.500000000000004 51.75888873943361
      vertex 0.5817714323462189 -21.300000000000004 51.75888873943361
    endloop
  endfacet
  facet normal 0.19509032201612297 3.33944124156252e-19 -0.9807852804032315
    outer loop
      vertex 0.5817714323462189 -19.500000000000004 51.75888873943361
      vertex 0.7742107116699226 -19.500000000000004 51.79716729206072
      vertex 0.7742107116699226 -21.300000000000004 51.79716729206072
    endloop
  endfacet
  facet normal 0.06540312923013006 -2.715342801763928e-19 -0.9978589232386045
    outer loop
      vertex 0.7742107116699226 -19.500000000000004 51.79716729206072
      vertex 0.97 -19.500000000000004 51.81
      vertex 0.97 -21.300000000000004 51.81
    endloop
  endfacet
  facet normal 0.9978589232386035 0 -0.0654031292301441
    outer loop
      vertex -0.53 -19.500000000000004 50.31
      vertex -0.5171672920607155 -21.300000000000004 50.50578928833008
      vertex -0.53 -21.300000000000004 50.31
    endloop
  endfacet
  facet normal 0.9807852804032314 0 -0.19509032201612364
    outer loop
      vertex -0.5171672920607155 -19.500000000000004 50.50578928833008
      vertex -0.47888873943360255 -21.300000000000004 50.698228567653786
      vertex -0.5171672920607155 -21.300000000000004 50.50578928833008
    endloop
  endfacet
  facet normal 0.9469301294951035 0 -0.32143946530316775
    outer loop
      vertex -0.47888873943360255 -19.500000000000004 50.698228567653786
      vertex -0.41581929876693 -21.300000000000004 50.884025148547636
      vertex -0.47888873943360255 -21.300000000000004 50.698228567653786
    endloop
  endfacet
  facet normal 0.8968727415326897 0 -0.4422886902189983
    outer loop
      vertex -0.41581929876693 -19.500000000000004 50.884025148547636
      vertex -0.32903810567665803 -21.300000000000004 51.06
      vertex -0.41581929876693 -21.300000000000004 50.884025148547636
    endloop
  endfacet
  facet normal 0.83146961230254 0 -0.55557023301961
    outer loop
      vertex -0.32903810567665803 -19.500000000000004 51.06
      vertex -0.22003001043685289 -21.300000000000004 51.22314214351308
      vertex -0.32903810567665803 -21.300000000000004 51.06
    endloop
  endfacet
  facet normal 0.7518398074789883 0 -0.6593458151000565
    outer loop
      vertex -0.22003001043685289 -19.500000000000004 51.22314214351308
      vertex -0.09066017177982144 -21.300000000000004 51.370660171779825
      vertex -0.22003001043685289 -21.300000000000004 51.22314214351308
    endloop
  endfacet
  facet normal 0.6593458151000557 0 -0.7518398074789888
    outer loop
      vertex -0.09066017177982144 -19.500000000000004 51.370660171779825
      vertex 0.05685785648691899 -21.300000000000004 51.50003001043685
      vertex -0.09066017177982144 -21.300000000000004 51.370660171779825
    endloop
  endfacet
  facet normal 0.5555702330196128 0 -0.8314696123025381
    outer loop
      vertex 0.05685785648691899 -19.500000000000004 51.50003001043685
      vertex 0.21999999999999997 -21.300000000000004 51.60903810567666
      vertex 0.05685785648691899 -21.300000000000004 51.50003001043685
    endloop
  endfacet
  facet normal 0.44228869021901146 0 -0.8968727415326833
    outer loop
      vertex 0.21999999999999997 -19.500000000000004 51.60903810567666
      vertex 0.39597485145236533 -21.300000000000004 51.695819298766935
      vertex 0.21999999999999997 -21.300000000000004 51.60903810567666
    endloop
  endfacet
  facet normal 0.32143946530316664 0 -0.946930129495104
    outer loop
      vertex 0.39597485145236533 -19.500000000000004 51.695819298766935
      vertex 0.5817714323462189 -21.300000000000004 51.75888873943361
      vertex 0.39597485145236533 -21.300000000000004 51.695819298766935
    endloop
  endfacet
  facet normal 0.19509032201612297 0 -0.9807852804032315
    outer loop
      vertex 0.5817714323462189 -19.500000000000004 51.75888873943361
      vertex 0.7742107116699226 -21.300000000000004 51.79716729206072
      vertex 0.5817714323462189 -21.300000000000004 51.75888873943361
    endloop
  endfacet
  facet normal 0.06540312923013006 0 -0.9978589232386045
    outer loop
      vertex 0.7742107116699226 -19.500000000000004 51.79716729206072
      vertex 0.97 -21.300000000000004 51.81
      vertex 0.7742107116699226 -21.300000000000004 51.79716729206072
    endloop
  endfacet
  facet normal 0 0 -1
    outer loop
      vertex 0.97 -19.500000000000004 51.81
      vertex 26.529999999999998 -21.300000000000004 51.81
      vertex 0.97 -21.300000000000004 51.81
    endloop
  endfacet
  facet normal 0 0 1
    outer loop
      vertex 0.97 -21.300000000000004 20.19
      vertex 26.529999999999998 -21.300000000000004 20.19
      vertex 26.529999999999998 -19.500000000000004 20.19
    endloop
  endfacet
  facet normal -0.06540312923014861 0 0.9978589232386031
    outer loop
      vertex 26.529999999999998 -19.500000000000004 20.19
      vertex 26.529999999999998 -21.300000000000004 20.19
      vertex 26.725789288330073 -19.500000000000004 20.202832707939287
    endloop
  endfacet
  facet normal -0.19509032201612278 0 0.9807852804032315
    outer loop
      vertex 26.725789288330073 -19.500000000000004 20.202832707939287
      vertex 26.725789288330073 -21.300000000000004 20.202832707939287
      vertex 26.918228567653777 -19.500000000000004 20.2411112605664
    endloop
  endfacet
  facet normal -0.3214394653031663 0 0.946930129495104
    outer loop
      vertex 26.918228567653777 -19.500000000000004 20.2411112605664
      vertex 26.918228567653777 -21.300000000000004 20.2411112605664
      vertex 27.10402514854763 -19.500000000000004 20.304180701233072
    endloop
  endfacet
  facet normal -0.44228869021899464 0 0.8968727415326915
    outer loop
      vertex 27.10402514854763 -19.500000000000004 20.304180701233072
      vertex 27.10402514854763 -21.300000000000004 20.304180701233072
      vertex 27.279999999999998 -19.500000000000004 20.390961894323343
    endloop
  endfacet
  facet normal -0.5555702330196001 0 0.8314696123025466
    outer loop
      vertex 27.279999999999998 -19.500000000000004 20.390961894323343
      vertex 27.279999999999998 -21.300000000000004 20.390961894323343
      vertex 27.44314214351308 -19.500000000000004 20.499969989563148
    endloop
  endfacet
  facet normal -0.6593458151000732 0 0.7518398074789736
    outer loop
      vertex 27.44314214351308 -19.500000000000004 20.499969989563148
      vertex 27.44314214351308 -21.300000000000004 20.499969989563148
      vertex 27.59066017177982 -19.500000000000004 20.629339828220182
    endloop
  endfacet
  facet normal -0.7518398074789747 0 0.6593458151000718
    outer loop
      vertex 27.59066017177982 -19.500000000000004 20.629339828220182
      vertex 27.59066017177982 -21.300000000000004 20.629339828220182
      vertex 27.72003001043685 -19.500000000000004 20.77685785648692
    endloop
  endfacet
  facet normal -0.8314696123025466 0 0.5555702330196001
    outer loop
      vertex 27.72003001043685 -19.500000000000004 20.77685785648692
      vertex 27.72003001043685 -21.300000000000004 20.77685785648692
      vertex 27.829038105676656 -19.500000000000004 20.94
    endloop
  endfacet
  facet normal -0.896872741532688 0 0.44228869021900186
    outer loop
      vertex 27.829038105676656 -19.500000000000004 20.94
      vertex 27.829038105676656 -21.300000000000004 20.94
      vertex 27.915819298766927 -19.500000000000004 21.115974851452364
    endloop
  endfacet
  facet normal -0.9469301294951059 0 0.3214394653031608
    outer loop
      vertex 27.915819298766927 -19.500000000000004 21.115974851452364
      vertex 27.915819298766927 -21.300000000000004 21.115974851452364
      vertex 27.9788887394336 -19.500000000000004 21.30177143234622
    endloop
  endfacet
  facet normal -0.9807852804032309 0 0.19509032201612622
    outer loop
      vertex 27.9788887394336 -19.500000000000004 21.30177143234622
      vertex 27.9788887394336 -21.300000000000004 21.30177143234622
      vertex 28.017167292060712 -19.500000000000004 21.494210711669922
    endloop
  endfacet
  facet normal -0.9978589232386031 0 0.06540312923014742
    outer loop
      vertex 28.017167292060712 -19.500000000000004 21.494210711669922
      vertex 28.017167292060712 -21.300000000000004 21.494210711669922
      vertex 28.029999999999998 -19.500000000000004 21.69
    endloop
  endfacet
  facet normal -0.06540312923014861 0 0.9978589232386031
    outer loop
      vertex 26.725789288330073 -19.500000000000004 20.202832707939287
      vertex 26.529999999999998 -21.300000000000004 20.19
      vertex 26.725789288330073 -21.300000000000004 20.202832707939287
    endloop
  endfacet
  facet normal -0.19509032201612278 0 0.9807852804032315
    outer loop
      vertex 26.918228567653777 -19.500000000000004 20.2411112605664
      vertex 26.725789288330073 -21.300000000000004 20.202832707939287
      vertex 26.918228567653777 -21.300000000000004 20.2411112605664
    endloop
  endfacet
  facet normal -0.3214394653031663 0 0.946930129495104
    outer loop
      vertex 27.10402514854763 -19.500000000000004 20.304180701233072
      vertex 26.918228567653777 -21.300000000000004 20.2411112605664
      vertex 27.10402514854763 -21.300000000000004 20.304180701233072
    endloop
  endfacet
  facet normal -0.44228869021899464 0 0.8968727415326915
    outer loop
      vertex 27.279999999999998 -19.500000000000004 20.390961894323343
      vertex 27.10402514854763 -21.300000000000004 20.304180701233072
      vertex 27.279999999999998 -21.300000000000004 20.390961894323343
    endloop
  endfacet
  facet normal -0.5555702330196001 0 0.8314696123025466
    outer loop
      vertex 27.44314214351308 -19.500000000000004 20.499969989563148
      vertex 27.279999999999998 -21.300000000000004 20.390961894323343
      vertex 27.44314214351308 -21.300000000000004 20.499969989563148
    endloop
  endfacet
  facet normal -0.6593458151000732 0 0.7518398074789736
    outer loop
      vertex 27.59066017177982 -19.500000000000004 20.629339828220182
      vertex 27.44314214351308 -21.300000000000004 20.499969989563148
      vertex 27.59066017177982 -21.300000000000004 20.629339828220182
    endloop
  endfacet
  facet normal -0.7518398074789747 0 0.6593458151000718
    outer loop
      vertex 27.72003001043685 -19.500000000000004 20.77685785648692
      vertex 27.59066017177982 -21.300000000000004 20.629339828220182
      vertex 27.72003001043685 -21.300000000000004 20.77685785648692
    endloop
  endfacet
  facet normal -0.8314696123025466 0 0.5555702330196001
    outer loop
      vertex 27.829038105676656 -19.500000000000004 20.94
      vertex 27.72003001043685 -21.300000000000004 20.77685785648692
      vertex 27.829038105676656 -21.300000000000004 20.94
    endloop
  endfacet
  facet normal -0.896872741532688 0 0.44228869021900186
    outer loop
      vertex 27.915819298766927 -19.500000000000004 21.115974851452364
      vertex 27.829038105676656 -21.300000000000004 20.94
      vertex 27.915819298766927 -21.300000000000004 21.115974851452364
    endloop
  endfacet
  facet normal -0.9469301294951059 0 0.3214394653031608
    outer loop
      vertex 27.9788887394336 -19.500000000000004 21.30177143234622
      vertex 27.915819298766927 -21.300000000000004 21.115974851452364
      vertex 27.9788887394336 -21.300000000000004 21.30177143234622
    endloop
  endfacet
  facet normal -0.9807852804032309 0 0.19509032201612622
    outer loop
      vertex 28.017167292060712 -19.500000000000004 21.494210711669922
      vertex 27.9788887394336 -21.300000000000004 21.30177143234622
      vertex 28.017167292060712 -21.300000000000004 21.494210711669922
    endloop
  endfacet
  facet normal -0.9978589232386031 0 0.06540312923014742
    outer loop
      vertex 28.029999999999998 -19.500000000000004 21.69
      vertex 28.017167292060712 -21.300000000000004 21.494210711669922
      vertex 28.029999999999998 -21.300000000000004 21.69
    endloop
  endfacet
  facet normal -1 0 0
    outer loop
      vertex 28.029999999999998 -19.500000000000004 21.69
      vertex 28.029999999999998 -21.300000000000004 21.69
      vertex 28.029999999999998 -19.500000000000004 50.31
    endloop
  endfacet
  facet normal 0 0 -1
    outer loop
      vertex 0.97 -19.500000000000004 51.81
      vertex 26.529999999999998 -19.500000000000004 51.81
      vertex 26.529999999999998 -21.300000000000004 51.81
    endloop
  endfacet
  facet normal -1 0 0
    outer loop
      vertex 28.029999999999998 -21.300000000000004 21.69
      vertex 28.029999999999998 -21.300000000000004 50.31
      vertex 28.029999999999998 -19.500000000000004 50.31
    endloop
  endfacet
  facet normal -0.06540312923013057 2.622329292660166e-19 -0.9978589232386044
    outer loop
      vertex 26.529999999999998 -19.500000000000004 51.81
      vertex 26.725789288330073 -19.500000000000004 51.79716729206072
      vertex 26.725789288330073 -21.300000000000004 51.79716729206072
    endloop
  endfacet
  facet normal -0.19509032201612278 1.5892867063340573e-19 -0.9807852804032315
    outer loop
      vertex 26.725789288330073 -19.500000000000004 51.79716729206072
      vertex 26.918228567653777 -19.500000000000004 51.75888873943361
      vertex 26.918228567653777 -21.300000000000004 51.75888873943361
    endloop
  endfacet
  facet normal -0.3214394653031663 1.308457514953343e-18 -0.946930129495104
    outer loop
      vertex 26.918228567653777 -19.500000000000004 51.75888873943361
      vertex 27.10402514854763 -19.500000000000004 51.695819298766935
      vertex 27.10402514854763 -21.300000000000004 51.695819298766935
    endloop
  endfacet
  facet normal -0.44228869021900924 -2.552930071462563e-19 -0.8968727415326845
    outer loop
      vertex 27.10402514854763 -19.500000000000004 51.695819298766935
      vertex 27.279999999999998 -19.500000000000004 51.60903810567666
      vertex 27.279999999999998 -21.300000000000004 51.60903810567666
    endloop
  endfacet
  facet normal -0.5555702330196126 0 -0.8314696123025384
    outer loop
      vertex 27.44314214351308 -19.500000000000004 51.50003001043685
      vertex 27.44314214351308 -21.300000000000004 51.50003001043685
      vertex 27.279999999999998 -19.500000000000004 51.60903810567666
    endloop
  endfacet
  facet normal -0.9978589232386031 0 -0.06540312923014861
    outer loop
      vertex 28.029999999999998 -19.500000000000004 50.31
      vertex 28.029999999999998 -21.300000000000004 50.31
      vertex 28.017167292060712 -19.500000000000004 50.50578928833008
    endloop
  endfacet
  facet normal -0.9807852804032322 0 -0.19509032201611928
    outer loop
      vertex 28.017167292060712 -19.500000000000004 50.50578928833008
      vertex 28.017167292060712 -21.300000000000004 50.50578928833008
      vertex 27.9788887394336 -19.500000000000004 50.698228567653786
    endloop
  endfacet
  facet normal -0.831469612302541 3.794767398313311e-18 -0.5555702330196085
    outer loop
      vertex 27.72003001043685 -19.500000000000004 51.22314214351308
      vertex 27.829038105676656 -19.500000000000004 51.06
      vertex 27.829038105676656 -21.300000000000004 51.06
    endloop
  endfacet
  facet normal -0.9469301294951021 2.1248647362079038e-18 -0.3214394653031718
    outer loop
      vertex 27.915819298766927 -19.500000000000004 50.884025148547636
      vertex 27.9788887394336 -19.500000000000004 50.698228567653786
      vertex 27.9788887394336 -21.300000000000004 50.698228567653786
    endloop
  endfacet
  facet normal -0.8968727415326915 0 -0.44228869021899464
    outer loop
      vertex 27.915819298766927 -19.500000000000004 50.884025148547636
      vertex 27.915819298766927 -21.300000000000004 50.884025148547636
      vertex 27.829038105676656 -19.500000000000004 51.06
    endloop
  endfacet
  facet normal -0.6593458151000527 6.454478330985954e-19 -0.7518398074789916
    outer loop
      vertex 27.44314214351308 -19.500000000000004 51.50003001043685
      vertex 27.59066017177982 -19.500000000000004 51.370660171779825
      vertex 27.59066017177982 -21.300000000000004 51.370660171779825
    endloop
  endfacet
  facet normal -0.7518398074789905 0 -0.659345815100054
    outer loop
      vertex 27.72003001043685 -19.500000000000004 51.22314214351308
      vertex 27.72003001043685 -21.300000000000004 51.22314214351308
      vertex 27.59066017177982 -19.500000000000004 51.370660171779825
    endloop
  endfacet
  facet normal -0.06540312923013057 0 -0.9978589232386044
    outer loop
      vertex 26.529999999999998 -19.500000000000004 51.81
      vertex 26.725789288330073 -21.300000000000004 51.79716729206072
      vertex 26.529999999999998 -21.300000000000004 51.81
    endloop
  endfacet
  facet normal -0.19509032201612278 0 -0.9807852804032315
    outer loop
      vertex 26.725789288330073 -19.500000000000004 51.79716729206072
      vertex 26.918228567653777 -21.300000000000004 51.75888873943361
      vertex 26.725789288330073 -21.300000000000004 51.79716729206072
    endloop
  endfacet
  facet normal -0.3214394653031663 0 -0.946930129495104
    outer loop
      vertex 26.918228567653777 -19.500000000000004 51.75888873943361
      vertex 27.10402514854763 -21.300000000000004 51.695819298766935
      vertex 26.918228567653777 -21.300000000000004 51.75888873943361
    endloop
  endfacet
  facet normal -0.44228869021900924 0 -0.8968727415326845
    outer loop
      vertex 27.10402514854763 -19.500000000000004 51.695819298766935
      vertex 27.279999999999998 -21.300000000000004 51.60903810567666
      vertex 27.10402514854763 -21.300000000000004 51.695819298766935
    endloop
  endfacet
  facet normal -0.6593458151000527 0 -0.7518398074789916
    outer loop
      vertex 27.44314214351308 -19.500000000000004 51.50003001043685
      vertex 27.59066017177982 -21.300000000000004 51.370660171779825
      vertex 27.44314214351308 -21.300000000000004 51.50003001043685
    endloop
  endfacet
  facet normal -0.5555702330196126 0 -0.8314696123025384
    outer loop
      vertex 27.279999999999998 -19.500000000000004 51.60903810567666
      vertex 27.44314214351308 -21.300000000000004 51.50003001043685
      vertex 27.279999999999998 -21.300000000000004 51.60903810567666
    endloop
  endfacet
  facet normal -0.9978589232386031 0 -0.06540312923014861
    outer loop
      vertex 28.017167292060712 -19.500000000000004 50.50578928833008
      vertex 28.029999999999998 -21.300000000000004 50.31
      vertex 28.017167292060712 -21.300000000000004 50.50578928833008
    endloop
  endfacet
  facet normal -0.831469612302541 0 -0.5555702330196085
    outer loop
      vertex 27.72003001043685 -19.500000000000004 51.22314214351308
      vertex 27.829038105676656 -21.300000000000004 51.06
      vertex 27.72003001043685 -21.300000000000004 51.22314214351308
    endloop
  endfacet
  facet normal -0.9469301294951021 0 -0.3214394653031718
    outer loop
      vertex 27.915819298766927 -19.500000000000004 50.884025148547636
      vertex 27.9788887394336 -21.300000000000004 50.698228567653786
      vertex 27.915819298766927 -21.300000000000004 50.884025148547636
    endloop
  endfacet
  facet normal -0.9807852804032322 0 -0.19509032201611928
    outer loop
      vertex 27.9788887394336 -19.500000000000004 50.698228567653786
      vertex 28.017167292060712 -21.300000000000004 50.50578928833008
      vertex 27.9788887394336 -21.300000000000004 50.698228567653786
    endloop
  endfacet
  facet normal -0.8968727415326915 0 -0.44228869021899464
    outer loop
      vertex 27.829038105676656 -19.500000000000004 51.06
      vertex 27.915819298766927 -21.300000000000004 50.884025148547636
      vertex 27.829038105676656 -21.300000000000004 51.06
    endloop
  endfacet
  facet normal -0.7518398074789905 0 -0.659345815100054
    outer loop
      vertex 27.59066017177982 -19.500000000000004 51.370660171779825
      vertex 27.72003001043685 -21.300000000000004 51.22314214351308
      vertex 27.59066017177982 -21.300000000000004 51.370660171779825
    endloop
  endfacet
  facet normal 1.5997379713267114e-17 -0.980785279639006 0.19509032585814481
    outer loop
      vertex -26.25 -1.2691121440201776 32
      vertex -7.950000000000003 -1.302222527563572 31.83354286462069
      vertex -26.245710754284886 -1.225665420293808 32.21842142552138
    endloop
  endfacet
  facet normal 6.654520634278067e-20 -0.9807852796390062 0.19509032585814315
    outer loop
      vertex -26.25 -1.2691121440201776 32
      vertex -26.246731201836212 -1.302222527563572 31.83354286462069
      vertex -7.950000000000003 -1.302222527563572 31.83354286462069
    endloop
  endfacet
  facet normal 0 -0.8968727407473451 0.44228869181151964
    outer loop
      vertex -26.23943404966417 -1.4283614084124565 31.461949702203277
      vertex -26.232522645548364 -1.601923793554306 31.110000002980236
      vertex -7.950000000000003 -1.601923793554306 31.110000002980236
    endloop
  endfacet
  facet normal 0 -0.8314696207458843 0.5555702203832521
    outer loop
      vertex -26.232522645548364 -1.601923793554306 31.110000002980236
      vertex -26.22611524532787 -1.8199399784207344 30.78371571362019
      vertex -7.950000000000003 -1.8199399784207344 30.78371571362019
    endloop
  endfacet
  facet normal 0 -0.9469301300366788 0.3214394637077385
    outer loop
      vertex -26.246731201836212 -1.302222527563572 31.83354286462069
      vertex -26.23943404966417 -1.4283614084124565 31.461949702203277
      vertex -7.950000000000003 -1.4283614084124565 31.461949702203277
    endloop
  endfacet
  facet normal 0 -0.6593458207943248 0.7518398024852488
    outer loop
      vertex -26.22032148158731 -2.078679658472538 30.48867965847254
      vertex -26.219161450862885 -2.1460386938139795 30.42960736900568
      vertex -7.950000000000003 -2.078679658472538 30.48867965847254
    endloop
  endfacet
  facet normal 0 -0.7518398024852506 0.6593458207943228
    outer loop
      vertex -26.22611524532787 -1.8199399784207344 30.78371571362019
      vertex -26.22032148158731 -2.078679658472538 30.48867965847254
      vertex -7.950000000000003 -2.078679658472538 30.48867965847254
    endloop
  endfacet
  facet normal -4.0842864207084567e-19 -0.6593458207943221 0.7518398024852511
    outer loop
      vertex -26.219161450862885 -2.1460386938139795 30.42960736900568
      vertex -26.207386448049157 -2.373715713620186 30.229939978420738
      vertex -7.950000000000003 -2.373715713620186 30.229939978420738
    endloop
  endfacet
  facet normal 0 -0.9978589230086541 0.06540313273849395
    outer loop
      vertex -26.245710754284886 -1.225665420293808 32.21842142552138
      vertex -7.950000000000003 -1.225665420293808 32.21842142552138
      vertex -26.238021138985072 -1.2000000029802322 32.610000002980236
    endloop
  endfacet
  facet normal 0 -1 0
    outer loop
      vertex -26.238021138985072 -1.2000000029802322 32.610000002980236
      vertex -7.950000000000003 -1.2000000029802322 32.610000002980236
      vertex -26.219161450862885 -1.2000000029802322 33.57039263099432
    endloop
  endfacet
  facet normal 0 -1 0
    outer loop
      vertex -26.219161450862885 -1.2000000029802322 33.57039263099432
      vertex -7.950000000000003 -1.2000000029802322 32.610000002980236
      vertex -26.126693345606327 -1.2000000029802322 35.13836383074522
    endloop
  endfacet
  facet normal 0 -1 0
    outer loop
      vertex -26.126693345606327 -1.2000000029802322 35.13836383074522
      vertex -7.950000000000003 -1.2000000029802322 32.610000002980236
      vertex -25.972738280892372 -1.2000000029802322 36.70149590075016
    endloop
  endfacet
  facet normal 0 -1 0
    outer loop
      vertex -25.972738280892372 -1.2000000029802322 36.70149590075016
      vertex -7.950000000000003 -1.2000000029802322 32.610000002980236
      vertex -25.757533624768257 -1.2000000029802322 38.25737860053778
    endloop
  endfacet
  facet normal 0 -1 0
    outer loop
      vertex -25.757533624768257 -1.2000000029802322 38.25737860053778
      vertex -7.950000000000003 -1.2000000029802322 32.610000002980236
      vertex -25.48141121864319 -1.2000000029802322 39.803612880408764
    endloop
  endfacet
  facet normal 0 -1 0
    outer loop
      vertex -7.950000000000003 -1.2000000029802322 32.610000002980236
      vertex -25.144796818494797 -1.2000000029802322 41.337814554572105
      vertex -25.48141121864319 -1.2000000029802322 39.803612880408764
    endloop
  endfacet
  facet normal 0 -1 0
    outer loop
      vertex -7.950000000000003 -1.2000000029802322 32.610000002980236
      vertex -24.748209461569786 -1.2000000029802322 42.85761799663305
      vertex -25.144796818494797 -1.2000000029802322 41.337814554572105
    endloop
  endfacet
  facet normal 0 -0.9469301300366788 0.3214394637077385
    outer loop
      vertex -26.246731201836212 -1.302222527563572 31.83354286462069
      vertex -7.950000000000003 -1.4283614084124565 31.461949702203277
      vertex -7.950000000000003 -1.302222527563572 31.83354286462069
    endloop
  endfacet
  facet normal 0 -0.9807852796390061 0.19509032585814412
    outer loop
      vertex -26.245710754284886 -1.225665420293808 32.21842142552138
      vertex -7.950000000000003 -1.302222527563572 31.83354286462069
      vertex -7.950000000000003 -1.225665420293808 32.21842142552138
    endloop
  endfacet
  facet normal 0 -0.8968727407473451 0.44228869181151964
    outer loop
      vertex -26.23943404966417 -1.4283614084124565 31.461949702203277
      vertex -7.950000000000003 -1.601923793554306 31.110000002980236
      vertex -7.950000000000003 -1.4283614084124565 31.461949702203277
    endloop
  endfacet
  facet normal 0 -0.8314696207458842 0.5555702203832521
    outer loop
      vertex -26.232522645548364 -1.601923793554306 31.110000002980236
      vertex -7.950000000000003 -1.8199399784207344 30.78371571362019
      vertex -7.950000000000003 -1.601923793554306 31.110000002980236
    endloop
  endfacet
  facet normal 0 -0.7518398024852507 0.6593458207943228
    outer loop
      vertex -26.22611524532787 -1.8199399784207344 30.78371571362019
      vertex -7.950000000000003 -2.078679658472538 30.48867965847254
      vertex -7.950000000000003 -1.8199399784207344 30.78371571362019
    endloop
  endfacet
  facet normal 0 -0.5555702203832522 0.8314696207458843
    outer loop
      vertex -26.207386448049157 -2.373715713620186 30.229939978420738
      vertex -7.950000000000003 -2.7000000029802322 30.01192379355431
      vertex -7.950000000000003 -2.373715713620186 30.229939978420738
    endloop
  endfacet
  facet normal -1.3197712212594177e-17 -0.6593458207943228 0.7518398024852506
    outer loop
      vertex -26.219161450862885 -2.1460386938139795 30.42960736900568
      vertex -7.950000000000003 -2.373715713620186 30.229939978420738
      vertex -7.950000000000003 -2.078679658472538 30.48867965847254
    endloop
  endfacet
  facet normal 0 -0.997858923008654 0.06540313273849395
    outer loop
      vertex -26.238021138985072 -1.2000000029802322 32.610000002980236
      vertex -7.950000000000003 -1.225665420293808 32.21842142552138
      vertex -7.950000000000003 -1.2000000029802322 32.610000002980236
    endloop
  endfacet
  facet normal -1 0 0
    outer loop
      vertex -7.950000000000003 -1.302222527563572 31.83354286462069
      vertex -7.950000000000003 -1.601923793554306 46.110000002980236
      vertex -7.950000000000003 -1.225665420293808 32.21842142552138
    endloop
  endfacet
  facet normal -1 0 0
    outer loop
      vertex -7.950000000000003 -1.225665420293808 32.21842142552138
      vertex -7.950000000000003 -1.4283614084124565 45.758050303757194
      vertex -7.950000000000003 -1.2000000029802322 32.610000002980236
    endloop
  endfacet
  facet normal -1 0 0
    outer loop
      vertex -7.950000000000003 -1.302222527563572 31.83354286462069
      vertex -7.950000000000003 -1.4283614084124565 31.461949702203277
      vertex -7.950000000000003 -1.8199399784207344 46.43628429234028
    endloop
  endfacet
  facet normal -1 0 0
    outer loop
      vertex -7.950000000000003 -1.4283614084124565 31.461949702203277
      vertex -7.950000000000003 -1.601923793554306 31.110000002980236
      vertex -7.950000000000003 -2.078679658472538 46.73132034748793
    endloop
  endfacet
  facet normal -1 0 0
    outer loop
      vertex -7.950000000000003 -1.601923793554306 31.110000002980236
      vertex -7.950000000000003 -1.8199399784207344 30.78371571362019
      vertex -7.950000000000003 -2.373715713620186 46.990060027539734
    endloop
  endfacet
  facet normal -1 0 0
    outer loop
      vertex -7.950000000000003 -1.8199399784207344 30.78371571362019
      vertex -7.950000000000003 -2.078679658472538 30.48867965847254
      vertex -7.950000000000003 -2.7000000029802322 47.20807621240616
    endloop
  endfacet
  facet normal -1 0 0
    outer loop
      vertex -7.950000000000003 -2.078679658472538 30.48867965847254
      vertex -7.950000000000003 -2.373715713620186 30.229939978420738
      vertex -7.950000000000003 -3.0519497022032738 47.38163859754801
    endloop
  endfacet
  facet normal 0 -0.06540313273849395 0.9978589230086541
    outer loop
      vertex -26.17082667264583 -4.200000002980232 29.610000002980236
      vertex -7.950000000000003 -4.200000002980232 29.610000002980236
      vertex -26.172340241587644 -3.8084214255213737 29.63566542029381
    endloop
  endfacet
  facet normal 0 0 1
    outer loop
      vertex -26.17082667264583 -4.200000002980232 29.610000002980236
      vertex -26.17082667264583 -8.799999997019768 29.610000002980236
      vertex -7.950000000000003 -8.799999997019768 29.610000002980236
    endloop
  endfacet
  facet normal 0 -0.5555702203832522 0.8314696207458843
    outer loop
      vertex -26.207386448049157 -2.373715713620186 30.229939978420738
      vertex -26.19452936015554 -2.7000000029802322 30.01192379355431
      vertex -7.950000000000003 -2.7000000029802322 30.01192379355431
    endloop
  endfacet
  facet normal 0 -0.44228869181151975 0.8968727407473452
    outer loop
      vertex -26.19452936015554 -2.7000000029802322 30.01192379355431
      vertex -26.18429385015355 -3.0519497022032738 29.83836140841246
      vertex -7.950000000000003 -3.0519497022032738 29.83836140841246
    endloop
  endfacet
  facet normal 0 -0.32143946370773846 0.9469301300366788
    outer loop
      vertex -26.18429385015355 -3.0519497022032738 29.83836140841246
      vertex -26.176855050695288 -3.4235428646206856 29.712222527563576
      vertex -7.950000000000003 -3.4235428646206856 29.712222527563576
    endloop
  endfacet
  facet normal 0 -0.19509032585814406 0.980785279639006
    outer loop
      vertex -26.176855050695288 -3.4235428646206856 29.712222527563576
      vertex -26.172340241587644 -3.8084214255213737 29.63566542029381
      vertex -7.950000000000003 -3.8084214255213737 29.63566542029381
    endloop
  endfacet
  facet normal 0 0 1
    outer loop
      vertex -26.17082667264583 -4.200000002980232 29.610000002980236
      vertex -7.950000000000003 -8.799999997019768 29.610000002980236
      vertex -7.950000000000003 -4.200000002980232 29.610000002980236
    endloop
  endfacet
  facet normal 0 -0.4422886918115197 0.8968727407473451
    outer loop
      vertex -26.19452936015554 -2.7000000029802322 30.01192379355431
      vertex -7.950000000000003 -3.0519497022032738 29.83836140841246
      vertex -7.950000000000003 -2.7000000029802322 30.01192379355431
    endloop
  endfacet
  facet normal 0 -0.3214394637077385 0.9469301300366788
    outer loop
      vertex -26.18429385015355 -3.0519497022032738 29.83836140841246
      vertex -7.950000000000003 -3.4235428646206856 29.712222527563576
      vertex -7.950000000000003 -3.0519497022032738 29.83836140841246
    endloop
  endfacet
  facet normal 0 -0.19509032585814412 0.980785279639006
    outer loop
      vertex -26.176855050695288 -3.4235428646206856 29.712222527563576
      vertex -7.950000000000003 -3.8084214255213737 29.63566542029381
      vertex -7.950000000000003 -3.4235428646206856 29.712222527563576
    endloop
  endfacet
  facet normal 0 -0.06540313273849395 0.9978589230086541
    outer loop
      vertex -26.172340241587644 -3.8084214255213737 29.63566542029381
      vertex -7.950000000000003 -4.200000002980232 29.610000002980236
      vertex -7.950000000000003 -3.8084214255213737 29.63566542029381
    endloop
  endfacet
  facet normal -1 0 0
    outer loop
      vertex -7.950000000000003 -2.373715713620186 30.229939978420738
      vertex -7.950000000000003 -2.7000000029802322 30.01192379355431
      vertex -7.950000000000003 -3.2000000029802322 33.610000002980236
    endloop
  endfacet
  facet normal -1 0 0
    outer loop
      vertex -7.950000000000003 -2.7000000029802322 30.01192379355431
      vertex -7.950000000000003 -3.0519497022032738 29.83836140841246
      vertex -7.950000000000003 -3.21283271163702 33.4142107179761
    endloop
  endfacet
  facet normal -1 0 0
    outer loop
      vertex -7.950000000000003 -3.0519497022032738 29.83836140841246
      vertex -7.950000000000003 -3.314180701971054 33.03597485631705
      vertex -7.950000000000003 -3.251111261546612 33.22177143752575
    endloop
  endfacet
  facet normal -1 0 0
    outer loop
      vertex -7.950000000000003 -3.0519497022032738 29.83836140841246
      vertex -7.950000000000003 -3.400961898267269 32.860000002980236
      vertex -7.950000000000003 -3.314180701971054 33.03597485631705
    endloop
  endfacet
  facet normal -1 0 0
    outer loop
      vertex -7.950000000000003 -3.0519497022032738 29.83836140841246
      vertex -7.950000000000003 -3.5099699944257736 32.69685785830021
      vertex -7.950000000000003 -3.400961898267269 32.860000002980236
    endloop
  endfacet
  facet normal -1 0 0
    outer loop
      vertex -7.950000000000003 -3.0519497022032738 29.83836140841246
      vertex -7.950000000000003 -3.4235428646206856 29.712222527563576
      vertex -7.950000000000003 -3.6393398344516754 32.54933983445168
    endloop
  endfacet
  facet normal -1 0 0
    outer loop
      vertex -7.950000000000003 -3.4235428646206856 29.712222527563576
      vertex -7.950000000000003 -3.8084214255213737 29.63566542029381
      vertex -7.950000000000003 -4.311771437525749 32.161111261546615
    endloop
  endfacet
  facet normal -1 0 0
    outer loop
      vertex -7.950000000000003 -3.0519497022032738 29.83836140841246
      vertex -7.950000000000003 -3.6393398344516754 32.54933983445168
      vertex -7.950000000000003 -3.5099699944257736 32.69685785830021
    endloop
  endfacet
  facet normal -1 0 0
    outer loop
      vertex -7.950000000000003 -3.4235428646206856 29.712222527563576
      vertex -7.950000000000003 -3.786857858300209 32.41996999442578
      vertex -7.950000000000003 -3.6393398344516754 32.54933983445168
    endloop
  endfacet
  facet normal -1 0 0
    outer loop
      vertex -7.950000000000003 -3.4235428646206856 29.712222527563576
      vertex -7.950000000000003 -3.9500000029802322 32.31096189826727
      vertex -7.950000000000003 -3.786857858300209 32.41996999442578
    endloop
  endfacet
  facet normal -1 0 0
    outer loop
      vertex -7.950000000000003 -3.4235428646206856 29.712222527563576
      vertex -7.950000000000003 -4.125974856317043 32.22418070197106
      vertex -7.950000000000003 -3.9500000029802322 32.31096189826727
    endloop
  endfacet
  facet normal -1 0 0
    outer loop
      vertex -7.950000000000003 -3.4235428646206856 29.712222527563576
      vertex -7.950000000000003 -4.311771437525749 32.161111261546615
      vertex -7.950000000000003 -4.125974856317043 32.22418070197106
    endloop
  endfacet
  facet normal -1 0 0
    outer loop
      vertex -7.950000000000003 -2.7000000029802322 30.01192379355431
      vertex -7.950000000000003 -3.21283271163702 33.4142107179761
      vertex -7.950000000000003 -3.2000000029802322 33.610000002980236
    endloop
  endfacet
  facet normal -1 0 0
    outer loop
      vertex -7.950000000000003 -3.0519497022032738 29.83836140841246
      vertex -7.950000000000003 -3.251111261546612 33.22177143752575
      vertex -7.950000000000003 -3.21283271163702 33.4142107179761
    endloop
  endfacet
  facet normal -1 0 0
    outer loop
      vertex -7.950000000000003 -4.200000002980232 29.610000002980236
      vertex -7.950000000000003 -4.700000002980232 32.110000002980236
      vertex -7.950000000000003 -3.8084214255213737 29.63566542029381
    endloop
  endfacet
  facet normal -1 0 0
    outer loop
      vertex -7.950000000000003 -3.8084214255213737 29.63566542029381
      vertex -7.950000000000003 -4.504210717976093 32.122832711637024
      vertex -7.950000000000003 -4.311771437525749 32.161111261546615
    endloop
  endfacet
  facet normal -1 0 0
    outer loop
      vertex -7.950000000000003 -3.8084214255213737 29.63566542029381
      vertex -7.950000000000003 -4.700000002980232 32.110000002980236
      vertex -7.950000000000003 -4.504210717976093 32.122832711637024
    endloop
  endfacet
  facet normal -1 0 0
    outer loop
      vertex -7.950000000000003 -2.373715713620186 30.229939978420738
      vertex -7.950000000000003 -3.2000000029802322 33.610000002980236
      vertex -7.950000000000003 -3.2000000029802322 43.610000002980236
    endloop
  endfacet
  facet normal -1 0 0
    outer loop
      vertex -7.950000000000003 -4.200000002980232 29.610000002980236
      vertex -7.950000000000003 -8.299999997019768 32.110000002980236
      vertex -7.950000000000003 -4.700000002980232 32.110000002980236
    endloop
  endfacet
  facet normal -1 0 0
    outer loop
      vertex -7.950000000000003 -4.200000002980232 29.610000002980236
      vertex -7.950000000000003 -8.799999997019768 29.610000002980236
      vertex -7.950000000000003 -8.299999997019768 32.110000002980236
    endloop
  endfacet
  facet normal -1 0 0
    outer loop
      vertex -7.950000000000003 -8.799999997019768 29.610000002980236
      vertex -7.950000000000003 -8.495789282023907 32.122832711637024
      vertex -7.950000000000003 -8.299999997019768 32.110000002980236
    endloop
  endfacet
  facet normal -1 0 0
    outer loop
      vertex -7.950000000000003 -8.799999997019768 29.610000002980236
      vertex -7.950000000000003 -8.68822856247425 32.161111261546615
      vertex -7.950000000000003 -8.495789282023907 32.122832711637024
    endloop
  endfacet
  facet normal -1 0 0
    outer loop
      vertex -7.950000000000003 -8.799999997019768 29.610000002980236
      vertex -7.950000000000003 -8.874025143682957 32.22418070197106
      vertex -7.950000000000003 -8.68822856247425 32.161111261546615
    endloop
  endfacet
  facet normal 0 0.06540313273849395 0.9978589230086541
    outer loop
      vertex -26.17082667264583 -8.799999997019768 29.610000002980236
      vertex -26.172340241587644 -9.191578574478626 29.63566542029381
      vertex -7.950000000000003 -9.191578574478626 29.63566542029381
    endloop
  endfacet
  facet normal 0 0.19509032585814412 0.980785279639006
    outer loop
      vertex -26.172340241587644 -9.191578574478626 29.63566542029381
      vertex -26.176855050695288 -9.576457135379314 29.712222527563576
      vertex -7.950000000000003 -9.576457135379314 29.712222527563576
    endloop
  endfacet
  facet normal 0 0.3214394637077385 0.9469301300366788
    outer loop
      vertex -26.176855050695288 -9.576457135379314 29.712222527563576
      vertex -26.18429385015355 -9.948050297796726 29.83836140841246
      vertex -7.950000000000003 -9.948050297796726 29.83836140841246
    endloop
  endfacet
  facet normal 0 0.4422886918115197 0.8968727407473451
    outer loop
      vertex -26.18429385015355 -9.948050297796726 29.83836140841246
      vertex -26.19452936015554 -10.299999997019768 30.01192379355431
      vertex -7.950000000000003 -10.299999997019768 30.01192379355431
    endloop
  endfacet
  facet normal 0 0.5555702203832521 0.8314696207458843
    outer loop
      vertex -26.19452936015554 -10.299999997019768 30.01192379355431
      vertex -26.207386448049157 -10.626284286379814 30.229939978420738
      vertex -7.950000000000003 -10.626284286379814 30.229939978420738
    endloop
  endfacet
  facet normal 6.605669989111559e-17 0.659345820794325 0.7518398024852486
    outer loop
      vertex -26.207386448049157 -10.626284286379814 30.229939978420738
      vertex -26.219161450862885 -10.853961306186019 30.42960736900568
      vertex -7.950000000000003 -10.921320341527462 30.48867965847254
    endloop
  endfacet
  facet normal -2.018861489316161e-19 0.659345820794315 0.7518398024852575
    outer loop
      vertex -26.219161450862885 -10.853961306186019 30.42960736900568
      vertex -26.22032148158731 -10.921320341527462 30.48867965847254
      vertex -7.950000000000003 -10.921320341527462 30.48867965847254
    endloop
  endfacet
  facet normal 0 0.7518398024852507 0.6593458207943228
    outer loop
      vertex -26.22032148158731 -10.921320341527462 30.48867965847254
      vertex -26.22611524532787 -11.180060021579266 30.78371571362019
      vertex -7.950000000000003 -11.180060021579266 30.78371571362019
    endloop
  endfacet
  facet normal 0 0.8314696207458842 0.5555702203832521
    outer loop
      vertex -26.22611524532787 -11.180060021579266 30.78371571362019
      vertex -26.232522645548364 -11.398076206445694 31.110000002980236
      vertex -7.950000000000003 -11.398076206445694 31.110000002980236
    endloop
  endfacet
  facet normal 0 0.8968727407473451 0.44228869181151964
    outer loop
      vertex -26.232522645548364 -11.398076206445694 31.110000002980236
      vertex -26.23943404966417 -11.571638591587543 31.461949702203277
      vertex -7.950000000000003 -11.571638591587543 31.461949702203277
    endloop
  endfacet
  facet normal 0 0.9469301300366788 0.3214394637077385
    outer loop
      vertex -26.23943404966417 -11.571638591587543 31.461949702203277
      vertex -26.246731201836212 -11.697777472436428 31.83354286462069
      vertex -7.950000000000003 -11.697777472436428 31.83354286462069
    endloop
  endfacet
  facet normal 0 0.9807852796390055 0.19509032585814695
    outer loop
      vertex -26.246731201836212 -11.697777472436428 31.83354286462069
      vertex -26.25 -11.730887855979823 32
      vertex -7.950000000000003 -11.697777472436428 31.83354286462069
    endloop
  endfacet
  facet normal 6.967053105221168e-20 0.9807852796390065 0.19509032585814193
    outer loop
      vertex -26.25 -11.730887855979823 32
      vertex -26.245710754284886 -11.774334579706192 32.21842142552138
      vertex -7.950000000000003 -11.774334579706192 32.21842142552138
    endloop
  endfacet
  facet normal 0 0.997858923008654 0.06540313273849395
    outer loop
      vertex -26.245710754284886 -11.774334579706192 32.21842142552138
      vertex -26.238021138985072 -11.799999997019768 32.610000002980236
      vertex -7.950000000000003 -11.799999997019768 32.610000002980236
    endloop
  endfacet
  facet normal 0 1 0
    outer loop
      vertex -26.238021138985072 -11.799999997019768 32.610000002980236
      vertex -26.219161450862885 -11.799999997019768 33.57039263099432
      vertex -7.950000000000003 -11.799999997019768 32.610000002980236
    endloop
  endfacet
  facet normal 0 1 0
    outer loop
      vertex -26.219161450862885 -11.799999997019768 33.57039263099432
      vertex -26.126693345606327 -11.799999997019768 35.13836383074522
      vertex -7.950000000000003 -11.799999997019768 32.610000002980236
    endloop
  endfacet
  facet normal 0 1 0
    outer loop
      vertex -26.126693345606327 -11.799999997019768 35.13836383074522
      vertex -25.972738280892372 -11.799999997019768 36.70149590075016
      vertex -7.950000000000003 -11.799999997019768 32.610000002980236
    endloop
  endfacet
  facet normal 0 1 0
    outer loop
      vertex -25.972738280892372 -11.799999997019768 36.70149590075016
      vertex -25.757533624768257 -11.799999997019768 38.25737860053778
      vertex -7.950000000000003 -11.799999997019768 32.610000002980236
    endloop
  endfacet
  facet normal 0 1 0
    outer loop
      vertex -25.757533624768257 -11.799999997019768 38.25737860053778
      vertex -25.48141121864319 -11.799999997019768 39.803612880408764
      vertex -7.950000000000003 -11.799999997019768 32.610000002980236
    endloop
  endfacet
  facet normal 0 1 0
    outer loop
      vertex -7.950000000000003 -11.799999997019768 32.610000002980236
      vertex -25.48141121864319 -11.799999997019768 39.803612880408764
      vertex -25.144796818494797 -11.799999997019768 41.337814554572105
    endloop
  endfacet
  facet normal 0 0.06540313273849395 0.9978589230086541
    outer loop
      vertex -26.17082667264583 -8.799999997019768 29.610000002980236
      vertex -7.950000000000003 -9.191578574478626 29.63566542029381
      vertex -7.950000000000003 -8.799999997019768 29.610000002980236
    endloop
  endfacet
  facet normal 0 0.19509032585814406 0.980785279639006
    outer loop
      vertex -26.172340241587644 -9.191578574478626 29.63566542029381
      vertex -7.950000000000003 -9.576457135379314 29.712222527563576
      vertex -7.950000000000003 -9.191578574478626 29.63566542029381
    endloop
  endfacet
  facet normal 0 0.32143946370773846 0.9469301300366788
    outer loop
      vertex -26.176855050695288 -9.576457135379314 29.712222527563576
      vertex -7.950000000000003 -9.948050297796726 29.83836140841246
      vertex -7.950000000000003 -9.576457135379314 29.712222527563576
    endloop
  endfacet
  facet normal 0 0.44228869181151975 0.8968727407473452
    outer loop
      vertex -26.18429385015355 -9.948050297796726 29.83836140841246
      vertex -7.950000000000003 -10.299999997019768 30.01192379355431
      vertex -7.950000000000003 -9.948050297796726 29.83836140841246
    endloop
  endfacet
  facet normal 0 0.5555702203832521 0.8314696207458843
    outer loop
      vertex -26.19452936015554 -10.299999997019768 30.01192379355431
      vertex -7.950000000000003 -10.626284286379814 30.229939978420738
      vertex -7.950000000000003 -10.299999997019768 30.01192379355431
    endloop
  endfacet
  facet normal 0 0.6593458207943228 0.7518398024852507
    outer loop
      vertex -26.207386448049157 -10.626284286379814 30.229939978420738
      vertex -7.950000000000003 -10.921320341527462 30.48867965847254
      vertex -7.950000000000003 -10.626284286379814 30.229939978420738
    endloop
  endfacet
  facet normal 0 0.7518398024852506 0.6593458207943228
    outer loop
      vertex -26.22032148158731 -10.921320341527462 30.48867965847254
      vertex -7.950000000000003 -11.180060021579266 30.78371571362019
      vertex -7.950000000000003 -10.921320341527462 30.48867965847254
    endloop
  endfacet
  facet normal 0 0.8314696207458843 0.5555702203832521
    outer loop
      vertex -26.22611524532787 -11.180060021579266 30.78371571362019
      vertex -7.950000000000003 -11.398076206445694 31.110000002980236
      vertex -7.950000000000003 -11.180060021579266 30.78371571362019
    endloop
  endfacet
  facet normal 0 0.8968727407473451 0.44228869181151964
    outer loop
      vertex -26.232522645548364 -11.398076206445694 31.110000002980236
      vertex -7.950000000000003 -11.571638591587543 31.461949702203277
      vertex -7.950000000000003 -11.398076206445694 31.110000002980236
    endloop
  endfacet
  facet normal 0 0.9469301300366788 0.3214394637077385
    outer loop
      vertex -26.23943404966417 -11.571638591587543 31.461949702203277
      vertex -7.950000000000003 -11.697777472436428 31.83354286462069
      vertex -7.950000000000003 -11.571638591587543 31.461949702203277
    endloop
  endfacet
  facet normal -2.6731098914883717e-17 0.980785279639006 0.19509032585814406
    outer loop
      vertex -26.25 -11.730887855979823 32
      vertex -7.950000000000003 -11.774334579706192 32.21842142552138
      vertex -7.950000000000003 -11.697777472436428 31.83354286462069
    endloop
  endfacet
  facet normal 0 0.9978589230086541 0.06540313273849395
    outer loop
      vertex -26.245710754284886 -11.774334579706192 32.21842142552138
      vertex -7.950000000000003 -11.799999997019768 32.610000002980236
      vertex -7.950000000000003 -11.774334579706192 32.21842142552138
    endloop
  endfacet
  facet normal -1 0 0
    outer loop
      vertex -7.950000000000003 -8.799999997019768 29.610000002980236
      vertex -7.950000000000003 -9.191578574478626 29.63566542029381
      vertex -7.950000000000003 -9.049999997019768 32.31096189826727
    endloop
  endfacet
  facet normal -1 0 0
    outer loop
      vertex -7.950000000000003 -9.191578574478626 29.63566542029381
      vertex -7.950000000000003 -9.576457135379314 29.712222527563576
      vertex -7.950000000000003 -9.490030005574226 32.69685785830021
    endloop
  endfacet
  facet normal -1 0 0
    outer loop
      vertex -7.950000000000003 -8.799999997019768 29.610000002980236
      vertex -7.950000000000003 -9.049999997019768 32.31096189826727
      vertex -7.950000000000003 -8.874025143682957 32.22418070197106
    endloop
  endfacet
  facet normal -1 0 0
    outer loop
      vertex -7.950000000000003 -9.191578574478626 29.63566542029381
      vertex -7.950000000000003 -9.213142141699791 32.41996999442578
      vertex -7.950000000000003 -9.049999997019768 32.31096189826727
    endloop
  endfacet
  facet normal -1 0 0
    outer loop
      vertex -7.950000000000003 -9.191578574478626 29.63566542029381
      vertex -7.950000000000003 -9.360660165548325 32.54933983445168
      vertex -7.950000000000003 -9.213142141699791 32.41996999442578
    endloop
  endfacet
  facet normal -1 0 0
    outer loop
      vertex -7.950000000000003 -9.191578574478626 29.63566542029381
      vertex -7.950000000000003 -9.490030005574226 32.69685785830021
      vertex -7.950000000000003 -9.360660165548325 32.54933983445168
    endloop
  endfacet
  facet normal -1 0 0
    outer loop
      vertex -7.950000000000003 -9.576457135379314 29.712222527563576
      vertex -7.950000000000003 -9.59903810173273 32.860000002980236
      vertex -7.950000000000003 -9.490030005574226 32.69685785830021
    endloop
  endfacet
  facet normal -1 0 0
    outer loop
      vertex -7.950000000000003 -9.576457135379314 29.712222527563576
      vertex -7.950000000000003 -9.685819298028946 33.03597485631705
      vertex -7.950000000000003 -9.59903810173273 32.860000002980236
    endloop
  endfacet
  facet normal -1 0 0
    outer loop
      vertex -7.950000000000003 -9.576457135379314 29.712222527563576
      vertex -7.950000000000003 -9.748888738453388 33.22177143752575
      vertex -7.950000000000003 -9.685819298028946 33.03597485631705
    endloop
  endfacet
  facet normal -1 0 0
    outer loop
      vertex -7.950000000000003 -9.576457135379314 29.712222527563576
      vertex -7.950000000000003 -9.78716728836298 33.4142107179761
      vertex -7.950000000000003 -9.748888738453388 33.22177143752575
    endloop
  endfacet
  facet normal -1 0 0
    outer loop
      vertex -7.950000000000003 -9.576457135379314 29.712222527563576
      vertex -7.950000000000003 -9.799999997019768 33.610000002980236
      vertex -7.950000000000003 -9.78716728836298 33.4142107179761
    endloop
  endfacet
  facet normal -1 0 0
    outer loop
      vertex -7.950000000000003 -11.697777472436428 31.83354286462069
      vertex -7.950000000000003 -11.774334579706192 32.21842142552138
      vertex -7.950000000000003 -11.799999997019768 32.610000002980236
    endloop
  endfacet
  facet normal -1 0 0
    outer loop
      vertex -7.950000000000003 -9.576457135379314 29.712222527563576
      vertex -7.950000000000003 -9.948050297796726 29.83836140841246
      vertex -7.950000000000003 -10.626284286379814 46.990060027539734
    endloop
  endfacet
  facet normal -1 0 0
    outer loop
      vertex -7.950000000000003 -9.576457135379314 29.712222527563576
      vertex -7.950000000000003 -10.626284286379814 46.990060027539734
      vertex -7.950000000000003 -9.799999997019768 33.610000002980236
    endloop
  endfacet
  facet normal -1 0 0
    outer loop
      vertex -7.950000000000003 -9.948050297796726 29.83836140841246
      vertex -7.950000000000003 -10.299999997019768 30.01192379355431
      vertex -7.950000000000003 -10.921320341527462 46.73132034748793
    endloop
  endfacet
  facet normal -1 0 0
    outer loop
      vertex -7.950000000000003 -10.299999997019768 30.01192379355431
      vertex -7.950000000000003 -10.626284286379814 30.229939978420738
      vertex -7.950000000000003 -11.180060021579266 46.43628429234028
    endloop
  endfacet
  facet normal -1 0 0
    outer loop
      vertex -7.950000000000003 -10.626284286379814 30.229939978420738
      vertex -7.950000000000003 -10.921320341527462 30.48867965847254
      vertex -7.950000000000003 -11.398076206445694 46.110000002980236
    endloop
  endfacet
  facet normal -1 0 0
    outer loop
      vertex -7.950000000000003 -10.921320341527462 30.48867965847254
      vertex -7.950000000000003 -11.180060021579266 30.78371571362019
      vertex -7.950000000000003 -11.571638591587543 45.758050303757194
    endloop
  endfacet
  facet normal -1 0 0
    outer loop
      vertex -7.950000000000003 -11.180060021579266 30.78371571362019
      vertex -7.950000000000003 -11.398076206445694 31.110000002980236
      vertex -7.950000000000003 -11.697777472436428 45.38645714133978
    endloop
  endfacet
  facet normal -1 0 0
    outer loop
      vertex -7.950000000000003 -11.398076206445694 31.110000002980236
      vertex -7.950000000000003 -11.571638591587543 31.461949702203277
      vertex -7.950000000000003 -11.774334579706192 45.001578580439094
    endloop
  endfacet
  facet normal -1 0 0
    outer loop
      vertex -7.950000000000003 -11.571638591587543 31.461949702203277
      vertex -7.950000000000003 -11.697777472436428 31.83354286462069
      vertex -7.950000000000003 -11.799999997019768 44.610000002980236
    endloop
  endfacet
  facet normal -1 0 0
    outer loop
      vertex -7.950000000000003 -11.697777472436428 31.83354286462069
      vertex -7.950000000000003 -11.799999997019768 32.610000002980236
      vertex -7.950000000000003 -11.799999997019768 44.610000002980236
    endloop
  endfacet
  facet normal 0 -1 0
    outer loop
      vertex -7.950000000000003 -1.2000000029802322 32.610000002980236
      vertex -24.29226065427065 -1.2000000029802322 44.360679775476456
      vertex -24.748209461569786 -1.2000000029802322 42.85761799663305
    endloop
  endfacet
  facet normal 0 -1 0
    outer loop
      vertex -7.950000000000003 -1.2000000029802322 32.610000002980236
      vertex -24.20580393423414 -1.2000000029802322 44.610000002980236
      vertex -24.29226065427065 -1.2000000029802322 44.360679775476456
    endloop
  endfacet
  facet normal 0 -0.9978589230086541 -0.06540313273849395
    outer loop
      vertex -24.20580393423414 -1.2000000029802322 44.610000002980236
      vertex -7.950000000000003 -1.2000000029802322 44.610000002980236
      vertex -24.07001631771136 -1.225665420293808 45.001578580439094
    endloop
  endfacet
  facet normal 0 -0.980785279639006 -0.19509032585814406
    outer loop
      vertex -24.07001631771136 -1.225665420293808 45.001578580439094
      vertex -7.950000000000003 -1.225665420293808 45.001578580439094
      vertex -23.936552064445586 -1.302222527563572 45.38645714133978
    endloop
  endfacet
  facet normal 0 -0.9469301300366789 -0.3214394637077385
    outer loop
      vertex -23.936552064445586 -1.302222527563572 45.38645714133978
      vertex -7.950000000000003 -1.302222527563572 45.38645714133978
      vertex -23.80769478586751 -1.4283614084124565 45.758050303757194
    endloop
  endfacet
  facet normal 0 -0.8968727407473501 -0.4422886918115094
    outer loop
      vertex -23.80769478586751 -1.4283614084124565 45.758050303757194
      vertex -7.950000000000003 -1.4283614084124565 45.758050303757194
      vertex -23.77765343338251 -1.4710835732602814 45.84468228369951
    endloop
  endfacet
  facet normal -9.189273095816288e-17 -0.8968727407473435 -0.44228869181152297
    outer loop
      vertex -23.77765343338251 -1.4710835732602814 45.84468228369951
      vertex -7.950000000000003 -1.4283614084124565 45.758050303757194
      vertex -23.67381008016734 -1.601923793554306 46.110000002980236
    endloop
  endfacet
  facet normal 0 -0.8314696207458843 -0.5555702203832522
    outer loop
      vertex -23.67381008016734 -1.601923793554306 46.110000002980236
      vertex -7.950000000000003 -1.601923793554306 46.110000002980236
      vertex -23.546104871482324 -1.8199399784207344 46.43628429234028
    endloop
  endfacet
  facet normal 0 -0.7518398024852507 -0.6593458207943228
    outer loop
      vertex -23.546104871482324 -1.8199399784207344 46.43628429234028
      vertex -7.950000000000003 -1.8199399784207344 46.43628429234028
      vertex -23.430629985866066 -2.078679658472538 46.73132034748793
    endloop
  endfacet
  facet normal 0 -0.6593458207943229 -0.7518398024852507
    outer loop
      vertex -23.430629985866066 -2.078679658472538 46.73132034748793
      vertex -7.950000000000003 -2.078679658472538 46.73132034748793
      vertex -23.329361227566622 -2.373715713620186 46.990060027539734
    endloop
  endfacet
  facet normal 0 -0.5555702203832522 -0.8314696207458843
    outer loop
      vertex -23.329361227566622 -2.373715713620186 46.990060027539734
      vertex -7.950000000000003 -2.373715713620186 46.990060027539734
      vertex -23.24403133797958 -2.7000000029802322 47.20807621240616
    endloop
  endfacet
  facet normal 0 -1 0
    outer loop
      vertex -7.950000000000003 -1.2000000029802322 32.610000002980236
      vertex -7.950000000000003 -1.2000000029802322 44.610000002980236
      vertex -24.20580393423414 -1.2000000029802322 44.610000002980236
    endloop
  endfacet
  facet normal 0 -0.997858923008654 -0.06540313273849394
    outer loop
      vertex -24.07001631771136 -1.225665420293808 45.001578580439094
      vertex -7.950000000000003 -1.2000000029802322 44.610000002980236
      vertex -7.950000000000003 -1.225665420293808 45.001578580439094
    endloop
  endfacet
  facet normal 0 -0.980785279639006 -0.1950903258581441
    outer loop
      vertex -23.936552064445586 -1.302222527563572 45.38645714133978
      vertex -7.950000000000003 -1.225665420293808 45.001578580439094
      vertex -7.950000000000003 -1.302222527563572 45.38645714133978
    endloop
  endfacet
  facet normal 0 -0.9469301300366788 -0.32143946370773846
    outer loop
      vertex -23.80769478586751 -1.4283614084124565 45.758050303757194
      vertex -7.950000000000003 -1.302222527563572 45.38645714133978
      vertex -7.950000000000003 -1.4283614084124565 45.758050303757194
    endloop
  endfacet
  facet normal 0 -0.8968727407473451 -0.44228869181151975
    outer loop
      vertex -23.67381008016734 -1.601923793554306 46.110000002980236
      vertex -7.950000000000003 -1.4283614084124565 45.758050303757194
      vertex -7.950000000000003 -1.601923793554306 46.110000002980236
    endloop
  endfacet
  facet normal 0 -0.8314696207458843 -0.5555702203832521
    outer loop
      vertex -23.546104871482324 -1.8199399784207344 46.43628429234028
      vertex -7.950000000000003 -1.601923793554306 46.110000002980236
      vertex -7.950000000000003 -1.8199399784207344 46.43628429234028
    endloop
  endfacet
  facet normal 0 -0.7518398024852507 -0.6593458207943229
    outer loop
      vertex -23.430629985866066 -2.078679658472538 46.73132034748793
      vertex -7.950000000000003 -1.8199399784207344 46.43628429234028
      vertex -7.950000000000003 -2.078679658472538 46.73132034748793
    endloop
  endfacet
  facet normal 0 -0.6593458207943228 -0.7518398024852506
    outer loop
      vertex -23.329361227566622 -2.373715713620186 46.990060027539734
      vertex -7.950000000000003 -2.078679658472538 46.73132034748793
      vertex -7.950000000000003 -2.373715713620186 46.990060027539734
    endloop
  endfacet
  facet normal -1 0 0
    outer loop
      vertex -7.950000000000003 -1.2000000029802322 32.610000002980236
      vertex -7.950000000000003 -1.302222527563572 45.38645714133978
      vertex -7.950000000000003 -1.2000000029802322 44.610000002980236
    endloop
  endfacet
  facet normal -1 0 0
    outer loop
      vertex -7.950000000000003 -1.2000000029802322 32.610000002980236
      vertex -7.950000000000003 -1.4283614084124565 45.758050303757194
      vertex -7.950000000000003 -1.302222527563572 45.38645714133978
    endloop
  endfacet
  facet normal -1 0 0
    outer loop
      vertex -7.950000000000003 -1.225665420293808 32.21842142552138
      vertex -7.950000000000003 -1.601923793554306 46.110000002980236
      vertex -7.950000000000003 -1.4283614084124565 45.758050303757194
    endloop
  endfacet
  facet normal -1 0 0
    outer loop
      vertex -7.950000000000003 -1.302222527563572 31.83354286462069
      vertex -7.950000000000003 -1.8199399784207344 46.43628429234028
      vertex -7.950000000000003 -1.601923793554306 46.110000002980236
    endloop
  endfacet
  facet normal -1 0 0
    outer loop
      vertex -7.950000000000003 -1.4283614084124565 31.461949702203277
      vertex -7.950000000000003 -2.078679658472538 46.73132034748793
      vertex -7.950000000000003 -1.8199399784207344 46.43628429234028
    endloop
  endfacet
  facet normal -1 0 0
    outer loop
      vertex -7.950000000000003 -1.601923793554306 31.110000002980236
      vertex -7.950000000000003 -2.373715713620186 46.990060027539734
      vertex -7.950000000000003 -2.078679658472538 46.73132034748793
    endloop
  endfacet
  facet normal -1 0 0
    outer loop
      vertex -7.950000000000003 -1.8199399784207344 30.78371571362019
      vertex -7.950000000000003 -2.7000000029802322 47.20807621240616
      vertex -7.950000000000003 -2.373715713620186 46.990060027539734
    endloop
  endfacet
  facet normal -1 0 0
    outer loop
      vertex -7.950000000000003 -1.2000000029802322 44.610000002980236
      vertex -7.950000000000003 -1.302222527563572 45.38645714133978
      vertex -7.950000000000003 -1.225665420293808 45.001578580439094
    endloop
  endfacet
  facet normal 0 -0.4422886918115202 -0.896872740747345
    outer loop
      vertex -23.24403133797958 -2.7000000029802322 47.20807621240616
      vertex -7.950000000000003 -2.7000000029802322 47.20807621240616
      vertex -23.205181300640106 -2.9012815589850365 47.307337291538715
    endloop
  endfacet
  facet normal -1.6837638958825437e-17 -0.4422886918115191 -0.8968727407473455
    outer loop
      vertex -23.205181300640106 -2.9012815589850365 47.307337291538715
      vertex -7.950000000000003 -2.7000000029802322 47.20807621240616
      vertex -23.172681242914955 -3.0519497022032738 47.38163859754801
    endloop
  endfacet
  facet normal 0 -0.3214394637077385 -0.9469301300366789
    outer loop
      vertex -23.172681242914955 -3.0519497022032738 47.38163859754801
      vertex -7.950000000000003 -3.0519497022032738 47.38163859754801
      vertex -23.117506964976126 -3.4235428646206856 47.507777478396896
    endloop
  endfacet
  facet normal 0 -0.19509032585814406 -0.980785279639006
    outer loop
      vertex -23.117506964976126 -3.4235428646206856 47.507777478396896
      vertex -7.950000000000003 -3.4235428646206856 47.507777478396896
      vertex -23.084020199545293 -3.8084214255213737 47.58433458566666
    endloop
  endfacet
  facet normal 0 -0.06540313273849395 -0.9978589230086541
    outer loop
      vertex -23.084020199545293 -3.8084214255213737 47.58433458566666
      vertex -7.950000000000003 -3.8084214255213737 47.58433458566666
      vertex -23.07279391579562 -4.200000002980232 47.610000002980236
    endloop
  endfacet
  facet normal 0 0 -1
    outer loop
      vertex -23.07279391579562 -4.200000002980232 47.610000002980236
      vertex -7.950000000000003 -4.200000002980232 47.610000002980236
      vertex -23.07279391579562 -8.799999997019768 47.610000002980236
    endloop
  endfacet
  facet normal 0 -0.5555702203832522 -0.8314696207458844
    outer loop
      vertex -7.950000000000003 -2.373715713620186 46.990060027539734
      vertex -7.950000000000003 -2.7000000029802322 47.20807621240616
      vertex -23.24403133797958 -2.7000000029802322 47.20807621240616
    endloop
  endfacet
  facet normal 0 -0.44228869181151975 -0.8968727407473451
    outer loop
      vertex -23.172681242914955 -3.0519497022032738 47.38163859754801
      vertex -7.950000000000003 -2.7000000029802322 47.20807621240616
      vertex -7.950000000000003 -3.0519497022032738 47.38163859754801
    endloop
  endfacet
  facet normal 0 -0.3214394637077385 -0.9469301300366788
    outer loop
      vertex -23.117506964976126 -3.4235428646206856 47.507777478396896
      vertex -7.950000000000003 -3.0519497022032738 47.38163859754801
      vertex -7.950000000000003 -3.4235428646206856 47.507777478396896
    endloop
  endfacet
  facet normal 0 -0.19509032585814406 -0.980785279639006
    outer loop
      vertex -23.084020199545293 -3.8084214255213737 47.58433458566666
      vertex -7.950000000000003 -3.4235428646206856 47.507777478396896
      vertex -7.950000000000003 -3.8084214255213737 47.58433458566666
    endloop
  endfacet
  facet normal 0 -0.06540313273849395 -0.997858923008654
    outer loop
      vertex -23.07279391579562 -4.200000002980232 47.610000002980236
      vertex -7.950000000000003 -3.8084214255213737 47.58433458566666
      vertex -7.950000000000003 -4.200000002980232 47.610000002980236
    endloop
  endfacet
  facet normal -1 0 0
    outer loop
      vertex -7.950000000000003 -2.373715713620186 30.229939978420738
      vertex -7.950000000000003 -3.2000000029802322 43.610000002980236
      vertex -7.950000000000003 -3.4235428646206856 47.507777478396896
    endloop
  endfacet
  facet normal -1 0 0
    outer loop
      vertex -7.950000000000003 -2.078679658472538 30.48867965847254
      vertex -7.950000000000003 -3.0519497022032738 47.38163859754801
      vertex -7.950000000000003 -2.7000000029802322 47.20807621240616
    endloop
  endfacet
  facet normal -1 0 0
    outer loop
      vertex -7.950000000000003 -2.373715713620186 30.229939978420738
      vertex -7.950000000000003 -3.4235428646206856 47.507777478396896
      vertex -7.950000000000003 -3.0519497022032738 47.38163859754801
    endloop
  endfacet
  facet normal -1 0 0
    outer loop
      vertex -7.950000000000003 -3.2000000029802322 43.610000002980236
      vertex -7.950000000000003 -3.21283271163702 43.805789287984375
      vertex -7.950000000000003 -3.4235428646206856 47.507777478396896
    endloop
  endfacet
  facet normal -1 0 0
    outer loop
      vertex -7.950000000000003 -3.21283271163702 43.805789287984375
      vertex -7.950000000000003 -3.251111261546612 43.99822856843472
      vertex -7.950000000000003 -3.4235428646206856 47.507777478396896
    endloop
  endfacet
  facet normal -1 0 0
    outer loop
      vertex -7.950000000000003 -3.251111261546612 43.99822856843472
      vertex -7.950000000000003 -3.314180701971054 44.184025149643425
      vertex -7.950000000000003 -3.4235428646206856 47.507777478396896
    endloop
  endfacet
  facet normal -1 0 0
    outer loop
      vertex -7.950000000000003 -3.314180701971054 44.184025149643425
      vertex -7.950000000000003 -3.400961898267269 44.360000002980236
      vertex -7.950000000000003 -3.4235428646206856 47.507777478396896
    endloop
  endfacet
  facet normal -1 0 0
    outer loop
      vertex -7.950000000000003 -3.400961898267269 44.360000002980236
      vertex -7.950000000000003 -3.5099699944257736 44.52314214766026
      vertex -7.950000000000003 -3.4235428646206856 47.507777478396896
    endloop
  endfacet
  facet normal -1 0 0
    outer loop
      vertex -7.950000000000003 -3.5099699944257736 44.52314214766026
      vertex -7.950000000000003 -3.6393398344516754 44.67066017150879
      vertex -7.950000000000003 -3.8084214255213737 47.58433458566666
    endloop
  endfacet
  facet normal -1 0 0
    outer loop
      vertex -7.950000000000003 -3.5099699944257736 44.52314214766026
      vertex -7.950000000000003 -3.8084214255213737 47.58433458566666
      vertex -7.950000000000003 -3.4235428646206856 47.507777478396896
    endloop
  endfacet
  facet normal -1 0 0
    outer loop
      vertex -7.950000000000003 -3.6393398344516754 44.67066017150879
      vertex -7.950000000000003 -3.786857858300209 44.800030011534695
      vertex -7.950000000000003 -3.8084214255213737 47.58433458566666
    endloop
  endfacet
  facet normal -1 0 0
    outer loop
      vertex -7.950000000000003 -3.786857858300209 44.800030011534695
      vertex -7.950000000000003 -3.9500000029802322 44.9090381076932
      vertex -7.950000000000003 -3.8084214255213737 47.58433458566666
    endloop
  endfacet
  facet normal -1 0 0
    outer loop
      vertex -7.950000000000003 -3.9500000029802322 44.9090381076932
      vertex -7.950000000000003 -4.125974856317043 44.995819303989414
      vertex -7.950000000000003 -4.200000002980232 47.610000002980236
    endloop
  endfacet
  facet normal -1 0 0
    outer loop
      vertex -7.950000000000003 -3.9500000029802322 44.9090381076932
      vertex -7.950000000000003 -4.200000002980232 47.610000002980236
      vertex -7.950000000000003 -3.8084214255213737 47.58433458566666
    endloop
  endfacet
  facet normal -1 0 0
    outer loop
      vertex -7.950000000000003 -4.125974856317043 44.995819303989414
      vertex -7.950000000000003 -4.311771437525749 45.058888744413856
      vertex -7.950000000000003 -4.200000002980232 47.610000002980236
    endloop
  endfacet
  facet normal -1 0 0
    outer loop
      vertex -7.950000000000003 -4.311771437525749 45.058888744413856
      vertex -7.950000000000003 -4.504210717976093 45.09716729432345
      vertex -7.950000000000003 -4.200000002980232 47.610000002980236
    endloop
  endfacet
  facet normal -1 0 0
    outer loop
      vertex -7.950000000000003 -4.504210717976093 45.09716729432345
      vertex -7.950000000000003 -4.700000002980232 45.110000002980236
      vertex -7.950000000000003 -4.200000002980232 47.610000002980236
    endloop
  endfacet
  facet normal 0 0 -1
    outer loop
      vertex -23.07279391579562 -8.799999997019768 47.610000002980236
      vertex -7.950000000000003 -4.200000002980232 47.610000002980236
      vertex -7.950000000000003 -8.799999997019768 47.610000002980236
    endloop
  endfacet
  facet normal -1 0 0
    outer loop
      vertex -7.950000000000003 -4.700000002980232 45.110000002980236
      vertex -7.950000000000003 -8.799999997019768 47.610000002980236
      vertex -7.950000000000003 -4.200000002980232 47.610000002980236
    endloop
  endfacet
  facet normal -1 0 0
    outer loop
      vertex -7.950000000000003 -4.700000002980232 45.110000002980236
      vertex -7.950000000000003 -8.299999997019768 45.110000002980236
      vertex -7.950000000000003 -8.799999997019768 47.610000002980236
    endloop
  endfacet
  facet normal -1 0 0
    outer loop
      vertex -7.950000000000003 -8.299999997019768 45.110000002980236
      vertex -7.950000000000003 -8.495789282023907 45.09716729432345
      vertex -7.950000000000003 -9.191578574478626 47.58433458566666
    endloop
  endfacet
  facet normal -1 0 0
    outer loop
      vertex -7.950000000000003 -8.495789282023907 45.09716729432345
      vertex -7.950000000000003 -8.68822856247425 45.058888744413856
      vertex -7.950000000000003 -9.191578574478626 47.58433458566666
    endloop
  endfacet
  facet normal -1 0 0
    outer loop
      vertex -7.950000000000003 -8.299999997019768 45.110000002980236
      vertex -7.950000000000003 -9.191578574478626 47.58433458566666
      vertex -7.950000000000003 -8.799999997019768 47.610000002980236
    endloop
  endfacet
  facet normal 0 1 0
    outer loop
      vertex -25.144796818494797 -11.799999997019768 41.337814554572105
      vertex -24.748209461569786 -11.799999997019768 42.85761799663305
      vertex -7.950000000000003 -11.799999997019768 44.610000002980236
    endloop
  endfacet
  facet normal 0 1 0
    outer loop
      vertex -24.748209461569786 -11.799999997019768 42.85761799663305
      vertex -24.29226065427065 -11.799999997019768 44.360679775476456
      vertex -7.950000000000003 -11.799999997019768 44.610000002980236
    endloop
  endfacet
  facet normal 0 0.06540313273849395 -0.997858923008654
    outer loop
      vertex -23.07279391579562 -8.799999997019768 47.610000002980236
      vertex -7.950000000000003 -8.799999997019768 47.610000002980236
      vertex -23.084020199545293 -9.191578574478626 47.58433458566666
    endloop
  endfacet
  facet normal 0 0.19509032585814404 -0.980785279639006
    outer loop
      vertex -23.117506964976126 -9.576457135379314 47.507777478396896
      vertex -23.084020199545293 -9.191578574478626 47.58433458566666
      vertex -7.950000000000003 -9.191578574478626 47.58433458566666
    endloop
  endfacet
  facet normal 0 0.3214394637077385 -0.9469301300366788
    outer loop
      vertex -23.117506964976126 -9.576457135379314 47.507777478396896
      vertex -7.950000000000003 -9.576457135379314 47.507777478396896
      vertex -23.172681242914955 -9.948050297796726 47.38163859754801
    endloop
  endfacet
  facet normal 1.8883273465995168e-19 0.44228869181151625 -0.8968727407473469
    outer loop
      vertex -23.205181300640106 -10.098718441014961 47.307337291538715
      vertex -7.950000000000003 -10.299999997019768 47.20807621240616
      vertex -23.24403133797958 -10.299999997019768 47.20807621240616
    endloop
  endfacet
  facet normal 0 0.44228869181152436 -0.8968727407473428
    outer loop
      vertex -23.172681242914955 -9.948050297796726 47.38163859754801
      vertex -7.950000000000003 -9.948050297796726 47.38163859754801
      vertex -23.205181300640106 -10.098718441014961 47.307337291538715
    endloop
  endfacet
  facet normal 0 1 0
    outer loop
      vertex -24.29226065427065 -11.799999997019768 44.360679775476456
      vertex -24.20580393423414 -11.799999997019768 44.610000002980236
      vertex -7.950000000000003 -11.799999997019768 44.610000002980236
    endloop
  endfacet
  facet normal 0 0.6593458207943228 -0.7518398024852506
    outer loop
      vertex -23.430629985866066 -10.921320341527462 46.73132034748793
      vertex -23.329361227566622 -10.626284286379814 46.990060027539734
      vertex -7.950000000000003 -10.626284286379814 46.990060027539734
    endloop
  endfacet
  facet normal 0 0.7518398024852507 -0.6593458207943229
    outer loop
      vertex -23.430629985866066 -10.921320341527462 46.73132034748793
      vertex -7.950000000000003 -10.921320341527462 46.73132034748793
      vertex -23.546104871482324 -11.180060021579266 46.43628429234028
    endloop
  endfacet
  facet normal 0 0.997858923008654 -0.06540313273849394
    outer loop
      vertex -24.20580393423414 -11.799999997019768 44.610000002980236
      vertex -24.07001631771136 -11.774334579706192 45.001578580439094
      vertex -7.950000000000003 -11.774334579706192 45.001578580439094
    endloop
  endfacet
  facet normal 0 0.980785279639006 -0.1950903258581441
    outer loop
      vertex -24.07001631771136 -11.774334579706192 45.001578580439094
      vertex -23.936552064445586 -11.697777472436428 45.38645714133978
      vertex -7.950000000000003 -11.697777472436428 45.38645714133978
    endloop
  endfacet
  facet normal 0 0.9469301300366788 -0.32143946370773846
    outer loop
      vertex -23.936552064445586 -11.697777472436428 45.38645714133978
      vertex -23.80769478586751 -11.571638591587543 45.758050303757194
      vertex -7.950000000000003 -11.571638591587543 45.758050303757194
    endloop
  endfacet
  facet normal -3.7571032447524734e-19 0.8968727407473444 -0.4422886918115212
    outer loop
      vertex -23.77765343338251 -11.528916426739718 45.84468228369951
      vertex -23.67381008016734 -11.398076206445694 46.110000002980236
      vertex -7.950000000000003 -11.398076206445694 46.110000002980236
    endloop
  endfacet
  facet normal 0 0.8314696207458843 -0.5555702203832521
    outer loop
      vertex -23.67381008016734 -11.398076206445694 46.110000002980236
      vertex -23.546104871482324 -11.180060021579266 46.43628429234028
      vertex -7.950000000000003 -11.180060021579266 46.43628429234028
    endloop
  endfacet
  facet normal 6.707324779407116e-20 0.8968727407473475 -0.4422886918115151
    outer loop
      vertex -23.77765343338251 -11.528916426739718 45.84468228369951
      vertex -7.950000000000003 -11.571638591587543 45.758050303757194
      vertex -23.80769478586751 -11.571638591587543 45.758050303757194
    endloop
  endfacet
  facet normal 0 0.5555702203832522 -0.8314696207458844
    outer loop
      vertex -23.24403133797958 -10.299999997019768 47.20807621240616
      vertex -7.950000000000003 -10.299999997019768 47.20807621240616
      vertex -23.329361227566622 -10.626284286379814 46.990060027539734
    endloop
  endfacet
  facet normal 0 1 0
    outer loop
      vertex -7.950000000000003 -11.799999997019768 32.610000002980236
      vertex -25.144796818494797 -11.799999997019768 41.337814554572105
      vertex -7.950000000000003 -11.799999997019768 44.610000002980236
    endloop
  endfacet
  facet normal 0 0.06540313273849395 -0.9978589230086541
    outer loop
      vertex -7.950000000000003 -8.799999997019768 47.610000002980236
      vertex -7.950000000000003 -9.191578574478626 47.58433458566666
      vertex -23.084020199545293 -9.191578574478626 47.58433458566666
    endloop
  endfacet
  facet normal 0 0.19509032585814406 -0.980785279639006
    outer loop
      vertex -23.117506964976126 -9.576457135379314 47.507777478396896
      vertex -7.950000000000003 -9.191578574478626 47.58433458566666
      vertex -7.950000000000003 -9.576457135379314 47.507777478396896
    endloop
  endfacet
  facet normal 0 0.3214394637077385 -0.9469301300366789
    outer loop
      vertex -23.172681242914955 -9.948050297796726 47.38163859754801
      vertex -7.950000000000003 -9.576457135379314 47.507777478396896
      vertex -7.950000000000003 -9.948050297796726 47.38163859754801
    endloop
  endfacet
  facet normal 5.709707159656859e-17 0.44228869181151964 -0.8968727407473451
    outer loop
      vertex -23.205181300640106 -10.098718441014961 47.307337291538715
      vertex -7.950000000000003 -9.948050297796726 47.38163859754801
      vertex -7.950000000000003 -10.299999997019768 47.20807621240616
    endloop
  endfacet
  facet normal 0 0.7518398024852507 -0.6593458207943228
    outer loop
      vertex -23.546104871482324 -11.180060021579266 46.43628429234028
      vertex -7.950000000000003 -10.921320341527462 46.73132034748793
      vertex -7.950000000000003 -11.180060021579266 46.43628429234028
    endloop
  endfacet
  facet normal 0 0.6593458207943229 -0.7518398024852507
    outer loop
      vertex -23.430629985866066 -10.921320341527462 46.73132034748793
      vertex -7.950000000000003 -10.626284286379814 46.990060027539734
      vertex -7.950000000000003 -10.921320341527462 46.73132034748793
    endloop
  endfacet
  facet normal 0 0.9978589230086541 -0.06540313273849395
    outer loop
      vertex -24.20580393423414 -11.799999997019768 44.610000002980236
      vertex -7.950000000000003 -11.774334579706192 45.001578580439094
      vertex -7.950000000000003 -11.799999997019768 44.610000002980236
    endloop
  endfacet
  facet normal 0 0.9469301300366789 -0.3214394637077385
    outer loop
      vertex -23.936552064445586 -11.697777472436428 45.38645714133978
      vertex -7.950000000000003 -11.571638591587543 45.758050303757194
      vertex -7.950000000000003 -11.697777472436428 45.38645714133978
    endloop
  endfacet
  facet normal 0 0.980785279639006 -0.19509032585814406
    outer loop
      vertex -24.07001631771136 -11.774334579706192 45.001578580439094
      vertex -7.950000000000003 -11.697777472436428 45.38645714133978
      vertex -7.950000000000003 -11.774334579706192 45.001578580439094
    endloop
  endfacet
  facet normal 0 0.8314696207458843 -0.5555702203832522
    outer loop
      vertex -23.67381008016734 -11.398076206445694 46.110000002980236
      vertex -7.950000000000003 -11.180060021579266 46.43628429234028
      vertex -7.950000000000003 -11.398076206445694 46.110000002980236
    endloop
  endfacet
  facet normal -3.180527286853828e-17 0.8968727407473451 -0.4422886918115197
    outer loop
      vertex -23.77765343338251 -11.528916426739718 45.84468228369951
      vertex -7.950000000000003 -11.398076206445694 46.110000002980236
      vertex -7.950000000000003 -11.571638591587543 45.758050303757194
    endloop
  endfacet
  facet normal 0 0.5555702203832522 -0.8314696207458843
    outer loop
      vertex -23.329361227566622 -10.626284286379814 46.990060027539734
      vertex -7.950000000000003 -10.299999997019768 47.20807621240616
      vertex -7.950000000000003 -10.626284286379814 46.990060027539734
    endloop
  endfacet
  facet normal -1 0 0
    outer loop
      vertex -7.950000000000003 -9.799999997019768 33.610000002980236
      vertex -7.950000000000003 -10.626284286379814 46.990060027539734
      vertex -7.950000000000003 -9.799999997019768 43.610000002980236
    endloop
  endfacet
  facet normal -1 0 0
    outer loop
      vertex -7.950000000000003 -9.948050297796726 29.83836140841246
      vertex -7.950000000000003 -10.921320341527462 46.73132034748793
      vertex -7.950000000000003 -10.626284286379814 46.990060027539734
    endloop
  endfacet
  facet normal -1 0 0
    outer loop
      vertex -7.950000000000003 -10.299999997019768 30.01192379355431
      vertex -7.950000000000003 -11.180060021579266 46.43628429234028
      vertex -7.950000000000003 -10.921320341527462 46.73132034748793
    endloop
  endfacet
  facet normal -1 0 0
    outer loop
      vertex -7.950000000000003 -10.626284286379814 30.229939978420738
      vertex -7.950000000000003 -11.398076206445694 46.110000002980236
      vertex -7.950000000000003 -11.180060021579266 46.43628429234028
    endloop
  endfacet
  facet normal -1 0 0
    outer loop
      vertex -7.950000000000003 -11.180060021579266 30.78371571362019
      vertex -7.950000000000003 -11.697777472436428 45.38645714133978
      vertex -7.950000000000003 -11.571638591587543 45.758050303757194
    endloop
  endfacet
  facet normal -1 0 0
    outer loop
      vertex -7.950000000000003 -11.571638591587543 31.461949702203277
      vertex -7.950000000000003 -11.799999997019768 44.610000002980236
      vertex -7.950000000000003 -11.774334579706192 45.001578580439094
    endloop
  endfacet
  facet normal -1 0 0
    outer loop
      vertex -7.950000000000003 -11.398076206445694 31.110000002980236
      vertex -7.950000000000003 -11.774334579706192 45.001578580439094
      vertex -7.950000000000003 -11.697777472436428 45.38645714133978
    endloop
  endfacet
  facet normal -1 0 0
    outer loop
      vertex -7.950000000000003 -10.921320341527462 30.48867965847254
      vertex -7.950000000000003 -11.571638591587543 45.758050303757194
      vertex -7.950000000000003 -11.398076206445694 46.110000002980236
    endloop
  endfacet
  facet normal -1 0 0
    outer loop
      vertex -7.950000000000003 -9.360660165548325 44.67066017150879
      vertex -7.950000000000003 -9.576457135379314 47.507777478396896
      vertex -7.950000000000003 -9.213142141699791 44.800030011534695
    endloop
  endfacet
  facet normal -1 0 0
    outer loop
      vertex -7.950000000000003 -8.68822856247425 45.058888744413856
      vertex -7.950000000000003 -8.874025143682957 44.995819303989414
      vertex -7.950000000000003 -9.576457135379314 47.507777478396896
    endloop
  endfacet
  facet normal -1 0 0
    outer loop
      vertex -7.950000000000003 -8.874025143682957 44.995819303989414
      vertex -7.950000000000003 -9.049999997019768 44.9090381076932
      vertex -7.950000000000003 -9.576457135379314 47.507777478396896
    endloop
  endfacet
  facet normal -1 0 0
    outer loop
      vertex -7.950000000000003 -8.68822856247425 45.058888744413856
      vertex -7.950000000000003 -9.576457135379314 47.507777478396896
      vertex -7.950000000000003 -9.191578574478626 47.58433458566666
    endloop
  endfacet
  facet normal -1 0 0
    outer loop
      vertex -7.950000000000003 -9.049999997019768 44.9090381076932
      vertex -7.950000000000003 -9.213142141699791 44.800030011534695
      vertex -7.950000000000003 -9.576457135379314 47.507777478396896
    endloop
  endfacet
  facet normal -1 0 0
    outer loop
      vertex -7.950000000000003 -9.799999997019768 43.610000002980236
      vertex -7.950000000000003 -10.299999997019768 47.20807621240616
      vertex -7.950000000000003 -9.78716728836298 43.805789287984375
    endloop
  endfacet
  facet normal -1 0 0
    outer loop
      vertex -7.950000000000003 -9.59903810173273 44.360000002980236
      vertex -7.950000000000003 -9.685819298028946 44.184025149643425
      vertex -7.950000000000003 -9.948050297796726 47.38163859754801
    endloop
  endfacet
  facet normal -1 0 0
    outer loop
      vertex -7.950000000000003 -9.360660165548325 44.67066017150879
      vertex -7.950000000000003 -9.490030005574226 44.52314214766026
      vertex -7.950000000000003 -9.948050297796726 47.38163859754801
    endloop
  endfacet
  facet normal -1 0 0
    outer loop
      vertex -7.950000000000003 -9.59903810173273 44.360000002980236
      vertex -7.950000000000003 -9.948050297796726 47.38163859754801
      vertex -7.950000000000003 -9.490030005574226 44.52314214766026
    endloop
  endfacet
  facet normal -1 0 0
    outer loop
      vertex -7.950000000000003 -9.748888738453388 43.99822856843472
      vertex -7.950000000000003 -9.948050297796726 47.38163859754801
      vertex -7.950000000000003 -9.685819298028946 44.184025149643425
    endloop
  endfacet
  facet normal -1 0 0
    outer loop
      vertex -7.950000000000003 -9.78716728836298 43.805789287984375
      vertex -7.950000000000003 -9.948050297796726 47.38163859754801
      vertex -7.950000000000003 -9.748888738453388 43.99822856843472
    endloop
  endfacet
  facet normal -1 0 0
    outer loop
      vertex -7.950000000000003 -9.360660165548325 44.67066017150879
      vertex -7.950000000000003 -9.948050297796726 47.38163859754801
      vertex -7.950000000000003 -9.576457135379314 47.507777478396896
    endloop
  endfacet
  facet normal -1 0 0
    outer loop
      vertex -7.950000000000003 -9.78716728836298 43.805789287984375
      vertex -7.950000000000003 -10.299999997019768 47.20807621240616
      vertex -7.950000000000003 -9.948050297796726 47.38163859754801
    endloop
  endfacet
  facet normal -1 0 0
    outer loop
      vertex -7.950000000000003 -9.799999997019768 43.610000002980236
      vertex -7.950000000000003 -10.626284286379814 46.990060027539734
      vertex -7.950000000000003 -10.299999997019768 47.20807621240616
    endloop
  endfacet
  facet normal -8.858794684257859e-18 -0.8968727407473451 0.44228869181151964
    outer loop
      vertex 35.45 -2.4283614084124565 38.41194969773293
      vertex 35.45 -2.601923793554306 38.05999999850989
      vertex 53.25753362476826 -2.504587438332095 38.25737860053778
    endloop
  endfacet
  facet normal 0 -0.9469301300366788 0.32143946370773846
    outer loop
      vertex 35.45 -2.302222527563572 38.78354286015034
      vertex 35.45 -2.4283614084124565 38.41194969773293
      vertex 53.229930729249425 -2.4283614084124565 38.41194969773293
    endloop
  endfacet
  facet normal 0 -0.9807852796390059 0.1950903258581441
    outer loop
      vertex 35.45 -2.302222527563572 38.78354286015034
      vertex 53.163572610404145 -2.302222527563572 38.78354286015034
      vertex 35.45 -2.225665420293808 39.16842142105103
    endloop
  endfacet
  facet normal 0 -0.997858923008654 0.06540313273849394
    outer loop
      vertex 35.45 -2.225665420293808 39.16842142105103
      vertex 53.094842020424785 -2.225665420293808 39.16842142105103
      vertex 35.45 -2.2000000029802322 39.55999999850989
    endloop
  endfacet
  facet normal 0 -0.9469301300366788 0.32143946370773846
    outer loop
      vertex 35.45 -2.302222527563572 38.78354286015034
      vertex 53.229930729249425 -2.4283614084124565 38.41194969773293
      vertex 53.163572610404145 -2.302222527563572 38.78354286015034
    endloop
  endfacet
  facet normal 0 -0.8968727407473448 0.4422886918115206
    outer loop
      vertex 35.45 -2.4283614084124565 38.41194969773293
      vertex 53.25753362476826 -2.504587438332095 38.25737860053778
      vertex 53.229930729249425 -2.4283614084124565 38.41194969773293
    endloop
  endfacet
  facet normal 0 -0.9807852796390061 0.1950903258581441
    outer loop
      vertex 35.45 -2.225665420293808 39.16842142105103
      vertex 53.163572610404145 -2.302222527563572 38.78354286015034
      vertex 53.094842020424785 -2.225665420293808 39.16842142105103
    endloop
  endfacet
  facet normal 0 -0.9978589230086541 0.06540313273849395
    outer loop
      vertex 53.094842020424785 -2.225665420293808 39.16842142105103
      vertex 53.0249149593044 -2.2000000029802322 39.55999999850989
      vertex 35.45 -2.2000000029802322 39.55999999850989
    endloop
  endfacet
  facet normal 1 0 0
    outer loop
      vertex 35.45 -3.7000000029802322 36.96192378908396
      vertex 35.45 -4.21711028367281 40.798947613537315
      vertex 35.45 -4.051949702203274 36.78836140394211
    endloop
  endfacet
  facet normal 1 0 0
    outer loop
      vertex 35.45 -4.051949702203274 36.78836140394211
      vertex 35.45 -4.467949196696281 40.05999999850989
      vertex 35.45 -4.423542864620686 36.66222252309323
    endloop
  endfacet
  facet normal 1 0 0
    outer loop
      vertex 35.45 -4.423542864620686 36.66222252309323
      vertex 35.45 -4.467949196696281 40.05999999850989
      vertex 35.45 -4.613293319940567 39.84247713893652
    endloop
  endfacet
  facet normal 1 0 0
    outer loop
      vertex 35.45 -4.051949702203274 36.78836140394211
      vertex 35.45 -4.352240934967995 40.29463313132525
      vertex 35.45 -4.467949196696281 40.05999999850989
    endloop
  endfacet
  facet normal 1 0 0
    outer loop
      vertex 35.45 -4.051949702203274 36.78836140394211
      vertex 35.45 -4.21711028367281 40.798947613537315
      vertex 35.45 -4.268148347735405 40.54236191123724
    endloop
  endfacet
  facet normal 1 0 0
    outer loop
      vertex 35.45 -4.051949702203274 36.78836140394211
      vertex 35.45 -4.268148347735405 40.54236191123724
      vertex 35.45 -4.352240934967995 40.29463313132525
    endloop
  endfacet
  facet normal 1 0 0
    outer loop
      vertex 35.45 -4.423542864620686 36.66222252309323
      vertex 35.45 -4.613293319940567 39.84247713893652
      vertex 35.45 -4.78578644245863 39.645786437988285
    endloop
  endfacet
  facet normal 1 0 0
    outer loop
      vertex 35.45 -4.423542864620686 36.66222252309323
      vertex 35.45 -4.982477143406868 39.47329331547022
      vertex 35.45 -5.200000002980232 39.32794919222594
    endloop
  endfacet
  facet normal 1 0 0
    outer loop
      vertex 35.45 -4.423542864620686 36.66222252309323
      vertex 35.45 -4.78578644245863 39.645786437988285
      vertex 35.45 -4.982477143406868 39.47329331547022
    endloop
  endfacet
  facet normal 1 0 0
    outer loop
      vertex 35.45 -4.423542864620686 36.66222252309323
      vertex 35.45 -5.682361915707588 39.12814834326506
      vertex 35.45 -4.808421425521374 36.58566541582346
    endloop
  endfacet
  facet normal 1 0 0
    outer loop
      vertex 35.45 -4.808421425521374 36.58566541582346
      vertex 35.45 -6.200000002980232 39.05999999850989
      vertex 35.45 -5.200000002980232 36.55999999850989
    endloop
  endfacet
  facet normal 1 0 0
    outer loop
      vertex 35.45 -4.808421425521374 36.58566541582346
      vertex 35.45 -5.682361915707588 39.12814834326506
      vertex 35.45 -5.93894761800766 39.077110279202465
    endloop
  endfacet
  facet normal 1 0 0
    outer loop
      vertex 35.45 -4.808421425521374 36.58566541582346
      vertex 35.45 -5.93894761800766 39.077110279202465
      vertex 35.45 -6.200000002980232 39.05999999850989
    endloop
  endfacet
  facet normal 1 0 0
    outer loop
      vertex 35.45 -4.423542864620686 36.66222252309323
      vertex 35.45 -5.200000002980232 39.32794919222594
      vertex 35.45 -5.434633135795593 39.21224093049765
    endloop
  endfacet
  facet normal 1 0 0
    outer loop
      vertex 35.45 -4.423542864620686 36.66222252309323
      vertex 35.45 -5.434633135795593 39.21224093049765
      vertex 35.45 -5.682361915707588 39.12814834326506
    endloop
  endfacet
  facet normal 0 -0.4422886918115197 0.8968727407473451
    outer loop
      vertex 35.45 -3.7000000029802322 36.96192378908396
      vertex 35.45 -4.051949702203274 36.78836140394211
      vertex 53.46072332581509 -4.051949702203274 36.78836140394211
    endloop
  endfacet
  facet normal 0 -0.8314696207458843 0.5555702203832521
    outer loop
      vertex 35.45 -2.601923793554306 38.05999999850989
      vertex 35.45 -2.8199399784207344 37.73371570914984
      vertex 53.32996497996071 -2.8199399784207344 37.73371570914984
    endloop
  endfacet
  facet normal 0 -0.7518398024852507 0.6593458207943228
    outer loop
      vertex 35.45 -2.8199399784207344 37.73371570914984
      vertex 35.45 -3.078679658472538 37.43867965400219
      vertex 53.3707734115995 -3.078679658472538 37.43867965400219
    endloop
  endfacet
  facet normal 0 -0.6593458207943228 0.7518398024852507
    outer loop
      vertex 35.45 -3.078679658472538 37.43867965400219
      vertex 35.45 -3.373715713620186 37.17993997395039
      vertex 53.406561446185144 -3.373715713620186 37.17993997395039
    endloop
  endfacet
  facet normal 0 -0.5555702203832521 0.8314696207458842
    outer loop
      vertex 35.45 -3.7000000029802322 36.96192378908396
      vertex 53.43671673880462 -3.7000000029802322 36.96192378908396
      vertex 35.45 -3.373715713620186 37.17993997395039
    endloop
  endfacet
  facet normal 2.0079417773308322e-17 -0.32143946370773846 0.9469301300366788
    outer loop
      vertex 35.45 -4.051949702203274 36.78836140394211
      vertex 35.45 -4.423542864620686 36.66222252309323
      vertex 53.47273828089237 -4.307847224195299 36.70149590075016
    endloop
  endfacet
  facet normal 0 -0.1950903258581441 0.9807852796390061
    outer loop
      vertex 35.45 -4.423542864620686 36.66222252309323
      vertex 35.45 -4.808421425521374 36.58566541582346
      vertex 53.48414658742317 -4.808421425521374 36.58566541582346
    endloop
  endfacet
  facet normal 0 -0.06540313273849394 0.997858923008654
    outer loop
      vertex 35.45 -4.808421425521374 36.58566541582346
      vertex 35.45 -5.200000002980232 36.55999999850989
      vertex 53.48667441028552 -5.200000002980232 36.55999999850989
    endloop
  endfacet
  facet normal 1 0 0
    outer loop
      vertex 35.45 -5.200000002980232 36.55999999850989
      vertex 35.45 -6.200000002980232 39.05999999850989
      vertex 35.45 -13.600000001490116 36.55999999850989
    endloop
  endfacet
  facet normal 0 -0.44228869181151964 0.896872740747345
    outer loop
      vertex 35.45 -3.7000000029802322 36.96192378908396
      vertex 53.46072332581509 -4.051949702203274 36.78836140394211
      vertex 53.43671673880462 -3.7000000029802322 36.96192378908396
    endloop
  endfacet
  facet normal 0 -0.7518398024852507 0.6593458207943229
    outer loop
      vertex 35.45 -2.8199399784207344 37.73371570914984
      vertex 53.3707734115995 -3.078679658472538 37.43867965400219
      vertex 53.32996497996071 -2.8199399784207344 37.73371570914984
    endloop
  endfacet
  facet normal 0 -0.8314696207458843 0.5555702203832522
    outer loop
      vertex 35.45 -2.601923793554306 38.05999999850989
      vertex 53.32996497996071 -2.8199399784207344 37.73371570914984
      vertex 53.28483439376676 -2.601923793554306 38.05999999850989
    endloop
  endfacet
  facet normal -2.5350093312087246e-19 -0.8968727407473455 0.44228869181151903
    outer loop
      vertex 53.25753362476826 -2.504587438332095 38.25737860053778
      vertex 35.45 -2.601923793554306 38.05999999850989
      vertex 53.28483439376676 -2.601923793554306 38.05999999850989
    endloop
  endfacet
  facet normal 0 -0.6593458207943228 0.7518398024852507
    outer loop
      vertex 35.45 -3.078679658472538 37.43867965400219
      vertex 53.406561446185144 -3.373715713620186 37.17993997395039
      vertex 53.3707734115995 -3.078679658472538 37.43867965400219
    endloop
  endfacet
  facet normal 0 -0.5555702203832522 0.8314696207458843
    outer loop
      vertex 35.45 -3.373715713620186 37.17993997395039
      vertex 53.43671673880462 -3.7000000029802322 36.96192378908396
      vertex 53.406561446185144 -3.373715713620186 37.17993997395039
    endloop
  endfacet
  facet normal 0 -0.3214394637077398 0.9469301300366784
    outer loop
      vertex 35.45 -4.051949702203274 36.78836140394211
      vertex 53.47273828089237 -4.307847224195299 36.70149590075016
      vertex 53.46072332581509 -4.051949702203274 36.78836140394211
    endloop
  endfacet
  facet normal 0 -0.32143946370773574 0.9469301300366799
    outer loop
      vertex 35.45 -4.423542864620686 36.66222252309323
      vertex 53.476606370809236 -4.423542864620686 36.66222252309323
      vertex 53.47273828089237 -4.307847224195299 36.70149590075016
    endloop
  endfacet
  facet normal 0 -0.19509032585814406 0.980785279639006
    outer loop
      vertex 35.45 -4.423542864620686 36.66222252309323
      vertex 53.48414658742317 -4.808421425521374 36.58566541582346
      vertex 53.476606370809236 -4.423542864620686 36.66222252309323
    endloop
  endfacet
  facet normal 0 -0.06540313273849395 0.997858923008654
    outer loop
      vertex 35.45 -4.808421425521374 36.58566541582346
      vertex 53.48667441028552 -5.200000002980232 36.55999999850989
      vertex 53.48414658742317 -4.808421425521374 36.58566541582346
    endloop
  endfacet
  facet normal 0 0 1
    outer loop
      vertex 35.45 -5.200000002980232 36.55999999850989
      vertex 53.48667441028552 -13.600000001490116 36.55999999850989
      vertex 53.48667441028552 -5.200000002980232 36.55999999850989
    endloop
  endfacet
  facet normal 1 0 0
    outer loop
      vertex 35.45 -6.200000002980232 39.05999999850989
      vertex 35.45 -12.600000001490116 39.05999999850989
      vertex 35.45 -13.600000001490116 36.55999999850989
    endloop
  endfacet
  facet normal 0 0 1
    outer loop
      vertex 35.45 -5.200000002980232 36.55999999850989
      vertex 35.45 -13.600000001490116 36.55999999850989
      vertex 53.48667441028552 -13.600000001490116 36.55999999850989
    endloop
  endfacet
  facet normal 1 0 0
    outer loop
      vertex 35.45 -12.600000001490116 39.05999999850989
      vertex 35.45 -12.861052386462688 39.077110279202465
      vertex 35.45 -13.600000001490116 36.55999999850989
    endloop
  endfacet
  facet normal 1 0 0
    outer loop
      vertex 35.45 -12.861052386462688 39.077110279202465
      vertex 35.45 -13.11763808876276 39.12814834326506
      vertex 35.45 -13.600000001490116 36.55999999850989
    endloop
  endfacet
  facet normal 1 0 0
    outer loop
      vertex 35.45 -13.11763808876276 39.12814834326506
      vertex 35.45 -13.365366868674755 39.21224093049765
      vertex 35.45 -13.600000001490116 36.55999999850989
    endloop
  endfacet
  facet normal 1 0 0
    outer loop
      vertex 35.45 -13.600000001490116 36.55999999850989
      vertex 35.45 -13.600000001490116 39.32794919222594
      vertex 35.45 -13.991578578948975 36.58566541582346
    endloop
  endfacet
  facet normal 1 0 0
    outer loop
      vertex 35.45 -13.991578578948975 36.58566541582346
      vertex 35.45 -14.186706684529781 39.84247713893652
      vertex 35.45 -14.376457139849663 36.66222252309323
    endloop
  endfacet
  facet normal 1 0 0
    outer loop
      vertex 35.45 -13.365366868674755 39.21224093049765
      vertex 35.45 -13.600000001490116 39.32794919222594
      vertex 35.45 -13.600000001490116 36.55999999850989
    endloop
  endfacet
  facet normal 1 0 0
    outer loop
      vertex 35.45 -13.991578578948975 36.58566541582346
      vertex 35.45 -13.600000001490116 39.32794919222594
      vertex 35.45 -13.81752286106348 39.47329331547022
    endloop
  endfacet
  facet normal 1 0 0
    outer loop
      vertex 35.45 -13.991578578948975 36.58566541582346
      vertex 35.45 -13.81752286106348 39.47329331547022
      vertex 35.45 -14.014213562011719 39.645786437988285
    endloop
  endfacet
  facet normal 1 0 0
    outer loop
      vertex 35.45 -13.991578578948975 36.58566541582346
      vertex 35.45 -14.014213562011719 39.645786437988285
      vertex 35.45 -14.186706684529781 39.84247713893652
    endloop
  endfacet
  facet normal 1 0 0
    outer loop
      vertex 35.45 -14.376457139849663 36.66222252309323
      vertex 35.45 -14.186706684529781 39.84247713893652
      vertex 35.45 -14.332050807774067 40.05999999850989
    endloop
  endfacet
  facet normal 1 0 0
    outer loop
      vertex 35.45 -14.376457139849663 36.66222252309323
      vertex 35.45 -14.332050807774067 40.05999999850989
      vertex 35.45 -14.447759069502354 40.29463313132525
    endloop
  endfacet
  facet normal 1 0 0
    outer loop
      vertex 35.45 -14.376457139849663 36.66222252309323
      vertex 35.45 -14.447759069502354 40.29463313132525
      vertex 35.45 -14.531851656734943 40.54236191123724
    endloop
  endfacet
  facet normal 1 0 0
    outer loop
      vertex 35.45 -14.376457139849663 36.66222252309323
      vertex 35.45 -14.531851656734943 40.54236191123724
      vertex 35.45 -14.582889720797539 40.798947613537315
    endloop
  endfacet
  facet normal 0 0.06540313273849395 0.997858923008654
    outer loop
      vertex 35.45 -13.600000001490116 36.55999999850989
      vertex 35.45 -13.991578578948975 36.58566541582346
      vertex 53.48414658742317 -13.991578578948975 36.58566541582346
    endloop
  endfacet
  facet normal 0 0.19509032585814406 0.980785279639006
    outer loop
      vertex 35.45 -13.991578578948975 36.58566541582346
      vertex 35.45 -14.376457139849663 36.66222252309323
      vertex 53.476606370809236 -14.376457139849663 36.66222252309323
    endloop
  endfacet
  facet normal 0 0.3214394637077384 0.9469301300366787
    outer loop
      vertex 35.45 -14.376457139849663 36.66222252309323
      vertex 35.45 -14.748050302267075 36.78836140394211
      vertex 53.46072332581509 -14.748050302267075 36.78836140394211
    endloop
  endfacet
  facet normal 0 0.44228869181151964 0.896872740747345
    outer loop
      vertex 35.45 -14.748050302267075 36.78836140394211
      vertex 35.45 -15.100000001490116 36.96192378908396
      vertex 53.43671673880462 -15.100000001490116 36.96192378908396
    endloop
  endfacet
  facet normal 0 0.06540313273849394 0.997858923008654
    outer loop
      vertex 35.45 -13.600000001490116 36.55999999850989
      vertex 53.48414658742317 -13.991578578948975 36.58566541582346
      vertex 53.48667441028552 -13.600000001490116 36.55999999850989
    endloop
  endfacet
  facet normal 0 0.1950903258581441 0.9807852796390061
    outer loop
      vertex 35.45 -13.991578578948975 36.58566541582346
      vertex 53.476606370809236 -14.376457139849663 36.66222252309323
      vertex 53.48414658742317 -13.991578578948975 36.58566541582346
    endloop
  endfacet
  facet normal 0 0.32143946370774457 0.9469301300366768
    outer loop
      vertex 35.45 -14.376457139849663 36.66222252309323
      vertex 53.47273828089237 -14.492152780275045 36.70149590075016
      vertex 53.476606370809236 -14.376457139849663 36.66222252309323
    endloop
  endfacet
  facet normal -6.307220345843459e-17 0.32143946370773574 0.9469301300366798
    outer loop
      vertex 35.45 -14.376457139849663 36.66222252309323
      vertex 53.46072332581509 -14.748050302267075 36.78836140394211
      vertex 53.47273828089237 -14.492152780275045 36.70149590075016
    endloop
  endfacet
  facet normal 0 0.4422886918115197 0.8968727407473451
    outer loop
      vertex 35.45 -14.748050302267075 36.78836140394211
      vertex 53.43671673880462 -15.100000001490116 36.96192378908396
      vertex 53.46072332581509 -14.748050302267075 36.78836140394211
    endloop
  endfacet
  facet normal 1 0 0
    outer loop
      vertex 35.45 -16.497777476906776 38.78354286015034
      vertex 35.45 -16.600000001490116 39.55999999850989
      vertex 35.45 -16.57433458417654 39.16842142105103
    endloop
  endfacet
  facet normal 0 0.5555702203832522 0.8314696207458843
    outer loop
      vertex 35.45 -15.100000001490116 36.96192378908396
      vertex 35.45 -15.426284290850163 37.17993997395039
      vertex 53.406561446185144 -15.426284290850163 37.17993997395039
    endloop
  endfacet
  facet normal 0 0.6593458207943228 0.7518398024852507
    outer loop
      vertex 35.45 -15.426284290850163 37.17993997395039
      vertex 35.45 -15.72132034599781 37.43867965400219
      vertex 53.3707734115995 -15.72132034599781 37.43867965400219
    endloop
  endfacet
  facet normal 0 0.7518398024852507 0.6593458207943229
    outer loop
      vertex 35.45 -15.72132034599781 37.43867965400219
      vertex 35.45 -15.980060026049614 37.73371570914984
      vertex 53.32996497996071 -15.980060026049614 37.73371570914984
    endloop
  endfacet
  facet normal 0 0.8314696207458843 0.5555702203832522
    outer loop
      vertex 35.45 -15.980060026049614 37.73371570914984
      vertex 35.45 -16.198076210916042 38.05999999850989
      vertex 53.28483439376676 -16.198076210916042 38.05999999850989
    endloop
  endfacet
  facet normal 0 0.8968727407473451 0.4422886918115197
    outer loop
      vertex 35.45 -16.198076210916042 38.05999999850989
      vertex 35.45 -16.371638596057892 38.41194969773293
      vertex 53.229930729249425 -16.371638596057892 38.41194969773293
    endloop
  endfacet
  facet normal 0 0.9469301300366788 0.32143946370773846
    outer loop
      vertex 35.45 -16.371638596057892 38.41194969773293
      vertex 35.45 -16.497777476906776 38.78354286015034
      vertex 53.163572610404145 -16.497777476906776 38.78354286015034
    endloop
  endfacet
  facet normal 0 0.9807852796390061 0.1950903258581441
    outer loop
      vertex 35.45 -16.497777476906776 38.78354286015034
      vertex 35.45 -16.57433458417654 39.16842142105103
      vertex 53.094842020424785 -16.57433458417654 39.16842142105103
    endloop
  endfacet
  facet normal 0 0.9978589230086541 0.06540313273849395
    outer loop
      vertex 35.45 -16.57433458417654 39.16842142105103
      vertex 35.45 -16.600000001490116 39.55999999850989
      vertex 53.0249149593044 -16.600000001490116 39.55999999850989
    endloop
  endfacet
  facet normal 0 0.5555702203832521 0.8314696207458842
    outer loop
      vertex 35.45 -15.100000001490116 36.96192378908396
      vertex 53.406561446185144 -15.426284290850163 37.17993997395039
      vertex 53.43671673880462 -15.100000001490116 36.96192378908396
    endloop
  endfacet
  facet normal 0 0.6593458207943228 0.7518398024852507
    outer loop
      vertex 35.45 -15.426284290850163 37.17993997395039
      vertex 53.3707734115995 -15.72132034599781 37.43867965400219
      vertex 53.406561446185144 -15.426284290850163 37.17993997395039
    endloop
  endfacet
  facet normal 0 0.7518398024852507 0.6593458207943228
    outer loop
      vertex 35.45 -15.72132034599781 37.43867965400219
      vertex 53.32996497996071 -15.980060026049614 37.73371570914984
      vertex 53.3707734115995 -15.72132034599781 37.43867965400219
    endloop
  endfacet
  facet normal 0 0.8314696207458843 0.5555702203832521
    outer loop
      vertex 35.45 -15.980060026049614 37.73371570914984
      vertex 53.28483439376676 -16.198076210916042 38.05999999850989
      vertex 53.32996497996071 -15.980060026049614 37.73371570914984
    endloop
  endfacet
  facet normal 0 0.8968727407473456 0.4422886918115191
    outer loop
      vertex 35.45 -16.198076210916042 38.05999999850989
      vertex 53.25753362476826 -16.295412566138253 38.25737860053778
      vertex 53.28483439376676 -16.198076210916042 38.05999999850989
    endloop
  endfacet
  facet normal -1.9002894197188774e-17 0.8968727407473447 0.4422886918115204
    outer loop
      vertex 35.45 -16.198076210916042 38.05999999850989
      vertex 53.229930729249425 -16.371638596057892 38.41194969773293
      vertex 53.25753362476826 -16.295412566138253 38.25737860053778
    endloop
  endfacet
  facet normal 0 0.9469301300366788 0.32143946370773846
    outer loop
      vertex 35.45 -16.371638596057892 38.41194969773293
      vertex 53.163572610404145 -16.497777476906776 38.78354286015034
      vertex 53.229930729249425 -16.371638596057892 38.41194969773293
    endloop
  endfacet
  facet normal 0 0.9807852796390059 0.1950903258581441
    outer loop
      vertex 35.45 -16.497777476906776 38.78354286015034
      vertex 53.094842020424785 -16.57433458417654 39.16842142105103
      vertex 53.163572610404145 -16.497777476906776 38.78354286015034
    endloop
  endfacet
  facet normal 0 0.997858923008654 0.06540313273849394
    outer loop
      vertex 35.45 -16.57433458417654 39.16842142105103
      vertex 53.0249149593044 -16.600000001490116 39.55999999850989
      vertex 53.094842020424785 -16.57433458417654 39.16842142105103
    endloop
  endfacet
  facet normal 1 0 0
    outer loop
      vertex 35.45 -2.225665420293808 39.16842142105103
      vertex 35.45 -2.2000000029802322 39.55999999850989
      vertex 35.45 -2.4283614084124565 50.708050299286846
    endloop
  endfacet
  facet normal 1 0 0
    outer loop
      vertex 35.45 -2.302222527563572 38.78354286015034
      vertex 35.45 -2.8199399784207344 51.386284287869934
      vertex 35.45 -2.4283614084124565 38.41194969773293
    endloop
  endfacet
  facet normal 1 0 0
    outer loop
      vertex 35.45 -2.302222527563572 38.78354286015034
      vertex 35.45 -2.225665420293808 39.16842142105103
      vertex 35.45 -2.601923793554306 51.05999999850989
    endloop
  endfacet
  facet normal 1 0 0
    outer loop
      vertex 35.45 -2.2000000029802322 39.55999999850989
      vertex 35.45 -2.2000000029802322 49.55999999850989
      vertex 35.45 -2.302222527563572 50.336457136869434
    endloop
  endfacet
  facet normal 1 0 0
    outer loop
      vertex 35.45 -2.2000000029802322 39.55999999850989
      vertex 35.45 -2.302222527563572 50.336457136869434
      vertex 35.45 -2.4283614084124565 50.708050299286846
    endloop
  endfacet
  facet normal 1 0 0
    outer loop
      vertex 35.45 -2.225665420293808 39.16842142105103
      vertex 35.45 -2.4283614084124565 50.708050299286846
      vertex 35.45 -2.601923793554306 51.05999999850989
    endloop
  endfacet
  facet normal 0 -1 0
    outer loop
      vertex 35.45 -2.2000000029802322 39.55999999850989
      vertex 50.705181300640106 -2.2000000029802322 47.307337291538715
      vertex 35.45 -2.2000000029802322 49.55999999850989
    endloop
  endfacet
  facet normal 1 0 0
    outer loop
      vertex 35.45 -2.2000000029802322 49.55999999850989
      vertex 35.45 -2.225665420293808 49.951578575968746
      vertex 35.45 -2.302222527563572 50.336457136869434
    endloop
  endfacet
  facet normal 0 -0.8968727407473451 -0.4422886918115197
    outer loop
      vertex 35.45 -2.4283614084124565 50.708050299286846
      vertex 49.09711885542159 -2.4283614084124565 50.708050299286846
      vertex 35.45 -2.601923793554306 51.05999999850989
    endloop
  endfacet
  facet normal 0 -0.9978589230086541 -0.06540313273849395
    outer loop
      vertex 35.45 -2.2000000029802322 49.55999999850989
      vertex 49.68109753654918 -2.2000000029802322 49.55999999850989
      vertex 35.45 -2.225665420293808 49.951578575968746
    endloop
  endfacet
  facet normal -6.521532981611224e-18 -0.980785279639006 -0.1950903258581441
    outer loop
      vertex 35.45 -2.225665420293808 49.951578575968746
      vertex 49.390260964632034 -2.267047430724421 50.159619987010956
      vertex 35.45 -2.302222527563572 50.336457136869434
    endloop
  endfacet
  facet normal 0 -0.9469301300366788 -0.3214394637077385
    outer loop
      vertex 35.45 -2.302222527563572 50.336457136869434
      vertex 49.29573953878094 -2.302222527563572 50.336457136869434
      vertex 35.45 -2.4283614084124565 50.708050299286846
    endloop
  endfacet
  facet normal 0 -1 0
    outer loop
      vertex 35.45 -2.2000000029802322 39.55999999850989
      vertex 51.79226065427065 -2.2000000029802322 44.360679775476456
      vertex 51.27765343338251 -2.2000000029802322 45.84468228369951
    endloop
  endfacet
  facet normal 0 -1 0
    outer loop
      vertex 35.45 -2.2000000029802322 39.55999999850989
      vertex 51.27765343338251 -2.2000000029802322 45.84468228369951
      vertex 50.705181300640106 -2.2000000029802322 47.307337291538715
    endloop
  endfacet
  facet normal 0 -1 0
    outer loop
      vertex 35.45 -2.2000000029802322 39.55999999850989
      vertex 53.0249149593044 -2.2000000029802322 39.55999999850989
      vertex 52.98141121864319 -2.2000000029802322 39.803612880408764
    endloop
  endfacet
  facet normal 0 -1 0
    outer loop
      vertex 35.45 -2.2000000029802322 39.55999999850989
      vertex 52.98141121864319 -2.2000000029802322 39.803612880408764
      vertex 52.6447968184948 -2.2000000029802322 41.337814554572105
    endloop
  endfacet
  facet normal 0 -1 0
    outer loop
      vertex 35.45 -2.2000000029802322 39.55999999850989
      vertex 52.6447968184948 -2.2000000029802322 41.337814554572105
      vertex 52.248209461569786 -2.2000000029802322 42.85761799663305
    endloop
  endfacet
  facet normal 0 -1 0
    outer loop
      vertex 35.45 -2.2000000029802322 39.55999999850989
      vertex 52.248209461569786 -2.2000000029802322 42.85761799663305
      vertex 51.79226065427065 -2.2000000029802322 44.360679775476456
    endloop
  endfacet
  facet normal 0 -1 0
    outer loop
      vertex 35.45 -2.2000000029802322 49.55999999850989
      vertex 50.705181300640106 -2.2000000029802322 47.307337291538715
      vertex 50.075726956129074 -2.2000000029802322 48.746389500796795
    endloop
  endfacet
  facet normal 0 -1 0
    outer loop
      vertex 35.45 -2.2000000029802322 49.55999999850989
      vertex 50.075726956129074 -2.2000000029802322 48.746389500796795
      vertex 49.68109753654918 -2.2000000029802322 49.55999999850989
    endloop
  endfacet
  facet normal 0 -0.9978589230086541 -0.06540313273849394
    outer loop
      vertex 35.45 -2.225665420293808 49.951578575968746
      vertex 49.68109753654918 -2.2000000029802322 49.55999999850989
      vertex 49.491168292547464 -2.225665420293808 49.951578575968746
    endloop
  endfacet
  facet normal 0 -0.9807852796390059 -0.19509032585814448
    outer loop
      vertex 35.45 -2.225665420293808 49.951578575968746
      vertex 49.491168292547464 -2.225665420293808 49.951578575968746
      vertex 49.390260964632034 -2.267047430724421 50.159619987010956
    endloop
  endfacet
  facet normal 0 -0.980785279639006 -0.1950903258581436
    outer loop
      vertex 35.45 -2.302222527563572 50.336457136869434
      vertex 49.390260964632034 -2.267047430724421 50.159619987010956
      vertex 49.29573953878094 -2.302222527563572 50.336457136869434
    endloop
  endfacet
  facet normal 0 -0.9469301300366788 -0.32143946370773846
    outer loop
      vertex 35.45 -2.4283614084124565 50.708050299286846
      vertex 49.29573953878094 -2.302222527563572 50.336457136869434
      vertex 49.09711885542159 -2.4283614084124565 50.708050299286846
    endloop
  endfacet
  facet normal 0 -0.8968727407473451 -0.44228869181151975
    outer loop
      vertex 49.09711885542159 -2.4283614084124565 50.708050299286846
      vertex 48.90899782188849 -2.601923793554306 51.05999999850989
      vertex 35.45 -2.601923793554306 51.05999999850989
    endloop
  endfacet
  facet normal 1 0 0
    outer loop
      vertex 35.45 -3.7000000029802322 36.96192378908396
      vertex 35.45 -4.200000002980232 41.05999999850989
      vertex 35.45 -4.21711028367281 40.798947613537315
    endloop
  endfacet
  facet normal 1 0 0
    outer loop
      vertex 35.45 -3.7000000029802322 36.96192378908396
      vertex 35.45 -3.373715713620186 37.17993997395039
      vertex 35.45 -4.200000002980232 48.05999999850989
    endloop
  endfacet
  facet normal 1 0 0
    outer loop
      vertex 35.45 -2.601923793554306 38.05999999850989
      vertex 35.45 -3.373715713620186 51.940060023069385
      vertex 35.45 -2.8199399784207344 37.73371570914984
    endloop
  endfacet
  facet normal 1 0 0
    outer loop
      vertex 35.45 -2.4283614084124565 38.41194969773293
      vertex 35.45 -3.078679658472538 51.68132034301758
      vertex 35.45 -2.601923793554306 38.05999999850989
    endloop
  endfacet
  facet normal 1 0 0
    outer loop
      vertex 35.45 -2.8199399784207344 37.73371570914984
      vertex 35.45 -3.7000000029802322 52.158076207935814
      vertex 35.45 -3.078679658472538 37.43867965400219
    endloop
  endfacet
  facet normal 1 0 0
    outer loop
      vertex 35.45 -3.078679658472538 37.43867965400219
      vertex 35.45 -4.051949702203274 52.33163859307766
      vertex 35.45 -3.373715713620186 37.17993997395039
    endloop
  endfacet
  facet normal 1 0 0
    outer loop
      vertex 35.45 -3.7000000029802322 36.96192378908396
      vertex 35.45 -4.200000002980232 48.05999999850989
      vertex 35.45 -4.200000002980232 41.05999999850989
    endloop
  endfacet
  facet normal 1 0 0
    outer loop
      vertex 35.45 -3.373715713620186 37.17993997395039
      vertex 35.45 -4.21711028367281 48.32105238348246
      vertex 35.45 -4.200000002980232 48.05999999850989
    endloop
  endfacet
  facet normal 1 0 0
    outer loop
      vertex 35.45 -3.373715713620186 37.17993997395039
      vertex 35.45 -4.423542864620686 52.45777747392655
      vertex 35.45 -4.21711028367281 48.32105238348246
    endloop
  endfacet
  facet normal 1 0 0
    outer loop
      vertex 35.45 -2.302222527563572 38.78354286015034
      vertex 35.45 -2.601923793554306 51.05999999850989
      vertex 35.45 -2.8199399784207344 51.386284287869934
    endloop
  endfacet
  facet normal 1 0 0
    outer loop
      vertex 35.45 -2.4283614084124565 38.41194969773293
      vertex 35.45 -2.8199399784207344 51.386284287869934
      vertex 35.45 -3.078679658472538 51.68132034301758
    endloop
  endfacet
  facet normal 1 0 0
    outer loop
      vertex 35.45 -2.601923793554306 38.05999999850989
      vertex 35.45 -3.078679658472538 51.68132034301758
      vertex 35.45 -3.373715713620186 51.940060023069385
    endloop
  endfacet
  facet normal 1 0 0
    outer loop
      vertex 35.45 -2.8199399784207344 37.73371570914984
      vertex 35.45 -3.373715713620186 51.940060023069385
      vertex 35.45 -3.7000000029802322 52.158076207935814
    endloop
  endfacet
  facet normal 1 0 0
    outer loop
      vertex 35.45 -3.078679658472538 37.43867965400219
      vertex 35.45 -3.7000000029802322 52.158076207935814
      vertex 35.45 -4.051949702203274 52.33163859307766
    endloop
  endfacet
  facet normal 1 0 0
    outer loop
      vertex 35.45 -3.373715713620186 37.17993997395039
      vertex 35.45 -4.051949702203274 52.33163859307766
      vertex 35.45 -4.423542864620686 52.45777747392655
    endloop
  endfacet
  facet normal 1 0 0
    outer loop
      vertex 35.45 -4.21711028367281 48.32105238348246
      vertex 35.45 -4.423542864620686 52.45777747392655
      vertex 35.45 -4.268148347735405 48.57763808578253
    endloop
  endfacet
  facet normal 1 0 0
    outer loop
      vertex 35.45 -4.268148347735405 48.57763808578253
      vertex 35.45 -4.423542864620686 52.45777747392655
      vertex 35.45 -4.352240934967995 48.82536686569453
    endloop
  endfacet
  facet normal 1 0 0
    outer loop
      vertex 35.45 -4.352240934967995 48.82536686569453
      vertex 35.45 -4.423542864620686 52.45777747392655
      vertex 35.45 -4.467949196696281 49.05999999850989
    endloop
  endfacet
  facet normal 1 0 0
    outer loop
      vertex 35.45 -4.467949196696281 49.05999999850989
      vertex 35.45 -4.423542864620686 52.45777747392655
      vertex 35.45 -4.613293319940567 49.27752285808325
    endloop
  endfacet
  facet normal 1 0 0
    outer loop
      vertex 35.45 -4.613293319940567 49.27752285808325
      vertex 35.45 -4.808421425521374 52.53433458119631
      vertex 35.45 -4.78578644245863 49.47421355903149
    endloop
  endfacet
  facet normal 1 0 0
    outer loop
      vertex 35.45 -4.78578644245863 49.47421355903149
      vertex 35.45 -4.808421425521374 52.53433458119631
      vertex 35.45 -4.982477143406868 49.64670668154955
    endloop
  endfacet
  facet normal 1 0 0
    outer loop
      vertex 35.45 -4.613293319940567 49.27752285808325
      vertex 35.45 -4.423542864620686 52.45777747392655
      vertex 35.45 -4.808421425521374 52.53433458119631
    endloop
  endfacet
  facet normal 1 0 0
    outer loop
      vertex 35.45 -4.982477143406868 49.64670668154955
      vertex 35.45 -4.808421425521374 52.53433458119631
      vertex 35.45 -5.200000002980232 49.79205080479384
    endloop
  endfacet
  facet normal 1 0 0
    outer loop
      vertex 35.45 -5.200000002980232 49.79205080479384
      vertex 35.45 -5.200000002980232 52.55999999850989
      vertex 35.45 -5.434633135795593 49.907759066522125
    endloop
  endfacet
  facet normal 1 0 0
    outer loop
      vertex 35.45 -5.200000002980232 49.79205080479384
      vertex 35.45 -4.808421425521374 52.53433458119631
      vertex 35.45 -5.200000002980232 52.55999999850989
    endloop
  endfacet
  facet normal 1 0 0
    outer loop
      vertex 35.45 -5.434633135795593 49.907759066522125
      vertex 35.45 -5.200000002980232 52.55999999850989
      vertex 35.45 -5.682361915707588 49.991851653754715
    endloop
  endfacet
  facet normal 1 0 0
    outer loop
      vertex 35.45 -5.200000002980232 52.55999999850989
      vertex 35.45 -5.93894761800766 50.04288971781731
      vertex 35.45 -5.682361915707588 49.991851653754715
    endloop
  endfacet
  facet normal 0 -0.8314696207458843 -0.5555702203832521
    outer loop
      vertex 35.45 -2.601923793554306 51.05999999850989
      vertex 48.90899782188849 -2.601923793554306 51.05999999850989
      vertex 35.45 -2.8199399784207344 51.386284287869934
    endloop
  endfacet
  facet normal -2.4302392230855878e-17 -0.7518398024852506 -0.6593458207943227
    outer loop
      vertex 35.45 -2.8199399784207344 51.386284287869934
      vertex 48.64984028041363 -2.9589980766991677 51.544849656522274
      vertex 35.45 -3.078679658472538 51.68132034301758
    endloop
  endfacet
  facet normal 0 -0.6593458207943228 -0.7518398024852507
    outer loop
      vertex 35.45 -3.078679658472538 51.68132034301758
      vertex 48.56985342728896 -3.078679658472538 51.68132034301758
      vertex 35.45 -3.373715713620186 51.940060023069385
    endloop
  endfacet
  facet normal 0 -0.5555702203832521 -0.8314696207458843
    outer loop
      vertex 35.45 -3.373715713620186 51.940060023069385
      vertex 48.41820347727176 -3.373715713620186 51.940060023069385
      vertex 35.45 -3.7000000029802322 52.158076207935814
    endloop
  endfacet
  facet normal 0 -0.44228869181151964 -0.896872740747345
    outer loop
      vertex 35.45 -3.7000000029802322 52.158076207935814
      vertex 48.290421980706114 -3.7000000029802322 52.158076207935814
      vertex 35.45 -4.051949702203274 52.33163859307766
    endloop
  endfacet
  facet normal 0 -0.3214394637077385 -0.9469301300366789
    outer loop
      vertex 35.45 -4.051949702203274 52.33163859307766
      vertex 48.18869530690657 -4.051949702203274 52.33163859307766
      vertex 35.45 -4.423542864620686 52.45777747392655
    endloop
  endfacet
  facet normal 0 -0.1950903258581441 -0.980785279639006
    outer loop
      vertex 35.45 -4.423542864620686 52.45777747392655
      vertex 48.11476402983253 -4.423542864620686 52.45777747392655
      vertex 35.45 -4.808421425521374 52.53433458119631
    endloop
  endfacet
  facet normal 0 -0.06540313273849395 -0.9978589230086541
    outer loop
      vertex 35.45 -4.808421425521374 52.53433458119631
      vertex 48.06989313299677 -4.808421425521374 52.53433458119631
      vertex 35.45 -5.200000002980232 52.55999999850989
    endloop
  endfacet
  facet normal 1 0 0
    outer loop
      vertex 35.45 -5.200000002980232 52.55999999850989
      vertex 35.45 -6.200000002980232 50.05999999850989
      vertex 35.45 -5.93894761800766 50.04288971781731
    endloop
  endfacet
  facet normal 1 0 0
    outer loop
      vertex 35.45 -5.200000002980232 52.55999999850989
      vertex 35.45 -12.600000001490116 50.05999999850989
      vertex 35.45 -6.200000002980232 50.05999999850989
    endloop
  endfacet
  facet normal 0 0 -1
    outer loop
      vertex 35.45 -5.200000002980232 52.55999999850989
      vertex 48.054850371670035 -5.200000002980232 52.55999999850989
      vertex 35.45 -13.600000001490116 52.55999999850989
    endloop
  endfacet
  facet normal 0 -0.8314696207458843 -0.5555702203832521
    outer loop
      vertex 35.45 -2.8199399784207344 51.386284287869934
      vertex 48.90899782188849 -2.601923793554306 51.05999999850989
      vertex 48.73459523573618 -2.8199399784207344 51.386284287869934
    endloop
  endfacet
  facet normal 0 -0.7518398024852496 -0.6593458207943239
    outer loop
      vertex 35.45 -2.8199399784207344 51.386284287869934
      vertex 48.73459523573618 -2.8199399784207344 51.386284287869934
      vertex 48.64984028041363 -2.9589980766991677 51.544849656522274
    endloop
  endfacet
  facet normal 0 -0.7518398024852518 -0.6593458207943214
    outer loop
      vertex 35.45 -3.078679658472538 51.68132034301758
      vertex 48.64984028041363 -2.9589980766991677 51.544849656522274
      vertex 48.56985342728896 -3.078679658472538 51.68132034301758
    endloop
  endfacet
  facet normal 0 -0.6593458207943228 -0.7518398024852507
    outer loop
      vertex 35.45 -3.373715713620186 51.940060023069385
      vertex 48.56985342728896 -3.078679658472538 51.68132034301758
      vertex 48.41820347727176 -3.373715713620186 51.940060023069385
    endloop
  endfacet
  facet normal 0 -0.5555702203832522 -0.8314696207458843
    outer loop
      vertex 35.45 -3.7000000029802322 52.158076207935814
      vertex 48.41820347727176 -3.373715713620186 51.940060023069385
      vertex 48.290421980706114 -3.7000000029802322 52.158076207935814
    endloop
  endfacet
  facet normal 0 -0.44228869181151975 -0.8968727407473451
    outer loop
      vertex 35.45 -4.051949702203274 52.33163859307766
      vertex 48.290421980706114 -3.7000000029802322 52.158076207935814
      vertex 48.18869530690657 -4.051949702203274 52.33163859307766
    endloop
  endfacet
  facet normal 0 -0.32143946370773846 -0.9469301300366788
    outer loop
      vertex 35.45 -4.423542864620686 52.45777747392655
      vertex 48.18869530690657 -4.051949702203274 52.33163859307766
      vertex 48.11476402983253 -4.423542864620686 52.45777747392655
    endloop
  endfacet
  facet normal 0 -0.1950903258581441 -0.9807852796390061
    outer loop
      vertex 35.45 -4.808421425521374 52.53433458119631
      vertex 48.11476402983253 -4.423542864620686 52.45777747392655
      vertex 48.06989313299677 -4.808421425521374 52.53433458119631
    endloop
  endfacet
  facet normal 0 -0.06540313273849395 -0.997858923008654
    outer loop
      vertex 35.45 -5.200000002980232 52.55999999850989
      vertex 48.06989313299677 -4.808421425521374 52.53433458119631
      vertex 48.054850371670035 -5.200000002980232 52.55999999850989
    endloop
  endfacet
  facet normal 1 0 0
    outer loop
      vertex 35.45 -14.376457139849663 36.66222252309323
      vertex 35.45 -15.426284290850163 51.940060023069385
      vertex 35.45 -14.748050302267075 36.78836140394211
    endloop
  endfacet
  facet normal 1 0 0
    outer loop
      vertex 35.45 -14.376457139849663 36.66222252309323
      vertex 35.45 -14.582889720797539 40.798947613537315
      vertex 35.45 -15.426284290850163 51.940060023069385
    endloop
  endfacet
  facet normal 1 0 0
    outer loop
      vertex 35.45 -14.582889720797539 40.798947613537315
      vertex 35.45 -14.600000001490116 41.05999999850989
      vertex 35.45 -15.426284290850163 51.940060023069385
    endloop
  endfacet
  facet normal 1 0 0
    outer loop
      vertex 35.45 -14.600000001490116 41.05999999850989
      vertex 35.45 -14.600000001490116 48.05999999850989
      vertex 35.45 -15.100000001490116 52.158076207935814
    endloop
  endfacet
  facet normal 1 0 0
    outer loop
      vertex 35.45 -14.600000001490116 41.05999999850989
      vertex 35.45 -15.100000001490116 52.158076207935814
      vertex 35.45 -15.426284290850163 51.940060023069385
    endloop
  endfacet
  facet normal 1 0 0
    outer loop
      vertex 35.45 -5.200000002980232 52.55999999850989
      vertex 35.45 -13.600000001490116 52.55999999850989
      vertex 35.45 -12.600000001490116 50.05999999850989
    endloop
  endfacet
  facet normal 1 0 0
    outer loop
      vertex 35.45 -12.600000001490116 50.05999999850989
      vertex 35.45 -13.991578578948975 52.53433458119631
      vertex 35.45 -12.861052386462688 50.04288971781731
    endloop
  endfacet
  facet normal 1 0 0
    outer loop
      vertex 35.45 -12.861052386462688 50.04288971781731
      vertex 35.45 -13.991578578948975 52.53433458119631
      vertex 35.45 -13.11763808876276 49.991851653754715
    endloop
  endfacet
  facet normal 1 0 0
    outer loop
      vertex 35.45 -12.600000001490116 50.05999999850989
      vertex 35.45 -13.600000001490116 52.55999999850989
      vertex 35.45 -13.991578578948975 52.53433458119631
    endloop
  endfacet
  facet normal 1 0 0
    outer loop
      vertex 35.45 -13.81752286106348 49.64670668154955
      vertex 35.45 -14.376457139849663 52.45777747392655
      vertex 35.45 -14.014213562011719 49.47421355903149
    endloop
  endfacet
  facet normal 1 0 0
    outer loop
      vertex 35.45 -14.186706684529781 49.27752285808325
      vertex 35.45 -14.014213562011719 49.47421355903149
      vertex 35.45 -14.376457139849663 52.45777747392655
    endloop
  endfacet
  facet normal 1 0 0
    outer loop
      vertex 35.45 -13.11763808876276 49.991851653754715
      vertex 35.45 -14.376457139849663 52.45777747392655
      vertex 35.45 -13.365366868674755 49.907759066522125
    endloop
  endfacet
  facet normal 1 0 0
    outer loop
      vertex 35.45 -13.365366868674755 49.907759066522125
      vertex 35.45 -14.376457139849663 52.45777747392655
      vertex 35.45 -13.600000001490116 49.79205080479384
    endloop
  endfacet
  facet normal 1 0 0
    outer loop
      vertex 35.45 -13.11763808876276 49.991851653754715
      vertex 35.45 -13.991578578948975 52.53433458119631
      vertex 35.45 -14.376457139849663 52.45777747392655
    endloop
  endfacet
  facet normal 1 0 0
    outer loop
      vertex 35.45 -13.600000001490116 49.79205080479384
      vertex 35.45 -14.376457139849663 52.45777747392655
      vertex 35.45 -13.81752286106348 49.64670668154955
    endloop
  endfacet
  facet normal 1 0 0
    outer loop
      vertex 35.45 -14.582889720797539 48.32105238348246
      vertex 35.45 -14.531851656734943 48.57763808578253
      vertex 35.45 -14.748050302267075 52.33163859307766
    endloop
  endfacet
  facet normal 1 0 0
    outer loop
      vertex 35.45 -14.531851656734943 48.57763808578253
      vertex 35.45 -14.447759069502354 48.82536686569453
      vertex 35.45 -14.748050302267075 52.33163859307766
    endloop
  endfacet
  facet normal 1 0 0
    outer loop
      vertex 35.45 -14.186706684529781 49.27752285808325
      vertex 35.45 -14.376457139849663 52.45777747392655
      vertex 35.45 -14.332050807774067 49.05999999850989
    endloop
  endfacet
  facet normal 1 0 0
    outer loop
      vertex 35.45 -14.332050807774067 49.05999999850989
      vertex 35.45 -14.748050302267075 52.33163859307766
      vertex 35.45 -14.447759069502354 48.82536686569453
    endloop
  endfacet
  facet normal 1 0 0
    outer loop
      vertex 35.45 -14.600000001490116 48.05999999850989
      vertex 35.45 -14.582889720797539 48.32105238348246
      vertex 35.45 -15.100000001490116 52.158076207935814
    endloop
  endfacet
  facet normal 1 0 0
    outer loop
      vertex 35.45 -14.332050807774067 49.05999999850989
      vertex 35.45 -14.376457139849663 52.45777747392655
      vertex 35.45 -14.748050302267075 52.33163859307766
    endloop
  endfacet
  facet normal 1 0 0
    outer loop
      vertex 35.45 -14.582889720797539 48.32105238348246
      vertex 35.45 -14.748050302267075 52.33163859307766
      vertex 35.45 -15.100000001490116 52.158076207935814
    endloop
  endfacet
  facet normal 0 0.06540313273849395 -0.997858923008654
    outer loop
      vertex 35.45 -13.600000001490116 52.55999999850989
      vertex 48.054850371670035 -13.600000001490116 52.55999999850989
      vertex 35.45 -13.991578578948975 52.53433458119631
    endloop
  endfacet
  facet normal 0 0.1950903258581441 -0.9807852796390061
    outer loop
      vertex 35.45 -13.991578578948975 52.53433458119631
      vertex 48.06989313299677 -13.991578578948975 52.53433458119631
      vertex 35.45 -14.376457139849663 52.45777747392655
    endloop
  endfacet
  facet normal 0 0.32143946370773846 -0.9469301300366788
    outer loop
      vertex 35.45 -14.376457139849663 52.45777747392655
      vertex 48.11476402983253 -14.376457139849663 52.45777747392655
      vertex 35.45 -14.748050302267075 52.33163859307766
    endloop
  endfacet
  facet normal 0 0.44228869181151975 -0.8968727407473451
    outer loop
      vertex 35.45 -14.748050302267075 52.33163859307766
      vertex 48.18869530690657 -14.748050302267075 52.33163859307766
      vertex 35.45 -15.100000001490116 52.158076207935814
    endloop
  endfacet
  facet normal 0 0 -1
    outer loop
      vertex 48.054850371670035 -5.200000002980232 52.55999999850989
      vertex 48.054850371670035 -13.600000001490116 52.55999999850989
      vertex 35.45 -13.600000001490116 52.55999999850989
    endloop
  endfacet
  facet normal 0 0.06540313273849395 -0.9978589230086541
    outer loop
      vertex 35.45 -13.991578578948975 52.53433458119631
      vertex 48.054850371670035 -13.600000001490116 52.55999999850989
      vertex 48.06989313299677 -13.991578578948975 52.53433458119631
    endloop
  endfacet
  facet normal 0 0.1950903258581441 -0.980785279639006
    outer loop
      vertex 35.45 -14.376457139849663 52.45777747392655
      vertex 48.06989313299677 -13.991578578948975 52.53433458119631
      vertex 48.11476402983253 -14.376457139849663 52.45777747392655
    endloop
  endfacet
  facet normal 0 0.3214394637077385 -0.9469301300366789
    outer loop
      vertex 35.45 -14.748050302267075 52.33163859307766
      vertex 48.11476402983253 -14.376457139849663 52.45777747392655
      vertex 48.18869530690657 -14.748050302267075 52.33163859307766
    endloop
  endfacet
  facet normal 0 0.44228869181151964 -0.896872740747345
    outer loop
      vertex 48.18869530690657 -14.748050302267075 52.33163859307766
      vertex 48.290421980706114 -15.100000001490116 52.158076207935814
      vertex 35.45 -15.100000001490116 52.158076207935814
    endloop
  endfacet
  facet normal 1 0 0
    outer loop
      vertex 35.45 -14.748050302267075 36.78836140394211
      vertex 35.45 -15.72132034599781 51.68132034301758
      vertex 35.45 -15.100000001490116 36.96192378908396
    endloop
  endfacet
  facet normal 1 0 0
    outer loop
      vertex 35.45 -15.100000001490116 36.96192378908396
      vertex 35.45 -15.980060026049614 51.386284287869934
      vertex 35.45 -15.426284290850163 37.17993997395039
    endloop
  endfacet
  facet normal 1 0 0
    outer loop
      vertex 35.45 -15.426284290850163 37.17993997395039
      vertex 35.45 -16.198076210916042 51.05999999850989
      vertex 35.45 -15.72132034599781 37.43867965400219
    endloop
  endfacet
  facet normal 1 0 0
    outer loop
      vertex 35.45 -15.72132034599781 37.43867965400219
      vertex 35.45 -16.371638596057892 50.708050299286846
      vertex 35.45 -15.980060026049614 37.73371570914984
    endloop
  endfacet
  facet normal 1 0 0
    outer loop
      vertex 35.45 -15.980060026049614 37.73371570914984
      vertex 35.45 -16.497777476906776 50.336457136869434
      vertex 35.45 -16.198076210916042 38.05999999850989
    endloop
  endfacet
  facet normal 1 0 0
    outer loop
      vertex 35.45 -16.198076210916042 38.05999999850989
      vertex 35.45 -16.57433458417654 49.951578575968746
      vertex 35.45 -16.371638596057892 38.41194969773293
    endloop
  endfacet
  facet normal 1 0 0
    outer loop
      vertex 35.45 -16.371638596057892 38.41194969773293
      vertex 35.45 -16.600000001490116 49.55999999850989
      vertex 35.45 -16.497777476906776 38.78354286015034
    endloop
  endfacet
  facet normal 1 0 0
    outer loop
      vertex 35.45 -16.497777476906776 38.78354286015034
      vertex 35.45 -16.600000001490116 49.55999999850989
      vertex 35.45 -16.600000001490116 39.55999999850989
    endloop
  endfacet
  facet normal 1 0 0
    outer loop
      vertex 35.45 -14.748050302267075 36.78836140394211
      vertex 35.45 -15.426284290850163 51.940060023069385
      vertex 35.45 -15.72132034599781 51.68132034301758
    endloop
  endfacet
  facet normal 1 0 0
    outer loop
      vertex 35.45 -15.100000001490116 36.96192378908396
      vertex 35.45 -15.72132034599781 51.68132034301758
      vertex 35.45 -15.980060026049614 51.386284287869934
    endloop
  endfacet
  facet normal 1 0 0
    outer loop
      vertex 35.45 -15.426284290850163 37.17993997395039
      vertex 35.45 -15.980060026049614 51.386284287869934
      vertex 35.45 -16.198076210916042 51.05999999850989
    endloop
  endfacet
  facet normal 1 0 0
    outer loop
      vertex 35.45 -15.72132034599781 37.43867965400219
      vertex 35.45 -16.198076210916042 51.05999999850989
      vertex 35.45 -16.371638596057892 50.708050299286846
    endloop
  endfacet
  facet normal 1 0 0
    outer loop
      vertex 35.45 -15.980060026049614 37.73371570914984
      vertex 35.45 -16.371638596057892 50.708050299286846
      vertex 35.45 -16.497777476906776 50.336457136869434
    endloop
  endfacet
  facet normal 1 0 0
    outer loop
      vertex 35.45 -16.371638596057892 38.41194969773293
      vertex 35.45 -16.57433458417654 49.951578575968746
      vertex 35.45 -16.600000001490116 49.55999999850989
    endloop
  endfacet
  facet normal 1 0 0
    outer loop
      vertex 35.45 -16.198076210916042 38.05999999850989
      vertex 35.45 -16.497777476906776 50.336457136869434
      vertex 35.45 -16.57433458417654 49.951578575968746
    endloop
  endfacet
  facet normal 0 1 0
    outer loop
      vertex 35.45 -16.600000001490116 39.55999999850989
      vertex 35.45 -16.600000001490116 49.55999999850989
      vertex 49.68109753654918 -16.600000001490116 49.55999999850989
    endloop
  endfacet
  facet normal 0 0.7518398024852507 -0.6593458207943228
    outer loop
      vertex 35.45 -15.72132034599781 51.68132034301758
      vertex 48.56985342728896 -15.72132034599781 51.68132034301758
      vertex 35.45 -15.980060026049614 51.386284287869934
    endloop
  endfacet
  facet normal 0 0.9469301300366788 -0.32143946370773846
    outer loop
      vertex 35.45 -16.497777476906776 50.336457136869434
      vertex 35.45 -16.371638596057892 50.708050299286846
      vertex 49.09711885542159 -16.371638596057892 50.708050299286846
    endloop
  endfacet
  facet normal 0 0.8314696207458843 -0.5555702203832521
    outer loop
      vertex 35.45 -16.198076210916042 51.05999999850989
      vertex 35.45 -15.980060026049614 51.386284287869934
      vertex 48.73459523573618 -15.980060026049614 51.386284287869934
    endloop
  endfacet
  facet normal 0 0.8968727407473451 -0.44228869181151975
    outer loop
      vertex 35.45 -16.198076210916042 51.05999999850989
      vertex 48.90899782188849 -16.198076210916042 51.05999999850989
      vertex 35.45 -16.371638596057892 50.708050299286846
    endloop
  endfacet
  facet normal 0 0.9978589230086541 -0.06540313273849394
    outer loop
      vertex 35.45 -16.600000001490116 49.55999999850989
      vertex 35.45 -16.57433458417654 49.951578575968746
      vertex 49.491168292547464 -16.57433458417654 49.951578575968746
    endloop
  endfacet
  facet normal 0 0.9807852796390059 -0.19509032585814406
    outer loop
      vertex 35.45 -16.57433458417654 49.951578575968746
      vertex 35.45 -16.497777476906776 50.336457136869434
      vertex 49.29573953878094 -16.497777476906776 50.336457136869434
    endloop
  endfacet
  facet normal 0 0.5555702203832522 -0.8314696207458843
    outer loop
      vertex 35.45 -15.100000001490116 52.158076207935814
      vertex 48.290421980706114 -15.100000001490116 52.158076207935814
      vertex 35.45 -15.426284290850163 51.940060023069385
    endloop
  endfacet
  facet normal 0 0.6593458207943228 -0.7518398024852507
    outer loop
      vertex 35.45 -15.72132034599781 51.68132034301758
      vertex 35.45 -15.426284290850163 51.940060023069385
      vertex 48.41820347727176 -15.426284290850163 51.940060023069385
    endloop
  endfacet
  facet normal 0 1 0
    outer loop
      vertex 35.45 -16.600000001490116 39.55999999850989
      vertex 51.27765343338251 -16.600000001490116 45.84468228369951
      vertex 51.79226065427065 -16.600000001490116 44.360679775476456
    endloop
  endfacet
  facet normal 0 1 0
    outer loop
      vertex 35.45 -16.600000001490116 39.55999999850989
      vertex 50.705181300640106 -16.600000001490116 47.307337291538715
      vertex 51.27765343338251 -16.600000001490116 45.84468228369951
    endloop
  endfacet
  facet normal 0 1 0
    outer loop
      vertex 35.45 -16.600000001490116 39.55999999850989
      vertex 52.98141121864319 -16.600000001490116 39.803612880408764
      vertex 53.0249149593044 -16.600000001490116 39.55999999850989
    endloop
  endfacet
  facet normal 0 1 0
    outer loop
      vertex 35.45 -16.600000001490116 39.55999999850989
      vertex 52.6447968184948 -16.600000001490116 41.337814554572105
      vertex 52.98141121864319 -16.600000001490116 39.803612880408764
    endloop
  endfacet
  facet normal 0 1 0
    outer loop
      vertex 35.45 -16.600000001490116 39.55999999850989
      vertex 52.248209461569786 -16.600000001490116 42.85761799663305
      vertex 52.6447968184948 -16.600000001490116 41.337814554572105
    endloop
  endfacet
  facet normal 0 1 0
    outer loop
      vertex 35.45 -16.600000001490116 39.55999999850989
      vertex 51.79226065427065 -16.600000001490116 44.360679775476456
      vertex 52.248209461569786 -16.600000001490116 42.85761799663305
    endloop
  endfacet
  facet normal 0 1 0
    outer loop
      vertex 35.45 -16.600000001490116 39.55999999850989
      vertex 50.075726956129074 -16.600000001490116 48.746389500796795
      vertex 50.705181300640106 -16.600000001490116 47.307337291538715
    endloop
  endfacet
  facet normal 0 1 0
    outer loop
      vertex 35.45 -16.600000001490116 39.55999999850989
      vertex 49.68109753654918 -16.600000001490116 49.55999999850989
      vertex 50.075726956129074 -16.600000001490116 48.746389500796795
    endloop
  endfacet
  facet normal 0 0.6593458207943228 -0.7518398024852507
    outer loop
      vertex 35.45 -15.72132034599781 51.68132034301758
      vertex 48.41820347727176 -15.426284290850163 51.940060023069385
      vertex 48.56985342728896 -15.72132034599781 51.68132034301758
    endloop
  endfacet
  facet normal 0 0.9978589230086541 -0.06540313273849395
    outer loop
      vertex 35.45 -16.600000001490116 49.55999999850989
      vertex 49.491168292547464 -16.57433458417654 49.951578575968746
      vertex 49.68109753654918 -16.600000001490116 49.55999999850989
    endloop
  endfacet
  facet normal 0 0.9469301300366788 -0.3214394637077385
    outer loop
      vertex 35.45 -16.497777476906776 50.336457136869434
      vertex 49.09711885542159 -16.371638596057892 50.708050299286846
      vertex 49.29573953878094 -16.497777476906776 50.336457136869434
    endloop
  endfacet
  facet normal 0 0.9807852796390055 -0.1950903258581465
    outer loop
      vertex 35.45 -16.57433458417654 49.951578575968746
      vertex 49.390260964632034 -16.532952573745927 50.159619987010956
      vertex 49.491168292547464 -16.57433458417654 49.951578575968746
    endloop
  endfacet
  facet normal -8.190583778685448e-17 0.9807852796390064 -0.19509032585814132
    outer loop
      vertex 35.45 -16.57433458417654 49.951578575968746
      vertex 49.29573953878094 -16.497777476906776 50.336457136869434
      vertex 49.390260964632034 -16.532952573745927 50.159619987010956
    endloop
  endfacet
  facet normal 0 0.8314696207458843 -0.5555702203832521
    outer loop
      vertex 35.45 -16.198076210916042 51.05999999850989
      vertex 48.73459523573618 -15.980060026049614 51.386284287869934
      vertex 48.90899782188849 -16.198076210916042 51.05999999850989
    endloop
  endfacet
  facet normal 0 0.7518398024852507 -0.6593458207943228
    outer loop
      vertex 35.45 -15.980060026049614 51.386284287869934
      vertex 48.64984028041363 -15.841001927771181 51.544849656522274
      vertex 48.73459523573618 -15.980060026049614 51.386284287869934
    endloop
  endfacet
  facet normal 1.5710420934797225e-18 0.7518398024852506 -0.6593458207943229
    outer loop
      vertex 35.45 -15.980060026049614 51.386284287869934
      vertex 48.56985342728896 -15.72132034599781 51.68132034301758
      vertex 48.64984028041363 -15.841001927771181 51.544849656522274
    endloop
  endfacet
  facet normal 0 0.8968727407473451 -0.4422886918115197
    outer loop
      vertex 35.45 -16.371638596057892 50.708050299286846
      vertex 48.90899782188849 -16.198076210916042 51.05999999850989
      vertex 49.09711885542159 -16.371638596057892 50.708050299286846
    endloop
  endfacet
  facet normal 0 0.5555702203832521 -0.8314696207458843
    outer loop
      vertex 35.45 -15.426284290850163 51.940060023069385
      vertex 48.290421980706114 -15.100000001490116 52.158076207935814
      vertex 48.41820347727176 -15.426284290850163 51.940060023069385
    endloop
  endfacet
  facet normal 1 0 0
    outer loop
      vertex -2.9499999999999997 1.9000000000000001 0
      vertex -2.9499999999999997 -0.8 1.7000000000000046
      vertex -2.9499999999999997 -17.502310617986407 0
    endloop
  endfacet
  facet normal 1 0 0
    outer loop
      vertex -2.9499999999999997 -17.502310617986407 0
      vertex -2.9499999999999997 -0.8 1.7000000000000046
      vertex -2.9499999999999997 -2.4000000000000004 1.7000000000000046
    endloop
  endfacet
  facet normal 1 0 0
    outer loop
      vertex -2.9499999999999997 -3.314180701971054 33.03597485631705
      vertex -2.9499999999999997 -17.502310617986407 0
      vertex -2.9499999999999997 -2.4000000000000004 1.7000000000000046
    endloop
  endfacet
  facet normal 1 0 0
    outer loop
      vertex -2.9499999999999997 1.9000000000000001 0
      vertex -2.9499999999999997 1.9000000000000001 59.76
      vertex -2.9499999999999997 -0.8 1.7000000000000046
    endloop
  endfacet
  facet normal 1 0 0
    outer loop
      vertex -2.9499999999999997 -3.21283271163702 33.4142107179761
      vertex -2.9499999999999997 -2.4000000000000004 1.7000000000000046
      vertex -2.9499999999999997 -3.2000000029802322 33.610000002980236
    endloop
  endfacet
  facet normal 1 0 0
    outer loop
      vertex -2.9499999999999997 -3.314180701971054 33.03597485631705
      vertex -2.9499999999999997 -2.4000000000000004 1.7000000000000046
      vertex -2.9499999999999997 -3.251111261546612 33.22177143752575
    endloop
  endfacet
  facet normal 1 0 0
    outer loop
      vertex -2.9499999999999997 -3.251111261546612 33.22177143752575
      vertex -2.9499999999999997 -2.4000000000000004 1.7000000000000046
      vertex -2.9499999999999997 -3.21283271163702 33.4142107179761
    endloop
  endfacet
  facet normal 1 0 0
    outer loop
      vertex -2.9499999999999997 -3.2000000029802322 33.610000002980236
      vertex -2.9499999999999997 -2.4000000000000004 1.7000000000000046
      vertex -2.9499999999999997 -3.2000000029802322 43.610000002980236
    endloop
  endfacet
  facet normal 1 0 0
    outer loop
      vertex -2.9499999999999997 -3.5099699944257736 32.69685785830021
      vertex -2.9499999999999997 -17.502310617986407 0
      vertex -2.9499999999999997 -3.400961898267269 32.860000002980236
    endloop
  endfacet
  facet normal 1 0 0
    outer loop
      vertex -2.9499999999999997 -3.314180701971054 33.03597485631705
      vertex -2.9499999999999997 -3.400961898267269 32.860000002980236
      vertex -2.9499999999999997 -17.502310617986407 0
    endloop
  endfacet
  facet normal 1 0 0
    outer loop
      vertex -2.9499999999999997 -3.5099699944257736 32.69685785830021
      vertex -2.9499999999999997 -3.6393398344516754 32.54933983445168
      vertex -2.9499999999999997 -17.502310617986407 0
    endloop
  endfacet
  facet normal 1 0 0
    outer loop
      vertex -2.9499999999999997 -3.6393398344516754 32.54933983445168
      vertex -2.9499999999999997 -3.786857858300209 32.41996999442578
      vertex -2.9499999999999997 -17.502310617986407 0
    endloop
  endfacet
  facet normal 1 0 0
    outer loop
      vertex -2.9499999999999997 -3.786857858300209 32.41996999442578
      vertex -2.9499999999999997 -3.9500000029802322 32.31096189826727
      vertex -2.9499999999999997 -17.502310617986407 0
    endloop
  endfacet
  facet normal 1 0 0
    outer loop
      vertex -2.9499999999999997 -3.9500000029802322 32.31096189826727
      vertex -2.9499999999999997 -4.125974856317043 32.22418070197106
      vertex -2.9499999999999997 -17.502310617986407 0
    endloop
  endfacet
  facet normal 1 0 0
    outer loop
      vertex -2.9499999999999997 -4.125974856317043 32.22418070197106
      vertex -2.9499999999999997 -4.311771437525749 32.161111261546615
      vertex -2.9499999999999997 -17.502310617986407 0
    endloop
  endfacet
  facet normal 1 0 0
    outer loop
      vertex -2.9499999999999997 -4.311771437525749 32.161111261546615
      vertex -2.9499999999999997 -4.504210717976093 32.122832711637024
      vertex -2.9499999999999997 -17.502310617986407 0
    endloop
  endfacet
  facet normal 1 0 0
    outer loop
      vertex -2.9499999999999997 -3.2000000029802322 43.610000002980236
      vertex -2.9499999999999997 -2.4000000000000004 1.7000000000000046
      vertex -2.9499999999999997 -2.4000000000000004 59.26
    endloop
  endfacet
  facet normal 0 1 0
    outer loop
      vertex -2.9499999999999997 -19.500000000000004 0
      vertex -0.53 -19.500000000000004 50.31
      vertex -0.6625247524752476 -19.500000000000004 0
    endloop
  endfacet
  facet normal 0 1 0
    outer loop
      vertex -0.6625247524752476 -19.500000000000004 0
      vertex 0.21999999999999997 -19.500000000000004 20.390961894323343
      vertex 0.39597485145236533 -19.500000000000004 20.304180701233072
    endloop
  endfacet
  facet normal 0 1 0
    outer loop
      vertex -0.6625247524752476 -19.500000000000004 0
      vertex -0.22003001043685289 -19.500000000000004 20.77685785648692
      vertex -0.09066017177982144 -19.500000000000004 20.629339828220182
    endloop
  endfacet
  facet normal 0 1 0
    outer loop
      vertex -0.6625247524752476 -19.500000000000004 0
      vertex -0.41581929876693 -19.500000000000004 21.115974851452364
      vertex -0.32903810567665803 -19.500000000000004 20.94
    endloop
  endfacet
  facet normal 0 1 0
    outer loop
      vertex -0.6625247524752476 -19.500000000000004 0
      vertex -0.47888873943360255 -19.500000000000004 21.30177143234622
      vertex -0.41581929876693 -19.500000000000004 21.115974851452364
    endloop
  endfacet
  facet normal 0 1 0
    outer loop
      vertex -0.6625247524752476 -19.500000000000004 0
      vertex -0.32903810567665803 -19.500000000000004 20.94
      vertex -0.22003001043685289 -19.500000000000004 20.77685785648692
    endloop
  endfacet
  facet normal 0 1 0
    outer loop
      vertex -0.6625247524752476 -19.500000000000004 0
      vertex -0.09066017177982144 -19.500000000000004 20.629339828220182
      vertex 0.05685785648691899 -19.500000000000004 20.499969989563148
    endloop
  endfacet
  facet normal 0 1 0
    outer loop
      vertex -0.6625247524752476 -19.500000000000004 0
      vertex 0.05685785648691899 -19.500000000000004 20.499969989563148
      vertex 0.21999999999999997 -19.500000000000004 20.390961894323343
    endloop
  endfacet
  facet normal 0 1 0
    outer loop
      vertex -0.6625247524752476 -19.500000000000004 0
      vertex -0.5171672920607155 -19.500000000000004 21.494210711669922
      vertex -0.47888873943360255 -19.500000000000004 21.30177143234622
    endloop
  endfacet
  facet normal 0 1 0
    outer loop
      vertex -0.6625247524752476 -19.500000000000004 0
      vertex -0.53 -19.500000000000004 21.69
      vertex -0.5171672920607155 -19.500000000000004 21.494210711669922
    endloop
  endfacet
  facet normal 0 1 0
    outer loop
      vertex -0.6625247524752476 -19.500000000000004 0
      vertex 0.39597485145236533 -19.500000000000004 20.304180701233072
      vertex 0.5817714323462189 -19.500000000000004 20.2411112605664
    endloop
  endfacet
  facet normal 0 1 0
    outer loop
      vertex -0.6625247524752476 -19.500000000000004 0
      vertex 0.5817714323462189 -19.500000000000004 20.2411112605664
      vertex 0.7742107116699226 -19.500000000000004 20.202832707939287
    endloop
  endfacet
  facet normal 0 1 0
    outer loop
      vertex -0.6625247524752476 -19.500000000000004 0
      vertex 0.7742107116699226 -19.500000000000004 20.202832707939287
      vertex 0.97 -19.500000000000004 20.19
    endloop
  endfacet
  facet normal 0 1 0
    outer loop
      vertex -0.6625247524752476 -19.500000000000004 0
      vertex 0.97 -19.500000000000004 20.19
      vertex 29.08021608643457 -19.500000000000004 0
    endloop
  endfacet
  facet normal 1 0 0
    outer loop
      vertex -2.9499999999999997 -4.504210717976093 32.122832711637024
      vertex -2.9499999999999997 -4.700000002980232 32.110000002980236
      vertex -2.9499999999999997 -17.502310617986407 0
    endloop
  endfacet
  facet normal 1 0 0
    outer loop
      vertex -2.9499999999999997 -4.700000002980232 32.110000002980236
      vertex -2.9499999999999997 -8.299999997019768 32.110000002980236
      vertex -2.9499999999999997 -17.502310617986407 0
    endloop
  endfacet
  facet normal 1 0 0
    outer loop
      vertex -2.9499999999999997 -8.299999997019768 32.110000002980236
      vertex -2.9499999999999997 -8.495789282023907 32.122832711637024
      vertex -2.9499999999999997 -17.502310617986407 0
    endloop
  endfacet
  facet normal 1 0 0
    outer loop
      vertex -2.9499999999999997 -8.495789282023907 32.122832711637024
      vertex -2.9499999999999997 -8.68822856247425 32.161111261546615
      vertex -2.9499999999999997 -17.502310617986407 0
    endloop
  endfacet
  facet normal 1 0 0
    outer loop
      vertex -2.9499999999999997 -8.68822856247425 32.161111261546615
      vertex -2.9499999999999997 -8.874025143682957 32.22418070197106
      vertex -2.9499999999999997 -17.502310617986407 0
    endloop
  endfacet
  facet normal 1 0 0
    outer loop
      vertex -2.9499999999999997 -17.502310617986407 0
      vertex -2.9499999999999997 -8.874025143682957 32.22418070197106
      vertex -2.9499999999999997 -9.049999997019768 32.31096189826727
    endloop
  endfacet
  facet normal 1 0 0
    outer loop
      vertex -2.9499999999999997 -17.502310617986407 0
      vertex -2.9499999999999997 -9.049999997019768 32.31096189826727
      vertex -2.9499999999999997 -9.213142141699791 32.41996999442578
    endloop
  endfacet
  facet normal 1 0 0
    outer loop
      vertex -2.9499999999999997 -17.502310617986407 0
      vertex -2.9499999999999997 -9.213142141699791 32.41996999442578
      vertex -2.9499999999999997 -9.360660165548325 32.54933983445168
    endloop
  endfacet
  facet normal 1 0 0
    outer loop
      vertex -2.9499999999999997 -17.502310617986407 0
      vertex -2.9499999999999997 -9.360660165548325 32.54933983445168
      vertex -2.9499999999999997 -9.490030005574226 32.69685785830021
    endloop
  endfacet
  facet normal 1 0 0
    outer loop
      vertex -2.9499999999999997 -17.502310617986407 0
      vertex -2.9499999999999997 -9.490030005574226 32.69685785830021
      vertex -2.9499999999999997 -9.59903810173273 32.860000002980236
    endloop
  endfacet
  facet normal 1 0 0
    outer loop
      vertex -2.9499999999999997 -17.502310617986407 0
      vertex -2.9499999999999997 -9.59903810173273 32.860000002980236
      vertex -2.9499999999999997 -9.685819298028946 33.03597485631705
    endloop
  endfacet
  facet normal 1 0 0
    outer loop
      vertex -2.9499999999999997 -17.502310617986407 0
      vertex -2.9499999999999997 -9.685819298028946 33.03597485631705
      vertex -2.9499999999999997 -9.748888738453388 33.22177143752575
    endloop
  endfacet
  facet normal 1 0 0
    outer loop
      vertex -2.9499999999999997 -17.502310617986407 0
      vertex -2.9499999999999997 -9.748888738453388 33.22177143752575
      vertex -2.9499999999999997 -9.78716728836298 33.4142107179761
    endloop
  endfacet
  facet normal 1 0 0
    outer loop
      vertex -2.9499999999999997 -17.502310617986407 0
      vertex -2.9499999999999997 -19.500000000000004 59.76
      vertex -2.9499999999999997 -19.500000000000004 0
    endloop
  endfacet
  facet normal 0 1 0
    outer loop
      vertex -0.6625247524752476 -19.500000000000004 0
      vertex -0.53 -19.500000000000004 50.31
      vertex -0.53 -19.500000000000004 21.69
    endloop
  endfacet
  facet normal 1 0 0
    outer loop
      vertex -2.9499999999999997 -17.502310617986407 0
      vertex -2.9499999999999997 -9.78716728836298 33.4142107179761
      vertex -2.9499999999999997 -19.500000000000004 59.76
    endloop
  endfacet
  facet normal 0 1 0
    outer loop
      vertex -2.9499999999999997 -19.500000000000004 0
      vertex -2.9499999999999997 -19.500000000000004 59.76
      vertex -0.53 -19.500000000000004 50.31
    endloop
  endfacet
  facet normal 1 0 0
    outer loop
      vertex -2.9499999999999997 1.9000000000000001 59.76
      vertex -2.9499999999999997 -0.8 59.26
      vertex -2.9499999999999997 -0.8 1.7000000000000046
    endloop
  endfacet
  facet normal 0 -1 0
    outer loop
      vertex -2.9499999999999997 1.9000000000000001 0
      vertex 30.45 1.9000000000000001 59.76
      vertex -2.9499999999999997 1.9000000000000001 59.76
    endloop
  endfacet
  facet normal 1 0 0
    outer loop
      vertex -2.9499999999999997 -3.2000000029802322 43.610000002980236
      vertex -2.9499999999999997 -2.4000000000000004 59.26
      vertex -2.9499999999999997 -3.21283271163702 43.805789287984375
    endloop
  endfacet
  facet normal 1 0 0
    outer loop
      vertex -2.9499999999999997 -3.21283271163702 43.805789287984375
      vertex -2.9499999999999997 -2.4000000000000004 59.26
      vertex -2.9499999999999997 -3.251111261546612 43.99822856843472
    endloop
  endfacet
  facet normal 1 0 0
    outer loop
      vertex -2.9499999999999997 -3.251111261546612 43.99822856843472
      vertex -2.9499999999999997 -2.4000000000000004 59.26
      vertex -2.9499999999999997 -3.314180701971054 44.184025149643425
    endloop
  endfacet
  facet normal 1 0 0
    outer loop
      vertex -2.9499999999999997 -3.314180701971054 44.184025149643425
      vertex -2.9499999999999997 -2.4000000000000004 59.26
      vertex -2.9499999999999997 -3.400961898267269 44.360000002980236
    endloop
  endfacet
  facet normal 1 0 0
    outer loop
      vertex -2.9499999999999997 -3.400961898267269 44.360000002980236
      vertex -2.9499999999999997 -2.4000000000000004 59.26
      vertex -2.9499999999999997 -3.5099699944257736 44.52314214766026
    endloop
  endfacet
  facet normal 1 0 0
    outer loop
      vertex -2.9499999999999997 -3.5099699944257736 44.52314214766026
      vertex -2.9499999999999997 -2.4000000000000004 59.26
      vertex -2.9499999999999997 -3.6393398344516754 44.67066017150879
    endloop
  endfacet
  facet normal 1 0 0
    outer loop
      vertex -2.9499999999999997 -3.6393398344516754 44.67066017150879
      vertex -2.9499999999999997 -2.4000000000000004 59.26
      vertex -2.9499999999999997 -3.786857858300209 44.800030011534695
    endloop
  endfacet
  facet normal 1 0 0
    outer loop
      vertex -2.9499999999999997 -3.786857858300209 44.800030011534695
      vertex -2.9499999999999997 -2.4000000000000004 59.26
      vertex -2.9499999999999997 -3.9500000029802322 44.9090381076932
    endloop
  endfacet
  facet normal 1 0 0
    outer loop
      vertex -2.9499999999999997 -3.9500000029802322 44.9090381076932
      vertex -2.9499999999999997 -2.4000000000000004 59.26
      vertex -2.9499999999999997 -4.125974856317043 44.995819303989414
    endloop
  endfacet
  facet normal 1 0 0
    outer loop
      vertex -2.9499999999999997 -4.125974856317043 44.995819303989414
      vertex -2.9499999999999997 -2.4000000000000004 59.26
      vertex -2.9499999999999997 -4.311771437525749 45.058888744413856
    endloop
  endfacet
  facet normal 1 0 0
    outer loop
      vertex -2.9499999999999997 -4.311771437525749 45.058888744413856
      vertex -2.9499999999999997 -2.4000000000000004 59.26
      vertex -2.9499999999999997 -4.504210717976093 45.09716729432345
    endloop
  endfacet
  facet normal 1 0 0
    outer loop
      vertex -2.9499999999999997 -4.504210717976093 45.09716729432345
      vertex -2.9499999999999997 -2.4000000000000004 59.26
      vertex -2.9499999999999997 -4.700000002980232 45.110000002980236
    endloop
  endfacet
  facet normal 1 0 0
    outer loop
      vertex -2.9499999999999997 1.9000000000000001 59.76
      vertex -2.9499999999999997 -19.500000000000004 59.76
      vertex -2.9499999999999997 -0.8 59.26
    endloop
  endfacet
  facet normal 1 0 0
    outer loop
      vertex -2.9499999999999997 -19.500000000000004 59.76
      vertex -2.9499999999999997 -2.4000000000000004 59.26
      vertex -2.9499999999999997 -0.8 59.26
    endloop
  endfacet
  facet normal 0 0 -1
    outer loop
      vertex -2.9499999999999997 1.9000000000000001 59.76
      vertex 30.45 1.9000000000000001 59.76
      vertex -2.9499999999999997 -19.500000000000004 59.76
    endloop
  endfacet
  facet normal 1 0 0
    outer loop
      vertex -2.9499999999999997 -9.78716728836298 33.4142107179761
      vertex -2.9499999999999997 -9.799999997019768 33.610000002980236
      vertex -2.9499999999999997 -19.500000000000004 59.76
    endloop
  endfacet
  facet normal 1 0 0
    outer loop
      vertex -2.9499999999999997 -9.799999997019768 33.610000002980236
      vertex -2.9499999999999997 -9.799999997019768 43.610000002980236
      vertex -2.9499999999999997 -19.500000000000004 59.76
    endloop
  endfacet
  facet normal 1 0 0
    outer loop
      vertex -2.9499999999999997 -9.799999997019768 43.610000002980236
      vertex -2.9499999999999997 -9.78716728836298 43.805789287984375
      vertex -2.9499999999999997 -19.500000000000004 59.76
    endloop
  endfacet
  facet normal 1 0 0
    outer loop
      vertex -2.9499999999999997 -9.748888738453388 43.99822856843472
      vertex -2.9499999999999997 -9.685819298028946 44.184025149643425
      vertex -2.9499999999999997 -19.500000000000004 59.76
    endloop
  endfacet
  facet normal 1 0 0
    outer loop
      vertex -2.9499999999999997 -9.78716728836298 43.805789287984375
      vertex -2.9499999999999997 -9.748888738453388 43.99822856843472
      vertex -2.9499999999999997 -19.500000000000004 59.76
    endloop
  endfacet
  facet normal 1 0 0
    outer loop
      vertex -2.9499999999999997 -4.700000002980232 45.110000002980236
      vertex -2.9499999999999997 -19.500000000000004 59.76
      vertex -2.9499999999999997 -8.299999997019768 45.110000002980236
    endloop
  endfacet
  facet normal 1 0 0
    outer loop
      vertex -2.9499999999999997 -4.700000002980232 45.110000002980236
      vertex -2.9499999999999997 -2.4000000000000004 59.26
      vertex -2.9499999999999997 -19.500000000000004 59.76
    endloop
  endfacet
  facet normal 1 0 0
    outer loop
      vertex -2.9499999999999997 -8.299999997019768 45.110000002980236
      vertex -2.9499999999999997 -19.500000000000004 59.76
      vertex -2.9499999999999997 -8.495789282023907 45.09716729432345
    endloop
  endfacet
  facet normal 1 0 0
    outer loop
      vertex -2.9499999999999997 -8.495789282023907 45.09716729432345
      vertex -2.9499999999999997 -19.500000000000004 59.76
      vertex -2.9499999999999997 -8.68822856247425 45.058888744413856
    endloop
  endfacet
  facet normal 1 0 0
    outer loop
      vertex -2.9499999999999997 -8.68822856247425 45.058888744413856
      vertex -2.9499999999999997 -19.500000000000004 59.76
      vertex -2.9499999999999997 -8.874025143682957 44.995819303989414
    endloop
  endfacet
  facet normal 1 0 0
    outer loop
      vertex -2.9499999999999997 -8.874025143682957 44.995819303989414
      vertex -2.9499999999999997 -19.500000000000004 59.76
      vertex -2.9499999999999997 -9.049999997019768 44.9090381076932
    endloop
  endfacet
  facet normal 1 0 0
    outer loop
      vertex -2.9499999999999997 -9.049999997019768 44.9090381076932
      vertex -2.9499999999999997 -19.500000000000004 59.76
      vertex -2.9499999999999997 -9.213142141699791 44.800030011534695
    endloop
  endfacet
  facet normal 1 0 0
    outer loop
      vertex -2.9499999999999997 -9.360660165548325 44.67066017150879
      vertex -2.9499999999999997 -9.213142141699791 44.800030011534695
      vertex -2.9499999999999997 -19.500000000000004 59.76
    endloop
  endfacet
  facet normal 1 0 0
    outer loop
      vertex -2.9499999999999997 -9.360660165548325 44.67066017150879
      vertex -2.9499999999999997 -19.500000000000004 59.76
      vertex -2.9499999999999997 -9.490030005574226 44.52314214766026
    endloop
  endfacet
  facet normal 1 0 0
    outer loop
      vertex -2.9499999999999997 -9.59903810173273 44.360000002980236
      vertex -2.9499999999999997 -9.490030005574226 44.52314214766026
      vertex -2.9499999999999997 -19.500000000000004 59.76
    endloop
  endfacet
  facet normal 1 0 0
    outer loop
      vertex -2.9499999999999997 -9.59903810173273 44.360000002980236
      vertex -2.9499999999999997 -19.500000000000004 59.76
      vertex -2.9499999999999997 -9.685819298028946 44.184025149643425
    endloop
  endfacet
  facet normal 0 1 0
    outer loop
      vertex -0.53 -19.500000000000004 50.31
      vertex -2.9499999999999997 -19.500000000000004 59.76
      vertex -0.5171672920607155 -19.500000000000004 50.50578928833008
    endloop
  endfacet
  facet normal 0 1 0
    outer loop
      vertex -0.5171672920607155 -19.500000000000004 50.50578928833008
      vertex -2.9499999999999997 -19.500000000000004 59.76
      vertex -0.47888873943360255 -19.500000000000004 50.698228567653786
    endloop
  endfacet
  facet normal 0 1 0
    outer loop
      vertex -0.47888873943360255 -19.500000000000004 50.698228567653786
      vertex -2.9499999999999997 -19.500000000000004 59.76
      vertex -0.41581929876693 -19.500000000000004 50.884025148547636
    endloop
  endfacet
  facet normal 0 1 0
    outer loop
      vertex -0.41581929876693 -19.500000000000004 50.884025148547636
      vertex -2.9499999999999997 -19.500000000000004 59.76
      vertex -0.32903810567665803 -19.500000000000004 51.06
    endloop
  endfacet
  facet normal 0 1 0
    outer loop
      vertex -0.32903810567665803 -19.500000000000004 51.06
      vertex -2.9499999999999997 -19.500000000000004 59.76
      vertex -0.22003001043685289 -19.500000000000004 51.22314214351308
    endloop
  endfacet
  facet normal 0 1 0
    outer loop
      vertex -0.22003001043685289 -19.500000000000004 51.22314214351308
      vertex -2.9499999999999997 -19.500000000000004 59.76
      vertex -0.09066017177982144 -19.500000000000004 51.370660171779825
    endloop
  endfacet
  facet normal 0 1 0
    outer loop
      vertex -0.09066017177982144 -19.500000000000004 51.370660171779825
      vertex -2.9499999999999997 -19.500000000000004 59.76
      vertex 0.05685785648691899 -19.500000000000004 51.50003001043685
    endloop
  endfacet
  facet normal 0 1 0
    outer loop
      vertex 0.05685785648691899 -19.500000000000004 51.50003001043685
      vertex -2.9499999999999997 -19.500000000000004 59.76
      vertex 0.21999999999999997 -19.500000000000004 51.60903810567666
    endloop
  endfacet
  facet normal 0 1 0
    outer loop
      vertex 0.21999999999999997 -19.500000000000004 51.60903810567666
      vertex -2.9499999999999997 -19.500000000000004 59.76
      vertex 0.39597485145236533 -19.500000000000004 51.695819298766935
    endloop
  endfacet
  facet normal 0 1 0
    outer loop
      vertex 0.39597485145236533 -19.500000000000004 51.695819298766935
      vertex -2.9499999999999997 -19.500000000000004 59.76
      vertex 0.5817714323462189 -19.500000000000004 51.75888873943361
    endloop
  endfacet
  facet normal 0 1 0
    outer loop
      vertex 0.5817714323462189 -19.500000000000004 51.75888873943361
      vertex -2.9499999999999997 -19.500000000000004 59.76
      vertex 0.7742107116699226 -19.500000000000004 51.79716729206072
    endloop
  endfacet
  facet normal 0 1 0
    outer loop
      vertex 0.7742107116699226 -19.500000000000004 51.79716729206072
      vertex -2.9499999999999997 -19.500000000000004 59.76
      vertex 0.97 -19.500000000000004 51.81
    endloop
  endfacet
  facet normal 0 1 0
    outer loop
      vertex 0.97 -19.500000000000004 51.81
      vertex -2.9499999999999997 -19.500000000000004 59.76
      vertex 30.45 -19.500000000000004 59.76
    endloop
  endfacet
  facet normal -1 0 0
    outer loop
      vertex 30.45 1.9000000000000001 0
      vertex 30.45 -19.500000000000004 0
      vertex 30.45 -0.8 1.7000000000000046
    endloop
  endfacet
  facet normal -1 0 0
    outer loop
      vertex 30.45 -19.500000000000004 0
      vertex 30.45 -2.4000000000000004 1.7000000000000046
      vertex 30.45 -0.8 1.7000000000000046
    endloop
  endfacet
  facet normal 0 -1 0
    outer loop
      vertex -2.9499999999999997 1.9000000000000001 0
      vertex 30.45 1.9000000000000001 0
      vertex 30.45 1.9000000000000001 59.76
    endloop
  endfacet
  facet normal -1 0 0
    outer loop
      vertex 30.45 1.9000000000000001 0
      vertex 30.45 -0.8 1.7000000000000046
      vertex 30.45 1.9000000000000001 59.76
    endloop
  endfacet
  facet normal -1 0 0
    outer loop
      vertex 30.45 -4.613293319940567 39.84247713893652
      vertex 30.45 -2.4000000000000004 1.7000000000000046
      vertex 30.45 -4.78578644245863 39.645786437988285
    endloop
  endfacet
  facet normal -1 0 0
    outer loop
      vertex 30.45 -4.982477143406868 39.47329331547022
      vertex 30.45 -4.78578644245863 39.645786437988285
      vertex 30.45 -2.4000000000000004 1.7000000000000046
    endloop
  endfacet
  facet normal -1 0 0
    outer loop
      vertex 30.45 -4.268148347735405 40.54236191123724
      vertex 30.45 -2.4000000000000004 1.7000000000000046
      vertex 30.45 -4.352240934967995 40.29463313132525
    endloop
  endfacet
  facet normal -1 0 0
    outer loop
      vertex 30.45 -4.268148347735405 40.54236191123724
      vertex 30.45 -4.21711028367281 40.798947613537315
      vertex 30.45 -2.4000000000000004 1.7000000000000046
    endloop
  endfacet
  facet normal -1 0 0
    outer loop
      vertex 30.45 -4.21711028367281 40.798947613537315
      vertex 30.45 -4.200000002980232 41.05999999850989
      vertex 30.45 -2.4000000000000004 1.7000000000000046
    endloop
  endfacet
  facet normal -1 0 0
    outer loop
      vertex 30.45 -4.467949196696281 40.05999999850989
      vertex 30.45 -4.352240934967995 40.29463313132525
      vertex 30.45 -2.4000000000000004 1.7000000000000046
    endloop
  endfacet
  facet normal -1 0 0
    outer loop
      vertex 30.45 -4.467949196696281 40.05999999850989
      vertex 30.45 -2.4000000000000004 1.7000000000000046
      vertex 30.45 -4.613293319940567 39.84247713893652
    endloop
  endfacet
  facet normal -1 0 0
    outer loop
      vertex 30.45 -4.982477143406868 39.47329331547022
      vertex 30.45 -2.4000000000000004 1.7000000000000046
      vertex 30.45 -5.200000002980232 39.32794919222594
    endloop
  endfacet
  facet normal -1 0 0
    outer loop
      vertex 30.45 -5.200000002980232 39.32794919222594
      vertex 30.45 -2.4000000000000004 1.7000000000000046
      vertex 30.45 -5.434633135795593 39.21224093049765
    endloop
  endfacet
  facet normal -1 0 0
    outer loop
      vertex 30.45 -5.434633135795593 39.21224093049765
      vertex 30.45 -2.4000000000000004 1.7000000000000046
      vertex 30.45 -5.682361915707588 39.12814834326506
    endloop
  endfacet
  facet normal -1 0 0
    outer loop
      vertex 30.45 -5.682361915707588 39.12814834326506
      vertex 30.45 -2.4000000000000004 1.7000000000000046
      vertex 30.45 -5.93894761800766 39.077110279202465
    endloop
  endfacet
  facet normal -1 0 0
    outer loop
      vertex 30.45 -5.93894761800766 39.077110279202465
      vertex 30.45 -2.4000000000000004 1.7000000000000046
      vertex 30.45 -6.200000002980232 39.05999999850989
    endloop
  endfacet
  facet normal -1 0 0
    outer loop
      vertex 30.45 -6.200000002980232 39.05999999850989
      vertex 30.45 -2.4000000000000004 1.7000000000000046
      vertex 30.45 -12.600000001490116 39.05999999850989
    endloop
  endfacet
  facet normal -1 0 0
    outer loop
      vertex 30.45 -4.200000002980232 41.05999999850989
      vertex 30.45 -4.200000002980232 48.05999999850989
      vertex 30.45 -2.4000000000000004 1.7000000000000046
    endloop
  endfacet
  facet normal -1 0 0
    outer loop
      vertex 30.45 -4.200000002980232 48.05999999850989
      vertex 30.45 -2.4000000000000004 59.26
      vertex 30.45 -2.4000000000000004 1.7000000000000046
    endloop
  endfacet
  facet normal -1 0 0
    outer loop
      vertex 30.45 -19.500000000000004 0
      vertex 30.45 -14.447759069502354 40.29463313132525
      vertex 30.45 -2.4000000000000004 1.7000000000000046
    endloop
  endfacet
  facet normal 0 1 0
    outer loop
      vertex 0.97 -19.500000000000004 20.19
      vertex 26.529999999999998 -19.500000000000004 20.19
      vertex 29.08021608643457 -19.500000000000004 0
    endloop
  endfacet
  facet normal 0 1 0
    outer loop
      vertex 29.08021608643457 -19.500000000000004 0
      vertex 28.029999999999998 -19.500000000000004 21.69
      vertex 30.45 -19.500000000000004 0
    endloop
  endfacet
  facet normal 0 1 0
    outer loop
      vertex 29.08021608643457 -19.500000000000004 0
      vertex 26.529999999999998 -19.500000000000004 20.19
      vertex 26.725789288330073 -19.500000000000004 20.202832707939287
    endloop
  endfacet
  facet normal 0 1 0
    outer loop
      vertex 29.08021608643457 -19.500000000000004 0
      vertex 26.725789288330073 -19.500000000000004 20.202832707939287
      vertex 26.918228567653777 -19.500000000000004 20.2411112605664
    endloop
  endfacet
  facet normal 0 1 0
    outer loop
      vertex 29.08021608643457 -19.500000000000004 0
      vertex 26.918228567653777 -19.500000000000004 20.2411112605664
      vertex 27.10402514854763 -19.500000000000004 20.304180701233072
    endloop
  endfacet
  facet normal 0 1 0
    outer loop
      vertex 29.08021608643457 -19.500000000000004 0
      vertex 27.10402514854763 -19.500000000000004 20.304180701233072
      vertex 27.279999999999998 -19.500000000000004 20.390961894323343
    endloop
  endfacet
  facet normal 0 1 0
    outer loop
      vertex 29.08021608643457 -19.500000000000004 0
      vertex 27.279999999999998 -19.500000000000004 20.390961894323343
      vertex 27.44314214351308 -19.500000000000004 20.499969989563148
    endloop
  endfacet
  facet normal 0 1 0
    outer loop
      vertex 29.08021608643457 -19.500000000000004 0
      vertex 27.44314214351308 -19.500000000000004 20.499969989563148
      vertex 27.59066017177982 -19.500000000000004 20.629339828220182
    endloop
  endfacet
  facet normal 0 1 0
    outer loop
      vertex 29.08021608643457 -19.500000000000004 0
      vertex 27.59066017177982 -19.500000000000004 20.629339828220182
      vertex 27.72003001043685 -19.500000000000004 20.77685785648692
    endloop
  endfacet
  facet normal 0 1 0
    outer loop
      vertex 29.08021608643457 -19.500000000000004 0
      vertex 27.72003001043685 -19.500000000000004 20.77685785648692
      vertex 27.829038105676656 -19.500000000000004 20.94
    endloop
  endfacet
  facet normal 0 1 0
    outer loop
      vertex 29.08021608643457 -19.500000000000004 0
      vertex 27.829038105676656 -19.500000000000004 20.94
      vertex 27.915819298766927 -19.500000000000004 21.115974851452364
    endloop
  endfacet
  facet normal 0 1 0
    outer loop
      vertex 29.08021608643457 -19.500000000000004 0
      vertex 27.915819298766927 -19.500000000000004 21.115974851452364
      vertex 27.9788887394336 -19.500000000000004 21.30177143234622
    endloop
  endfacet
  facet normal 0 1 0
    outer loop
      vertex 29.08021608643457 -19.500000000000004 0
      vertex 27.9788887394336 -19.500000000000004 21.30177143234622
      vertex 28.017167292060712 -19.500000000000004 21.494210711669922
    endloop
  endfacet
  facet normal 0 1 0
    outer loop
      vertex 29.08021608643457 -19.500000000000004 0
      vertex 28.017167292060712 -19.500000000000004 21.494210711669922
      vertex 28.029999999999998 -19.500000000000004 21.69
    endloop
  endfacet
  facet normal -1 0 0
    outer loop
      vertex 30.45 -12.600000001490116 39.05999999850989
      vertex 30.45 -2.4000000000000004 1.7000000000000046
      vertex 30.45 -12.861052386462688 39.077110279202465
    endloop
  endfacet
  facet normal -1 0 0
    outer loop
      vertex 30.45 -12.861052386462688 39.077110279202465
      vertex 30.45 -2.4000000000000004 1.7000000000000046
      vertex 30.45 -13.11763808876276 39.12814834326506
    endloop
  endfacet
  facet normal -1 0 0
    outer loop
      vertex 30.45 -13.11763808876276 39.12814834326506
      vertex 30.45 -2.4000000000000004 1.7000000000000046
      vertex 30.45 -13.365366868674755 39.21224093049765
    endloop
  endfacet
  facet normal -1 0 0
    outer loop
      vertex 30.45 -13.365366868674755 39.21224093049765
      vertex 30.45 -2.4000000000000004 1.7000000000000046
      vertex 30.45 -13.600000001490116 39.32794919222594
    endloop
  endfacet
  facet normal -1 0 0
    outer loop
      vertex 30.45 -13.600000001490116 39.32794919222594
      vertex 30.45 -2.4000000000000004 1.7000000000000046
      vertex 30.45 -13.81752286106348 39.47329331547022
    endloop
  endfacet
  facet normal -1 0 0
    outer loop
      vertex 30.45 -13.81752286106348 39.47329331547022
      vertex 30.45 -2.4000000000000004 1.7000000000000046
      vertex 30.45 -14.014213562011719 39.645786437988285
    endloop
  endfacet
  facet normal -1 0 0
    outer loop
      vertex 30.45 -14.014213562011719 39.645786437988285
      vertex 30.45 -2.4000000000000004 1.7000000000000046
      vertex 30.45 -14.186706684529781 39.84247713893652
    endloop
  endfacet
  facet normal -1 0 0
    outer loop
      vertex 30.45 -14.186706684529781 39.84247713893652
      vertex 30.45 -2.4000000000000004 1.7000000000000046
      vertex 30.45 -14.332050807774067 40.05999999850989
    endloop
  endfacet
  facet normal -1 0 0
    outer loop
      vertex 30.45 -14.332050807774067 40.05999999850989
      vertex 30.45 -2.4000000000000004 1.7000000000000046
      vertex 30.45 -14.447759069502354 40.29463313132525
    endloop
  endfacet
  facet normal -1 0 0
    outer loop
      vertex 30.45 -19.500000000000004 0
      vertex 30.45 -14.531851656734943 40.54236191123724
      vertex 30.45 -14.447759069502354 40.29463313132525
    endloop
  endfacet
  facet normal -1 0 0
    outer loop
      vertex 30.45 -19.500000000000004 0
      vertex 30.45 -14.582889720797539 40.798947613537315
      vertex 30.45 -14.531851656734943 40.54236191123724
    endloop
  endfacet
  facet normal -1 0 0
    outer loop
      vertex 30.45 -19.500000000000004 0
      vertex 30.45 -14.600000001490116 41.05999999850989
      vertex 30.45 -14.582889720797539 40.798947613537315
    endloop
  endfacet
  facet normal 0 1 0
    outer loop
      vertex 30.45 -19.500000000000004 0
      vertex 28.029999999999998 -19.500000000000004 21.69
      vertex 28.029999999999998 -19.500000000000004 50.31
    endloop
  endfacet
  facet normal -1 0 0
    outer loop
      vertex 30.45 -19.500000000000004 0
      vertex 30.45 -14.600000001490116 48.05999999850989
      vertex 30.45 -14.600000001490116 41.05999999850989
    endloop
  endfacet
  facet normal -1 0 0
    outer loop
      vertex 30.45 -19.500000000000004 0
      vertex 30.45 -19.500000000000004 59.76
      vertex 30.45 -14.600000001490116 48.05999999850989
    endloop
  endfacet
  facet normal 0 1 0
    outer loop
      vertex 30.45 -19.500000000000004 0
      vertex 28.029999999999998 -19.500000000000004 50.31
      vertex 30.45 -19.500000000000004 59.76
    endloop
  endfacet
  facet normal -1 0 0
    outer loop
      vertex 30.45 1.9000000000000001 59.76
      vertex 30.45 -0.8 1.7000000000000046
      vertex 30.45 -0.8 59.26
    endloop
  endfacet
  facet normal -1 0 0
    outer loop
      vertex 30.45 -4.200000002980232 48.05999999850989
      vertex 30.45 -4.21711028367281 48.32105238348246
      vertex 30.45 -2.4000000000000004 59.26
    endloop
  endfacet
  facet normal -1 0 0
    outer loop
      vertex 30.45 -4.21711028367281 48.32105238348246
      vertex 30.45 -4.268148347735405 48.57763808578253
      vertex 30.45 -2.4000000000000004 59.26
    endloop
  endfacet
  facet normal -1 0 0
    outer loop
      vertex 30.45 -4.268148347735405 48.57763808578253
      vertex 30.45 -4.352240934967995 48.82536686569453
      vertex 30.45 -2.4000000000000004 59.26
    endloop
  endfacet
  facet normal -1 0 0
    outer loop
      vertex 30.45 -4.352240934967995 48.82536686569453
      vertex 30.45 -4.467949196696281 49.05999999850989
      vertex 30.45 -2.4000000000000004 59.26
    endloop
  endfacet
  facet normal -1 0 0
    outer loop
      vertex 30.45 -4.467949196696281 49.05999999850989
      vertex 30.45 -4.613293319940567 49.27752285808325
      vertex 30.45 -2.4000000000000004 59.26
    endloop
  endfacet
  facet normal -1 0 0
    outer loop
      vertex 30.45 -4.613293319940567 49.27752285808325
      vertex 30.45 -4.78578644245863 49.47421355903149
      vertex 30.45 -2.4000000000000004 59.26
    endloop
  endfacet
  facet normal -1 0 0
    outer loop
      vertex 30.45 -4.78578644245863 49.47421355903149
      vertex 30.45 -4.982477143406868 49.64670668154955
      vertex 30.45 -2.4000000000000004 59.26
    endloop
  endfacet
  facet normal -1 0 0
    outer loop
      vertex 30.45 -4.982477143406868 49.64670668154955
      vertex 30.45 -5.200000002980232 49.79205080479384
      vertex 30.45 -2.4000000000000004 59.26
    endloop
  endfacet
  facet normal -1 0 0
    outer loop
      vertex 30.45 -5.200000002980232 49.79205080479384
      vertex 30.45 -5.434633135795593 49.907759066522125
      vertex 30.45 -2.4000000000000004 59.26
    endloop
  endfacet
  facet normal -1 0 0
    outer loop
      vertex 30.45 -5.434633135795593 49.907759066522125
      vertex 30.45 -5.682361915707588 49.991851653754715
      vertex 30.45 -2.4000000000000004 59.26
    endloop
  endfacet
  facet normal -1 0 0
    outer loop
      vertex 30.45 -5.682361915707588 49.991851653754715
      vertex 30.45 -5.93894761800766 50.04288971781731
      vertex 30.45 -2.4000000000000004 59.26
    endloop
  endfacet
  facet normal -1 0 0
    outer loop
      vertex 30.45 -5.93894761800766 50.04288971781731
      vertex 30.45 -6.200000002980232 50.05999999850989
      vertex 30.45 -2.4000000000000004 59.26
    endloop
  endfacet
  facet normal -1 0 0
    outer loop
      vertex 30.45 -6.200000002980232 50.05999999850989
      vertex 30.45 -12.600000001490116 50.05999999850989
      vertex 30.45 -2.4000000000000004 59.26
    endloop
  endfacet
  facet normal -1 0 0
    outer loop
      vertex 30.45 1.9000000000000001 59.76
      vertex 30.45 -0.8 59.26
      vertex 30.45 -19.500000000000004 59.76
    endloop
  endfacet
  facet normal -1 0 0
    outer loop
      vertex 30.45 -19.500000000000004 59.76
      vertex 30.45 -0.8 59.26
      vertex 30.45 -2.4000000000000004 59.26
    endloop
  endfacet
  facet normal -1 0 0
    outer loop
      vertex 30.45 -12.600000001490116 50.05999999850989
      vertex 30.45 -19.500000000000004 59.76
      vertex 30.45 -2.4000000000000004 59.26
    endloop
  endfacet
  facet normal -1 0 0
    outer loop
      vertex 30.45 -12.600000001490116 50.05999999850989
      vertex 30.45 -12.861052386462688 50.04288971781731
      vertex 30.45 -19.500000000000004 59.76
    endloop
  endfacet
  facet normal 0 1 0
    outer loop
      vertex 0.97 -19.500000000000004 51.81
      vertex 30.45 -19.500000000000004 59.76
      vertex 26.529999999999998 -19.500000000000004 51.81
    endloop
  endfacet
  facet normal -1 0 0
    outer loop
      vertex 30.45 -13.600000001490116 49.79205080479384
      vertex 30.45 -13.81752286106348 49.64670668154955
      vertex 30.45 -19.500000000000004 59.76
    endloop
  endfacet
  facet normal -1 0 0
    outer loop
      vertex 30.45 -13.81752286106348 49.64670668154955
      vertex 30.45 -14.014213562011719 49.47421355903149
      vertex 30.45 -19.500000000000004 59.76
    endloop
  endfacet
  facet normal -1 0 0
    outer loop
      vertex 30.45 -12.861052386462688 50.04288971781731
      vertex 30.45 -13.11763808876276 49.991851653754715
      vertex 30.45 -19.500000000000004 59.76
    endloop
  endfacet
  facet normal -1 0 0
    outer loop
      vertex 30.45 -13.11763808876276 49.991851653754715
      vertex 30.45 -13.365366868674755 49.907759066522125
      vertex 30.45 -19.500000000000004 59.76
    endloop
  endfacet
  facet normal -1 0 0
    outer loop
      vertex 30.45 -13.365366868674755 49.907759066522125
      vertex 30.45 -13.600000001490116 49.79205080479384
      vertex 30.45 -19.500000000000004 59.76
    endloop
  endfacet
  facet normal -1 0 0
    outer loop
      vertex 30.45 -14.582889720797539 48.32105238348246
      vertex 30.45 -19.500000000000004 59.76
      vertex 30.45 -14.531851656734943 48.57763808578253
    endloop
  endfacet
  facet normal -1 0 0
    outer loop
      vertex 30.45 -14.531851656734943 48.57763808578253
      vertex 30.45 -19.500000000000004 59.76
      vertex 30.45 -14.447759069502354 48.82536686569453
    endloop
  endfacet
  facet normal -1 0 0
    outer loop
      vertex 30.45 -14.186706684529781 49.27752285808325
      vertex 30.45 -14.332050807774067 49.05999999850989
      vertex 30.45 -19.500000000000004 59.76
    endloop
  endfacet
  facet normal -1 0 0
    outer loop
      vertex 30.45 -14.186706684529781 49.27752285808325
      vertex 30.45 -19.500000000000004 59.76
      vertex 30.45 -14.014213562011719 49.47421355903149
    endloop
  endfacet
  facet normal -1 0 0
    outer loop
      vertex 30.45 -14.332050807774067 49.05999999850989
      vertex 30.45 -14.447759069502354 48.82536686569453
      vertex 30.45 -19.500000000000004 59.76
    endloop
  endfacet
  facet normal -1 0 0
    outer loop
      vertex 30.45 -14.600000001490116 48.05999999850989
      vertex 30.45 -19.500000000000004 59.76
      vertex 30.45 -14.582889720797539 48.32105238348246
    endloop
  endfacet
  facet normal 0 1 0
    outer loop
      vertex 27.44314214351308 -19.500000000000004 51.50003001043685
      vertex 27.279999999999998 -19.500000000000004 51.60903810567666
      vertex 30.45 -19.500000000000004 59.76
    endloop
  endfacet
  facet normal 0 1 0
    outer loop
      vertex 27.915819298766927 -19.500000000000004 50.884025148547636
      vertex 27.829038105676656 -19.500000000000004 51.06
      vertex 30.45 -19.500000000000004 59.76
    endloop
  endfacet
  facet normal 0 1 0
    outer loop
      vertex 27.72003001043685 -19.500000000000004 51.22314214351308
      vertex 27.59066017177982 -19.500000000000004 51.370660171779825
      vertex 30.45 -19.500000000000004 59.76
    endloop
  endfacet
  facet normal 0 1 0
    outer loop
      vertex 27.44314214351308 -19.500000000000004 51.50003001043685
      vertex 30.45 -19.500000000000004 59.76
      vertex 27.59066017177982 -19.500000000000004 51.370660171779825
    endloop
  endfacet
  facet normal 0 1 0
    outer loop
      vertex 27.72003001043685 -19.500000000000004 51.22314214351308
      vertex 30.45 -19.500000000000004 59.76
      vertex 27.829038105676656 -19.500000000000004 51.06
    endloop
  endfacet
  facet normal 0 1 0
    outer loop
      vertex 26.529999999999998 -19.500000000000004 51.81
      vertex 30.45 -19.500000000000004 59.76
      vertex 26.725789288330073 -19.500000000000004 51.79716729206072
    endloop
  endfacet
  facet normal 0 1 0
    outer loop
      vertex 26.725789288330073 -19.500000000000004 51.79716729206072
      vertex 30.45 -19.500000000000004 59.76
      vertex 26.918228567653777 -19.500000000000004 51.75888873943361
    endloop
  endfacet
  facet normal 0 1 0
    outer loop
      vertex 26.918228567653777 -19.500000000000004 51.75888873943361
      vertex 30.45 -19.500000000000004 59.76
      vertex 27.10402514854763 -19.500000000000004 51.695819298766935
    endloop
  endfacet
  facet normal 0 1 0
    outer loop
      vertex 27.10402514854763 -19.500000000000004 51.695819298766935
      vertex 30.45 -19.500000000000004 59.76
      vertex 27.279999999999998 -19.500000000000004 51.60903810567666
    endloop
  endfacet
  facet normal 0 1 0
    outer loop
      vertex 28.029999999999998 -19.500000000000004 50.31
      vertex 28.017167292060712 -19.500000000000004 50.50578928833008
      vertex 30.45 -19.500000000000004 59.76
    endloop
  endfacet
  facet normal 0 1 0
    outer loop
      vertex 28.017167292060712 -19.500000000000004 50.50578928833008
      vertex 27.9788887394336 -19.500000000000004 50.698228567653786
      vertex 30.45 -19.500000000000004 59.76
    endloop
  endfacet
  facet normal 0 1 0
    outer loop
      vertex 27.915819298766927 -19.500000000000004 50.884025148547636
      vertex 30.45 -19.500000000000004 59.76
      vertex 27.9788887394336 -19.500000000000004 50.698228567653786
    endloop
  endfacet
  facet normal 0 0 -1
    outer loop
      vertex -2.9499999999999997 -19.500000000000004 59.76
      vertex 30.45 1.9000000000000001 59.76
      vertex 30.45 -19.500000000000004 59.76
    endloop
  endfacet
  facet normal 0 -0.9469301300366788 0.32143946370773846
    outer loop
      vertex -7.950000000000003 -3.314180701971054 33.03597485631705
      vertex -2.9499999999999997 -3.314180701971054 33.03597485631705
      vertex -7.950000000000003 -3.251111261546612 33.22177143752575
    endloop
  endfacet
  facet normal 0 -0.9807852832718771 0.19509030759446716
    outer loop
      vertex -7.950000000000003 -3.251111261546612 33.22177143752575
      vertex -2.9499999999999997 -3.251111261546612 33.22177143752575
      vertex -7.950000000000003 -3.21283271163702 33.4142107179761
    endloop
  endfacet
  facet normal 0 -0.9978589229274387 0.06540313397759875
    outer loop
      vertex -7.950000000000003 -3.21283271163702 33.4142107179761
      vertex -2.9499999999999997 -3.21283271163702 33.4142107179761
      vertex -7.950000000000003 -3.2000000029802322 33.610000002980236
    endloop
  endfacet
  facet normal 0 -0.7518397942312051 0.6593458302062576
    outer loop
      vertex -7.950000000000003 -3.5099699944257736 32.69685785830021
      vertex -7.950000000000003 -3.6393398344516754 32.54933983445168
      vertex -2.9499999999999997 -3.6393398344516754 32.54933983445168
    endloop
  endfacet
  facet normal 0 -0.8968727369300094 0.4422886995523108
    outer loop
      vertex -7.950000000000003 -3.314180701971054 33.03597485631705
      vertex -7.950000000000003 -3.400961898267269 32.860000002980236
      vertex -2.9499999999999997 -3.400961898267269 32.860000002980236
    endloop
  endfacet
  facet normal 0 -0.8314696119753573 0.5555702335092735
    outer loop
      vertex -7.950000000000003 -3.5099699944257736 32.69685785830021
      vertex -2.9499999999999997 -3.5099699944257736 32.69685785830021
      vertex -7.950000000000003 -3.400961898267269 32.860000002980236
    endloop
  endfacet
  facet normal 0 -0.5555702335092735 0.8314696119753573
    outer loop
      vertex -7.950000000000003 -3.786857858300209 32.41996999442578
      vertex -7.950000000000003 -3.9500000029802322 32.31096189826727
      vertex -2.9499999999999997 -3.9500000029802322 32.31096189826727
    endloop
  endfacet
  facet normal 0 -0.6593458302062576 0.7518397942312051
    outer loop
      vertex -7.950000000000003 -3.6393398344516754 32.54933983445168
      vertex -7.950000000000003 -3.786857858300209 32.41996999442578
      vertex -2.9499999999999997 -3.786857858300209 32.41996999442578
    endloop
  endfacet
  facet normal 0 -0.4422886995523108 0.8968727369300094
    outer loop
      vertex -7.950000000000003 -3.9500000029802322 32.31096189826727
      vertex -7.950000000000003 -4.125974856317043 32.22418070197106
      vertex -2.9499999999999997 -4.125974856317043 32.22418070197106
    endloop
  endfacet
  facet normal 0 -0.32143946370773846 0.9469301300366788
    outer loop
      vertex -7.950000000000003 -4.125974856317043 32.22418070197106
      vertex -7.950000000000003 -4.311771437525749 32.161111261546615
      vertex -2.9499999999999997 -4.311771437525749 32.161111261546615
    endloop
  endfacet
  facet normal 0 -0.19509030759446716 0.9807852832718771
    outer loop
      vertex -7.950000000000003 -4.311771437525749 32.161111261546615
      vertex -7.950000000000003 -4.504210717976093 32.122832711637024
      vertex -2.9499999999999997 -4.504210717976093 32.122832711637024
    endloop
  endfacet
  facet normal 0 -0.06540313397759875 0.9978589229274387
    outer loop
      vertex -7.950000000000003 -4.504210717976093 32.122832711637024
      vertex -7.950000000000003 -4.700000002980232 32.110000002980236
      vertex -2.9499999999999997 -4.700000002980232 32.110000002980236
    endloop
  endfacet
  facet normal 0 -1 0
    outer loop
      vertex -7.950000000000003 -3.2000000029802322 33.610000002980236
      vertex -2.9499999999999997 -3.2000000029802322 33.610000002980236
      vertex -7.950000000000003 -3.2000000029802322 43.610000002980236
    endloop
  endfacet
  facet normal 0 0 1
    outer loop
      vertex -7.950000000000003 -4.700000002980232 32.110000002980236
      vertex -7.950000000000003 -8.299999997019768 32.110000002980236
      vertex -2.9499999999999997 -8.299999997019768 32.110000002980236
    endloop
  endfacet
  facet normal 0 0.06540313397759875 0.9978589229274387
    outer loop
      vertex -7.950000000000003 -8.299999997019768 32.110000002980236
      vertex -7.950000000000003 -8.495789282023907 32.122832711637024
      vertex -2.9499999999999997 -8.495789282023907 32.122832711637024
    endloop
  endfacet
  facet normal 0 0.19509030759446716 0.9807852832718771
    outer loop
      vertex -7.950000000000003 -8.495789282023907 32.122832711637024
      vertex -7.950000000000003 -8.68822856247425 32.161111261546615
      vertex -2.9499999999999997 -8.68822856247425 32.161111261546615
    endloop
  endfacet
  facet normal 0 -0.9469301300366788 0.32143946370773846
    outer loop
      vertex -7.950000000000003 -3.251111261546612 33.22177143752575
      vertex -2.9499999999999997 -3.314180701971054 33.03597485631705
      vertex -2.9499999999999997 -3.251111261546612 33.22177143752575
    endloop
  endfacet
  facet normal 0 -0.9807852832718771 0.19509030759446716
    outer loop
      vertex -7.950000000000003 -3.21283271163702 33.4142107179761
      vertex -2.9499999999999997 -3.251111261546612 33.22177143752575
      vertex -2.9499999999999997 -3.21283271163702 33.4142107179761
    endloop
  endfacet
  facet normal 0 -0.9978589229274387 0.06540313397759875
    outer loop
      vertex -7.950000000000003 -3.2000000029802322 33.610000002980236
      vertex -2.9499999999999997 -3.21283271163702 33.4142107179761
      vertex -2.9499999999999997 -3.2000000029802322 33.610000002980236
    endloop
  endfacet
  facet normal 0 -0.7518397942312051 0.6593458302062576
    outer loop
      vertex -7.950000000000003 -3.5099699944257736 32.69685785830021
      vertex -2.9499999999999997 -3.6393398344516754 32.54933983445168
      vertex -2.9499999999999997 -3.5099699944257736 32.69685785830021
    endloop
  endfacet
  facet normal 0 -0.6593458302062576 0.7518397942312051
    outer loop
      vertex -7.950000000000003 -3.6393398344516754 32.54933983445168
      vertex -2.9499999999999997 -3.786857858300209 32.41996999442578
      vertex -2.9499999999999997 -3.6393398344516754 32.54933983445168
    endloop
  endfacet
  facet normal 0 -0.8968727369300094 0.4422886995523108
    outer loop
      vertex -7.950000000000003 -3.314180701971054 33.03597485631705
      vertex -2.9499999999999997 -3.400961898267269 32.860000002980236
      vertex -2.9499999999999997 -3.314180701971054 33.03597485631705
    endloop
  endfacet
  facet normal 0 -0.8314696119753573 0.5555702335092735
    outer loop
      vertex -7.950000000000003 -3.400961898267269 32.860000002980236
      vertex -2.9499999999999997 -3.5099699944257736 32.69685785830021
      vertex -2.9499999999999997 -3.400961898267269 32.860000002980236
    endloop
  endfacet
  facet normal 0 -0.5555702335092735 0.8314696119753573
    outer loop
      vertex -7.950000000000003 -3.786857858300209 32.41996999442578
      vertex -2.9499999999999997 -3.9500000029802322 32.31096189826727
      vertex -2.9499999999999997 -3.786857858300209 32.41996999442578
    endloop
  endfacet
  facet normal 0 -0.4422886995523108 0.8968727369300094
    outer loop
      vertex -7.950000000000003 -3.9500000029802322 32.31096189826727
      vertex -2.9499999999999997 -4.125974856317043 32.22418070197106
      vertex -2.9499999999999997 -3.9500000029802322 32.31096189826727
    endloop
  endfacet
  facet normal 0 -0.32143946370773846 0.9469301300366788
    outer loop
      vertex -7.950000000000003 -4.125974856317043 32.22418070197106
      vertex -2.9499999999999997 -4.311771437525749 32.161111261546615
      vertex -2.9499999999999997 -4.125974856317043 32.22418070197106
    endloop
  endfacet
  facet normal 0 -0.19509030759446716 0.9807852832718771
    outer loop
      vertex -7.950000000000003 -4.311771437525749 32.161111261546615
      vertex -2.9499999999999997 -4.504210717976093 32.122832711637024
      vertex -2.9499999999999997 -4.311771437525749 32.161111261546615
    endloop
  endfacet
  facet normal 0 -0.06540313397759875 0.9978589229274387
    outer loop
      vertex -7.950000000000003 -4.504210717976093 32.122832711637024
      vertex -2.9499999999999997 -4.700000002980232 32.110000002980236
      vertex -2.9499999999999997 -4.504210717976093 32.122832711637024
    endloop
  endfacet
  facet normal 0 0 1
    outer loop
      vertex -7.950000000000003 -4.700000002980232 32.110000002980236
      vertex -2.9499999999999997 -8.299999997019768 32.110000002980236
      vertex -2.9499999999999997 -4.700000002980232 32.110000002980236
    endloop
  endfacet
  facet normal 0 0.06540313397759875 0.9978589229274387
    outer loop
      vertex -7.950000000000003 -8.299999997019768 32.110000002980236
      vertex -2.9499999999999997 -8.495789282023907 32.122832711637024
      vertex -2.9499999999999997 -8.299999997019768 32.110000002980236
    endloop
  endfacet
  facet normal 0 0.19509030759446716 0.9807852832718771
    outer loop
      vertex -7.950000000000003 -8.495789282023907 32.122832711637024
      vertex -2.9499999999999997 -8.68822856247425 32.161111261546615
      vertex -2.9499999999999997 -8.495789282023907 32.122832711637024
    endloop
  endfacet
  facet normal 0 0.32143946370773846 0.9469301300366788
    outer loop
      vertex -7.950000000000003 -8.68822856247425 32.161111261546615
      vertex -2.9499999999999997 -8.874025143682957 32.22418070197106
      vertex -2.9499999999999997 -8.68822856247425 32.161111261546615
    endloop
  endfacet
  facet normal 0 0.32143946370773846 0.9469301300366788
    outer loop
      vertex -7.950000000000003 -8.68822856247425 32.161111261546615
      vertex -7.950000000000003 -8.874025143682957 32.22418070197106
      vertex -2.9499999999999997 -8.874025143682957 32.22418070197106
    endloop
  endfacet
  facet normal 0 0.4422886995523108 0.8968727369300094
    outer loop
      vertex -7.950000000000003 -8.874025143682957 32.22418070197106
      vertex -7.950000000000003 -9.049999997019768 32.31096189826727
      vertex -2.9499999999999997 -9.049999997019768 32.31096189826727
    endloop
  endfacet
  facet normal 0 0.5555702335092735 0.8314696119753573
    outer loop
      vertex -7.950000000000003 -9.049999997019768 32.31096189826727
      vertex -7.950000000000003 -9.213142141699791 32.41996999442578
      vertex -2.9499999999999997 -9.213142141699791 32.41996999442578
    endloop
  endfacet
  facet normal 0 0.6593458302062576 0.7518397942312051
    outer loop
      vertex -7.950000000000003 -9.213142141699791 32.41996999442578
      vertex -7.950000000000003 -9.360660165548325 32.54933983445168
      vertex -2.9499999999999997 -9.360660165548325 32.54933983445168
    endloop
  endfacet
  facet normal 0 0.7518397942312051 0.6593458302062576
    outer loop
      vertex -7.950000000000003 -9.360660165548325 32.54933983445168
      vertex -7.950000000000003 -9.490030005574226 32.69685785830021
      vertex -2.9499999999999997 -9.490030005574226 32.69685785830021
    endloop
  endfacet
  facet normal 0 0.8314696119753573 0.5555702335092735
    outer loop
      vertex -7.950000000000003 -9.490030005574226 32.69685785830021
      vertex -7.950000000000003 -9.59903810173273 32.860000002980236
      vertex -2.9499999999999997 -9.59903810173273 32.860000002980236
    endloop
  endfacet
  facet normal 0 0.8968727369300094 0.4422886995523108
    outer loop
      vertex -7.950000000000003 -9.59903810173273 32.860000002980236
      vertex -7.950000000000003 -9.685819298028946 33.03597485631705
      vertex -2.9499999999999997 -9.685819298028946 33.03597485631705
    endloop
  endfacet
  facet normal 0 0.9469301300366788 0.32143946370773846
    outer loop
      vertex -7.950000000000003 -9.685819298028946 33.03597485631705
      vertex -7.950000000000003 -9.748888738453388 33.22177143752575
      vertex -2.9499999999999997 -9.748888738453388 33.22177143752575
    endloop
  endfacet
  facet normal 0 0.9807852832718771 0.19509030759446716
    outer loop
      vertex -7.950000000000003 -9.748888738453388 33.22177143752575
      vertex -7.950000000000003 -9.78716728836298 33.4142107179761
      vertex -2.9499999999999997 -9.78716728836298 33.4142107179761
    endloop
  endfacet
  facet normal 0 0.9978589229274387 0.06540313397759875
    outer loop
      vertex -7.950000000000003 -9.78716728836298 33.4142107179761
      vertex -7.950000000000003 -9.799999997019768 33.610000002980236
      vertex -2.9499999999999997 -9.799999997019768 33.610000002980236
    endloop
  endfacet
  facet normal 0 0.4422886995523108 0.8968727369300094
    outer loop
      vertex -7.950000000000003 -8.874025143682957 32.22418070197106
      vertex -2.9499999999999997 -9.049999997019768 32.31096189826727
      vertex -2.9499999999999997 -8.874025143682957 32.22418070197106
    endloop
  endfacet
  facet normal 0 0.5555702335092735 0.8314696119753573
    outer loop
      vertex -7.950000000000003 -9.049999997019768 32.31096189826727
      vertex -2.9499999999999997 -9.213142141699791 32.41996999442578
      vertex -2.9499999999999997 -9.049999997019768 32.31096189826727
    endloop
  endfacet
  facet normal 0 0.6593458302062576 0.7518397942312051
    outer loop
      vertex -7.950000000000003 -9.213142141699791 32.41996999442578
      vertex -2.9499999999999997 -9.360660165548325 32.54933983445168
      vertex -2.9499999999999997 -9.213142141699791 32.41996999442578
    endloop
  endfacet
  facet normal 0 0.7518397942312051 0.6593458302062576
    outer loop
      vertex -7.950000000000003 -9.360660165548325 32.54933983445168
      vertex -2.9499999999999997 -9.490030005574226 32.69685785830021
      vertex -2.9499999999999997 -9.360660165548325 32.54933983445168
    endloop
  endfacet
  facet normal 0 0.8314696119753573 0.5555702335092735
    outer loop
      vertex -7.950000000000003 -9.490030005574226 32.69685785830021
      vertex -2.9499999999999997 -9.59903810173273 32.860000002980236
      vertex -2.9499999999999997 -9.490030005574226 32.69685785830021
    endloop
  endfacet
  facet normal 0 0.8968727369300094 0.4422886995523108
    outer loop
      vertex -7.950000000000003 -9.59903810173273 32.860000002980236
      vertex -2.9499999999999997 -9.685819298028946 33.03597485631705
      vertex -2.9499999999999997 -9.59903810173273 32.860000002980236
    endloop
  endfacet
  facet normal 0 0.9469301300366788 0.32143946370773846
    outer loop
      vertex -7.950000000000003 -9.685819298028946 33.03597485631705
      vertex -2.9499999999999997 -9.748888738453388 33.22177143752575
      vertex -2.9499999999999997 -9.685819298028946 33.03597485631705
    endloop
  endfacet
  facet normal 0 0.9807852832718771 0.19509030759446716
    outer loop
      vertex -7.950000000000003 -9.748888738453388 33.22177143752575
      vertex -2.9499999999999997 -9.78716728836298 33.4142107179761
      vertex -2.9499999999999997 -9.748888738453388 33.22177143752575
    endloop
  endfacet
  facet normal 0 0.9978589229274387 0.06540313397759875
    outer loop
      vertex -7.950000000000003 -9.78716728836298 33.4142107179761
      vertex -2.9499999999999997 -9.799999997019768 33.610000002980236
      vertex -2.9499999999999997 -9.78716728836298 33.4142107179761
    endloop
  endfacet
  facet normal 0 1 0
    outer loop
      vertex -7.950000000000003 -9.799999997019768 33.610000002980236
      vertex -2.9499999999999997 -9.799999997019768 43.610000002980236
      vertex -2.9499999999999997 -9.799999997019768 33.610000002980236
    endloop
  endfacet
  facet normal 0 -0.9978589229274387 -0.06540313397759875
    outer loop
      vertex -7.950000000000003 -3.2000000029802322 43.610000002980236
      vertex -2.9499999999999997 -3.2000000029802322 43.610000002980236
      vertex -7.950000000000003 -3.21283271163702 43.805789287984375
    endloop
  endfacet
  facet normal 0 -0.9807852832718771 -0.19509030759446716
    outer loop
      vertex -7.950000000000003 -3.21283271163702 43.805789287984375
      vertex -2.9499999999999997 -3.21283271163702 43.805789287984375
      vertex -7.950000000000003 -3.251111261546612 43.99822856843472
    endloop
  endfacet
  facet normal 0 -0.9469301300366788 -0.32143946370773846
    outer loop
      vertex -7.950000000000003 -3.251111261546612 43.99822856843472
      vertex -2.9499999999999997 -3.251111261546612 43.99822856843472
      vertex -7.950000000000003 -3.314180701971054 44.184025149643425
    endloop
  endfacet
  facet normal 0 -0.8968727369300094 -0.4422886995523108
    outer loop
      vertex -7.950000000000003 -3.314180701971054 44.184025149643425
      vertex -2.9499999999999997 -3.314180701971054 44.184025149643425
      vertex -7.950000000000003 -3.400961898267269 44.360000002980236
    endloop
  endfacet
  facet normal 0 -0.8314696119753573 -0.5555702335092735
    outer loop
      vertex -7.950000000000003 -3.400961898267269 44.360000002980236
      vertex -2.9499999999999997 -3.400961898267269 44.360000002980236
      vertex -7.950000000000003 -3.5099699944257736 44.52314214766026
    endloop
  endfacet
  facet normal 0 -0.7518397942312051 -0.6593458302062576
    outer loop
      vertex -7.950000000000003 -3.5099699944257736 44.52314214766026
      vertex -2.9499999999999997 -3.5099699944257736 44.52314214766026
      vertex -7.950000000000003 -3.6393398344516754 44.67066017150879
    endloop
  endfacet
  facet normal 0 -0.6593458302062576 -0.7518397942312051
    outer loop
      vertex -7.950000000000003 -3.6393398344516754 44.67066017150879
      vertex -2.9499999999999997 -3.6393398344516754 44.67066017150879
      vertex -7.950000000000003 -3.786857858300209 44.800030011534695
    endloop
  endfacet
  facet normal 0 -0.5555702335092735 -0.8314696119753573
    outer loop
      vertex -7.950000000000003 -3.786857858300209 44.800030011534695
      vertex -2.9499999999999997 -3.786857858300209 44.800030011534695
      vertex -7.950000000000003 -3.9500000029802322 44.9090381076932
    endloop
  endfacet
  facet normal 0 -0.4422886995523108 -0.8968727369300094
    outer loop
      vertex -7.950000000000003 -3.9500000029802322 44.9090381076932
      vertex -2.9499999999999997 -3.9500000029802322 44.9090381076932
      vertex -7.950000000000003 -4.125974856317043 44.995819303989414
    endloop
  endfacet
  facet normal 0 -0.32143946370773846 -0.9469301300366788
    outer loop
      vertex -7.950000000000003 -4.125974856317043 44.995819303989414
      vertex -2.9499999999999997 -4.125974856317043 44.995819303989414
      vertex -7.950000000000003 -4.311771437525749 45.058888744413856
    endloop
  endfacet
  facet normal 0 -0.19509030759446716 -0.9807852832718771
    outer loop
      vertex -7.950000000000003 -4.311771437525749 45.058888744413856
      vertex -2.9499999999999997 -4.311771437525749 45.058888744413856
      vertex -7.950000000000003 -4.504210717976093 45.09716729432345
    endloop
  endfacet
  facet normal 0 -0.06540313397759875 -0.9978589229274387
    outer loop
      vertex -7.950000000000003 -4.504210717976093 45.09716729432345
      vertex -2.9499999999999997 -4.504210717976093 45.09716729432345
      vertex -7.950000000000003 -4.700000002980232 45.110000002980236
    endloop
  endfacet
  facet normal 0 0 -1
    outer loop
      vertex -7.950000000000003 -4.700000002980232 45.110000002980236
      vertex -2.9499999999999997 -4.700000002980232 45.110000002980236
      vertex -7.950000000000003 -8.299999997019768 45.110000002980236
    endloop
  endfacet
  facet normal 0 0.06540313397759875 -0.9978589229274387
    outer loop
      vertex -7.950000000000003 -8.299999997019768 45.110000002980236
      vertex -2.9499999999999997 -8.299999997019768 45.110000002980236
      vertex -7.950000000000003 -8.495789282023907 45.09716729432345
    endloop
  endfacet
  facet normal 0 0.32143946370773846 -0.9469301300366788
    outer loop
      vertex -7.950000000000003 -8.68822856247425 45.058888744413856
      vertex -2.9499999999999997 -8.68822856247425 45.058888744413856
      vertex -7.950000000000003 -8.874025143682957 44.995819303989414
    endloop
  endfacet
  facet normal 0 0.19509030759446716 -0.9807852832718771
    outer loop
      vertex -7.950000000000003 -8.495789282023907 45.09716729432345
      vertex -2.9499999999999997 -8.495789282023907 45.09716729432345
      vertex -7.950000000000003 -8.68822856247425 45.058888744413856
    endloop
  endfacet
  facet normal 0 -1 0
    outer loop
      vertex -2.9499999999999997 -3.2000000029802322 33.610000002980236
      vertex -2.9499999999999997 -3.2000000029802322 43.610000002980236
      vertex -7.950000000000003 -3.2000000029802322 43.610000002980236
    endloop
  endfacet
  facet normal 0 -0.9978589229274387 -0.06540313397759875
    outer loop
      vertex -7.950000000000003 -3.21283271163702 43.805789287984375
      vertex -2.9499999999999997 -3.2000000029802322 43.610000002980236
      vertex -2.9499999999999997 -3.21283271163702 43.805789287984375
    endloop
  endfacet
  facet normal 0 -0.9807852832718771 -0.19509030759446716
    outer loop
      vertex -7.950000000000003 -3.251111261546612 43.99822856843472
      vertex -2.9499999999999997 -3.21283271163702 43.805789287984375
      vertex -2.9499999999999997 -3.251111261546612 43.99822856843472
    endloop
  endfacet
  facet normal 0 -0.9469301300366788 -0.32143946370773846
    outer loop
      vertex -7.950000000000003 -3.314180701971054 44.184025149643425
      vertex -2.9499999999999997 -3.251111261546612 43.99822856843472
      vertex -2.9499999999999997 -3.314180701971054 44.184025149643425
    endloop
  endfacet
  facet normal 0 -0.8968727369300094 -0.4422886995523108
    outer loop
      vertex -7.950000000000003 -3.400961898267269 44.360000002980236
      vertex -2.9499999999999997 -3.314180701971054 44.184025149643425
      vertex -2.9499999999999997 -3.400961898267269 44.360000002980236
    endloop
  endfacet
  facet normal 0 -0.8314696119753573 -0.5555702335092735
    outer loop
      vertex -7.950000000000003 -3.5099699944257736 44.52314214766026
      vertex -2.9499999999999997 -3.400961898267269 44.360000002980236
      vertex -2.9499999999999997 -3.5099699944257736 44.52314214766026
    endloop
  endfacet
  facet normal 0 -0.7518397942312051 -0.6593458302062576
    outer loop
      vertex -7.950000000000003 -3.6393398344516754 44.67066017150879
      vertex -2.9499999999999997 -3.5099699944257736 44.52314214766026
      vertex -2.9499999999999997 -3.6393398344516754 44.67066017150879
    endloop
  endfacet
  facet normal 0 -0.6593458302062576 -0.7518397942312051
    outer loop
      vertex -7.950000000000003 -3.786857858300209 44.800030011534695
      vertex -2.9499999999999997 -3.6393398344516754 44.67066017150879
      vertex -2.9499999999999997 -3.786857858300209 44.800030011534695
    endloop
  endfacet
  facet normal 0 -0.5555702335092735 -0.8314696119753573
    outer loop
      vertex -7.950000000000003 -3.9500000029802322 44.9090381076932
      vertex -2.9499999999999997 -3.786857858300209 44.800030011534695
      vertex -2.9499999999999997 -3.9500000029802322 44.9090381076932
    endloop
  endfacet
  facet normal 0 -0.4422886995523108 -0.8968727369300094
    outer loop
      vertex -7.950000000000003 -4.125974856317043 44.995819303989414
      vertex -2.9499999999999997 -3.9500000029802322 44.9090381076932
      vertex -2.9499999999999997 -4.125974856317043 44.995819303989414
    endloop
  endfacet
  facet normal 0 -0.32143946370773846 -0.9469301300366788
    outer loop
      vertex -7.950000000000003 -4.311771437525749 45.058888744413856
      vertex -2.9499999999999997 -4.125974856317043 44.995819303989414
      vertex -2.9499999999999997 -4.311771437525749 45.058888744413856
    endloop
  endfacet
  facet normal 0 -0.19509030759446716 -0.9807852832718771
    outer loop
      vertex -7.950000000000003 -4.504210717976093 45.09716729432345
      vertex -2.9499999999999997 -4.311771437525749 45.058888744413856
      vertex -2.9499999999999997 -4.504210717976093 45.09716729432345
    endloop
  endfacet
  facet normal 0 -0.06540313397759875 -0.9978589229274387
    outer loop
      vertex -7.950000000000003 -4.700000002980232 45.110000002980236
      vertex -2.9499999999999997 -4.504210717976093 45.09716729432345
      vertex -2.9499999999999997 -4.700000002980232 45.110000002980236
    endloop
  endfacet
  facet normal 0 0 -1
    outer loop
      vertex -7.950000000000003 -8.299999997019768 45.110000002980236
      vertex -2.9499999999999997 -4.700000002980232 45.110000002980236
      vertex -2.9499999999999997 -8.299999997019768 45.110000002980236
    endloop
  endfacet
  facet normal 0 0.06540313397759875 -0.9978589229274387
    outer loop
      vertex -7.950000000000003 -8.495789282023907 45.09716729432345
      vertex -2.9499999999999997 -8.299999997019768 45.110000002980236
      vertex -2.9499999999999997 -8.495789282023907 45.09716729432345
    endloop
  endfacet
  facet normal 0 0.19509030759446716 -0.9807852832718771
    outer loop
      vertex -7.950000000000003 -8.68822856247425 45.058888744413856
      vertex -2.9499999999999997 -8.495789282023907 45.09716729432345
      vertex -2.9499999999999997 -8.68822856247425 45.058888744413856
    endloop
  endfacet
  facet normal 0 1 0
    outer loop
      vertex -7.950000000000003 -9.799999997019768 33.610000002980236
      vertex -7.950000000000003 -9.799999997019768 43.610000002980236
      vertex -2.9499999999999997 -9.799999997019768 43.610000002980236
    endloop
  endfacet
  facet normal 0 0.9978589229274387 -0.06540313397759875
    outer loop
      vertex -7.950000000000003 -9.799999997019768 43.610000002980236
      vertex -7.950000000000003 -9.78716728836298 43.805789287984375
      vertex -2.9499999999999997 -9.78716728836298 43.805789287984375
    endloop
  endfacet
  facet normal 0 0.9807852832718771 -0.19509030759446716
    outer loop
      vertex -7.950000000000003 -9.78716728836298 43.805789287984375
      vertex -7.950000000000003 -9.748888738453388 43.99822856843472
      vertex -2.9499999999999997 -9.748888738453388 43.99822856843472
    endloop
  endfacet
  facet normal 0 0.9469301300366788 -0.32143946370773846
    outer loop
      vertex -7.950000000000003 -9.748888738453388 43.99822856843472
      vertex -7.950000000000003 -9.685819298028946 44.184025149643425
      vertex -2.9499999999999997 -9.685819298028946 44.184025149643425
    endloop
  endfacet
  facet normal 0 0.8968727369300094 -0.4422886995523108
    outer loop
      vertex -7.950000000000003 -9.59903810173273 44.360000002980236
      vertex -2.9499999999999997 -9.59903810173273 44.360000002980236
      vertex -7.950000000000003 -9.685819298028946 44.184025149643425
    endloop
  endfacet
  facet normal 0 0.4422886995523108 -0.8968727369300094
    outer loop
      vertex -7.950000000000003 -8.874025143682957 44.995819303989414
      vertex -2.9499999999999997 -8.874025143682957 44.995819303989414
      vertex -7.950000000000003 -9.049999997019768 44.9090381076932
    endloop
  endfacet
  facet normal 0 0.5555702335092735 -0.8314696119753573
    outer loop
      vertex -7.950000000000003 -9.049999997019768 44.9090381076932
      vertex -2.9499999999999997 -9.049999997019768 44.9090381076932
      vertex -7.950000000000003 -9.213142141699791 44.800030011534695
    endloop
  endfacet
  facet normal 0 0.6593458302062576 -0.7518397942312051
    outer loop
      vertex -7.950000000000003 -9.360660165548325 44.67066017150879
      vertex -7.950000000000003 -9.213142141699791 44.800030011534695
      vertex -2.9499999999999997 -9.213142141699791 44.800030011534695
    endloop
  endfacet
  facet normal 0 0.7518397942312051 -0.6593458302062576
    outer loop
      vertex -7.950000000000003 -9.360660165548325 44.67066017150879
      vertex -2.9499999999999997 -9.360660165548325 44.67066017150879
      vertex -7.950000000000003 -9.490030005574226 44.52314214766026
    endloop
  endfacet
  facet normal 0 0.8314696119753573 -0.5555702335092735
    outer loop
      vertex -7.950000000000003 -9.59903810173273 44.360000002980236
      vertex -7.950000000000003 -9.490030005574226 44.52314214766026
      vertex -2.9499999999999997 -9.490030005574226 44.52314214766026
    endloop
  endfacet
  facet normal 0 0.8314696119753573 -0.5555702335092735
    outer loop
      vertex -7.950000000000003 -9.59903810173273 44.360000002980236
      vertex -2.9499999999999997 -9.490030005574226 44.52314214766026
      vertex -2.9499999999999997 -9.59903810173273 44.360000002980236
    endloop
  endfacet
  facet normal 0 0.9978589229274387 -0.06540313397759875
    outer loop
      vertex -7.950000000000003 -9.799999997019768 43.610000002980236
      vertex -2.9499999999999997 -9.78716728836298 43.805789287984375
      vertex -2.9499999999999997 -9.799999997019768 43.610000002980236
    endloop
  endfacet
  facet normal 0 0.9807852832718771 -0.19509030759446716
    outer loop
      vertex -7.950000000000003 -9.78716728836298 43.805789287984375
      vertex -2.9499999999999997 -9.748888738453388 43.99822856843472
      vertex -2.9499999999999997 -9.78716728836298 43.805789287984375
    endloop
  endfacet
  facet normal 0 0.9469301300366788 -0.32143946370773846
    outer loop
      vertex -7.950000000000003 -9.748888738453388 43.99822856843472
      vertex -2.9499999999999997 -9.685819298028946 44.184025149643425
      vertex -2.9499999999999997 -9.748888738453388 43.99822856843472
    endloop
  endfacet
  facet normal 0 0.8968727369300094 -0.4422886995523108
    outer loop
      vertex -7.950000000000003 -9.685819298028946 44.184025149643425
      vertex -2.9499999999999997 -9.59903810173273 44.360000002980236
      vertex -2.9499999999999997 -9.685819298028946 44.184025149643425
    endloop
  endfacet
  facet normal 0 0.32143946370773846 -0.9469301300366788
    outer loop
      vertex -2.9499999999999997 -8.68822856247425 45.058888744413856
      vertex -2.9499999999999997 -8.874025143682957 44.995819303989414
      vertex -7.950000000000003 -8.874025143682957 44.995819303989414
    endloop
  endfacet
  facet normal 0 0.4422886995523108 -0.8968727369300094
    outer loop
      vertex -7.950000000000003 -9.049999997019768 44.9090381076932
      vertex -2.9499999999999997 -8.874025143682957 44.995819303989414
      vertex -2.9499999999999997 -9.049999997019768 44.9090381076932
    endloop
  endfacet
  facet normal 0 0.5555702335092735 -0.8314696119753573
    outer loop
      vertex -7.950000000000003 -9.213142141699791 44.800030011534695
      vertex -2.9499999999999997 -9.049999997019768 44.9090381076932
      vertex -2.9499999999999997 -9.213142141699791 44.800030011534695
    endloop
  endfacet
  facet normal 0 0.6593458302062576 -0.7518397942312051
    outer loop
      vertex -7.950000000000003 -9.360660165548325 44.67066017150879
      vertex -2.9499999999999997 -9.213142141699791 44.800030011534695
      vertex -2.9499999999999997 -9.360660165548325 44.67066017150879
    endloop
  endfacet
  facet normal 0 0.7518397942312051 -0.6593458302062576
    outer loop
      vertex -7.950000000000003 -9.490030005574226 44.52314214766026
      vertex -2.9499999999999997 -9.360660165548325 44.67066017150879
      vertex -2.9499999999999997 -9.490030005574226 44.52314214766026
    endloop
  endfacet
  facet normal 0 -0.5555702203832522 0.8314696207458842
    outer loop
      vertex 30.45 -4.982477143406868 39.47329331547022
      vertex 30.45 -5.200000002980232 39.32794919222594
      vertex 35.45 -5.200000002980232 39.32794919222594
    endloop
  endfacet
  facet normal 0 -0.4422887070837332 0.8968727332159226
    outer loop
      vertex 30.45 -5.200000002980232 39.32794919222594
      vertex 30.45 -5.434633135795593 39.21224093049765
      vertex 35.45 -5.434633135795593 39.21224093049765
    endloop
  endfacet
  facet normal 0 -0.321439457928675 0.9469301319984065
    outer loop
      vertex 30.45 -5.434633135795593 39.21224093049765
      vertex 30.45 -5.682361915707588 39.12814834326506
      vertex 35.45 -5.682361915707588 39.12814834326506
    endloop
  endfacet
  facet normal 0 -0.19509030209549946 0.9807852843656897
    outer loop
      vertex 30.45 -5.682361915707588 39.12814834326506
      vertex 30.45 -5.93894761800766 39.077110279202465
      vertex 35.45 -5.93894761800766 39.077110279202465
    endloop
  endfacet
  facet normal 0 -0.06540314219103631 0.9978589223891017
    outer loop
      vertex 30.45 -5.93894761800766 39.077110279202465
      vertex 30.45 -6.200000002980232 39.05999999850989
      vertex 35.45 -6.200000002980232 39.05999999850989
    endloop
  endfacet
  facet normal 0 -0.5555702203832522 0.8314696207458842
    outer loop
      vertex 30.45 -4.982477143406868 39.47329331547022
      vertex 35.45 -5.200000002980232 39.32794919222594
      vertex 35.45 -4.982477143406868 39.47329331547022
    endloop
  endfacet
  facet normal 0 -0.4422887070837332 0.8968727332159226
    outer loop
      vertex 30.45 -5.200000002980232 39.32794919222594
      vertex 35.45 -5.434633135795593 39.21224093049765
      vertex 35.45 -5.200000002980232 39.32794919222594
    endloop
  endfacet
  facet normal 0 -0.321439457928675 0.9469301319984065
    outer loop
      vertex 30.45 -5.434633135795593 39.21224093049765
      vertex 35.45 -5.682361915707588 39.12814834326506
      vertex 35.45 -5.434633135795593 39.21224093049765
    endloop
  endfacet
  facet normal 0 -0.19509030209549946 0.9807852843656897
    outer loop
      vertex 30.45 -5.682361915707588 39.12814834326506
      vertex 35.45 -5.93894761800766 39.077110279202465
      vertex 35.45 -5.682361915707588 39.12814834326506
    endloop
  endfacet
  facet normal 0 -0.06540314219103631 0.9978589223891017
    outer loop
      vertex 30.45 -5.93894761800766 39.077110279202465
      vertex 35.45 -6.200000002980232 39.05999999850989
      vertex 35.45 -5.93894761800766 39.077110279202465
    endloop
  endfacet
  facet normal 0 0 1
    outer loop
      vertex 30.45 -6.200000002980232 39.05999999850989
      vertex 35.45 -12.600000001490116 39.05999999850989
      vertex 35.45 -6.200000002980232 39.05999999850989
    endloop
  endfacet
  facet normal 0 0 1
    outer loop
      vertex 30.45 -6.200000002980232 39.05999999850989
      vertex 30.45 -12.600000001490116 39.05999999850989
      vertex 35.45 -12.600000001490116 39.05999999850989
    endloop
  endfacet
  facet normal 0 0.06540314219103631 0.9978589223891017
    outer loop
      vertex 30.45 -12.600000001490116 39.05999999850989
      vertex 30.45 -12.861052386462688 39.077110279202465
      vertex 35.45 -12.861052386462688 39.077110279202465
    endloop
  endfacet
  facet normal 0 0.19509030209549946 0.9807852843656897
    outer loop
      vertex 30.45 -12.861052386462688 39.077110279202465
      vertex 30.45 -13.11763808876276 39.12814834326506
      vertex 35.45 -13.11763808876276 39.12814834326506
    endloop
  endfacet
  facet normal 0 0.321439457928675 0.9469301319984065
    outer loop
      vertex 30.45 -13.11763808876276 39.12814834326506
      vertex 30.45 -13.365366868674755 39.21224093049765
      vertex 35.45 -13.365366868674755 39.21224093049765
    endloop
  endfacet
  facet normal 0 0.4422887070837332 0.8968727332159226
    outer loop
      vertex 30.45 -13.365366868674755 39.21224093049765
      vertex 30.45 -13.600000001490116 39.32794919222594
      vertex 35.45 -13.600000001490116 39.32794919222594
    endloop
  endfacet
  facet normal 0 0.5555702203832522 0.8314696207458842
    outer loop
      vertex 30.45 -13.600000001490116 39.32794919222594
      vertex 30.45 -13.81752286106348 39.47329331547022
      vertex 35.45 -13.81752286106348 39.47329331547022
    endloop
  endfacet
  facet normal 0 0.06540314219103631 0.9978589223891017
    outer loop
      vertex 30.45 -12.600000001490116 39.05999999850989
      vertex 35.45 -12.861052386462688 39.077110279202465
      vertex 35.45 -12.600000001490116 39.05999999850989
    endloop
  endfacet
  facet normal 0 0.19509030209549946 0.9807852843656897
    outer loop
      vertex 30.45 -12.861052386462688 39.077110279202465
      vertex 35.45 -13.11763808876276 39.12814834326506
      vertex 35.45 -12.861052386462688 39.077110279202465
    endloop
  endfacet
  facet normal 0 0.321439457928675 0.9469301319984065
    outer loop
      vertex 30.45 -13.11763808876276 39.12814834326506
      vertex 35.45 -13.365366868674755 39.21224093049765
      vertex 35.45 -13.11763808876276 39.12814834326506
    endloop
  endfacet
  facet normal 0 0.4422887070837332 0.8968727332159226
    outer loop
      vertex 30.45 -13.365366868674755 39.21224093049765
      vertex 35.45 -13.600000001490116 39.32794919222594
      vertex 35.45 -13.365366868674755 39.21224093049765
    endloop
  endfacet
  facet normal 0 0.5555702203832522 0.8314696207458842
    outer loop
      vertex 30.45 -13.600000001490116 39.32794919222594
      vertex 35.45 -13.81752286106348 39.47329331547022
      vertex 35.45 -13.600000001490116 39.32794919222594
    endloop
  endfacet
  facet normal 0 -0.9807852843656897 0.19509030209549946
    outer loop
      vertex 30.45 -4.268148347735405 40.54236191123724
      vertex 35.45 -4.268148347735405 40.54236191123724
      vertex 30.45 -4.21711028367281 40.798947613537315
    endloop
  endfacet
  facet normal 0 -0.9469301319984065 0.321439457928675
    outer loop
      vertex 30.45 -4.268148347735405 40.54236191123724
      vertex 30.45 -4.352240934967995 40.29463313132525
      vertex 35.45 -4.352240934967995 40.29463313132525
    endloop
  endfacet
  facet normal 0 -0.8968727332159226 0.4422887070837332
    outer loop
      vertex 30.45 -4.467949196696281 40.05999999850989
      vertex 35.45 -4.467949196696281 40.05999999850989
      vertex 30.45 -4.352240934967995 40.29463313132525
    endloop
  endfacet
  facet normal 0 -0.8314696207458842 0.5555702203832522
    outer loop
      vertex 30.45 -4.467949196696281 40.05999999850989
      vertex 30.45 -4.613293319940567 39.84247713893652
      vertex 35.45 -4.613293319940567 39.84247713893652
    endloop
  endfacet
  facet normal 0 -0.7518397936522605 0.6593458308664175
    outer loop
      vertex 30.45 -4.613293319940567 39.84247713893652
      vertex 30.45 -4.78578644245863 39.645786437988285
      vertex 35.45 -4.78578644245863 39.645786437988285
    endloop
  endfacet
  facet normal 0 -0.9978589223891017 0.06540314219103631
    outer loop
      vertex 30.45 -4.21711028367281 40.798947613537315
      vertex 35.45 -4.21711028367281 40.798947613537315
      vertex 30.45 -4.200000002980232 41.05999999850989
    endloop
  endfacet
  facet normal 0 -0.6593458308664175 0.7518397936522605
    outer loop
      vertex 30.45 -4.982477143406868 39.47329331547022
      vertex 35.45 -4.982477143406868 39.47329331547022
      vertex 30.45 -4.78578644245863 39.645786437988285
    endloop
  endfacet
  facet normal 0 -1 0
    outer loop
      vertex 30.45 -4.200000002980232 41.05999999850989
      vertex 35.45 -4.200000002980232 41.05999999850989
      vertex 30.45 -4.200000002980232 48.05999999850989
    endloop
  endfacet
  facet normal 0 -0.9978589223891017 -0.06540314219103631
    outer loop
      vertex 30.45 -4.200000002980232 48.05999999850989
      vertex 35.45 -4.200000002980232 48.05999999850989
      vertex 30.45 -4.21711028367281 48.32105238348246
    endloop
  endfacet
  facet normal 0 -0.9807852843656897 -0.19509030209549946
    outer loop
      vertex 30.45 -4.21711028367281 48.32105238348246
      vertex 35.45 -4.21711028367281 48.32105238348246
      vertex 30.45 -4.268148347735405 48.57763808578253
    endloop
  endfacet
  facet normal 0 -0.9469301319984065 -0.321439457928675
    outer loop
      vertex 30.45 -4.268148347735405 48.57763808578253
      vertex 35.45 -4.268148347735405 48.57763808578253
      vertex 30.45 -4.352240934967995 48.82536686569453
    endloop
  endfacet
  facet normal 0 -0.8968727332159226 -0.4422887070837332
    outer loop
      vertex 30.45 -4.352240934967995 48.82536686569453
      vertex 35.45 -4.352240934967995 48.82536686569453
      vertex 30.45 -4.467949196696281 49.05999999850989
    endloop
  endfacet
  facet normal 0 -0.8314696207458842 -0.5555702203832522
    outer loop
      vertex 30.45 -4.467949196696281 49.05999999850989
      vertex 35.45 -4.467949196696281 49.05999999850989
      vertex 30.45 -4.613293319940567 49.27752285808325
    endloop
  endfacet
  facet normal 0 -0.7518397936522605 -0.6593458308664175
    outer loop
      vertex 30.45 -4.613293319940567 49.27752285808325
      vertex 35.45 -4.613293319940567 49.27752285808325
      vertex 30.45 -4.78578644245863 49.47421355903149
    endloop
  endfacet
  facet normal 0 -0.6593458308664175 -0.7518397936522605
    outer loop
      vertex 30.45 -4.78578644245863 49.47421355903149
      vertex 35.45 -4.78578644245863 49.47421355903149
      vertex 30.45 -4.982477143406868 49.64670668154955
    endloop
  endfacet
  facet normal 0 -0.5555702203832522 -0.8314696207458842
    outer loop
      vertex 30.45 -4.982477143406868 49.64670668154955
      vertex 35.45 -4.982477143406868 49.64670668154955
      vertex 30.45 -5.200000002980232 49.79205080479384
    endloop
  endfacet
  facet normal 0 -0.4422887070837332 -0.8968727332159226
    outer loop
      vertex 30.45 -5.200000002980232 49.79205080479384
      vertex 35.45 -5.200000002980232 49.79205080479384
      vertex 30.45 -5.434633135795593 49.907759066522125
    endloop
  endfacet
  facet normal 0 -0.321439457928675 -0.9469301319984065
    outer loop
      vertex 30.45 -5.434633135795593 49.907759066522125
      vertex 35.45 -5.434633135795593 49.907759066522125
      vertex 30.45 -5.682361915707588 49.991851653754715
    endloop
  endfacet
  facet normal 0 -0.19509030209549946 -0.9807852843656897
    outer loop
      vertex 30.45 -5.682361915707588 49.991851653754715
      vertex 35.45 -5.682361915707588 49.991851653754715
      vertex 30.45 -5.93894761800766 50.04288971781731
    endloop
  endfacet
  facet normal 0 -0.06540314219103631 -0.9978589223891017
    outer loop
      vertex 30.45 -5.93894761800766 50.04288971781731
      vertex 35.45 -5.93894761800766 50.04288971781731
      vertex 30.45 -6.200000002980232 50.05999999850989
    endloop
  endfacet
  facet normal 0 0 -1
    outer loop
      vertex 30.45 -6.200000002980232 50.05999999850989
      vertex 35.45 -6.200000002980232 50.05999999850989
      vertex 30.45 -12.600000001490116 50.05999999850989
    endloop
  endfacet
  facet normal 0 -0.9469301319984065 0.321439457928675
    outer loop
      vertex 30.45 -4.268148347735405 40.54236191123724
      vertex 35.45 -4.352240934967995 40.29463313132525
      vertex 35.45 -4.268148347735405 40.54236191123724
    endloop
  endfacet
  facet normal 0 -0.9807852843656897 0.19509030209549946
    outer loop
      vertex 30.45 -4.21711028367281 40.798947613537315
      vertex 35.45 -4.268148347735405 40.54236191123724
      vertex 35.45 -4.21711028367281 40.798947613537315
    endloop
  endfacet
  facet normal 0 -0.8968727332159226 0.4422887070837332
    outer loop
      vertex 30.45 -4.352240934967995 40.29463313132525
      vertex 35.45 -4.467949196696281 40.05999999850989
      vertex 35.45 -4.352240934967995 40.29463313132525
    endloop
  endfacet
  facet normal 0 -0.7518397936522605 0.6593458308664175
    outer loop
      vertex 30.45 -4.613293319940567 39.84247713893652
      vertex 35.45 -4.78578644245863 39.645786437988285
      vertex 35.45 -4.613293319940567 39.84247713893652
    endloop
  endfacet
  facet normal 0 -0.8314696207458842 0.5555702203832522
    outer loop
      vertex 30.45 -4.467949196696281 40.05999999850989
      vertex 35.45 -4.613293319940567 39.84247713893652
      vertex 35.45 -4.467949196696281 40.05999999850989
    endloop
  endfacet
  facet normal 0 -0.6593458308664175 0.7518397936522605
    outer loop
      vertex 35.45 -4.982477143406868 39.47329331547022
      vertex 35.45 -4.78578644245863 39.645786437988285
      vertex 30.45 -4.78578644245863 39.645786437988285
    endloop
  endfacet
  facet normal 0 -0.9978589223891017 0.06540314219103631
    outer loop
      vertex 30.45 -4.200000002980232 41.05999999850989
      vertex 35.45 -4.21711028367281 40.798947613537315
      vertex 35.45 -4.200000002980232 41.05999999850989
    endloop
  endfacet
  facet normal 0 -1 0
    outer loop
      vertex 30.45 -4.200000002980232 48.05999999850989
      vertex 35.45 -4.200000002980232 41.05999999850989
      vertex 35.45 -4.200000002980232 48.05999999850989
    endloop
  endfacet
  facet normal 0 -0.9978589223891017 -0.06540314219103631
    outer loop
      vertex 30.45 -4.21711028367281 48.32105238348246
      vertex 35.45 -4.200000002980232 48.05999999850989
      vertex 35.45 -4.21711028367281 48.32105238348246
    endloop
  endfacet
  facet normal 0 -0.9807852843656897 -0.19509030209549946
    outer loop
      vertex 30.45 -4.268148347735405 48.57763808578253
      vertex 35.45 -4.21711028367281 48.32105238348246
      vertex 35.45 -4.268148347735405 48.57763808578253
    endloop
  endfacet
  facet normal 0 -0.9469301319984065 -0.321439457928675
    outer loop
      vertex 30.45 -4.352240934967995 48.82536686569453
      vertex 35.45 -4.268148347735405 48.57763808578253
      vertex 35.45 -4.352240934967995 48.82536686569453
    endloop
  endfacet
  facet normal 0 -0.8968727332159226 -0.4422887070837332
    outer loop
      vertex 30.45 -4.467949196696281 49.05999999850989
      vertex 35.45 -4.352240934967995 48.82536686569453
      vertex 35.45 -4.467949196696281 49.05999999850989
    endloop
  endfacet
  facet normal 0 -0.8314696207458842 -0.5555702203832522
    outer loop
      vertex 30.45 -4.613293319940567 49.27752285808325
      vertex 35.45 -4.467949196696281 49.05999999850989
      vertex 35.45 -4.613293319940567 49.27752285808325
    endloop
  endfacet
  facet normal 0 -0.7518397936522605 -0.6593458308664175
    outer loop
      vertex 30.45 -4.78578644245863 49.47421355903149
      vertex 35.45 -4.613293319940567 49.27752285808325
      vertex 35.45 -4.78578644245863 49.47421355903149
    endloop
  endfacet
  facet normal 0 -0.6593458308664175 -0.7518397936522605
    outer loop
      vertex 30.45 -4.982477143406868 49.64670668154955
      vertex 35.45 -4.78578644245863 49.47421355903149
      vertex 35.45 -4.982477143406868 49.64670668154955
    endloop
  endfacet
  facet normal 0 -0.5555702203832522 -0.8314696207458842
    outer loop
      vertex 30.45 -5.200000002980232 49.79205080479384
      vertex 35.45 -4.982477143406868 49.64670668154955
      vertex 35.45 -5.200000002980232 49.79205080479384
    endloop
  endfacet
  facet normal 0 -0.4422887070837332 -0.8968727332159226
    outer loop
      vertex 30.45 -5.434633135795593 49.907759066522125
      vertex 35.45 -5.200000002980232 49.79205080479384
      vertex 35.45 -5.434633135795593 49.907759066522125
    endloop
  endfacet
  facet normal 0 -0.321439457928675 -0.9469301319984065
    outer loop
      vertex 30.45 -5.682361915707588 49.991851653754715
      vertex 35.45 -5.434633135795593 49.907759066522125
      vertex 35.45 -5.682361915707588 49.991851653754715
    endloop
  endfacet
  facet normal 0 -0.19509030209549946 -0.9807852843656897
    outer loop
      vertex 30.45 -5.93894761800766 50.04288971781731
      vertex 35.45 -5.682361915707588 49.991851653754715
      vertex 35.45 -5.93894761800766 50.04288971781731
    endloop
  endfacet
  facet normal 0 -0.06540314219103631 -0.9978589223891017
    outer loop
      vertex 30.45 -6.200000002980232 50.05999999850989
      vertex 35.45 -5.93894761800766 50.04288971781731
      vertex 35.45 -6.200000002980232 50.05999999850989
    endloop
  endfacet
  facet normal 0 0.6593458308664175 0.7518397936522605
    outer loop
      vertex 30.45 -13.81752286106348 39.47329331547022
      vertex 30.45 -14.014213562011719 39.645786437988285
      vertex 35.45 -14.014213562011719 39.645786437988285
    endloop
  endfacet
  facet normal 0 0.7518397936522605 0.6593458308664175
    outer loop
      vertex 30.45 -14.014213562011719 39.645786437988285
      vertex 30.45 -14.186706684529781 39.84247713893652
      vertex 35.45 -14.186706684529781 39.84247713893652
    endloop
  endfacet
  facet normal 0 0.8314696207458842 0.5555702203832522
    outer loop
      vertex 30.45 -14.186706684529781 39.84247713893652
      vertex 30.45 -14.332050807774067 40.05999999850989
      vertex 35.45 -14.332050807774067 40.05999999850989
    endloop
  endfacet
  facet normal 0 0.8968727332159226 0.4422887070837332
    outer loop
      vertex 30.45 -14.332050807774067 40.05999999850989
      vertex 30.45 -14.447759069502354 40.29463313132525
      vertex 35.45 -14.447759069502354 40.29463313132525
    endloop
  endfacet
  facet normal 0 0.9469301319984065 0.321439457928675
    outer loop
      vertex 30.45 -14.447759069502354 40.29463313132525
      vertex 30.45 -14.531851656734943 40.54236191123724
      vertex 35.45 -14.531851656734943 40.54236191123724
    endloop
  endfacet
  facet normal 0 0.9807852843656897 0.19509030209549946
    outer loop
      vertex 30.45 -14.531851656734943 40.54236191123724
      vertex 30.45 -14.582889720797539 40.798947613537315
      vertex 35.45 -14.582889720797539 40.798947613537315
    endloop
  endfacet
  facet normal 0 0.9978589223891017 0.06540314219103631
    outer loop
      vertex 30.45 -14.582889720797539 40.798947613537315
      vertex 30.45 -14.600000001490116 41.05999999850989
      vertex 35.45 -14.600000001490116 41.05999999850989
    endloop
  endfacet
  facet normal 0 1 0
    outer loop
      vertex 30.45 -14.600000001490116 41.05999999850989
      vertex 30.45 -14.600000001490116 48.05999999850989
      vertex 35.45 -14.600000001490116 48.05999999850989
    endloop
  endfacet
  facet normal 0 0.8314696207458842 -0.5555702203832522
    outer loop
      vertex 30.45 -14.186706684529781 49.27752285808325
      vertex 35.45 -14.186706684529781 49.27752285808325
      vertex 30.45 -14.332050807774067 49.05999999850989
    endloop
  endfacet
  facet normal 0 0.9978589223891017 -0.06540314219103631
    outer loop
      vertex 30.45 -14.600000001490116 48.05999999850989
      vertex 30.45 -14.582889720797539 48.32105238348246
      vertex 35.45 -14.582889720797539 48.32105238348246
    endloop
  endfacet
  facet normal 0 0.9807852843656897 -0.19509030209549946
    outer loop
      vertex 30.45 -14.582889720797539 48.32105238348246
      vertex 30.45 -14.531851656734943 48.57763808578253
      vertex 35.45 -14.531851656734943 48.57763808578253
    endloop
  endfacet
  facet normal 0 0.9469301319984065 -0.321439457928675
    outer loop
      vertex 30.45 -14.531851656734943 48.57763808578253
      vertex 30.45 -14.447759069502354 48.82536686569453
      vertex 35.45 -14.447759069502354 48.82536686569453
    endloop
  endfacet
  facet normal 0 0.8968727332159226 -0.4422887070837332
    outer loop
      vertex 30.45 -14.332050807774067 49.05999999850989
      vertex 35.45 -14.332050807774067 49.05999999850989
      vertex 30.45 -14.447759069502354 48.82536686569453
    endloop
  endfacet
  facet normal 0 0.06540314219103631 -0.9978589223891017
    outer loop
      vertex 30.45 -12.600000001490116 50.05999999850989
      vertex 35.45 -12.600000001490116 50.05999999850989
      vertex 30.45 -12.861052386462688 50.04288971781731
    endloop
  endfacet
  facet normal 0 0.19509030209549946 -0.9807852843656897
    outer loop
      vertex 30.45 -12.861052386462688 50.04288971781731
      vertex 35.45 -12.861052386462688 50.04288971781731
      vertex 30.45 -13.11763808876276 49.991851653754715
    endloop
  endfacet
  facet normal 0 0.321439457928675 -0.9469301319984065
    outer loop
      vertex 30.45 -13.11763808876276 49.991851653754715
      vertex 35.45 -13.11763808876276 49.991851653754715
      vertex 30.45 -13.365366868674755 49.907759066522125
    endloop
  endfacet
  facet normal 0 0.4422887070837332 -0.8968727332159226
    outer loop
      vertex 30.45 -13.365366868674755 49.907759066522125
      vertex 35.45 -13.365366868674755 49.907759066522125
      vertex 30.45 -13.600000001490116 49.79205080479384
    endloop
  endfacet
  facet normal 0 0.5555702203832522 -0.8314696207458842
    outer loop
      vertex 30.45 -13.600000001490116 49.79205080479384
      vertex 35.45 -13.600000001490116 49.79205080479384
      vertex 30.45 -13.81752286106348 49.64670668154955
    endloop
  endfacet
  facet normal 0 0.6593458308664175 -0.7518397936522605
    outer loop
      vertex 30.45 -13.81752286106348 49.64670668154955
      vertex 35.45 -13.81752286106348 49.64670668154955
      vertex 30.45 -14.014213562011719 49.47421355903149
    endloop
  endfacet
  facet normal 0 0.7518397936522605 -0.6593458308664175
    outer loop
      vertex 30.45 -14.186706684529781 49.27752285808325
      vertex 30.45 -14.014213562011719 49.47421355903149
      vertex 35.45 -14.014213562011719 49.47421355903149
    endloop
  endfacet
  facet normal 0 0.6593458308664175 0.7518397936522605
    outer loop
      vertex 30.45 -13.81752286106348 39.47329331547022
      vertex 35.45 -14.014213562011719 39.645786437988285
      vertex 35.45 -13.81752286106348 39.47329331547022
    endloop
  endfacet
  facet normal 0 0.7518397936522605 0.6593458308664175
    outer loop
      vertex 30.45 -14.014213562011719 39.645786437988285
      vertex 35.45 -14.186706684529781 39.84247713893652
      vertex 35.45 -14.014213562011719 39.645786437988285
    endloop
  endfacet
  facet normal 0 0.8314696207458842 0.5555702203832522
    outer loop
      vertex 30.45 -14.186706684529781 39.84247713893652
      vertex 35.45 -14.332050807774067 40.05999999850989
      vertex 35.45 -14.186706684529781 39.84247713893652
    endloop
  endfacet
  facet normal 0 0.8968727332159226 0.4422887070837332
    outer loop
      vertex 30.45 -14.332050807774067 40.05999999850989
      vertex 35.45 -14.447759069502354 40.29463313132525
      vertex 35.45 -14.332050807774067 40.05999999850989
    endloop
  endfacet
  facet normal 0 0.9469301319984065 0.321439457928675
    outer loop
      vertex 30.45 -14.447759069502354 40.29463313132525
      vertex 35.45 -14.531851656734943 40.54236191123724
      vertex 35.45 -14.447759069502354 40.29463313132525
    endloop
  endfacet
  facet normal 0 0.9807852843656897 0.19509030209549946
    outer loop
      vertex 30.45 -14.531851656734943 40.54236191123724
      vertex 35.45 -14.582889720797539 40.798947613537315
      vertex 35.45 -14.531851656734943 40.54236191123724
    endloop
  endfacet
  facet normal 0 0.9978589223891017 0.06540314219103631
    outer loop
      vertex 30.45 -14.582889720797539 40.798947613537315
      vertex 35.45 -14.600000001490116 41.05999999850989
      vertex 35.45 -14.582889720797539 40.798947613537315
    endloop
  endfacet
  facet normal 0 1 0
    outer loop
      vertex 30.45 -14.600000001490116 41.05999999850989
      vertex 35.45 -14.600000001490116 48.05999999850989
      vertex 35.45 -14.600000001490116 41.05999999850989
    endloop
  endfacet
  facet normal 0 0.7518397936522605 -0.6593458308664175
    outer loop
      vertex 30.45 -14.186706684529781 49.27752285808325
      vertex 35.45 -14.014213562011719 49.47421355903149
      vertex 35.45 -14.186706684529781 49.27752285808325
    endloop
  endfacet
  facet normal 0 0.9978589223891017 -0.06540314219103631
    outer loop
      vertex 30.45 -14.600000001490116 48.05999999850989
      vertex 35.45 -14.582889720797539 48.32105238348246
      vertex 35.45 -14.600000001490116 48.05999999850989
    endloop
  endfacet
  facet normal 0 0.9807852843656897 -0.19509030209549946
    outer loop
      vertex 30.45 -14.582889720797539 48.32105238348246
      vertex 35.45 -14.531851656734943 48.57763808578253
      vertex 35.45 -14.582889720797539 48.32105238348246
    endloop
  endfacet
  facet normal 0 0.9469301319984065 -0.321439457928675
    outer loop
      vertex 30.45 -14.531851656734943 48.57763808578253
      vertex 35.45 -14.447759069502354 48.82536686569453
      vertex 35.45 -14.531851656734943 48.57763808578253
    endloop
  endfacet
  facet normal 0 0.8968727332159226 -0.4422887070837332
    outer loop
      vertex 30.45 -14.447759069502354 48.82536686569453
      vertex 35.45 -14.332050807774067 49.05999999850989
      vertex 35.45 -14.447759069502354 48.82536686569453
    endloop
  endfacet
  facet normal 0 0.8314696207458842 -0.5555702203832522
    outer loop
      vertex 30.45 -14.332050807774067 49.05999999850989
      vertex 35.45 -14.186706684529781 49.27752285808325
      vertex 35.45 -14.332050807774067 49.05999999850989
    endloop
  endfacet
  facet normal 0 0 -1
    outer loop
      vertex 35.45 -6.200000002980232 50.05999999850989
      vertex 35.45 -12.600000001490116 50.05999999850989
      vertex 30.45 -12.600000001490116 50.05999999850989
    endloop
  endfacet
  facet normal 0 0.06540314219103631 -0.9978589223891017
    outer loop
      vertex 30.45 -12.861052386462688 50.04288971781731
      vertex 35.45 -12.600000001490116 50.05999999850989
      vertex 35.45 -12.861052386462688 50.04288971781731
    endloop
  endfacet
  facet normal 0 0.19509030209549946 -0.9807852843656897
    outer loop
      vertex 30.45 -13.11763808876276 49.991851653754715
      vertex 35.45 -12.861052386462688 50.04288971781731
      vertex 35.45 -13.11763808876276 49.991851653754715
    endloop
  endfacet
  facet normal 0 0.321439457928675 -0.9469301319984065
    outer loop
      vertex 30.45 -13.365366868674755 49.907759066522125
      vertex 35.45 -13.11763808876276 49.991851653754715
      vertex 35.45 -13.365366868674755 49.907759066522125
    endloop
  endfacet
  facet normal 0 0.4422887070837332 -0.8968727332159226
    outer loop
      vertex 30.45 -13.600000001490116 49.79205080479384
      vertex 35.45 -13.365366868674755 49.907759066522125
      vertex 35.45 -13.600000001490116 49.79205080479384
    endloop
  endfacet
  facet normal 0 0.5555702203832522 -0.8314696207458842
    outer loop
      vertex 30.45 -13.81752286106348 49.64670668154955
      vertex 35.45 -13.600000001490116 49.79205080479384
      vertex 35.45 -13.81752286106348 49.64670668154955
    endloop
  endfacet
  facet normal 0 0.6593458308664175 -0.7518397936522605
    outer loop
      vertex 30.45 -14.014213562011719 49.47421355903149
      vertex 35.45 -13.81752286106348 49.64670668154955
      vertex 35.45 -14.014213562011719 49.47421355903149
    endloop
  endfacet
  facet normal 0.7518398074789867 0 0.6593458151000583
    outer loop
      vertex 12.361631654490338 -6.8000000000000025 73.43466749923475
      vertex 12.361631654490338 -10.800000000000002 73.43466749923475
      vertex 12.512563132923542 -6.8000000000000025 73.26256313292355
    endloop
  endfacet
  facet normal 0.8968727415326935 0 0.4422886902189906
    outer loop
      vertex 12.133210818105248 -6.8000000000000025 73.8303039933611
      vertex 12.133210818105248 -10.800000000000002 73.8303039933611
      vertex 12.234455543377232 -6.8000000000000025 73.625
    endloop
  endfacet
  facet normal 0.9469301294951075 1.0991265398078143e-20 0.32143946530315626
    outer loop
      vertex 12.133210818105248 -6.8000000000000025 73.8303039933611
      vertex 12.059629803994131 -6.8000000000000025 74.0470666710706
      vertex 12.059629803994131 -10.800000000000002 74.0470666710706
    endloop
  endfacet
  facet normal 0.8314696123025307 -6.501565284656238e-19 0.5555702330196239
    outer loop
      vertex 12.361631654490338 -6.8000000000000025 73.43466749923475
      vertex 12.234455543377232 -6.8000000000000025 73.625
      vertex 12.234455543377232 -10.800000000000002 73.625
    endloop
  endfacet
  facet normal 0.19509032201616805 0 0.9807852804032225
    outer loop
      vertex 13.297066671070588 -6.8000000000000025 72.80962980399414
      vertex 13.297066671070588 -10.800000000000002 72.80962980399414
      vertex 13.52157916361491 -6.8000000000000025 72.76497149259583
    endloop
  endfacet
  facet normal 0.0654031292301505 0 0.997858923238603
    outer loop
      vertex 13.52157916361491 -6.8000000000000025 72.76497149259583
      vertex 13.52157916361491 -10.800000000000002 72.76497149259583
      vertex 13.75 -6.8000000000000025 72.75
    endloop
  endfacet
  facet normal 0.5555702330195864 0 0.8314696123025559
    outer loop
      vertex 12.684667499234738 -6.8000000000000025 73.11163165449034
      vertex 12.684667499234738 -10.800000000000002 73.11163165449034
      vertex 12.875 -6.8000000000000025 72.98445554337724
    endloop
  endfacet
  facet normal 0.6593458151000825 -1.0223253878145513e-18 0.7518398074789655
    outer loop
      vertex 12.684667499234738 -6.8000000000000025 73.11163165449034
      vertex 12.512563132923542 -6.8000000000000025 73.26256313292355
      vertex 12.512563132923542 -10.800000000000002 73.26256313292355
    endloop
  endfacet
  facet normal 0.4422886902189936 0 0.896872741532692
    outer loop
      vertex 12.875 -6.8000000000000025 72.98445554337724
      vertex 12.875 -10.800000000000002 72.98445554337724
      vertex 13.080303993361094 -6.8000000000000025 72.88321081810525
    endloop
  endfacet
  facet normal 0.3214394653031447 -1.3589078996170709e-18 0.9469301294951114
    outer loop
      vertex 13.297066671070588 -6.8000000000000025 72.80962980399414
      vertex 13.080303993361094 -6.8000000000000025 72.88321081810525
      vertex 13.080303993361094 -10.800000000000002 72.88321081810525
    endloop
  endfacet
  facet normal 0.98078528040323 4.8325697122054864e-20 0.19509032201613072
    outer loop
      vertex 12.059629803994131 -6.8000000000000025 74.0470666710706
      vertex 12.014971492595832 -6.8000000000000025 74.27157916361492
      vertex 12.014971492595832 -10.800000000000002 74.27157916361492
    endloop
  endfacet
  facet normal 0.9978589232386034 -1.5921163112912074e-20 0.0654031292301448
    outer loop
      vertex 12.014971492595832 -6.8000000000000025 74.27157916361492
      vertex 12 -6.8000000000000025 74.5
      vertex 12 -10.800000000000002 74.5
    endloop
  endfacet
  facet normal 0.9978589232386037 -1.802255538273633e-19 -0.06540312923014074
    outer loop
      vertex 12 -6.8000000000000025 74.5
      vertex 12.014971492595832 -6.8000000000000025 74.7284208363851
      vertex 12.014971492595832 -10.800000000000002 74.7284208363851
    endloop
  endfacet
  facet normal 0.98078528040323 -4.8325697122054864e-20 -0.19509032201613072
    outer loop
      vertex 12.014971492595832 -6.8000000000000025 74.7284208363851
      vertex 12.059629803994131 -6.8000000000000025 74.95293332892942
      vertex 12.059629803994131 -10.800000000000002 74.95293332892942
    endloop
  endfacet
  facet normal 0.9469301294951075 -1.0991265398078143e-20 -0.32143946530315626
    outer loop
      vertex 12.059629803994131 -6.8000000000000025 74.95293332892942
      vertex 12.133210818105248 -6.8000000000000025 75.16969600663892
      vertex 12.133210818105248 -10.800000000000002 75.16969600663892
    endloop
  endfacet
  facet normal 0.8968727415326815 1.165484698021016e-18 -0.44228869021901523
    outer loop
      vertex 12.133210818105248 -6.8000000000000025 75.16969600663892
      vertex 12.234455543377232 -6.8000000000000025 75.375
      vertex 12.234455543377232 -10.800000000000002 75.375
    endloop
  endfacet
  facet normal 0.8314696123025498 3.2183705307642777e-19 -0.5555702330195953
    outer loop
      vertex 12.234455543377232 -6.8000000000000025 75.375
      vertex 12.361631654490338 -6.8000000000000025 75.56533250076527
      vertex 12.361631654490338 -10.800000000000002 75.56533250076527
    endloop
  endfacet
  facet normal 0.7518398074789867 5.403421122124802e-19 -0.6593458151000583
    outer loop
      vertex 12.361631654490338 -6.8000000000000025 75.56533250076527
      vertex 12.512563132923542 -6.8000000000000025 75.73743686707647
      vertex 12.512563132923542 -10.800000000000002 75.73743686707647
    endloop
  endfacet
  facet normal 0.6593458151000473 1.2516237513005613e-18 -0.7518398074789961
    outer loop
      vertex 12.512563132923542 -6.8000000000000025 75.73743686707647
      vertex 12.684667499234738 -6.8000000000000025 75.88836834550966
      vertex 12.684667499234738 -10.800000000000002 75.88836834550966
    endloop
  endfacet
  facet normal 0.5555702330195864 -1.872263215069631e-18 -0.8314696123025559
    outer loop
      vertex 12.684667499234738 -6.8000000000000025 75.88836834550966
      vertex 12.875 -6.8000000000000025 76.01554445662276
      vertex 12.875 -10.800000000000002 76.01554445662276
    endloop
  endfacet
  facet normal 0.4422886902189936 1.4339489020568757e-18 -0.896872741532692
    outer loop
      vertex 12.875 -6.8000000000000025 76.01554445662276
      vertex 13.080303993361094 -6.8000000000000025 76.11678918189475
      vertex 13.080303993361094 -10.800000000000002 76.11678918189475
    endloop
  endfacet
  facet normal 0.321439465303256 2.9741931174590407e-19 -0.9469301294950736
    outer loop
      vertex 13.080303993361094 -6.8000000000000025 76.11678918189475
      vertex 13.297066671070588 -6.8000000000000025 76.19037019600589
      vertex 13.297066671070588 -10.800000000000002 76.19037019600589
    endloop
  endfacet
  facet normal 0.19509032201604862 1.2461542128027775e-19 -0.9807852804032463
    outer loop
      vertex 13.297066671070588 -6.8000000000000025 76.19037019600589
      vertex 13.52157916361491 -6.8000000000000025 76.23502850740417
      vertex 13.52157916361491 -10.800000000000002 76.23502850740417
    endloop
  endfacet
  facet normal 0.0654031292301505 -2.92254681541486e-20 -0.997858923238603
    outer loop
      vertex 13.52157916361491 -6.8000000000000025 76.23502850740417
      vertex 13.75 -6.8000000000000025 76.25
      vertex 13.75 -10.800000000000002 76.25
    endloop
  endfacet
  facet normal 0.7518398074789867 0 0.6593458151000583
    outer loop
      vertex 12.512563132923542 -6.8000000000000025 73.26256313292355
      vertex 12.361631654490338 -10.800000000000002 73.43466749923475
      vertex 12.512563132923542 -10.800000000000002 73.26256313292355
    endloop
  endfacet
  facet normal 0.9469301294951075 0 0.32143946530315626
    outer loop
      vertex 12.133210818105248 -6.8000000000000025 73.8303039933611
      vertex 12.059629803994131 -10.800000000000002 74.0470666710706
      vertex 12.133210818105248 -10.800000000000002 73.8303039933611
    endloop
  endfacet
  facet normal 0.8314696123025307 0 0.5555702330196239
    outer loop
      vertex 12.361631654490338 -6.8000000000000025 73.43466749923475
      vertex 12.234455543377232 -10.800000000000002 73.625
      vertex 12.361631654490338 -10.800000000000002 73.43466749923475
    endloop
  endfacet
  facet normal 0.8968727415326935 0 0.4422886902189906
    outer loop
      vertex 12.234455543377232 -6.8000000000000025 73.625
      vertex 12.133210818105248 -10.800000000000002 73.8303039933611
      vertex 12.234455543377232 -10.800000000000002 73.625
    endloop
  endfacet
  facet normal 0.19509032201616805 0 0.9807852804032225
    outer loop
      vertex 13.52157916361491 -6.8000000000000025 72.76497149259583
      vertex 13.297066671070588 -10.800000000000002 72.80962980399414
      vertex 13.52157916361491 -10.800000000000002 72.76497149259583
    endloop
  endfacet
  facet normal 0.0654031292301505 2.92254681541486e-20 0.997858923238603
    outer loop
      vertex 13.52157916361491 -10.800000000000002 72.76497149259583
      vertex 13.75 -10.800000000000002 72.75
      vertex 13.75 -6.8000000000000025 72.75
    endloop
  endfacet
  facet normal 0.5555702330195864 0 0.8314696123025559
    outer loop
      vertex 12.875 -6.8000000000000025 72.98445554337724
      vertex 12.684667499234738 -10.800000000000002 73.11163165449034
      vertex 12.875 -10.800000000000002 72.98445554337724
    endloop
  endfacet
  facet normal 0.6593458151000825 0 0.7518398074789655
    outer loop
      vertex 12.684667499234738 -6.8000000000000025 73.11163165449034
      vertex 12.512563132923542 -10.800000000000002 73.26256313292355
      vertex 12.684667499234738 -10.800000000000002 73.11163165449034
    endloop
  endfacet
  facet normal 0.4422886902189936 0 0.896872741532692
    outer loop
      vertex 13.080303993361094 -6.8000000000000025 72.88321081810525
      vertex 12.875 -10.800000000000002 72.98445554337724
      vertex 13.080303993361094 -10.800000000000002 72.88321081810525
    endloop
  endfacet
  facet normal 0.3214394653031447 0 0.9469301294951114
    outer loop
      vertex 13.297066671070588 -6.8000000000000025 72.80962980399414
      vertex 13.080303993361094 -10.800000000000002 72.88321081810525
      vertex 13.297066671070588 -10.800000000000002 72.80962980399414
    endloop
  endfacet
  facet normal 0.9978589232386034 0 0.0654031292301448
    outer loop
      vertex 12.014971492595832 -6.8000000000000025 74.27157916361492
      vertex 12 -10.800000000000002 74.5
      vertex 12.014971492595832 -10.800000000000002 74.27157916361492
    endloop
  endfacet
  facet normal 0.98078528040323 0 0.19509032201613072
    outer loop
      vertex 12.059629803994131 -6.8000000000000025 74.0470666710706
      vertex 12.014971492595832 -10.800000000000002 74.27157916361492
      vertex 12.059629803994131 -10.800000000000002 74.0470666710706
    endloop
  endfacet
  facet normal 0.9978589232386037 0 -0.06540312923014074
    outer loop
      vertex 12 -6.8000000000000025 74.5
      vertex 12.014971492595832 -10.800000000000002 74.7284208363851
      vertex 12 -10.800000000000002 74.5
    endloop
  endfacet
  facet normal 0.98078528040323 0 -0.19509032201613072
    outer loop
      vertex 12.014971492595832 -6.8000000000000025 74.7284208363851
      vertex 12.059629803994131 -10.800000000000002 74.95293332892942
      vertex 12.014971492595832 -10.800000000000002 74.7284208363851
    endloop
  endfacet
  facet normal 0.9469301294951075 0 -0.32143946530315626
    outer loop
      vertex 12.059629803994131 -6.8000000000000025 74.95293332892942
      vertex 12.133210818105248 -10.800000000000002 75.16969600663892
      vertex 12.059629803994131 -10.800000000000002 74.95293332892942
    endloop
  endfacet
  facet normal 0.8968727415326815 0 -0.44228869021901523
    outer loop
      vertex 12.133210818105248 -6.8000000000000025 75.16969600663892
      vertex 12.234455543377232 -10.800000000000002 75.375
      vertex 12.133210818105248 -10.800000000000002 75.16969600663892
    endloop
  endfacet
  facet normal 0.8314696123025498 0 -0.5555702330195953
    outer loop
      vertex 12.234455543377232 -6.8000000000000025 75.375
      vertex 12.361631654490338 -10.800000000000002 75.56533250076527
      vertex 12.234455543377232 -10.800000000000002 75.375
    endloop
  endfacet
  facet normal 0.7518398074789867 0 -0.6593458151000583
    outer loop
      vertex 12.361631654490338 -6.8000000000000025 75.56533250076527
      vertex 12.512563132923542 -10.800000000000002 75.73743686707647
      vertex 12.361631654490338 -10.800000000000002 75.56533250076527
    endloop
  endfacet
  facet normal 0.6593458151000473 0 -0.7518398074789961
    outer loop
      vertex 12.512563132923542 -6.8000000000000025 75.73743686707647
      vertex 12.684667499234738 -10.800000000000002 75.88836834550966
      vertex 12.512563132923542 -10.800000000000002 75.73743686707647
    endloop
  endfacet
  facet normal 0.5555702330195864 0 -0.8314696123025559
    outer loop
      vertex 12.684667499234738 -6.8000000000000025 75.88836834550966
      vertex 12.875 -10.800000000000002 76.01554445662276
      vertex 12.684667499234738 -10.800000000000002 75.88836834550966
    endloop
  endfacet
  facet normal 0.4422886902189936 0 -0.896872741532692
    outer loop
      vertex 12.875 -6.8000000000000025 76.01554445662276
      vertex 13.080303993361094 -10.800000000000002 76.11678918189475
      vertex 12.875 -10.800000000000002 76.01554445662276
    endloop
  endfacet
  facet normal 0.321439465303256 0 -0.9469301294950736
    outer loop
      vertex 13.080303993361094 -6.8000000000000025 76.11678918189475
      vertex 13.297066671070588 -10.800000000000002 76.19037019600589
      vertex 13.080303993361094 -10.800000000000002 76.11678918189475
    endloop
  endfacet
  facet normal 0.19509032201604862 0 -0.9807852804032463
    outer loop
      vertex 13.297066671070588 -6.8000000000000025 76.19037019600589
      vertex 13.52157916361491 -10.800000000000002 76.23502850740417
      vertex 13.297066671070588 -10.800000000000002 76.19037019600589
    endloop
  endfacet
  facet normal 0.0654031292301505 0 -0.997858923238603
    outer loop
      vertex 13.52157916361491 -6.8000000000000025 76.23502850740417
      vertex 13.75 -10.800000000000002 76.25
      vertex 13.52157916361491 -10.800000000000002 76.23502850740417
    endloop
  endfacet
  facet normal -0.0654031292301505 0 0.997858923238603
    outer loop
      vertex 13.75 -6.8000000000000025 72.75
      vertex 13.75 -10.800000000000002 72.75
      vertex 13.97842083638509 -6.8000000000000025 72.76497149259583
    endloop
  endfacet
  facet normal -0.19509032201616805 0 0.9807852804032225
    outer loop
      vertex 13.97842083638509 -6.8000000000000025 72.76497149259583
      vertex 13.97842083638509 -10.800000000000002 72.76497149259583
      vertex 14.202933328929412 -6.8000000000000025 72.80962980399414
    endloop
  endfacet
  facet normal -0.3214394653031447 0 0.9469301294951114
    outer loop
      vertex 14.202933328929412 -6.8000000000000025 72.80962980399414
      vertex 14.202933328929412 -10.800000000000002 72.80962980399414
      vertex 14.419696006638906 -6.8000000000000025 72.88321081810525
    endloop
  endfacet
  facet normal -0.4422886902189936 0 0.896872741532692
    outer loop
      vertex 14.419696006638906 -6.8000000000000025 72.88321081810525
      vertex 14.419696006638906 -10.800000000000002 72.88321081810525
      vertex 14.625 -6.8000000000000025 72.98445554337724
    endloop
  endfacet
  facet normal -0.5555702330195864 0 0.8314696123025559
    outer loop
      vertex 14.625 -6.8000000000000025 72.98445554337724
      vertex 14.625 -10.800000000000002 72.98445554337724
      vertex 14.815332500765262 -6.8000000000000025 73.11163165449034
    endloop
  endfacet
  facet normal -0.6593458151000825 0 0.7518398074789655
    outer loop
      vertex 14.815332500765262 -6.8000000000000025 73.11163165449034
      vertex 14.815332500765262 -10.800000000000002 73.11163165449034
      vertex 14.987436867076458 -6.8000000000000025 73.26256313292355
    endloop
  endfacet
  facet normal -0.7518398074789867 0 0.6593458151000583
    outer loop
      vertex 14.987436867076458 -6.8000000000000025 73.26256313292355
      vertex 14.987436867076458 -10.800000000000002 73.26256313292355
      vertex 15.138368345509662 -6.8000000000000025 73.43466749923475
    endloop
  endfacet
  facet normal -0.8314696123025307 0 0.5555702330196239
    outer loop
      vertex 15.138368345509662 -6.8000000000000025 73.43466749923475
      vertex 15.138368345509662 -10.800000000000002 73.43466749923475
      vertex 15.265544456622768 -6.8000000000000025 73.625
    endloop
  endfacet
  facet normal -0.8968727415326935 0 0.4422886902189906
    outer loop
      vertex 15.265544456622768 -6.8000000000000025 73.625
      vertex 15.265544456622768 -10.800000000000002 73.625
      vertex 15.366789181894752 -6.8000000000000025 73.8303039933611
    endloop
  endfacet
  facet normal -0.9469301294951075 0 0.32143946530315626
    outer loop
      vertex 15.366789181894752 -6.8000000000000025 73.8303039933611
      vertex 15.366789181894752 -10.800000000000002 73.8303039933611
      vertex 15.440370196005869 -6.8000000000000025 74.0470666710706
    endloop
  endfacet
  facet normal -0.0654031292301505 2.92254681541486e-20 -0.997858923238603
    outer loop
      vertex 13.75 -6.8000000000000025 76.25
      vertex 13.97842083638509 -6.8000000000000025 76.23502850740417
      vertex 13.97842083638509 -10.800000000000002 76.23502850740417
    endloop
  endfacet
  facet normal -0.19509032201604862 -1.2461542128027775e-19 -0.9807852804032463
    outer loop
      vertex 13.97842083638509 -6.8000000000000025 76.23502850740417
      vertex 14.202933328929412 -6.8000000000000025 76.19037019600589
      vertex 14.202933328929412 -10.800000000000002 76.19037019600589
    endloop
  endfacet
  facet normal -0.321439465303256 -2.9741931174590407e-19 -0.9469301294950736
    outer loop
      vertex 14.202933328929412 -6.8000000000000025 76.19037019600589
      vertex 14.419696006638906 -6.8000000000000025 76.11678918189475
      vertex 14.419696006638906 -10.800000000000002 76.11678918189475
    endloop
  endfacet
  facet normal -0.6593458151000473 -1.2516237513005613e-18 -0.7518398074789961
    outer loop
      vertex 14.815332500765262 -6.8000000000000025 75.88836834550966
      vertex 14.987436867076458 -6.8000000000000025 75.73743686707647
      vertex 14.987436867076458 -10.800000000000002 75.73743686707647
    endloop
  endfacet
  facet normal -0.4422886902189936 -1.4339489020568757e-18 -0.896872741532692
    outer loop
      vertex 14.419696006638906 -6.8000000000000025 76.11678918189475
      vertex 14.625 -6.8000000000000025 76.01554445662276
      vertex 14.625 -10.800000000000002 76.01554445662276
    endloop
  endfacet
  facet normal -0.5555702330195864 0 -0.8314696123025559
    outer loop
      vertex 14.815332500765262 -6.8000000000000025 75.88836834550966
      vertex 14.815332500765262 -10.800000000000002 75.88836834550966
      vertex 14.625 -6.8000000000000025 76.01554445662276
    endloop
  endfacet
  facet normal -0.98078528040323 0 0.19509032201613072
    outer loop
      vertex 15.440370196005869 -6.8000000000000025 74.0470666710706
      vertex 15.440370196005869 -10.800000000000002 74.0470666710706
      vertex 15.485028507404168 -6.8000000000000025 74.27157916361492
    endloop
  endfacet
  facet normal -0.9978589232386034 0 0.0654031292301448
    outer loop
      vertex 15.485028507404168 -6.8000000000000025 74.27157916361492
      vertex 15.485028507404168 -10.800000000000002 74.27157916361492
      vertex 15.5 -6.8000000000000025 74.5
    endloop
  endfacet
  facet normal -0.9978589232386037 0 -0.06540312923014074
    outer loop
      vertex 15.5 -6.8000000000000025 74.5
      vertex 15.5 -10.800000000000002 74.5
      vertex 15.485028507404168 -6.8000000000000025 74.7284208363851
    endloop
  endfacet
  facet normal -0.98078528040323 4.8325697122054864e-20 -0.19509032201613072
    outer loop
      vertex 15.440370196005869 -6.8000000000000025 74.95293332892942
      vertex 15.485028507404168 -6.8000000000000025 74.7284208363851
      vertex 15.485028507404168 -10.800000000000002 74.7284208363851
    endloop
  endfacet
  facet normal -0.9469301294951075 0 -0.32143946530315626
    outer loop
      vertex 15.440370196005869 -6.8000000000000025 74.95293332892942
      vertex 15.440370196005869 -10.800000000000002 74.95293332892942
      vertex 15.366789181894752 -6.8000000000000025 75.16969600663892
    endloop
  endfacet
  facet normal -0.8968727415326815 0 -0.44228869021901523
    outer loop
      vertex 15.366789181894752 -6.8000000000000025 75.16969600663892
      vertex 15.366789181894752 -10.800000000000002 75.16969600663892
      vertex 15.265544456622768 -6.8000000000000025 75.375
    endloop
  endfacet
  facet normal -0.8314696123025498 -3.2183705307642777e-19 -0.5555702330195953
    outer loop
      vertex 15.138368345509662 -6.8000000000000025 75.56533250076527
      vertex 15.265544456622768 -6.8000000000000025 75.375
      vertex 15.265544456622768 -10.800000000000002 75.375
    endloop
  endfacet
  facet normal -0.7518398074789867 -5.403421122124802e-19 -0.6593458151000583
    outer loop
      vertex 14.987436867076458 -6.8000000000000025 75.73743686707647
      vertex 15.138368345509662 -6.8000000000000025 75.56533250076527
      vertex 15.138368345509662 -10.800000000000002 75.56533250076527
    endloop
  endfacet
  facet normal -0.0654031292301505 0 0.997858923238603
    outer loop
      vertex 13.97842083638509 -6.8000000000000025 72.76497149259583
      vertex 13.75 -10.800000000000002 72.75
      vertex 13.97842083638509 -10.800000000000002 72.76497149259583
    endloop
  endfacet
  facet normal -0.19509032201616805 0 0.9807852804032225
    outer loop
      vertex 14.202933328929412 -6.8000000000000025 72.80962980399414
      vertex 13.97842083638509 -10.800000000000002 72.76497149259583
      vertex 14.202933328929412 -10.800000000000002 72.80962980399414
    endloop
  endfacet
  facet normal -0.3214394653031447 0 0.9469301294951114
    outer loop
      vertex 14.419696006638906 -6.8000000000000025 72.88321081810525
      vertex 14.202933328929412 -10.800000000000002 72.80962980399414
      vertex 14.419696006638906 -10.800000000000002 72.88321081810525
    endloop
  endfacet
  facet normal -0.4422886902189936 0 0.896872741532692
    outer loop
      vertex 14.625 -6.8000000000000025 72.98445554337724
      vertex 14.419696006638906 -10.800000000000002 72.88321081810525
      vertex 14.625 -10.800000000000002 72.98445554337724
    endloop
  endfacet
  facet normal -0.5555702330195864 0 0.8314696123025559
    outer loop
      vertex 14.815332500765262 -6.8000000000000025 73.11163165449034
      vertex 14.625 -10.800000000000002 72.98445554337724
      vertex 14.815332500765262 -10.800000000000002 73.11163165449034
    endloop
  endfacet
  facet normal -0.6593458151000825 0 0.7518398074789655
    outer loop
      vertex 14.987436867076458 -6.8000000000000025 73.26256313292355
      vertex 14.815332500765262 -10.800000000000002 73.11163165449034
      vertex 14.987436867076458 -10.800000000000002 73.26256313292355
    endloop
  endfacet
  facet normal -0.7518398074789867 0 0.6593458151000583
    outer loop
      vertex 15.138368345509662 -6.8000000000000025 73.43466749923475
      vertex 14.987436867076458 -10.800000000000002 73.26256313292355
      vertex 15.138368345509662 -10.800000000000002 73.43466749923475
    endloop
  endfacet
  facet normal -0.8314696123025307 0 0.5555702330196239
    outer loop
      vertex 15.265544456622768 -6.8000000000000025 73.625
      vertex 15.138368345509662 -10.800000000000002 73.43466749923475
      vertex 15.265544456622768 -10.800000000000002 73.625
    endloop
  endfacet
  facet normal -0.8968727415326935 0 0.4422886902189906
    outer loop
      vertex 15.366789181894752 -6.8000000000000025 73.8303039933611
      vertex 15.265544456622768 -10.800000000000002 73.625
      vertex 15.366789181894752 -10.800000000000002 73.8303039933611
    endloop
  endfacet
  facet normal -0.9469301294951075 0 0.32143946530315626
    outer loop
      vertex 15.440370196005869 -6.8000000000000025 74.0470666710706
      vertex 15.366789181894752 -10.800000000000002 73.8303039933611
      vertex 15.440370196005869 -10.800000000000002 74.0470666710706
    endloop
  endfacet
  facet normal -0.19509032201604862 0 -0.9807852804032463
    outer loop
      vertex 13.97842083638509 -6.8000000000000025 76.23502850740417
      vertex 14.202933328929412 -10.800000000000002 76.19037019600589
      vertex 13.97842083638509 -10.800000000000002 76.23502850740417
    endloop
  endfacet
  facet normal -0.0654031292301505 0 -0.997858923238603
    outer loop
      vertex 13.75 -6.8000000000000025 76.25
      vertex 13.97842083638509 -10.800000000000002 76.23502850740417
      vertex 13.75 -10.800000000000002 76.25
    endloop
  endfacet
  facet normal -0.321439465303256 0 -0.9469301294950736
    outer loop
      vertex 14.202933328929412 -6.8000000000000025 76.19037019600589
      vertex 14.419696006638906 -10.800000000000002 76.11678918189475
      vertex 14.202933328929412 -10.800000000000002 76.19037019600589
    endloop
  endfacet
  facet normal -0.6593458151000473 0 -0.7518398074789961
    outer loop
      vertex 14.815332500765262 -6.8000000000000025 75.88836834550966
      vertex 14.987436867076458 -10.800000000000002 75.73743686707647
      vertex 14.815332500765262 -10.800000000000002 75.88836834550966
    endloop
  endfacet
  facet normal -0.4422886902189936 0 -0.896872741532692
    outer loop
      vertex 14.419696006638906 -6.8000000000000025 76.11678918189475
      vertex 14.625 -10.800000000000002 76.01554445662276
      vertex 14.419696006638906 -10.800000000000002 76.11678918189475
    endloop
  endfacet
  facet normal -0.5555702330195864 0 -0.8314696123025559
    outer loop
      vertex 14.625 -6.8000000000000025 76.01554445662276
      vertex 14.815332500765262 -10.800000000000002 75.88836834550966
      vertex 14.625 -10.800000000000002 76.01554445662276
    endloop
  endfacet
  facet normal -0.98078528040323 0 0.19509032201613072
    outer loop
      vertex 15.485028507404168 -6.8000000000000025 74.27157916361492
      vertex 15.440370196005869 -10.800000000000002 74.0470666710706
      vertex 15.485028507404168 -10.800000000000002 74.27157916361492
    endloop
  endfacet
  facet normal -0.9978589232386034 0 0.0654031292301448
    outer loop
      vertex 15.5 -6.8000000000000025 74.5
      vertex 15.485028507404168 -10.800000000000002 74.27157916361492
      vertex 15.5 -10.800000000000002 74.5
    endloop
  endfacet
  facet normal -0.9978589232386037 0 -0.06540312923014074
    outer loop
      vertex 15.485028507404168 -6.8000000000000025 74.7284208363851
      vertex 15.5 -10.800000000000002 74.5
      vertex 15.485028507404168 -10.800000000000002 74.7284208363851
    endloop
  endfacet
  facet normal -0.98078528040323 0 -0.19509032201613072
    outer loop
      vertex 15.440370196005869 -6.8000000000000025 74.95293332892942
      vertex 15.485028507404168 -10.800000000000002 74.7284208363851
      vertex 15.440370196005869 -10.800000000000002 74.95293332892942
    endloop
  endfacet
  facet normal -0.9469301294951075 0 -0.32143946530315626
    outer loop
      vertex 15.366789181894752 -6.8000000000000025 75.16969600663892
      vertex 15.440370196005869 -10.800000000000002 74.95293332892942
      vertex 15.366789181894752 -10.800000000000002 75.16969600663892
    endloop
  endfacet
  facet normal -0.8968727415326815 0 -0.44228869021901523
    outer loop
      vertex 15.265544456622768 -6.8000000000000025 75.375
      vertex 15.366789181894752 -10.800000000000002 75.16969600663892
      vertex 15.265544456622768 -10.800000000000002 75.375
    endloop
  endfacet
  facet normal -0.8314696123025498 0 -0.5555702330195953
    outer loop
      vertex 15.138368345509662 -6.8000000000000025 75.56533250076527
      vertex 15.265544456622768 -10.800000000000002 75.375
      vertex 15.138368345509662 -10.800000000000002 75.56533250076527
    endloop
  endfacet
  facet normal -0.7518398074789867 0 -0.6593458151000583
    outer loop
      vertex 14.987436867076458 -6.8000000000000025 75.73743686707647
      vertex 15.138368345509662 -10.800000000000002 75.56533250076527
      vertex 14.987436867076458 -10.800000000000002 75.73743686707647
    endloop
  endfacet
  facet normal 0 -1 0
    outer loop
      vertex -17.397154286503792 -20.500000000000004 9.370267786085606
      vertex -16.170119516551495 -20.500000000000004 7.771164946258068
      vertex -15.374611794948578 -20.500000000000004 10.83973091840744
    endloop
  endfacet
  facet normal 0.7933533392372334 -6.885103962258473e-17 0.6087614303823224
    outer loop
      vertex -17.397154286503792 -21.300000000000004 9.370267786085606
      vertex -16.170119516551495 -21.300000000000004 7.771164946258068
      vertex -16.170119516551495 -20.500000000000004 7.771164946258068
    endloop
  endfacet
  facet normal 0.7933533392372334 0 0.6087614303823224
    outer loop
      vertex -17.397154286503792 -20.500000000000004 9.370267786085606
      vertex -17.397154286503792 -21.300000000000004 9.370267786085606
      vertex -16.170119516551495 -20.500000000000004 7.771164946258068
    endloop
  endfacet
  facet normal 0.9238795326024021 0 0.3826834321451179
    outer loop
      vertex -21.421500116586685 -20.500000000000004 16.340639241039753
      vertex -22.192846417427063 -21.300000000000004 18.20283394306898
      vertex -21.421500116586685 -21.300000000000004 16.340639241039753
    endloop
  endfacet
  facet normal 0 -1 0
    outer loop
      vertex -22.192846417427063 -20.500000000000004 18.20283394306898
      vertex -20.488034583628178 -20.500000000000004 20.875388205051422
      vertex -22.865675874054432 -20.500000000000004 20.102845713496208
    endloop
  endfacet
  facet normal 0.9426414909841258 3.4425519868695414e-17 0.3338068595389022
    outer loop
      vertex -22.192846417427063 -20.500000000000004 18.20283394306898
      vertex -22.865675874054432 -20.500000000000004 20.102845713496208
      vertex -22.865675874054432 -21.300000000000004 20.102845713496208
    endloop
  endfacet
  facet normal 0.9238795326024021 0 0.3826834321451179
    outer loop
      vertex -21.421500116586685 -20.500000000000004 16.340639241039753
      vertex -22.192846417427063 -20.500000000000004 18.20283394306898
      vertex -22.192846417427063 -21.300000000000004 18.20283394306898
    endloop
  endfacet
  facet normal 0.9426414909841258 0 0.3338068595389022
    outer loop
      vertex -22.192846417427063 -20.500000000000004 18.20283394306898
      vertex -22.865675874054432 -21.300000000000004 20.102845713496208
      vertex -22.192846417427063 -21.300000000000004 18.20283394306898
    endloop
  endfacet
  facet normal 0.8526401660236635 0 0.5224985619914561
    outer loop
      vertex -19.591978043317795 -20.500000000000004 12.75
      vertex -19.591978043317795 -21.300000000000004 12.75
      vertex -18.53881686925888 -20.500000000000004 11.03139714896679
    endloop
  endfacet
  facet normal 0.8526401660236635 0 0.5224985619914561
    outer loop
      vertex -19.591978043317795 -21.300000000000004 12.75
      vertex -18.53881686925888 -21.300000000000004 11.03139714896679
      vertex -18.53881686925888 -20.500000000000004 11.03139714896679
    endloop
  endfacet
  facet normal 0 -1 0
    outer loop
      vertex -20.553751178085804 -20.500000000000004 14.521365761756897
      vertex -19.591978043317795 -20.500000000000004 12.75
      vertex -18.326234869658947 -20.500000000000004 15.656342007219791
    endloop
  endfacet
  facet normal 0.8788171130202723 0 0.477158759599689
    outer loop
      vertex -20.553751178085804 -20.500000000000004 14.521365761756897
      vertex -20.553751178085804 -21.300000000000004 14.521365761756897
      vertex -19.591978043317795 -20.500000000000004 12.75
    endloop
  endfacet
  facet normal 0.8788171130202723 0 0.477158759599689
    outer loop
      vertex -19.591978043317795 -20.500000000000004 12.75
      vertex -20.553751178085804 -21.300000000000004 14.521365761756897
      vertex -19.591978043317795 -21.300000000000004 12.75
    endloop
  endfacet
  facet normal 0 -1 0
    outer loop
      vertex -17.397154286503792 -20.500000000000004 9.370267786085606
      vertex -16.442140445113182 -20.500000000000004 12.392994739115238
      vertex -18.53881686925888 -20.500000000000004 11.03139714896679
    endloop
  endfacet
  facet normal 0 -1 0
    outer loop
      vertex -17.397154286503792 -20.500000000000004 9.370267786085606
      vertex -15.374611794948578 -20.500000000000004 10.83973091840744
      vertex -16.442140445113182 -20.500000000000004 12.392994739115238
    endloop
  endfacet
  facet normal 0.8241261881882967 6.885103967280963e-17 0.566406237555898
    outer loop
      vertex -17.397154286503792 -20.500000000000004 9.370267786085606
      vertex -18.53881686925888 -20.500000000000004 11.03139714896679
      vertex -18.53881686925888 -21.300000000000004 11.03139714896679
    endloop
  endfacet
  facet normal 0.8241261881882967 0 0.566406237555898
    outer loop
      vertex -17.397154286503792 -20.500000000000004 9.370267786085606
      vertex -18.53881686925888 -21.300000000000004 11.03139714896679
      vertex -17.397154286503792 -21.300000000000004 9.370267786085606
    endloop
  endfacet
  facet normal 0 -1 0
    outer loop
      vertex -19.591978043317795 -20.500000000000004 12.75
      vertex -18.53881686925888 -20.500000000000004 11.03139714896679
      vertex -17.426914535462856 -20.500000000000004 14
    endloop
  endfacet
  facet normal 0 -1 0
    outer loop
      vertex -19.591978043317795 -20.500000000000004 12.75
      vertex -17.426914535462856 -20.500000000000004 14
      vertex -18.326234869658947 -20.500000000000004 15.656342007219791
    endloop
  endfacet
  facet normal 0 -1 0
    outer loop
      vertex -18.53881686925888 -20.500000000000004 11.03139714896679
      vertex -16.442140445113182 -20.500000000000004 12.392994739115238
      vertex -17.426914535462856 -20.500000000000004 14
    endloop
  endfacet
  facet normal -0.8788171124782922 0 -0.4771587605978925
    outer loop
      vertex -17.426914535462856 -20.500000000000004 14
      vertex -17.426914535462856 -21.300000000000004 14
      vertex -18.326234869658947 -20.500000000000004 15.656342007219791
    endloop
  endfacet
  facet normal -0.8526401643695805 0 -0.5224985646906741
    outer loop
      vertex -16.442140445113182 -20.500000000000004 12.392994739115238
      vertex -16.442140445113182 -21.300000000000004 12.392994739115238
      vertex -17.426914535462856 -20.500000000000004 14
    endloop
  endfacet
  facet normal -0.8526401643695805 0 -0.5224985646906741
    outer loop
      vertex -17.426914535462856 -20.500000000000004 14
      vertex -16.442140445113182 -21.300000000000004 12.392994739115238
      vertex -17.426914535462856 -21.300000000000004 14
    endloop
  endfacet
  facet normal 0 -1 0
    outer loop
      vertex -21.421500116586685 -20.500000000000004 16.340639241039753
      vertex -20.553751178085804 -20.500000000000004 14.521365761756897
      vertex -19.137636475265026 -20.500000000000004 17.357480846345425
    endloop
  endfacet
  facet normal 0 -1 0
    outer loop
      vertex -20.553751178085804 -20.500000000000004 14.521365761756897
      vertex -18.326234869658947 -20.500000000000004 15.656342007219791
      vertex -19.137636475265026 -20.500000000000004 17.357480846345425
    endloop
  endfacet
  facet normal 0.9025852840421241 0 0.430511097453478
    outer loop
      vertex -21.421500116586685 -20.500000000000004 16.340639241039753
      vertex -21.421500116586685 -21.300000000000004 16.340639241039753
      vertex -20.553751178085804 -20.500000000000004 14.521365761756897
    endloop
  endfacet
  facet normal 0.9025852840421241 3.442551983808981e-17 0.430511097453478
    outer loop
      vertex -21.421500116586685 -21.300000000000004 16.340639241039753
      vertex -20.553751178085804 -21.300000000000004 14.521365761756897
      vertex -20.553751178085804 -20.500000000000004 14.521365761756897
    endloop
  endfacet
  facet normal -0.9025852840157448 0 -0.43051109750878347
    outer loop
      vertex -19.137636475265026 -20.500000000000004 17.357480846345425
      vertex -18.326234869658947 -21.300000000000004 15.656342007219791
      vertex -19.137636475265026 -21.300000000000004 17.357480846345425
    endloop
  endfacet
  facet normal 0 -1 0
    outer loop
      vertex -21.421500116586685 -20.500000000000004 16.340639241039753
      vertex -19.858895353972912 -20.500000000000004 19.098753817379475
      vertex -22.192846417427063 -20.500000000000004 18.20283394306898
    endloop
  endfacet
  facet normal 0 -1 0
    outer loop
      vertex -21.421500116586685 -20.500000000000004 16.340639241039753
      vertex -19.137636475265026 -20.500000000000004 17.357480846345425
      vertex -19.858895353972912 -20.500000000000004 19.098753817379475
    endloop
  endfacet
  facet normal 0 -1 0
    outer loop
      vertex -22.192846417427063 -20.500000000000004 18.20283394306898
      vertex -19.858895353972912 -20.500000000000004 19.098753817379475
      vertex -20.488034583628178 -20.500000000000004 20.875388205051422
    endloop
  endfacet
  facet normal -0.9426414916958875 0 -0.333806857528949
    outer loop
      vertex -19.858895353972912 -20.500000000000004 19.098753817379475
      vertex -19.858895353972912 -21.300000000000004 19.098753817379475
      vertex -20.488034583628178 -20.500000000000004 20.875388205051422
    endloop
  endfacet
  facet normal -0.9238795328279551 0 -0.38268343160058493
    outer loop
      vertex -19.137636475265026 -20.500000000000004 17.357480846345425
      vertex -19.137636475265026 -21.300000000000004 17.357480846345425
      vertex -19.858895353972912 -20.500000000000004 19.098753817379475
    endloop
  endfacet
  facet normal -0.9238795328279551 0 -0.38268343160058493
    outer loop
      vertex -19.858895353972912 -20.500000000000004 19.098753817379475
      vertex -19.137636475265026 -21.300000000000004 17.357480846345425
      vertex -19.858895353972912 -21.300000000000004 19.098753817379475
    endloop
  endfacet
  facet normal -0.8788171124782922 0 -0.4771587605978925
    outer loop
      vertex -17.426914535462856 -21.300000000000004 14
      vertex -18.326234869658947 -21.300000000000004 15.656342007219791
      vertex -18.326234869658947 -20.500000000000004 15.656342007219791
    endloop
  endfacet
  facet normal -0.9025852840157448 0 -0.43051109750878347
    outer loop
      vertex -19.137636475265026 -20.500000000000004 17.357480846345425
      vertex -18.326234869658947 -20.500000000000004 15.656342007219791
      vertex -18.326234869658947 -21.300000000000004 15.656342007219791
    endloop
  endfacet
  facet normal 0 -1 0
    outer loop
      vertex -13.473611079156399 -20.500000000000004 4.776388920843601
      vertex -12.011528342962265 -20.500000000000004 3.388924218714237
      vertex -11.70584411919117 -20.500000000000004 6.54415588080883
    endloop
  endfacet
  facet normal 0.6883545735729213 0 0.7253743730248826
    outer loop
      vertex -13.473611079156399 -20.500000000000004 4.776388920843601
      vertex -13.473611079156399 -21.300000000000004 4.776388920843601
      vertex -12.011528342962265 -20.500000000000004 3.388924218714237
    endloop
  endfacet
  facet normal 0.6494480483884678 0 0.7604059655502516
    outer loop
      vertex -12.011528342962265 -20.500000000000004 3.388924218714237
      vertex -12.011528342962265 -21.300000000000004 3.388924218714237
      vertex -10.478835053741932 -20.500000000000004 2.0798804834485054
    endloop
  endfacet
  facet normal 0.6883545735729213 0 0.7253743730248826
    outer loop
      vertex -12.011528342962265 -20.500000000000004 3.388924218714237
      vertex -13.473611079156399 -21.300000000000004 4.776388920843601
      vertex -12.011528342962265 -21.300000000000004 3.388924218714237
    endloop
  endfacet
  facet normal 0 -1 0
    outer loop
      vertex -13.473611079156399 -20.500000000000004 4.776388920843601
      vertex -13.003213718533516 -20.500000000000004 7.911298170685768
      vertex -14.861075781285763 -20.500000000000004 6.238471657037735
    endloop
  endfacet
  facet normal 0.7604059655502516 -1.3770207923427054e-16 0.6494480483884678
    outer loop
      vertex -14.861075781285763 -20.500000000000004 6.238471657037735
      vertex -16.170119516551495 -20.500000000000004 7.771164946258068
      vertex -16.170119516551495 -21.300000000000004 7.771164946258068
    endloop
  endfacet
  facet normal 0.7604059655502516 0 0.6494480483884678
    outer loop
      vertex -14.861075781285763 -20.500000000000004 6.238471657037735
      vertex -16.170119516551495 -21.300000000000004 7.771164946258068
      vertex -14.861075781285763 -21.300000000000004 6.238471657037735
    endloop
  endfacet
  facet normal 0.7253743730248826 0 0.6883545735729213
    outer loop
      vertex -13.473611079156399 -20.500000000000004 4.776388920843601
      vertex -14.861075781285763 -20.500000000000004 6.238471657037735
      vertex -14.861075781285763 -21.300000000000004 6.238471657037735
    endloop
  endfacet
  facet normal 0.7253743730248826 0 0.6883545735729213
    outer loop
      vertex -13.473611079156399 -20.500000000000004 4.776388920843601
      vertex -14.861075781285763 -21.300000000000004 6.238471657037735
      vertex -13.473611079156399 -21.300000000000004 4.776388920843601
    endloop
  endfacet
  facet normal 0 -1 0
    outer loop
      vertex -14.861075781285763 -20.500000000000004 6.238471657037735
      vertex -14.22725461423397 -20.500000000000004 9.344465918838978
      vertex -16.170119516551495 -20.500000000000004 7.771164946258068
    endloop
  endfacet
  facet normal 0 -1 0
    outer loop
      vertex -16.170119516551495 -20.500000000000004 7.771164946258068
      vertex -14.22725461423397 -20.500000000000004 9.344465918838978
      vertex -15.374611794948578 -20.500000000000004 10.83973091840744
    endloop
  endfacet
  facet normal 0 -1 0
    outer loop
      vertex -14.861075781285763 -20.500000000000004 6.238471657037735
      vertex -13.003213718533516 -20.500000000000004 7.911298170685768
      vertex -14.22725461423397 -20.500000000000004 9.344465918838978
    endloop
  endfacet
  facet normal -0.7933533422475999 0 -0.6087614264591364
    outer loop
      vertex -14.22725461423397 -20.500000000000004 9.344465918838978
      vertex -14.22725461423397 -21.300000000000004 9.344465918838978
      vertex -15.374611794948578 -20.500000000000004 10.83973091840744
    endloop
  endfacet
  facet normal -0.7604059648208737 0 -0.6494480492424596
    outer loop
      vertex -14.22725461423397 -20.500000000000004 9.344465918838978
      vertex -13.003213718533516 -21.300000000000004 7.911298170685768
      vertex -14.22725461423397 -21.300000000000004 9.344465918838978
    endloop
  endfacet
  facet normal 0 -1 0
    outer loop
      vertex -13.473611079156399 -20.500000000000004 4.776388920843601
      vertex -11.70584411919117 -20.500000000000004 6.54415588080883
      vertex -13.003213718533516 -20.500000000000004 7.911298170685768
    endloop
  endfacet
  facet normal 0 -1 0
    outer loop
      vertex -12.011528342962265 -20.500000000000004 3.388924218714237
      vertex -10.338701829314232 -20.500000000000004 5.246786281466484
      vertex -11.70584411919117 -20.500000000000004 6.54415588080883
    endloop
  endfacet
  facet normal -0.6883545780923188 0 -0.7253743687361347
    outer loop
      vertex -11.70584411919117 -20.500000000000004 6.54415588080883
      vertex -10.338701829314232 -21.300000000000004 5.246786281466484
      vertex -11.70584411919117 -21.300000000000004 6.54415588080883
    endloop
  endfacet
  facet normal -0.7253743687361347 0 -0.6883545780923188
    outer loop
      vertex -11.70584411919117 -20.500000000000004 6.54415588080883
      vertex -11.70584411919117 -21.300000000000004 6.54415588080883
      vertex -13.003213718533516 -20.500000000000004 7.911298170685768
    endloop
  endfacet
  facet normal -0.7604059648208737 0 -0.6494480492424596
    outer loop
      vertex -14.22725461423397 -20.500000000000004 9.344465918838978
      vertex -13.003213718533516 -20.500000000000004 7.911298170685768
      vertex -13.003213718533516 -21.300000000000004 7.911298170685768
    endloop
  endfacet
  facet normal -0.7253743687361347 0 -0.6883545780923188
    outer loop
      vertex -11.70584411919117 -21.300000000000004 6.54415588080883
      vertex -13.003213718533516 -21.300000000000004 7.911298170685768
      vertex -13.003213718533516 -20.500000000000004 7.911298170685768
    endloop
  endfacet
  facet normal 0 -1 0
    outer loop
      vertex -10.478835053741932 -20.500000000000004 2.0798804834485054
      vertex -8.879732213914394 -20.500000000000004 0.8528457134962082
      vertex -8.905534081161022 -20.500000000000004 4.022745385766029
    endloop
  endfacet
  facet normal 0.6087614303823224 0 0.7933533392372334
    outer loop
      vertex -10.478835053741932 -20.500000000000004 2.0798804834485054
      vertex -10.478835053741932 -21.300000000000004 2.0798804834485054
      vertex -8.879732213914394 -20.500000000000004 0.8528457134962082
    endloop
  endfacet
  facet normal 0.6087614303823224 0 0.7933533392372334
    outer loop
      vertex -8.879732213914394 -20.500000000000004 0.8528457134962082
      vertex -10.478835053741932 -21.300000000000004 2.0798804834485054
      vertex -8.879732213914394 -21.300000000000004 0.8528457134962082
    endloop
  endfacet
  facet normal 0 -1 0
    outer loop
      vertex -12.011528342962265 -20.500000000000004 3.388924218714237
      vertex -10.478835053741932 -20.500000000000004 2.0798804834485054
      vertex -10.338701829314232 -20.500000000000004 5.246786281466484
    endloop
  endfacet
  facet normal 0 -1 0
    outer loop
      vertex -10.478835053741932 -20.500000000000004 2.0798804834485054
      vertex -8.905534081161022 -20.500000000000004 4.022745385766029
      vertex -10.338701829314232 -20.500000000000004 5.246786281466484
    endloop
  endfacet
  facet normal 0.6494480483884678 -1.3770207923427054e-16 0.7604059655502516
    outer loop
      vertex -12.011528342962265 -21.300000000000004 3.388924218714237
      vertex -10.478835053741932 -21.300000000000004 2.0798804834485054
      vertex -10.478835053741932 -20.500000000000004 2.0798804834485054
    endloop
  endfacet
  facet normal -0.6494480492424596 0 -0.7604059648208737
    outer loop
      vertex -8.905534081161022 -20.500000000000004 4.022745385766029
      vertex -8.905534081161022 -21.300000000000004 4.022745385766029
      vertex -10.338701829314232 -20.500000000000004 5.246786281466484
    endloop
  endfacet
  facet normal -0.6494480492424596 0 -0.7604059648208737
    outer loop
      vertex -8.905534081161022 -21.300000000000004 4.022745385766029
      vertex -10.338701829314232 -21.300000000000004 5.246786281466484
      vertex -10.338701829314232 -20.500000000000004 5.246786281466484
    endloop
  endfacet
  facet normal 0 -1 0
    outer loop
      vertex -8.879732213914394 -20.500000000000004 0.8528457134962082
      vertex -7.63883400274843 -20.500000000000004 0
      vertex -7.41026908159256 -20.500000000000004 2.875388205051422
    endloop
  endfacet
  facet normal 0 -1 0
    outer loop
      vertex -7.63883400274843 -20.500000000000004 0
      vertex -5.857005260884762 -20.500000000000004 1.807859554886818
      vertex -7.41026908159256 -20.500000000000004 2.875388205051422
    endloop
  endfacet
  facet normal 0.566406237555898 3.620335789450333e-17 0.8241261881882965
    outer loop
      vertex -8.879732213914394 -20.500000000000004 0.8528457134962082
      vertex -7.63883400274843 -21.300000000000004 0
      vertex -7.63883400274843 -20.500000000000004 0
    endloop
  endfacet
  facet normal 0.566406237555898 0 0.8241261881882965
    outer loop
      vertex -8.879732213914394 -20.500000000000004 0.8528457134962082
      vertex -8.879732213914394 -21.300000000000004 0.8528457134962082
      vertex -7.63883400274843 -21.300000000000004 0
    endloop
  endfacet
  facet normal -0.5664062378283781 7.363236181429599e-17 -0.8241261880010262
    outer loop
      vertex -7.41026908159256 -20.500000000000004 2.875388205051422
      vertex -5.857005260884762 -20.500000000000004 1.807859554886818
      vertex -5.857005260884762 -21.300000000000004 1.807859554886818
    endloop
  endfacet
  facet normal 0 -1 0
    outer loop
      vertex -8.879732213914394 -20.500000000000004 0.8528457134962082
      vertex -7.41026908159256 -20.500000000000004 2.875388205051422
      vertex -8.905534081161022 -20.500000000000004 4.022745385766029
    endloop
  endfacet
  facet normal -0.6087614264591364 7.363236177874889e-17 -0.7933533422475999
    outer loop
      vertex -8.905534081161022 -20.500000000000004 4.022745385766029
      vertex -7.41026908159256 -20.500000000000004 2.875388205051422
      vertex -7.41026908159256 -21.300000000000004 2.875388205051422
    endloop
  endfacet
  facet normal -0.6087614264591364 0 -0.7933533422475999
    outer loop
      vertex -8.905534081161022 -20.500000000000004 4.022745385766029
      vertex -7.41026908159256 -21.300000000000004 2.875388205051422
      vertex -8.905534081161022 -21.300000000000004 4.022745385766029
    endloop
  endfacet
  facet normal -0.5664062378283781 0 -0.8241261880010262
    outer loop
      vertex -7.41026908159256 -20.500000000000004 2.875388205051422
      vertex -5.857005260884762 -21.300000000000004 1.807859554886818
      vertex -7.41026908159256 -21.300000000000004 2.875388205051422
    endloop
  endfacet
  facet normal -0.6883545780923188 0 -0.7253743687361347
    outer loop
      vertex -11.70584411919117 -20.500000000000004 6.54415588080883
      vertex -10.338701829314232 -20.500000000000004 5.246786281466484
      vertex -10.338701829314232 -21.300000000000004 5.246786281466484
    endloop
  endfacet
  facet normal -0.8241261880010262 7.363236181429599e-17 -0.5664062378283781
    outer loop
      vertex -16.442140445113182 -20.500000000000004 12.392994739115238
      vertex -15.374611794948578 -20.500000000000004 10.83973091840744
      vertex -15.374611794948578 -21.300000000000004 10.83973091840744
    endloop
  endfacet
  facet normal -0.8241261880010262 0 -0.5664062378283781
    outer loop
      vertex -16.442140445113182 -20.500000000000004 12.392994739115238
      vertex -15.374611794948578 -21.300000000000004 10.83973091840744
      vertex -16.442140445113182 -21.300000000000004 12.392994739115238
    endloop
  endfacet
  facet normal -0.7933533422475999 7.363236177874889e-17 -0.6087614264591364
    outer loop
      vertex -14.22725461423397 -21.300000000000004 9.344465918838978
      vertex -15.374611794948578 -21.300000000000004 10.83973091840744
      vertex -15.374611794948578 -20.500000000000004 10.83973091840744
    endloop
  endfacet
  facet normal 0.9723699203542948 0 0.2334453640366037
    outer loop
      vertex -23.908682629466057 -20.500000000000004 23.99539990723133
      vertex -23.908682629466057 -21.300000000000004 23.99539990723133
      vertex -23.43814431130886 -20.500000000000004 22.035466760396957
    endloop
  endfacet
  facet normal 0.9832549078621153 0 0.18223552388341577
    outer loop
      vertex -23.908682629466057 -20.500000000000004 23.99539990723133
      vertex -24.27600111067295 -21.300000000000004 25.97727309912443
      vertex -23.908682629466057 -21.300000000000004 23.99539990723133
    endloop
  endfacet
  facet normal 0 -1 0
    outer loop
      vertex -22.865675874054432 -20.500000000000004 20.102845713496208
      vertex -21.023329749703407 -20.500000000000004 22.682514376938343
      vertex -23.43814431130886 -20.500000000000004 22.035466760396957
    endloop
  endfacet
  facet normal 0 -1 0
    outer loop
      vertex -22.865675874054432 -20.500000000000004 20.102845713496208
      vertex -20.488034583628178 -20.500000000000004 20.875388205051422
      vertex -21.023329749703407 -20.500000000000004 22.682514376938343
    endloop
  endfacet
  facet normal 0.9588197345284486 0 0.2840153458508806
    outer loop
      vertex -22.865675874054432 -20.500000000000004 20.102845713496208
      vertex -23.43814431130886 -21.300000000000004 22.035466760396957
      vertex -22.865675874054432 -21.300000000000004 20.102845713496208
    endloop
  endfacet
  facet normal 0.9588197345284486 6.88510395924201e-17 0.2840153458508806
    outer loop
      vertex -22.865675874054432 -20.500000000000004 20.102845713496208
      vertex -23.43814431130886 -20.500000000000004 22.035466760396957
      vertex -23.43814431130886 -21.300000000000004 22.035466760396957
    endloop
  endfacet
  facet normal 0 -1 0
    outer loop
      vertex -23.908682629466057 -20.500000000000004 23.99539990723133
      vertex -23.43814431130886 -20.500000000000004 22.035466760396957
      vertex -21.46331362426281 -20.500000000000004 24.515179127454758
    endloop
  endfacet
  facet normal 0 -1 0
    outer loop
      vertex -23.43814431130886 -20.500000000000004 22.035466760396957
      vertex -21.023329749703407 -20.500000000000004 22.682514376938343
      vertex -21.46331362426281 -20.500000000000004 24.515179127454758
    endloop
  endfacet
  facet normal 0.9723699203542948 0 0.2334453640366037
    outer loop
      vertex -23.908682629466057 -21.300000000000004 23.99539990723133
      vertex -23.43814431130886 -21.300000000000004 22.035466760396957
      vertex -23.43814431130886 -20.500000000000004 22.035466760396957
    endloop
  endfacet
  facet normal -0.9723699209462076 0 -0.23344536157110987
    outer loop
      vertex -21.46331362426281 -20.500000000000004 24.515179127454758
      vertex -21.023329749703407 -21.300000000000004 22.682514376938343
      vertex -21.46331362426281 -21.300000000000004 24.515179127454758
    endloop
  endfacet
  facet normal 0.9832549078621153 0 0.18223552388341577
    outer loop
      vertex -23.908682629466057 -20.500000000000004 23.99539990723133
      vertex -24.27600111067295 -20.500000000000004 25.97727309912443
      vertex -24.27600111067295 -21.300000000000004 25.97727309912443
    endloop
  endfacet
  facet normal 0.991444861111775 0 0.13052619421040879
    outer loop
      vertex -24.27600111067295 -20.500000000000004 25.97727309912443
      vertex -24.53909297287464 -21.300000000000004 27.975654162466526
      vertex -24.27600111067295 -21.300000000000004 25.97727309912443
    endloop
  endfacet
  facet normal 0 -1 0
    outer loop
      vertex -24.53909297287464 -20.500000000000004 27.975654162466526
      vertex -22.20066325366497 -20.500000000000004 30.115905575454235
      vertex -24.697237089276314 -20.500000000000004 29.985065683722496
    endloop
  endfacet
  facet normal 0.991444861111775 0 0.13052619421040879
    outer loop
      vertex -24.27600111067295 -20.500000000000004 25.97727309912443
      vertex -24.53909297287464 -20.500000000000004 27.975654162466526
      vertex -24.53909297287464 -21.300000000000004 27.975654162466526
    endloop
  endfacet
  facet normal 0.9969173337344561 0 0.07845909571096935
    outer loop
      vertex -24.53909297287464 -20.500000000000004 27.975654162466526
      vertex -24.697237089276314 -20.500000000000004 29.985065683722496
      vertex -24.697237089276314 -21.300000000000004 29.985065683722496
    endloop
  endfacet
  facet normal 0.9969173337344561 0 0.07845909571096935
    outer loop
      vertex -24.53909297287464 -20.500000000000004 27.975654162466526
      vertex -24.697237089276314 -21.300000000000004 29.985065683722496
      vertex -24.53909297287464 -21.300000000000004 27.975654162466526
    endloop
  endfacet
  facet normal 0 -1 0
    outer loop
      vertex -23.908682629466057 -20.500000000000004 23.99539990723133
      vertex -21.806780263781548 -20.500000000000004 26.36835926026106
      vertex -24.27600111067295 -20.500000000000004 25.97727309912443
    endloop
  endfacet
  facet normal 0 -1 0
    outer loop
      vertex -24.27600111067295 -20.500000000000004 25.97727309912443
      vertex -21.806780263781548 -20.500000000000004 26.36835926026106
      vertex -22.052788235247135 -20.500000000000004 28.236975319683552
    endloop
  endfacet
  facet normal 0 -1 0
    outer loop
      vertex -23.908682629466057 -20.500000000000004 23.99539990723133
      vertex -21.46331362426281 -20.500000000000004 24.515179127454758
      vertex -21.806780263781548 -20.500000000000004 26.36835926026106
    endloop
  endfacet
  facet normal -0.9832549072199572 0 -0.18223552734819107
    outer loop
      vertex -21.46331362426281 -20.500000000000004 24.515179127454758
      vertex -21.46331362426281 -21.300000000000004 24.515179127454758
      vertex -21.806780263781548 -20.500000000000004 26.36835926026106
    endloop
  endfacet
  facet normal -0.9832549072199572 0 -0.18223552734819107
    outer loop
      vertex -21.46331362426281 -21.300000000000004 24.515179127454758
      vertex -21.806780263781548 -21.300000000000004 26.36835926026106
      vertex -21.806780263781548 -20.500000000000004 26.36835926026106
    endloop
  endfacet
  facet normal -0.9914448613593434 0 -0.1305261923299389
    outer loop
      vertex -21.806780263781548 -20.500000000000004 26.36835926026106
      vertex -21.806780263781548 -21.300000000000004 26.36835926026106
      vertex -22.052788235247135 -20.500000000000004 28.236975319683552
    endloop
  endfacet
  facet normal 0 -1 0
    outer loop
      vertex -24.27600111067295 -20.500000000000004 25.97727309912443
      vertex -22.052788235247135 -20.500000000000004 28.236975319683552
      vertex -24.53909297287464 -20.500000000000004 27.975654162466526
    endloop
  endfacet
  facet normal 0 -1 0
    outer loop
      vertex -24.53909297287464 -20.500000000000004 27.975654162466526
      vertex -22.052788235247135 -20.500000000000004 28.236975319683552
      vertex -22.20066325366497 -20.500000000000004 30.115905575454235
    endloop
  endfacet
  facet normal -0.9914448613593434 0 -0.1305261923299389
    outer loop
      vertex -21.806780263781548 -21.300000000000004 26.36835926026106
      vertex -22.052788235247135 -21.300000000000004 28.236975319683552
      vertex -22.052788235247135 -20.500000000000004 28.236975319683552
    endloop
  endfacet
  facet normal -0.996917333721331 0 -0.07845909587774129
    outer loop
      vertex -22.052788235247135 -20.500000000000004 28.236975319683552
      vertex -22.052788235247135 -21.300000000000004 28.236975319683552
      vertex -22.20066325366497 -20.500000000000004 30.115905575454235
    endloop
  endfacet
  facet normal -0.996917333721331 0 -0.07845909587774129
    outer loop
      vertex -22.052788235247135 -21.300000000000004 28.236975319683552
      vertex -22.20066325366497 -21.300000000000004 30.115905575454235
      vertex -22.20066325366497 -20.500000000000004 30.115905575454235
    endloop
  endfacet
  facet normal -0.9426414916958875 -7.36323617924519e-17 -0.333806857528949
    outer loop
      vertex -19.858895353972912 -21.300000000000004 19.098753817379475
      vertex -20.488034583628178 -21.300000000000004 20.875388205051422
      vertex -20.488034583628178 -20.500000000000004 20.875388205051422
    endloop
  endfacet
  facet normal -0.9588197338765592 0 -0.2840153480516226
    outer loop
      vertex -20.488034583628178 -20.500000000000004 20.875388205051422
      vertex -20.488034583628178 -21.300000000000004 20.875388205051422
      vertex -21.023329749703407 -20.500000000000004 22.682514376938343
    endloop
  endfacet
  facet normal -0.9588197338765592 -3.6816180905592657e-17 -0.2840153480516226
    outer loop
      vertex -20.488034583628178 -21.300000000000004 20.875388205051422
      vertex -21.023329749703407 -21.300000000000004 22.682514376938343
      vertex -21.023329749703407 -20.500000000000004 22.682514376938343
    endloop
  endfacet
  facet normal -0.9723699209462076 0 -0.23344536157110987
    outer loop
      vertex -21.46331362426281 -20.500000000000004 24.515179127454758
      vertex -21.023329749703407 -20.500000000000004 22.682514376938343
      vertex -21.023329749703407 -21.300000000000004 22.682514376938343
    endloop
  endfacet
  facet normal 0 -1 0
    outer loop
      vertex -24.697237089276314 -20.500000000000004 29.985065683722496
      vertex -22.25 -20.500000000000004 32
      vertex -24.75 -20.500000000000004 32
    endloop
  endfacet
  facet normal 0.999657324991778 0 0.02617694768843073
    outer loop
      vertex -24.697237089276314 -20.500000000000004 29.985065683722496
      vertex -24.75 -21.300000000000004 32
      vertex -24.697237089276314 -21.300000000000004 29.985065683722496
    endloop
  endfacet
  facet normal 0.999657324991778 0 0.02617694768843073
    outer loop
      vertex -24.697237089276314 -20.500000000000004 29.985065683722496
      vertex -24.75 -20.500000000000004 32
      vertex -24.75 -21.300000000000004 32
    endloop
  endfacet
  facet normal 0 -1 0
    outer loop
      vertex -24.75 -20.500000000000004 32
      vertex -22.20066325366497 -20.500000000000004 33.884094424545765
      vertex -24.697237089276314 -20.500000000000004 34.014934316277504
    endloop
  endfacet
  facet normal 0.999657324991778 0 -0.02617694768843073
    outer loop
      vertex -24.75 -20.500000000000004 32
      vertex -24.697237089276314 -21.300000000000004 34.014934316277504
      vertex -24.75 -21.300000000000004 32
    endloop
  endfacet
  facet normal 0.999657324991778 0 -0.02617694768843073
    outer loop
      vertex -24.75 -20.500000000000004 32
      vertex -24.697237089276314 -20.500000000000004 34.014934316277504
      vertex -24.697237089276314 -21.300000000000004 34.014934316277504
    endloop
  endfacet
  facet normal 0 -1 0
    outer loop
      vertex -24.697237089276314 -20.500000000000004 29.985065683722496
      vertex -22.20066325366497 -20.500000000000004 30.115905575454235
      vertex -22.25 -20.500000000000004 32
    endloop
  endfacet
  facet normal -0.9996573250101992 0 -0.026176946984954284
    outer loop
      vertex -22.20066325366497 -20.500000000000004 30.115905575454235
      vertex -22.20066325366497 -21.300000000000004 30.115905575454235
      vertex -22.25 -20.500000000000004 32
    endloop
  endfacet
  facet normal -0.9996573250101992 0 -0.026176946984954284
    outer loop
      vertex -22.25 -20.500000000000004 32
      vertex -22.20066325366497 -21.300000000000004 30.115905575454235
      vertex -22.25 -21.300000000000004 32
    endloop
  endfacet
  facet normal 0 -1 0
    outer loop
      vertex -24.75 -20.500000000000004 32
      vertex -22.25 -20.500000000000004 32
      vertex -22.20066325366497 -20.500000000000004 33.884094424545765
    endloop
  endfacet
  facet normal 0 -1 0
    outer loop
      vertex -24.697237089276314 -20.500000000000004 34.014934316277504
      vertex -22.20066325366497 -20.500000000000004 33.884094424545765
      vertex -22.052788235247135 -20.500000000000004 35.76302468031645
    endloop
  endfacet
  facet normal -0.9996573250101992 0 0.026176946984954284
    outer loop
      vertex -22.25 -20.500000000000004 32
      vertex -22.25 -21.300000000000004 32
      vertex -22.20066325366497 -20.500000000000004 33.884094424545765
    endloop
  endfacet
  facet normal -0.9996573250101992 0 0.026176946984954284
    outer loop
      vertex -22.25 -21.300000000000004 32
      vertex -22.20066325366497 -21.300000000000004 33.884094424545765
      vertex -22.20066325366497 -20.500000000000004 33.884094424545765
    endloop
  endfacet
  facet normal -0.996917333721331 0 0.07845909587774129
    outer loop
      vertex -22.20066325366497 -20.500000000000004 33.884094424545765
      vertex -22.20066325366497 -21.300000000000004 33.884094424545765
      vertex -22.052788235247135 -20.500000000000004 35.76302468031645
    endloop
  endfacet
  facet normal 0 -1 0
    outer loop
      vertex -24.697237089276314 -20.500000000000004 34.014934316277504
      vertex -22.052788235247135 -20.500000000000004 35.76302468031645
      vertex -24.53909297287464 -20.500000000000004 36.024345837533474
    endloop
  endfacet
  facet normal 0.9969173337344561 0 -0.07845909571096935
    outer loop
      vertex -24.697237089276314 -20.500000000000004 34.014934316277504
      vertex -24.53909297287464 -20.500000000000004 36.024345837533474
      vertex -24.53909297287464 -21.300000000000004 36.024345837533474
    endloop
  endfacet
  facet normal 0.9969173337344561 0 -0.07845909571096935
    outer loop
      vertex -24.697237089276314 -20.500000000000004 34.014934316277504
      vertex -24.53909297287464 -21.300000000000004 36.024345837533474
      vertex -24.697237089276314 -21.300000000000004 34.014934316277504
    endloop
  endfacet
  facet normal 0.991444861111775 0 -0.13052619421040879
    outer loop
      vertex -24.53909297287464 -20.500000000000004 36.024345837533474
      vertex -24.27600111067295 -21.300000000000004 38.02272690087557
      vertex -24.53909297287464 -21.300000000000004 36.024345837533474
    endloop
  endfacet
  facet normal 0.991444861111775 0 -0.13052619421040879
    outer loop
      vertex -24.53909297287464 -20.500000000000004 36.024345837533474
      vertex -24.27600111067295 -20.500000000000004 38.02272690087557
      vertex -24.27600111067295 -21.300000000000004 38.02272690087557
    endloop
  endfacet
  facet normal 0.9832549078621153 0 -0.18223552388341577
    outer loop
      vertex -24.27600111067295 -20.500000000000004 38.02272690087557
      vertex -23.908682629466057 -20.500000000000004 40.00460009276867
      vertex -23.908682629466057 -21.300000000000004 40.00460009276867
    endloop
  endfacet
  facet normal 0.9832549078621153 0 -0.18223552388341577
    outer loop
      vertex -24.27600111067295 -20.500000000000004 38.02272690087557
      vertex -23.908682629466057 -21.300000000000004 40.00460009276867
      vertex -24.27600111067295 -21.300000000000004 38.02272690087557
    endloop
  endfacet
  facet normal 0 -1 0
    outer loop
      vertex -24.53909297287464 -20.500000000000004 36.024345837533474
      vertex -22.052788235247135 -20.500000000000004 35.76302468031645
      vertex -21.806780263781548 -20.500000000000004 37.63164073973894
    endloop
  endfacet
  facet normal -0.996917333721331 0 0.07845909587774129
    outer loop
      vertex -22.20066325366497 -21.300000000000004 33.884094424545765
      vertex -22.052788235247135 -21.300000000000004 35.76302468031645
      vertex -22.052788235247135 -20.500000000000004 35.76302468031645
    endloop
  endfacet
  facet normal -0.9914448613593434 0 0.1305261923299389
    outer loop
      vertex -22.052788235247135 -20.500000000000004 35.76302468031645
      vertex -22.052788235247135 -21.300000000000004 35.76302468031645
      vertex -21.806780263781548 -20.500000000000004 37.63164073973894
    endloop
  endfacet
  facet normal -0.9914448613593434 0 0.1305261923299389
    outer loop
      vertex -22.052788235247135 -21.300000000000004 35.76302468031645
      vertex -21.806780263781548 -21.300000000000004 37.63164073973894
      vertex -21.806780263781548 -20.500000000000004 37.63164073973894
    endloop
  endfacet
  facet normal 0 -1 0
    outer loop
      vertex -24.53909297287464 -20.500000000000004 36.024345837533474
      vertex -21.806780263781548 -20.500000000000004 37.63164073973894
      vertex -24.27600111067295 -20.500000000000004 38.02272690087557
    endloop
  endfacet
  facet normal 0 -1 0
    outer loop
      vertex -24.27600111067295 -20.500000000000004 38.02272690087557
      vertex -21.46331362426281 -20.500000000000004 39.48482087254524
      vertex -23.908682629466057 -20.500000000000004 40.00460009276867
    endloop
  endfacet
  facet normal 0 -1 0
    outer loop
      vertex -24.27600111067295 -20.500000000000004 38.02272690087557
      vertex -21.806780263781548 -20.500000000000004 37.63164073973894
      vertex -21.46331362426281 -20.500000000000004 39.48482087254524
    endloop
  endfacet
  facet normal -0.9832549072199572 0 0.18223552734819107
    outer loop
      vertex -21.806780263781548 -20.500000000000004 37.63164073973894
      vertex -21.806780263781548 -21.300000000000004 37.63164073973894
      vertex -21.46331362426281 -20.500000000000004 39.48482087254524
    endloop
  endfacet
  facet normal -0.9832549072199572 0 0.18223552734819107
    outer loop
      vertex -21.46331362426281 -20.500000000000004 39.48482087254524
      vertex -21.806780263781548 -21.300000000000004 37.63164073973894
      vertex -21.46331362426281 -21.300000000000004 39.48482087254524
    endloop
  endfacet
  facet normal 0 -1 0
    outer loop
      vertex -7.63883400274843 -20.500000000000004 0
      vertex -4.25 -20.500000000000004 0.8230854645371437
      vertex -5.857005260884762 -20.500000000000004 1.807859554886818
    endloop
  endfacet
  facet normal 0 -1 0
    outer loop
      vertex -7.63883400274843 -20.500000000000004 0
      vertex -2.734065156089725 -20.500000000000004 0
      vertex -4.25 -20.500000000000004 0.8230854645371437
    endloop
  endfacet
  facet normal -0.5224985646906741 0 -0.8526401643695805
    outer loop
      vertex -5.857005260884762 -20.500000000000004 1.807859554886818
      vertex -4.25 -21.300000000000004 0.8230854645371437
      vertex -5.857005260884762 -21.300000000000004 1.807859554886818
    endloop
  endfacet
  facet normal -0.5224985646906741 3.681618089733682e-17 -0.8526401643695805
    outer loop
      vertex -5.857005260884762 -20.500000000000004 1.807859554886818
      vertex -4.25 -20.500000000000004 0.8230854645371437
      vertex -4.25 -21.300000000000004 0.8230854645371437
    endloop
  endfacet
  facet normal -0.47715876059789236 -5.930111897242856e-17 -0.8788171124782922
    outer loop
      vertex -4.25 -20.500000000000004 0.8230854645371437
      vertex -2.734065156089725 -20.500000000000004 0
      vertex -2.734065156089725 -21.300000000000004 0
    endloop
  endfacet
  facet normal -0.47715876059789236 0 -0.8788171124782922
    outer loop
      vertex -4.25 -20.500000000000004 0.8230854645371437
      vertex -2.734065156089725 -21.300000000000004 0
      vertex -4.25 -21.300000000000004 0.8230854645371437
    endloop
  endfacet
  facet normal 0.6715194247388593 0 -0.7409869514359827
    outer loop
      vertex -8.25 -20.500000000000004 4
      vertex 7.75 -21.300000000000004 18.5
      vertex -8.25 -21.300000000000004 4
    endloop
  endfacet
  facet normal 0.6715194247388593 0 -0.7409869514359827
    outer loop
      vertex -8.25 -20.500000000000004 4
      vertex 7.75 -20.500000000000004 18.5
      vertex 7.75 -21.300000000000004 18.5
    endloop
  endfacet
  facet normal 0 0 1
    outer loop
      vertex -8.25 -20.500000000000004 4
      vertex -8.25 -21.300000000000004 4
      vertex 35.75 -20.500000000000004 4
    endloop
  endfacet
  facet normal 0 -1 0
    outer loop
      vertex -8.25 -20.500000000000004 4
      vertex 35.75 -20.500000000000004 4
      vertex 7.75 -20.500000000000004 18.5
    endloop
  endfacet
  facet normal 0 0 -1
    outer loop
      vertex 7.75 -20.500000000000004 18.5
      vertex 19.75 -21.300000000000004 18.5
      vertex 7.75 -21.300000000000004 18.5
    endloop
  endfacet
  facet normal 0.9723699203542948 0 -0.2334453640366037
    outer loop
      vertex -23.908682629466057 -20.500000000000004 40.00460009276867
      vertex -23.43814431130886 -21.300000000000004 41.96453323960304
      vertex -23.908682629466057 -21.300000000000004 40.00460009276867
    endloop
  endfacet
  facet normal 0 -1 0
    outer loop
      vertex -23.908682629466057 -20.500000000000004 40.00460009276867
      vertex -21.023329749703407 -20.500000000000004 41.31748562306166
      vertex -23.43814431130886 -20.500000000000004 41.96453323960304
    endloop
  endfacet
  facet normal 0 -1 0
    outer loop
      vertex -21.46331362426281 -20.500000000000004 39.48482087254524
      vertex -21.023329749703407 -20.500000000000004 41.31748562306166
      vertex -23.908682629466057 -20.500000000000004 40.00460009276867
    endloop
  endfacet
  facet normal 0.9723699203542948 0 -0.2334453640366037
    outer loop
      vertex -23.908682629466057 -20.500000000000004 40.00460009276867
      vertex -23.43814431130886 -20.500000000000004 41.96453323960304
      vertex -23.43814431130886 -21.300000000000004 41.96453323960304
    endloop
  endfacet
  facet normal -0.9723699209462076 0 0.23344536157110987
    outer loop
      vertex -21.46331362426281 -20.500000000000004 39.48482087254524
      vertex -21.46331362426281 -21.300000000000004 39.48482087254524
      vertex -21.023329749703407 -20.500000000000004 41.31748562306166
    endloop
  endfacet
  facet normal 0 -1 0
    outer loop
      vertex -23.43814431130886 -20.500000000000004 41.96453323960304
      vertex -20.488034583628178 -20.500000000000004 43.12461179494858
      vertex -22.865675874054432 -20.500000000000004 43.89715428650379
    endloop
  endfacet
  facet normal 0 -1 0
    outer loop
      vertex -23.43814431130886 -20.500000000000004 41.96453323960304
      vertex -21.023329749703407 -20.500000000000004 41.31748562306166
      vertex -20.488034583628178 -20.500000000000004 43.12461179494858
    endloop
  endfacet
  facet normal 0.9588197345284486 0 -0.2840153458508806
    outer loop
      vertex -23.43814431130886 -20.500000000000004 41.96453323960304
      vertex -22.865675874054432 -21.300000000000004 43.89715428650379
      vertex -23.43814431130886 -21.300000000000004 41.96453323960304
    endloop
  endfacet
  facet normal 0.9588197345284486 -6.88510395924201e-17 -0.2840153458508806
    outer loop
      vertex -23.43814431130886 -20.500000000000004 41.96453323960304
      vertex -22.865675874054432 -20.500000000000004 43.89715428650379
      vertex -22.865675874054432 -21.300000000000004 43.89715428650379
    endloop
  endfacet
  facet normal 0 -1 0
    outer loop
      vertex -22.865675874054432 -20.500000000000004 43.89715428650379
      vertex -19.858895353972912 -20.500000000000004 44.901246182620525
      vertex -22.192846417427063 -20.500000000000004 45.79716605693102
    endloop
  endfacet
  facet normal 0.9426414909841258 0 -0.3338068595389022
    outer loop
      vertex -22.865675874054432 -20.500000000000004 43.89715428650379
      vertex -22.192846417427063 -21.300000000000004 45.79716605693102
      vertex -22.865675874054432 -21.300000000000004 43.89715428650379
    endloop
  endfacet
  facet normal 0.9426414909841258 -3.4425519868695414e-17 -0.3338068595389022
    outer loop
      vertex -22.865675874054432 -20.500000000000004 43.89715428650379
      vertex -22.192846417427063 -20.500000000000004 45.79716605693102
      vertex -22.192846417427063 -21.300000000000004 45.79716605693102
    endloop
  endfacet
  facet normal 0.9238795326024021 0 -0.3826834321451179
    outer loop
      vertex -22.192846417427063 -20.500000000000004 45.79716605693102
      vertex -21.421500116586685 -21.300000000000004 47.65936075896025
      vertex -22.192846417427063 -21.300000000000004 45.79716605693102
    endloop
  endfacet
  facet normal 0.9238795326024021 0 -0.3826834321451179
    outer loop
      vertex -22.192846417427063 -20.500000000000004 45.79716605693102
      vertex -21.421500116586685 -20.500000000000004 47.65936075896025
      vertex -21.421500116586685 -21.300000000000004 47.65936075896025
    endloop
  endfacet
  facet normal -0.9723699209462076 0 0.23344536157110987
    outer loop
      vertex -21.46331362426281 -21.300000000000004 39.48482087254524
      vertex -21.023329749703407 -21.300000000000004 41.31748562306166
      vertex -21.023329749703407 -20.500000000000004 41.31748562306166
    endloop
  endfacet
  facet normal -0.9588197338765592 0 0.2840153480516226
    outer loop
      vertex -21.023329749703407 -20.500000000000004 41.31748562306166
      vertex -21.023329749703407 -21.300000000000004 41.31748562306166
      vertex -20.488034583628178 -20.500000000000004 43.12461179494858
    endloop
  endfacet
  facet normal 0 -1 0
    outer loop
      vertex -22.865675874054432 -20.500000000000004 43.89715428650379
      vertex -20.488034583628178 -20.500000000000004 43.12461179494858
      vertex -19.858895353972912 -20.500000000000004 44.901246182620525
    endloop
  endfacet
  facet normal -0.9588197338765592 3.6816180905592657e-17 0.2840153480516226
    outer loop
      vertex -21.023329749703407 -21.300000000000004 41.31748562306166
      vertex -20.488034583628178 -21.300000000000004 43.12461179494858
      vertex -20.488034583628178 -20.500000000000004 43.12461179494858
    endloop
  endfacet
  facet normal -0.9426414916958875 0 0.333806857528949
    outer loop
      vertex -20.488034583628178 -20.500000000000004 43.12461179494858
      vertex -20.488034583628178 -21.300000000000004 43.12461179494858
      vertex -19.858895353972912 -20.500000000000004 44.901246182620525
    endloop
  endfacet
  facet normal -0.9426414916958875 7.36323617924519e-17 0.333806857528949
    outer loop
      vertex -20.488034583628178 -21.300000000000004 43.12461179494858
      vertex -19.858895353972912 -21.300000000000004 44.901246182620525
      vertex -19.858895353972912 -20.500000000000004 44.901246182620525
    endloop
  endfacet
  facet normal 0 -1 0
    outer loop
      vertex -22.192846417427063 -20.500000000000004 45.79716605693102
      vertex -19.137636475265026 -20.500000000000004 46.642519153654575
      vertex -21.421500116586685 -20.500000000000004 47.65936075896025
    endloop
  endfacet
  facet normal 0 -1 0
    outer loop
      vertex -22.192846417427063 -20.500000000000004 45.79716605693102
      vertex -19.858895353972912 -20.500000000000004 44.901246182620525
      vertex -19.137636475265026 -20.500000000000004 46.642519153654575
    endloop
  endfacet
  facet normal -0.9238795328279551 0 0.38268343160058493
    outer loop
      vertex -19.858895353972912 -20.500000000000004 44.901246182620525
      vertex -19.858895353972912 -21.300000000000004 44.901246182620525
      vertex -19.137636475265026 -20.500000000000004 46.642519153654575
    endloop
  endfacet
  facet normal -0.9238795328279551 0 0.38268343160058493
    outer loop
      vertex -19.137636475265026 -20.500000000000004 46.642519153654575
      vertex -19.858895353972912 -21.300000000000004 44.901246182620525
      vertex -19.137636475265026 -21.300000000000004 46.642519153654575
    endloop
  endfacet
  facet normal 0 -1 0
    outer loop
      vertex -21.421500116586685 -20.500000000000004 47.65936075896025
      vertex -18.326234869658947 -20.500000000000004 48.34365799278021
      vertex -20.553751178085804 -20.500000000000004 49.4786342382431
    endloop
  endfacet
  facet normal 0 -1 0
    outer loop
      vertex -21.421500116586685 -20.500000000000004 47.65936075896025
      vertex -19.137636475265026 -20.500000000000004 46.642519153654575
      vertex -18.326234869658947 -20.500000000000004 48.34365799278021
    endloop
  endfacet
  facet normal 0 -1 0
    outer loop
      vertex -18.326234869658947 -20.500000000000004 48.34365799278021
      vertex -17.426914535462856 -20.500000000000004 50
      vertex -20.553751178085804 -20.500000000000004 49.4786342382431
    endloop
  endfacet
  facet normal 0.9025852840421241 -3.442551983808981e-17 -0.430511097453478
    outer loop
      vertex -21.421500116586685 -20.500000000000004 47.65936075896025
      vertex -20.553751178085804 -20.500000000000004 49.4786342382431
      vertex -20.553751178085804 -21.300000000000004 49.4786342382431
    endloop
  endfacet
  facet normal 0.9025852840421241 0 -0.430511097453478
    outer loop
      vertex -21.421500116586685 -20.500000000000004 47.65936075896025
      vertex -20.553751178085804 -21.300000000000004 49.4786342382431
      vertex -21.421500116586685 -21.300000000000004 47.65936075896025
    endloop
  endfacet
  facet normal -0.9025852840157448 0 0.43051109750878347
    outer loop
      vertex -19.137636475265026 -20.500000000000004 46.642519153654575
      vertex -19.137636475265026 -21.300000000000004 46.642519153654575
      vertex -18.326234869658947 -20.500000000000004 48.34365799278021
    endloop
  endfacet
  facet normal -0.9025852840157448 0 0.43051109750878347
    outer loop
      vertex -19.137636475265026 -21.300000000000004 46.642519153654575
      vertex -18.326234869658947 -21.300000000000004 48.34365799278021
      vertex -18.326234869658947 -20.500000000000004 48.34365799278021
    endloop
  endfacet
  facet normal -0.8788171124782922 0 0.4771587605978925
    outer loop
      vertex -18.326234869658947 -20.500000000000004 48.34365799278021
      vertex -18.326234869658947 -21.300000000000004 48.34365799278021
      vertex -17.426914535462856 -20.500000000000004 50
    endloop
  endfacet
  facet normal 0 -1 0
    outer loop
      vertex -20.553751178085804 -20.500000000000004 49.4786342382431
      vertex -17.426914535462856 -20.500000000000004 50
      vertex -19.591978043317795 -20.500000000000004 51.25
    endloop
  endfacet
  facet normal 0.8788171130202723 0 -0.477158759599689
    outer loop
      vertex -20.553751178085804 -20.500000000000004 49.4786342382431
      vertex -19.591978043317795 -21.300000000000004 51.25
      vertex -20.553751178085804 -21.300000000000004 49.4786342382431
    endloop
  endfacet
  facet normal 0.8788171130202723 0 -0.477158759599689
    outer loop
      vertex -20.553751178085804 -20.500000000000004 49.4786342382431
      vertex -19.591978043317795 -20.500000000000004 51.25
      vertex -19.591978043317795 -21.300000000000004 51.25
    endloop
  endfacet
  facet normal 0.8526401660236635 0 -0.5224985619914561
    outer loop
      vertex -19.591978043317795 -20.500000000000004 51.25
      vertex -18.53881686925888 -21.300000000000004 52.96860285103321
      vertex -19.591978043317795 -21.300000000000004 51.25
    endloop
  endfacet
  facet normal 0.8526401660236635 0 -0.5224985619914561
    outer loop
      vertex -19.591978043317795 -20.500000000000004 51.25
      vertex -18.53881686925888 -20.500000000000004 52.96860285103321
      vertex -18.53881686925888 -21.300000000000004 52.96860285103321
    endloop
  endfacet
  facet normal 0 -1 0
    outer loop
      vertex -19.591978043317795 -20.500000000000004 51.25
      vertex -17.426914535462856 -20.500000000000004 50
      vertex -16.442140445113182 -20.500000000000004 51.60700526088476
    endloop
  endfacet
  facet normal -0.8788171124782922 0 0.4771587605978925
    outer loop
      vertex -18.326234869658947 -21.300000000000004 48.34365799278021
      vertex -17.426914535462856 -21.300000000000004 50
      vertex -17.426914535462856 -20.500000000000004 50
    endloop
  endfacet
  facet normal -0.8526401643695805 0 0.5224985646906741
    outer loop
      vertex -17.426914535462856 -20.500000000000004 50
      vertex -17.426914535462856 -21.300000000000004 50
      vertex -16.442140445113182 -20.500000000000004 51.60700526088476
    endloop
  endfacet
  facet normal -0.8526401643695805 0 0.5224985646906741
    outer loop
      vertex -16.442140445113182 -20.500000000000004 51.60700526088476
      vertex -17.426914535462856 -21.300000000000004 50
      vertex -16.442140445113182 -21.300000000000004 51.60700526088476
    endloop
  endfacet
  facet normal 0 -1 0
    outer loop
      vertex -19.591978043317795 -20.500000000000004 51.25
      vertex -16.442140445113182 -20.500000000000004 51.60700526088476
      vertex -18.53881686925888 -20.500000000000004 52.96860285103321
    endloop
  endfacet
  facet normal 0 -1 0
    outer loop
      vertex -16.442140445113182 -20.500000000000004 51.60700526088476
      vertex -15.374611794948578 -20.500000000000004 53.16026908159256
      vertex -18.53881686925888 -20.500000000000004 52.96860285103321
    endloop
  endfacet
  facet normal 0 -1 0
    outer loop
      vertex -18.53881686925888 -20.500000000000004 52.96860285103321
      vertex -15.374611794948578 -20.500000000000004 53.16026908159256
      vertex -17.397154286503792 -20.500000000000004 54.629732213914394
    endloop
  endfacet
  facet normal 0.8241261881882967 -6.885103967280963e-17 -0.566406237555898
    outer loop
      vertex -18.53881686925888 -20.500000000000004 52.96860285103321
      vertex -17.397154286503792 -20.500000000000004 54.629732213914394
      vertex -17.397154286503792 -21.300000000000004 54.629732213914394
    endloop
  endfacet
  facet normal 0.8241261881882967 0 -0.566406237555898
    outer loop
      vertex -18.53881686925888 -20.500000000000004 52.96860285103321
      vertex -17.397154286503792 -21.300000000000004 54.629732213914394
      vertex -18.53881686925888 -21.300000000000004 52.96860285103321
    endloop
  endfacet
  facet normal 0.7933533392372334 0 -0.6087614303823224
    outer loop
      vertex -17.397154286503792 -20.500000000000004 54.629732213914394
      vertex -16.170119516551495 -21.300000000000004 56.22883505374193
      vertex -17.397154286503792 -21.300000000000004 54.629732213914394
    endloop
  endfacet
  facet normal 0.7933533392372334 6.885103962258473e-17 -0.6087614303823224
    outer loop
      vertex -17.397154286503792 -20.500000000000004 54.629732213914394
      vertex -16.170119516551495 -20.500000000000004 56.22883505374193
      vertex -16.170119516551495 -21.300000000000004 56.22883505374193
    endloop
  endfacet
  facet normal 0 -1 0
    outer loop
      vertex -17.397154286503792 -20.500000000000004 54.629732213914394
      vertex -15.374611794948578 -20.500000000000004 53.16026908159256
      vertex -14.22725461423397 -20.500000000000004 54.65553408116102
    endloop
  endfacet
  facet normal -0.8241261880010262 0 0.5664062378283781
    outer loop
      vertex -16.442140445113182 -20.500000000000004 51.60700526088476
      vertex -16.442140445113182 -21.300000000000004 51.60700526088476
      vertex -15.374611794948578 -20.500000000000004 53.16026908159256
    endloop
  endfacet
  facet normal -0.8241261880010262 -7.363236181429599e-17 0.5664062378283781
    outer loop
      vertex -16.442140445113182 -21.300000000000004 51.60700526088476
      vertex -15.374611794948578 -21.300000000000004 53.16026908159256
      vertex -15.374611794948578 -20.500000000000004 53.16026908159256
    endloop
  endfacet
  facet normal -0.7933533422475999 0 0.6087614264591364
    outer loop
      vertex -15.374611794948578 -20.500000000000004 53.16026908159256
      vertex -15.374611794948578 -21.300000000000004 53.16026908159256
      vertex -14.22725461423397 -20.500000000000004 54.65553408116102
    endloop
  endfacet
  facet normal -0.7933533422475999 -7.363236177874889e-17 0.6087614264591364
    outer loop
      vertex -15.374611794948578 -21.300000000000004 53.16026908159256
      vertex -14.22725461423397 -21.300000000000004 54.65553408116102
      vertex -14.22725461423397 -20.500000000000004 54.65553408116102
    endloop
  endfacet
  facet normal 0 -1 0
    outer loop
      vertex -17.397154286503792 -20.500000000000004 54.629732213914394
      vertex -14.22725461423397 -20.500000000000004 54.65553408116102
      vertex -16.170119516551495 -20.500000000000004 56.22883505374193
    endloop
  endfacet
  facet normal 0 -1 0
    outer loop
      vertex -16.170119516551495 -20.500000000000004 56.22883505374193
      vertex -14.22725461423397 -20.500000000000004 54.65553408116102
      vertex -13.003213718533516 -20.500000000000004 56.08870182931423
    endloop
  endfacet
  facet normal 0 -1 0
    outer loop
      vertex -16.170119516551495 -20.500000000000004 56.22883505374193
      vertex -13.003213718533516 -20.500000000000004 56.08870182931423
      vertex -14.861075781285763 -20.500000000000004 57.761528342962265
    endloop
  endfacet
  facet normal 0.7604059655502516 0 -0.6494480483884678
    outer loop
      vertex -16.170119516551495 -20.500000000000004 56.22883505374193
      vertex -14.861075781285763 -21.300000000000004 57.761528342962265
      vertex -16.170119516551495 -21.300000000000004 56.22883505374193
    endloop
  endfacet
  facet normal -0.7604059648208737 0 0.6494480492424596
    outer loop
      vertex -14.22725461423397 -20.500000000000004 54.65553408116102
      vertex -14.22725461423397 -21.300000000000004 54.65553408116102
      vertex -13.003213718533516 -20.500000000000004 56.08870182931423
    endloop
  endfacet
  facet normal 0.7604059655502516 1.3770207923427054e-16 -0.6494480483884678
    outer loop
      vertex -16.170119516551495 -20.500000000000004 56.22883505374193
      vertex -14.861075781285763 -20.500000000000004 57.761528342962265
      vertex -14.861075781285763 -21.300000000000004 57.761528342962265
    endloop
  endfacet
  facet normal 0.7253743730248826 0 -0.6883545735729213
    outer loop
      vertex -14.861075781285763 -20.500000000000004 57.761528342962265
      vertex -13.473611079156399 -20.500000000000004 59.2236110791564
      vertex -13.473611079156399 -21.300000000000004 59.2236110791564
    endloop
  endfacet
  facet normal 0.7253743730248826 0 -0.6883545735729213
    outer loop
      vertex -14.861075781285763 -20.500000000000004 57.761528342962265
      vertex -13.473611079156399 -21.300000000000004 59.2236110791564
      vertex -14.861075781285763 -21.300000000000004 57.761528342962265
    endloop
  endfacet
  facet normal -0.7253743687361347 0 0.6883545780923188
    outer loop
      vertex -13.003213718533516 -20.500000000000004 56.08870182931423
      vertex -13.003213718533516 -21.300000000000004 56.08870182931423
      vertex -11.70584411919117 -20.500000000000004 57.45584411919117
    endloop
  endfacet
  facet normal -0.7604059648208737 0 0.6494480492424596
    outer loop
      vertex -14.22725461423397 -21.300000000000004 54.65553408116102
      vertex -13.003213718533516 -21.300000000000004 56.08870182931423
      vertex -13.003213718533516 -20.500000000000004 56.08870182931423
    endloop
  endfacet
  facet normal 0 -1 0
    outer loop
      vertex -14.861075781285763 -20.500000000000004 57.761528342962265
      vertex -13.003213718533516 -20.500000000000004 56.08870182931423
      vertex -11.70584411919117 -20.500000000000004 57.45584411919117
    endloop
  endfacet
  facet normal 0 -1 0
    outer loop
      vertex -14.861075781285763 -20.500000000000004 57.761528342962265
      vertex -11.70584411919117 -20.500000000000004 57.45584411919117
      vertex -13.473611079156399 -20.500000000000004 59.2236110791564
    endloop
  endfacet
  facet normal 0 -1 0
    outer loop
      vertex -13.473611079156399 -20.500000000000004 59.2236110791564
      vertex -11.70584411919117 -20.500000000000004 57.45584411919117
      vertex -10.338701829314232 -20.500000000000004 58.753213718533516
    endloop
  endfacet
  facet normal -0.6883545780923188 0 0.7253743687361347
    outer loop
      vertex -11.70584411919117 -20.500000000000004 57.45584411919117
      vertex -11.70584411919117 -21.300000000000004 57.45584411919117
      vertex -10.338701829314232 -20.500000000000004 58.753213718533516
    endloop
  endfacet
  facet normal -0.7253743687361347 0 0.6883545780923188
    outer loop
      vertex -13.003213718533516 -21.300000000000004 56.08870182931423
      vertex -11.70584411919117 -21.300000000000004 57.45584411919117
      vertex -11.70584411919117 -20.500000000000004 57.45584411919117
    endloop
  endfacet
  facet normal -0.6883545780923188 0 0.7253743687361347
    outer loop
      vertex -11.70584411919117 -21.300000000000004 57.45584411919117
      vertex -10.338701829314232 -21.300000000000004 58.753213718533516
      vertex -10.338701829314232 -20.500000000000004 58.753213718533516
    endloop
  endfacet
  facet normal -0.6494480492424596 0 0.7604059648208737
    outer loop
      vertex -10.338701829314232 -20.500000000000004 58.753213718533516
      vertex -10.338701829314232 -21.300000000000004 58.753213718533516
      vertex -8.905534081161022 -20.500000000000004 59.97725461423397
    endloop
  endfacet
  facet normal 0 -1 0
    outer loop
      vertex -13.473611079156399 -20.500000000000004 59.2236110791564
      vertex -10.338701829314232 -20.500000000000004 58.753213718533516
      vertex -12.011528342962265 -20.500000000000004 60.61107578128576
    endloop
  endfacet
  facet normal 0.6883545735729213 0 -0.7253743730248826
    outer loop
      vertex -13.473611079156399 -20.500000000000004 59.2236110791564
      vertex -12.011528342962265 -21.300000000000004 60.61107578128576
      vertex -13.473611079156399 -21.300000000000004 59.2236110791564
    endloop
  endfacet
  facet normal 0.6883545735729213 0 -0.7253743730248826
    outer loop
      vertex -13.473611079156399 -20.500000000000004 59.2236110791564
      vertex -12.011528342962265 -20.500000000000004 60.61107578128576
      vertex -12.011528342962265 -21.300000000000004 60.61107578128576
    endloop
  endfacet
  facet normal 0.6494480483884678 0 -0.7604059655502516
    outer loop
      vertex -12.011528342962265 -20.500000000000004 60.61107578128576
      vertex -10.478835053741932 -21.300000000000004 61.920119516551495
      vertex -12.011528342962265 -21.300000000000004 60.61107578128576
    endloop
  endfacet
  facet normal 0 -1 0
    outer loop
      vertex -10.338701829314232 -20.500000000000004 58.753213718533516
      vertex -8.905534081161022 -20.500000000000004 59.97725461423397
      vertex -12.011528342962265 -20.500000000000004 60.61107578128576
    endloop
  endfacet
  facet normal 0 -1 0
    outer loop
      vertex -12.011528342962265 -20.500000000000004 60.61107578128576
      vertex -8.905534081161022 -20.500000000000004 59.97725461423397
      vertex -10.478835053741932 -20.500000000000004 61.920119516551495
    endloop
  endfacet
  facet normal 0 -1 0
    outer loop
      vertex -8.905534081161022 -20.500000000000004 59.97725461423397
      vertex -7.41026908159256 -20.500000000000004 61.12461179494858
      vertex -10.478835053741932 -20.500000000000004 61.920119516551495
    endloop
  endfacet
  facet normal 0.6494480483884678 1.3770207923427054e-16 -0.7604059655502516
    outer loop
      vertex -12.011528342962265 -20.500000000000004 60.61107578128576
      vertex -10.478835053741932 -20.500000000000004 61.920119516551495
      vertex -10.478835053741932 -21.300000000000004 61.920119516551495
    endloop
  endfacet
  facet normal -0.6494480492424596 0 0.7604059648208737
    outer loop
      vertex -10.338701829314232 -21.300000000000004 58.753213718533516
      vertex -8.905534081161022 -21.300000000000004 59.97725461423397
      vertex -8.905534081161022 -20.500000000000004 59.97725461423397
    endloop
  endfacet
  facet normal 0 -1 0
    outer loop
      vertex -10.478835053741932 -20.500000000000004 61.920119516551495
      vertex -7.41026908159256 -20.500000000000004 61.12461179494858
      vertex -8.879732213914394 -20.500000000000004 63.14715428650379
    endloop
  endfacet
  facet normal 0.6087614303823224 6.885103962258473e-17 -0.7933533392372334
    outer loop
      vertex -10.478835053741932 -20.500000000000004 61.920119516551495
      vertex -8.879732213914394 -20.500000000000004 63.14715428650379
      vertex -8.879732213914394 -21.300000000000004 63.14715428650379
    endloop
  endfacet
  facet normal 0.6087614303823224 0 -0.7933533392372334
    outer loop
      vertex -10.478835053741932 -20.500000000000004 61.920119516551495
      vertex -8.879732213914394 -21.300000000000004 63.14715428650379
      vertex -10.478835053741932 -21.300000000000004 61.920119516551495
    endloop
  endfacet
  facet normal -0.6087614264591364 0 0.7933533422475999
    outer loop
      vertex -8.905534081161022 -20.500000000000004 59.97725461423397
      vertex -8.905534081161022 -21.300000000000004 59.97725461423397
      vertex -7.41026908159256 -20.500000000000004 61.12461179494858
    endloop
  endfacet
  facet normal -0.6087614264591364 -7.363236177874889e-17 0.7933533422475999
    outer loop
      vertex -8.905534081161022 -21.300000000000004 59.97725461423397
      vertex -7.41026908159256 -21.300000000000004 61.12461179494858
      vertex -7.41026908159256 -20.500000000000004 61.12461179494858
    endloop
  endfacet
  facet normal -0.566406225688801 0 0.8241261963443264
    outer loop
      vertex -7.41026908159256 -20.500000000000004 61.12461179494858
      vertex -7.41026908159256 -21.300000000000004 61.12461179494858
      vertex -7.057975068688393 -20.500000000000004 61.36673675477505
    endloop
  endfacet
  facet normal -0.566406225688801 0 0.8241261963443264
    outer loop
      vertex -7.057975068688393 -20.500000000000004 61.36673675477505
      vertex -7.41026908159256 -21.300000000000004 61.12461179494858
      vertex -7.057975068688393 -21.300000000000004 61.36673675477505
    endloop
  endfacet
  facet normal 0 -1 0
    outer loop
      vertex -8.879732213914394 -20.500000000000004 63.14715428650379
      vertex -7.41026908159256 -20.500000000000004 61.12461179494858
      vertex -7.057975068688393 -20.500000000000004 61.36673675477505
    endloop
  endfacet
  facet normal 0 -1 0
    outer loop
      vertex -8.879732213914394 -20.500000000000004 63.14715428650379
      vertex -7.057975068688393 -20.500000000000004 61.36673675477505
      vertex -7.218602851033211 -20.500000000000004 64.28881686925888
    endloop
  endfacet
  facet normal 0 -1 0
    outer loop
      vertex -7.057975068688393 -20.500000000000004 61.36673675477505
      vertex -6.13657134026289 -20.500000000000004 62
      vertex -7.218602851033211 -20.500000000000004 64.28881686925888
    endloop
  endfacet
  facet normal 0 -1 0
    outer loop
      vertex -7.218602851033211 -20.500000000000004 64.28881686925888
      vertex -6.13657134026289 -20.500000000000004 62
      vertex -5.857005260884762 -20.500000000000004 62.19214044511318
    endloop
  endfacet
  facet normal 0.566406237555898 -6.885103967280963e-17 -0.8241261881882967
    outer loop
      vertex -8.879732213914394 -20.500000000000004 63.14715428650379
      vertex -7.218602851033211 -20.500000000000004 64.28881686925888
      vertex -7.218602851033211 -21.300000000000004 64.28881686925888
    endloop
  endfacet
  facet normal 0.566406237555898 0 -0.8241261881882967
    outer loop
      vertex -8.879732213914394 -20.500000000000004 63.14715428650379
      vertex -7.218602851033211 -21.300000000000004 64.28881686925888
      vertex -8.879732213914394 -21.300000000000004 63.14715428650379
    endloop
  endfacet
  facet normal 0.5224985619914561 0 -0.8526401660236635
    outer loop
      vertex -7.218602851033211 -20.500000000000004 64.28881686925888
      vertex -5.5 -21.300000000000004 65.3419780433178
      vertex -7.218602851033211 -21.300000000000004 64.28881686925888
    endloop
  endfacet
  facet normal 0 -1 0
    outer loop
      vertex -7.057975068688393 -20.500000000000004 61.36673675477505
      vertex 7.75 -20.500000000000004 53.5
      vertex -6.13657134026289 -20.500000000000004 62
    endloop
  endfacet
  facet normal 0.46915522594009096 0 0.8831157194689166
    outer loop
      vertex -7.057975068688393 -20.500000000000004 61.36673675477505
      vertex -7.057975068688393 -21.300000000000004 61.36673675477505
      vertex 7.75 -20.500000000000004 53.5
    endloop
  endfacet
  facet normal 0.46915522594009096 -1.1586978983122218e-16 0.8831157194689166
    outer loop
      vertex -7.057975068688393 -21.300000000000004 61.36673675477505
      vertex 7.75 -21.300000000000004 53.5
      vertex 7.75 -20.500000000000004 53.5
    endloop
  endfacet
  facet normal 0 -1 0
    outer loop
      vertex 7.75 -20.500000000000004 53.5
      vertex 19.75 -20.500000000000004 53.5
      vertex -6.13657134026289 -20.500000000000004 62
    endloop
  endfacet
  facet normal 0 0 1
    outer loop
      vertex 7.75 -20.500000000000004 53.5
      vertex 7.75 -21.300000000000004 53.5
      vertex 19.75 -20.500000000000004 53.5
    endloop
  endfacet
  facet normal 0 -1 0
    outer loop
      vertex -7.218602851033211 -20.500000000000004 64.28881686925888
      vertex -5.857005260884762 -20.500000000000004 62.19214044511318
      vertex -5.5 -20.500000000000004 65.3419780433178
    endloop
  endfacet
  facet normal 0 -1 0
    outer loop
      vertex -5.857005260884762 -20.500000000000004 62.19214044511318
      vertex -4.25 -20.500000000000004 63.176914535462856
      vertex -5.5 -20.500000000000004 65.3419780433178
    endloop
  endfacet
  facet normal -0.5664062411006927 0 0.8241261857520267
    outer loop
      vertex -6.13657134026289 -20.500000000000004 62
      vertex -6.13657134026289 -21.300000000000004 62
      vertex -5.857005260884762 -20.500000000000004 62.19214044511318
    endloop
  endfacet
  facet normal -0.5224985646906741 0 0.8526401643695805
    outer loop
      vertex -5.857005260884762 -20.500000000000004 62.19214044511318
      vertex -5.857005260884762 -21.300000000000004 62.19214044511318
      vertex -4.25 -20.500000000000004 63.176914535462856
    endloop
  endfacet
  facet normal -0.5664062411006927 0 0.8241261857520267
    outer loop
      vertex -5.857005260884762 -20.500000000000004 62.19214044511318
      vertex -6.13657134026289 -21.300000000000004 62
      vertex -5.857005260884762 -21.300000000000004 62.19214044511318
    endloop
  endfacet
  facet normal -0.5224985646906741 0 0.8526401643695805
    outer loop
      vertex -4.25 -20.500000000000004 63.176914535462856
      vertex -5.857005260884762 -21.300000000000004 62.19214044511318
      vertex -4.25 -21.300000000000004 63.176914535462856
    endloop
  endfacet
  facet normal -0.4771587605978925 0 0.8788171124782922
    outer loop
      vertex -4.25 -20.500000000000004 63.176914535462856
      vertex -4.25 -21.300000000000004 63.176914535462856
      vertex -2.5936579927802086 -20.500000000000004 64.07623486965895
    endloop
  endfacet
  facet normal -0.4771587605978925 0 0.8788171124782922
    outer loop
      vertex -4.25 -21.300000000000004 63.176914535462856
      vertex -2.5936579927802086 -21.300000000000004 64.07623486965895
      vertex -2.5936579927802086 -20.500000000000004 64.07623486965895
    endloop
  endfacet
  facet normal 0 -1 0
    outer loop
      vertex -4.25 -20.500000000000004 63.176914535462856
      vertex -3.728634238243103 -20.500000000000004 66.3037511780858
      vertex -5.5 -20.500000000000004 65.3419780433178
    endloop
  endfacet
  facet normal 0.5224985619914561 0 -0.8526401660236635
    outer loop
      vertex -7.218602851033211 -20.500000000000004 64.28881686925888
      vertex -5.5 -20.500000000000004 65.3419780433178
      vertex -5.5 -21.300000000000004 65.3419780433178
    endloop
  endfacet
  facet normal 0.477158759599689 0 -0.8788171130202723
    outer loop
      vertex -5.5 -20.500000000000004 65.3419780433178
      vertex -3.728634238243103 -20.500000000000004 66.3037511780858
      vertex -3.728634238243103 -21.300000000000004 66.3037511780858
    endloop
  endfacet
  facet normal 0.477158759599689 0 -0.8788171130202723
    outer loop
      vertex -5.5 -20.500000000000004 65.3419780433178
      vertex -3.728634238243103 -21.300000000000004 66.3037511780858
      vertex -5.5 -21.300000000000004 65.3419780433178
    endloop
  endfacet
  facet normal 0 -1 0
    outer loop
      vertex -4.25 -20.500000000000004 63.176914535462856
      vertex -2.5936579927802086 -20.500000000000004 64.07623486965895
      vertex -3.728634238243103 -20.500000000000004 66.3037511780858
    endloop
  endfacet
  facet normal 0 -1 0
    outer loop
      vertex -2.5936579927802086 -20.500000000000004 64.07623486965895
      vertex -1.909360758960247 -20.500000000000004 67.17150011658669
      vertex -3.728634238243103 -20.500000000000004 66.3037511780858
    endloop
  endfacet
  facet normal 0 -1 0
    outer loop
      vertex -2.5936579927802086 -20.500000000000004 64.07623486965895
      vertex -0.8925191536545753 -20.500000000000004 64.88763647526503
      vertex -1.909360758960247 -20.500000000000004 67.17150011658669
    endloop
  endfacet
  facet normal 0.430511097453478 0 -0.9025852840421241
    outer loop
      vertex -3.728634238243103 -20.500000000000004 66.3037511780858
      vertex -1.909360758960247 -21.300000000000004 67.17150011658669
      vertex -3.728634238243103 -21.300000000000004 66.3037511780858
    endloop
  endfacet
  facet normal -0.43051109750878347 0 0.9025852840157448
    outer loop
      vertex -2.5936579927802086 -20.500000000000004 64.07623486965895
      vertex -2.5936579927802086 -21.300000000000004 64.07623486965895
      vertex -0.8925191536545753 -20.500000000000004 64.88763647526503
    endloop
  endfacet
  facet normal -0.43051109750878347 0 0.9025852840157448
    outer loop
      vertex -2.5936579927802086 -21.300000000000004 64.07623486965895
      vertex -0.8925191536545753 -21.300000000000004 64.88763647526503
      vertex -0.8925191536545753 -20.500000000000004 64.88763647526503
    endloop
  endfacet
  facet normal 0.430511097453478 -3.442551983808981e-17 -0.9025852840421241
    outer loop
      vertex -3.728634238243103 -20.500000000000004 66.3037511780858
      vertex -1.909360758960247 -20.500000000000004 67.17150011658669
      vertex -1.909360758960247 -21.300000000000004 67.17150011658669
    endloop
  endfacet
  facet normal 0.3826834321451179 0 -0.9238795326024021
    outer loop
      vertex -1.909360758960247 -20.500000000000004 67.17150011658669
      vertex -0.04716605693101883 -21.300000000000004 67.94284641742706
      vertex -1.909360758960247 -21.300000000000004 67.17150011658669
    endloop
  endfacet
  facet normal 0 -1 0
    outer loop
      vertex -0.8925191536545753 -20.500000000000004 64.88763647526503
      vertex 0.8487538173794746 -20.500000000000004 65.60889535397291
      vertex -0.04716605693101883 -20.500000000000004 67.94284641742706
    endloop
  endfacet
  facet normal -0.38268343160058493 0 0.9238795328279551
    outer loop
      vertex -0.8925191536545753 -20.500000000000004 64.88763647526503
      vertex -0.8925191536545753 -21.300000000000004 64.88763647526503
      vertex 0.8487538173794746 -20.500000000000004 65.60889535397291
    endloop
  endfacet
  facet normal -0.38268343160058493 0 0.9238795328279551
    outer loop
      vertex 0.8487538173794746 -20.500000000000004 65.60889535397291
      vertex -0.8925191536545753 -21.300000000000004 64.88763647526503
      vertex 0.8487538173794746 -21.300000000000004 65.60889535397291
    endloop
  endfacet
  facet normal 0 -1 0
    outer loop
      vertex -1.909360758960247 -20.500000000000004 67.17150011658669
      vertex -0.8925191536545753 -20.500000000000004 64.88763647526503
      vertex -0.04716605693101883 -20.500000000000004 67.94284641742706
    endloop
  endfacet
  facet normal 0 -1 0
    outer loop
      vertex 0.8487538173794746 -20.500000000000004 65.60889535397291
      vertex 1.8528457134962082 -20.500000000000004 68.61567587405443
      vertex -0.04716605693101883 -20.500000000000004 67.94284641742706
    endloop
  endfacet
  facet normal 0.3826834321451179 0 -0.9238795326024021
    outer loop
      vertex -1.909360758960247 -20.500000000000004 67.17150011658669
      vertex -0.04716605693101883 -20.500000000000004 67.94284641742706
      vertex -0.04716605693101883 -21.300000000000004 67.94284641742706
    endloop
  endfacet
  facet normal 0.3338068595389022 -3.4425519868695414e-17 -0.9426414909841258
    outer loop
      vertex -0.04716605693101883 -20.500000000000004 67.94284641742706
      vertex 1.8528457134962082 -20.500000000000004 68.61567587405443
      vertex 1.8528457134962082 -21.300000000000004 68.61567587405443
    endloop
  endfacet
  facet normal 0.3338068595389022 0 -0.9426414909841258
    outer loop
      vertex -0.04716605693101883 -20.500000000000004 67.94284641742706
      vertex 1.8528457134962082 -21.300000000000004 68.61567587405443
      vertex -0.04716605693101883 -21.300000000000004 67.94284641742706
    endloop
  endfacet
  facet normal -0.333806857528949 0 0.9426414916958875
    outer loop
      vertex 0.8487538173794746 -20.500000000000004 65.60889535397291
      vertex 0.8487538173794746 -21.300000000000004 65.60889535397291
      vertex 2.625388205051422 -20.500000000000004 66.23803458362818
    endloop
  endfacet
  facet normal -0.333806857528949 7.36323617924519e-17 0.9426414916958875
    outer loop
      vertex 0.8487538173794746 -21.300000000000004 65.60889535397291
      vertex 2.625388205051422 -21.300000000000004 66.23803458362818
      vertex 2.625388205051422 -20.500000000000004 66.23803458362818
    endloop
  endfacet
  facet normal -0.2840153480516226 0 0.9588197338765592
    outer loop
      vertex 2.625388205051422 -20.500000000000004 66.23803458362818
      vertex 2.625388205051422 -21.300000000000004 66.23803458362818
      vertex 4.432514376938343 -20.500000000000004 66.77332974970341
    endloop
  endfacet
  facet normal 0 -1 0
    outer loop
      vertex 0.8487538173794746 -20.500000000000004 65.60889535397291
      vertex 2.625388205051422 -20.500000000000004 66.23803458362818
      vertex 1.8528457134962082 -20.500000000000004 68.61567587405443
    endloop
  endfacet
  facet normal 0 -1 0
    outer loop
      vertex 2.625388205051422 -20.500000000000004 66.23803458362818
      vertex 4.432514376938343 -20.500000000000004 66.77332974970341
      vertex 3.7854667603969574 -20.500000000000004 69.18814431130886
    endloop
  endfacet
  facet normal 0 -1 0
    outer loop
      vertex 2.625388205051422 -20.500000000000004 66.23803458362818
      vertex 3.7854667603969574 -20.500000000000004 69.18814431130886
      vertex 1.8528457134962082 -20.500000000000004 68.61567587405443
    endloop
  endfacet
  facet normal 0.2840153458508806 0 -0.9588197345284486
    outer loop
      vertex 1.8528457134962082 -20.500000000000004 68.61567587405443
      vertex 3.7854667603969574 -21.300000000000004 69.18814431130886
      vertex 1.8528457134962082 -21.300000000000004 68.61567587405443
    endloop
  endfacet
  facet normal 0.2840153458508806 -6.88510395924201e-17 -0.9588197345284486
    outer loop
      vertex 1.8528457134962082 -20.500000000000004 68.61567587405443
      vertex 3.7854667603969574 -20.500000000000004 69.18814431130886
      vertex 3.7854667603969574 -21.300000000000004 69.18814431130886
    endloop
  endfacet
  facet normal 0 0 -1
    outer loop
      vertex -6.13657134026289 -20.500000000000004 62
      vertex 33.63657134026289 -21.300000000000004 62
      vertex -6.13657134026289 -21.300000000000004 62
    endloop
  endfacet
  facet normal -0.2840153480516226 3.6816180905592657e-17 0.9588197338765592
    outer loop
      vertex 2.625388205051422 -21.300000000000004 66.23803458362818
      vertex 4.432514376938343 -21.300000000000004 66.77332974970341
      vertex 4.432514376938343 -20.500000000000004 66.77332974970341
    endloop
  endfacet
  facet normal 0 -1 0
    outer loop
      vertex 4.432514376938343 -20.500000000000004 66.77332974970341
      vertex 5.745399907231331 -20.500000000000004 69.65868262946606
      vertex 3.7854667603969574 -20.500000000000004 69.18814431130886
    endloop
  endfacet
  facet normal 0 -1 0
    outer loop
      vertex 4.432514376938343 -20.500000000000004 66.77332974970341
      vertex 6.265179127454758 -20.500000000000004 67.21331362426281
      vertex 5.745399907231331 -20.500000000000004 69.65868262946606
    endloop
  endfacet
  facet normal -0.23344536157110987 0 0.9723699209462076
    outer loop
      vertex 4.432514376938343 -20.500000000000004 66.77332974970341
      vertex 4.432514376938343 -21.300000000000004 66.77332974970341
      vertex 6.265179127454758 -20.500000000000004 67.21331362426281
    endloop
  endfacet
  facet normal -0.23344536157110987 0 0.9723699209462076
    outer loop
      vertex 4.432514376938343 -21.300000000000004 66.77332974970341
      vertex 6.265179127454758 -21.300000000000004 67.21331362426281
      vertex 6.265179127454758 -20.500000000000004 67.21331362426281
    endloop
  endfacet
  facet normal 0 -1 0
    outer loop
      vertex 6.265179127454758 -20.500000000000004 67.21331362426281
      vertex 7.727273099124432 -20.500000000000004 70.02600111067295
      vertex 5.745399907231331 -20.500000000000004 69.65868262946606
    endloop
  endfacet
  facet normal 0 -1 0
    outer loop
      vertex 6.265179127454758 -20.500000000000004 67.21331362426281
      vertex 8.118359260261059 -20.500000000000004 67.55678026378155
      vertex 7.727273099124432 -20.500000000000004 70.02600111067295
    endloop
  endfacet
  facet normal -0.18223552734819107 0 0.9832549072199572
    outer loop
      vertex 6.265179127454758 -20.500000000000004 67.21331362426281
      vertex 6.265179127454758 -21.300000000000004 67.21331362426281
      vertex 8.118359260261059 -20.500000000000004 67.55678026378155
    endloop
  endfacet
  facet normal -0.1305261923299389 0 0.9914448613593434
    outer loop
      vertex 8.118359260261059 -20.500000000000004 67.55678026378155
      vertex 8.118359260261059 -21.300000000000004 67.55678026378155
      vertex 9.986975319683552 -20.500000000000004 67.80278823524714
    endloop
  endfacet
  facet normal -0.18223552734819107 0 0.9832549072199572
    outer loop
      vertex 8.118359260261059 -20.500000000000004 67.55678026378155
      vertex 6.265179127454758 -21.300000000000004 67.21331362426281
      vertex 8.118359260261059 -21.300000000000004 67.55678026378155
    endloop
  endfacet
  facet normal 0 -1 0
    outer loop
      vertex 8.118359260261059 -20.500000000000004 67.55678026378155
      vertex 9.986975319683552 -20.500000000000004 67.80278823524714
      vertex 9.725654162466526 -20.500000000000004 70.28909297287464
    endloop
  endfacet
  facet normal 0 -1 0
    outer loop
      vertex 9.986975319683552 -20.500000000000004 67.80278823524714
      vertex 11.865905575454235 -20.500000000000004 67.95066325366497
      vertex 11.735065683722496 -20.500000000000004 70.44723708927631
    endloop
  endfacet
  facet normal -0.1305261923299389 0 0.9914448613593434
    outer loop
      vertex 8.118359260261059 -21.300000000000004 67.55678026378155
      vertex 9.986975319683552 -21.300000000000004 67.80278823524714
      vertex 9.986975319683552 -20.500000000000004 67.80278823524714
    endloop
  endfacet
  facet normal -0.07845909587774129 0 0.996917333721331
    outer loop
      vertex 9.986975319683552 -20.500000000000004 67.80278823524714
      vertex 9.986975319683552 -21.300000000000004 67.80278823524714
      vertex 11.865905575454235 -20.500000000000004 67.95066325366497
    endloop
  endfacet
  facet normal -0.07845909587774129 0 0.996917333721331
    outer loop
      vertex 9.986975319683552 -21.300000000000004 67.80278823524714
      vertex 11.865905575454235 -21.300000000000004 67.95066325366497
      vertex 11.865905575454235 -20.500000000000004 67.95066325366497
    endloop
  endfacet
  facet normal 0 -1 0
    outer loop
      vertex 11.865905575454235 -20.500000000000004 67.95066325366497
      vertex 13.75 -20.500000000000004 68
      vertex 13.75 -20.500000000000004 70.5
    endloop
  endfacet
  facet normal -0.026176946984954284 0 0.9996573250101992
    outer loop
      vertex 11.865905575454235 -20.500000000000004 67.95066325366497
      vertex 11.865905575454235 -21.300000000000004 67.95066325366497
      vertex 13.75 -20.500000000000004 68
    endloop
  endfacet
  facet normal -0.026176946984954284 0 0.9996573250101992
    outer loop
      vertex 11.865905575454235 -21.300000000000004 67.95066325366497
      vertex 13.75 -21.300000000000004 68
      vertex 13.75 -20.500000000000004 68
    endloop
  endfacet
  facet normal 0.2334453640366037 0 -0.9723699203542948
    outer loop
      vertex 3.7854667603969574 -20.500000000000004 69.18814431130886
      vertex 5.745399907231331 -21.300000000000004 69.65868262946606
      vertex 3.7854667603969574 -21.300000000000004 69.18814431130886
    endloop
  endfacet
  facet normal 0.2334453640366037 0 -0.9723699203542948
    outer loop
      vertex 3.7854667603969574 -20.500000000000004 69.18814431130886
      vertex 5.745399907231331 -20.500000000000004 69.65868262946606
      vertex 5.745399907231331 -21.300000000000004 69.65868262946606
    endloop
  endfacet
  facet normal 0 -1 0
    outer loop
      vertex 8.118359260261059 -20.500000000000004 67.55678026378155
      vertex 9.725654162466526 -20.500000000000004 70.28909297287464
      vertex 7.727273099124432 -20.500000000000004 70.02600111067295
    endloop
  endfacet
  facet normal 0.18223552388341577 0 -0.9832549078621153
    outer loop
      vertex 5.745399907231331 -20.500000000000004 69.65868262946606
      vertex 7.727273099124432 -20.500000000000004 70.02600111067295
      vertex 7.727273099124432 -21.300000000000004 70.02600111067295
    endloop
  endfacet
  facet normal 0.18223552388341577 0 -0.9832549078621153
    outer loop
      vertex 5.745399907231331 -20.500000000000004 69.65868262946606
      vertex 7.727273099124432 -21.300000000000004 70.02600111067295
      vertex 5.745399907231331 -21.300000000000004 69.65868262946606
    endloop
  endfacet
  facet normal 0.13052619421040879 0 -0.991444861111775
    outer loop
      vertex 7.727273099124432 -20.500000000000004 70.02600111067295
      vertex 9.725654162466526 -21.300000000000004 70.28909297287464
      vertex 7.727273099124432 -21.300000000000004 70.02600111067295
    endloop
  endfacet
  facet normal 0 -1 0
    outer loop
      vertex 9.986975319683552 -20.500000000000004 67.80278823524714
      vertex 11.735065683722496 -20.500000000000004 70.44723708927631
      vertex 9.725654162466526 -20.500000000000004 70.28909297287464
    endloop
  endfacet
  facet normal 0.13052619421040879 0 -0.991444861111775
    outer loop
      vertex 7.727273099124432 -20.500000000000004 70.02600111067295
      vertex 9.725654162466526 -20.500000000000004 70.28909297287464
      vertex 9.725654162466526 -21.300000000000004 70.28909297287464
    endloop
  endfacet
  facet normal 0.07845909571096935 0 -0.9969173337344561
    outer loop
      vertex 9.725654162466526 -20.500000000000004 70.28909297287464
      vertex 11.735065683722496 -21.300000000000004 70.44723708927631
      vertex 9.725654162466526 -21.300000000000004 70.28909297287464
    endloop
  endfacet
  facet normal 0.07845909571096935 0 -0.9969173337344561
    outer loop
      vertex 9.725654162466526 -20.500000000000004 70.28909297287464
      vertex 11.735065683722496 -20.500000000000004 70.44723708927631
      vertex 11.735065683722496 -21.300000000000004 70.44723708927631
    endloop
  endfacet
  facet normal 0 -1 0
    outer loop
      vertex 11.865905575454235 -20.500000000000004 67.95066325366497
      vertex 13.75 -20.500000000000004 70.5
      vertex 11.735065683722496 -20.500000000000004 70.44723708927631
    endloop
  endfacet
  facet normal 0.02617694768843073 0 -0.999657324991778
    outer loop
      vertex 11.735065683722496 -20.500000000000004 70.44723708927631
      vertex 13.75 -21.300000000000004 70.5
      vertex 11.735065683722496 -21.300000000000004 70.44723708927631
    endloop
  endfacet
  facet normal 0.02617694768843073 0 -0.999657324991778
    outer loop
      vertex 11.735065683722496 -20.500000000000004 70.44723708927631
      vertex 13.75 -20.500000000000004 70.5
      vertex 13.75 -21.300000000000004 70.5
    endloop
  endfacet
  facet normal 0 0 1
    outer loop
      vertex -8.25 -21.300000000000004 4
      vertex 35.75 -21.300000000000004 4
      vertex 35.75 -20.500000000000004 4
    endloop
  endfacet
  facet normal 0 0 -1
    outer loop
      vertex 7.75 -20.500000000000004 18.5
      vertex 19.75 -20.500000000000004 18.5
      vertex 19.75 -21.300000000000004 18.5
    endloop
  endfacet
  facet normal 0 -1 0
    outer loop
      vertex 7.75 -20.500000000000004 18.5
      vertex 35.75 -20.500000000000004 4
      vertex 19.75 -20.500000000000004 18.5
    endloop
  endfacet
  facet normal 0.4771587605978921 4.940754933507447e-17 -0.8788171124782923
    outer loop
      vertex 30.234065156089724 -20.500000000000004 0
      vertex 31.75 -20.500000000000004 0.8230854645371437
      vertex 31.75 -21.300000000000004 0.8230854645371437
    endloop
  endfacet
  facet normal 0.4771587605978921 0 -0.8788171124782923
    outer loop
      vertex 30.234065156089724 -20.500000000000004 0
      vertex 31.75 -21.300000000000004 0.8230854645371437
      vertex 30.234065156089724 -21.300000000000004 0
    endloop
  endfacet
  facet normal 0 -1 0
    outer loop
      vertex 30.234065156089724 -20.500000000000004 0
      vertex 35.13883400274843 -20.500000000000004 0
      vertex 31.75 -20.500000000000004 0.8230854645371437
    endloop
  endfacet
  facet normal 0 -1 0
    outer loop
      vertex 31.75 -20.500000000000004 0.8230854645371437
      vertex 35.13883400274843 -20.500000000000004 0
      vertex 33.35700526088476 -20.500000000000004 1.807859554886818
    endloop
  endfacet
  facet normal 0.5224985646906741 0 -0.8526401643695805
    outer loop
      vertex 31.75 -20.500000000000004 0.8230854645371437
      vertex 33.35700526088476 -21.300000000000004 1.807859554886818
      vertex 31.75 -21.300000000000004 0.8230854645371437
    endloop
  endfacet
  facet normal 0.5224985646906741 -3.681618089733682e-17 -0.8526401643695805
    outer loop
      vertex 31.75 -20.500000000000004 0.8230854645371437
      vertex 33.35700526088476 -20.500000000000004 1.807859554886818
      vertex 33.35700526088476 -21.300000000000004 1.807859554886818
    endloop
  endfacet
  facet normal -0.6715194247388593 0 -0.7409869514359827
    outer loop
      vertex 19.75 -20.500000000000004 18.5
      vertex 35.75 -20.500000000000004 4
      vertex 35.75 -21.300000000000004 4
    endloop
  endfacet
  facet normal -0.6715194247388593 0 -0.7409869514359827
    outer loop
      vertex 19.75 -20.500000000000004 18.5
      vertex 35.75 -21.300000000000004 4
      vertex 19.75 -21.300000000000004 18.5
    endloop
  endfacet
  facet normal 0 -1 0
    outer loop
      vertex 33.35700526088476 -20.500000000000004 1.807859554886818
      vertex 35.13883400274843 -20.500000000000004 0
      vertex 36.379732213914394 -20.500000000000004 0.8528457134962082
    endloop
  endfacet
  facet normal 0 -1 0
    outer loop
      vertex 33.35700526088476 -20.500000000000004 1.807859554886818
      vertex 36.379732213914394 -20.500000000000004 0.8528457134962082
      vertex 34.91026908159256 -20.500000000000004 2.875388205051422
    endloop
  endfacet
  facet normal 0.5664062378283781 0 -0.8241261880010262
    outer loop
      vertex 33.35700526088476 -20.500000000000004 1.807859554886818
      vertex 34.91026908159256 -21.300000000000004 2.875388205051422
      vertex 33.35700526088476 -21.300000000000004 1.807859554886818
    endloop
  endfacet
  facet normal -0.5664062375558985 0 0.8241261881882961
    outer loop
      vertex 35.13883400274843 -20.500000000000004 0
      vertex 35.13883400274843 -21.300000000000004 0
      vertex 36.379732213914394 -20.500000000000004 0.8528457134962082
    endloop
  endfacet
  facet normal -0.5664062375558985 -3.532875305028036e-18 0.8241261881882961
    outer loop
      vertex 35.13883400274843 -21.300000000000004 0
      vertex 36.379732213914394 -21.300000000000004 0.8528457134962082
      vertex 36.379732213914394 -20.500000000000004 0.8528457134962082
    endloop
  endfacet
  facet normal 0.5664062378283781 -7.363236181429599e-17 -0.8241261880010262
    outer loop
      vertex 33.35700526088476 -20.500000000000004 1.807859554886818
      vertex 34.91026908159256 -20.500000000000004 2.875388205051422
      vertex 34.91026908159256 -21.300000000000004 2.875388205051422
    endloop
  endfacet
  facet normal 0.6087614264591364 0 -0.7933533422475999
    outer loop
      vertex 34.91026908159256 -20.500000000000004 2.875388205051422
      vertex 36.40553408116102 -20.500000000000004 4.022745385766029
      vertex 34.91026908159256 -21.300000000000004 2.875388205051422
    endloop
  endfacet
  facet normal 0.6087614264591364 -7.363236177874889e-17 -0.7933533422475999
    outer loop
      vertex 34.91026908159256 -21.300000000000004 2.875388205051422
      vertex 36.40553408116102 -20.500000000000004 4.022745385766029
      vertex 36.40553408116102 -21.300000000000004 4.022745385766029
    endloop
  endfacet
  facet normal 0 -1 0
    outer loop
      vertex 34.91026908159256 -20.500000000000004 2.875388205051422
      vertex 36.379732213914394 -20.500000000000004 0.8528457134962082
      vertex 37.97883505374193 -20.500000000000004 2.0798804834485054
    endloop
  endfacet
  facet normal -0.6087614303823224 0 0.7933533392372334
    outer loop
      vertex 36.379732213914394 -20.500000000000004 0.8528457134962082
      vertex 36.379732213914394 -21.300000000000004 0.8528457134962082
      vertex 37.97883505374193 -20.500000000000004 2.0798804834485054
    endloop
  endfacet
  facet normal -0.6087614303823224 0 0.7933533392372334
    outer loop
      vertex 37.97883505374193 -20.500000000000004 2.0798804834485054
      vertex 36.379732213914394 -21.300000000000004 0.8528457134962082
      vertex 37.97883505374193 -21.300000000000004 2.0798804834485054
    endloop
  endfacet
  facet normal 0 -1 0
    outer loop
      vertex 34.91026908159256 -20.500000000000004 2.875388205051422
      vertex 37.97883505374193 -20.500000000000004 2.0798804834485054
      vertex 36.40553408116102 -20.500000000000004 4.022745385766029
    endloop
  endfacet
  facet normal 0 -1 0
    outer loop
      vertex 37.97883505374193 -20.500000000000004 2.0798804834485054
      vertex 39.511528342962265 -20.500000000000004 3.388924218714237
      vertex 36.40553408116102 -20.500000000000004 4.022745385766029
    endloop
  endfacet
  facet normal 0 -1 0
    outer loop
      vertex 36.40553408116102 -20.500000000000004 4.022745385766029
      vertex 39.511528342962265 -20.500000000000004 3.388924218714237
      vertex 37.83870182931423 -20.500000000000004 5.246786281466484
    endloop
  endfacet
  facet normal 0.6494480492424596 0 -0.7604059648208737
    outer loop
      vertex 36.40553408116102 -20.500000000000004 4.022745385766029
      vertex 37.83870182931423 -20.500000000000004 5.246786281466484
      vertex 37.83870182931423 -21.300000000000004 5.246786281466484
    endloop
  endfacet
  facet normal 0.6494480492424596 0 -0.7604059648208737
    outer loop
      vertex 36.40553408116102 -20.500000000000004 4.022745385766029
      vertex 37.83870182931423 -21.300000000000004 5.246786281466484
      vertex 36.40553408116102 -21.300000000000004 4.022745385766029
    endloop
  endfacet
  facet normal -0.6494480483884678 0 0.7604059655502516
    outer loop
      vertex 37.97883505374193 -20.500000000000004 2.0798804834485054
      vertex 37.97883505374193 -21.300000000000004 2.0798804834485054
      vertex 39.511528342962265 -20.500000000000004 3.388924218714237
    endloop
  endfacet
  facet normal 0.6883545780923188 0 -0.7253743687361347
    outer loop
      vertex 37.83870182931423 -20.500000000000004 5.246786281466484
      vertex 39.20584411919117 -21.300000000000004 6.54415588080883
      vertex 37.83870182931423 -21.300000000000004 5.246786281466484
    endloop
  endfacet
  facet normal 0 -1 0
    outer loop
      vertex 37.83870182931423 -20.500000000000004 5.246786281466484
      vertex 39.511528342962265 -20.500000000000004 3.388924218714237
      vertex 40.9736110791564 -20.500000000000004 4.776388920843601
    endloop
  endfacet
  facet normal -0.6494480483884678 1.3770207923427054e-16 0.7604059655502516
    outer loop
      vertex 37.97883505374193 -21.300000000000004 2.0798804834485054
      vertex 39.511528342962265 -21.300000000000004 3.388924218714237
      vertex 39.511528342962265 -20.500000000000004 3.388924218714237
    endloop
  endfacet
  facet normal -0.6883545735729213 0 0.7253743730248826
    outer loop
      vertex 39.511528342962265 -20.500000000000004 3.388924218714237
      vertex 39.511528342962265 -21.300000000000004 3.388924218714237
      vertex 40.9736110791564 -20.500000000000004 4.776388920843601
    endloop
  endfacet
  facet normal -0.6883545735729213 0 0.7253743730248826
    outer loop
      vertex 40.9736110791564 -20.500000000000004 4.776388920843601
      vertex 39.511528342962265 -21.300000000000004 3.388924218714237
      vertex 40.9736110791564 -21.300000000000004 4.776388920843601
    endloop
  endfacet
  facet normal 0 -1 0
    outer loop
      vertex 37.83870182931423 -20.500000000000004 5.246786281466484
      vertex 40.9736110791564 -20.500000000000004 4.776388920843601
      vertex 39.20584411919117 -20.500000000000004 6.54415588080883
    endloop
  endfacet
  facet normal 0 -1 0
    outer loop
      vertex 40.9736110791564 -20.500000000000004 4.776388920843601
      vertex 42.36107578128576 -20.500000000000004 6.238471657037735
      vertex 39.20584411919117 -20.500000000000004 6.54415588080883
    endloop
  endfacet
  facet normal 0 -1 0
    outer loop
      vertex 39.20584411919117 -20.500000000000004 6.54415588080883
      vertex 42.36107578128576 -20.500000000000004 6.238471657037735
      vertex 40.503213718533516 -20.500000000000004 7.911298170685768
    endloop
  endfacet
  facet normal 0.6883545780923188 0 -0.7253743687361347
    outer loop
      vertex 37.83870182931423 -20.500000000000004 5.246786281466484
      vertex 39.20584411919117 -20.500000000000004 6.54415588080883
      vertex 39.20584411919117 -21.300000000000004 6.54415588080883
    endloop
  endfacet
  facet normal 0.7253743687361347 0 -0.6883545780923188
    outer loop
      vertex 39.20584411919117 -20.500000000000004 6.54415588080883
      vertex 40.503213718533516 -21.300000000000004 7.911298170685768
      vertex 39.20584411919117 -21.300000000000004 6.54415588080883
    endloop
  endfacet
  facet normal 0.7253743687361347 0 -0.6883545780923188
    outer loop
      vertex 39.20584411919117 -20.500000000000004 6.54415588080883
      vertex 40.503213718533516 -20.500000000000004 7.911298170685768
      vertex 40.503213718533516 -21.300000000000004 7.911298170685768
    endloop
  endfacet
  facet normal 0.7604059648208737 0 -0.6494480492424596
    outer loop
      vertex 40.503213718533516 -20.500000000000004 7.911298170685768
      vertex 41.72725461423397 -21.300000000000004 9.344465918838978
      vertex 40.503213718533516 -21.300000000000004 7.911298170685768
    endloop
  endfacet
  facet normal 0 -1 0
    outer loop
      vertex 40.503213718533516 -20.500000000000004 7.911298170685768
      vertex 42.36107578128576 -20.500000000000004 6.238471657037735
      vertex 43.670119516551495 -20.500000000000004 7.771164946258068
    endloop
  endfacet
  facet normal -0.7253743730248826 0 0.6883545735729213
    outer loop
      vertex 40.9736110791564 -20.500000000000004 4.776388920843601
      vertex 40.9736110791564 -21.300000000000004 4.776388920843601
      vertex 42.36107578128576 -20.500000000000004 6.238471657037735
    endloop
  endfacet
  facet normal -0.7253743730248826 0 0.6883545735729213
    outer loop
      vertex 40.9736110791564 -21.300000000000004 4.776388920843601
      vertex 42.36107578128576 -21.300000000000004 6.238471657037735
      vertex 42.36107578128576 -20.500000000000004 6.238471657037735
    endloop
  endfacet
  facet normal -0.7604059655502516 0 0.6494480483884678
    outer loop
      vertex 42.36107578128576 -20.500000000000004 6.238471657037735
      vertex 42.36107578128576 -21.300000000000004 6.238471657037735
      vertex 43.670119516551495 -20.500000000000004 7.771164946258068
    endloop
  endfacet
  facet normal -0.7604059655502516 1.3770207923427054e-16 0.6494480483884678
    outer loop
      vertex 42.36107578128576 -21.300000000000004 6.238471657037735
      vertex 43.670119516551495 -21.300000000000004 7.771164946258068
      vertex 43.670119516551495 -20.500000000000004 7.771164946258068
    endloop
  endfacet
  facet normal 0 -1 0
    outer loop
      vertex 40.503213718533516 -20.500000000000004 7.911298170685768
      vertex 43.670119516551495 -20.500000000000004 7.771164946258068
      vertex 41.72725461423397 -20.500000000000004 9.344465918838978
    endloop
  endfacet
  facet normal 0 -1 0
    outer loop
      vertex 41.72725461423397 -20.500000000000004 9.344465918838978
      vertex 43.670119516551495 -20.500000000000004 7.771164946258068
      vertex 44.89715428650379 -20.500000000000004 9.370267786085606
    endloop
  endfacet
  facet normal 0 -1 0
    outer loop
      vertex 41.72725461423397 -20.500000000000004 9.344465918838978
      vertex 44.89715428650379 -20.500000000000004 9.370267786085606
      vertex 42.87461179494858 -20.500000000000004 10.83973091840744
    endloop
  endfacet
  facet normal 0.7604059648208737 0 -0.6494480492424596
    outer loop
      vertex 40.503213718533516 -20.500000000000004 7.911298170685768
      vertex 41.72725461423397 -20.500000000000004 9.344465918838978
      vertex 41.72725461423397 -21.300000000000004 9.344465918838978
    endloop
  endfacet
  facet normal 0.7933533422475999 0 -0.6087614264591364
    outer loop
      vertex 41.72725461423397 -20.500000000000004 9.344465918838978
      vertex 42.87461179494858 -21.300000000000004 10.83973091840744
      vertex 41.72725461423397 -21.300000000000004 9.344465918838978
    endloop
  endfacet
  facet normal 0.7933533422475999 -7.363236177874889e-17 -0.6087614264591364
    outer loop
      vertex 41.72725461423397 -20.500000000000004 9.344465918838978
      vertex 42.87461179494858 -20.500000000000004 10.83973091840744
      vertex 42.87461179494858 -21.300000000000004 10.83973091840744
    endloop
  endfacet
  facet normal 0.8241261880010262 -7.363236181429599e-17 -0.5664062378283781
    outer loop
      vertex 42.87461179494858 -20.500000000000004 10.83973091840744
      vertex 43.94214044511318 -20.500000000000004 12.392994739115238
      vertex 43.94214044511318 -21.300000000000004 12.392994739115238
    endloop
  endfacet
  facet normal 0.8241261880010262 0 -0.5664062378283781
    outer loop
      vertex 42.87461179494858 -20.500000000000004 10.83973091840744
      vertex 43.94214044511318 -21.300000000000004 12.392994739115238
      vertex 42.87461179494858 -21.300000000000004 10.83973091840744
    endloop
  endfacet
  facet normal -0.7933533392372334 0 0.6087614303823224
    outer loop
      vertex 43.670119516551495 -20.500000000000004 7.771164946258068
      vertex 43.670119516551495 -21.300000000000004 7.771164946258068
      vertex 44.89715428650379 -20.500000000000004 9.370267786085606
    endloop
  endfacet
  facet normal -0.7933533392372334 6.885103962258473e-17 0.6087614303823224
    outer loop
      vertex 43.670119516551495 -21.300000000000004 7.771164946258068
      vertex 44.89715428650379 -21.300000000000004 9.370267786085606
      vertex 44.89715428650379 -20.500000000000004 9.370267786085606
    endloop
  endfacet
  facet normal 0 -1 0
    outer loop
      vertex 42.87461179494858 -20.500000000000004 10.83973091840744
      vertex 44.89715428650379 -20.500000000000004 9.370267786085606
      vertex 46.03881686925888 -20.500000000000004 11.03139714896679
    endloop
  endfacet
  facet normal 0 -1 0
    outer loop
      vertex 42.87461179494858 -20.500000000000004 10.83973091840744
      vertex 46.03881686925888 -20.500000000000004 11.03139714896679
      vertex 43.94214044511318 -20.500000000000004 12.392994739115238
    endloop
  endfacet
  facet normal 0 -1 0
    outer loop
      vertex 46.03881686925888 -20.500000000000004 11.03139714896679
      vertex 47.091978043317795 -20.500000000000004 12.75
      vertex 43.94214044511318 -20.500000000000004 12.392994739115238
    endloop
  endfacet
  facet normal -0.8241261881882967 0 0.566406237555898
    outer loop
      vertex 44.89715428650379 -20.500000000000004 9.370267786085606
      vertex 44.89715428650379 -21.300000000000004 9.370267786085606
      vertex 46.03881686925888 -20.500000000000004 11.03139714896679
    endloop
  endfacet
  facet normal -0.8241261881882967 -6.885103967280963e-17 0.566406237555898
    outer loop
      vertex 44.89715428650379 -21.300000000000004 9.370267786085606
      vertex 46.03881686925888 -21.300000000000004 11.03139714896679
      vertex 46.03881686925888 -20.500000000000004 11.03139714896679
    endloop
  endfacet
  facet normal 0 -1 0
    outer loop
      vertex 43.94214044511318 -20.500000000000004 12.392994739115238
      vertex 47.091978043317795 -20.500000000000004 12.75
      vertex 44.926914535462856 -20.500000000000004 14
    endloop
  endfacet
  facet normal 0.8526401643695805 -3.681618089733682e-17 -0.5224985646906741
    outer loop
      vertex 43.94214044511318 -20.500000000000004 12.392994739115238
      vertex 44.926914535462856 -20.500000000000004 14
      vertex 44.926914535462856 -21.300000000000004 14
    endloop
  endfacet
  facet normal 0.8526401643695805 0 -0.5224985646906741
    outer loop
      vertex 43.94214044511318 -20.500000000000004 12.392994739115238
      vertex 44.926914535462856 -21.300000000000004 14
      vertex 43.94214044511318 -21.300000000000004 12.392994739115238
    endloop
  endfacet
  facet normal 0.8788171124782922 0 -0.4771587605978925
    outer loop
      vertex 44.926914535462856 -20.500000000000004 14
      vertex 45.82623486965895 -21.300000000000004 15.656342007219791
      vertex 44.926914535462856 -21.300000000000004 14
    endloop
  endfacet
  facet normal -0.8526401660236635 0 0.5224985619914561
    outer loop
      vertex 46.03881686925888 -20.500000000000004 11.03139714896679
      vertex 46.03881686925888 -21.300000000000004 11.03139714896679
      vertex 47.091978043317795 -20.500000000000004 12.75
    endloop
  endfacet
  facet normal -0.8526401660236635 0 0.5224985619914561
    outer loop
      vertex 46.03881686925888 -21.300000000000004 11.03139714896679
      vertex 47.091978043317795 -21.300000000000004 12.75
      vertex 47.091978043317795 -20.500000000000004 12.75
    endloop
  endfacet
  facet normal 0 -1 0
    outer loop
      vertex 44.926914535462856 -20.500000000000004 14
      vertex 47.091978043317795 -20.500000000000004 12.75
      vertex 48.053751178085804 -20.500000000000004 14.521365761756897
    endloop
  endfacet
  facet normal 0 -1 0
    outer loop
      vertex 44.926914535462856 -20.500000000000004 14
      vertex 48.053751178085804 -20.500000000000004 14.521365761756897
      vertex 45.82623486965895 -20.500000000000004 15.656342007219791
    endloop
  endfacet
  facet normal -0.8788171130202723 0 0.477158759599689
    outer loop
      vertex 47.091978043317795 -20.500000000000004 12.75
      vertex 47.091978043317795 -21.300000000000004 12.75
      vertex 48.053751178085804 -20.500000000000004 14.521365761756897
    endloop
  endfacet
  facet normal -0.8788171130202723 0 0.477158759599689
    outer loop
      vertex 48.053751178085804 -20.500000000000004 14.521365761756897
      vertex 47.091978043317795 -21.300000000000004 12.75
      vertex 48.053751178085804 -21.300000000000004 14.521365761756897
    endloop
  endfacet
  facet normal 0.8788171124782922 0 -0.4771587605978925
    outer loop
      vertex 44.926914535462856 -20.500000000000004 14
      vertex 45.82623486965895 -20.500000000000004 15.656342007219791
      vertex 45.82623486965895 -21.300000000000004 15.656342007219791
    endloop
  endfacet
  facet normal 0.9025852840157448 0 -0.43051109750878347
    outer loop
      vertex 45.82623486965895 -20.500000000000004 15.656342007219791
      vertex 46.637636475265026 -21.300000000000004 17.357480846345425
      vertex 45.82623486965895 -21.300000000000004 15.656342007219791
    endloop
  endfacet
  facet normal 0 -1 0
    outer loop
      vertex 45.82623486965895 -20.500000000000004 15.656342007219791
      vertex 48.921500116586685 -20.500000000000004 16.340639241039753
      vertex 46.637636475265026 -20.500000000000004 17.357480846345425
    endloop
  endfacet
  facet normal 0 -1 0
    outer loop
      vertex 48.053751178085804 -20.500000000000004 14.521365761756897
      vertex 48.921500116586685 -20.500000000000004 16.340639241039753
      vertex 45.82623486965895 -20.500000000000004 15.656342007219791
    endloop
  endfacet
  facet normal 0.9025852840157448 0 -0.43051109750878347
    outer loop
      vertex 45.82623486965895 -20.500000000000004 15.656342007219791
      vertex 46.637636475265026 -20.500000000000004 17.357480846345425
      vertex 46.637636475265026 -21.300000000000004 17.357480846345425
    endloop
  endfacet
  facet normal -0.9025852840421241 0 0.430511097453478
    outer loop
      vertex 48.053751178085804 -20.500000000000004 14.521365761756897
      vertex 48.053751178085804 -21.300000000000004 14.521365761756897
      vertex 48.921500116586685 -20.500000000000004 16.340639241039753
    endloop
  endfacet
  facet normal -0.9025852840421241 -3.442551983808981e-17 0.430511097453478
    outer loop
      vertex 48.053751178085804 -21.300000000000004 14.521365761756897
      vertex 48.921500116586685 -21.300000000000004 16.340639241039753
      vertex 48.921500116586685 -20.500000000000004 16.340639241039753
    endloop
  endfacet
  facet normal 0 -1 0
    outer loop
      vertex 46.637636475265026 -20.500000000000004 17.357480846345425
      vertex 49.69284641742706 -20.500000000000004 18.20283394306898
      vertex 47.35889535397291 -20.500000000000004 19.098753817379475
    endloop
  endfacet
  facet normal 0 -1 0
    outer loop
      vertex 46.637636475265026 -20.500000000000004 17.357480846345425
      vertex 48.921500116586685 -20.500000000000004 16.340639241039753
      vertex 49.69284641742706 -20.500000000000004 18.20283394306898
    endloop
  endfacet
  facet normal 0.9238795328279551 0 -0.38268343160058493
    outer loop
      vertex 46.637636475265026 -20.500000000000004 17.357480846345425
      vertex 47.35889535397291 -21.300000000000004 19.098753817379475
      vertex 46.637636475265026 -21.300000000000004 17.357480846345425
    endloop
  endfacet
  facet normal 0.9238795328279551 0 -0.38268343160058493
    outer loop
      vertex 46.637636475265026 -20.500000000000004 17.357480846345425
      vertex 47.35889535397291 -20.500000000000004 19.098753817379475
      vertex 47.35889535397291 -21.300000000000004 19.098753817379475
    endloop
  endfacet
  facet normal 0.9426414916958875 0 -0.333806857528949
    outer loop
      vertex 47.35889535397291 -20.500000000000004 19.098753817379475
      vertex 47.98803458362818 -21.300000000000004 20.875388205051422
      vertex 47.35889535397291 -21.300000000000004 19.098753817379475
    endloop
  endfacet
  facet normal -0.9238795326024021 0 0.3826834321451179
    outer loop
      vertex 48.921500116586685 -20.500000000000004 16.340639241039753
      vertex 48.921500116586685 -21.300000000000004 16.340639241039753
      vertex 49.69284641742706 -20.500000000000004 18.20283394306898
    endloop
  endfacet
  facet normal 0 -1 0
    outer loop
      vertex 47.35889535397291 -20.500000000000004 19.098753817379475
      vertex 49.69284641742706 -20.500000000000004 18.20283394306898
      vertex 50.36567587405443 -20.500000000000004 20.102845713496208
    endloop
  endfacet
  facet normal -0.9238795326024021 0 0.3826834321451179
    outer loop
      vertex 48.921500116586685 -21.300000000000004 16.340639241039753
      vertex 49.69284641742706 -21.300000000000004 18.20283394306898
      vertex 49.69284641742706 -20.500000000000004 18.20283394306898
    endloop
  endfacet
  facet normal -0.9426414909841258 0 0.3338068595389022
    outer loop
      vertex 49.69284641742706 -20.500000000000004 18.20283394306898
      vertex 49.69284641742706 -21.300000000000004 18.20283394306898
      vertex 50.36567587405443 -20.500000000000004 20.102845713496208
    endloop
  endfacet
  facet normal -0.9426414909841258 -3.4425519868695414e-17 0.3338068595389022
    outer loop
      vertex 49.69284641742706 -21.300000000000004 18.20283394306898
      vertex 50.36567587405443 -21.300000000000004 20.102845713496208
      vertex 50.36567587405443 -20.500000000000004 20.102845713496208
    endloop
  endfacet
  facet normal 0 -1 0
    outer loop
      vertex 47.35889535397291 -20.500000000000004 19.098753817379475
      vertex 50.36567587405443 -20.500000000000004 20.102845713496208
      vertex 47.98803458362818 -20.500000000000004 20.875388205051422
    endloop
  endfacet
  facet normal 0.9426414916958875 7.36323617924519e-17 -0.333806857528949
    outer loop
      vertex 47.35889535397291 -20.500000000000004 19.098753817379475
      vertex 47.98803458362818 -20.500000000000004 20.875388205051422
      vertex 47.98803458362818 -21.300000000000004 20.875388205051422
    endloop
  endfacet
  facet normal 0.9588197338765592 3.6816180905592657e-17 -0.2840153480516226
    outer loop
      vertex 47.98803458362818 -20.500000000000004 20.875388205051422
      vertex 48.52332974970341 -20.500000000000004 22.682514376938343
      vertex 48.52332974970341 -21.300000000000004 22.682514376938343
    endloop
  endfacet
  facet normal 0.9588197338765592 0 -0.2840153480516226
    outer loop
      vertex 47.98803458362818 -20.500000000000004 20.875388205051422
      vertex 48.52332974970341 -21.300000000000004 22.682514376938343
      vertex 47.98803458362818 -21.300000000000004 20.875388205051422
    endloop
  endfacet
  facet normal 0.9723699209462076 0 -0.23344536157110987
    outer loop
      vertex 48.52332974970341 -20.500000000000004 22.682514376938343
      vertex 48.96331362426281 -21.300000000000004 24.515179127454758
      vertex 48.52332974970341 -21.300000000000004 22.682514376938343
    endloop
  endfacet
  facet normal 0 -1 0
    outer loop
      vertex 47.98803458362818 -20.500000000000004 20.875388205051422
      vertex 50.93814431130886 -20.500000000000004 22.035466760396957
      vertex 48.52332974970341 -20.500000000000004 22.682514376938343
    endloop
  endfacet
  facet normal 0 -1 0
    outer loop
      vertex 47.98803458362818 -20.500000000000004 20.875388205051422
      vertex 50.36567587405443 -20.500000000000004 20.102845713496208
      vertex 50.93814431130886 -20.500000000000004 22.035466760396957
    endloop
  endfacet
  facet normal -0.9588197345284486 0 0.2840153458508806
    outer loop
      vertex 50.36567587405443 -20.500000000000004 20.102845713496208
      vertex 50.36567587405443 -21.300000000000004 20.102845713496208
      vertex 50.93814431130886 -20.500000000000004 22.035466760396957
    endloop
  endfacet
  facet normal -0.9588197345284486 0 0.2840153458508806
    outer loop
      vertex 50.93814431130886 -20.500000000000004 22.035466760396957
      vertex 50.36567587405443 -21.300000000000004 20.102845713496208
      vertex 50.93814431130886 -21.300000000000004 22.035466760396957
    endloop
  endfacet
  facet normal 0 -1 0
    outer loop
      vertex 48.52332974970341 -20.500000000000004 22.682514376938343
      vertex 51.40868262946606 -20.500000000000004 23.99539990723133
      vertex 48.96331362426281 -20.500000000000004 24.515179127454758
    endloop
  endfacet
  facet normal 0 -1 0
    outer loop
      vertex 48.52332974970341 -20.500000000000004 22.682514376938343
      vertex 50.93814431130886 -20.500000000000004 22.035466760396957
      vertex 51.40868262946606 -20.500000000000004 23.99539990723133
    endloop
  endfacet
  facet normal 0.9723699209462076 0 -0.23344536157110987
    outer loop
      vertex 48.52332974970341 -20.500000000000004 22.682514376938343
      vertex 48.96331362426281 -20.500000000000004 24.515179127454758
      vertex 48.96331362426281 -21.300000000000004 24.515179127454758
    endloop
  endfacet
  facet normal -0.9723699203542948 0 0.2334453640366037
    outer loop
      vertex 50.93814431130886 -20.500000000000004 22.035466760396957
      vertex 50.93814431130886 -21.300000000000004 22.035466760396957
      vertex 51.40868262946606 -20.500000000000004 23.99539990723133
    endloop
  endfacet
  facet normal -0.9723699203542948 0 0.2334453640366037
    outer loop
      vertex 50.93814431130886 -21.300000000000004 22.035466760396957
      vertex 51.40868262946606 -21.300000000000004 23.99539990723133
      vertex 51.40868262946606 -20.500000000000004 23.99539990723133
    endloop
  endfacet
  facet normal -0.9832549078621153 0 0.18223552388341577
    outer loop
      vertex 51.40868262946606 -20.500000000000004 23.99539990723133
      vertex 51.40868262946606 -21.300000000000004 23.99539990723133
      vertex 51.77600111067295 -20.500000000000004 25.97727309912443
    endloop
  endfacet
  facet normal 0 -1 0
    outer loop
      vertex 48.96331362426281 -20.500000000000004 24.515179127454758
      vertex 51.77600111067295 -20.500000000000004 25.97727309912443
      vertex 49.30678026378155 -20.500000000000004 26.36835926026106
    endloop
  endfacet
  facet normal 0 -1 0
    outer loop
      vertex 48.96331362426281 -20.500000000000004 24.515179127454758
      vertex 51.40868262946606 -20.500000000000004 23.99539990723133
      vertex 51.77600111067295 -20.500000000000004 25.97727309912443
    endloop
  endfacet
  facet normal 0 -1 0
    outer loop
      vertex 49.30678026378155 -20.500000000000004 26.36835926026106
      vertex 51.77600111067295 -20.500000000000004 25.97727309912443
      vertex 52.03909297287464 -20.500000000000004 27.975654162466526
    endloop
  endfacet
  facet normal 0.9832549072199572 0 -0.18223552734819107
    outer loop
      vertex 48.96331362426281 -20.500000000000004 24.515179127454758
      vertex 49.30678026378155 -20.500000000000004 26.36835926026106
      vertex 49.30678026378155 -21.300000000000004 26.36835926026106
    endloop
  endfacet
  facet normal 0.9832549072199572 0 -0.18223552734819107
    outer loop
      vertex 48.96331362426281 -20.500000000000004 24.515179127454758
      vertex 49.30678026378155 -21.300000000000004 26.36835926026106
      vertex 48.96331362426281 -21.300000000000004 24.515179127454758
    endloop
  endfacet
  facet normal 0.9914448613593434 0 -0.1305261923299389
    outer loop
      vertex 49.30678026378155 -20.500000000000004 26.36835926026106
      vertex 49.552788235247135 -21.300000000000004 28.236975319683552
      vertex 49.30678026378155 -21.300000000000004 26.36835926026106
    endloop
  endfacet
  facet normal 0 -1 0
    outer loop
      vertex 49.30678026378155 -20.500000000000004 26.36835926026106
      vertex 52.03909297287464 -20.500000000000004 27.975654162466526
      vertex 49.552788235247135 -20.500000000000004 28.236975319683552
    endloop
  endfacet
  facet normal 0 -1 0
    outer loop
      vertex 49.552788235247135 -20.500000000000004 28.236975319683552
      vertex 52.197237089276314 -20.500000000000004 29.985065683722496
      vertex 49.70066325366497 -20.500000000000004 30.115905575454235
    endloop
  endfacet
  facet normal 0.9914448613593434 0 -0.1305261923299389
    outer loop
      vertex 49.30678026378155 -20.500000000000004 26.36835926026106
      vertex 49.552788235247135 -20.500000000000004 28.236975319683552
      vertex 49.552788235247135 -21.300000000000004 28.236975319683552
    endloop
  endfacet
  facet normal 0.996917333721331 0 -0.07845909587774129
    outer loop
      vertex 49.552788235247135 -20.500000000000004 28.236975319683552
      vertex 49.70066325366497 -20.500000000000004 30.115905575454235
      vertex 49.70066325366497 -21.300000000000004 30.115905575454235
    endloop
  endfacet
  facet normal 0.996917333721331 0 -0.07845909587774129
    outer loop
      vertex 49.552788235247135 -20.500000000000004 28.236975319683552
      vertex 49.70066325366497 -21.300000000000004 30.115905575454235
      vertex 49.552788235247135 -21.300000000000004 28.236975319683552
    endloop
  endfacet
  facet normal -0.9832549078621153 0 0.18223552388341577
    outer loop
      vertex 51.40868262946606 -21.300000000000004 23.99539990723133
      vertex 51.77600111067295 -21.300000000000004 25.97727309912443
      vertex 51.77600111067295 -20.500000000000004 25.97727309912443
    endloop
  endfacet
  facet normal -0.991444861111775 0 0.13052619421040879
    outer loop
      vertex 51.77600111067295 -20.500000000000004 25.97727309912443
      vertex 51.77600111067295 -21.300000000000004 25.97727309912443
      vertex 52.03909297287464 -20.500000000000004 27.975654162466526
    endloop
  endfacet
  facet normal 0 -1 0
    outer loop
      vertex 49.552788235247135 -20.500000000000004 28.236975319683552
      vertex 52.03909297287464 -20.500000000000004 27.975654162466526
      vertex 52.197237089276314 -20.500000000000004 29.985065683722496
    endloop
  endfacet
  facet normal -0.991444861111775 0 0.13052619421040879
    outer loop
      vertex 51.77600111067295 -21.300000000000004 25.97727309912443
      vertex 52.03909297287464 -21.300000000000004 27.975654162466526
      vertex 52.03909297287464 -20.500000000000004 27.975654162466526
    endloop
  endfacet
  facet normal -0.9969173337344561 0 0.07845909571096935
    outer loop
      vertex 52.03909297287464 -20.500000000000004 27.975654162466526
      vertex 52.03909297287464 -21.300000000000004 27.975654162466526
      vertex 52.197237089276314 -20.500000000000004 29.985065683722496
    endloop
  endfacet
  facet normal -0.9969173337344561 0 0.07845909571096935
    outer loop
      vertex 52.03909297287464 -21.300000000000004 27.975654162466526
      vertex 52.197237089276314 -21.300000000000004 29.985065683722496
      vertex 52.197237089276314 -20.500000000000004 29.985065683722496
    endloop
  endfacet
  facet normal 0 -1 0
    outer loop
      vertex 49.70066325366497 -20.500000000000004 30.115905575454235
      vertex 52.25 -20.500000000000004 32
      vertex 49.75 -20.500000000000004 32
    endloop
  endfacet
  facet normal 0.9996573250101992 0 -0.026176946984954284
    outer loop
      vertex 49.70066325366497 -20.500000000000004 30.115905575454235
      vertex 49.75 -21.300000000000004 32
      vertex 49.70066325366497 -21.300000000000004 30.115905575454235
    endloop
  endfacet
  facet normal 0.9996573250101992 0 -0.026176946984954284
    outer loop
      vertex 49.70066325366497 -20.500000000000004 30.115905575454235
      vertex 49.75 -20.500000000000004 32
      vertex 49.75 -21.300000000000004 32
    endloop
  endfacet
  facet normal 0 -1 0
    outer loop
      vertex 49.75 -20.500000000000004 32
      vertex 52.25 -20.500000000000004 32
      vertex 49.70066325366497 -20.500000000000004 33.884094424545765
    endloop
  endfacet
  facet normal 0 -1 0
    outer loop
      vertex 49.70066325366497 -20.500000000000004 33.884094424545765
      vertex 52.197237089276314 -20.500000000000004 34.014934316277504
      vertex 49.552788235247135 -20.500000000000004 35.76302468031645
    endloop
  endfacet
  facet normal 0.9996573250101992 0 0.026176946984954284
    outer loop
      vertex 49.75 -20.500000000000004 32
      vertex 49.70066325366497 -20.500000000000004 33.884094424545765
      vertex 49.70066325366497 -21.300000000000004 33.884094424545765
    endloop
  endfacet
  facet normal 0.9996573250101992 0 0.026176946984954284
    outer loop
      vertex 49.75 -20.500000000000004 32
      vertex 49.70066325366497 -21.300000000000004 33.884094424545765
      vertex 49.75 -21.300000000000004 32
    endloop
  endfacet
  facet normal 0.996917333721331 0 0.07845909587774129
    outer loop
      vertex 49.70066325366497 -20.500000000000004 33.884094424545765
      vertex 49.552788235247135 -21.300000000000004 35.76302468031645
      vertex 49.70066325366497 -21.300000000000004 33.884094424545765
    endloop
  endfacet
  facet normal 0 -1 0
    outer loop
      vertex 49.70066325366497 -20.500000000000004 30.115905575454235
      vertex 52.197237089276314 -20.500000000000004 29.985065683722496
      vertex 52.25 -20.500000000000004 32
    endloop
  endfacet
  facet normal -0.999657324991778 0 0.02617694768843073
    outer loop
      vertex 52.197237089276314 -20.500000000000004 29.985065683722496
      vertex 52.197237089276314 -21.300000000000004 29.985065683722496
      vertex 52.25 -20.500000000000004 32
    endloop
  endfacet
  facet normal -0.999657324991778 0 0.02617694768843073
    outer loop
      vertex 52.25 -20.500000000000004 32
      vertex 52.197237089276314 -21.300000000000004 29.985065683722496
      vertex 52.25 -21.300000000000004 32
    endloop
  endfacet
  facet normal 0 -1 0
    outer loop
      vertex 49.70066325366497 -20.500000000000004 33.884094424545765
      vertex 52.25 -20.500000000000004 32
      vertex 52.197237089276314 -20.500000000000004 34.014934316277504
    endloop
  endfacet
  facet normal -0.999657324991778 0 -0.02617694768843073
    outer loop
      vertex 52.25 -20.500000000000004 32
      vertex 52.25 -21.300000000000004 32
      vertex 52.197237089276314 -20.500000000000004 34.014934316277504
    endloop
  endfacet
  facet normal -0.999657324991778 0 -0.02617694768843073
    outer loop
      vertex 52.25 -21.300000000000004 32
      vertex 52.197237089276314 -21.300000000000004 34.014934316277504
      vertex 52.197237089276314 -20.500000000000004 34.014934316277504
    endloop
  endfacet
  facet normal 0 -1 0
    outer loop
      vertex 49.552788235247135 -20.500000000000004 35.76302468031645
      vertex 52.03909297287464 -20.500000000000004 36.024345837533474
      vertex 49.30678026378155 -20.500000000000004 37.63164073973894
    endloop
  endfacet
  facet normal 0.996917333721331 0 0.07845909587774129
    outer loop
      vertex 49.70066325366497 -20.500000000000004 33.884094424545765
      vertex 49.552788235247135 -20.500000000000004 35.76302468031645
      vertex 49.552788235247135 -21.300000000000004 35.76302468031645
    endloop
  endfacet
  facet normal 0.9914448613593434 0 0.1305261923299389
    outer loop
      vertex 49.552788235247135 -20.500000000000004 35.76302468031645
      vertex 49.30678026378155 -20.500000000000004 37.63164073973894
      vertex 49.30678026378155 -21.300000000000004 37.63164073973894
    endloop
  endfacet
  facet normal 0.9914448613593434 0 0.1305261923299389
    outer loop
      vertex 49.552788235247135 -20.500000000000004 35.76302468031645
      vertex 49.30678026378155 -21.300000000000004 37.63164073973894
      vertex 49.552788235247135 -21.300000000000004 35.76302468031645
    endloop
  endfacet
  facet normal 0 -1 0
    outer loop
      vertex 49.30678026378155 -20.500000000000004 37.63164073973894
      vertex 52.03909297287464 -20.500000000000004 36.024345837533474
      vertex 51.77600111067295 -20.500000000000004 38.02272690087557
    endloop
  endfacet
  facet normal 0 -1 0
    outer loop
      vertex 49.30678026378155 -20.500000000000004 37.63164073973894
      vertex 51.77600111067295 -20.500000000000004 38.02272690087557
      vertex 48.96331362426281 -20.500000000000004 39.48482087254524
    endloop
  endfacet
  facet normal 0 -1 0
    outer loop
      vertex 48.96331362426281 -20.500000000000004 39.48482087254524
      vertex 51.77600111067295 -20.500000000000004 38.02272690087557
      vertex 51.40868262946606 -20.500000000000004 40.00460009276867
    endloop
  endfacet
  facet normal 0.9832549072199572 0 0.18223552734819107
    outer loop
      vertex 49.30678026378155 -20.500000000000004 37.63164073973894
      vertex 48.96331362426281 -21.300000000000004 39.48482087254524
      vertex 49.30678026378155 -21.300000000000004 37.63164073973894
    endloop
  endfacet
  facet normal 0.9832549072199572 0 0.18223552734819107
    outer loop
      vertex 49.30678026378155 -20.500000000000004 37.63164073973894
      vertex 48.96331362426281 -20.500000000000004 39.48482087254524
      vertex 48.96331362426281 -21.300000000000004 39.48482087254524
    endloop
  endfacet
  facet normal 0 -1 0
    outer loop
      vertex 52.197237089276314 -20.500000000000004 34.014934316277504
      vertex 52.03909297287464 -20.500000000000004 36.024345837533474
      vertex 49.552788235247135 -20.500000000000004 35.76302468031645
    endloop
  endfacet
  facet normal -0.9969173337344561 0 -0.07845909571096935
    outer loop
      vertex 52.197237089276314 -20.500000000000004 34.014934316277504
      vertex 52.197237089276314 -21.300000000000004 34.014934316277504
      vertex 52.03909297287464 -20.500000000000004 36.024345837533474
    endloop
  endfacet
  facet normal -0.9969173337344561 0 -0.07845909571096935
    outer loop
      vertex 52.197237089276314 -21.300000000000004 34.014934316277504
      vertex 52.03909297287464 -21.300000000000004 36.024345837533474
      vertex 52.03909297287464 -20.500000000000004 36.024345837533474
    endloop
  endfacet
  facet normal -0.991444861111775 0 -0.13052619421040879
    outer loop
      vertex 52.03909297287464 -20.500000000000004 36.024345837533474
      vertex 52.03909297287464 -21.300000000000004 36.024345837533474
      vertex 51.77600111067295 -20.500000000000004 38.02272690087557
    endloop
  endfacet
  facet normal -0.991444861111775 0 -0.13052619421040879
    outer loop
      vertex 52.03909297287464 -21.300000000000004 36.024345837533474
      vertex 51.77600111067295 -21.300000000000004 38.02272690087557
      vertex 51.77600111067295 -20.500000000000004 38.02272690087557
    endloop
  endfacet
  facet normal -0.9832549078621153 0 -0.18223552388341577
    outer loop
      vertex 51.77600111067295 -20.500000000000004 38.02272690087557
      vertex 51.77600111067295 -21.300000000000004 38.02272690087557
      vertex 51.40868262946606 -20.500000000000004 40.00460009276867
    endloop
  endfacet
  facet normal -0.9832549078621153 0 -0.18223552388341577
    outer loop
      vertex 51.77600111067295 -21.300000000000004 38.02272690087557
      vertex 51.40868262946606 -21.300000000000004 40.00460009276867
      vertex 51.40868262946606 -20.500000000000004 40.00460009276867
    endloop
  endfacet
  facet normal 0 0 1
    outer loop
      vertex 7.75 -21.300000000000004 53.5
      vertex 19.75 -21.300000000000004 53.5
      vertex 19.75 -20.500000000000004 53.5
    endloop
  endfacet
  facet normal 0 -1 0
    outer loop
      vertex -6.13657134026289 -20.500000000000004 62
      vertex 19.75 -20.500000000000004 53.5
      vertex 33.63657134026289 -20.500000000000004 62
    endloop
  endfacet
  facet normal -0.46915522594009096 0 0.8831157194689166
    outer loop
      vertex 19.75 -20.500000000000004 53.5
      vertex 19.75 -21.300000000000004 53.5
      vertex 34.55797506868839 -20.500000000000004 61.36673675477505
    endloop
  endfacet
  facet normal 0 -1 0
    outer loop
      vertex 19.75 -20.500000000000004 53.5
      vertex 34.55797506868839 -20.500000000000004 61.36673675477505
      vertex 33.63657134026289 -20.500000000000004 62
    endloop
  endfacet
  facet normal -0.46915522594009096 1.1586978983122218e-16 0.8831157194689166
    outer loop
      vertex 19.75 -21.300000000000004 53.5
      vertex 34.55797506868839 -21.300000000000004 61.36673675477505
      vertex 34.55797506868839 -20.500000000000004 61.36673675477505
    endloop
  endfacet
  facet normal 0 -1 0
    outer loop
      vertex 13.75 -20.500000000000004 68
      vertex 15.634094424545765 -20.500000000000004 67.95066325366497
      vertex 15.764934316277504 -20.500000000000004 70.44723708927631
    endloop
  endfacet
  facet normal 0.026176946984954284 0 0.9996573250101992
    outer loop
      vertex 13.75 -20.500000000000004 68
      vertex 13.75 -21.300000000000004 68
      vertex 15.634094424545765 -20.500000000000004 67.95066325366497
    endloop
  endfacet
  facet normal 0.026176946984954284 0 0.9996573250101992
    outer loop
      vertex 15.634094424545765 -20.500000000000004 67.95066325366497
      vertex 13.75 -21.300000000000004 68
      vertex 15.634094424545765 -21.300000000000004 67.95066325366497
    endloop
  endfacet
  facet normal 0 -1 0
    outer loop
      vertex 15.634094424545765 -20.500000000000004 67.95066325366497
      vertex 17.513024680316448 -20.500000000000004 67.80278823524714
      vertex 17.774345837533474 -20.500000000000004 70.28909297287464
    endloop
  endfacet
  facet normal 0.07845909587774129 0 0.996917333721331
    outer loop
      vertex 15.634094424545765 -21.300000000000004 67.95066325366497
      vertex 17.513024680316448 -21.300000000000004 67.80278823524714
      vertex 17.513024680316448 -20.500000000000004 67.80278823524714
    endloop
  endfacet
  facet normal 0.07845909587774129 0 0.996917333721331
    outer loop
      vertex 15.634094424545765 -20.500000000000004 67.95066325366497
      vertex 15.634094424545765 -21.300000000000004 67.95066325366497
      vertex 17.513024680316448 -20.500000000000004 67.80278823524714
    endloop
  endfacet
  facet normal 0.1305261923299389 0 0.9914448613593434
    outer loop
      vertex 17.513024680316448 -20.500000000000004 67.80278823524714
      vertex 17.513024680316448 -21.300000000000004 67.80278823524714
      vertex 19.38164073973894 -20.500000000000004 67.55678026378155
    endloop
  endfacet
  facet normal 0 0 -1
    outer loop
      vertex -6.13657134026289 -20.500000000000004 62
      vertex 33.63657134026289 -20.500000000000004 62
      vertex 33.63657134026289 -21.300000000000004 62
    endloop
  endfacet
  facet normal 0 -1 0
    outer loop
      vertex 17.513024680316448 -20.500000000000004 67.80278823524714
      vertex 19.38164073973894 -20.500000000000004 67.55678026378155
      vertex 19.77272690087557 -20.500000000000004 70.02600111067295
    endloop
  endfacet
  facet normal 0 -1 0
    outer loop
      vertex 19.38164073973894 -20.500000000000004 67.55678026378155
      vertex 21.75460009276867 -20.500000000000004 69.65868262946606
      vertex 19.77272690087557 -20.500000000000004 70.02600111067295
    endloop
  endfacet
  facet normal 0 -1 0
    outer loop
      vertex 19.38164073973894 -20.500000000000004 67.55678026378155
      vertex 21.234820872545242 -20.500000000000004 67.21331362426281
      vertex 21.75460009276867 -20.500000000000004 69.65868262946606
    endloop
  endfacet
  facet normal 0.18223552734819107 0 0.9832549072199572
    outer loop
      vertex 19.38164073973894 -20.500000000000004 67.55678026378155
      vertex 19.38164073973894 -21.300000000000004 67.55678026378155
      vertex 21.234820872545242 -20.500000000000004 67.21331362426281
    endloop
  endfacet
  facet normal 0.1305261923299389 0 0.9914448613593434
    outer loop
      vertex 17.513024680316448 -21.300000000000004 67.80278823524714
      vertex 19.38164073973894 -21.300000000000004 67.55678026378155
      vertex 19.38164073973894 -20.500000000000004 67.55678026378155
    endloop
  endfacet
  facet normal 0.18223552734819107 0 0.9832549072199572
    outer loop
      vertex 21.234820872545242 -20.500000000000004 67.21331362426281
      vertex 19.38164073973894 -21.300000000000004 67.55678026378155
      vertex 21.234820872545242 -21.300000000000004 67.21331362426281
    endloop
  endfacet
  facet normal 0.2840153480516226 0 0.9588197338765592
    outer loop
      vertex 23.067485623061657 -20.500000000000004 66.77332974970341
      vertex 23.067485623061657 -21.300000000000004 66.77332974970341
      vertex 24.874611794948578 -20.500000000000004 66.23803458362818
    endloop
  endfacet
  facet normal 0 -1 0
    outer loop
      vertex 21.234820872545242 -20.500000000000004 67.21331362426281
      vertex 23.714533239603043 -20.500000000000004 69.18814431130886
      vertex 21.75460009276867 -20.500000000000004 69.65868262946606
    endloop
  endfacet
  facet normal 0 -1 0
    outer loop
      vertex 21.234820872545242 -20.500000000000004 67.21331362426281
      vertex 23.067485623061657 -20.500000000000004 66.77332974970341
      vertex 23.714533239603043 -20.500000000000004 69.18814431130886
    endloop
  endfacet
  facet normal 0.23344536157110987 0 0.9723699209462076
    outer loop
      vertex 21.234820872545242 -20.500000000000004 67.21331362426281
      vertex 21.234820872545242 -21.300000000000004 67.21331362426281
      vertex 23.067485623061657 -20.500000000000004 66.77332974970341
    endloop
  endfacet
  facet normal 0.23344536157110987 0 0.9723699209462076
    outer loop
      vertex 21.234820872545242 -21.300000000000004 67.21331362426281
      vertex 23.067485623061657 -21.300000000000004 66.77332974970341
      vertex 23.067485623061657 -20.500000000000004 66.77332974970341
    endloop
  endfacet
  facet normal 0 -1 0
    outer loop
      vertex 13.75 -20.500000000000004 68
      vertex 15.764934316277504 -20.500000000000004 70.44723708927631
      vertex 13.75 -20.500000000000004 70.5
    endloop
  endfacet
  facet normal -0.02617694768843073 0 -0.999657324991778
    outer loop
      vertex 13.75 -20.500000000000004 70.5
      vertex 15.764934316277504 -21.300000000000004 70.44723708927631
      vertex 13.75 -21.300000000000004 70.5
    endloop
  endfacet
  facet normal -0.02617694768843073 0 -0.999657324991778
    outer loop
      vertex 13.75 -20.500000000000004 70.5
      vertex 15.764934316277504 -20.500000000000004 70.44723708927631
      vertex 15.764934316277504 -21.300000000000004 70.44723708927631
    endloop
  endfacet
  facet normal 0 -1 0
    outer loop
      vertex 15.634094424545765 -20.500000000000004 67.95066325366497
      vertex 17.774345837533474 -20.500000000000004 70.28909297287464
      vertex 15.764934316277504 -20.500000000000004 70.44723708927631
    endloop
  endfacet
  facet normal 0 -1 0
    outer loop
      vertex 17.513024680316448 -20.500000000000004 67.80278823524714
      vertex 19.77272690087557 -20.500000000000004 70.02600111067295
      vertex 17.774345837533474 -20.500000000000004 70.28909297287464
    endloop
  endfacet
  facet normal -0.07845909571096935 0 -0.9969173337344561
    outer loop
      vertex 15.764934316277504 -20.500000000000004 70.44723708927631
      vertex 17.774345837533474 -20.500000000000004 70.28909297287464
      vertex 17.774345837533474 -21.300000000000004 70.28909297287464
    endloop
  endfacet
  facet normal -0.07845909571096935 0 -0.9969173337344561
    outer loop
      vertex 15.764934316277504 -20.500000000000004 70.44723708927631
      vertex 17.774345837533474 -21.300000000000004 70.28909297287464
      vertex 15.764934316277504 -21.300000000000004 70.44723708927631
    endloop
  endfacet
  facet normal -0.13052619421040879 0 -0.991444861111775
    outer loop
      vertex 17.774345837533474 -20.500000000000004 70.28909297287464
      vertex 19.77272690087557 -21.300000000000004 70.02600111067295
      vertex 17.774345837533474 -21.300000000000004 70.28909297287464
    endloop
  endfacet
  facet normal -0.13052619421040879 0 -0.991444861111775
    outer loop
      vertex 17.774345837533474 -20.500000000000004 70.28909297287464
      vertex 19.77272690087557 -20.500000000000004 70.02600111067295
      vertex 19.77272690087557 -21.300000000000004 70.02600111067295
    endloop
  endfacet
  facet normal -0.18223552388341577 0 -0.9832549078621153
    outer loop
      vertex 19.77272690087557 -20.500000000000004 70.02600111067295
      vertex 21.75460009276867 -20.500000000000004 69.65868262946606
      vertex 21.75460009276867 -21.300000000000004 69.65868262946606
    endloop
  endfacet
  facet normal -0.18223552388341577 0 -0.9832549078621153
    outer loop
      vertex 19.77272690087557 -20.500000000000004 70.02600111067295
      vertex 21.75460009276867 -21.300000000000004 69.65868262946606
      vertex 19.77272690087557 -21.300000000000004 70.02600111067295
    endloop
  endfacet
  facet normal -0.2334453640366037 0 -0.9723699203542948
    outer loop
      vertex 21.75460009276867 -20.500000000000004 69.65868262946606
      vertex 23.714533239603043 -21.300000000000004 69.18814431130886
      vertex 21.75460009276867 -21.300000000000004 69.65868262946606
    endloop
  endfacet
  facet normal -0.2334453640366037 0 -0.9723699203542948
    outer loop
      vertex 21.75460009276867 -20.500000000000004 69.65868262946606
      vertex 23.714533239603043 -20.500000000000004 69.18814431130886
      vertex 23.714533239603043 -21.300000000000004 69.18814431130886
    endloop
  endfacet
  facet normal 0.2840153480516226 -3.6816180905592657e-17 0.9588197338765592
    outer loop
      vertex 23.067485623061657 -21.300000000000004 66.77332974970341
      vertex 24.874611794948578 -21.300000000000004 66.23803458362818
      vertex 24.874611794948578 -20.500000000000004 66.23803458362818
    endloop
  endfacet
  facet normal 0.333806857528949 0 0.9426414916958875
    outer loop
      vertex 24.874611794948578 -20.500000000000004 66.23803458362818
      vertex 24.874611794948578 -21.300000000000004 66.23803458362818
      vertex 26.651246182620525 -20.500000000000004 65.60889535397291
    endloop
  endfacet
  facet normal 0.333806857528949 -7.36323617924519e-17 0.9426414916958875
    outer loop
      vertex 24.874611794948578 -21.300000000000004 66.23803458362818
      vertex 26.651246182620525 -21.300000000000004 65.60889535397291
      vertex 26.651246182620525 -20.500000000000004 65.60889535397291
    endloop
  endfacet
  facet normal 0 -1 0
    outer loop
      vertex 23.067485623061657 -20.500000000000004 66.77332974970341
      vertex 24.874611794948578 -20.500000000000004 66.23803458362818
      vertex 25.647154286503792 -20.500000000000004 68.61567587405443
    endloop
  endfacet
  facet normal 0 -1 0
    outer loop
      vertex 23.067485623061657 -20.500000000000004 66.77332974970341
      vertex 25.647154286503792 -20.500000000000004 68.61567587405443
      vertex 23.714533239603043 -20.500000000000004 69.18814431130886
    endloop
  endfacet
  facet normal 0 -1 0
    outer loop
      vertex 24.874611794948578 -20.500000000000004 66.23803458362818
      vertex 27.54716605693102 -20.500000000000004 67.94284641742706
      vertex 25.647154286503792 -20.500000000000004 68.61567587405443
    endloop
  endfacet
  facet normal -0.2840153458508806 0 -0.9588197345284486
    outer loop
      vertex 23.714533239603043 -20.500000000000004 69.18814431130886
      vertex 25.647154286503792 -21.300000000000004 68.61567587405443
      vertex 23.714533239603043 -21.300000000000004 69.18814431130886
    endloop
  endfacet
  facet normal -0.2840153458508806 6.88510395924201e-17 -0.9588197345284486
    outer loop
      vertex 23.714533239603043 -20.500000000000004 69.18814431130886
      vertex 25.647154286503792 -20.500000000000004 68.61567587405443
      vertex 25.647154286503792 -21.300000000000004 68.61567587405443
    endloop
  endfacet
  facet normal 0 -1 0
    outer loop
      vertex 24.874611794948578 -20.500000000000004 66.23803458362818
      vertex 26.651246182620525 -20.500000000000004 65.60889535397291
      vertex 27.54716605693102 -20.500000000000004 67.94284641742706
    endloop
  endfacet
  facet normal 0 -1 0
    outer loop
      vertex 26.651246182620525 -20.500000000000004 65.60889535397291
      vertex 28.392519153654575 -20.500000000000004 64.88763647526503
      vertex 29.409360758960247 -20.500000000000004 67.17150011658669
    endloop
  endfacet
  facet normal 0.38268343160058493 0 0.9238795328279551
    outer loop
      vertex 26.651246182620525 -20.500000000000004 65.60889535397291
      vertex 26.651246182620525 -21.300000000000004 65.60889535397291
      vertex 28.392519153654575 -20.500000000000004 64.88763647526503
    endloop
  endfacet
  facet normal 0.38268343160058493 0 0.9238795328279551
    outer loop
      vertex 28.392519153654575 -20.500000000000004 64.88763647526503
      vertex 26.651246182620525 -21.300000000000004 65.60889535397291
      vertex 28.392519153654575 -21.300000000000004 64.88763647526503
    endloop
  endfacet
  facet normal 0 -1 0
    outer loop
      vertex 26.651246182620525 -20.500000000000004 65.60889535397291
      vertex 29.409360758960247 -20.500000000000004 67.17150011658669
      vertex 27.54716605693102 -20.500000000000004 67.94284641742706
    endloop
  endfacet
  facet normal -0.3338068595389022 3.4425519868695414e-17 -0.9426414909841258
    outer loop
      vertex 25.647154286503792 -20.500000000000004 68.61567587405443
      vertex 27.54716605693102 -20.500000000000004 67.94284641742706
      vertex 27.54716605693102 -21.300000000000004 67.94284641742706
    endloop
  endfacet
  facet normal -0.3338068595389022 0 -0.9426414909841258
    outer loop
      vertex 25.647154286503792 -20.500000000000004 68.61567587405443
      vertex 27.54716605693102 -21.300000000000004 67.94284641742706
      vertex 25.647154286503792 -21.300000000000004 68.61567587405443
    endloop
  endfacet
  facet normal -0.3826834321451179 0 -0.9238795326024021
    outer loop
      vertex 27.54716605693102 -20.500000000000004 67.94284641742706
      vertex 29.409360758960247 -21.300000000000004 67.17150011658669
      vertex 27.54716605693102 -21.300000000000004 67.94284641742706
    endloop
  endfacet
  facet normal 0.4771587605978925 0 0.8788171124782922
    outer loop
      vertex 30.09365799278021 -20.500000000000004 64.07623486965895
      vertex 30.09365799278021 -21.300000000000004 64.07623486965895
      vertex 31.75 -20.500000000000004 63.176914535462856
    endloop
  endfacet
  facet normal 0.4771587605978925 0 0.8788171124782922
    outer loop
      vertex 30.09365799278021 -21.300000000000004 64.07623486965895
      vertex 31.75 -21.300000000000004 63.176914535462856
      vertex 31.75 -20.500000000000004 63.176914535462856
    endloop
  endfacet
  facet normal 0 -1 0
    outer loop
      vertex 31.75 -20.500000000000004 63.176914535462856
      vertex 33.35700526088476 -20.500000000000004 62.19214044511318
      vertex 34.71860285103321 -20.500000000000004 64.28881686925888
    endloop
  endfacet
  facet normal 0.5224985646906741 0 0.8526401643695805
    outer loop
      vertex 31.75 -20.500000000000004 63.176914535462856
      vertex 31.75 -21.300000000000004 63.176914535462856
      vertex 33.35700526088476 -20.500000000000004 62.19214044511318
    endloop
  endfacet
  facet normal 0.5664062411006927 0 0.8241261857520267
    outer loop
      vertex 33.35700526088476 -20.500000000000004 62.19214044511318
      vertex 33.35700526088476 -21.300000000000004 62.19214044511318
      vertex 33.63657134026289 -20.500000000000004 62
    endloop
  endfacet
  facet normal 0.5224985646906741 0 0.8526401643695805
    outer loop
      vertex 33.35700526088476 -20.500000000000004 62.19214044511318
      vertex 31.75 -21.300000000000004 63.176914535462856
      vertex 33.35700526088476 -21.300000000000004 62.19214044511318
    endloop
  endfacet
  facet normal 0.5664062411006927 0 0.8241261857520267
    outer loop
      vertex 33.63657134026289 -20.500000000000004 62
      vertex 33.35700526088476 -21.300000000000004 62.19214044511318
      vertex 33.63657134026289 -21.300000000000004 62
    endloop
  endfacet
  facet normal 0 -1 0
    outer loop
      vertex 28.392519153654575 -20.500000000000004 64.88763647526503
      vertex 30.09365799278021 -20.500000000000004 64.07623486965895
      vertex 31.228634238243103 -20.500000000000004 66.3037511780858
    endloop
  endfacet
  facet normal 0 -1 0
    outer loop
      vertex 28.392519153654575 -20.500000000000004 64.88763647526503
      vertex 31.228634238243103 -20.500000000000004 66.3037511780858
      vertex 29.409360758960247 -20.500000000000004 67.17150011658669
    endloop
  endfacet
  facet normal 0.43051109750878347 0 0.9025852840157448
    outer loop
      vertex 28.392519153654575 -20.500000000000004 64.88763647526503
      vertex 28.392519153654575 -21.300000000000004 64.88763647526503
      vertex 30.09365799278021 -20.500000000000004 64.07623486965895
    endloop
  endfacet
  facet normal 0.43051109750878347 0 0.9025852840157448
    outer loop
      vertex 28.392519153654575 -21.300000000000004 64.88763647526503
      vertex 30.09365799278021 -21.300000000000004 64.07623486965895
      vertex 30.09365799278021 -20.500000000000004 64.07623486965895
    endloop
  endfacet
  facet normal -0.430511097453478 0 -0.9025852840421241
    outer loop
      vertex 31.228634238243103 -20.500000000000004 66.3037511780858
      vertex 31.228634238243103 -21.300000000000004 66.3037511780858
      vertex 29.409360758960247 -20.500000000000004 67.17150011658669
    endloop
  endfacet
  facet normal -0.3826834321451179 0 -0.9238795326024021
    outer loop
      vertex 27.54716605693102 -20.500000000000004 67.94284641742706
      vertex 29.409360758960247 -20.500000000000004 67.17150011658669
      vertex 29.409360758960247 -21.300000000000004 67.17150011658669
    endloop
  endfacet
  facet normal -0.430511097453478 3.442551983808981e-17 -0.9025852840421241
    outer loop
      vertex 31.228634238243103 -21.300000000000004 66.3037511780858
      vertex 29.409360758960247 -21.300000000000004 67.17150011658669
      vertex 29.409360758960247 -20.500000000000004 67.17150011658669
    endloop
  endfacet
  facet normal 0 -1 0
    outer loop
      vertex 30.09365799278021 -20.500000000000004 64.07623486965895
      vertex 31.75 -20.500000000000004 63.176914535462856
      vertex 33 -20.500000000000004 65.3419780433178
    endloop
  endfacet
  facet normal 0 -1 0
    outer loop
      vertex 30.09365799278021 -20.500000000000004 64.07623486965895
      vertex 33 -20.500000000000004 65.3419780433178
      vertex 31.228634238243103 -20.500000000000004 66.3037511780858
    endloop
  endfacet
  facet normal 0 -1 0
    outer loop
      vertex 31.75 -20.500000000000004 63.176914535462856
      vertex 34.71860285103321 -20.500000000000004 64.28881686925888
      vertex 33 -20.500000000000004 65.3419780433178
    endloop
  endfacet
  facet normal -0.477158759599689 0 -0.8788171130202723
    outer loop
      vertex 31.228634238243103 -20.500000000000004 66.3037511780858
      vertex 33 -20.500000000000004 65.3419780433178
      vertex 33 -21.300000000000004 65.3419780433178
    endloop
  endfacet
  facet normal -0.477158759599689 0 -0.8788171130202723
    outer loop
      vertex 31.228634238243103 -20.500000000000004 66.3037511780858
      vertex 33 -21.300000000000004 65.3419780433178
      vertex 31.228634238243103 -21.300000000000004 66.3037511780858
    endloop
  endfacet
  facet normal -0.5224985619914561 0 -0.8526401660236635
    outer loop
      vertex 33 -20.500000000000004 65.3419780433178
      vertex 34.71860285103321 -21.300000000000004 64.28881686925888
      vertex 33 -21.300000000000004 65.3419780433178
    endloop
  endfacet
  facet normal 0.6494480492424596 0 0.7604059648208737
    outer loop
      vertex 37.83870182931423 -20.500000000000004 58.753213718533516
      vertex 36.40553408116102 -21.300000000000004 59.97725461423397
      vertex 37.83870182931423 -21.300000000000004 58.753213718533516
    endloop
  endfacet
  facet normal 0.6883545780923188 0 0.7253743687361347
    outer loop
      vertex 37.83870182931423 -20.500000000000004 58.753213718533516
      vertex 37.83870182931423 -21.300000000000004 58.753213718533516
      vertex 39.20584411919117 -20.500000000000004 57.45584411919117
    endloop
  endfacet
  facet normal 0 -1 0
    outer loop
      vertex 42.87461179494858 -20.500000000000004 53.16026908159256
      vertex 44.89715428650379 -20.500000000000004 54.629732213914394
      vertex 41.72725461423397 -20.500000000000004 54.65553408116102
    endloop
  endfacet
  facet normal 0.7933533422475999 0 0.6087614264591364
    outer loop
      vertex 42.87461179494858 -20.500000000000004 53.16026908159256
      vertex 41.72725461423397 -20.500000000000004 54.65553408116102
      vertex 42.87461179494858 -21.300000000000004 53.16026908159256
    endloop
  endfacet
  facet normal 0.7933533422475999 7.363236177874889e-17 0.6087614264591364
    outer loop
      vertex 42.87461179494858 -21.300000000000004 53.16026908159256
      vertex 41.72725461423397 -20.500000000000004 54.65553408116102
      vertex 41.72725461423397 -21.300000000000004 54.65553408116102
    endloop
  endfacet
  facet normal 0.8241261880010262 0 0.5664062378283781
    outer loop
      vertex 42.87461179494858 -20.500000000000004 53.16026908159256
      vertex 42.87461179494858 -21.300000000000004 53.16026908159256
      vertex 43.94214044511318 -20.500000000000004 51.60700526088476
    endloop
  endfacet
  facet normal 0.8241261880010262 7.363236181429599e-17 0.5664062378283781
    outer loop
      vertex 42.87461179494858 -21.300000000000004 53.16026908159256
      vertex 43.94214044511318 -21.300000000000004 51.60700526088476
      vertex 43.94214044511318 -20.500000000000004 51.60700526088476
    endloop
  endfacet
  facet normal 0.7604059648208737 0 0.6494480492424596
    outer loop
      vertex 40.503213718533516 -20.500000000000004 56.08870182931423
      vertex 40.503213718533516 -21.300000000000004 56.08870182931423
      vertex 41.72725461423397 -20.500000000000004 54.65553408116102
    endloop
  endfacet
  facet normal 0.7253743687361347 0 0.6883545780923188
    outer loop
      vertex 40.503213718533516 -20.500000000000004 56.08870182931423
      vertex 39.20584411919117 -21.300000000000004 57.45584411919117
      vertex 40.503213718533516 -21.300000000000004 56.08870182931423
    endloop
  endfacet
  facet normal 0 -1 0
    outer loop
      vertex 37.83870182931423 -20.500000000000004 58.753213718533516
      vertex 39.20584411919117 -20.500000000000004 57.45584411919117
      vertex 40.9736110791564 -20.500000000000004 59.2236110791564
    endloop
  endfacet
  facet normal 0 -1 0
    outer loop
      vertex 40.503213718533516 -20.500000000000004 56.08870182931423
      vertex 42.36107578128576 -20.500000000000004 57.761528342962265
      vertex 39.20584411919117 -20.500000000000004 57.45584411919117
    endloop
  endfacet
  facet normal 0 -1 0
    outer loop
      vertex 39.20584411919117 -20.500000000000004 57.45584411919117
      vertex 42.36107578128576 -20.500000000000004 57.761528342962265
      vertex 40.9736110791564 -20.500000000000004 59.2236110791564
    endloop
  endfacet
  facet normal 0.7253743687361347 0 0.6883545780923188
    outer loop
      vertex 40.503213718533516 -20.500000000000004 56.08870182931423
      vertex 39.20584411919117 -20.500000000000004 57.45584411919117
      vertex 39.20584411919117 -21.300000000000004 57.45584411919117
    endloop
  endfacet
  facet normal 0.6883545780923188 0 0.7253743687361347
    outer loop
      vertex 37.83870182931423 -21.300000000000004 58.753213718533516
      vertex 39.20584411919117 -21.300000000000004 57.45584411919117
      vertex 39.20584411919117 -20.500000000000004 57.45584411919117
    endloop
  endfacet
  facet normal 0 -1 0
    outer loop
      vertex 40.503213718533516 -20.500000000000004 56.08870182931423
      vertex 41.72725461423397 -20.500000000000004 54.65553408116102
      vertex 43.670119516551495 -20.500000000000004 56.22883505374193
    endloop
  endfacet
  facet normal 0 -1 0
    outer loop
      vertex 40.503213718533516 -20.500000000000004 56.08870182931423
      vertex 43.670119516551495 -20.500000000000004 56.22883505374193
      vertex 42.36107578128576 -20.500000000000004 57.761528342962265
    endloop
  endfacet
  facet normal 0 -1 0
    outer loop
      vertex 41.72725461423397 -20.500000000000004 54.65553408116102
      vertex 44.89715428650379 -20.500000000000004 54.629732213914394
      vertex 43.670119516551495 -20.500000000000004 56.22883505374193
    endloop
  endfacet
  facet normal 0.7604059648208737 0 0.6494480492424596
    outer loop
      vertex 40.503213718533516 -21.300000000000004 56.08870182931423
      vertex 41.72725461423397 -21.300000000000004 54.65553408116102
      vertex 41.72725461423397 -20.500000000000004 54.65553408116102
    endloop
  endfacet
  facet normal -0.7604059655502516 0 -0.6494480483884678
    outer loop
      vertex 43.670119516551495 -20.500000000000004 56.22883505374193
      vertex 43.670119516551495 -21.300000000000004 56.22883505374193
      vertex 42.36107578128576 -20.500000000000004 57.761528342962265
    endloop
  endfacet
  facet normal -0.7253743730248826 0 -0.6883545735729213
    outer loop
      vertex 40.9736110791564 -20.500000000000004 59.2236110791564
      vertex 42.36107578128576 -20.500000000000004 57.761528342962265
      vertex 42.36107578128576 -21.300000000000004 57.761528342962265
    endloop
  endfacet
  facet normal -0.7253743730248826 0 -0.6883545735729213
    outer loop
      vertex 40.9736110791564 -20.500000000000004 59.2236110791564
      vertex 42.36107578128576 -21.300000000000004 57.761528342962265
      vertex 40.9736110791564 -21.300000000000004 59.2236110791564
    endloop
  endfacet
  facet normal -0.7604059655502516 -1.3770207923427054e-16 -0.6494480483884678
    outer loop
      vertex 43.670119516551495 -21.300000000000004 56.22883505374193
      vertex 42.36107578128576 -21.300000000000004 57.761528342962265
      vertex 42.36107578128576 -20.500000000000004 57.761528342962265
    endloop
  endfacet
  facet normal 0.9723699209462076 0 0.23344536157110987
    outer loop
      vertex 48.96331362426281 -20.500000000000004 39.48482087254524
      vertex 48.52332974970341 -20.500000000000004 41.31748562306166
      vertex 48.52332974970341 -21.300000000000004 41.31748562306166
    endloop
  endfacet
  facet normal 0.9588197338765592 0 0.2840153480516226
    outer loop
      vertex 48.52332974970341 -20.500000000000004 41.31748562306166
      vertex 47.98803458362818 -21.300000000000004 43.12461179494858
      vertex 48.52332974970341 -21.300000000000004 41.31748562306166
    endloop
  endfacet
  facet normal 0 -1 0
    outer loop
      vertex 47.98803458362818 -20.500000000000004 43.12461179494858
      vertex 50.36567587405443 -20.500000000000004 43.89715428650379
      vertex 47.35889535397291 -20.500000000000004 44.901246182620525
    endloop
  endfacet
  facet normal 0.9588197338765592 -3.6816180905592657e-17 0.2840153480516226
    outer loop
      vertex 48.52332974970341 -20.500000000000004 41.31748562306166
      vertex 47.98803458362818 -20.500000000000004 43.12461179494858
      vertex 47.98803458362818 -21.300000000000004 43.12461179494858
    endloop
  endfacet
  facet normal 0.9426414916958875 -7.36323617924519e-17 0.333806857528949
    outer loop
      vertex 47.98803458362818 -20.500000000000004 43.12461179494858
      vertex 47.35889535397291 -20.500000000000004 44.901246182620525
      vertex 47.35889535397291 -21.300000000000004 44.901246182620525
    endloop
  endfacet
  facet normal 0.9426414916958875 0 0.333806857528949
    outer loop
      vertex 47.98803458362818 -20.500000000000004 43.12461179494858
      vertex 47.35889535397291 -21.300000000000004 44.901246182620525
      vertex 47.98803458362818 -21.300000000000004 43.12461179494858
    endloop
  endfacet
  facet normal 0.9025852840157448 0 0.43051109750878347
    outer loop
      vertex 45.82623486965895 -20.500000000000004 48.34365799278021
      vertex 45.82623486965895 -21.300000000000004 48.34365799278021
      vertex 46.637636475265026 -20.500000000000004 46.642519153654575
    endloop
  endfacet
  facet normal 0.8788171124782922 0 0.4771587605978925
    outer loop
      vertex 45.82623486965895 -20.500000000000004 48.34365799278021
      vertex 44.926914535462856 -21.300000000000004 50
      vertex 45.82623486965895 -21.300000000000004 48.34365799278021
    endloop
  endfacet
  facet normal 0 -1 0
    outer loop
      vertex 47.35889535397291 -20.500000000000004 44.901246182620525
      vertex 49.69284641742706 -20.500000000000004 45.79716605693102
      vertex 46.637636475265026 -20.500000000000004 46.642519153654575
    endloop
  endfacet
  facet normal 0 -1 0
    outer loop
      vertex 46.637636475265026 -20.500000000000004 46.642519153654575
      vertex 49.69284641742706 -20.500000000000004 45.79716605693102
      vertex 48.921500116586685 -20.500000000000004 47.65936075896025
    endloop
  endfacet
  facet normal 0.9238795328279551 0 0.38268343160058493
    outer loop
      vertex 47.35889535397291 -20.500000000000004 44.901246182620525
      vertex 46.637636475265026 -21.300000000000004 46.642519153654575
      vertex 47.35889535397291 -21.300000000000004 44.901246182620525
    endloop
  endfacet
  facet normal 0.9238795328279551 0 0.38268343160058493
    outer loop
      vertex 47.35889535397291 -20.500000000000004 44.901246182620525
      vertex 46.637636475265026 -20.500000000000004 46.642519153654575
      vertex 46.637636475265026 -21.300000000000004 46.642519153654575
    endloop
  endfacet
  facet normal 0 -1 0
    outer loop
      vertex 45.82623486965895 -20.500000000000004 48.34365799278021
      vertex 46.637636475265026 -20.500000000000004 46.642519153654575
      vertex 48.921500116586685 -20.500000000000004 47.65936075896025
    endloop
  endfacet
  facet normal 0 -1 0
    outer loop
      vertex 45.82623486965895 -20.500000000000004 48.34365799278021
      vertex 48.053751178085804 -20.500000000000004 49.4786342382431
      vertex 44.926914535462856 -20.500000000000004 50
    endloop
  endfacet
  facet normal 0 -1 0
    outer loop
      vertex 45.82623486965895 -20.500000000000004 48.34365799278021
      vertex 48.921500116586685 -20.500000000000004 47.65936075896025
      vertex 48.053751178085804 -20.500000000000004 49.4786342382431
    endloop
  endfacet
  facet normal 0.9025852840157448 0 0.43051109750878347
    outer loop
      vertex 45.82623486965895 -21.300000000000004 48.34365799278021
      vertex 46.637636475265026 -21.300000000000004 46.642519153654575
      vertex 46.637636475265026 -20.500000000000004 46.642519153654575
    endloop
  endfacet
  facet normal -0.9025852840421241 0 -0.430511097453478
    outer loop
      vertex 48.921500116586685 -20.500000000000004 47.65936075896025
      vertex 48.921500116586685 -21.300000000000004 47.65936075896025
      vertex 48.053751178085804 -20.500000000000004 49.4786342382431
    endloop
  endfacet
  facet normal -0.9025852840421241 3.442551983808981e-17 -0.430511097453478
    outer loop
      vertex 48.921500116586685 -21.300000000000004 47.65936075896025
      vertex 48.053751178085804 -21.300000000000004 49.4786342382431
      vertex 48.053751178085804 -20.500000000000004 49.4786342382431
    endloop
  endfacet
  facet normal 0 -1 0
    outer loop
      vertex 48.96331362426281 -20.500000000000004 39.48482087254524
      vertex 51.40868262946606 -20.500000000000004 40.00460009276867
      vertex 48.52332974970341 -20.500000000000004 41.31748562306166
    endloop
  endfacet
  facet normal 0 -1 0
    outer loop
      vertex 48.52332974970341 -20.500000000000004 41.31748562306166
      vertex 51.40868262946606 -20.500000000000004 40.00460009276867
      vertex 50.93814431130886 -20.500000000000004 41.96453323960304
    endloop
  endfacet
  facet normal 0.9723699209462076 0 0.23344536157110987
    outer loop
      vertex 48.96331362426281 -20.500000000000004 39.48482087254524
      vertex 48.52332974970341 -21.300000000000004 41.31748562306166
      vertex 48.96331362426281 -21.300000000000004 39.48482087254524
    endloop
  endfacet
  facet normal -0.9723699203542948 0 -0.2334453640366037
    outer loop
      vertex 50.93814431130886 -20.500000000000004 41.96453323960304
      vertex 51.40868262946606 -21.300000000000004 40.00460009276867
      vertex 50.93814431130886 -21.300000000000004 41.96453323960304
    endloop
  endfacet
  facet normal 0 -1 0
    outer loop
      vertex 48.52332974970341 -20.500000000000004 41.31748562306166
      vertex 50.93814431130886 -20.500000000000004 41.96453323960304
      vertex 47.98803458362818 -20.500000000000004 43.12461179494858
    endloop
  endfacet
  facet normal 0 -1 0
    outer loop
      vertex 47.98803458362818 -20.500000000000004 43.12461179494858
      vertex 50.93814431130886 -20.500000000000004 41.96453323960304
      vertex 50.36567587405443 -20.500000000000004 43.89715428650379
    endloop
  endfacet
  facet normal -0.9588197345284486 0 -0.2840153458508806
    outer loop
      vertex 50.93814431130886 -20.500000000000004 41.96453323960304
      vertex 50.93814431130886 -21.300000000000004 41.96453323960304
      vertex 50.36567587405443 -20.500000000000004 43.89715428650379
    endloop
  endfacet
  facet normal -0.9588197345284486 6.88510395924201e-17 -0.2840153458508806
    outer loop
      vertex 50.93814431130886 -21.300000000000004 41.96453323960304
      vertex 50.36567587405443 -21.300000000000004 43.89715428650379
      vertex 50.36567587405443 -20.500000000000004 43.89715428650379
    endloop
  endfacet
  facet normal -0.9723699203542948 0 -0.2334453640366037
    outer loop
      vertex 50.93814431130886 -20.500000000000004 41.96453323960304
      vertex 51.40868262946606 -20.500000000000004 40.00460009276867
      vertex 51.40868262946606 -21.300000000000004 40.00460009276867
    endloop
  endfacet
  facet normal 0 -1 0
    outer loop
      vertex 47.35889535397291 -20.500000000000004 44.901246182620525
      vertex 50.36567587405443 -20.500000000000004 43.89715428650379
      vertex 49.69284641742706 -20.500000000000004 45.79716605693102
    endloop
  endfacet
  facet normal -0.9426414909841258 3.4425519868695414e-17 -0.3338068595389022
    outer loop
      vertex 50.36567587405443 -21.300000000000004 43.89715428650379
      vertex 49.69284641742706 -21.300000000000004 45.79716605693102
      vertex 49.69284641742706 -20.500000000000004 45.79716605693102
    endloop
  endfacet
  facet normal -0.9238795326024021 0 -0.3826834321451179
    outer loop
      vertex 49.69284641742706 -20.500000000000004 45.79716605693102
      vertex 49.69284641742706 -21.300000000000004 45.79716605693102
      vertex 48.921500116586685 -20.500000000000004 47.65936075896025
    endloop
  endfacet
  facet normal -0.9426414909841258 0 -0.3338068595389022
    outer loop
      vertex 50.36567587405443 -20.500000000000004 43.89715428650379
      vertex 50.36567587405443 -21.300000000000004 43.89715428650379
      vertex 49.69284641742706 -20.500000000000004 45.79716605693102
    endloop
  endfacet
  facet normal -0.9238795326024021 0 -0.3826834321451179
    outer loop
      vertex 49.69284641742706 -21.300000000000004 45.79716605693102
      vertex 48.921500116586685 -21.300000000000004 47.65936075896025
      vertex 48.921500116586685 -20.500000000000004 47.65936075896025
    endloop
  endfacet
  facet normal 0 -1 0
    outer loop
      vertex 44.926914535462856 -20.500000000000004 50
      vertex 47.091978043317795 -20.500000000000004 51.25
      vertex 43.94214044511318 -20.500000000000004 51.60700526088476
    endloop
  endfacet
  facet normal 0.8526401643695805 0 0.5224985646906741
    outer loop
      vertex 44.926914535462856 -20.500000000000004 50
      vertex 43.94214044511318 -21.300000000000004 51.60700526088476
      vertex 44.926914535462856 -21.300000000000004 50
    endloop
  endfacet
  facet normal 0.8526401643695805 3.681618089733682e-17 0.5224985646906741
    outer loop
      vertex 44.926914535462856 -20.500000000000004 50
      vertex 43.94214044511318 -20.500000000000004 51.60700526088476
      vertex 43.94214044511318 -21.300000000000004 51.60700526088476
    endloop
  endfacet
  facet normal 0.8788171124782922 0 0.4771587605978925
    outer loop
      vertex 45.82623486965895 -20.500000000000004 48.34365799278021
      vertex 44.926914535462856 -20.500000000000004 50
      vertex 44.926914535462856 -21.300000000000004 50
    endloop
  endfacet
  facet normal 0 -1 0
    outer loop
      vertex 42.87461179494858 -20.500000000000004 53.16026908159256
      vertex 43.94214044511318 -20.500000000000004 51.60700526088476
      vertex 46.03881686925888 -20.500000000000004 52.96860285103321
    endloop
  endfacet
  facet normal 0 -1 0
    outer loop
      vertex 42.87461179494858 -20.500000000000004 53.16026908159256
      vertex 46.03881686925888 -20.500000000000004 52.96860285103321
      vertex 44.89715428650379 -20.500000000000004 54.629732213914394
    endloop
  endfacet
  facet normal 0 -1 0
    outer loop
      vertex 43.94214044511318 -20.500000000000004 51.60700526088476
      vertex 47.091978043317795 -20.500000000000004 51.25
      vertex 46.03881686925888 -20.500000000000004 52.96860285103321
    endloop
  endfacet
  facet normal -0.8241261881882967 0 -0.566406237555898
    outer loop
      vertex 46.03881686925888 -20.500000000000004 52.96860285103321
      vertex 46.03881686925888 -21.300000000000004 52.96860285103321
      vertex 44.89715428650379 -20.500000000000004 54.629732213914394
    endloop
  endfacet
  facet normal -0.8241261881882967 6.885103967280963e-17 -0.566406237555898
    outer loop
      vertex 46.03881686925888 -21.300000000000004 52.96860285103321
      vertex 44.89715428650379 -21.300000000000004 54.629732213914394
      vertex 44.89715428650379 -20.500000000000004 54.629732213914394
    endloop
  endfacet
  facet normal 0 -1 0
    outer loop
      vertex 44.926914535462856 -20.500000000000004 50
      vertex 48.053751178085804 -20.500000000000004 49.4786342382431
      vertex 47.091978043317795 -20.500000000000004 51.25
    endloop
  endfacet
  facet normal -0.8526401660236635 0 -0.5224985619914561
    outer loop
      vertex 46.03881686925888 -20.500000000000004 52.96860285103321
      vertex 47.091978043317795 -20.500000000000004 51.25
      vertex 47.091978043317795 -21.300000000000004 51.25
    endloop
  endfacet
  facet normal -0.8788171130202723 0 -0.477158759599689
    outer loop
      vertex 47.091978043317795 -20.500000000000004 51.25
      vertex 48.053751178085804 -21.300000000000004 49.4786342382431
      vertex 47.091978043317795 -21.300000000000004 51.25
    endloop
  endfacet
  facet normal -0.8788171130202723 0 -0.477158759599689
    outer loop
      vertex 47.091978043317795 -20.500000000000004 51.25
      vertex 48.053751178085804 -20.500000000000004 49.4786342382431
      vertex 48.053751178085804 -21.300000000000004 49.4786342382431
    endloop
  endfacet
  facet normal -0.8526401660236635 0 -0.5224985619914561
    outer loop
      vertex 46.03881686925888 -20.500000000000004 52.96860285103321
      vertex 47.091978043317795 -21.300000000000004 51.25
      vertex 46.03881686925888 -21.300000000000004 52.96860285103321
    endloop
  endfacet
  facet normal -0.7933533392372334 -6.885103962258473e-17 -0.6087614303823224
    outer loop
      vertex 43.670119516551495 -20.500000000000004 56.22883505374193
      vertex 44.89715428650379 -20.500000000000004 54.629732213914394
      vertex 44.89715428650379 -21.300000000000004 54.629732213914394
    endloop
  endfacet
  facet normal -0.7933533392372334 0 -0.6087614303823224
    outer loop
      vertex 43.670119516551495 -20.500000000000004 56.22883505374193
      vertex 44.89715428650379 -21.300000000000004 54.629732213914394
      vertex 43.670119516551495 -21.300000000000004 56.22883505374193
    endloop
  endfacet
  facet normal 0 -1 0
    outer loop
      vertex 34.55797506868839 -20.500000000000004 61.36673675477505
      vertex 34.91026908159256 -20.500000000000004 61.12461179494858
      vertex 37.97883505374193 -20.500000000000004 61.920119516551495
    endloop
  endfacet
  facet normal 0.566406225688801 0 0.8241261963443264
    outer loop
      vertex 34.55797506868839 -20.500000000000004 61.36673675477505
      vertex 34.55797506868839 -21.300000000000004 61.36673675477505
      vertex 34.91026908159256 -20.500000000000004 61.12461179494858
    endloop
  endfacet
  facet normal 0.566406225688801 0 0.8241261963443264
    outer loop
      vertex 34.91026908159256 -20.500000000000004 61.12461179494858
      vertex 34.55797506868839 -21.300000000000004 61.36673675477505
      vertex 34.91026908159256 -21.300000000000004 61.12461179494858
    endloop
  endfacet
  facet normal 0.6087614264591364 7.363236177874889e-17 0.7933533422475999
    outer loop
      vertex 34.91026908159256 -21.300000000000004 61.12461179494858
      vertex 36.40553408116102 -21.300000000000004 59.97725461423397
      vertex 36.40553408116102 -20.500000000000004 59.97725461423397
    endloop
  endfacet
  facet normal 0.6087614264591364 0 0.7933533422475999
    outer loop
      vertex 34.91026908159256 -20.500000000000004 61.12461179494858
      vertex 34.91026908159256 -21.300000000000004 61.12461179494858
      vertex 36.40553408116102 -20.500000000000004 59.97725461423397
    endloop
  endfacet
  facet normal 0 -1 0
    outer loop
      vertex 33.35700526088476 -20.500000000000004 62.19214044511318
      vertex 33.63657134026289 -20.500000000000004 62
      vertex 34.71860285103321 -20.500000000000004 64.28881686925888
    endloop
  endfacet
  facet normal 0 -1 0
    outer loop
      vertex 33.63657134026289 -20.500000000000004 62
      vertex 36.379732213914394 -20.500000000000004 63.14715428650379
      vertex 34.71860285103321 -20.500000000000004 64.28881686925888
    endloop
  endfacet
  facet normal 0 -1 0
    outer loop
      vertex 33.63657134026289 -20.500000000000004 62
      vertex 34.55797506868839 -20.500000000000004 61.36673675477505
      vertex 37.97883505374193 -20.500000000000004 61.920119516551495
    endloop
  endfacet
  facet normal 0 -1 0
    outer loop
      vertex 33.63657134026289 -20.500000000000004 62
      vertex 37.97883505374193 -20.500000000000004 61.920119516551495
      vertex 36.379732213914394 -20.500000000000004 63.14715428650379
    endloop
  endfacet
  facet normal -0.566406237555898 0 -0.8241261881882967
    outer loop
      vertex 36.379732213914394 -20.500000000000004 63.14715428650379
      vertex 36.379732213914394 -21.300000000000004 63.14715428650379
      vertex 34.71860285103321 -20.500000000000004 64.28881686925888
    endloop
  endfacet
  facet normal -0.566406237555898 6.885103967280963e-17 -0.8241261881882967
    outer loop
      vertex 36.379732213914394 -21.300000000000004 63.14715428650379
      vertex 34.71860285103321 -21.300000000000004 64.28881686925888
      vertex 34.71860285103321 -20.500000000000004 64.28881686925888
    endloop
  endfacet
  facet normal 0 -1 0
    outer loop
      vertex 34.91026908159256 -20.500000000000004 61.12461179494858
      vertex 36.40553408116102 -20.500000000000004 59.97725461423397
      vertex 37.97883505374193 -20.500000000000004 61.920119516551495
    endloop
  endfacet
  facet normal 0 -1 0
    outer loop
      vertex 37.83870182931423 -20.500000000000004 58.753213718533516
      vertex 39.511528342962265 -20.500000000000004 60.61107578128576
      vertex 36.40553408116102 -20.500000000000004 59.97725461423397
    endloop
  endfacet
  facet normal 0 -1 0
    outer loop
      vertex 36.40553408116102 -20.500000000000004 59.97725461423397
      vertex 39.511528342962265 -20.500000000000004 60.61107578128576
      vertex 37.97883505374193 -20.500000000000004 61.920119516551495
    endloop
  endfacet
  facet normal 0.6494480492424596 0 0.7604059648208737
    outer loop
      vertex 37.83870182931423 -20.500000000000004 58.753213718533516
      vertex 36.40553408116102 -20.500000000000004 59.97725461423397
      vertex 36.40553408116102 -21.300000000000004 59.97725461423397
    endloop
  endfacet
  facet normal -0.6494480483884678 0 -0.7604059655502516
    outer loop
      vertex 37.97883505374193 -20.500000000000004 61.920119516551495
      vertex 39.511528342962265 -21.300000000000004 60.61107578128576
      vertex 37.97883505374193 -21.300000000000004 61.920119516551495
    endloop
  endfacet
  facet normal -0.6087614303823224 -6.885103962258473e-17 -0.7933533392372334
    outer loop
      vertex 36.379732213914394 -20.500000000000004 63.14715428650379
      vertex 37.97883505374193 -20.500000000000004 61.920119516551495
      vertex 37.97883505374193 -21.300000000000004 61.920119516551495
    endloop
  endfacet
  facet normal -0.6087614303823224 0 -0.7933533392372334
    outer loop
      vertex 36.379732213914394 -20.500000000000004 63.14715428650379
      vertex 37.97883505374193 -21.300000000000004 61.920119516551495
      vertex 36.379732213914394 -21.300000000000004 63.14715428650379
    endloop
  endfacet
  facet normal -0.5224985619914561 0 -0.8526401660236635
    outer loop
      vertex 33 -20.500000000000004 65.3419780433178
      vertex 34.71860285103321 -20.500000000000004 64.28881686925888
      vertex 34.71860285103321 -21.300000000000004 64.28881686925888
    endloop
  endfacet
  facet normal 0 -1 0
    outer loop
      vertex 37.83870182931423 -20.500000000000004 58.753213718533516
      vertex 40.9736110791564 -20.500000000000004 59.2236110791564
      vertex 39.511528342962265 -20.500000000000004 60.61107578128576
    endloop
  endfacet
  facet normal -0.6883545735729213 0 -0.7253743730248826
    outer loop
      vertex 40.9736110791564 -21.300000000000004 59.2236110791564
      vertex 39.511528342962265 -21.300000000000004 60.61107578128576
      vertex 39.511528342962265 -20.500000000000004 60.61107578128576
    endloop
  endfacet
  facet normal -0.6494480483884678 -1.3770207923427054e-16 -0.7604059655502516
    outer loop
      vertex 37.97883505374193 -20.500000000000004 61.920119516551495
      vertex 39.511528342962265 -20.500000000000004 60.61107578128576
      vertex 39.511528342962265 -21.300000000000004 60.61107578128576
    endloop
  endfacet
  facet normal -0.6883545735729213 0 -0.7253743730248826
    outer loop
      vertex 40.9736110791564 -20.500000000000004 59.2236110791564
      vertex 40.9736110791564 -21.300000000000004 59.2236110791564
      vertex 39.511528342962265 -20.500000000000004 60.61107578128576
    endloop
  endfacet
  facet normal 0 1 0
    outer loop
      vertex -2.8499999999999996 -0.8 1.7000000000000046
      vertex -2.9499999999999997 -0.8 1.7000000000000046
      vertex -1.8499999999999996 -0.8 2.7000000000000046
    endloop
  endfacet
  facet normal 0 1 0
    outer loop
      vertex -1.8499999999999996 -0.8 2.7000000000000046
      vertex -2.9499999999999997 -0.8 1.7000000000000046
      vertex -1.8972966760961807 -0.8 5.110000000000004
    endloop
  endfacet
  facet normal 0 1 0
    outer loop
      vertex -1.8499999999999996 -0.8 2.7000000000000046
      vertex -1.8972966760961807 -0.8 5.110000000000004
      vertex -1.8499999999999996 -0.8 5.110000000000004
    endloop
  endfacet
  facet normal 0 0 -1
    outer loop
      vertex -2.8499999999999996 -0.8 1.7000000000000046
      vertex -2.9499999999999997 -2.4000000000000004 1.7000000000000046
      vertex -2.9499999999999997 -0.8 1.7000000000000046
    endloop
  endfacet
  facet normal 0.7071067811865476 0 -0.7071067811865476
    outer loop
      vertex -2.8499999999999996 -0.8 1.7000000000000046
      vertex -1.8499999999999996 -0.8 2.7000000000000046
      vertex -1.8499999999999996 -2.4000000000000004 2.7000000000000046
    endloop
  endfacet
  facet normal 0 0 -1
    outer loop
      vertex -2.8499999999999996 -0.8 1.7000000000000046
      vertex -2.8499999999999996 -2.4000000000000004 1.7000000000000046
      vertex -2.9499999999999997 -2.4000000000000004 1.7000000000000046
    endloop
  endfacet
  facet normal 0.7071067811865476 0 -0.7071067811865476
    outer loop
      vertex -2.8499999999999996 -0.8 1.7000000000000046
      vertex -1.8499999999999996 -2.4000000000000004 2.7000000000000046
      vertex -2.8499999999999996 -2.4000000000000004 1.7000000000000046
    endloop
  endfacet
  facet normal 0 -1 0
    outer loop
      vertex -2.8499999999999996 -2.4000000000000004 1.7000000000000046
      vertex -1.8499999999999996 -2.4000000000000004 2.7000000000000046
      vertex -2.9499999999999997 -2.4000000000000004 1.7000000000000046
    endloop
  endfacet
  facet normal 1 0 0
    outer loop
      vertex -1.8499999999999996 -0.8 2.7000000000000046
      vertex -1.8499999999999996 -0.8 5.110000000000004
      vertex -1.8499999999999996 -2.4000000000000004 5.110000000000004
    endloop
  endfacet
  facet normal 1 0 0
    outer loop
      vertex -1.8499999999999996 -0.8 2.7000000000000046
      vertex -1.8499999999999996 -2.4000000000000004 5.110000000000004
      vertex -1.8499999999999996 -2.4000000000000004 2.7000000000000046
    endloop
  endfacet
  facet normal 0 -1 0
    outer loop
      vertex -1.8499999999999996 -2.4000000000000004 2.7000000000000046
      vertex -1.8499999999999996 -2.4000000000000004 5.110000000000004
      vertex -2.9499999999999997 -2.4000000000000004 1.7000000000000046
    endloop
  endfacet
  facet normal 0 1 0
    outer loop
      vertex -1.8972966760961807 -0.8 5.110000000000004
      vertex -2.9499999999999997 -0.8 1.7000000000000046
      vertex -1.979722418670438 -0.8 9.310000000000002
    endloop
  endfacet
  facet normal 0 -1 0
    outer loop
      vertex -1.8499999999999996 -2.4000000000000004 5.110000000000004
      vertex -1.8499999999999996 -2.4000000000000004 9.310000000000002
      vertex -2.9499999999999997 -2.4000000000000004 1.7000000000000046
    endloop
  endfacet
  facet normal 0 1 0
    outer loop
      vertex -1.979722418670438 -0.8 9.310000000000002
      vertex -2.9499999999999997 -0.8 1.7000000000000046
      vertex -1.8499999999999996 -0.8 59.26
    endloop
  endfacet
  facet normal 0 -1 0
    outer loop
      vertex -1.8499999999999996 -2.4000000000000004 9.310000000000002
      vertex -1.8499999999999996 -2.4000000000000004 59.26
      vertex -2.9499999999999997 -2.4000000000000004 1.7000000000000046
    endloop
  endfacet
  facet normal 0 1 0
    outer loop
      vertex -1.979722418670438 -0.8 9.310000000000002
      vertex -1.8499999999999996 -0.8 59.26
      vertex -1.8499999999999996 -0.8 9.310000000000002
    endloop
  endfacet
  facet normal 1 0 0
    outer loop
      vertex -1.8499999999999996 -0.8 9.310000000000002
      vertex -1.8499999999999996 -2.4000000000000004 59.26
      vertex -1.8499999999999996 -2.4000000000000004 9.310000000000002
    endloop
  endfacet
  facet normal 0 1 0
    outer loop
      vertex -1.8499999999999996 -0.8 59.26
      vertex -2.9499999999999997 -0.8 1.7000000000000046
      vertex -2.9499999999999997 -0.8 59.26
    endloop
  endfacet
  facet normal 0 -1 0
    outer loop
      vertex -1.8499999999999996 -2.4000000000000004 59.26
      vertex -2.9499999999999997 -2.4000000000000004 59.26
      vertex -2.9499999999999997 -2.4000000000000004 1.7000000000000046
    endloop
  endfacet
  facet normal 1 0 0
    outer loop
      vertex -1.8499999999999996 -0.8 9.310000000000002
      vertex -1.8499999999999996 -0.8 59.26
      vertex -1.8499999999999996 -2.4000000000000004 59.26
    endloop
  endfacet
  facet normal 0 0 1
    outer loop
      vertex -1.8499999999999996 -0.8 59.26
      vertex -2.9499999999999997 -0.8 59.26
      vertex -1.8499999999999996 -2.4000000000000004 59.26
    endloop
  endfacet
  facet normal 0 0 1
    outer loop
      vertex -1.8499999999999996 -2.4000000000000004 59.26
      vertex -2.9499999999999997 -0.8 59.26
      vertex -2.9499999999999997 -2.4000000000000004 59.26
    endloop
  endfacet
  facet normal 0 1 0
    outer loop
      vertex 29.35 -0.8 2.7000000000000046
      vertex 30.45 -0.8 1.7000000000000046
      vertex 30.35 -0.8 1.7000000000000046
    endloop
  endfacet
  facet normal 0 1 0
    outer loop
      vertex 29.35 -0.8 2.7000000000000046
      vertex 29.397296676096182 -0.8 5.110000000000004
      vertex 30.45 -0.8 1.7000000000000046
    endloop
  endfacet
  facet normal 0 1 0
    outer loop
      vertex 29.35 -0.8 2.7000000000000046
      vertex 29.35 -0.8 5.110000000000004
      vertex 29.397296676096182 -0.8 5.110000000000004
    endloop
  endfacet
  facet normal -0.7071067811865476 0 -0.7071067811865476
    outer loop
      vertex 29.35 -0.8 2.7000000000000046
      vertex 30.35 -0.8 1.7000000000000046
      vertex 29.35 -2.4000000000000004 2.7000000000000046
    endloop
  endfacet
  facet normal 0 0 -1
    outer loop
      vertex 30.35 -0.8 1.7000000000000046
      vertex 30.45 -0.8 1.7000000000000046
      vertex 30.35 -2.4000000000000004 1.7000000000000046
    endloop
  endfacet
  facet normal 0 0 -1
    outer loop
      vertex 30.35 -2.4000000000000004 1.7000000000000046
      vertex 30.45 -0.8 1.7000000000000046
      vertex 30.45 -2.4000000000000004 1.7000000000000046
    endloop
  endfacet
  facet normal -0.7071067811865476 0 -0.7071067811865476
    outer loop
      vertex 30.35 -0.8 1.7000000000000046
      vertex 30.35 -2.4000000000000004 1.7000000000000046
      vertex 29.35 -2.4000000000000004 2.7000000000000046
    endloop
  endfacet
  facet normal 0 -1 0
    outer loop
      vertex 29.35 -2.4000000000000004 2.7000000000000046
      vertex 30.35 -2.4000000000000004 1.7000000000000046
      vertex 30.45 -2.4000000000000004 1.7000000000000046
    endloop
  endfacet
  facet normal -1 0 0
    outer loop
      vertex 29.35 -0.8 2.7000000000000046
      vertex 29.35 -2.4000000000000004 5.110000000000004
      vertex 29.35 -0.8 5.110000000000004
    endloop
  endfacet
  facet normal -1 0 0
    outer loop
      vertex 29.35 -0.8 2.7000000000000046
      vertex 29.35 -2.4000000000000004 2.7000000000000046
      vertex 29.35 -2.4000000000000004 5.110000000000004
    endloop
  endfacet
  facet normal 0 -1 0
    outer loop
      vertex 29.35 -2.4000000000000004 2.7000000000000046
      vertex 30.45 -2.4000000000000004 1.7000000000000046
      vertex 29.35 -2.4000000000000004 5.110000000000004
    endloop
  endfacet
  facet normal 0 1 0
    outer loop
      vertex 29.397296676096182 -0.8 5.110000000000004
      vertex 29.479722418670438 -0.8 9.310000000000002
      vertex 30.45 -0.8 1.7000000000000046
    endloop
  endfacet
  facet normal 0 -1 0
    outer loop
      vertex 29.35 -2.4000000000000004 5.110000000000004
      vertex 30.45 -2.4000000000000004 1.7000000000000046
      vertex 29.35 -2.4000000000000004 9.310000000000002
    endloop
  endfacet
  facet normal 0 1 0
    outer loop
      vertex 29.479722418670438 -0.8 9.310000000000002
      vertex 29.35 -0.8 59.26
      vertex 30.45 -0.8 1.7000000000000046
    endloop
  endfacet
  facet normal 0 -1 0
    outer loop
      vertex 29.35 -2.4000000000000004 9.310000000000002
      vertex 30.45 -2.4000000000000004 1.7000000000000046
      vertex 29.35 -2.4000000000000004 59.26
    endloop
  endfacet
  facet normal 0 1 0
    outer loop
      vertex 29.35 -0.8 9.310000000000002
      vertex 29.35 -0.8 59.26
      vertex 29.479722418670438 -0.8 9.310000000000002
    endloop
  endfacet
  facet normal -1 0 0
    outer loop
      vertex 29.35 -0.8 9.310000000000002
      vertex 29.35 -2.4000000000000004 9.310000000000002
      vertex 29.35 -2.4000000000000004 59.26
    endloop
  endfacet
  facet normal 0 1 0
    outer loop
      vertex 29.35 -0.8 59.26
      vertex 30.45 -0.8 59.26
      vertex 30.45 -0.8 1.7000000000000046
    endloop
  endfacet
  facet normal 0 -1 0
    outer loop
      vertex 29.35 -2.4000000000000004 59.26
      vertex 30.45 -2.4000000000000004 1.7000000000000046
      vertex 30.45 -2.4000000000000004 59.26
    endloop
  endfacet
  facet normal -1 0 0
    outer loop
      vertex 29.35 -0.8 9.310000000000002
      vertex 29.35 -2.4000000000000004 59.26
      vertex 29.35 -0.8 59.26
    endloop
  endfacet
  facet normal 0 0 1
    outer loop
      vertex 29.35 -0.8 59.26
      vertex 30.45 -2.4000000000000004 59.26
      vertex 30.45 -0.8 59.26
    endloop
  endfacet
  facet normal 0 0 1
    outer loop
      vertex 29.35 -0.8 59.26
      vertex 29.35 -2.4000000000000004 59.26
      vertex 30.45 -2.4000000000000004 59.26
    endloop
  endfacet
  facet normal 0 1 0
    outer loop
      vertex -1.8972966760961807 -0.8 5.110000000000004
      vertex -1.3999999999999997 -0.8 5.910000000000004
      vertex -1.8499999999999996 -0.8 5.110000000000004
    endloop
  endfacet
  facet normal 0 1 0
    outer loop
      vertex -1.8972966760961807 -0.8 5.110000000000004
      vertex -1.3999999999999997 -0.8 8.510000000000003
      vertex -1.3999999999999997 -0.8 5.910000000000004
    endloop
  endfacet
  facet normal 0 1 0
    outer loop
      vertex -1.8972966760961807 -0.8 5.110000000000004
      vertex -1.979722418670438 -0.8 9.310000000000002
      vertex -1.8499999999999996 -0.8 9.310000000000002
    endloop
  endfacet
  facet normal 0 1 0
    outer loop
      vertex -1.8972966760961807 -0.8 5.110000000000004
      vertex -1.8499999999999996 -0.8 9.310000000000002
      vertex -1.3999999999999997 -0.8 8.510000000000003
    endloop
  endfacet
  facet normal 0.8715755371245493 6.0477701813482085e-18 -0.490261239632559
    outer loop
      vertex -1.8499999999999996 -0.8 5.110000000000004
      vertex -1.3999999999999997 -0.8 5.910000000000004
      vertex -1.3999999999999997 -2.4000000000000004 5.910000000000004
    endloop
  endfacet
  facet normal 1 0 0
    outer loop
      vertex -1.3999999999999997 -0.8 5.910000000000004
      vertex -1.3999999999999997 -0.8 8.510000000000003
      vertex -1.3999999999999997 -2.4000000000000004 5.910000000000004
    endloop
  endfacet
  facet normal 0.8715755371245493 0 -0.490261239632559
    outer loop
      vertex -1.8499999999999996 -0.8 5.110000000000004
      vertex -1.3999999999999997 -2.4000000000000004 5.910000000000004
      vertex -1.8499999999999996 -2.4000000000000004 5.110000000000004
    endloop
  endfacet
  facet normal 0 -1 0
    outer loop
      vertex -1.8499999999999996 -2.4000000000000004 5.110000000000004
      vertex -1.3999999999999997 -2.4000000000000004 5.910000000000004
      vertex -1.8499999999999996 -2.4000000000000004 9.310000000000002
    endloop
  endfacet
  facet normal 0.871575537124549 1.51194254533702e-18 0.49026123963255946
    outer loop
      vertex -1.3999999999999997 -0.8 8.510000000000003
      vertex -1.8499999999999996 -0.8 9.310000000000002
      vertex -1.8499999999999996 -2.4000000000000004 9.310000000000002
    endloop
  endfacet
  facet normal 1 0 0
    outer loop
      vertex -1.3999999999999997 -0.8 8.510000000000003
      vertex -1.3999999999999997 -2.4000000000000004 8.510000000000003
      vertex -1.3999999999999997 -2.4000000000000004 5.910000000000004
    endloop
  endfacet
  facet normal 0 -1 0
    outer loop
      vertex -1.3999999999999997 -2.4000000000000004 5.910000000000004
      vertex -1.3999999999999997 -2.4000000000000004 8.510000000000003
      vertex -1.8499999999999996 -2.4000000000000004 9.310000000000002
    endloop
  endfacet
  facet normal 0.871575537124549 0 0.49026123963255946
    outer loop
      vertex -1.3999999999999997 -0.8 8.510000000000003
      vertex -1.8499999999999996 -2.4000000000000004 9.310000000000002
      vertex -1.3999999999999997 -2.4000000000000004 8.510000000000003
    endloop
  endfacet
  facet normal 0 1 0
    outer loop
      vertex 29.35 -0.8 5.110000000000004
      vertex 28.9 -0.8 5.910000000000004
      vertex 29.397296676096182 -0.8 5.110000000000004
    endloop
  endfacet
  facet normal 0 1 0
    outer loop
      vertex 29.397296676096182 -0.8 5.110000000000004
      vertex 28.9 -0.8 5.910000000000004
      vertex 28.9 -0.8 8.510000000000003
    endloop
  endfacet
  facet normal 0 1 0
    outer loop
      vertex 29.397296676096182 -0.8 5.110000000000004
      vertex 28.9 -0.8 8.510000000000003
      vertex 29.35 -0.8 9.310000000000002
    endloop
  endfacet
  facet normal 0 1 0
    outer loop
      vertex 29.397296676096182 -0.8 5.110000000000004
      vertex 29.35 -0.8 9.310000000000002
      vertex 29.479722418670438 -0.8 9.310000000000002
    endloop
  endfacet
  facet normal -0.8715755371245479 9.071655272022634e-18 -0.49026123963256135
    outer loop
      vertex 29.35 -0.8 5.110000000000004
      vertex 28.9 -2.4000000000000004 5.910000000000004
      vertex 28.9 -0.8 5.910000000000004
    endloop
  endfacet
  facet normal -1 0 0
    outer loop
      vertex 28.9 -0.8 5.910000000000004
      vertex 28.9 -2.4000000000000004 5.910000000000004
      vertex 28.9 -0.8 8.510000000000003
    endloop
  endfacet
  facet normal -0.8715755371245479 0 -0.49026123963256135
    outer loop
      vertex 29.35 -0.8 5.110000000000004
      vertex 29.35 -2.4000000000000004 5.110000000000004
      vertex 28.9 -2.4000000000000004 5.910000000000004
    endloop
  endfacet
  facet normal 0 -1 0
    outer loop
      vertex 29.35 -2.4000000000000004 5.110000000000004
      vertex 29.35 -2.4000000000000004 9.310000000000002
      vertex 28.9 -2.4000000000000004 5.910000000000004
    endloop
  endfacet
  facet normal -0.8715755371245477 -1.663136799870961e-17 0.4902612396325618
    outer loop
      vertex 28.9 -0.8 8.510000000000003
      vertex 29.35 -2.4000000000000004 9.310000000000002
      vertex 29.35 -0.8 9.310000000000002
    endloop
  endfacet
  facet normal -1 0 0
    outer loop
      vertex 28.9 -0.8 8.510000000000003
      vertex 28.9 -2.4000000000000004 5.910000000000004
      vertex 28.9 -2.4000000000000004 8.510000000000003
    endloop
  endfacet
  facet normal 0 -1 0
    outer loop
      vertex 28.9 -2.4000000000000004 5.910000000000004
      vertex 29.35 -2.4000000000000004 9.310000000000002
      vertex 28.9 -2.4000000000000004 8.510000000000003
    endloop
  endfacet
  facet normal -0.8715755371245477 0 0.4902612396325618
    outer loop
      vertex 28.9 -0.8 8.510000000000003
      vertex 28.9 -2.4000000000000004 8.510000000000003
      vertex 29.35 -2.4000000000000004 9.310000000000002
    endloop
  endfacet
endsolid OpenSCAD_Model
