solid OpenSCAD_Model
  facet normal 0 1 0
    outer loop
      vertex -4.616025403784438 3.7 0.5
      vertex -4.457106781186548 3.7 0.2928932188134521
      vertex -4.543353340291235 3.7 0.3912385709912787
    endloop
  endfacet
  facet normal 0 1 0
    outer loop
      vertex -4.616025403784438 3.7 0.5
      vertex -4.715925826289069 3.7 0.7411809548974801
      vertex -4.75 3.7 1
    endloop
  endfacet
  facet normal 0 1 0
    outer loop
      vertex -4.616025403784438 3.7 0.5
      vertex -4.673879532511287 3.7 0.6173165676349104
      vertex -4.715925826289069 3.7 0.7411809548974801
    endloop
  endfacet
  facet normal 0 1 0
    outer loop
      vertex -4.715925826289069 3.7 0.7411809548974801
      vertex -4.74144486137381 3.7 0.8694738077799489
      vertex -4.75 3.7 1
    endloop
  endfacet
  facet normal 0 1 0
    outer loop
      vertex -4.35876142900872 3.7 0.20664665970876506
      vertex -4.457106781186548 3.7 0.2928932188134521
      vertex -4.25 3.7 0.13397459621556074
    endloop
  endfacet
  facet normal 0 1 0
    outer loop
      vertex -4.616025403784438 3.7 0.5
      vertex -4.25 3.7 0.13397459621556074
      vertex -4.457106781186548 3.7 0.2928932188134521
    endloop
  endfacet
  facet normal 0 1 0
    outer loop
      vertex -4.616025403784438 3.7 0.5
      vertex -4.008819045102521 3.7 0.03407417371093224
      vertex -4.25 3.7 0.13397459621556074
    endloop
  endfacet
  facet normal 0 1 0
    outer loop
      vertex -4.25 3.7 0.13397459621556074
      vertex -4.008819045102521 3.7 0.03407417371093224
      vertex -4.13268343236509 3.7 0.07612046748871393
    endloop
  endfacet
  facet normal 0 1 0
    outer loop
      vertex -4.008819045102521 3.7 0.03407417371093224
      vertex -3.75 3.7 0
      vertex -3.8805261922200516 3.7 0.008555138626189063
    endloop
  endfacet
  facet normal 0 0 -1
    outer loop
      vertex -2.9499999999999997 1.5375952582557155 0
      vertex -2.9499999999999997 -0.8 0
      vertex -2.9599999999999995 -0.8 0
    endloop
  endfacet
  facet normal -0.831469612302547 -2.4814869952850204e-19 -0.5555702330195995
    outer loop
      vertex -4.616025403784438 3.7 0.5
      vertex -4.543353340291235 3.7 0.3912385709912787
      vertex -4.543353340291235 -21.300000000000004 0.3912385709912787
    endloop
  endfacet
  facet normal -0.7518398074789787 0 -0.6593458151000674
    outer loop
      vertex -4.543353340291235 3.7 0.3912385709912787
      vertex -4.457106781186548 3.7 0.2928932188134521
      vertex -4.543353340291235 -21.300000000000004 0.3912385709912787
    endloop
  endfacet
  facet normal -0.9469301294951059 0 -0.3214394653031609
    outer loop
      vertex -4.715925826289069 3.7 0.7411809548974801
      vertex -4.673879532511287 3.7 0.6173165676349104
      vertex -4.715925826289069 -21.300000000000004 0.7411809548974801
    endloop
  endfacet
  facet normal -0.8968727415326871 0 -0.4422886902190038
    outer loop
      vertex -4.616025403784438 3.7 0.5
      vertex -4.616025403784438 -21.300000000000004 0.5
      vertex -4.673879532511287 3.7 0.6173165676349104
    endloop
  endfacet
  facet normal -0.9807852804032314 0 -0.19509032201612364
    outer loop
      vertex -4.715925826289069 3.7 0.7411809548974801
      vertex -4.715925826289069 -21.300000000000004 0.7411809548974801
      vertex -4.74144486137381 3.7 0.8694738077799489
    endloop
  endfacet
  facet normal -0.9978589232386034 2.2960565858036668e-20 -0.06540312923014606
    outer loop
      vertex -4.74144486137381 3.7 0.8694738077799489
      vertex -4.75 -21.300000000000004 1
      vertex -4.75 3.7 1
    endloop
  endfacet
  facet normal -0.6593458151000641 0 -0.7518398074789817
    outer loop
      vertex -4.35876142900872 3.7 0.20664665970876506
      vertex -4.35876142900872 -21.300000000000004 0.20664665970876506
      vertex -4.457106781186548 3.7 0.2928932188134521
    endloop
  endfacet
  facet normal -0.5555702330196074 0 -0.8314696123025419
    outer loop
      vertex -4.35876142900872 3.7 0.20664665970876506
      vertex -4.25 3.7 0.13397459621556074
      vertex -4.35876142900872 -21.300000000000004 0.20664665970876506
    endloop
  endfacet
  facet normal -0.44228869021899286 0 -0.8968727415326926
    outer loop
      vertex -4.25 3.7 0.13397459621556074
      vertex -4.13268343236509 3.7 0.07612046748871393
      vertex -4.25 -21.300000000000004 0.13397459621556074
    endloop
  endfacet
  facet normal -0.321439465303163 -1.0844750122877839e-19 -0.9469301294951052
    outer loop
      vertex -4.13268343236509 3.7 0.07612046748871393
      vertex -4.008819045102521 3.7 0.03407417371093224
      vertex -4.008819045102521 -21.300000000000004 0.03407417371093224
    endloop
  endfacet
  facet normal -0.19509032201613605 0 -0.9807852804032289
    outer loop
      vertex -4.008819045102521 3.7 0.03407417371093224
      vertex -3.8805261922200516 3.7 0.008555138626189063
      vertex -4.008819045102521 -21.300000000000004 0.03407417371093224
    endloop
  endfacet
  facet normal -0.06540312923013906 3.05436121460281e-20 -0.9978589232386037
    outer loop
      vertex -3.8805261922200516 3.7 0.008555138626189063
      vertex -3.75 3.7 0
      vertex -3.75 -21.300000000000004 0
    endloop
  endfacet
  facet normal 0 0 -1
    outer loop
      vertex -3.75 3.7 0
      vertex -2.9499999999999997 1.9000000000000001 0
      vertex -3.75 -21.300000000000004 0
    endloop
  endfacet
  facet normal 0 0 -1
    outer loop
      vertex -2.9499999999999997 1.9000000000000001 0
      vertex -2.9499999999999997 1.5375952582557155 0
      vertex -3.75 -21.300000000000004 0
    endloop
  endfacet
  facet normal 0 0 -1
    outer loop
      vertex -2.9499999999999997 1.5375952582557155 0
      vertex -2.9599999999999995 -0.8 0
      vertex -3.75 -21.300000000000004 0
    endloop
  endfacet
  facet normal 0 0 -1
    outer loop
      vertex -3.75 -21.300000000000004 0
      vertex -2.9599999999999995 -0.8 0
      vertex -2.9599999999999995 -2.4000000000000004 0
    endloop
  endfacet
  facet normal 0 0 -1
    outer loop
      vertex -2.9499999999999997 -19.500000000000004 0
      vertex -2.9599999999999995 -2.4000000000000004 0
      vertex -2.9499999999999997 -2.4000000000000004 0
    endloop
  endfacet
  facet normal 0 1 0
    outer loop
      vertex -4.616025403784438 3.7 0.5
      vertex -4.75 3.7 1
      vertex -4.707224306869052 3.7 55.50263096110025
    endloop
  endfacet
  facet normal -1 0 0
    outer loop
      vertex -4.75 3.7 1
      vertex -4.75 -3.786857858300209 30.709969994425773
      vertex -4.75 -3.6393398344516754 30.839339834451675
    endloop
  endfacet
  facet normal -1 0 0
    outer loop
      vertex -4.75 3.7 1
      vertex -4.75 -3.9500000029802322 30.60096189826727
      vertex -4.75 -3.786857858300209 30.709969994425773
    endloop
  endfacet
  facet normal -1 0 0
    outer loop
      vertex -4.75 3.7 1
      vertex -4.75 -4.125974856317043 30.514180701971053
      vertex -4.75 -3.9500000029802322 30.60096189826727
    endloop
  endfacet
  facet normal -1 0 0
    outer loop
      vertex -4.75 3.7 1
      vertex -4.75 -4.504210717976093 30.41283271163702
      vertex -4.75 -4.311771437525749 30.45111126154661
    endloop
  endfacet
  facet normal -1 0 0
    outer loop
      vertex -4.75 3.7 1
      vertex -4.75 -4.311771437525749 30.45111126154661
      vertex -4.75 -4.125974856317043 30.514180701971053
    endloop
  endfacet
  facet normal -1 0 0
    outer loop
      vertex -4.75 3.7 1
      vertex -4.75 -4.700000002980232 30.40000000298023
      vertex -4.75 -4.504210717976093 30.41283271163702
    endloop
  endfacet
  facet normal -1 0 0
    outer loop
      vertex -4.75 3.7 1
      vertex -4.75 -3.251111261546612 31.51177143752575
      vertex -4.75 -3.21283271163702 31.704210717976093
    endloop
  endfacet
  facet normal -1 0 0
    outer loop
      vertex -4.75 3.7 1
      vertex -4.75 -3.314180701971054 31.325974856317043
      vertex -4.75 -3.251111261546612 31.51177143752575
    endloop
  endfacet
  facet normal -1 0 0
    outer loop
      vertex -4.75 3.7 1
      vertex -4.75 -3.5099699944257736 30.98685785830021
      vertex -4.75 -3.400961898267269 31.15000000298023
    endloop
  endfacet
  facet normal -1 0 0
    outer loop
      vertex -4.75 3.7 1
      vertex -4.75 -3.6393398344516754 30.839339834451675
      vertex -4.75 -3.5099699944257736 30.98685785830021
    endloop
  endfacet
  facet normal -1 0 0
    outer loop
      vertex -4.75 3.7 1
      vertex -4.75 -3.400961898267269 31.15000000298023
      vertex -4.75 -3.314180701971054 31.325974856317043
    endloop
  endfacet
  facet normal -1 0 0
    outer loop
      vertex -4.75 3.7 1
      vertex -4.75 -3.21283271163702 31.704210717976093
      vertex -4.75 3.7 54.849999999999994
    endloop
  endfacet
  facet normal -1 0 0
    outer loop
      vertex -4.75 3.7 1
      vertex -4.75 -8.299999997019768 30.40000000298023
      vertex -4.75 -4.700000002980232 30.40000000298023
    endloop
  endfacet
  facet normal -1 0 0
    outer loop
      vertex -4.75 3.7 1
      vertex -4.75 -8.495789282023907 30.41283271163702
      vertex -4.75 -8.299999997019768 30.40000000298023
    endloop
  endfacet
  facet normal -1 0 0
    outer loop
      vertex -4.75 3.7 1
      vertex -4.75 -8.68822856247425 30.45111126154661
      vertex -4.75 -8.495789282023907 30.41283271163702
    endloop
  endfacet
  facet normal -1 0 0
    outer loop
      vertex -4.75 3.7 1
      vertex -4.75 -8.874025143682957 30.514180701971053
      vertex -4.75 -8.68822856247425 30.45111126154661
    endloop
  endfacet
  facet normal -1 0 0
    outer loop
      vertex -4.75 3.7 1
      vertex -4.75 -9.049999997019768 30.60096189826727
      vertex -4.75 -8.874025143682957 30.514180701971053
    endloop
  endfacet
  facet normal -1 0 0
    outer loop
      vertex -4.75 3.7 1
      vertex -4.75 -9.213142141699791 30.709969994425773
      vertex -4.75 -9.049999997019768 30.60096189826727
    endloop
  endfacet
  facet normal -1 0 0
    outer loop
      vertex -4.75 3.7 1
      vertex -4.75 -9.360660165548325 30.839339834451675
      vertex -4.75 -9.213142141699791 30.709969994425773
    endloop
  endfacet
  facet normal -1 0 0
    outer loop
      vertex -4.75 3.7 1
      vertex -4.75 -9.490030005574226 30.98685785830021
      vertex -4.75 -9.360660165548325 30.839339834451675
    endloop
  endfacet
  facet normal -1 0 0
    outer loop
      vertex -4.75 3.7 1
      vertex -4.75 -9.59903810173273 31.15000000298023
      vertex -4.75 -9.490030005574226 30.98685785830021
    endloop
  endfacet
  facet normal 0 1 0
    outer loop
      vertex -4.616025403784438 3.7 0.5
      vertex 31.25 3.7 0
      vertex -4.008819045102521 3.7 0.03407417371093224
    endloop
  endfacet
  facet normal 0 1 0
    outer loop
      vertex -4.008819045102521 3.7 0.03407417371093224
      vertex 31.25 3.7 0
      vertex -3.75 3.7 0
    endloop
  endfacet
  facet normal 0 0 -1
    outer loop
      vertex -3.75 3.7 0
      vertex 31.25 3.7 0
      vertex -2.9499999999999997 1.9000000000000001 0
    endloop
  endfacet
  facet normal 0 1 0
    outer loop
      vertex -4.616025403784438 3.7 0.5
      vertex 0.25 3.7 59.849999999999994
      vertex 32.25 3.7 1
    endloop
  endfacet
  facet normal -0.831469612302547 0 -0.5555702330195995
    outer loop
      vertex -4.616025403784438 3.7 0.5
      vertex -4.543353340291235 -21.300000000000004 0.3912385709912787
      vertex -4.616025403784438 -21.300000000000004 0.5
    endloop
  endfacet
  facet normal -0.7518398074789787 0 -0.6593458151000674
    outer loop
      vertex -4.457106781186548 3.7 0.2928932188134521
      vertex -4.457106781186548 -21.300000000000004 0.2928932188134521
      vertex -4.543353340291235 -21.300000000000004 0.3912385709912787
    endloop
  endfacet
  facet normal -0.9469301294951059 0 -0.3214394653031609
    outer loop
      vertex -4.673879532511287 3.7 0.6173165676349104
      vertex -4.673879532511287 -21.300000000000004 0.6173165676349104
      vertex -4.715925826289069 -21.300000000000004 0.7411809548974801
    endloop
  endfacet
  facet normal -0.8968727415326871 0 -0.4422886902190038
    outer loop
      vertex -4.673879532511287 3.7 0.6173165676349104
      vertex -4.616025403784438 -21.300000000000004 0.5
      vertex -4.673879532511287 -21.300000000000004 0.6173165676349104
    endloop
  endfacet
  facet normal -0.9807852804032314 0 -0.19509032201612364
    outer loop
      vertex -4.74144486137381 3.7 0.8694738077799489
      vertex -4.715925826289069 -21.300000000000004 0.7411809548974801
      vertex -4.74144486137381 -21.300000000000004 0.8694738077799489
    endloop
  endfacet
  facet normal -0.9978589232386034 0 -0.06540312923014606
    outer loop
      vertex -4.74144486137381 3.7 0.8694738077799489
      vertex -4.74144486137381 -21.300000000000004 0.8694738077799489
      vertex -4.75 -21.300000000000004 1
    endloop
  endfacet
  facet normal -0.6593458151000641 0 -0.7518398074789817
    outer loop
      vertex -4.457106781186548 3.7 0.2928932188134521
      vertex -4.35876142900872 -21.300000000000004 0.20664665970876506
      vertex -4.457106781186548 -21.300000000000004 0.2928932188134521
    endloop
  endfacet
  facet normal -0.5555702330196074 0 -0.8314696123025419
    outer loop
      vertex -4.25 3.7 0.13397459621556074
      vertex -4.25 -21.300000000000004 0.13397459621556074
      vertex -4.35876142900872 -21.300000000000004 0.20664665970876506
    endloop
  endfacet
  facet normal -0.44228869021899286 0 -0.8968727415326926
    outer loop
      vertex -4.13268343236509 3.7 0.07612046748871393
      vertex -4.13268343236509 -21.300000000000004 0.07612046748871393
      vertex -4.25 -21.300000000000004 0.13397459621556074
    endloop
  endfacet
  facet normal -0.321439465303163 0 -0.9469301294951052
    outer loop
      vertex -4.13268343236509 3.7 0.07612046748871393
      vertex -4.008819045102521 -21.300000000000004 0.03407417371093224
      vertex -4.13268343236509 -21.300000000000004 0.07612046748871393
    endloop
  endfacet
  facet normal -0.19509032201613605 0 -0.9807852804032289
    outer loop
      vertex -3.8805261922200516 3.7 0.008555138626189063
      vertex -3.8805261922200516 -21.300000000000004 0.008555138626189063
      vertex -4.008819045102521 -21.300000000000004 0.03407417371093224
    endloop
  endfacet
  facet normal -0.06540312923013906 0 -0.9978589232386037
    outer loop
      vertex -3.8805261922200516 3.7 0.008555138626189063
      vertex -3.75 -21.300000000000004 0
      vertex -3.8805261922200516 -21.300000000000004 0.008555138626189063
    endloop
  endfacet
  facet normal 0 0 -1
    outer loop
      vertex -2.9499999999999997 -19.500000000000004 0
      vertex -3.75 -21.300000000000004 0
      vertex -2.9599999999999995 -2.4000000000000004 0
    endloop
  endfacet
  facet normal 0 -1 0
    outer loop
      vertex -4.616025403784438 -21.300000000000004 0.5
      vertex -4.543353340291235 -21.300000000000004 0.3912385709912787
      vertex -4.457106781186548 -21.300000000000004 0.2928932188134521
    endloop
  endfacet
  facet normal 0 -1 0
    outer loop
      vertex -4.616025403784438 -21.300000000000004 0.5
      vertex -4.75 -21.300000000000004 1
      vertex -4.715925826289069 -21.300000000000004 0.7411809548974801
    endloop
  endfacet
  facet normal 0 -1 0
    outer loop
      vertex -4.616025403784438 -21.300000000000004 0.5
      vertex -4.715925826289069 -21.300000000000004 0.7411809548974801
      vertex -4.673879532511287 -21.300000000000004 0.6173165676349104
    endloop
  endfacet
  facet normal 0 -1 0
    outer loop
      vertex -4.715925826289069 -21.300000000000004 0.7411809548974801
      vertex -4.75 -21.300000000000004 1
      vertex -4.74144486137381 -21.300000000000004 0.8694738077799489
    endloop
  endfacet
  facet normal 0 -1 0
    outer loop
      vertex -4.35876142900872 -21.300000000000004 0.20664665970876506
      vertex -4.25 -21.300000000000004 0.13397459621556074
      vertex -4.457106781186548 -21.300000000000004 0.2928932188134521
    endloop
  endfacet
  facet normal 0 -1 0
    outer loop
      vertex -4.616025403784438 -21.300000000000004 0.5
      vertex -4.457106781186548 -21.300000000000004 0.2928932188134521
      vertex -4.25 -21.300000000000004 0.13397459621556074
    endloop
  endfacet
  facet normal 0 -1 0
    outer loop
      vertex -4.616025403784438 -21.300000000000004 0.5
      vertex -4.25 -21.300000000000004 0.13397459621556074
      vertex -3.75 -21.300000000000004 0
    endloop
  endfacet
  facet normal 0 -1 0
    outer loop
      vertex -4.25 -21.300000000000004 0.13397459621556074
      vertex -4.13268343236509 -21.300000000000004 0.07612046748871393
      vertex -4.008819045102521 -21.300000000000004 0.03407417371093224
    endloop
  endfacet
  facet normal 0 -1 0
    outer loop
      vertex -4.25 -21.300000000000004 0.13397459621556074
      vertex -4.008819045102521 -21.300000000000004 0.03407417371093224
      vertex -3.75 -21.300000000000004 0
    endloop
  endfacet
  facet normal 0 -1 0
    outer loop
      vertex -4.008819045102521 -21.300000000000004 0.03407417371093224
      vertex -3.8805261922200516 -21.300000000000004 0.008555138626189063
      vertex -3.75 -21.300000000000004 0
    endloop
  endfacet
  facet normal 0 -1 0
    outer loop
      vertex -4.616025403784438 -21.300000000000004 0.5
      vertex 0.7742107116699226 -21.300000000000004 18.492832707939282
      vertex 0.5817714323462189 -21.300000000000004 18.531111260566394
    endloop
  endfacet
  facet normal 0 -1 0
    outer loop
      vertex -4.616025403784438 -21.300000000000004 0.5
      vertex 0.97 -21.300000000000004 18.479999999999997
      vertex 0.7742107116699226 -21.300000000000004 18.492832707939282
    endloop
  endfacet
  facet normal 0 -1 0
    outer loop
      vertex -4.616025403784438 -21.300000000000004 0.5
      vertex -0.47888873943360255 -21.300000000000004 19.591771432346214
      vertex -0.5171672920607155 -21.300000000000004 19.78421071166992
    endloop
  endfacet
  facet normal 0 -1 0
    outer loop
      vertex -4.616025403784438 -21.300000000000004 0.5
      vertex -0.5171672920607155 -21.300000000000004 19.78421071166992
      vertex -0.53 -21.300000000000004 19.979999999999997
    endloop
  endfacet
  facet normal 0 -1 0
    outer loop
      vertex -4.616025403784438 -21.300000000000004 0.5
      vertex -0.32903810567665803 -21.300000000000004 19.229999999999997
      vertex -0.41581929876693 -21.300000000000004 19.405974851452363
    endloop
  endfacet
  facet normal 0 -1 0
    outer loop
      vertex -4.616025403784438 -21.300000000000004 0.5
      vertex -0.22003001043685289 -21.300000000000004 19.066857856486916
      vertex -0.32903810567665803 -21.300000000000004 19.229999999999997
    endloop
  endfacet
  facet normal 0 -1 0
    outer loop
      vertex -4.616025403784438 -21.300000000000004 0.5
      vertex -0.09066017177982144 -21.300000000000004 18.919339828220174
      vertex -0.22003001043685289 -21.300000000000004 19.066857856486916
    endloop
  endfacet
  facet normal 0 -1 0
    outer loop
      vertex -4.616025403784438 -21.300000000000004 0.5
      vertex -0.41581929876693 -21.300000000000004 19.405974851452363
      vertex -0.47888873943360255 -21.300000000000004 19.591771432346214
    endloop
  endfacet
  facet normal 0 -1 0
    outer loop
      vertex -4.616025403784438 -21.300000000000004 0.5
      vertex 0.05685785648691899 -21.300000000000004 18.789969989563144
      vertex -0.09066017177982144 -21.300000000000004 18.919339828220174
    endloop
  endfacet
  facet normal 0 -1 0
    outer loop
      vertex -4.616025403784438 -21.300000000000004 0.5
      vertex 0.21999999999999997 -21.300000000000004 18.68096189432334
      vertex 0.05685785648691899 -21.300000000000004 18.789969989563144
    endloop
  endfacet
  facet normal 0 -1 0
    outer loop
      vertex -4.616025403784438 -21.300000000000004 0.5
      vertex 0.39597485145236533 -21.300000000000004 18.594180701233068
      vertex 0.21999999999999997 -21.300000000000004 18.68096189432334
    endloop
  endfacet
  facet normal 0 -1 0
    outer loop
      vertex -4.616025403784438 -21.300000000000004 0.5
      vertex 0.5817714323462189 -21.300000000000004 18.531111260566394
      vertex 0.39597485145236533 -21.300000000000004 18.594180701233068
    endloop
  endfacet
  facet normal -1 0 0
    outer loop
      vertex -4.75 3.7 1
      vertex -4.75 -21.300000000000004 1
      vertex -4.75 -21.300000000000004 54.849999999999994
    endloop
  endfacet
  facet normal -1 0 0
    outer loop
      vertex -4.75 3.7 1
      vertex -4.75 -21.300000000000004 54.849999999999994
      vertex -4.75 -9.59903810173273 31.15000000298023
    endloop
  endfacet
  facet normal 0 -1 0
    outer loop
      vertex -4.616025403784438 -21.300000000000004 0.5
      vertex -4.707224306869052 -21.300000000000004 55.50263096110025
      vertex -4.75 -21.300000000000004 1
    endloop
  endfacet
  facet normal 0 -1 0
    outer loop
      vertex -4.616025403784438 -21.300000000000004 0.5
      vertex -0.53 -21.300000000000004 19.979999999999997
      vertex -0.53 -21.300000000000004 48.599999999999994
    endloop
  endfacet
  facet normal 0 -1 0
    outer loop
      vertex -4.616025403784438 -21.300000000000004 0.5
      vertex -3.75 -21.300000000000004 0
      vertex 32.11602540378444 -21.300000000000004 0.5
    endloop
  endfacet
  facet normal 0 0 -1
    outer loop
      vertex -2.9499999999999997 -19.500000000000004 0
      vertex 31.25 -21.300000000000004 0
      vertex -3.75 -21.300000000000004 0
    endloop
  endfacet
  facet normal 0 -1 0
    outer loop
      vertex -4.616025403784438 -21.300000000000004 0.5
      vertex 32.11602540378444 -21.300000000000004 0.5
      vertex 0.97 -21.300000000000004 18.479999999999997
    endloop
  endfacet
  facet normal 0 1 0
    outer loop
      vertex -4.75 3.7 1
      vertex -4.75 3.7 54.849999999999994
      vertex -4.707224306869052 3.7 55.50263096110025
    endloop
  endfacet
  facet normal 0 1 0
    outer loop
      vertex -4.616025403784438 3.7 0.5
      vertex -4.707224306869052 3.7 55.50263096110025
      vertex 0.25 3.7 59.849999999999994
    endloop
  endfacet
  facet normal -1 0 0
    outer loop
      vertex -4.75 -3.21283271163702 31.704210717976093
      vertex -4.75 -3.2000000029802322 31.90000000298023
      vertex -4.75 3.7 54.849999999999994
    endloop
  endfacet
  facet normal -1 0 0
    outer loop
      vertex -4.75 -3.2000000029802322 31.90000000298023
      vertex -4.75 -3.2000000029802322 41.900000002980235
      vertex -4.75 3.7 54.849999999999994
    endloop
  endfacet
  facet normal -1 0 0
    outer loop
      vertex -4.75 -3.2000000029802322 41.900000002980235
      vertex -4.75 -3.21283271163702 42.095789287984374
      vertex -4.75 3.7 54.849999999999994
    endloop
  endfacet
  facet normal -1 0 0
    outer loop
      vertex -4.75 -3.21283271163702 42.095789287984374
      vertex -4.75 -3.251111261546612 42.28822856843472
      vertex -4.75 3.7 54.849999999999994
    endloop
  endfacet
  facet normal -1 0 0
    outer loop
      vertex -4.75 -3.251111261546612 42.28822856843472
      vertex -4.75 -3.314180701971054 42.474025149643424
      vertex -4.75 3.7 54.849999999999994
    endloop
  endfacet
  facet normal -1 0 0
    outer loop
      vertex -4.75 -3.314180701971054 42.474025149643424
      vertex -4.75 -3.400961898267269 42.650000002980235
      vertex -4.75 3.7 54.849999999999994
    endloop
  endfacet
  facet normal -1 0 0
    outer loop
      vertex -4.75 -3.400961898267269 42.650000002980235
      vertex -4.75 -3.5099699944257736 42.81314214766026
      vertex -4.75 3.7 54.849999999999994
    endloop
  endfacet
  facet normal -1 0 0
    outer loop
      vertex -4.75 -3.5099699944257736 42.81314214766026
      vertex -4.75 -3.6393398344516754 42.96066017150879
      vertex -4.75 3.7 54.849999999999994
    endloop
  endfacet
  facet normal -1 0 0
    outer loop
      vertex -4.75 -3.6393398344516754 42.96066017150879
      vertex -4.75 -3.786857858300209 43.090030011534694
      vertex -4.75 3.7 54.849999999999994
    endloop
  endfacet
  facet normal -1 0 0
    outer loop
      vertex -4.75 -3.786857858300209 43.090030011534694
      vertex -4.75 -3.9500000029802322 43.1990381076932
      vertex -4.75 3.7 54.849999999999994
    endloop
  endfacet
  facet normal -1 0 0
    outer loop
      vertex -4.75 -3.9500000029802322 43.1990381076932
      vertex -4.75 -4.125974856317043 43.28581930398941
      vertex -4.75 3.7 54.849999999999994
    endloop
  endfacet
  facet normal -1 0 0
    outer loop
      vertex -4.75 -4.125974856317043 43.28581930398941
      vertex -4.75 -4.311771437525749 43.348888744413856
      vertex -4.75 3.7 54.849999999999994
    endloop
  endfacet
  facet normal -1 0 0
    outer loop
      vertex -4.75 -4.311771437525749 43.348888744413856
      vertex -4.75 -4.504210717976093 43.38716729432345
      vertex -4.75 3.7 54.849999999999994
    endloop
  endfacet
  facet normal 0 1 0
    outer loop
      vertex -4.707224306869052 3.7 55.50263096110025
      vertex -4.5796291314453415 3.7 56.1440952255126
      vertex -4.369397662556434 3.7 56.763417161825444
    endloop
  endfacet
  facet normal 0 1 0
    outer loop
      vertex -4.707224306869052 3.7 55.50263096110025
      vertex -4.369397662556434 3.7 56.763417161825444
      vertex -3.2855339059327378 3.7 58.38553390593273
    endloop
  endfacet
  facet normal 0 1 0
    outer loop
      vertex -4.369397662556434 3.7 56.763417161825444
      vertex -4.080127018922193 3.7 57.349999999999994
      vertex -3.2855339059327378 3.7 58.38553390593273
    endloop
  endfacet
  facet normal 0 1 0
    outer loop
      vertex -4.080127018922193 3.7 57.349999999999994
      vertex -3.7167667014561756 3.7 57.893807145043596
      vertex -3.2855339059327378 3.7 58.38553390593273
    endloop
  endfacet
  facet normal 0 1 0
    outer loop
      vertex -4.707224306869052 3.7 55.50263096110025
      vertex -3.2855339059327378 3.7 58.38553390593273
      vertex 0.25 3.7 59.849999999999994
    endloop
  endfacet
  facet normal 0 1 0
    outer loop
      vertex -3.2855339059327378 3.7 58.38553390593273
      vertex -2.793807145043603 3.7 58.81676670145616
      vertex -1.663417161825449 3.7 59.46939766255643
    endloop
  endfacet
  facet normal 0 1 0
    outer loop
      vertex -2.793807145043603 3.7 58.81676670145616
      vertex -2.25 3.7 59.18012701892218
      vertex -1.663417161825449 3.7 59.46939766255643
    endloop
  endfacet
  facet normal 0 1 0
    outer loop
      vertex -3.2855339059327378 3.7 58.38553390593273
      vertex -1.663417161825449 3.7 59.46939766255643
      vertex 0.25 3.7 59.849999999999994
    endloop
  endfacet
  facet normal 0 1 0
    outer loop
      vertex -1.663417161825449 3.7 59.46939766255643
      vertex -1.0440952255126037 3.7 59.67962913144534
      vertex -0.40263096110025787 3.7 59.807224306869045
    endloop
  endfacet
  facet normal 0 1 0
    outer loop
      vertex -1.663417161825449 3.7 59.46939766255643
      vertex -0.40263096110025787 3.7 59.807224306869045
      vertex 0.25 3.7 59.849999999999994
    endloop
  endfacet
  facet normal -0.9978589232386036 0 0.06540312923014317
    outer loop
      vertex -4.75 3.7 54.849999999999994
      vertex -4.75 -21.300000000000004 54.849999999999994
      vertex -4.707224306869052 3.7 55.50263096110025
    endloop
  endfacet
  facet normal -0.9807852804032308 2.8436983752831533e-19 0.19509032201612728
    outer loop
      vertex -4.707224306869052 3.7 55.50263096110025
      vertex -4.5796291314453415 -21.300000000000004 56.1440952255126
      vertex -4.5796291314453415 3.7 56.1440952255126
    endloop
  endfacet
  facet normal -0.9469301294951055 0 0.32143946530316214
    outer loop
      vertex -4.5796291314453415 3.7 56.1440952255126
      vertex -4.5796291314453415 -21.300000000000004 56.1440952255126
      vertex -4.369397662556434 3.7 56.763417161825444
    endloop
  endfacet
  facet normal -0.8968727415326877 3.1014893056483853e-19 0.44228869021900263
    outer loop
      vertex -4.369397662556434 3.7 56.763417161825444
      vertex -4.080127018922193 -21.300000000000004 57.349999999999994
      vertex -4.080127018922193 3.7 57.349999999999994
    endloop
  endfacet
  facet normal -0.8314696123025445 -4.825337858391189e-19 0.5555702330196032
    outer loop
      vertex -4.080127018922193 3.7 57.349999999999994
      vertex -3.7167667014561756 -21.300000000000004 57.893807145043596
      vertex -3.7167667014561756 3.7 57.893807145043596
    endloop
  endfacet
  facet normal -0.751839807478979 0 0.659345815100067
    outer loop
      vertex -3.7167667014561756 3.7 57.893807145043596
      vertex -3.7167667014561756 -21.300000000000004 57.893807145043596
      vertex -3.2855339059327378 3.7 58.38553390593273
    endloop
  endfacet
  facet normal -1 0 0
    outer loop
      vertex -4.75 -4.504210717976093 43.38716729432345
      vertex -4.75 -21.300000000000004 54.849999999999994
      vertex -4.75 3.7 54.849999999999994
    endloop
  endfacet
  facet normal -0.65934581510006 8.287844505334475e-19 0.7518398074789853
    outer loop
      vertex -3.2855339059327378 3.7 58.38553390593273
      vertex -2.793807145043603 -21.300000000000004 58.81676670145616
      vertex -2.793807145043603 3.7 58.81676670145616
    endloop
  endfacet
  facet normal -0.5555702330196031 6.325401498165808e-19 0.8314696123025448
    outer loop
      vertex -2.793807145043603 3.7 58.81676670145616
      vertex -2.25 -21.300000000000004 59.18012701892218
      vertex -2.25 3.7 59.18012701892218
    endloop
  endfacet
  facet normal -0.44228869021901746 0 0.8968727415326805
    outer loop
      vertex -2.25 3.7 59.18012701892218
      vertex -2.25 -21.300000000000004 59.18012701892218
      vertex -1.663417161825449 3.7 59.46939766255643
    endloop
  endfacet
  facet normal -0.3214394653031601 2.7199954101246596e-19 0.9469301294951061
    outer loop
      vertex -1.663417161825449 3.7 59.46939766255643
      vertex -1.0440952255126037 -21.300000000000004 59.67962913144534
      vertex -1.0440952255126037 3.7 59.67962913144534
    endloop
  endfacet
  facet normal -0.19509032201612295 -3.913832716146439e-19 0.9807852804032314
    outer loop
      vertex -1.0440952255126037 3.7 59.67962913144534
      vertex -0.40263096110025787 -21.300000000000004 59.807224306869045
      vertex -0.40263096110025787 3.7 59.807224306869045
    endloop
  endfacet
  facet normal -0.06540312923014448 0 0.9978589232386034
    outer loop
      vertex -0.40263096110025787 3.7 59.807224306869045
      vertex -0.40263096110025787 -21.300000000000004 59.807224306869045
      vertex 0.25 3.7 59.849999999999994
    endloop
  endfacet
  facet normal 0 0 1
    outer loop
      vertex 0.25 3.7 59.849999999999994
      vertex 10.019930342449852 -10.800000000000002 59.849999999999994
      vertex 10.019930342449852 -6.8000000000000025 59.849999999999994
    endloop
  endfacet
  facet normal 0 0 1
    outer loop
      vertex 0.25 3.7 59.849999999999994
      vertex 10.019930342449852 -6.8000000000000025 59.849999999999994
      vertex 17.480069657550146 -6.8000000000000025 59.849999999999994
    endloop
  endfacet
  facet normal -1 0 0
    outer loop
      vertex -4.75 -9.59903810173273 31.15000000298023
      vertex -4.75 -21.300000000000004 54.849999999999994
      vertex -4.75 -9.685819298028946 31.325974856317043
    endloop
  endfacet
  facet normal -1 0 0
    outer loop
      vertex -4.75 -9.685819298028946 31.325974856317043
      vertex -4.75 -21.300000000000004 54.849999999999994
      vertex -4.75 -9.748888738453388 31.51177143752575
    endloop
  endfacet
  facet normal -1 0 0
    outer loop
      vertex -4.75 -9.748888738453388 31.51177143752575
      vertex -4.75 -21.300000000000004 54.849999999999994
      vertex -4.75 -9.78716728836298 31.704210717976093
    endloop
  endfacet
  facet normal -1 0 0
    outer loop
      vertex -4.75 -9.78716728836298 31.704210717976093
      vertex -4.75 -21.300000000000004 54.849999999999994
      vertex -4.75 -9.799999997019768 31.90000000298023
    endloop
  endfacet
  facet normal -1 0 0
    outer loop
      vertex -4.75 -4.504210717976093 43.38716729432345
      vertex -4.75 -4.700000002980232 43.400000002980235
      vertex -4.75 -21.300000000000004 54.849999999999994
    endloop
  endfacet
  facet normal -1 0 0
    outer loop
      vertex -4.75 -4.700000002980232 43.400000002980235
      vertex -4.75 -8.299999997019768 43.400000002980235
      vertex -4.75 -21.300000000000004 54.849999999999994
    endloop
  endfacet
  facet normal -1 0 0
    outer loop
      vertex -4.75 -9.799999997019768 31.90000000298023
      vertex -4.75 -21.300000000000004 54.849999999999994
      vertex -4.75 -9.799999997019768 41.900000002980235
    endloop
  endfacet
  facet normal -1 0 0
    outer loop
      vertex -4.75 -8.299999997019768 43.400000002980235
      vertex -4.75 -8.495789282023907 43.38716729432345
      vertex -4.75 -21.300000000000004 54.849999999999994
    endloop
  endfacet
  facet normal -1 0 0
    outer loop
      vertex -4.75 -9.360660165548325 42.96066017150879
      vertex -4.75 -21.300000000000004 54.849999999999994
      vertex -4.75 -9.213142141699791 43.090030011534694
    endloop
  endfacet
  facet normal -1 0 0
    outer loop
      vertex -4.75 -9.490030005574226 42.81314214766026
      vertex -4.75 -21.300000000000004 54.849999999999994
      vertex -4.75 -9.360660165548325 42.96066017150879
    endloop
  endfacet
  facet normal -1 0 0
    outer loop
      vertex -4.75 -9.490030005574226 42.81314214766026
      vertex -4.75 -9.59903810173273 42.650000002980235
      vertex -4.75 -21.300000000000004 54.849999999999994
    endloop
  endfacet
  facet normal -1 0 0
    outer loop
      vertex -4.75 -8.495789282023907 43.38716729432345
      vertex -4.75 -8.68822856247425 43.348888744413856
      vertex -4.75 -21.300000000000004 54.849999999999994
    endloop
  endfacet
  facet normal -1 0 0
    outer loop
      vertex -4.75 -8.68822856247425 43.348888744413856
      vertex -4.75 -8.874025143682957 43.28581930398941
      vertex -4.75 -21.300000000000004 54.849999999999994
    endloop
  endfacet
  facet normal -1 0 0
    outer loop
      vertex -4.75 -8.874025143682957 43.28581930398941
      vertex -4.75 -9.049999997019768 43.1990381076932
      vertex -4.75 -21.300000000000004 54.849999999999994
    endloop
  endfacet
  facet normal -1 0 0
    outer loop
      vertex -4.75 -9.049999997019768 43.1990381076932
      vertex -4.75 -9.213142141699791 43.090030011534694
      vertex -4.75 -21.300000000000004 54.849999999999994
    endloop
  endfacet
  facet normal -1 0 0
    outer loop
      vertex -4.75 -9.799999997019768 41.900000002980235
      vertex -4.75 -21.300000000000004 54.849999999999994
      vertex -4.75 -9.78716728836298 42.095789287984374
    endloop
  endfacet
  facet normal -1 0 0
    outer loop
      vertex -4.75 -9.748888738453388 42.28822856843472
      vertex -4.75 -9.78716728836298 42.095789287984374
      vertex -4.75 -21.300000000000004 54.849999999999994
    endloop
  endfacet
  facet normal -1 0 0
    outer loop
      vertex -4.75 -9.748888738453388 42.28822856843472
      vertex -4.75 -21.300000000000004 54.849999999999994
      vertex -4.75 -9.685819298028946 42.474025149643424
    endloop
  endfacet
  facet normal -1 0 0
    outer loop
      vertex -4.75 -9.685819298028946 42.474025149643424
      vertex -4.75 -21.300000000000004 54.849999999999994
      vertex -4.75 -9.59903810173273 42.650000002980235
    endloop
  endfacet
  facet normal 0 -1 0
    outer loop
      vertex -4.75 -21.300000000000004 1
      vertex -4.707224306869052 -21.300000000000004 55.50263096110025
      vertex -4.75 -21.300000000000004 54.849999999999994
    endloop
  endfacet
  facet normal 0 -1 0
    outer loop
      vertex -4.616025403784438 -21.300000000000004 0.5
      vertex -0.53 -21.300000000000004 48.599999999999994
      vertex -4.080127018922193 -21.300000000000004 57.349999999999994
    endloop
  endfacet
  facet normal 0 -1 0
    outer loop
      vertex -4.616025403784438 -21.300000000000004 0.5
      vertex -4.080127018922193 -21.300000000000004 57.349999999999994
      vertex -4.707224306869052 -21.300000000000004 55.50263096110025
    endloop
  endfacet
  facet normal -0.9978589232386036 0 0.06540312923014317
    outer loop
      vertex -4.707224306869052 3.7 55.50263096110025
      vertex -4.75 -21.300000000000004 54.849999999999994
      vertex -4.707224306869052 -21.300000000000004 55.50263096110025
    endloop
  endfacet
  facet normal -0.9807852804032308 0 0.19509032201612728
    outer loop
      vertex -4.707224306869052 3.7 55.50263096110025
      vertex -4.707224306869052 -21.300000000000004 55.50263096110025
      vertex -4.5796291314453415 -21.300000000000004 56.1440952255126
    endloop
  endfacet
  facet normal -0.9469301294951055 0 0.32143946530316214
    outer loop
      vertex -4.369397662556434 3.7 56.763417161825444
      vertex -4.5796291314453415 -21.300000000000004 56.1440952255126
      vertex -4.369397662556434 -21.300000000000004 56.763417161825444
    endloop
  endfacet
  facet normal -0.8968727415326877 0 0.44228869021900263
    outer loop
      vertex -4.369397662556434 3.7 56.763417161825444
      vertex -4.369397662556434 -21.300000000000004 56.763417161825444
      vertex -4.080127018922193 -21.300000000000004 57.349999999999994
    endloop
  endfacet
  facet normal -0.8314696123025445 0 0.5555702330196032
    outer loop
      vertex -4.080127018922193 3.7 57.349999999999994
      vertex -4.080127018922193 -21.300000000000004 57.349999999999994
      vertex -3.7167667014561756 -21.300000000000004 57.893807145043596
    endloop
  endfacet
  facet normal -0.751839807478979 0 0.659345815100067
    outer loop
      vertex -3.2855339059327378 3.7 58.38553390593273
      vertex -3.7167667014561756 -21.300000000000004 57.893807145043596
      vertex -3.2855339059327378 -21.300000000000004 58.38553390593273
    endloop
  endfacet
  facet normal -0.65934581510006 0 0.7518398074789853
    outer loop
      vertex -3.2855339059327378 3.7 58.38553390593273
      vertex -3.2855339059327378 -21.300000000000004 58.38553390593273
      vertex -2.793807145043603 -21.300000000000004 58.81676670145616
    endloop
  endfacet
  facet normal -0.5555702330196031 0 0.8314696123025448
    outer loop
      vertex -2.793807145043603 3.7 58.81676670145616
      vertex -2.793807145043603 -21.300000000000004 58.81676670145616
      vertex -2.25 -21.300000000000004 59.18012701892218
    endloop
  endfacet
  facet normal -0.44228869021901746 0 0.8968727415326805
    outer loop
      vertex -1.663417161825449 3.7 59.46939766255643
      vertex -2.25 -21.300000000000004 59.18012701892218
      vertex -1.663417161825449 -21.300000000000004 59.46939766255643
    endloop
  endfacet
  facet normal -0.3214394653031601 0 0.9469301294951061
    outer loop
      vertex -1.663417161825449 3.7 59.46939766255643
      vertex -1.663417161825449 -21.300000000000004 59.46939766255643
      vertex -1.0440952255126037 -21.300000000000004 59.67962913144534
    endloop
  endfacet
  facet normal -0.19509032201612295 0 0.9807852804032314
    outer loop
      vertex -1.0440952255126037 3.7 59.67962913144534
      vertex -1.0440952255126037 -21.300000000000004 59.67962913144534
      vertex -0.40263096110025787 -21.300000000000004 59.807224306869045
    endloop
  endfacet
  facet normal 0 0 1
    outer loop
      vertex 0.25 3.7 59.849999999999994
      vertex 0.25 -21.300000000000004 59.849999999999994
      vertex 10.019930342449852 -10.800000000000002 59.849999999999994
    endloop
  endfacet
  facet normal -0.06540312923014448 0 0.9978589232386034
    outer loop
      vertex 0.25 3.7 59.849999999999994
      vertex -0.40263096110025787 -21.300000000000004 59.807224306869045
      vertex 0.25 -21.300000000000004 59.849999999999994
    endloop
  endfacet
  facet normal 0 -1 0
    outer loop
      vertex -4.707224306869052 -21.300000000000004 55.50263096110025
      vertex -4.080127018922193 -21.300000000000004 57.349999999999994
      vertex -4.5796291314453415 -21.300000000000004 56.1440952255126
    endloop
  endfacet
  facet normal 0 -1 0
    outer loop
      vertex -4.5796291314453415 -21.300000000000004 56.1440952255126
      vertex -4.080127018922193 -21.300000000000004 57.349999999999994
      vertex -4.369397662556434 -21.300000000000004 56.763417161825444
    endloop
  endfacet
  facet normal 0 -1 0
    outer loop
      vertex -4.080127018922193 -21.300000000000004 57.349999999999994
      vertex -3.2855339059327378 -21.300000000000004 58.38553390593273
      vertex -3.7167667014561756 -21.300000000000004 57.893807145043596
    endloop
  endfacet
  facet normal 0 -1 0
    outer loop
      vertex -4.080127018922193 -21.300000000000004 57.349999999999994
      vertex -2.25 -21.300000000000004 59.18012701892218
      vertex -3.2855339059327378 -21.300000000000004 58.38553390593273
    endloop
  endfacet
  facet normal 0 -1 0
    outer loop
      vertex -0.53 -21.300000000000004 48.599999999999994
      vertex -0.5171672920607155 -21.300000000000004 48.79578928833007
      vertex -4.080127018922193 -21.300000000000004 57.349999999999994
    endloop
  endfacet
  facet normal 0 -1 0
    outer loop
      vertex -0.5171672920607155 -21.300000000000004 48.79578928833007
      vertex -0.47888873943360255 -21.300000000000004 48.98822856765378
      vertex -4.080127018922193 -21.300000000000004 57.349999999999994
    endloop
  endfacet
  facet normal 0 -1 0
    outer loop
      vertex -0.47888873943360255 -21.300000000000004 48.98822856765378
      vertex -0.41581929876693 -21.300000000000004 49.17402514854763
      vertex -4.080127018922193 -21.300000000000004 57.349999999999994
    endloop
  endfacet
  facet normal 0 -1 0
    outer loop
      vertex -0.41581929876693 -21.300000000000004 49.17402514854763
      vertex -0.32903810567665803 -21.300000000000004 49.349999999999994
      vertex -4.080127018922193 -21.300000000000004 57.349999999999994
    endloop
  endfacet
  facet normal 0 -1 0
    outer loop
      vertex -0.32903810567665803 -21.300000000000004 49.349999999999994
      vertex -0.22003001043685289 -21.300000000000004 49.51314214351308
      vertex -4.080127018922193 -21.300000000000004 57.349999999999994
    endloop
  endfacet
  facet normal 0 -1 0
    outer loop
      vertex -0.22003001043685289 -21.300000000000004 49.51314214351308
      vertex -0.09066017177982144 -21.300000000000004 49.660660171779824
      vertex -4.080127018922193 -21.300000000000004 57.349999999999994
    endloop
  endfacet
  facet normal 0 -1 0
    outer loop
      vertex -0.09066017177982144 -21.300000000000004 49.660660171779824
      vertex 0.05685785648691899 -21.300000000000004 49.79003001043685
      vertex -4.080127018922193 -21.300000000000004 57.349999999999994
    endloop
  endfacet
  facet normal 0 -1 0
    outer loop
      vertex 0.05685785648691899 -21.300000000000004 49.79003001043685
      vertex 0.21999999999999997 -21.300000000000004 49.89903810567665
      vertex -4.080127018922193 -21.300000000000004 57.349999999999994
    endloop
  endfacet
  facet normal 0 -1 0
    outer loop
      vertex 0.21999999999999997 -21.300000000000004 49.89903810567665
      vertex 0.39597485145236533 -21.300000000000004 49.98581929876693
      vertex -4.080127018922193 -21.300000000000004 57.349999999999994
    endloop
  endfacet
  facet normal 0 -1 0
    outer loop
      vertex 0.39597485145236533 -21.300000000000004 49.98581929876693
      vertex 0.5817714323462189 -21.300000000000004 50.04888873943361
      vertex -4.080127018922193 -21.300000000000004 57.349999999999994
    endloop
  endfacet
  facet normal 0 -1 0
    outer loop
      vertex 0.5817714323462189 -21.300000000000004 50.04888873943361
      vertex 0.7742107116699226 -21.300000000000004 50.08716729206071
      vertex -4.080127018922193 -21.300000000000004 57.349999999999994
    endloop
  endfacet
  facet normal 0 -1 0
    outer loop
      vertex 0.7742107116699226 -21.300000000000004 50.08716729206071
      vertex 0.97 -21.300000000000004 50.099999999999994
      vertex -4.080127018922193 -21.300000000000004 57.349999999999994
    endloop
  endfacet
  facet normal 0 -1 0
    outer loop
      vertex -3.2855339059327378 -21.300000000000004 58.38553390593273
      vertex -2.25 -21.300000000000004 59.18012701892218
      vertex -2.793807145043603 -21.300000000000004 58.81676670145616
    endloop
  endfacet
  facet normal 0 -1 0
    outer loop
      vertex -4.080127018922193 -21.300000000000004 57.349999999999994
      vertex 0.25 -21.300000000000004 59.849999999999994
      vertex -2.25 -21.300000000000004 59.18012701892218
    endloop
  endfacet
  facet normal 0 -1 0
    outer loop
      vertex -2.25 -21.300000000000004 59.18012701892218
      vertex -1.0440952255126037 -21.300000000000004 59.67962913144534
      vertex -1.663417161825449 -21.300000000000004 59.46939766255643
    endloop
  endfacet
  facet normal 0 -1 0
    outer loop
      vertex -2.25 -21.300000000000004 59.18012701892218
      vertex 0.25 -21.300000000000004 59.849999999999994
      vertex -1.0440952255126037 -21.300000000000004 59.67962913144534
    endloop
  endfacet
  facet normal 0 -1 0
    outer loop
      vertex -1.0440952255126037 -21.300000000000004 59.67962913144534
      vertex 0.25 -21.300000000000004 59.849999999999994
      vertex -0.40263096110025787 -21.300000000000004 59.807224306869045
    endloop
  endfacet
  facet normal 0 -1 0
    outer loop
      vertex 0.97 -21.300000000000004 50.099999999999994
      vertex 26.529999999999998 -21.300000000000004 50.099999999999994
      vertex -4.080127018922193 -21.300000000000004 57.349999999999994
    endloop
  endfacet
  facet normal 0 -1 0
    outer loop
      vertex -4.080127018922193 -21.300000000000004 57.349999999999994
      vertex 31.58012701892219 -21.300000000000004 57.349999999999994
      vertex 0.25 -21.300000000000004 59.849999999999994
    endloop
  endfacet
  facet normal 0 0 1
    outer loop
      vertex 0.25 -21.300000000000004 59.849999999999994
      vertex 27.25 -21.300000000000004 59.849999999999994
      vertex 10.019930342449852 -10.800000000000002 59.849999999999994
    endloop
  endfacet
  facet normal 0 1 0
    outer loop
      vertex -4.616025403784438 3.7 0.5
      vertex 32.25 3.7 1
      vertex 31.25 3.7 0
    endloop
  endfacet
  facet normal 0 0 -1
    outer loop
      vertex -2.9499999999999997 1.9000000000000001 0
      vertex 31.25 3.7 0
      vertex 30.45 1.9000000000000001 0
    endloop
  endfacet
  facet normal 0 1 0
    outer loop
      vertex 31.25 3.7 0
      vertex 31.50881904510252 3.7 0.03407417371093224
      vertex 31.380526192220053 3.7 0.008555138626189063
    endloop
  endfacet
  facet normal 0 1 0
    outer loop
      vertex 31.25 3.7 0
      vertex 31.75 3.7 0.13397459621556074
      vertex 31.50881904510252 3.7 0.03407417371093224
    endloop
  endfacet
  facet normal 0 1 0
    outer loop
      vertex 31.50881904510252 3.7 0.03407417371093224
      vertex 31.75 3.7 0.13397459621556074
      vertex 31.63268343236509 3.7 0.07612046748871393
    endloop
  endfacet
  facet normal 0 1 0
    outer loop
      vertex 31.25 3.7 0
      vertex 31.957106781186546 3.7 0.2928932188134521
      vertex 31.75 3.7 0.13397459621556074
    endloop
  endfacet
  facet normal 0 1 0
    outer loop
      vertex 31.75 3.7 0.13397459621556074
      vertex 31.957106781186546 3.7 0.2928932188134521
      vertex 31.85876142900872 3.7 0.20664665970876506
    endloop
  endfacet
  facet normal 0 1 0
    outer loop
      vertex 31.25 3.7 0
      vertex 32.25 3.7 1
      vertex 31.957106781186546 3.7 0.2928932188134521
    endloop
  endfacet
  facet normal 0 1 0
    outer loop
      vertex 31.957106781186546 3.7 0.2928932188134521
      vertex 32.173879532511286 3.7 0.6173165676349104
      vertex 32.04335334029123 3.7 0.3912385709912787
    endloop
  endfacet
  facet normal 0 1 0
    outer loop
      vertex 32.04335334029123 3.7 0.3912385709912787
      vertex 32.173879532511286 3.7 0.6173165676349104
      vertex 32.11602540378444 3.7 0.5
    endloop
  endfacet
  facet normal 0 1 0
    outer loop
      vertex 31.957106781186546 3.7 0.2928932188134521
      vertex 32.25 3.7 1
      vertex 32.173879532511286 3.7 0.6173165676349104
    endloop
  endfacet
  facet normal 0 1 0
    outer loop
      vertex 32.173879532511286 3.7 0.6173165676349104
      vertex 32.25 3.7 1
      vertex 32.215925826289066 3.7 0.7411809548974801
    endloop
  endfacet
  facet normal 0 1 0
    outer loop
      vertex 32.215925826289066 3.7 0.7411809548974801
      vertex 32.25 3.7 1
      vertex 32.24144486137381 3.7 0.8694738077799489
    endloop
  endfacet
  facet normal 0 0 -1
    outer loop
      vertex 31.25 3.7 0
      vertex 30.46 -0.8 0
      vertex 30.45 1.9000000000000001 0
    endloop
  endfacet
  facet normal 0 0 -1
    outer loop
      vertex 30.45 1.9000000000000001 0
      vertex 30.46 -0.8 0
      vertex 30.45 -0.8 0
    endloop
  endfacet
  facet normal 0 0 -1
    outer loop
      vertex 31.25 3.7 0
      vertex 30.46 -2.4000000000000004 0
      vertex 30.46 -0.8 0
    endloop
  endfacet
  facet normal 0.0654031292301384 6.77315406174681e-21 -0.9978589232386038
    outer loop
      vertex 31.25 3.7 0
      vertex 31.380526192220053 3.7 0.008555138626189063
      vertex 31.380526192220053 -21.300000000000004 0.008555138626189063
    endloop
  endfacet
  facet normal 0.1950903220161393 0 -0.9807852804032282
    outer loop
      vertex 31.380526192220053 3.7 0.008555138626189063
      vertex 31.50881904510252 3.7 0.03407417371093224
      vertex 31.380526192220053 -21.300000000000004 0.008555138626189063
    endloop
  endfacet
  facet normal 0.32143946530315676 -1.1270205586828852e-19 -0.9469301294951072
    outer loop
      vertex 31.50881904510252 3.7 0.03407417371093224
      vertex 31.63268343236509 3.7 0.07612046748871393
      vertex 31.63268343236509 -21.300000000000004 0.07612046748871393
    endloop
  endfacet
  facet normal 0.44228869021899825 0 -0.8968727415326899
    outer loop
      vertex 31.63268343236509 3.7 0.07612046748871393
      vertex 31.75 3.7 0.13397459621556074
      vertex 31.63268343236509 -21.300000000000004 0.07612046748871393
    endloop
  endfacet
  facet normal 0.5555702330196105 0 -0.8314696123025397
    outer loop
      vertex 31.75 3.7 0.13397459621556074
      vertex 31.85876142900872 3.7 0.20664665970876506
      vertex 31.75 -21.300000000000004 0.13397459621556074
    endloop
  endfacet
  facet normal 0.6593458151000674 -5.639528029405212e-20 -0.7518398074789787
    outer loop
      vertex 31.85876142900872 3.7 0.20664665970876506
      vertex 31.957106781186546 3.7 0.2928932188134521
      vertex 31.957106781186546 -21.300000000000004 0.2928932188134521
    endloop
  endfacet
  facet normal 0.7518398074789787 0 -0.6593458151000674
    outer loop
      vertex 31.957106781186546 3.7 0.2928932188134521
      vertex 32.04335334029123 3.7 0.3912385709912787
      vertex 31.957106781186546 -21.300000000000004 0.2928932188134521
    endloop
  endfacet
  facet normal 0.8314696123025314 -5.461329449717654e-20 -0.555570233019623
    outer loop
      vertex 32.04335334029123 3.7 0.3912385709912787
      vertex 32.11602540378444 3.7 0.5
      vertex 32.11602540378444 -21.300000000000004 0.5
    endloop
  endfacet
  facet normal 0.8968727415326979 0 -0.44228869021898193
    outer loop
      vertex 32.11602540378444 3.7 0.5
      vertex 32.173879532511286 3.7 0.6173165676349104
      vertex 32.11602540378444 -21.300000000000004 0.5
    endloop
  endfacet
  facet normal 0.94693012949511 -5.569624508530084e-20 -0.3214394653031487
    outer loop
      vertex 32.173879532511286 3.7 0.6173165676349104
      vertex 32.215925826289066 3.7 0.7411809548974801
      vertex 32.215925826289066 -21.300000000000004 0.7411809548974801
    endloop
  endfacet
  facet normal 0.9807852804032314 -1.6144156774695796e-20 -0.19509032201612364
    outer loop
      vertex 32.215925826289066 3.7 0.7411809548974801
      vertex 32.24144486137381 3.7 0.8694738077799489
      vertex 32.24144486137381 -21.300000000000004 0.8694738077799489
    endloop
  endfacet
  facet normal 0.9978589232386019 0 -0.06540312923016633
    outer loop
      vertex 32.24144486137381 3.7 0.8694738077799489
      vertex 32.25 3.7 1
      vertex 32.24144486137381 -21.300000000000004 0.8694738077799489
    endloop
  endfacet
  facet normal 0 0 -1
    outer loop
      vertex 31.25 3.7 0
      vertex 30.45 -19.500000000000004 0
      vertex 30.46 -2.4000000000000004 0
    endloop
  endfacet
  facet normal 0 0 -1
    outer loop
      vertex 30.45 -19.500000000000004 0
      vertex 30.45 -2.4000000000000004 0
      vertex 30.46 -2.4000000000000004 0
    endloop
  endfacet
  facet normal 1 0 0
    outer loop
      vertex 32.25 3.7 1
      vertex 32.25 -4.352240934967995 38.58463313132525
      vertex 32.25 -4.467949196696281 38.34999999850989
    endloop
  endfacet
  facet normal 1 0 0
    outer loop
      vertex 32.25 3.7 1
      vertex 32.25 -4.200000002980232 39.34999999850989
      vertex 32.25 -4.21711028367281 39.088947613537314
    endloop
  endfacet
  facet normal 1 0 0
    outer loop
      vertex 32.25 3.7 1
      vertex 32.25 -4.268148347735405 38.83236191123724
      vertex 32.25 -4.352240934967995 38.58463313132525
    endloop
  endfacet
  facet normal 1 0 0
    outer loop
      vertex 32.25 3.7 1
      vertex 32.25 -4.21711028367281 39.088947613537314
      vertex 32.25 -4.268148347735405 38.83236191123724
    endloop
  endfacet
  facet normal 1 0 0
    outer loop
      vertex 32.25 3.7 1
      vertex 32.25 -4.78578644245863 37.935786437988284
      vertex 32.25 -4.982477143406868 37.76329331547022
    endloop
  endfacet
  facet normal 1 0 0
    outer loop
      vertex 32.25 3.7 1
      vertex 32.25 -4.467949196696281 38.34999999850989
      vertex 32.25 -4.613293319940567 38.13247713893652
    endloop
  endfacet
  facet normal 1 0 0
    outer loop
      vertex 32.25 3.7 1
      vertex 32.25 -4.613293319940567 38.13247713893652
      vertex 32.25 -4.78578644245863 37.935786437988284
    endloop
  endfacet
  facet normal 1 0 0
    outer loop
      vertex 32.25 3.7 1
      vertex 32.25 -4.982477143406868 37.76329331547022
      vertex 32.25 -5.200000002980232 37.617949192225936
    endloop
  endfacet
  facet normal 1 0 0
    outer loop
      vertex 32.25 3.7 1
      vertex 32.25 -5.200000002980232 37.617949192225936
      vertex 32.25 -5.434633135795593 37.50224093049765
    endloop
  endfacet
  facet normal 1 0 0
    outer loop
      vertex 32.25 3.7 1
      vertex 32.25 -5.434633135795593 37.50224093049765
      vertex 32.25 -5.682361915707588 37.41814834326506
    endloop
  endfacet
  facet normal 1 0 0
    outer loop
      vertex 32.25 3.7 1
      vertex 32.25 -4.200000002980232 46.34999999850989
      vertex 32.25 -4.200000002980232 39.34999999850989
    endloop
  endfacet
  facet normal 1 0 0
    outer loop
      vertex 32.25 3.7 1
      vertex 32.25 -4.21711028367281 46.61105238348246
      vertex 32.25 -4.200000002980232 46.34999999850989
    endloop
  endfacet
  facet normal 1 0 0
    outer loop
      vertex 32.25 3.7 1
      vertex 32.25 -5.682361915707588 37.41814834326506
      vertex 32.25 -5.93894761800766 37.367110279202464
    endloop
  endfacet
  facet normal 1 0 0
    outer loop
      vertex 32.25 3.7 1
      vertex 32.25 -5.93894761800766 37.367110279202464
      vertex 32.25 -6.200000002980232 37.34999999850989
    endloop
  endfacet
  facet normal 1 0 0
    outer loop
      vertex 32.25 3.7 1
      vertex 32.25 -6.200000002980232 37.34999999850989
      vertex 32.25 -12.600000001490116 37.34999999850989
    endloop
  endfacet
  facet normal 1 0 0
    outer loop
      vertex 32.25 3.7 1
      vertex 32.25 -12.600000001490116 37.34999999850989
      vertex 32.25 -12.861052386462688 37.367110279202464
    endloop
  endfacet
  facet normal 1 0 0
    outer loop
      vertex 32.25 3.7 1
      vertex 32.25 -12.861052386462688 37.367110279202464
      vertex 32.25 -13.11763808876276 37.41814834326506
    endloop
  endfacet
  facet normal 1 0 0
    outer loop
      vertex 32.25 3.7 1
      vertex 32.25 -13.11763808876276 37.41814834326506
      vertex 32.25 -13.365366868674755 37.50224093049765
    endloop
  endfacet
  facet normal 0 0 -1
    outer loop
      vertex -2.9499999999999997 -19.500000000000004 0
      vertex 30.45 -19.500000000000004 0
      vertex 31.25 -21.300000000000004 0
    endloop
  endfacet
  facet normal 0 -1 0
    outer loop
      vertex -3.75 -21.300000000000004 0
      vertex 31.25 -21.300000000000004 0
      vertex 32.11602540378444 -21.300000000000004 0.5
    endloop
  endfacet
  facet normal 0 -1 0
    outer loop
      vertex 0.97 -21.300000000000004 18.479999999999997
      vertex 32.11602540378444 -21.300000000000004 0.5
      vertex 26.529999999999998 -21.300000000000004 18.479999999999997
    endloop
  endfacet
  facet normal 0 0 -1
    outer loop
      vertex 31.25 3.7 0
      vertex 31.25 -21.300000000000004 0
      vertex 30.45 -19.500000000000004 0
    endloop
  endfacet
  facet normal 0.0654031292301384 0 -0.9978589232386038
    outer loop
      vertex 31.25 3.7 0
      vertex 31.380526192220053 -21.300000000000004 0.008555138626189063
      vertex 31.25 -21.300000000000004 0
    endloop
  endfacet
  facet normal 0.1950903220161393 0 -0.9807852804032282
    outer loop
      vertex 31.50881904510252 3.7 0.03407417371093224
      vertex 31.50881904510252 -21.300000000000004 0.03407417371093224
      vertex 31.380526192220053 -21.300000000000004 0.008555138626189063
    endloop
  endfacet
  facet normal 0.32143946530315676 0 -0.9469301294951072
    outer loop
      vertex 31.50881904510252 3.7 0.03407417371093224
      vertex 31.63268343236509 -21.300000000000004 0.07612046748871393
      vertex 31.50881904510252 -21.300000000000004 0.03407417371093224
    endloop
  endfacet
  facet normal 0.44228869021899825 0 -0.8968727415326899
    outer loop
      vertex 31.75 3.7 0.13397459621556074
      vertex 31.75 -21.300000000000004 0.13397459621556074
      vertex 31.63268343236509 -21.300000000000004 0.07612046748871393
    endloop
  endfacet
  facet normal 0.5555702330196105 0 -0.8314696123025397
    outer loop
      vertex 31.85876142900872 3.7 0.20664665970876506
      vertex 31.85876142900872 -21.300000000000004 0.20664665970876506
      vertex 31.75 -21.300000000000004 0.13397459621556074
    endloop
  endfacet
  facet normal 0.6593458151000674 0 -0.7518398074789787
    outer loop
      vertex 31.85876142900872 3.7 0.20664665970876506
      vertex 31.957106781186546 -21.300000000000004 0.2928932188134521
      vertex 31.85876142900872 -21.300000000000004 0.20664665970876506
    endloop
  endfacet
  facet normal 0.7518398074789787 0 -0.6593458151000674
    outer loop
      vertex 32.04335334029123 3.7 0.3912385709912787
      vertex 32.04335334029123 -21.300000000000004 0.3912385709912787
      vertex 31.957106781186546 -21.300000000000004 0.2928932188134521
    endloop
  endfacet
  facet normal 0.8314696123025314 0 -0.555570233019623
    outer loop
      vertex 32.04335334029123 3.7 0.3912385709912787
      vertex 32.11602540378444 -21.300000000000004 0.5
      vertex 32.04335334029123 -21.300000000000004 0.3912385709912787
    endloop
  endfacet
  facet normal 0.8968727415326979 0 -0.44228869021898193
    outer loop
      vertex 32.173879532511286 3.7 0.6173165676349104
      vertex 32.173879532511286 -21.300000000000004 0.6173165676349104
      vertex 32.11602540378444 -21.300000000000004 0.5
    endloop
  endfacet
  facet normal 0.94693012949511 0 -0.3214394653031487
    outer loop
      vertex 32.173879532511286 3.7 0.6173165676349104
      vertex 32.215925826289066 -21.300000000000004 0.7411809548974801
      vertex 32.173879532511286 -21.300000000000004 0.6173165676349104
    endloop
  endfacet
  facet normal 0.9807852804032314 0 -0.19509032201612364
    outer loop
      vertex 32.215925826289066 3.7 0.7411809548974801
      vertex 32.24144486137381 -21.300000000000004 0.8694738077799489
      vertex 32.215925826289066 -21.300000000000004 0.7411809548974801
    endloop
  endfacet
  facet normal 0.9978589232386019 0 -0.06540312923016633
    outer loop
      vertex 32.25 3.7 1
      vertex 32.25 -21.300000000000004 1
      vertex 32.24144486137381 -21.300000000000004 0.8694738077799489
    endloop
  endfacet
  facet normal 1 0 0
    outer loop
      vertex 32.25 3.7 1
      vertex 32.25 -13.365366868674755 37.50224093049765
      vertex 32.25 -21.300000000000004 1
    endloop
  endfacet
  facet normal 0 -1 0
    outer loop
      vertex 31.25 -21.300000000000004 0
      vertex 31.380526192220053 -21.300000000000004 0.008555138626189063
      vertex 31.50881904510252 -21.300000000000004 0.03407417371093224
    endloop
  endfacet
  facet normal 0 -1 0
    outer loop
      vertex 31.25 -21.300000000000004 0
      vertex 31.50881904510252 -21.300000000000004 0.03407417371093224
      vertex 31.75 -21.300000000000004 0.13397459621556074
    endloop
  endfacet
  facet normal 0 -1 0
    outer loop
      vertex 31.50881904510252 -21.300000000000004 0.03407417371093224
      vertex 31.63268343236509 -21.300000000000004 0.07612046748871393
      vertex 31.75 -21.300000000000004 0.13397459621556074
    endloop
  endfacet
  facet normal 0 -1 0
    outer loop
      vertex 31.25 -21.300000000000004 0
      vertex 31.75 -21.300000000000004 0.13397459621556074
      vertex 32.11602540378444 -21.300000000000004 0.5
    endloop
  endfacet
  facet normal 0 -1 0
    outer loop
      vertex 31.75 -21.300000000000004 0.13397459621556074
      vertex 31.85876142900872 -21.300000000000004 0.20664665970876506
      vertex 31.957106781186546 -21.300000000000004 0.2928932188134521
    endloop
  endfacet
  facet normal 0 -1 0
    outer loop
      vertex 31.75 -21.300000000000004 0.13397459621556074
      vertex 31.957106781186546 -21.300000000000004 0.2928932188134521
      vertex 32.11602540378444 -21.300000000000004 0.5
    endloop
  endfacet
  facet normal 0 -1 0
    outer loop
      vertex 31.957106781186546 -21.300000000000004 0.2928932188134521
      vertex 32.04335334029123 -21.300000000000004 0.3912385709912787
      vertex 32.11602540378444 -21.300000000000004 0.5
    endloop
  endfacet
  facet normal 0 -1 0
    outer loop
      vertex 32.11602540378444 -21.300000000000004 0.5
      vertex 32.173879532511286 -21.300000000000004 0.6173165676349104
      vertex 32.215925826289066 -21.300000000000004 0.7411809548974801
    endloop
  endfacet
  facet normal 0 -1 0
    outer loop
      vertex 32.11602540378444 -21.300000000000004 0.5
      vertex 32.215925826289066 -21.300000000000004 0.7411809548974801
      vertex 32.25 -21.300000000000004 1
    endloop
  endfacet
  facet normal 0 -1 0
    outer loop
      vertex 32.215925826289066 -21.300000000000004 0.7411809548974801
      vertex 32.24144486137381 -21.300000000000004 0.8694738077799489
      vertex 32.25 -21.300000000000004 1
    endloop
  endfacet
  facet normal 0 -1 0
    outer loop
      vertex 32.11602540378444 -21.300000000000004 0.5
      vertex 26.725789288330073 -21.300000000000004 18.492832707939282
      vertex 26.529999999999998 -21.300000000000004 18.479999999999997
    endloop
  endfacet
  facet normal 0 -1 0
    outer loop
      vertex 32.11602540378444 -21.300000000000004 0.5
      vertex 26.918228567653777 -21.300000000000004 18.531111260566394
      vertex 26.725789288330073 -21.300000000000004 18.492832707939282
    endloop
  endfacet
  facet normal 0 -1 0
    outer loop
      vertex 32.11602540378444 -21.300000000000004 0.5
      vertex 27.10402514854763 -21.300000000000004 18.594180701233068
      vertex 26.918228567653777 -21.300000000000004 18.531111260566394
    endloop
  endfacet
  facet normal 0 -1 0
    outer loop
      vertex 32.11602540378444 -21.300000000000004 0.5
      vertex 27.279999999999998 -21.300000000000004 18.68096189432334
      vertex 27.10402514854763 -21.300000000000004 18.594180701233068
    endloop
  endfacet
  facet normal 0 -1 0
    outer loop
      vertex 32.11602540378444 -21.300000000000004 0.5
      vertex 27.44314214351308 -21.300000000000004 18.789969989563144
      vertex 27.279999999999998 -21.300000000000004 18.68096189432334
    endloop
  endfacet
  facet normal 0 -1 0
    outer loop
      vertex 32.11602540378444 -21.300000000000004 0.5
      vertex 27.59066017177982 -21.300000000000004 18.919339828220174
      vertex 27.44314214351308 -21.300000000000004 18.789969989563144
    endloop
  endfacet
  facet normal 0 -1 0
    outer loop
      vertex 32.11602540378444 -21.300000000000004 0.5
      vertex 27.72003001043685 -21.300000000000004 19.066857856486916
      vertex 27.59066017177982 -21.300000000000004 18.919339828220174
    endloop
  endfacet
  facet normal 0 -1 0
    outer loop
      vertex 32.11602540378444 -21.300000000000004 0.5
      vertex 27.829038105676656 -21.300000000000004 19.229999999999997
      vertex 27.72003001043685 -21.300000000000004 19.066857856486916
    endloop
  endfacet
  facet normal 0 -1 0
    outer loop
      vertex 32.11602540378444 -21.300000000000004 0.5
      vertex 27.915819298766927 -21.300000000000004 19.405974851452363
      vertex 27.829038105676656 -21.300000000000004 19.229999999999997
    endloop
  endfacet
  facet normal 0 -1 0
    outer loop
      vertex 32.11602540378444 -21.300000000000004 0.5
      vertex 27.9788887394336 -21.300000000000004 19.591771432346214
      vertex 27.915819298766927 -21.300000000000004 19.405974851452363
    endloop
  endfacet
  facet normal 0 -1 0
    outer loop
      vertex 32.11602540378444 -21.300000000000004 0.5
      vertex 28.017167292060712 -21.300000000000004 19.78421071166992
      vertex 27.9788887394336 -21.300000000000004 19.591771432346214
    endloop
  endfacet
  facet normal 0 -1 0
    outer loop
      vertex 32.11602540378444 -21.300000000000004 0.5
      vertex 32.25 -21.300000000000004 1
      vertex 32.25 -21.300000000000004 54.849999999999994
    endloop
  endfacet
  facet normal 1 0 0
    outer loop
      vertex 32.25 -21.300000000000004 1
      vertex 32.25 -13.365366868674755 37.50224093049765
      vertex 32.25 -13.600000001490116 37.617949192225936
    endloop
  endfacet
  facet normal 1 0 0
    outer loop
      vertex 32.25 -21.300000000000004 1
      vertex 32.25 -13.600000001490116 37.617949192225936
      vertex 32.25 -13.81752286106348 37.76329331547022
    endloop
  endfacet
  facet normal 1 0 0
    outer loop
      vertex 32.25 -21.300000000000004 1
      vertex 32.25 -13.81752286106348 37.76329331547022
      vertex 32.25 -14.014213562011719 37.935786437988284
    endloop
  endfacet
  facet normal 1 0 0
    outer loop
      vertex 32.25 -21.300000000000004 1
      vertex 32.25 -14.014213562011719 37.935786437988284
      vertex 32.25 -14.186706684529781 38.13247713893652
    endloop
  endfacet
  facet normal 1 0 0
    outer loop
      vertex 32.25 -21.300000000000004 1
      vertex 32.25 -14.186706684529781 38.13247713893652
      vertex 32.25 -14.332050807774067 38.34999999850989
    endloop
  endfacet
  facet normal 1 0 0
    outer loop
      vertex 32.25 -21.300000000000004 1
      vertex 32.25 -14.332050807774067 38.34999999850989
      vertex 32.25 -14.447759069502354 38.58463313132525
    endloop
  endfacet
  facet normal 1 0 0
    outer loop
      vertex 32.25 -21.300000000000004 1
      vertex 32.25 -14.447759069502354 38.58463313132525
      vertex 32.25 -14.531851656734943 38.83236191123724
    endloop
  endfacet
  facet normal 1 0 0
    outer loop
      vertex 32.25 -21.300000000000004 1
      vertex 32.25 -14.531851656734943 38.83236191123724
      vertex 32.25 -14.582889720797539 39.088947613537314
    endloop
  endfacet
  facet normal 1 0 0
    outer loop
      vertex 32.25 -21.300000000000004 1
      vertex 32.25 -14.582889720797539 39.088947613537314
      vertex 32.25 -14.600000001490116 39.34999999850989
    endloop
  endfacet
  facet normal 1 0 0
    outer loop
      vertex 32.25 -21.300000000000004 1
      vertex 32.25 -14.600000001490116 39.34999999850989
      vertex 32.25 -14.600000001490116 46.34999999850989
    endloop
  endfacet
  facet normal 0 -1 0
    outer loop
      vertex 28.017167292060712 -21.300000000000004 19.78421071166992
      vertex 31.58012701892219 -21.300000000000004 57.349999999999994
      vertex 28.029999999999998 -21.300000000000004 19.979999999999997
    endloop
  endfacet
  facet normal 0 -1 0
    outer loop
      vertex 32.11602540378444 -21.300000000000004 0.5
      vertex 31.58012701892219 -21.300000000000004 57.349999999999994
      vertex 28.017167292060712 -21.300000000000004 19.78421071166992
    endloop
  endfacet
  facet normal 0 1 0
    outer loop
      vertex 0.25 3.7 59.849999999999994
      vertex 31.58012701892219 3.7 57.349999999999994
      vertex 32.25 3.7 1
    endloop
  endfacet
  facet normal 0 0 1
    outer loop
      vertex 0.25 3.7 59.849999999999994
      vertex 17.480069657550146 -6.8000000000000025 59.849999999999994
      vertex 27.25 3.7 59.849999999999994
    endloop
  endfacet
  facet normal 0 1 0
    outer loop
      vertex 0.25 3.7 59.849999999999994
      vertex 27.25 3.7 59.849999999999994
      vertex 27.902630961100257 3.7 59.807224306869045
    endloop
  endfacet
  facet normal 0 1 0
    outer loop
      vertex 0.25 3.7 59.849999999999994
      vertex 27.902630961100257 3.7 59.807224306869045
      vertex 31.58012701892219 3.7 57.349999999999994
    endloop
  endfacet
  facet normal 1 0 0
    outer loop
      vertex 32.25 3.7 1
      vertex 32.25 3.7 54.849999999999994
      vertex 32.25 -4.21711028367281 46.61105238348246
    endloop
  endfacet
  facet normal 0 1 0
    outer loop
      vertex 32.25 3.7 1
      vertex 31.58012701892219 3.7 57.349999999999994
      vertex 32.25 3.7 54.849999999999994
    endloop
  endfacet
  facet normal 1 0 0
    outer loop
      vertex 32.25 -4.21711028367281 46.61105238348246
      vertex 32.25 3.7 54.849999999999994
      vertex 32.25 -4.268148347735405 46.86763808578253
    endloop
  endfacet
  facet normal 1 0 0
    outer loop
      vertex 32.25 -4.268148347735405 46.86763808578253
      vertex 32.25 3.7 54.849999999999994
      vertex 32.25 -4.352240934967995 47.115366865694526
    endloop
  endfacet
  facet normal 1 0 0
    outer loop
      vertex 32.25 -4.352240934967995 47.115366865694526
      vertex 32.25 3.7 54.849999999999994
      vertex 32.25 -4.467949196696281 47.34999999850989
    endloop
  endfacet
  facet normal 1 0 0
    outer loop
      vertex 32.25 -4.467949196696281 47.34999999850989
      vertex 32.25 3.7 54.849999999999994
      vertex 32.25 -4.613293319940567 47.56752285808325
    endloop
  endfacet
  facet normal 1 0 0
    outer loop
      vertex 32.25 -4.613293319940567 47.56752285808325
      vertex 32.25 3.7 54.849999999999994
      vertex 32.25 -4.78578644245863 47.76421355903149
    endloop
  endfacet
  facet normal 0 1 0
    outer loop
      vertex 30.785533905932738 3.7 58.38553390593273
      vertex 31.58012701892219 3.7 57.349999999999994
      vertex 29.75 3.7 59.18012701892218
    endloop
  endfacet
  facet normal 0 1 0
    outer loop
      vertex 32.25 3.7 54.849999999999994
      vertex 32.079629131445344 3.7 56.1440952255126
      vertex 32.20722430686905 3.7 55.50263096110025
    endloop
  endfacet
  facet normal 0 1 0
    outer loop
      vertex 32.25 3.7 54.849999999999994
      vertex 31.58012701892219 3.7 57.349999999999994
      vertex 32.079629131445344 3.7 56.1440952255126
    endloop
  endfacet
  facet normal 0 1 0
    outer loop
      vertex 30.785533905932738 3.7 58.38553390593273
      vertex 31.216766701456176 3.7 57.893807145043596
      vertex 31.58012701892219 3.7 57.349999999999994
    endloop
  endfacet
  facet normal 0 1 0
    outer loop
      vertex 32.079629131445344 3.7 56.1440952255126
      vertex 31.58012701892219 3.7 57.349999999999994
      vertex 31.869397662556434 3.7 56.763417161825444
    endloop
  endfacet
  facet normal 1 0 0
    outer loop
      vertex 32.25 -4.78578644245863 47.76421355903149
      vertex 32.25 3.7 54.849999999999994
      vertex 32.25 -4.982477143406868 47.93670668154955
    endloop
  endfacet
  facet normal 1 0 0
    outer loop
      vertex 32.25 -4.982477143406868 47.93670668154955
      vertex 32.25 3.7 54.849999999999994
      vertex 32.25 -5.200000002980232 48.08205080479384
    endloop
  endfacet
  facet normal 1 0 0
    outer loop
      vertex 32.25 -5.200000002980232 48.08205080479384
      vertex 32.25 3.7 54.849999999999994
      vertex 32.25 -5.434633135795593 48.197759066522124
    endloop
  endfacet
  facet normal 1 0 0
    outer loop
      vertex 32.25 -5.434633135795593 48.197759066522124
      vertex 32.25 3.7 54.849999999999994
      vertex 32.25 -5.682361915707588 48.281851653754714
    endloop
  endfacet
  facet normal 0 1 0
    outer loop
      vertex 27.902630961100257 3.7 59.807224306869045
      vertex 28.544095225512603 3.7 59.67962913144534
      vertex 29.75 3.7 59.18012701892218
    endloop
  endfacet
  facet normal 0 1 0
    outer loop
      vertex 28.544095225512603 3.7 59.67962913144534
      vertex 29.16341716182545 3.7 59.46939766255643
      vertex 29.75 3.7 59.18012701892218
    endloop
  endfacet
  facet normal 0 1 0
    outer loop
      vertex 31.58012701892219 3.7 57.349999999999994
      vertex 27.902630961100257 3.7 59.807224306869045
      vertex 29.75 3.7 59.18012701892218
    endloop
  endfacet
  facet normal 0 1 0
    outer loop
      vertex 30.785533905932738 3.7 58.38553390593273
      vertex 29.75 3.7 59.18012701892218
      vertex 30.2938071450436 3.7 58.81676670145616
    endloop
  endfacet
  facet normal 0 0 1
    outer loop
      vertex 17.480069657550146 -6.8000000000000025 59.849999999999994
      vertex 27.25 -21.300000000000004 59.849999999999994
      vertex 27.25 3.7 59.849999999999994
    endloop
  endfacet
  facet normal 1 0 0
    outer loop
      vertex 32.25 -5.682361915707588 48.281851653754714
      vertex 32.25 3.7 54.849999999999994
      vertex 32.25 -5.93894761800766 48.33288971781731
    endloop
  endfacet
  facet normal 1 0 0
    outer loop
      vertex 32.25 -5.93894761800766 48.33288971781731
      vertex 32.25 3.7 54.849999999999994
      vertex 32.25 -6.200000002980232 48.34999999850989
    endloop
  endfacet
  facet normal 0.7518398074789784 0 0.6593458151000678
    outer loop
      vertex 30.785533905932738 3.7 58.38553390593273
      vertex 30.785533905932738 -21.300000000000004 58.38553390593273
      vertex 31.216766701456176 3.7 57.893807145043596
    endloop
  endfacet
  facet normal 0.9978589232386034 0 0.06540312923014452
    outer loop
      vertex 32.25 3.7 54.849999999999994
      vertex 32.20722430686905 3.7 55.50263096110025
      vertex 32.25 -21.300000000000004 54.849999999999994
    endloop
  endfacet
  facet normal 0.9469301294951042 0 0.3214394653031658
    outer loop
      vertex 32.079629131445344 3.7 56.1440952255126
      vertex 31.869397662556434 3.7 56.763417161825444
      vertex 32.079629131445344 -21.300000000000004 56.1440952255126
    endloop
  endfacet
  facet normal 0.9807852804032318 -1.0201366020288363e-19 0.19509032201612206
    outer loop
      vertex 32.20722430686905 3.7 55.50263096110025
      vertex 32.079629131445344 3.7 56.1440952255126
      vertex 32.079629131445344 -21.300000000000004 56.1440952255126
    endloop
  endfacet
  facet normal 0.8314696123025465 0 0.5555702330196005
    outer loop
      vertex 31.58012701892219 3.7 57.349999999999994
      vertex 31.216766701456176 3.7 57.893807145043596
      vertex 31.58012701892219 -21.300000000000004 57.349999999999994
    endloop
  endfacet
  facet normal 0.8968727415326865 0 0.4422886902190048
    outer loop
      vertex 31.58012701892219 3.7 57.349999999999994
      vertex 31.58012701892219 -21.300000000000004 57.349999999999994
      vertex 31.869397662556434 3.7 56.763417161825444
    endloop
  endfacet
  facet normal 1 0 0
    outer loop
      vertex 32.25 -6.200000002980232 48.34999999850989
      vertex 32.25 3.7 54.849999999999994
      vertex 32.25 -21.300000000000004 54.849999999999994
    endloop
  endfacet
  facet normal 0.06540312923014452 -4.754866415215198e-20 0.9978589232386034
    outer loop
      vertex 27.25 3.7 59.849999999999994
      vertex 27.902630961100257 -21.300000000000004 59.807224306869045
      vertex 27.902630961100257 3.7 59.807224306869045
    endloop
  endfacet
  facet normal 0.19509032201612309 0 0.9807852804032314
    outer loop
      vertex 27.902630961100257 3.7 59.807224306869045
      vertex 27.902630961100257 -21.300000000000004 59.807224306869045
      vertex 28.544095225512603 3.7 59.67962913144534
    endloop
  endfacet
  facet normal 0.4422886902190179 0 0.89687274153268
    outer loop
      vertex 29.16341716182545 3.7 59.46939766255643
      vertex 29.16341716182545 -21.300000000000004 59.46939766255643
      vertex 29.75 3.7 59.18012701892218
    endloop
  endfacet
  facet normal 0.32143946530315926 6.534577683824756e-19 0.9469301294951064
    outer loop
      vertex 28.544095225512603 3.7 59.67962913144534
      vertex 29.16341716182545 -21.300000000000004 59.46939766255643
      vertex 29.16341716182545 3.7 59.46939766255643
    endloop
  endfacet
  facet normal 0.5555702330196043 0 0.8314696123025439
    outer loop
      vertex 29.75 3.7 59.18012701892218
      vertex 29.75 -21.300000000000004 59.18012701892218
      vertex 30.2938071450436 3.7 58.81676670145616
    endloop
  endfacet
  facet normal 0.6593458151000585 0 0.7518398074789864
    outer loop
      vertex 30.785533905932738 3.7 58.38553390593273
      vertex 30.2938071450436 3.7 58.81676670145616
      vertex 30.785533905932738 -21.300000000000004 58.38553390593273
    endloop
  endfacet
  facet normal 0 0 1
    outer loop
      vertex 10.019930342449852 -10.800000000000002 59.849999999999994
      vertex 27.25 -21.300000000000004 59.849999999999994
      vertex 17.480069657550146 -10.800000000000002 59.849999999999994
    endloop
  endfacet
  facet normal 0 0 1
    outer loop
      vertex 17.480069657550146 -6.8000000000000025 59.849999999999994
      vertex 17.480069657550146 -10.800000000000002 59.849999999999994
      vertex 27.25 -21.300000000000004 59.849999999999994
    endloop
  endfacet
  facet normal 0 -1 0
    outer loop
      vertex -4.080127018922193 -21.300000000000004 57.349999999999994
      vertex 26.529999999999998 -21.300000000000004 50.099999999999994
      vertex 31.58012701892219 -21.300000000000004 57.349999999999994
    endloop
  endfacet
  facet normal 0 -1 0
    outer loop
      vertex 0.25 -21.300000000000004 59.849999999999994
      vertex 27.902630961100257 -21.300000000000004 59.807224306869045
      vertex 27.25 -21.300000000000004 59.849999999999994
    endloop
  endfacet
  facet normal 0 -1 0
    outer loop
      vertex 0.25 -21.300000000000004 59.849999999999994
      vertex 31.58012701892219 -21.300000000000004 57.349999999999994
      vertex 27.902630961100257 -21.300000000000004 59.807224306869045
    endloop
  endfacet
  facet normal 1 0 0
    outer loop
      vertex 32.25 -21.300000000000004 1
      vertex 32.25 -14.600000001490116 46.34999999850989
      vertex 32.25 -21.300000000000004 54.849999999999994
    endloop
  endfacet
  facet normal 0 -1 0
    outer loop
      vertex 32.11602540378444 -21.300000000000004 0.5
      vertex 32.25 -21.300000000000004 54.849999999999994
      vertex 31.58012701892219 -21.300000000000004 57.349999999999994
    endloop
  endfacet
  facet normal 1 0 0
    outer loop
      vertex 32.25 -14.014213562011719 47.76421355903149
      vertex 32.25 -21.300000000000004 54.849999999999994
      vertex 32.25 -14.186706684529781 47.56752285808325
    endloop
  endfacet
  facet normal 1 0 0
    outer loop
      vertex 32.25 -14.186706684529781 47.56752285808325
      vertex 32.25 -21.300000000000004 54.849999999999994
      vertex 32.25 -14.332050807774067 47.34999999850989
    endloop
  endfacet
  facet normal 1 0 0
    outer loop
      vertex 32.25 -14.582889720797539 46.61105238348246
      vertex 32.25 -14.531851656734943 46.86763808578253
      vertex 32.25 -21.300000000000004 54.849999999999994
    endloop
  endfacet
  facet normal 1 0 0
    outer loop
      vertex 32.25 -14.531851656734943 46.86763808578253
      vertex 32.25 -14.447759069502354 47.115366865694526
      vertex 32.25 -21.300000000000004 54.849999999999994
    endloop
  endfacet
  facet normal 1 0 0
    outer loop
      vertex 32.25 -14.600000001490116 46.34999999850989
      vertex 32.25 -14.582889720797539 46.61105238348246
      vertex 32.25 -21.300000000000004 54.849999999999994
    endloop
  endfacet
  facet normal 1 0 0
    outer loop
      vertex 32.25 -14.447759069502354 47.115366865694526
      vertex 32.25 -14.332050807774067 47.34999999850989
      vertex 32.25 -21.300000000000004 54.849999999999994
    endloop
  endfacet
  facet normal 0 -1 0
    outer loop
      vertex 28.029999999999998 -21.300000000000004 19.979999999999997
      vertex 31.58012701892219 -21.300000000000004 57.349999999999994
      vertex 28.029999999999998 -21.300000000000004 48.599999999999994
    endloop
  endfacet
  facet normal 0.06540312923014452 0 0.9978589232386034
    outer loop
      vertex 27.25 3.7 59.849999999999994
      vertex 27.25 -21.300000000000004 59.849999999999994
      vertex 27.902630961100257 -21.300000000000004 59.807224306869045
    endloop
  endfacet
  facet normal 1 0 0
    outer loop
      vertex 32.25 -6.200000002980232 48.34999999850989
      vertex 32.25 -21.300000000000004 54.849999999999994
      vertex 32.25 -12.600000001490116 48.34999999850989
    endloop
  endfacet
  facet normal 0.7518398074789784 0 0.6593458151000678
    outer loop
      vertex 31.216766701456176 3.7 57.893807145043596
      vertex 30.785533905932738 -21.300000000000004 58.38553390593273
      vertex 31.216766701456176 -21.300000000000004 57.893807145043596
    endloop
  endfacet
  facet normal 0.9978589232386034 0 0.06540312923014452
    outer loop
      vertex 32.20722430686905 3.7 55.50263096110025
      vertex 32.20722430686905 -21.300000000000004 55.50263096110025
      vertex 32.25 -21.300000000000004 54.849999999999994
    endloop
  endfacet
  facet normal 0.9807852804032318 0 0.19509032201612206
    outer loop
      vertex 32.20722430686905 3.7 55.50263096110025
      vertex 32.079629131445344 -21.300000000000004 56.1440952255126
      vertex 32.20722430686905 -21.300000000000004 55.50263096110025
    endloop
  endfacet
  facet normal 0.8314696123025465 0 0.5555702330196005
    outer loop
      vertex 31.216766701456176 3.7 57.893807145043596
      vertex 31.216766701456176 -21.300000000000004 57.893807145043596
      vertex 31.58012701892219 -21.300000000000004 57.349999999999994
    endloop
  endfacet
  facet normal 0.9469301294951042 0 0.3214394653031658
    outer loop
      vertex 31.869397662556434 3.7 56.763417161825444
      vertex 31.869397662556434 -21.300000000000004 56.763417161825444
      vertex 32.079629131445344 -21.300000000000004 56.1440952255126
    endloop
  endfacet
  facet normal 0.8968727415326865 0 0.4422886902190048
    outer loop
      vertex 31.869397662556434 3.7 56.763417161825444
      vertex 31.58012701892219 -21.300000000000004 57.349999999999994
      vertex 31.869397662556434 -21.300000000000004 56.763417161825444
    endloop
  endfacet
  facet normal 0.19509032201612309 0 0.9807852804032314
    outer loop
      vertex 28.544095225512603 3.7 59.67962913144534
      vertex 27.902630961100257 -21.300000000000004 59.807224306869045
      vertex 28.544095225512603 -21.300000000000004 59.67962913144534
    endloop
  endfacet
  facet normal 0.32143946530315926 0 0.9469301294951064
    outer loop
      vertex 28.544095225512603 3.7 59.67962913144534
      vertex 28.544095225512603 -21.300000000000004 59.67962913144534
      vertex 29.16341716182545 -21.300000000000004 59.46939766255643
    endloop
  endfacet
  facet normal 0.4422886902190179 0 0.89687274153268
    outer loop
      vertex 29.75 3.7 59.18012701892218
      vertex 29.16341716182545 -21.300000000000004 59.46939766255643
      vertex 29.75 -21.300000000000004 59.18012701892218
    endloop
  endfacet
  facet normal 0.5555702330196043 0 0.8314696123025439
    outer loop
      vertex 30.2938071450436 3.7 58.81676670145616
      vertex 29.75 -21.300000000000004 59.18012701892218
      vertex 30.2938071450436 -21.300000000000004 58.81676670145616
    endloop
  endfacet
  facet normal 0.6593458151000585 0 0.7518398074789864
    outer loop
      vertex 30.2938071450436 3.7 58.81676670145616
      vertex 30.2938071450436 -21.300000000000004 58.81676670145616
      vertex 30.785533905932738 -21.300000000000004 58.38553390593273
    endloop
  endfacet
  facet normal 1 0 0
    outer loop
      vertex 32.25 -12.600000001490116 48.34999999850989
      vertex 32.25 -21.300000000000004 54.849999999999994
      vertex 32.25 -12.861052386462688 48.33288971781731
    endloop
  endfacet
  facet normal 1 0 0
    outer loop
      vertex 32.25 -12.861052386462688 48.33288971781731
      vertex 32.25 -21.300000000000004 54.849999999999994
      vertex 32.25 -13.11763808876276 48.281851653754714
    endloop
  endfacet
  facet normal 1 0 0
    outer loop
      vertex 32.25 -13.11763808876276 48.281851653754714
      vertex 32.25 -21.300000000000004 54.849999999999994
      vertex 32.25 -13.365366868674755 48.197759066522124
    endloop
  endfacet
  facet normal 1 0 0
    outer loop
      vertex 32.25 -13.365366868674755 48.197759066522124
      vertex 32.25 -21.300000000000004 54.849999999999994
      vertex 32.25 -13.600000001490116 48.08205080479384
    endloop
  endfacet
  facet normal 1 0 0
    outer loop
      vertex 32.25 -13.81752286106348 47.93670668154955
      vertex 32.25 -13.600000001490116 48.08205080479384
      vertex 32.25 -21.300000000000004 54.849999999999994
    endloop
  endfacet
  facet normal 1 0 0
    outer loop
      vertex 32.25 -13.81752286106348 47.93670668154955
      vertex 32.25 -21.300000000000004 54.849999999999994
      vertex 32.25 -14.014213562011719 47.76421355903149
    endloop
  endfacet
  facet normal 0 -1 0
    outer loop
      vertex 26.529999999999998 -21.300000000000004 50.099999999999994
      vertex 26.725789288330073 -21.300000000000004 50.08716729206071
      vertex 31.58012701892219 -21.300000000000004 57.349999999999994
    endloop
  endfacet
  facet normal 0 -1 0
    outer loop
      vertex 26.725789288330073 -21.300000000000004 50.08716729206071
      vertex 26.918228567653777 -21.300000000000004 50.04888873943361
      vertex 31.58012701892219 -21.300000000000004 57.349999999999994
    endloop
  endfacet
  facet normal 0 -1 0
    outer loop
      vertex 26.918228567653777 -21.300000000000004 50.04888873943361
      vertex 27.10402514854763 -21.300000000000004 49.98581929876693
      vertex 31.58012701892219 -21.300000000000004 57.349999999999994
    endloop
  endfacet
  facet normal 0 -1 0
    outer loop
      vertex 27.10402514854763 -21.300000000000004 49.98581929876693
      vertex 27.279999999999998 -21.300000000000004 49.89903810567665
      vertex 31.58012701892219 -21.300000000000004 57.349999999999994
    endloop
  endfacet
  facet normal 0 -1 0
    outer loop
      vertex 27.279999999999998 -21.300000000000004 49.89903810567665
      vertex 27.44314214351308 -21.300000000000004 49.79003001043685
      vertex 31.58012701892219 -21.300000000000004 57.349999999999994
    endloop
  endfacet
  facet normal 0 -1 0
    outer loop
      vertex 27.59066017177982 -21.300000000000004 49.660660171779824
      vertex 27.72003001043685 -21.300000000000004 49.51314214351308
      vertex 31.58012701892219 -21.300000000000004 57.349999999999994
    endloop
  endfacet
  facet normal 0 -1 0
    outer loop
      vertex 27.72003001043685 -21.300000000000004 49.51314214351308
      vertex 27.829038105676656 -21.300000000000004 49.349999999999994
      vertex 31.58012701892219 -21.300000000000004 57.349999999999994
    endloop
  endfacet
  facet normal 0 -1 0
    outer loop
      vertex 28.029999999999998 -21.300000000000004 48.599999999999994
      vertex 31.58012701892219 -21.300000000000004 57.349999999999994
      vertex 28.017167292060712 -21.300000000000004 48.79578928833007
    endloop
  endfacet
  facet normal 0 -1 0
    outer loop
      vertex 27.829038105676656 -21.300000000000004 49.349999999999994
      vertex 27.915819298766927 -21.300000000000004 49.17402514854763
      vertex 31.58012701892219 -21.300000000000004 57.349999999999994
    endloop
  endfacet
  facet normal 0 -1 0
    outer loop
      vertex 28.017167292060712 -21.300000000000004 48.79578928833007
      vertex 31.58012701892219 -21.300000000000004 57.349999999999994
      vertex 27.9788887394336 -21.300000000000004 48.98822856765378
    endloop
  endfacet
  facet normal 0 -1 0
    outer loop
      vertex 27.9788887394336 -21.300000000000004 48.98822856765378
      vertex 31.58012701892219 -21.300000000000004 57.349999999999994
      vertex 27.915819298766927 -21.300000000000004 49.17402514854763
    endloop
  endfacet
  facet normal 0 -1 0
    outer loop
      vertex 27.44314214351308 -21.300000000000004 49.79003001043685
      vertex 27.59066017177982 -21.300000000000004 49.660660171779824
      vertex 31.58012701892219 -21.300000000000004 57.349999999999994
    endloop
  endfacet
  facet normal 0 -1 0
    outer loop
      vertex 30.785533905932738 -21.300000000000004 58.38553390593273
      vertex 29.75 -21.300000000000004 59.18012701892218
      vertex 31.58012701892219 -21.300000000000004 57.349999999999994
    endloop
  endfacet
  facet normal 0 -1 0
    outer loop
      vertex 32.25 -21.300000000000004 54.849999999999994
      vertex 32.20722430686905 -21.300000000000004 55.50263096110025
      vertex 32.079629131445344 -21.300000000000004 56.1440952255126
    endloop
  endfacet
  facet normal 0 -1 0
    outer loop
      vertex 32.25 -21.300000000000004 54.849999999999994
      vertex 32.079629131445344 -21.300000000000004 56.1440952255126
      vertex 31.58012701892219 -21.300000000000004 57.349999999999994
    endloop
  endfacet
  facet normal 0 -1 0
    outer loop
      vertex 30.785533905932738 -21.300000000000004 58.38553390593273
      vertex 31.58012701892219 -21.300000000000004 57.349999999999994
      vertex 31.216766701456176 -21.300000000000004 57.893807145043596
    endloop
  endfacet
  facet normal 0 -1 0
    outer loop
      vertex 32.079629131445344 -21.300000000000004 56.1440952255126
      vertex 31.869397662556434 -21.300000000000004 56.763417161825444
      vertex 31.58012701892219 -21.300000000000004 57.349999999999994
    endloop
  endfacet
  facet normal 0 -1 0
    outer loop
      vertex 27.902630961100257 -21.300000000000004 59.807224306869045
      vertex 29.16341716182545 -21.300000000000004 59.46939766255643
      vertex 28.544095225512603 -21.300000000000004 59.67962913144534
    endloop
  endfacet
  facet normal 0 -1 0
    outer loop
      vertex 27.902630961100257 -21.300000000000004 59.807224306869045
      vertex 29.75 -21.300000000000004 59.18012701892218
      vertex 29.16341716182545 -21.300000000000004 59.46939766255643
    endloop
  endfacet
  facet normal 0 -1 0
    outer loop
      vertex 31.58012701892219 -21.300000000000004 57.349999999999994
      vertex 29.75 -21.300000000000004 59.18012701892218
      vertex 27.902630961100257 -21.300000000000004 59.807224306869045
    endloop
  endfacet
  facet normal 0 -1 0
    outer loop
      vertex 30.785533905932738 -21.300000000000004 58.38553390593273
      vertex 30.2938071450436 -21.300000000000004 58.81676670145616
      vertex 29.75 -21.300000000000004 59.18012701892218
    endloop
  endfacet
  facet normal 0 1 0
    outer loop
      vertex 9.288498123817853 -6.8000000000000025 61.76263213500975
      vertex 9.25 -6.8000000000000025 62.349999999999994
      vertex 9.288498123817853 -6.8000000000000025 62.93736786499022
    endloop
  endfacet
  facet normal 0 1 0
    outer loop
      vertex 9.403333781699192 -6.8000000000000025 61.185314297038644
      vertex 9.288498123817853 -6.8000000000000025 61.76263213500975
      vertex 9.403333781699192 -6.8000000000000025 63.51468570296133
    endloop
  endfacet
  facet normal 0 1 0
    outer loop
      vertex 9.403333781699192 -6.8000000000000025 61.185314297038644
      vertex 9.59254210369921 -6.8000000000000025 64.0720754456429
      vertex 9.59254210369921 -6.8000000000000025 60.627924554357094
    endloop
  endfacet
  facet normal 0 1 0
    outer loop
      vertex 9.852885682970026 -6.8000000000000025 60.099999999999994
      vertex 9.59254210369921 -6.8000000000000025 60.627924554357094
      vertex 9.852885682970026 -6.8000000000000025 64.6
    endloop
  endfacet
  facet normal 0 1 0
    outer loop
      vertex 9.852885682970026 -6.8000000000000025 60.099999999999994
      vertex 10.179909968689442 -6.8000000000000025 65.08942643053923
      vertex 12.059629803994131 -6.8000000000000025 62.8029333289294
    endloop
  endfacet
  facet normal 0 1 0
    outer loop
      vertex 9.852885682970026 -6.8000000000000025 60.099999999999994
      vertex 12.133210818105248 -6.8000000000000025 61.68030399336108
      vertex 12.234455543377232 -6.8000000000000025 61.474999999999994
    endloop
  endfacet
  facet normal 0 1 0
    outer loop
      vertex 9.852885682970026 -6.8000000000000025 60.099999999999994
      vertex 12 -6.8000000000000025 62.349999999999994
      vertex 12.014971492595832 -6.8000000000000025 62.121579163614896
    endloop
  endfacet
  facet normal 0 1 0
    outer loop
      vertex 9.852885682970026 -6.8000000000000025 60.099999999999994
      vertex 12.059629803994131 -6.8000000000000025 61.897066671070576
      vertex 12.133210818105248 -6.8000000000000025 61.68030399336108
    endloop
  endfacet
  facet normal 0 1 0
    outer loop
      vertex 9.852885682970026 -6.8000000000000025 60.099999999999994
      vertex 12.014971492595832 -6.8000000000000025 62.121579163614896
      vertex 12.059629803994131 -6.8000000000000025 61.897066671070576
    endloop
  endfacet
  facet normal 0 1 0
    outer loop
      vertex 9.852885682970026 -6.8000000000000025 60.099999999999994
      vertex 12.014971492595832 -6.8000000000000025 62.57842083638508
      vertex 12 -6.8000000000000025 62.349999999999994
    endloop
  endfacet
  facet normal 0 1 0
    outer loop
      vertex 9.852885682970026 -6.8000000000000025 60.099999999999994
      vertex 12.059629803994131 -6.8000000000000025 62.8029333289294
      vertex 12.014971492595832 -6.8000000000000025 62.57842083638508
    endloop
  endfacet
  facet normal -0.896872741532689 -8.02195557748726e-19 -0.44228869021899947
    outer loop
      vertex 9.852885682970026 -6.8000000000000025 60.099999999999994
      vertex 9.59254210369921 -10.800000000000002 60.627924554357094
      vertex 9.59254210369921 -6.8000000000000025 60.627924554357094
    endloop
  endfacet
  facet normal -0.8314696123025432 0 -0.5555702330196053
    outer loop
      vertex 9.852885682970026 -6.8000000000000025 60.099999999999994
      vertex 10.019930342449852 -6.8000000000000025 59.849999999999994
      vertex 9.852885682970026 -10.800000000000002 60.099999999999994
    endloop
  endfacet
  facet normal -0.9807852804032301 -2.852972626801582e-18 -0.19509032201612972
    outer loop
      vertex 9.403333781699192 -6.8000000000000025 61.185314297038644
      vertex 9.288498123817853 -10.800000000000002 61.76263213500975
      vertex 9.288498123817853 -6.8000000000000025 61.76263213500975
    endloop
  endfacet
  facet normal -0.9469301294951041 0 -0.32143946530316647
    outer loop
      vertex 9.403333781699192 -6.8000000000000025 61.185314297038644
      vertex 9.59254210369921 -6.8000000000000025 60.627924554357094
      vertex 9.403333781699192 -10.800000000000002 61.185314297038644
    endloop
  endfacet
  facet normal -0.9978589232386036 -1.8780674338181393e-19 -0.06540312923014101
    outer loop
      vertex 9.288498123817853 -6.8000000000000025 61.76263213500975
      vertex 9.25 -10.800000000000002 62.349999999999994
      vertex 9.25 -6.8000000000000025 62.349999999999994
    endloop
  endfacet
  facet normal 0 1 0
    outer loop
      vertex 9.288498123817853 -6.8000000000000025 61.76263213500975
      vertex 9.288498123817853 -6.8000000000000025 62.93736786499022
      vertex 9.403333781699192 -6.8000000000000025 63.51468570296133
    endloop
  endfacet
  facet normal 0 1 0
    outer loop
      vertex 9.403333781699192 -6.8000000000000025 61.185314297038644
      vertex 9.403333781699192 -6.8000000000000025 63.51468570296133
      vertex 9.59254210369921 -6.8000000000000025 64.0720754456429
    endloop
  endfacet
  facet normal 0 1 0
    outer loop
      vertex 9.59254210369921 -6.8000000000000025 60.627924554357094
      vertex 9.59254210369921 -6.8000000000000025 64.0720754456429
      vertex 9.852885682970026 -6.8000000000000025 64.6
    endloop
  endfacet
  facet normal 0 1 0
    outer loop
      vertex 9.852885682970026 -6.8000000000000025 60.099999999999994
      vertex 9.852885682970026 -6.8000000000000025 64.6
      vertex 10.179909968689442 -6.8000000000000025 65.08942643053923
    endloop
  endfacet
  facet normal 0 1 0
    outer loop
      vertex 10.179909968689442 -6.8000000000000025 65.08942643053923
      vertex 10.568019484660535 -6.8000000000000025 65.53198051533946
      vertex 12.361631654490338 -6.8000000000000025 63.415332500765246
    endloop
  endfacet
  facet normal 0 1 0
    outer loop
      vertex 10.568019484660535 -6.8000000000000025 65.53198051533946
      vertex 11.010573569460757 -6.8000000000000025 65.92009003131055
      vertex 12.684667499234738 -6.8000000000000025 63.738368345509656
    endloop
  endfacet
  facet normal -0.9978589232386035 6.47083963345336e-19 0.06540312923014259
    outer loop
      vertex 9.25 -6.8000000000000025 62.349999999999994
      vertex 9.288498123817853 -10.800000000000002 62.93736786499022
      vertex 9.288498123817853 -6.8000000000000025 62.93736786499022
    endloop
  endfacet
  facet normal -0.9807852804032301 2.852972626801582e-18 0.19509032201612972
    outer loop
      vertex 9.288498123817853 -6.8000000000000025 62.93736786499022
      vertex 9.403333781699192 -10.800000000000002 63.51468570296133
      vertex 9.403333781699192 -6.8000000000000025 63.51468570296133
    endloop
  endfacet
  facet normal -0.9469301294951065 -1.0558439197324015e-18 0.32143946530315903
    outer loop
      vertex 9.403333781699192 -6.8000000000000025 63.51468570296133
      vertex 9.59254210369921 -10.800000000000002 64.0720754456429
      vertex 9.59254210369921 -6.8000000000000025 64.0720754456429
    endloop
  endfacet
  facet normal -0.896872741532689 8.02195557748726e-19 0.44228869021899947
    outer loop
      vertex 9.59254210369921 -6.8000000000000025 64.0720754456429
      vertex 9.852885682970026 -10.800000000000002 64.6
      vertex 9.852885682970026 -6.8000000000000025 64.6
    endloop
  endfacet
  facet normal -0.8314696123025435 1.2605020533443586e-18 0.555570233019605
    outer loop
      vertex 9.852885682970026 -6.8000000000000025 64.6
      vertex 10.179909968689442 -10.800000000000002 65.08942643053923
      vertex 10.179909968689442 -6.8000000000000025 65.08942643053923
    endloop
  endfacet
  facet normal -0.7518398074789785 -1.3285977154924552e-18 0.6593458151000676
    outer loop
      vertex 10.179909968689442 -6.8000000000000025 65.08942643053923
      vertex 10.568019484660535 -10.800000000000002 65.53198051533946
      vertex 10.568019484660535 -6.8000000000000025 65.53198051533946
    endloop
  endfacet
  facet normal -0.6593458151000693 0 0.7518398074789769
    outer loop
      vertex 10.568019484660535 -6.8000000000000025 65.53198051533946
      vertex 10.568019484660535 -10.800000000000002 65.53198051533946
      vertex 11.010573569460757 -6.8000000000000025 65.92009003131055
    endloop
  endfacet
  facet normal -0.5555702330196042 0 0.8314696123025439
    outer loop
      vertex 11.010573569460757 -6.8000000000000025 65.92009003131055
      vertex 11.010573569460757 -10.800000000000002 65.92009003131055
      vertex 11.5 -6.8000000000000025 66.24711431702997
    endloop
  endfacet
  facet normal 0 1 0
    outer loop
      vertex 9.852885682970026 -6.8000000000000025 60.099999999999994
      vertex 12.875 -6.8000000000000025 60.83445554337722
      vertex 13.080303993361094 -6.8000000000000025 60.733210818105235
    endloop
  endfacet
  facet normal 0 1 0
    outer loop
      vertex 9.852885682970026 -6.8000000000000025 60.099999999999994
      vertex 13.080303993361094 -6.8000000000000025 60.733210818105235
      vertex 13.297066671070588 -6.8000000000000025 60.65962980399412
    endloop
  endfacet
  facet normal 0 1 0
    outer loop
      vertex 9.852885682970026 -6.8000000000000025 60.099999999999994
      vertex 13.297066671070588 -6.8000000000000025 60.65962980399412
      vertex 13.52157916361491 -6.8000000000000025 60.61497149259583
    endloop
  endfacet
  facet normal 0 1 0
    outer loop
      vertex 9.852885682970026 -6.8000000000000025 60.099999999999994
      vertex 17.480069657550146 -6.8000000000000025 59.849999999999994
      vertex 10.019930342449852 -6.8000000000000025 59.849999999999994
    endloop
  endfacet
  facet normal 0 1 0
    outer loop
      vertex 9.852885682970026 -6.8000000000000025 60.099999999999994
      vertex 13.52157916361491 -6.8000000000000025 60.61497149259583
      vertex 13.75 -6.8000000000000025 60.599999999999994
    endloop
  endfacet
  facet normal 0 1 0
    outer loop
      vertex 9.852885682970026 -6.8000000000000025 60.099999999999994
      vertex 13.75 -6.8000000000000025 60.599999999999994
      vertex 13.97842083638509 -6.8000000000000025 60.61497149259583
    endloop
  endfacet
  facet normal 0 1 0
    outer loop
      vertex 9.852885682970026 -6.8000000000000025 60.099999999999994
      vertex 12.361631654490338 -6.8000000000000025 61.28466749923473
      vertex 12.512563132923542 -6.8000000000000025 61.112563132923526
    endloop
  endfacet
  facet normal 0 1 0
    outer loop
      vertex 9.852885682970026 -6.8000000000000025 60.099999999999994
      vertex 12.234455543377232 -6.8000000000000025 61.474999999999994
      vertex 12.361631654490338 -6.8000000000000025 61.28466749923473
    endloop
  endfacet
  facet normal 0 1 0
    outer loop
      vertex 9.852885682970026 -6.8000000000000025 60.099999999999994
      vertex 12.512563132923542 -6.8000000000000025 61.112563132923526
      vertex 12.684667499234738 -6.8000000000000025 60.96163165449033
    endloop
  endfacet
  facet normal 0 1 0
    outer loop
      vertex 9.852885682970026 -6.8000000000000025 60.099999999999994
      vertex 12.684667499234738 -6.8000000000000025 60.96163165449033
      vertex 12.875 -6.8000000000000025 60.83445554337722
    endloop
  endfacet
  facet normal 0 1 0
    outer loop
      vertex 10.179909968689442 -6.8000000000000025 65.08942643053923
      vertex 12.133210818105248 -6.8000000000000025 63.019696006638895
      vertex 12.059629803994131 -6.8000000000000025 62.8029333289294
    endloop
  endfacet
  facet normal 0 1 0
    outer loop
      vertex 10.179909968689442 -6.8000000000000025 65.08942643053923
      vertex 12.234455543377232 -6.8000000000000025 63.224999999999994
      vertex 12.133210818105248 -6.8000000000000025 63.019696006638895
    endloop
  endfacet
  facet normal 0 1 0
    outer loop
      vertex 10.179909968689442 -6.8000000000000025 65.08942643053923
      vertex 12.361631654490338 -6.8000000000000025 63.415332500765246
      vertex 12.234455543377232 -6.8000000000000025 63.224999999999994
    endloop
  endfacet
  facet normal 0 1 0
    outer loop
      vertex 10.568019484660535 -6.8000000000000025 65.53198051533946
      vertex 12.512563132923542 -6.8000000000000025 63.58743686707645
      vertex 12.361631654490338 -6.8000000000000025 63.415332500765246
    endloop
  endfacet
  facet normal 0 1 0
    outer loop
      vertex 10.568019484660535 -6.8000000000000025 65.53198051533946
      vertex 12.684667499234738 -6.8000000000000025 63.738368345509656
      vertex 12.512563132923542 -6.8000000000000025 63.58743686707645
    endloop
  endfacet
  facet normal 0 1 0
    outer loop
      vertex 11.010573569460757 -6.8000000000000025 65.92009003131055
      vertex 12.875 -6.8000000000000025 63.86554445662276
      vertex 12.684667499234738 -6.8000000000000025 63.738368345509656
    endloop
  endfacet
  facet normal 0 1 0
    outer loop
      vertex 11.010573569460757 -6.8000000000000025 65.92009003131055
      vertex 13.080303993361094 -6.8000000000000025 63.96678918189474
      vertex 12.875 -6.8000000000000025 63.86554445662276
    endloop
  endfacet
  facet normal 0 1 0
    outer loop
      vertex 11.010573569460757 -6.8000000000000025 65.92009003131055
      vertex 11.5 -6.8000000000000025 66.24711431702997
      vertex 13.080303993361094 -6.8000000000000025 63.96678918189474
    endloop
  endfacet
  facet normal 0 1 0
    outer loop
      vertex 11.5 -6.8000000000000025 66.24711431702997
      vertex 12.027924554357096 -6.8000000000000025 66.50745789630078
      vertex 13.297066671070588 -6.8000000000000025 64.04037019600587
    endloop
  endfacet
  facet normal 0 1 0
    outer loop
      vertex 11.5 -6.8000000000000025 66.24711431702997
      vertex 13.297066671070588 -6.8000000000000025 64.04037019600587
      vertex 13.080303993361094 -6.8000000000000025 63.96678918189474
    endloop
  endfacet
  facet normal 0 1 0
    outer loop
      vertex 12.027924554357096 -6.8000000000000025 66.50745789630078
      vertex 12.585314297038657 -6.8000000000000025 66.6966662183008
      vertex 13.97842083638509 -6.8000000000000025 64.08502850740416
    endloop
  endfacet
  facet normal 0 1 0
    outer loop
      vertex 12.027924554357096 -6.8000000000000025 66.50745789630078
      vertex 13.52157916361491 -6.8000000000000025 64.08502850740416
      vertex 13.297066671070588 -6.8000000000000025 64.04037019600587
    endloop
  endfacet
  facet normal 0 1 0
    outer loop
      vertex 12.027924554357096 -6.8000000000000025 66.50745789630078
      vertex 13.75 -6.8000000000000025 64.1
      vertex 13.52157916361491 -6.8000000000000025 64.08502850740416
    endloop
  endfacet
  facet normal 0 1 0
    outer loop
      vertex 12.027924554357096 -6.8000000000000025 66.50745789630078
      vertex 13.97842083638509 -6.8000000000000025 64.08502850740416
      vertex 13.75 -6.8000000000000025 64.1
    endloop
  endfacet
  facet normal 0 1 0
    outer loop
      vertex 12.585314297038657 -6.8000000000000025 66.6966662183008
      vertex 14.202933328929412 -6.8000000000000025 64.04037019600587
      vertex 13.97842083638509 -6.8000000000000025 64.08502850740416
    endloop
  endfacet
  facet normal 0 1 0
    outer loop
      vertex 12.585314297038657 -6.8000000000000025 66.6966662183008
      vertex 14.419696006638906 -6.8000000000000025 63.96678918189474
      vertex 14.202933328929412 -6.8000000000000025 64.04037019600587
    endloop
  endfacet
  facet normal 0 1 0
    outer loop
      vertex 12.585314297038657 -6.8000000000000025 66.6966662183008
      vertex 13.162632135009767 -6.8000000000000025 66.81150187618213
      vertex 14.419696006638906 -6.8000000000000025 63.96678918189474
    endloop
  endfacet
  facet normal -0.44228869021899225 0 0.8968727415326928
    outer loop
      vertex 11.5 -6.8000000000000025 66.24711431702997
      vertex 11.5 -10.800000000000002 66.24711431702997
      vertex 12.027924554357096 -6.8000000000000025 66.50745789630078
    endloop
  endfacet
  facet normal -0.3214394653031772 0 0.9469301294951005
    outer loop
      vertex 12.027924554357096 -6.8000000000000025 66.50745789630078
      vertex 12.027924554357096 -10.800000000000002 66.50745789630078
      vertex 12.585314297038657 -6.8000000000000025 66.6966662183008
    endloop
  endfacet
  facet normal -0.1950903220161117 0 0.9807852804032337
    outer loop
      vertex 12.585314297038657 -6.8000000000000025 66.6966662183008
      vertex 12.585314297038657 -10.800000000000002 66.6966662183008
      vertex 13.162632135009767 -6.8000000000000025 66.81150187618213
    endloop
  endfacet
  facet normal -0.06540312923015403 0 0.9978589232386028
    outer loop
      vertex 13.162632135009767 -6.8000000000000025 66.81150187618213
      vertex 13.162632135009767 -10.800000000000002 66.81150187618213
      vertex 13.75 -6.8000000000000025 66.85
    endloop
  endfacet
  facet normal -0.8314696123025432 0 -0.5555702330196053
    outer loop
      vertex 10.019930342449852 -6.8000000000000025 59.849999999999994
      vertex 10.019930342449852 -10.800000000000002 59.849999999999994
      vertex 9.852885682970026 -10.800000000000002 60.099999999999994
    endloop
  endfacet
  facet normal -0.896872741532689 0 -0.44228869021899947
    outer loop
      vertex 9.852885682970026 -6.8000000000000025 60.099999999999994
      vertex 9.852885682970026 -10.800000000000002 60.099999999999994
      vertex 9.59254210369921 -10.800000000000002 60.627924554357094
    endloop
  endfacet
  facet normal -0.9807852804032301 0 -0.19509032201612972
    outer loop
      vertex 9.403333781699192 -6.8000000000000025 61.185314297038644
      vertex 9.403333781699192 -10.800000000000002 61.185314297038644
      vertex 9.288498123817853 -10.800000000000002 61.76263213500975
    endloop
  endfacet
  facet normal -0.9469301294951041 0 -0.32143946530316647
    outer loop
      vertex 9.59254210369921 -6.8000000000000025 60.627924554357094
      vertex 9.59254210369921 -10.800000000000002 60.627924554357094
      vertex 9.403333781699192 -10.800000000000002 61.185314297038644
    endloop
  endfacet
  facet normal -0.9978589232386036 0 -0.06540312923014101
    outer loop
      vertex 9.288498123817853 -6.8000000000000025 61.76263213500975
      vertex 9.288498123817853 -10.800000000000002 61.76263213500975
      vertex 9.25 -10.800000000000002 62.349999999999994
    endloop
  endfacet
  facet normal -0.9978589232386035 0 0.06540312923014259
    outer loop
      vertex 9.25 -6.8000000000000025 62.349999999999994
      vertex 9.25 -10.800000000000002 62.349999999999994
      vertex 9.288498123817853 -10.800000000000002 62.93736786499022
    endloop
  endfacet
  facet normal 0 -1 0
    outer loop
      vertex 9.852885682970026 -10.800000000000002 60.099999999999994
      vertex 9.59254210369921 -10.800000000000002 64.0720754456429
      vertex 9.59254210369921 -10.800000000000002 60.627924554357094
    endloop
  endfacet
  facet normal 0 -1 0
    outer loop
      vertex 9.403333781699192 -10.800000000000002 61.185314297038644
      vertex 9.288498123817853 -10.800000000000002 62.93736786499022
      vertex 9.288498123817853 -10.800000000000002 61.76263213500975
    endloop
  endfacet
  facet normal 0 -1 0
    outer loop
      vertex 9.288498123817853 -10.800000000000002 61.76263213500975
      vertex 9.288498123817853 -10.800000000000002 62.93736786499022
      vertex 9.25 -10.800000000000002 62.349999999999994
    endloop
  endfacet
  facet normal 0 -1 0
    outer loop
      vertex 9.403333781699192 -10.800000000000002 61.185314297038644
      vertex 9.403333781699192 -10.800000000000002 63.51468570296133
      vertex 9.288498123817853 -10.800000000000002 62.93736786499022
    endloop
  endfacet
  facet normal 0 -1 0
    outer loop
      vertex 9.403333781699192 -10.800000000000002 61.185314297038644
      vertex 9.59254210369921 -10.800000000000002 60.627924554357094
      vertex 9.403333781699192 -10.800000000000002 63.51468570296133
    endloop
  endfacet
  facet normal 0 -1 0
    outer loop
      vertex 9.852885682970026 -10.800000000000002 60.099999999999994
      vertex 10.019930342449852 -10.800000000000002 59.849999999999994
      vertex 9.852885682970026 -10.800000000000002 64.6
    endloop
  endfacet
  facet normal 0 -1 0
    outer loop
      vertex 10.019930342449852 -10.800000000000002 59.849999999999994
      vertex 12.059629803994131 -10.800000000000002 61.897066671070576
      vertex 12.014971492595832 -10.800000000000002 62.121579163614896
    endloop
  endfacet
  facet normal 0 -1 0
    outer loop
      vertex 10.019930342449852 -10.800000000000002 59.849999999999994
      vertex 12.133210818105248 -10.800000000000002 61.68030399336108
      vertex 12.059629803994131 -10.800000000000002 61.897066671070576
    endloop
  endfacet
  facet normal 0 -1 0
    outer loop
      vertex 10.019930342449852 -10.800000000000002 59.849999999999994
      vertex 12.014971492595832 -10.800000000000002 62.121579163614896
      vertex 12 -10.800000000000002 62.349999999999994
    endloop
  endfacet
  facet normal 0 -1 0
    outer loop
      vertex 10.019930342449852 -10.800000000000002 59.849999999999994
      vertex 12 -10.800000000000002 62.349999999999994
      vertex 12.014971492595832 -10.800000000000002 62.57842083638508
    endloop
  endfacet
  facet normal 0 -1 0
    outer loop
      vertex 10.019930342449852 -10.800000000000002 59.849999999999994
      vertex 12.014971492595832 -10.800000000000002 62.57842083638508
      vertex 12.059629803994131 -10.800000000000002 62.8029333289294
    endloop
  endfacet
  facet normal 0 -1 0
    outer loop
      vertex 10.019930342449852 -10.800000000000002 59.849999999999994
      vertex 12.059629803994131 -10.800000000000002 62.8029333289294
      vertex 12.133210818105248 -10.800000000000002 63.019696006638895
    endloop
  endfacet
  facet normal -0.9807852804032301 0 0.19509032201612972
    outer loop
      vertex 9.288498123817853 -6.8000000000000025 62.93736786499022
      vertex 9.288498123817853 -10.800000000000002 62.93736786499022
      vertex 9.403333781699192 -10.800000000000002 63.51468570296133
    endloop
  endfacet
  facet normal -0.9469301294951065 0 0.32143946530315903
    outer loop
      vertex 9.403333781699192 -6.8000000000000025 63.51468570296133
      vertex 9.403333781699192 -10.800000000000002 63.51468570296133
      vertex 9.59254210369921 -10.800000000000002 64.0720754456429
    endloop
  endfacet
  facet normal -0.896872741532689 0 0.44228869021899947
    outer loop
      vertex 9.59254210369921 -6.8000000000000025 64.0720754456429
      vertex 9.59254210369921 -10.800000000000002 64.0720754456429
      vertex 9.852885682970026 -10.800000000000002 64.6
    endloop
  endfacet
  facet normal -0.8314696123025435 0 0.555570233019605
    outer loop
      vertex 9.852885682970026 -6.8000000000000025 64.6
      vertex 9.852885682970026 -10.800000000000002 64.6
      vertex 10.179909968689442 -10.800000000000002 65.08942643053923
    endloop
  endfacet
  facet normal -0.7518398074789785 0 0.6593458151000676
    outer loop
      vertex 10.179909968689442 -6.8000000000000025 65.08942643053923
      vertex 10.179909968689442 -10.800000000000002 65.08942643053923
      vertex 10.568019484660535 -10.800000000000002 65.53198051533946
    endloop
  endfacet
  facet normal -0.6593458151000693 0 0.7518398074789769
    outer loop
      vertex 11.010573569460757 -6.8000000000000025 65.92009003131055
      vertex 10.568019484660535 -10.800000000000002 65.53198051533946
      vertex 11.010573569460757 -10.800000000000002 65.92009003131055
    endloop
  endfacet
  facet normal -0.5555702330196042 0 0.8314696123025439
    outer loop
      vertex 11.5 -6.8000000000000025 66.24711431702997
      vertex 11.010573569460757 -10.800000000000002 65.92009003131055
      vertex 11.5 -10.800000000000002 66.24711431702997
    endloop
  endfacet
  facet normal 0 -1 0
    outer loop
      vertex 9.59254210369921 -10.800000000000002 60.627924554357094
      vertex 9.59254210369921 -10.800000000000002 64.0720754456429
      vertex 9.403333781699192 -10.800000000000002 63.51468570296133
    endloop
  endfacet
  facet normal 0 -1 0
    outer loop
      vertex 9.852885682970026 -10.800000000000002 60.099999999999994
      vertex 9.852885682970026 -10.800000000000002 64.6
      vertex 9.59254210369921 -10.800000000000002 64.0720754456429
    endloop
  endfacet
  facet normal 0 -1 0
    outer loop
      vertex 10.019930342449852 -10.800000000000002 59.849999999999994
      vertex 10.179909968689442 -10.800000000000002 65.08942643053923
      vertex 9.852885682970026 -10.800000000000002 64.6
    endloop
  endfacet
  facet normal 0 -1 0
    outer loop
      vertex 10.019930342449852 -10.800000000000002 59.849999999999994
      vertex 10.568019484660535 -10.800000000000002 65.53198051533946
      vertex 10.179909968689442 -10.800000000000002 65.08942643053923
    endloop
  endfacet
  facet normal 0 -1 0
    outer loop
      vertex 10.019930342449852 -10.800000000000002 59.849999999999994
      vertex 11.010573569460757 -10.800000000000002 65.92009003131055
      vertex 10.568019484660535 -10.800000000000002 65.53198051533946
    endloop
  endfacet
  facet normal 0 -1 0
    outer loop
      vertex 10.019930342449852 -10.800000000000002 59.849999999999994
      vertex 11.5 -10.800000000000002 66.24711431702997
      vertex 11.010573569460757 -10.800000000000002 65.92009003131055
    endloop
  endfacet
  facet normal 0 -1 0
    outer loop
      vertex 10.019930342449852 -10.800000000000002 59.849999999999994
      vertex 12.027924554357096 -10.800000000000002 66.50745789630078
      vertex 11.5 -10.800000000000002 66.24711431702997
    endloop
  endfacet
  facet normal 0 -1 0
    outer loop
      vertex 10.019930342449852 -10.800000000000002 59.849999999999994
      vertex 12.875 -10.800000000000002 60.83445554337722
      vertex 12.684667499234738 -10.800000000000002 60.96163165449033
    endloop
  endfacet
  facet normal 0 -1 0
    outer loop
      vertex 10.019930342449852 -10.800000000000002 59.849999999999994
      vertex 13.080303993361094 -10.800000000000002 60.733210818105235
      vertex 12.875 -10.800000000000002 60.83445554337722
    endloop
  endfacet
  facet normal 0 -1 0
    outer loop
      vertex 10.019930342449852 -10.800000000000002 59.849999999999994
      vertex 13.297066671070588 -10.800000000000002 60.65962980399412
      vertex 13.080303993361094 -10.800000000000002 60.733210818105235
    endloop
  endfacet
  facet normal 0 -1 0
    outer loop
      vertex 10.019930342449852 -10.800000000000002 59.849999999999994
      vertex 13.52157916361491 -10.800000000000002 60.61497149259583
      vertex 13.297066671070588 -10.800000000000002 60.65962980399412
    endloop
  endfacet
  facet normal 0 -1 0
    outer loop
      vertex 10.019930342449852 -10.800000000000002 59.849999999999994
      vertex 12.234455543377232 -10.800000000000002 61.474999999999994
      vertex 12.133210818105248 -10.800000000000002 61.68030399336108
    endloop
  endfacet
  facet normal 0 -1 0
    outer loop
      vertex 10.019930342449852 -10.800000000000002 59.849999999999994
      vertex 12.361631654490338 -10.800000000000002 61.28466749923473
      vertex 12.234455543377232 -10.800000000000002 61.474999999999994
    endloop
  endfacet
  facet normal 0 -1 0
    outer loop
      vertex 10.019930342449852 -10.800000000000002 59.849999999999994
      vertex 12.512563132923542 -10.800000000000002 61.112563132923526
      vertex 12.361631654490338 -10.800000000000002 61.28466749923473
    endloop
  endfacet
  facet normal 0 -1 0
    outer loop
      vertex 10.019930342449852 -10.800000000000002 59.849999999999994
      vertex 12.684667499234738 -10.800000000000002 60.96163165449033
      vertex 12.512563132923542 -10.800000000000002 61.112563132923526
    endloop
  endfacet
  facet normal 0 -1 0
    outer loop
      vertex 10.019930342449852 -10.800000000000002 59.849999999999994
      vertex 12.133210818105248 -10.800000000000002 63.019696006638895
      vertex 12.234455543377232 -10.800000000000002 63.224999999999994
    endloop
  endfacet
  facet normal 0 -1 0
    outer loop
      vertex 10.019930342449852 -10.800000000000002 59.849999999999994
      vertex 17.647114317029974 -10.800000000000002 60.099999999999994
      vertex 13.52157916361491 -10.800000000000002 60.61497149259583
    endloop
  endfacet
  facet normal -0.44228869021899225 0 0.8968727415326928
    outer loop
      vertex 12.027924554357096 -6.8000000000000025 66.50745789630078
      vertex 11.5 -10.800000000000002 66.24711431702997
      vertex 12.027924554357096 -10.800000000000002 66.50745789630078
    endloop
  endfacet
  facet normal -0.3214394653031772 0 0.9469301294951005
    outer loop
      vertex 12.585314297038657 -6.8000000000000025 66.6966662183008
      vertex 12.027924554357096 -10.800000000000002 66.50745789630078
      vertex 12.585314297038657 -10.800000000000002 66.6966662183008
    endloop
  endfacet
  facet normal -0.1950903220161117 0 0.9807852804032337
    outer loop
      vertex 13.162632135009767 -6.8000000000000025 66.81150187618213
      vertex 12.585314297038657 -10.800000000000002 66.6966662183008
      vertex 13.162632135009767 -10.800000000000002 66.81150187618213
    endloop
  endfacet
  facet normal -0.06540312923015403 -7.343428016398785e-19 0.9978589232386028
    outer loop
      vertex 13.162632135009767 -10.800000000000002 66.81150187618213
      vertex 13.75 -10.800000000000002 66.85
      vertex 13.75 -6.8000000000000025 66.85
    endloop
  endfacet
  facet normal 0 -1 0
    outer loop
      vertex 10.019930342449852 -10.800000000000002 59.849999999999994
      vertex 12.585314297038657 -10.800000000000002 66.6966662183008
      vertex 12.027924554357096 -10.800000000000002 66.50745789630078
    endloop
  endfacet
  facet normal 0 -1 0
    outer loop
      vertex 10.019930342449852 -10.800000000000002 59.849999999999994
      vertex 13.162632135009767 -10.800000000000002 66.81150187618213
      vertex 12.585314297038657 -10.800000000000002 66.6966662183008
    endloop
  endfacet
  facet normal 0 -1 0
    outer loop
      vertex 10.019930342449852 -10.800000000000002 59.849999999999994
      vertex 12.234455543377232 -10.800000000000002 63.224999999999994
      vertex 14.337367864990233 -10.800000000000002 66.81150187618213
    endloop
  endfacet
  facet normal 0 -1 0
    outer loop
      vertex 10.019930342449852 -10.800000000000002 59.849999999999994
      vertex 13.75 -10.800000000000002 66.85
      vertex 13.162632135009767 -10.800000000000002 66.81150187618213
    endloop
  endfacet
  facet normal 0 -1 0
    outer loop
      vertex 10.019930342449852 -10.800000000000002 59.849999999999994
      vertex 14.337367864990233 -10.800000000000002 66.81150187618213
      vertex 13.75 -10.800000000000002 66.85
    endloop
  endfacet
  facet normal 0 -1 0
    outer loop
      vertex 12.234455543377232 -10.800000000000002 63.224999999999994
      vertex 12.361631654490338 -10.800000000000002 63.415332500765246
      vertex 14.337367864990233 -10.800000000000002 66.81150187618213
    endloop
  endfacet
  facet normal 0 -1 0
    outer loop
      vertex 12.361631654490338 -10.800000000000002 63.415332500765246
      vertex 12.512563132923542 -10.800000000000002 63.58743686707645
      vertex 14.337367864990233 -10.800000000000002 66.81150187618213
    endloop
  endfacet
  facet normal 0 -1 0
    outer loop
      vertex 12.512563132923542 -10.800000000000002 63.58743686707645
      vertex 12.684667499234738 -10.800000000000002 63.738368345509656
      vertex 14.337367864990233 -10.800000000000002 66.81150187618213
    endloop
  endfacet
  facet normal 0 -1 0
    outer loop
      vertex 12.684667499234738 -10.800000000000002 63.738368345509656
      vertex 12.875 -10.800000000000002 63.86554445662276
      vertex 14.337367864990233 -10.800000000000002 66.81150187618213
    endloop
  endfacet
  facet normal 0 -1 0
    outer loop
      vertex 12.875 -10.800000000000002 63.86554445662276
      vertex 13.080303993361094 -10.800000000000002 63.96678918189474
      vertex 14.337367864990233 -10.800000000000002 66.81150187618213
    endloop
  endfacet
  facet normal 0 1 0
    outer loop
      vertex 9.852885682970026 -6.8000000000000025 60.099999999999994
      vertex 13.97842083638509 -6.8000000000000025 60.61497149259583
      vertex 17.480069657550146 -6.8000000000000025 59.849999999999994
    endloop
  endfacet
  facet normal 0 1 0
    outer loop
      vertex 13.97842083638509 -6.8000000000000025 60.61497149259583
      vertex 14.202933328929412 -6.8000000000000025 60.65962980399412
      vertex 17.480069657550146 -6.8000000000000025 59.849999999999994
    endloop
  endfacet
  facet normal 0 1 0
    outer loop
      vertex 14.202933328929412 -6.8000000000000025 60.65962980399412
      vertex 14.419696006638906 -6.8000000000000025 60.733210818105235
      vertex 17.480069657550146 -6.8000000000000025 59.849999999999994
    endloop
  endfacet
  facet normal 0 1 0
    outer loop
      vertex 14.419696006638906 -6.8000000000000025 60.733210818105235
      vertex 14.625 -6.8000000000000025 60.83445554337722
      vertex 17.480069657550146 -6.8000000000000025 59.849999999999994
    endloop
  endfacet
  facet normal 0 1 0
    outer loop
      vertex 14.625 -6.8000000000000025 60.83445554337722
      vertex 14.815332500765262 -6.8000000000000025 60.96163165449033
      vertex 17.480069657550146 -6.8000000000000025 59.849999999999994
    endloop
  endfacet
  facet normal 0 1 0
    outer loop
      vertex 14.815332500765262 -6.8000000000000025 60.96163165449033
      vertex 14.987436867076458 -6.8000000000000025 61.112563132923526
      vertex 17.480069657550146 -6.8000000000000025 59.849999999999994
    endloop
  endfacet
  facet normal 0 1 0
    outer loop
      vertex 14.987436867076458 -6.8000000000000025 61.112563132923526
      vertex 15.138368345509662 -6.8000000000000025 61.28466749923473
      vertex 17.480069657550146 -6.8000000000000025 59.849999999999994
    endloop
  endfacet
  facet normal 0 1 0
    outer loop
      vertex 15.138368345509662 -6.8000000000000025 61.28466749923473
      vertex 15.265544456622768 -6.8000000000000025 61.474999999999994
      vertex 17.480069657550146 -6.8000000000000025 59.849999999999994
    endloop
  endfacet
  facet normal 0 1 0
    outer loop
      vertex 15.265544456622768 -6.8000000000000025 61.474999999999994
      vertex 15.366789181894752 -6.8000000000000025 61.68030399336108
      vertex 17.480069657550146 -6.8000000000000025 59.849999999999994
    endloop
  endfacet
  facet normal 0 1 0
    outer loop
      vertex 15.366789181894752 -6.8000000000000025 63.019696006638895
      vertex 15.265544456622768 -6.8000000000000025 63.224999999999994
      vertex 17.480069657550146 -6.8000000000000025 59.849999999999994
    endloop
  endfacet
  facet normal 0 1 0
    outer loop
      vertex 13.162632135009767 -6.8000000000000025 66.81150187618213
      vertex 14.987436867076458 -6.8000000000000025 63.58743686707645
      vertex 14.815332500765262 -6.8000000000000025 63.738368345509656
    endloop
  endfacet
  facet normal 0 1 0
    outer loop
      vertex 13.162632135009767 -6.8000000000000025 66.81150187618213
      vertex 15.138368345509662 -6.8000000000000025 63.415332500765246
      vertex 14.987436867076458 -6.8000000000000025 63.58743686707645
    endloop
  endfacet
  facet normal 0 1 0
    outer loop
      vertex 13.162632135009767 -6.8000000000000025 66.81150187618213
      vertex 15.265544456622768 -6.8000000000000025 63.224999999999994
      vertex 15.138368345509662 -6.8000000000000025 63.415332500765246
    endloop
  endfacet
  facet normal 0 1 0
    outer loop
      vertex 13.162632135009767 -6.8000000000000025 66.81150187618213
      vertex 13.75 -6.8000000000000025 66.85
      vertex 17.480069657550146 -6.8000000000000025 59.849999999999994
    endloop
  endfacet
  facet normal 0 1 0
    outer loop
      vertex 13.162632135009767 -6.8000000000000025 66.81150187618213
      vertex 14.625 -6.8000000000000025 63.86554445662276
      vertex 14.419696006638906 -6.8000000000000025 63.96678918189474
    endloop
  endfacet
  facet normal 0 1 0
    outer loop
      vertex 13.162632135009767 -6.8000000000000025 66.81150187618213
      vertex 14.815332500765262 -6.8000000000000025 63.738368345509656
      vertex 14.625 -6.8000000000000025 63.86554445662276
    endloop
  endfacet
  facet normal 0 1 0
    outer loop
      vertex 13.162632135009767 -6.8000000000000025 66.81150187618213
      vertex 17.480069657550146 -6.8000000000000025 59.849999999999994
      vertex 15.265544456622768 -6.8000000000000025 63.224999999999994
    endloop
  endfacet
  facet normal 0 1 0
    outer loop
      vertex 13.75 -6.8000000000000025 66.85
      vertex 14.337367864990233 -6.8000000000000025 66.81150187618213
      vertex 17.480069657550146 -6.8000000000000025 59.849999999999994
    endloop
  endfacet
  facet normal 0 1 0
    outer loop
      vertex 14.337367864990233 -6.8000000000000025 66.81150187618213
      vertex 14.914685702961343 -6.8000000000000025 66.6966662183008
      vertex 17.480069657550146 -6.8000000000000025 59.849999999999994
    endloop
  endfacet
  facet normal 0 1 0
    outer loop
      vertex 14.914685702961343 -6.8000000000000025 66.6966662183008
      vertex 15.472075445642904 -6.8000000000000025 66.50745789630078
      vertex 17.480069657550146 -6.8000000000000025 59.849999999999994
    endloop
  endfacet
  facet normal 0.06540312923015403 0 0.9978589232386028
    outer loop
      vertex 13.75 -6.8000000000000025 66.85
      vertex 13.75 -10.800000000000002 66.85
      vertex 14.337367864990233 -6.8000000000000025 66.81150187618213
    endloop
  endfacet
  facet normal 0.1950903220161117 0 0.9807852804032337
    outer loop
      vertex 14.337367864990233 -6.8000000000000025 66.81150187618213
      vertex 14.337367864990233 -10.800000000000002 66.81150187618213
      vertex 14.914685702961343 -6.8000000000000025 66.6966662183008
    endloop
  endfacet
  facet normal 0.3214394653031772 0 0.9469301294951005
    outer loop
      vertex 14.914685702961343 -6.8000000000000025 66.6966662183008
      vertex 14.914685702961343 -10.800000000000002 66.6966662183008
      vertex 15.472075445642904 -6.8000000000000025 66.50745789630078
    endloop
  endfacet
  facet normal 0.44228869021899225 0 0.8968727415326928
    outer loop
      vertex 15.472075445642904 -6.8000000000000025 66.50745789630078
      vertex 15.472075445642904 -10.800000000000002 66.50745789630078
      vertex 16 -6.8000000000000025 66.24711431702997
    endloop
  endfacet
  facet normal 0 1 0
    outer loop
      vertex 15.366789181894752 -6.8000000000000025 61.68030399336108
      vertex 15.440370196005869 -6.8000000000000025 61.897066671070576
      vertex 17.480069657550146 -6.8000000000000025 59.849999999999994
    endloop
  endfacet
  facet normal 0 1 0
    outer loop
      vertex 15.440370196005869 -6.8000000000000025 61.897066671070576
      vertex 15.485028507404168 -6.8000000000000025 62.121579163614896
      vertex 17.480069657550146 -6.8000000000000025 59.849999999999994
    endloop
  endfacet
  facet normal 0 1 0
    outer loop
      vertex 15.485028507404168 -6.8000000000000025 62.121579163614896
      vertex 15.5 -6.8000000000000025 62.349999999999994
      vertex 17.480069657550146 -6.8000000000000025 59.849999999999994
    endloop
  endfacet
  facet normal 0 1 0
    outer loop
      vertex 15.5 -6.8000000000000025 62.349999999999994
      vertex 15.485028507404168 -6.8000000000000025 62.57842083638508
      vertex 17.480069657550146 -6.8000000000000025 59.849999999999994
    endloop
  endfacet
  facet normal 0 1 0
    outer loop
      vertex 15.485028507404168 -6.8000000000000025 62.57842083638508
      vertex 15.440370196005869 -6.8000000000000025 62.8029333289294
      vertex 17.480069657550146 -6.8000000000000025 59.849999999999994
    endloop
  endfacet
  facet normal 0 1 0
    outer loop
      vertex 15.440370196005869 -6.8000000000000025 62.8029333289294
      vertex 15.366789181894752 -6.8000000000000025 63.019696006638895
      vertex 17.480069657550146 -6.8000000000000025 59.849999999999994
    endloop
  endfacet
  facet normal 0 1 0
    outer loop
      vertex 17.480069657550146 -6.8000000000000025 59.849999999999994
      vertex 17.647114317029974 -6.8000000000000025 64.6
      vertex 17.647114317029974 -6.8000000000000025 60.099999999999994
    endloop
  endfacet
  facet normal 0 1 0
    outer loop
      vertex 17.647114317029974 -6.8000000000000025 60.099999999999994
      vertex 17.90745789630079 -6.8000000000000025 64.0720754456429
      vertex 17.90745789630079 -6.8000000000000025 60.627924554357094
    endloop
  endfacet
  facet normal 0 1 0
    outer loop
      vertex 17.90745789630079 -6.8000000000000025 60.627924554357094
      vertex 18.096666218300808 -6.8000000000000025 63.51468570296133
      vertex 18.096666218300808 -6.8000000000000025 61.185314297038644
    endloop
  endfacet
  facet normal 0 1 0
    outer loop
      vertex 18.096666218300808 -6.8000000000000025 61.185314297038644
      vertex 18.211501876182147 -6.8000000000000025 62.93736786499022
      vertex 18.211501876182147 -6.8000000000000025 61.76263213500975
    endloop
  endfacet
  facet normal 0 1 0
    outer loop
      vertex 18.211501876182147 -6.8000000000000025 61.76263213500975
      vertex 18.211501876182147 -6.8000000000000025 62.93736786499022
      vertex 18.25 -6.8000000000000025 62.349999999999994
    endloop
  endfacet
  facet normal 0 1 0
    outer loop
      vertex 18.096666218300808 -6.8000000000000025 61.185314297038644
      vertex 18.096666218300808 -6.8000000000000025 63.51468570296133
      vertex 18.211501876182147 -6.8000000000000025 62.93736786499022
    endloop
  endfacet
  facet normal 0.8314696123025405 0 -0.5555702330196094
    outer loop
      vertex 17.480069657550146 -6.8000000000000025 59.849999999999994
      vertex 17.647114317029974 -6.8000000000000025 60.099999999999994
      vertex 17.480069657550146 -10.800000000000002 59.849999999999994
    endloop
  endfacet
  facet normal 0.896872741532689 0 -0.44228869021899947
    outer loop
      vertex 17.647114317029974 -6.8000000000000025 60.099999999999994
      vertex 17.90745789630079 -6.8000000000000025 60.627924554357094
      vertex 17.647114317029974 -10.800000000000002 60.099999999999994
    endloop
  endfacet
  facet normal 0.9469301294951041 0 -0.32143946530316647
    outer loop
      vertex 17.90745789630079 -6.8000000000000025 60.627924554357094
      vertex 18.096666218300808 -6.8000000000000025 61.185314297038644
      vertex 17.90745789630079 -10.800000000000002 60.627924554357094
    endloop
  endfacet
  facet normal 0.9807852804032301 0 -0.19509032201612972
    outer loop
      vertex 18.096666218300808 -6.8000000000000025 61.185314297038644
      vertex 18.211501876182147 -6.8000000000000025 61.76263213500975
      vertex 18.096666218300808 -10.800000000000002 61.185314297038644
    endloop
  endfacet
  facet normal 0.9978589232386036 0 -0.06540312923014101
    outer loop
      vertex 18.211501876182147 -6.8000000000000025 61.76263213500975
      vertex 18.25 -6.8000000000000025 62.349999999999994
      vertex 18.211501876182147 -10.800000000000002 61.76263213500975
    endloop
  endfacet
  facet normal 0.9978589232386035 0 0.06540312923014259
    outer loop
      vertex 18.25 -6.8000000000000025 62.349999999999994
      vertex 18.211501876182147 -6.8000000000000025 62.93736786499022
      vertex 18.25 -10.800000000000002 62.349999999999994
    endloop
  endfacet
  facet normal 0 1 0
    outer loop
      vertex 15.472075445642904 -6.8000000000000025 66.50745789630078
      vertex 16 -6.8000000000000025 66.24711431702997
      vertex 17.480069657550146 -6.8000000000000025 59.849999999999994
    endloop
  endfacet
  facet normal 0 1 0
    outer loop
      vertex 16 -6.8000000000000025 66.24711431702997
      vertex 16.489426430539243 -6.8000000000000025 65.92009003131055
      vertex 17.480069657550146 -6.8000000000000025 59.849999999999994
    endloop
  endfacet
  facet normal 0 1 0
    outer loop
      vertex 17.480069657550146 -6.8000000000000025 59.849999999999994
      vertex 16.489426430539243 -6.8000000000000025 65.92009003131055
      vertex 16.931980515339465 -6.8000000000000025 65.53198051533946
    endloop
  endfacet
  facet normal 0 1 0
    outer loop
      vertex 17.480069657550146 -6.8000000000000025 59.849999999999994
      vertex 17.320090031310556 -6.8000000000000025 65.08942643053923
      vertex 17.647114317029974 -6.8000000000000025 64.6
    endloop
  endfacet
  facet normal 0 1 0
    outer loop
      vertex 17.480069657550146 -6.8000000000000025 59.849999999999994
      vertex 16.931980515339465 -6.8000000000000025 65.53198051533946
      vertex 17.320090031310556 -6.8000000000000025 65.08942643053923
    endloop
  endfacet
  facet normal 0 1 0
    outer loop
      vertex 17.647114317029974 -6.8000000000000025 60.099999999999994
      vertex 17.647114317029974 -6.8000000000000025 64.6
      vertex 17.90745789630079 -6.8000000000000025 64.0720754456429
    endloop
  endfacet
  facet normal 0 1 0
    outer loop
      vertex 17.90745789630079 -6.8000000000000025 60.627924554357094
      vertex 17.90745789630079 -6.8000000000000025 64.0720754456429
      vertex 18.096666218300808 -6.8000000000000025 63.51468570296133
    endloop
  endfacet
  facet normal 0.6593458151000693 0 0.7518398074789769
    outer loop
      vertex 16.489426430539243 -6.8000000000000025 65.92009003131055
      vertex 16.489426430539243 -10.800000000000002 65.92009003131055
      vertex 16.931980515339465 -6.8000000000000025 65.53198051533946
    endloop
  endfacet
  facet normal 0.5555702330196042 0 0.8314696123025439
    outer loop
      vertex 16 -6.8000000000000025 66.24711431702997
      vertex 16 -10.800000000000002 66.24711431702997
      vertex 16.489426430539243 -6.8000000000000025 65.92009003131055
    endloop
  endfacet
  facet normal 0.75183980747898 5.1416407641542625e-18 0.659345815100066
    outer loop
      vertex 16.931980515339465 -6.8000000000000025 65.53198051533946
      vertex 17.320090031310556 -10.800000000000002 65.08942643053923
      vertex 17.320090031310556 -6.8000000000000025 65.08942643053923
    endloop
  endfacet
  facet normal 0.9469301294951065 0 0.32143946530315903
    outer loop
      vertex 18.096666218300808 -6.8000000000000025 63.51468570296133
      vertex 17.90745789630079 -6.8000000000000025 64.0720754456429
      vertex 18.096666218300808 -10.800000000000002 63.51468570296133
    endloop
  endfacet
  facet normal 0.9807852804032301 0 0.19509032201612972
    outer loop
      vertex 18.211501876182147 -6.8000000000000025 62.93736786499022
      vertex 18.096666218300808 -6.8000000000000025 63.51468570296133
      vertex 18.211501876182147 -10.800000000000002 62.93736786499022
    endloop
  endfacet
  facet normal 0.896872741532689 -8.02195557748726e-19 0.44228869021899947
    outer loop
      vertex 17.647114317029974 -6.8000000000000025 64.6
      vertex 17.90745789630079 -10.800000000000002 64.0720754456429
      vertex 17.90745789630079 -6.8000000000000025 64.0720754456429
    endloop
  endfacet
  facet normal 0.831469612302542 0 0.5555702330196071
    outer loop
      vertex 17.647114317029974 -6.8000000000000025 64.6
      vertex 17.320090031310556 -6.8000000000000025 65.08942643053923
      vertex 17.647114317029974 -10.800000000000002 64.6
    endloop
  endfacet
  facet normal 0 -1 0
    outer loop
      vertex 10.019930342449852 -10.800000000000002 59.849999999999994
      vertex 17.480069657550146 -10.800000000000002 59.849999999999994
      vertex 17.647114317029974 -10.800000000000002 60.099999999999994
    endloop
  endfacet
  facet normal 0 -1 0
    outer loop
      vertex 13.52157916361491 -10.800000000000002 60.61497149259583
      vertex 17.647114317029974 -10.800000000000002 60.099999999999994
      vertex 13.75 -10.800000000000002 60.599999999999994
    endloop
  endfacet
  facet normal 0 -1 0
    outer loop
      vertex 13.75 -10.800000000000002 60.599999999999994
      vertex 17.647114317029974 -10.800000000000002 60.099999999999994
      vertex 13.97842083638509 -10.800000000000002 60.61497149259583
    endloop
  endfacet
  facet normal 0 -1 0
    outer loop
      vertex 13.97842083638509 -10.800000000000002 60.61497149259583
      vertex 17.647114317029974 -10.800000000000002 60.099999999999994
      vertex 14.202933328929412 -10.800000000000002 60.65962980399412
    endloop
  endfacet
  facet normal 0 -1 0
    outer loop
      vertex 14.202933328929412 -10.800000000000002 60.65962980399412
      vertex 17.647114317029974 -10.800000000000002 60.099999999999994
      vertex 14.419696006638906 -10.800000000000002 60.733210818105235
    endloop
  endfacet
  facet normal 0 -1 0
    outer loop
      vertex 14.419696006638906 -10.800000000000002 60.733210818105235
      vertex 17.647114317029974 -10.800000000000002 60.099999999999994
      vertex 14.625 -10.800000000000002 60.83445554337722
    endloop
  endfacet
  facet normal 0 -1 0
    outer loop
      vertex 14.625 -10.800000000000002 60.83445554337722
      vertex 17.647114317029974 -10.800000000000002 60.099999999999994
      vertex 14.815332500765262 -10.800000000000002 60.96163165449033
    endloop
  endfacet
  facet normal 0 -1 0
    outer loop
      vertex 14.815332500765262 -10.800000000000002 60.96163165449033
      vertex 17.647114317029974 -10.800000000000002 60.099999999999994
      vertex 14.987436867076458 -10.800000000000002 61.112563132923526
    endloop
  endfacet
  facet normal 0 -1 0
    outer loop
      vertex 14.987436867076458 -10.800000000000002 61.112563132923526
      vertex 17.647114317029974 -10.800000000000002 60.099999999999994
      vertex 15.138368345509662 -10.800000000000002 61.28466749923473
    endloop
  endfacet
  facet normal 0 -1 0
    outer loop
      vertex 15.138368345509662 -10.800000000000002 61.28466749923473
      vertex 17.647114317029974 -10.800000000000002 60.099999999999994
      vertex 15.265544456622768 -10.800000000000002 61.474999999999994
    endloop
  endfacet
  facet normal 0.06540312923015403 0 0.9978589232386028
    outer loop
      vertex 14.337367864990233 -6.8000000000000025 66.81150187618213
      vertex 13.75 -10.800000000000002 66.85
      vertex 14.337367864990233 -10.800000000000002 66.81150187618213
    endloop
  endfacet
  facet normal 0.1950903220161117 0 0.9807852804032337
    outer loop
      vertex 14.914685702961343 -6.8000000000000025 66.6966662183008
      vertex 14.337367864990233 -10.800000000000002 66.81150187618213
      vertex 14.914685702961343 -10.800000000000002 66.6966662183008
    endloop
  endfacet
  facet normal 0.3214394653031772 0 0.9469301294951005
    outer loop
      vertex 15.472075445642904 -6.8000000000000025 66.50745789630078
      vertex 14.914685702961343 -10.800000000000002 66.6966662183008
      vertex 15.472075445642904 -10.800000000000002 66.50745789630078
    endloop
  endfacet
  facet normal 0.44228869021899225 0 0.8968727415326928
    outer loop
      vertex 16 -6.8000000000000025 66.24711431702997
      vertex 15.472075445642904 -10.800000000000002 66.50745789630078
      vertex 16 -10.800000000000002 66.24711431702997
    endloop
  endfacet
  facet normal 0 -1 0
    outer loop
      vertex 14.202933328929412 -10.800000000000002 64.04037019600587
      vertex 14.419696006638906 -10.800000000000002 63.96678918189474
      vertex 16 -10.800000000000002 66.24711431702997
    endloop
  endfacet
  facet normal 0 -1 0
    outer loop
      vertex 13.080303993361094 -10.800000000000002 63.96678918189474
      vertex 13.297066671070588 -10.800000000000002 64.04037019600587
      vertex 14.914685702961343 -10.800000000000002 66.6966662183008
    endloop
  endfacet
  facet normal 0 -1 0
    outer loop
      vertex 13.297066671070588 -10.800000000000002 64.04037019600587
      vertex 13.52157916361491 -10.800000000000002 64.08502850740416
      vertex 14.914685702961343 -10.800000000000002 66.6966662183008
    endloop
  endfacet
  facet normal 0 -1 0
    outer loop
      vertex 13.52157916361491 -10.800000000000002 64.08502850740416
      vertex 13.75 -10.800000000000002 64.1
      vertex 15.472075445642904 -10.800000000000002 66.50745789630078
    endloop
  endfacet
  facet normal 0 -1 0
    outer loop
      vertex 13.080303993361094 -10.800000000000002 63.96678918189474
      vertex 14.914685702961343 -10.800000000000002 66.6966662183008
      vertex 14.337367864990233 -10.800000000000002 66.81150187618213
    endloop
  endfacet
  facet normal 0 -1 0
    outer loop
      vertex 13.75 -10.800000000000002 64.1
      vertex 13.97842083638509 -10.800000000000002 64.08502850740416
      vertex 15.472075445642904 -10.800000000000002 66.50745789630078
    endloop
  endfacet
  facet normal 0 -1 0
    outer loop
      vertex 13.97842083638509 -10.800000000000002 64.08502850740416
      vertex 14.202933328929412 -10.800000000000002 64.04037019600587
      vertex 15.472075445642904 -10.800000000000002 66.50745789630078
    endloop
  endfacet
  facet normal 0 -1 0
    outer loop
      vertex 13.52157916361491 -10.800000000000002 64.08502850740416
      vertex 15.472075445642904 -10.800000000000002 66.50745789630078
      vertex 14.914685702961343 -10.800000000000002 66.6966662183008
    endloop
  endfacet
  facet normal 0 -1 0
    outer loop
      vertex 14.419696006638906 -10.800000000000002 63.96678918189474
      vertex 14.625 -10.800000000000002 63.86554445662276
      vertex 16.489426430539243 -10.800000000000002 65.92009003131055
    endloop
  endfacet
  facet normal 0 -1 0
    outer loop
      vertex 14.625 -10.800000000000002 63.86554445662276
      vertex 14.815332500765262 -10.800000000000002 63.738368345509656
      vertex 16.489426430539243 -10.800000000000002 65.92009003131055
    endloop
  endfacet
  facet normal 0 -1 0
    outer loop
      vertex 15.440370196005869 -10.800000000000002 62.8029333289294
      vertex 17.320090031310556 -10.800000000000002 65.08942643053923
      vertex 15.366789181894752 -10.800000000000002 63.019696006638895
    endloop
  endfacet
  facet normal 0 -1 0
    outer loop
      vertex 14.987436867076458 -10.800000000000002 63.58743686707645
      vertex 15.138368345509662 -10.800000000000002 63.415332500765246
      vertex 16.931980515339465 -10.800000000000002 65.53198051533946
    endloop
  endfacet
  facet normal 0 -1 0
    outer loop
      vertex 14.815332500765262 -10.800000000000002 63.738368345509656
      vertex 14.987436867076458 -10.800000000000002 63.58743686707645
      vertex 16.931980515339465 -10.800000000000002 65.53198051533946
    endloop
  endfacet
  facet normal 0 -1 0
    outer loop
      vertex 15.138368345509662 -10.800000000000002 63.415332500765246
      vertex 15.265544456622768 -10.800000000000002 63.224999999999994
      vertex 17.320090031310556 -10.800000000000002 65.08942643053923
    endloop
  endfacet
  facet normal 0 -1 0
    outer loop
      vertex 15.366789181894752 -10.800000000000002 63.019696006638895
      vertex 17.320090031310556 -10.800000000000002 65.08942643053923
      vertex 15.265544456622768 -10.800000000000002 63.224999999999994
    endloop
  endfacet
  facet normal 0 -1 0
    outer loop
      vertex 14.202933328929412 -10.800000000000002 64.04037019600587
      vertex 16 -10.800000000000002 66.24711431702997
      vertex 15.472075445642904 -10.800000000000002 66.50745789630078
    endloop
  endfacet
  facet normal 0 -1 0
    outer loop
      vertex 14.419696006638906 -10.800000000000002 63.96678918189474
      vertex 16.489426430539243 -10.800000000000002 65.92009003131055
      vertex 16 -10.800000000000002 66.24711431702997
    endloop
  endfacet
  facet normal 0.8314696123025405 0 -0.5555702330196094
    outer loop
      vertex 17.647114317029974 -6.8000000000000025 60.099999999999994
      vertex 17.647114317029974 -10.800000000000002 60.099999999999994
      vertex 17.480069657550146 -10.800000000000002 59.849999999999994
    endloop
  endfacet
  facet normal 0.896872741532689 0 -0.44228869021899947
    outer loop
      vertex 17.90745789630079 -6.8000000000000025 60.627924554357094
      vertex 17.90745789630079 -10.800000000000002 60.627924554357094
      vertex 17.647114317029974 -10.800000000000002 60.099999999999994
    endloop
  endfacet
  facet normal 0.9469301294951041 0 -0.32143946530316647
    outer loop
      vertex 18.096666218300808 -6.8000000000000025 61.185314297038644
      vertex 18.096666218300808 -10.800000000000002 61.185314297038644
      vertex 17.90745789630079 -10.800000000000002 60.627924554357094
    endloop
  endfacet
  facet normal 0.9807852804032301 0 -0.19509032201612972
    outer loop
      vertex 18.211501876182147 -6.8000000000000025 61.76263213500975
      vertex 18.211501876182147 -10.800000000000002 61.76263213500975
      vertex 18.096666218300808 -10.800000000000002 61.185314297038644
    endloop
  endfacet
  facet normal 0.9978589232386036 0 -0.06540312923014101
    outer loop
      vertex 18.25 -6.8000000000000025 62.349999999999994
      vertex 18.25 -10.800000000000002 62.349999999999994
      vertex 18.211501876182147 -10.800000000000002 61.76263213500975
    endloop
  endfacet
  facet normal 0 -1 0
    outer loop
      vertex 15.265544456622768 -10.800000000000002 61.474999999999994
      vertex 17.647114317029974 -10.800000000000002 60.099999999999994
      vertex 15.366789181894752 -10.800000000000002 61.68030399336108
    endloop
  endfacet
  facet normal 0 -1 0
    outer loop
      vertex 15.366789181894752 -10.800000000000002 61.68030399336108
      vertex 17.647114317029974 -10.800000000000002 60.099999999999994
      vertex 15.440370196005869 -10.800000000000002 61.897066671070576
    endloop
  endfacet
  facet normal 0 -1 0
    outer loop
      vertex 15.440370196005869 -10.800000000000002 61.897066671070576
      vertex 17.647114317029974 -10.800000000000002 60.099999999999994
      vertex 15.485028507404168 -10.800000000000002 62.121579163614896
    endloop
  endfacet
  facet normal 0 -1 0
    outer loop
      vertex 15.485028507404168 -10.800000000000002 62.121579163614896
      vertex 17.647114317029974 -10.800000000000002 60.099999999999994
      vertex 15.5 -10.800000000000002 62.349999999999994
    endloop
  endfacet
  facet normal 0 -1 0
    outer loop
      vertex 15.485028507404168 -10.800000000000002 62.57842083638508
      vertex 17.647114317029974 -10.800000000000002 60.099999999999994
      vertex 15.440370196005869 -10.800000000000002 62.8029333289294
    endloop
  endfacet
  facet normal 0 -1 0
    outer loop
      vertex 15.5 -10.800000000000002 62.349999999999994
      vertex 17.647114317029974 -10.800000000000002 60.099999999999994
      vertex 15.485028507404168 -10.800000000000002 62.57842083638508
    endloop
  endfacet
  facet normal 0 -1 0
    outer loop
      vertex 15.440370196005869 -10.800000000000002 62.8029333289294
      vertex 17.647114317029974 -10.800000000000002 60.099999999999994
      vertex 17.320090031310556 -10.800000000000002 65.08942643053923
    endloop
  endfacet
  facet normal 0 -1 0
    outer loop
      vertex 17.647114317029974 -10.800000000000002 60.099999999999994
      vertex 17.90745789630079 -10.800000000000002 60.627924554357094
      vertex 17.647114317029974 -10.800000000000002 64.6
    endloop
  endfacet
  facet normal 0 -1 0
    outer loop
      vertex 17.90745789630079 -10.800000000000002 60.627924554357094
      vertex 18.096666218300808 -10.800000000000002 61.185314297038644
      vertex 17.90745789630079 -10.800000000000002 64.0720754456429
    endloop
  endfacet
  facet normal 0 -1 0
    outer loop
      vertex 18.096666218300808 -10.800000000000002 61.185314297038644
      vertex 18.211501876182147 -10.800000000000002 61.76263213500975
      vertex 18.096666218300808 -10.800000000000002 63.51468570296133
    endloop
  endfacet
  facet normal 0 -1 0
    outer loop
      vertex 18.211501876182147 -10.800000000000002 61.76263213500975
      vertex 18.25 -10.800000000000002 62.349999999999994
      vertex 18.211501876182147 -10.800000000000002 62.93736786499022
    endloop
  endfacet
  facet normal 0.5555702330196042 0 0.8314696123025439
    outer loop
      vertex 16.489426430539243 -6.8000000000000025 65.92009003131055
      vertex 16 -10.800000000000002 66.24711431702997
      vertex 16.489426430539243 -10.800000000000002 65.92009003131055
    endloop
  endfacet
  facet normal 0.6593458151000693 0 0.7518398074789769
    outer loop
      vertex 16.931980515339465 -6.8000000000000025 65.53198051533946
      vertex 16.489426430539243 -10.800000000000002 65.92009003131055
      vertex 16.931980515339465 -10.800000000000002 65.53198051533946
    endloop
  endfacet
  facet normal 0.75183980747898 0 0.659345815100066
    outer loop
      vertex 16.931980515339465 -6.8000000000000025 65.53198051533946
      vertex 16.931980515339465 -10.800000000000002 65.53198051533946
      vertex 17.320090031310556 -10.800000000000002 65.08942643053923
    endloop
  endfacet
  facet normal 0.896872741532689 0 0.44228869021899947
    outer loop
      vertex 17.647114317029974 -6.8000000000000025 64.6
      vertex 17.647114317029974 -10.800000000000002 64.6
      vertex 17.90745789630079 -10.800000000000002 64.0720754456429
    endloop
  endfacet
  facet normal 0.9978589232386035 0 0.06540312923014259
    outer loop
      vertex 18.211501876182147 -6.8000000000000025 62.93736786499022
      vertex 18.211501876182147 -10.800000000000002 62.93736786499022
      vertex 18.25 -10.800000000000002 62.349999999999994
    endloop
  endfacet
  facet normal 0.9807852804032301 0 0.19509032201612972
    outer loop
      vertex 18.096666218300808 -6.8000000000000025 63.51468570296133
      vertex 18.096666218300808 -10.800000000000002 63.51468570296133
      vertex 18.211501876182147 -10.800000000000002 62.93736786499022
    endloop
  endfacet
  facet normal 0.9469301294951065 0 0.32143946530315903
    outer loop
      vertex 17.90745789630079 -6.8000000000000025 64.0720754456429
      vertex 17.90745789630079 -10.800000000000002 64.0720754456429
      vertex 18.096666218300808 -10.800000000000002 63.51468570296133
    endloop
  endfacet
  facet normal 0.831469612302542 0 0.5555702330196071
    outer loop
      vertex 17.320090031310556 -6.8000000000000025 65.08942643053923
      vertex 17.320090031310556 -10.800000000000002 65.08942643053923
      vertex 17.647114317029974 -10.800000000000002 64.6
    endloop
  endfacet
  facet normal 0 -1 0
    outer loop
      vertex 15.138368345509662 -10.800000000000002 63.415332500765246
      vertex 17.320090031310556 -10.800000000000002 65.08942643053923
      vertex 16.931980515339465 -10.800000000000002 65.53198051533946
    endloop
  endfacet
  facet normal 0 -1 0
    outer loop
      vertex 14.815332500765262 -10.800000000000002 63.738368345509656
      vertex 16.931980515339465 -10.800000000000002 65.53198051533946
      vertex 16.489426430539243 -10.800000000000002 65.92009003131055
    endloop
  endfacet
  facet normal 0 -1 0
    outer loop
      vertex 17.647114317029974 -10.800000000000002 60.099999999999994
      vertex 17.647114317029974 -10.800000000000002 64.6
      vertex 17.320090031310556 -10.800000000000002 65.08942643053923
    endloop
  endfacet
  facet normal 0 -1 0
    outer loop
      vertex 17.90745789630079 -10.800000000000002 60.627924554357094
      vertex 17.90745789630079 -10.800000000000002 64.0720754456429
      vertex 17.647114317029974 -10.800000000000002 64.6
    endloop
  endfacet
  facet normal 0 -1 0
    outer loop
      vertex 18.096666218300808 -10.800000000000002 61.185314297038644
      vertex 18.096666218300808 -10.800000000000002 63.51468570296133
      vertex 17.90745789630079 -10.800000000000002 64.0720754456429
    endloop
  endfacet
  facet normal 0 -1 0
    outer loop
      vertex 18.211501876182147 -10.800000000000002 61.76263213500975
      vertex 18.211501876182147 -10.800000000000002 62.93736786499022
      vertex 18.096666218300808 -10.800000000000002 63.51468570296133
    endloop
  endfacet
  facet normal 0.9469301294951035 -2.158937797390083e-18 0.32143946530316775
    outer loop
      vertex -0.41581929876693 -19.500000000000004 19.405974851452363
      vertex -0.47888873943360255 -19.500000000000004 19.591771432346214
      vertex -0.47888873943360255 -21.300000000000004 19.591771432346214
    endloop
  endfacet
  facet normal 0.9807852804032314 0 0.19509032201612364
    outer loop
      vertex -0.5171672920607155 -19.500000000000004 19.78421071166992
      vertex -0.5171672920607155 -21.300000000000004 19.78421071166992
      vertex -0.47888873943360255 -19.500000000000004 19.591771432346214
    endloop
  endfacet
  facet normal 0.8314696123025456 0 0.5555702330196016
    outer loop
      vertex -0.32903810567665803 -19.500000000000004 19.229999999999997
      vertex -0.32903810567665803 -21.300000000000004 19.229999999999997
      vertex -0.22003001043685289 -19.500000000000004 19.066857856486916
    endloop
  endfacet
  facet normal 0.7518398074789804 0 0.6593458151000655
    outer loop
      vertex -0.22003001043685289 -19.500000000000004 19.066857856486916
      vertex -0.22003001043685289 -21.300000000000004 19.066857856486916
      vertex -0.09066017177982144 -19.500000000000004 18.919339828220174
    endloop
  endfacet
  facet normal 0.8968727415326897 0 0.4422886902189983
    outer loop
      vertex -0.41581929876693 -19.500000000000004 19.405974851452363
      vertex -0.41581929876693 -21.300000000000004 19.405974851452363
      vertex -0.32903810567665803 -19.500000000000004 19.229999999999997
    endloop
  endfacet
  facet normal 0.9978589232386035 3.489410082912357e-19 0.0654031292301441
    outer loop
      vertex -0.5171672920607155 -19.500000000000004 19.78421071166992
      vertex -0.53 -19.500000000000004 19.979999999999997
      vertex -0.53 -21.300000000000004 19.979999999999997
    endloop
  endfacet
  facet normal 0.9469301294951035 0 0.32143946530316775
    outer loop
      vertex -0.41581929876693 -19.500000000000004 19.405974851452363
      vertex -0.47888873943360255 -21.300000000000004 19.591771432346214
      vertex -0.41581929876693 -21.300000000000004 19.405974851452363
    endloop
  endfacet
  facet normal 0.9807852804032314 0 0.19509032201612364
    outer loop
      vertex -0.47888873943360255 -19.500000000000004 19.591771432346214
      vertex -0.5171672920607155 -21.300000000000004 19.78421071166992
      vertex -0.47888873943360255 -21.300000000000004 19.591771432346214
    endloop
  endfacet
  facet normal 0.8968727415326897 0 0.4422886902189983
    outer loop
      vertex -0.32903810567665803 -19.500000000000004 19.229999999999997
      vertex -0.41581929876693 -21.300000000000004 19.405974851452363
      vertex -0.32903810567665803 -21.300000000000004 19.229999999999997
    endloop
  endfacet
  facet normal 0.7518398074789804 2.383465825830714e-18 0.6593458151000655
    outer loop
      vertex -0.22003001043685289 -21.300000000000004 19.066857856486916
      vertex -0.09066017177982144 -21.300000000000004 18.919339828220174
      vertex -0.09066017177982144 -19.500000000000004 18.919339828220174
    endloop
  endfacet
  facet normal 0.8314696123025456 0 0.5555702330196016
    outer loop
      vertex -0.22003001043685289 -19.500000000000004 19.066857856486916
      vertex -0.32903810567665803 -21.300000000000004 19.229999999999997
      vertex -0.22003001043685289 -21.300000000000004 19.066857856486916
    endloop
  endfacet
  facet normal 0.9978589232386035 0 0.0654031292301441
    outer loop
      vertex -0.5171672920607155 -19.500000000000004 19.78421071166992
      vertex -0.53 -21.300000000000004 19.979999999999997
      vertex -0.5171672920607155 -21.300000000000004 19.78421071166992
    endloop
  endfacet
  facet normal 1 0 0
    outer loop
      vertex -0.53 -19.500000000000004 19.979999999999997
      vertex -0.53 -21.300000000000004 48.599999999999994
      vertex -0.53 -21.300000000000004 19.979999999999997
    endloop
  endfacet
  facet normal 0.5555702330196003 0 0.8314696123025466
    outer loop
      vertex 0.05685785648691899 -19.500000000000004 18.789969989563144
      vertex 0.05685785648691899 -21.300000000000004 18.789969989563144
      vertex 0.21999999999999997 -19.500000000000004 18.68096189432334
    endloop
  endfacet
  facet normal 0.44228869021899697 0 0.8968727415326905
    outer loop
      vertex 0.21999999999999997 -19.500000000000004 18.68096189432334
      vertex 0.21999999999999997 -21.300000000000004 18.68096189432334
      vertex 0.39597485145236533 -19.500000000000004 18.594180701233068
    endloop
  endfacet
  facet normal 0.32143946530316664 0 0.946930129495104
    outer loop
      vertex 0.39597485145236533 -19.500000000000004 18.594180701233068
      vertex 0.39597485145236533 -21.300000000000004 18.594180701233068
      vertex 0.5817714323462189 -19.500000000000004 18.531111260566394
    endloop
  endfacet
  facet normal 0.19509032201612297 0 0.9807852804032315
    outer loop
      vertex 0.5817714323462189 -19.500000000000004 18.531111260566394
      vertex 0.5817714323462189 -21.300000000000004 18.531111260566394
      vertex 0.7742107116699226 -19.500000000000004 18.492832707939282
    endloop
  endfacet
  facet normal 0.06540312923014809 0 0.9978589232386031
    outer loop
      vertex 0.7742107116699226 -19.500000000000004 18.492832707939282
      vertex 0.7742107116699226 -21.300000000000004 18.492832707939282
      vertex 0.97 -19.500000000000004 18.479999999999997
    endloop
  endfacet
  facet normal 0.5555702330196003 0 0.8314696123025466
    outer loop
      vertex 0.21999999999999997 -19.500000000000004 18.68096189432334
      vertex 0.05685785648691899 -21.300000000000004 18.789969989563144
      vertex 0.21999999999999997 -21.300000000000004 18.68096189432334
    endloop
  endfacet
  facet normal 0.44228869021899697 0 0.8968727415326905
    outer loop
      vertex 0.39597485145236533 -19.500000000000004 18.594180701233068
      vertex 0.21999999999999997 -21.300000000000004 18.68096189432334
      vertex 0.39597485145236533 -21.300000000000004 18.594180701233068
    endloop
  endfacet
  facet normal 0.32143946530316664 0 0.946930129495104
    outer loop
      vertex 0.5817714323462189 -19.500000000000004 18.531111260566394
      vertex 0.39597485145236533 -21.300000000000004 18.594180701233068
      vertex 0.5817714323462189 -21.300000000000004 18.531111260566394
    endloop
  endfacet
  facet normal 0.19509032201612297 0 0.9807852804032315
    outer loop
      vertex 0.7742107116699226 -19.500000000000004 18.492832707939282
      vertex 0.5817714323462189 -21.300000000000004 18.531111260566394
      vertex 0.7742107116699226 -21.300000000000004 18.492832707939282
    endloop
  endfacet
  facet normal 0.06540312923014809 0 0.9978589232386031
    outer loop
      vertex 0.97 -19.500000000000004 18.479999999999997
      vertex 0.7742107116699226 -21.300000000000004 18.492832707939282
      vertex 0.97 -21.300000000000004 18.479999999999997
    endloop
  endfacet
  facet normal 0.6593458151000661 -4.465520700923297e-18 0.75183980747898
    outer loop
      vertex 0.05685785648691899 -19.500000000000004 18.789969989563144
      vertex -0.09066017177982144 -19.500000000000004 18.919339828220174
      vertex -0.09066017177982144 -21.300000000000004 18.919339828220174
    endloop
  endfacet
  facet normal 0.6593458151000661 0 0.75183980747898
    outer loop
      vertex 0.05685785648691899 -19.500000000000004 18.789969989563144
      vertex -0.09066017177982144 -21.300000000000004 18.919339828220174
      vertex 0.05685785648691899 -21.300000000000004 18.789969989563144
    endloop
  endfacet
  facet normal 0 0 1
    outer loop
      vertex 0.97 -19.500000000000004 18.479999999999997
      vertex 0.97 -21.300000000000004 18.479999999999997
      vertex 26.529999999999998 -19.500000000000004 18.479999999999997
    endloop
  endfacet
  facet normal 1 0 0
    outer loop
      vertex -0.53 -19.500000000000004 19.979999999999997
      vertex -0.53 -19.500000000000004 48.599999999999994
      vertex -0.53 -21.300000000000004 48.599999999999994
    endloop
  endfacet
  facet normal 0.9978589232386035 -3.489410082912357e-19 -0.0654031292301441
    outer loop
      vertex -0.53 -19.500000000000004 48.599999999999994
      vertex -0.5171672920607155 -19.500000000000004 48.79578928833007
      vertex -0.5171672920607155 -21.300000000000004 48.79578928833007
    endloop
  endfacet
  facet normal 0.9807852804032314 -5.352350703981388e-19 -0.19509032201612364
    outer loop
      vertex -0.5171672920607155 -19.500000000000004 48.79578928833007
      vertex -0.47888873943360255 -19.500000000000004 48.98822856765378
      vertex -0.47888873943360255 -21.300000000000004 48.98822856765378
    endloop
  endfacet
  facet normal 0.9469301294951035 2.158937797390083e-18 -0.32143946530316775
    outer loop
      vertex -0.47888873943360255 -19.500000000000004 48.98822856765378
      vertex -0.41581929876693 -19.500000000000004 49.17402514854763
      vertex -0.41581929876693 -21.300000000000004 49.17402514854763
    endloop
  endfacet
  facet normal 0.8968727415326897 -1.2053288489105216e-18 -0.4422886902189983
    outer loop
      vertex -0.41581929876693 -19.500000000000004 49.17402514854763
      vertex -0.32903810567665803 -19.500000000000004 49.349999999999994
      vertex -0.32903810567665803 -21.300000000000004 49.349999999999994
    endloop
  endfacet
  facet normal 0.8314696123025512 -2.51010962781747e-18 -0.5555702330195933
    outer loop
      vertex -0.32903810567665803 -19.500000000000004 49.349999999999994
      vertex -0.22003001043685289 -19.500000000000004 49.51314214351308
      vertex -0.22003001043685289 -21.300000000000004 49.51314214351308
    endloop
  endfacet
  facet normal 0.7518398074789883 2.2799132718178436e-18 -0.6593458151000565
    outer loop
      vertex -0.22003001043685289 -19.500000000000004 49.51314214351308
      vertex -0.09066017177982144 -19.500000000000004 49.660660171779824
      vertex -0.09066017177982144 -21.300000000000004 49.660660171779824
    endloop
  endfacet
  facet normal 0.9978589232386035 0 -0.0654031292301441
    outer loop
      vertex -0.53 -19.500000000000004 48.599999999999994
      vertex -0.5171672920607155 -21.300000000000004 48.79578928833007
      vertex -0.53 -21.300000000000004 48.599999999999994
    endloop
  endfacet
  facet normal 0.9807852804032314 0 -0.19509032201612364
    outer loop
      vertex -0.5171672920607155 -19.500000000000004 48.79578928833007
      vertex -0.47888873943360255 -21.300000000000004 48.98822856765378
      vertex -0.5171672920607155 -21.300000000000004 48.79578928833007
    endloop
  endfacet
  facet normal 0.9469301294951035 0 -0.32143946530316775
    outer loop
      vertex -0.47888873943360255 -19.500000000000004 48.98822856765378
      vertex -0.41581929876693 -21.300000000000004 49.17402514854763
      vertex -0.47888873943360255 -21.300000000000004 48.98822856765378
    endloop
  endfacet
  facet normal 0.8968727415326897 0 -0.4422886902189983
    outer loop
      vertex -0.41581929876693 -19.500000000000004 49.17402514854763
      vertex -0.32903810567665803 -21.300000000000004 49.349999999999994
      vertex -0.41581929876693 -21.300000000000004 49.17402514854763
    endloop
  endfacet
  facet normal 0.8314696123025512 0 -0.5555702330195933
    outer loop
      vertex -0.32903810567665803 -19.500000000000004 49.349999999999994
      vertex -0.22003001043685289 -21.300000000000004 49.51314214351308
      vertex -0.32903810567665803 -21.300000000000004 49.349999999999994
    endloop
  endfacet
  facet normal 0.7518398074789883 0 -0.6593458151000565
    outer loop
      vertex -0.22003001043685289 -19.500000000000004 49.51314214351308
      vertex -0.09066017177982144 -21.300000000000004 49.660660171779824
      vertex -0.22003001043685289 -21.300000000000004 49.51314214351308
    endloop
  endfacet
  facet normal 0.6593458151000557 3.891227339237402e-18 -0.7518398074789888
    outer loop
      vertex -0.09066017177982144 -19.500000000000004 49.660660171779824
      vertex 0.05685785648691899 -19.500000000000004 49.79003001043685
      vertex 0.05685785648691899 -21.300000000000004 49.79003001043685
    endloop
  endfacet
  facet normal 0.5555702330195877 -3.023860079531482e-18 -0.8314696123025549
    outer loop
      vertex 0.05685785648691899 -19.500000000000004 49.79003001043685
      vertex 0.21999999999999997 -19.500000000000004 49.89903810567665
      vertex 0.21999999999999997 -21.300000000000004 49.89903810567665
    endloop
  endfacet
  facet normal 0.44228869021901146 -2.3968835657310048e-18 -0.8968727415326833
    outer loop
      vertex 0.21999999999999997 -19.500000000000004 49.89903810567665
      vertex 0.39597485145236533 -19.500000000000004 49.98581929876693
      vertex 0.39597485145236533 -21.300000000000004 49.98581929876693
    endloop
  endfacet
  facet normal 0.32143946530319917 -1.5545030938861606e-18 -0.9469301294950929
    outer loop
      vertex 0.39597485145236533 -19.500000000000004 49.98581929876693
      vertex 0.5817714323462189 -19.500000000000004 50.04888873943361
      vertex 0.5817714323462189 -21.300000000000004 50.04888873943361
    endloop
  endfacet
  facet normal 0.19509032201608817 -8.020897342080335e-19 -0.9807852804032384
    outer loop
      vertex 0.5817714323462189 -19.500000000000004 50.04888873943361
      vertex 0.7742107116699226 -19.500000000000004 50.08716729206071
      vertex 0.7742107116699226 -21.300000000000004 50.08716729206071
    endloop
  endfacet
  facet normal 0.06540312923013006 -2.715342801763928e-19 -0.9978589232386045
    outer loop
      vertex 0.7742107116699226 -19.500000000000004 50.08716729206071
      vertex 0.97 -19.500000000000004 50.099999999999994
      vertex 0.97 -21.300000000000004 50.099999999999994
    endloop
  endfacet
  facet normal 0.6593458151000557 0 -0.7518398074789888
    outer loop
      vertex -0.09066017177982144 -19.500000000000004 49.660660171779824
      vertex 0.05685785648691899 -21.300000000000004 49.79003001043685
      vertex -0.09066017177982144 -21.300000000000004 49.660660171779824
    endloop
  endfacet
  facet normal 0.5555702330195877 0 -0.8314696123025549
    outer loop
      vertex 0.05685785648691899 -19.500000000000004 49.79003001043685
      vertex 0.21999999999999997 -21.300000000000004 49.89903810567665
      vertex 0.05685785648691899 -21.300000000000004 49.79003001043685
    endloop
  endfacet
  facet normal 0.44228869021901146 0 -0.8968727415326833
    outer loop
      vertex 0.21999999999999997 -19.500000000000004 49.89903810567665
      vertex 0.39597485145236533 -21.300000000000004 49.98581929876693
      vertex 0.21999999999999997 -21.300000000000004 49.89903810567665
    endloop
  endfacet
  facet normal 0.32143946530319917 0 -0.9469301294950929
    outer loop
      vertex 0.39597485145236533 -19.500000000000004 49.98581929876693
      vertex 0.5817714323462189 -21.300000000000004 50.04888873943361
      vertex 0.39597485145236533 -21.300000000000004 49.98581929876693
    endloop
  endfacet
  facet normal 0.19509032201608817 0 -0.9807852804032384
    outer loop
      vertex 0.5817714323462189 -19.500000000000004 50.04888873943361
      vertex 0.7742107116699226 -21.300000000000004 50.08716729206071
      vertex 0.5817714323462189 -21.300000000000004 50.04888873943361
    endloop
  endfacet
  facet normal 0.06540312923013006 0 -0.9978589232386045
    outer loop
      vertex 0.7742107116699226 -19.500000000000004 50.08716729206071
      vertex 0.97 -21.300000000000004 50.099999999999994
      vertex 0.7742107116699226 -21.300000000000004 50.08716729206071
    endloop
  endfacet
  facet normal 0 0 -1
    outer loop
      vertex 0.97 -19.500000000000004 50.099999999999994
      vertex 26.529999999999998 -21.300000000000004 50.099999999999994
      vertex 0.97 -21.300000000000004 50.099999999999994
    endloop
  endfacet
  facet normal 0 0 1
    outer loop
      vertex 0.97 -21.300000000000004 18.479999999999997
      vertex 26.529999999999998 -21.300000000000004 18.479999999999997
      vertex 26.529999999999998 -19.500000000000004 18.479999999999997
    endloop
  endfacet
  facet normal -0.06540312923014861 0 0.9978589232386031
    outer loop
      vertex 26.529999999999998 -19.500000000000004 18.479999999999997
      vertex 26.529999999999998 -21.300000000000004 18.479999999999997
      vertex 26.725789288330073 -19.500000000000004 18.492832707939282
    endloop
  endfacet
  facet normal -0.19509032201612278 0 0.9807852804032315
    outer loop
      vertex 26.725789288330073 -19.500000000000004 18.492832707939282
      vertex 26.725789288330073 -21.300000000000004 18.492832707939282
      vertex 26.918228567653777 -19.500000000000004 18.531111260566394
    endloop
  endfacet
  facet normal -0.3214394653031663 0 0.946930129495104
    outer loop
      vertex 26.918228567653777 -19.500000000000004 18.531111260566394
      vertex 26.918228567653777 -21.300000000000004 18.531111260566394
      vertex 27.10402514854763 -19.500000000000004 18.594180701233068
    endloop
  endfacet
  facet normal -0.44228869021899464 0 0.8968727415326915
    outer loop
      vertex 27.10402514854763 -19.500000000000004 18.594180701233068
      vertex 27.10402514854763 -21.300000000000004 18.594180701233068
      vertex 27.279999999999998 -19.500000000000004 18.68096189432334
    endloop
  endfacet
  facet normal -0.5555702330196001 0 0.8314696123025466
    outer loop
      vertex 27.279999999999998 -19.500000000000004 18.68096189432334
      vertex 27.279999999999998 -21.300000000000004 18.68096189432334
      vertex 27.44314214351308 -19.500000000000004 18.789969989563144
    endloop
  endfacet
  facet normal -0.06540312923014861 0 0.9978589232386031
    outer loop
      vertex 26.725789288330073 -19.500000000000004 18.492832707939282
      vertex 26.529999999999998 -21.300000000000004 18.479999999999997
      vertex 26.725789288330073 -21.300000000000004 18.492832707939282
    endloop
  endfacet
  facet normal -0.19509032201612278 0 0.9807852804032315
    outer loop
      vertex 26.918228567653777 -19.500000000000004 18.531111260566394
      vertex 26.725789288330073 -21.300000000000004 18.492832707939282
      vertex 26.918228567653777 -21.300000000000004 18.531111260566394
    endloop
  endfacet
  facet normal -0.3214394653031663 0 0.946930129495104
    outer loop
      vertex 27.10402514854763 -19.500000000000004 18.594180701233068
      vertex 26.918228567653777 -21.300000000000004 18.531111260566394
      vertex 27.10402514854763 -21.300000000000004 18.594180701233068
    endloop
  endfacet
  facet normal -0.44228869021899464 0 0.8968727415326915
    outer loop
      vertex 27.279999999999998 -19.500000000000004 18.68096189432334
      vertex 27.10402514854763 -21.300000000000004 18.594180701233068
      vertex 27.279999999999998 -21.300000000000004 18.68096189432334
    endloop
  endfacet
  facet normal -0.5555702330196001 0 0.8314696123025466
    outer loop
      vertex 27.44314214351308 -19.500000000000004 18.789969989563144
      vertex 27.279999999999998 -21.300000000000004 18.68096189432334
      vertex 27.44314214351308 -21.300000000000004 18.789969989563144
    endloop
  endfacet
  facet normal -0.659345815100063 0 0.7518398074789826
    outer loop
      vertex 27.44314214351308 -19.500000000000004 18.789969989563144
      vertex 27.44314214351308 -21.300000000000004 18.789969989563144
      vertex 27.59066017177982 -19.500000000000004 18.919339828220174
    endloop
  endfacet
  facet normal -0.659345815100063 0 0.7518398074789826
    outer loop
      vertex 27.59066017177982 -19.500000000000004 18.919339828220174
      vertex 27.44314214351308 -21.300000000000004 18.789969989563144
      vertex 27.59066017177982 -21.300000000000004 18.919339828220174
    endloop
  endfacet
  facet normal -0.7518398074789826 0 0.659345815100063
    outer loop
      vertex 27.59066017177982 -19.500000000000004 18.919339828220174
      vertex 27.59066017177982 -21.300000000000004 18.919339828220174
      vertex 27.72003001043685 -19.500000000000004 19.066857856486916
    endloop
  endfacet
  facet normal -0.8314696123025466 0 0.5555702330196001
    outer loop
      vertex 27.72003001043685 -19.500000000000004 19.066857856486916
      vertex 27.72003001043685 -21.300000000000004 19.066857856486916
      vertex 27.829038105676656 -19.500000000000004 19.229999999999997
    endloop
  endfacet
  facet normal -0.8968727415326915 0 0.44228869021899464
    outer loop
      vertex 27.829038105676656 -19.500000000000004 19.229999999999997
      vertex 27.829038105676656 -21.300000000000004 19.229999999999997
      vertex 27.915819298766927 -19.500000000000004 19.405974851452363
    endloop
  endfacet
  facet normal -0.9469301294951021 0 0.3214394653031718
    outer loop
      vertex 27.915819298766927 -19.500000000000004 19.405974851452363
      vertex 27.915819298766927 -21.300000000000004 19.405974851452363
      vertex 27.9788887394336 -19.500000000000004 19.591771432346214
    endloop
  endfacet
  facet normal -0.9807852804032322 0 0.19509032201611928
    outer loop
      vertex 27.9788887394336 -19.500000000000004 19.591771432346214
      vertex 27.9788887394336 -21.300000000000004 19.591771432346214
      vertex 28.017167292060712 -19.500000000000004 19.78421071166992
    endloop
  endfacet
  facet normal -0.9978589232386031 0 0.06540312923014861
    outer loop
      vertex 28.017167292060712 -19.500000000000004 19.78421071166992
      vertex 28.017167292060712 -21.300000000000004 19.78421071166992
      vertex 28.029999999999998 -19.500000000000004 19.979999999999997
    endloop
  endfacet
  facet normal -0.7518398074789826 -7.115447140036564e-20 0.659345815100063
    outer loop
      vertex 27.59066017177982 -21.300000000000004 18.919339828220174
      vertex 27.72003001043685 -21.300000000000004 19.066857856486916
      vertex 27.72003001043685 -19.500000000000004 19.066857856486916
    endloop
  endfacet
  facet normal -0.8314696123025466 0 0.5555702330196001
    outer loop
      vertex 27.829038105676656 -19.500000000000004 19.229999999999997
      vertex 27.72003001043685 -21.300000000000004 19.066857856486916
      vertex 27.829038105676656 -21.300000000000004 19.229999999999997
    endloop
  endfacet
  facet normal -0.8968727415326915 0 0.44228869021899464
    outer loop
      vertex 27.915819298766927 -19.500000000000004 19.405974851452363
      vertex 27.829038105676656 -21.300000000000004 19.229999999999997
      vertex 27.915819298766927 -21.300000000000004 19.405974851452363
    endloop
  endfacet
  facet normal -0.9469301294951021 0 0.3214394653031718
    outer loop
      vertex 27.9788887394336 -19.500000000000004 19.591771432346214
      vertex 27.915819298766927 -21.300000000000004 19.405974851452363
      vertex 27.9788887394336 -21.300000000000004 19.591771432346214
    endloop
  endfacet
  facet normal -0.9807852804032322 0 0.19509032201611928
    outer loop
      vertex 28.017167292060712 -19.500000000000004 19.78421071166992
      vertex 27.9788887394336 -21.300000000000004 19.591771432346214
      vertex 28.017167292060712 -21.300000000000004 19.78421071166992
    endloop
  endfacet
  facet normal -0.9978589232386031 0 0.06540312923014861
    outer loop
      vertex 28.029999999999998 -19.500000000000004 19.979999999999997
      vertex 28.017167292060712 -21.300000000000004 19.78421071166992
      vertex 28.029999999999998 -21.300000000000004 19.979999999999997
    endloop
  endfacet
  facet normal -1 0 0
    outer loop
      vertex 28.029999999999998 -19.500000000000004 19.979999999999997
      vertex 28.029999999999998 -21.300000000000004 19.979999999999997
      vertex 28.029999999999998 -19.500000000000004 48.599999999999994
    endloop
  endfacet
  facet normal 0 0 -1
    outer loop
      vertex 0.97 -19.500000000000004 50.099999999999994
      vertex 26.529999999999998 -19.500000000000004 50.099999999999994
      vertex 26.529999999999998 -21.300000000000004 50.099999999999994
    endloop
  endfacet
  facet normal -0.06540312923013057 2.622329292660166e-19 -0.9978589232386044
    outer loop
      vertex 26.529999999999998 -19.500000000000004 50.099999999999994
      vertex 26.725789288330073 -19.500000000000004 50.08716729206071
      vertex 26.725789288330073 -21.300000000000004 50.08716729206071
    endloop
  endfacet
  facet normal -0.19509032201608795 -1.1609221658527725e-18 -0.9807852804032385
    outer loop
      vertex 26.725789288330073 -19.500000000000004 50.08716729206071
      vertex 26.918228567653777 -19.500000000000004 50.04888873943361
      vertex 26.918228567653777 -21.300000000000004 50.04888873943361
    endloop
  endfacet
  facet normal -0.3214394653031988 1.1964920556964245e-18 -0.946930129495093
    outer loop
      vertex 26.918228567653777 -19.500000000000004 50.04888873943361
      vertex 27.10402514854763 -19.500000000000004 49.98581929876693
      vertex 27.10402514854763 -21.300000000000004 49.98581929876693
    endloop
  endfacet
  facet normal -0.44228869021900924 -2.552930071462563e-19 -0.8968727415326845
    outer loop
      vertex 27.10402514854763 -19.500000000000004 49.98581929876693
      vertex 27.279999999999998 -19.500000000000004 49.89903810567665
      vertex 27.279999999999998 -21.300000000000004 49.89903810567665
    endloop
  endfacet
  facet normal -0.5555702330195876 -1.772571609693057e-18 -0.8314696123025551
    outer loop
      vertex 27.279999999999998 -19.500000000000004 49.89903810567665
      vertex 27.44314214351308 -19.500000000000004 49.79003001043685
      vertex 27.44314214351308 -21.300000000000004 49.79003001043685
    endloop
  endfacet
  facet normal -0.6593458151000527 6.454478330985954e-19 -0.7518398074789916
    outer loop
      vertex 27.44314214351308 -19.500000000000004 49.79003001043685
      vertex 27.59066017177982 -19.500000000000004 49.660660171779824
      vertex 27.59066017177982 -21.300000000000004 49.660660171779824
    endloop
  endfacet
  facet normal -0.06540312923013057 0 -0.9978589232386044
    outer loop
      vertex 26.529999999999998 -19.500000000000004 50.099999999999994
      vertex 26.725789288330073 -21.300000000000004 50.08716729206071
      vertex 26.529999999999998 -21.300000000000004 50.099999999999994
    endloop
  endfacet
  facet normal -0.19509032201608795 0 -0.9807852804032385
    outer loop
      vertex 26.725789288330073 -19.500000000000004 50.08716729206071
      vertex 26.918228567653777 -21.300000000000004 50.04888873943361
      vertex 26.725789288330073 -21.300000000000004 50.08716729206071
    endloop
  endfacet
  facet normal -0.3214394653031988 0 -0.946930129495093
    outer loop
      vertex 26.918228567653777 -19.500000000000004 50.04888873943361
      vertex 27.10402514854763 -21.300000000000004 49.98581929876693
      vertex 26.918228567653777 -21.300000000000004 50.04888873943361
    endloop
  endfacet
  facet normal -0.44228869021900924 0 -0.8968727415326845
    outer loop
      vertex 27.10402514854763 -19.500000000000004 49.98581929876693
      vertex 27.279999999999998 -21.300000000000004 49.89903810567665
      vertex 27.10402514854763 -21.300000000000004 49.98581929876693
    endloop
  endfacet
  facet normal -0.5555702330195876 0 -0.8314696123025551
    outer loop
      vertex 27.279999999999998 -19.500000000000004 49.89903810567665
      vertex 27.44314214351308 -21.300000000000004 49.79003001043685
      vertex 27.279999999999998 -21.300000000000004 49.89903810567665
    endloop
  endfacet
  facet normal -0.6593458151000527 0 -0.7518398074789916
    outer loop
      vertex 27.44314214351308 -19.500000000000004 49.79003001043685
      vertex 27.59066017177982 -21.300000000000004 49.660660171779824
      vertex 27.44314214351308 -21.300000000000004 49.79003001043685
    endloop
  endfacet
  facet normal -1 0 0
    outer loop
      vertex 28.029999999999998 -21.300000000000004 19.979999999999997
      vertex 28.029999999999998 -21.300000000000004 48.599999999999994
      vertex 28.029999999999998 -19.500000000000004 48.599999999999994
    endloop
  endfacet
  facet normal -0.9978589232386031 0 -0.06540312923014861
    outer loop
      vertex 28.029999999999998 -19.500000000000004 48.599999999999994
      vertex 28.029999999999998 -21.300000000000004 48.599999999999994
      vertex 28.017167292060712 -19.500000000000004 48.79578928833007
    endloop
  endfacet
  facet normal -0.9469301294951021 0 -0.3214394653031718
    outer loop
      vertex 27.9788887394336 -19.500000000000004 48.98822856765378
      vertex 27.9788887394336 -21.300000000000004 48.98822856765378
      vertex 27.915819298766927 -19.500000000000004 49.17402514854763
    endloop
  endfacet
  facet normal -0.9807852804032322 0 -0.19509032201611928
    outer loop
      vertex 28.017167292060712 -19.500000000000004 48.79578928833007
      vertex 28.017167292060712 -21.300000000000004 48.79578928833007
      vertex 27.9788887394336 -19.500000000000004 48.98822856765378
    endloop
  endfacet
  facet normal -0.7518398074789905 -4.5922246262392395e-18 -0.659345815100054
    outer loop
      vertex 27.59066017177982 -19.500000000000004 49.660660171779824
      vertex 27.72003001043685 -19.500000000000004 49.51314214351308
      vertex 27.72003001043685 -21.300000000000004 49.51314214351308
    endloop
  endfacet
  facet normal -0.8968727415326915 1.6922028009294514e-18 -0.44228869021899464
    outer loop
      vertex 27.829038105676656 -19.500000000000004 49.349999999999994
      vertex 27.915819298766927 -19.500000000000004 49.17402514854763
      vertex 27.915819298766927 -21.300000000000004 49.17402514854763
    endloop
  endfacet
  facet normal -0.8314696123025522 1.352841449884253e-18 -0.5555702330195917
    outer loop
      vertex 27.72003001043685 -19.500000000000004 49.51314214351308
      vertex 27.829038105676656 -19.500000000000004 49.349999999999994
      vertex 27.829038105676656 -21.300000000000004 49.349999999999994
    endloop
  endfacet
  facet normal -0.9978589232386031 0 -0.06540312923014861
    outer loop
      vertex 28.017167292060712 -19.500000000000004 48.79578928833007
      vertex 28.029999999999998 -21.300000000000004 48.599999999999994
      vertex 28.017167292060712 -21.300000000000004 48.79578928833007
    endloop
  endfacet
  facet normal -0.9807852804032322 0 -0.19509032201611928
    outer loop
      vertex 27.9788887394336 -19.500000000000004 48.98822856765378
      vertex 28.017167292060712 -21.300000000000004 48.79578928833007
      vertex 27.9788887394336 -21.300000000000004 48.98822856765378
    endloop
  endfacet
  facet normal -0.7518398074789905 0 -0.659345815100054
    outer loop
      vertex 27.59066017177982 -19.500000000000004 49.660660171779824
      vertex 27.72003001043685 -21.300000000000004 49.51314214351308
      vertex 27.59066017177982 -21.300000000000004 49.660660171779824
    endloop
  endfacet
  facet normal -0.8314696123025522 0 -0.5555702330195917
    outer loop
      vertex 27.72003001043685 -19.500000000000004 49.51314214351308
      vertex 27.829038105676656 -21.300000000000004 49.349999999999994
      vertex 27.72003001043685 -21.300000000000004 49.51314214351308
    endloop
  endfacet
  facet normal -0.8968727415326915 0 -0.44228869021899464
    outer loop
      vertex 27.829038105676656 -19.500000000000004 49.349999999999994
      vertex 27.915819298766927 -21.300000000000004 49.17402514854763
      vertex 27.829038105676656 -21.300000000000004 49.349999999999994
    endloop
  endfacet
  facet normal -0.9469301294951021 0 -0.3214394653031718
    outer loop
      vertex 27.915819298766927 -19.500000000000004 49.17402514854763
      vertex 27.9788887394336 -21.300000000000004 48.98822856765378
      vertex 27.915819298766927 -21.300000000000004 49.17402514854763
    endloop
  endfacet
  facet normal 0.9978589232386037 1.802255538273633e-19 0.06540312923014074
    outer loop
      vertex 12.014971492595832 -6.8000000000000025 62.121579163614896
      vertex 12 -6.8000000000000025 62.349999999999994
      vertex 12 -10.800000000000002 62.349999999999994
    endloop
  endfacet
  facet normal 0.9978589232386034 1.5921163112912074e-20 -0.0654031292301448
    outer loop
      vertex 12 -6.8000000000000025 62.349999999999994
      vertex 12.014971492595832 -6.8000000000000025 62.57842083638508
      vertex 12.014971492595832 -10.800000000000002 62.57842083638508
    endloop
  endfacet
  facet normal 0.8968727415326815 -1.165484698021016e-18 0.44228869021901523
    outer loop
      vertex 12.234455543377232 -6.8000000000000025 61.474999999999994
      vertex 12.133210818105248 -6.8000000000000025 61.68030399336108
      vertex 12.133210818105248 -10.800000000000002 61.68030399336108
    endloop
  endfacet
  facet normal 0.8314696123025498 0 0.5555702330195953
    outer loop
      vertex 12.234455543377232 -6.8000000000000025 61.474999999999994
      vertex 12.234455543377232 -10.800000000000002 61.474999999999994
      vertex 12.361631654490338 -6.8000000000000025 61.28466749923473
    endloop
  endfacet
  facet normal 0.6593458151000473 0 0.7518398074789961
    outer loop
      vertex 12.512563132923542 -6.8000000000000025 61.112563132923526
      vertex 12.512563132923542 -10.800000000000002 61.112563132923526
      vertex 12.684667499234738 -6.8000000000000025 60.96163165449033
    endloop
  endfacet
  facet normal 0.7518398074789867 0 0.6593458151000583
    outer loop
      vertex 12.361631654490338 -6.8000000000000025 61.28466749923473
      vertex 12.361631654490338 -10.800000000000002 61.28466749923473
      vertex 12.512563132923542 -6.8000000000000025 61.112563132923526
    endloop
  endfacet
  facet normal 0.9469301294951075 1.0991265398078143e-20 0.32143946530315626
    outer loop
      vertex 12.133210818105248 -6.8000000000000025 61.68030399336108
      vertex 12.059629803994131 -6.8000000000000025 61.897066671070576
      vertex 12.059629803994131 -10.800000000000002 61.897066671070576
    endloop
  endfacet
  facet normal 0.98078528040323 0 0.19509032201613072
    outer loop
      vertex 12.014971492595832 -6.8000000000000025 62.121579163614896
      vertex 12.014971492595832 -10.800000000000002 62.121579163614896
      vertex 12.059629803994131 -6.8000000000000025 61.897066671070576
    endloop
  endfacet
  facet normal 0.5555702330196293 0 0.8314696123025271
    outer loop
      vertex 12.684667499234738 -6.8000000000000025 60.96163165449033
      vertex 12.684667499234738 -10.800000000000002 60.96163165449033
      vertex 12.875 -6.8000000000000025 60.83445554337722
    endloop
  endfacet
  facet normal 0.4422886902189936 0 0.896872741532692
    outer loop
      vertex 12.875 -6.8000000000000025 60.83445554337722
      vertex 12.875 -10.800000000000002 60.83445554337722
      vertex 13.080303993361094 -6.8000000000000025 60.733210818105235
    endloop
  endfacet
  facet normal 0.3214394653031447 0 0.9469301294951114
    outer loop
      vertex 13.080303993361094 -6.8000000000000025 60.733210818105235
      vertex 13.080303993361094 -10.800000000000002 60.733210818105235
      vertex 13.297066671070588 -6.8000000000000025 60.65962980399412
    endloop
  endfacet
  facet normal 0.19509032201610832 0 0.9807852804032344
    outer loop
      vertex 13.297066671070588 -6.8000000000000025 60.65962980399412
      vertex 13.297066671070588 -10.800000000000002 60.65962980399412
      vertex 13.52157916361491 -6.8000000000000025 60.61497149259583
    endloop
  endfacet
  facet normal 0.0654031292301505 0 0.997858923238603
    outer loop
      vertex 13.52157916361491 -6.8000000000000025 60.61497149259583
      vertex 13.52157916361491 -10.800000000000002 60.61497149259583
      vertex 13.75 -6.8000000000000025 60.599999999999994
    endloop
  endfacet
  facet normal 0.98078528040323 -4.8325697122054864e-20 -0.19509032201613072
    outer loop
      vertex 12.014971492595832 -6.8000000000000025 62.57842083638508
      vertex 12.059629803994131 -6.8000000000000025 62.8029333289294
      vertex 12.059629803994131 -10.800000000000002 62.8029333289294
    endloop
  endfacet
  facet normal 0.9469301294951075 -1.0991265398078143e-20 -0.32143946530315626
    outer loop
      vertex 12.059629803994131 -6.8000000000000025 62.8029333289294
      vertex 12.133210818105248 -6.8000000000000025 63.019696006638895
      vertex 12.133210818105248 -10.800000000000002 63.019696006638895
    endloop
  endfacet
  facet normal 0.8968727415326935 2.2678369289565972e-20 -0.4422886902189906
    outer loop
      vertex 12.133210818105248 -6.8000000000000025 63.019696006638895
      vertex 12.234455543377232 -6.8000000000000025 63.224999999999994
      vertex 12.234455543377232 -10.800000000000002 63.224999999999994
    endloop
  endfacet
  facet normal 0.8314696123025307 6.501565284656238e-19 -0.5555702330196239
    outer loop
      vertex 12.234455543377232 -6.8000000000000025 63.224999999999994
      vertex 12.361631654490338 -6.8000000000000025 63.415332500765246
      vertex 12.361631654490338 -10.800000000000002 63.415332500765246
    endloop
  endfacet
  facet normal 0.7518398074789867 5.403421122124802e-19 -0.6593458151000583
    outer loop
      vertex 12.361631654490338 -6.8000000000000025 63.415332500765246
      vertex 12.512563132923542 -6.8000000000000025 63.58743686707645
      vertex 12.512563132923542 -10.800000000000002 63.58743686707645
    endloop
  endfacet
  facet normal 0.6593458151000825 1.0223253878145513e-18 -0.7518398074789655
    outer loop
      vertex 12.512563132923542 -6.8000000000000025 63.58743686707645
      vertex 12.684667499234738 -6.8000000000000025 63.738368345509656
      vertex 12.684667499234738 -10.800000000000002 63.738368345509656
    endloop
  endfacet
  facet normal 0.5555702330195864 -1.872263215069631e-18 -0.8314696123025559
    outer loop
      vertex 12.684667499234738 -6.8000000000000025 63.738368345509656
      vertex 12.875 -6.8000000000000025 63.86554445662276
      vertex 12.875 -10.800000000000002 63.86554445662276
    endloop
  endfacet
  facet normal 0.4422886902189936 1.4339489020568757e-18 -0.896872741532692
    outer loop
      vertex 12.875 -6.8000000000000025 63.86554445662276
      vertex 13.080303993361094 -6.8000000000000025 63.96678918189474
      vertex 13.080303993361094 -10.800000000000002 63.96678918189474
    endloop
  endfacet
  facet normal 0.3214394653032004 8.2816360568147695e-19 -0.9469301294950926
    outer loop
      vertex 13.080303993361094 -6.8000000000000025 63.96678918189474
      vertex 13.297066671070588 -6.8000000000000025 64.04037019600587
      vertex 13.297066671070588 -10.800000000000002 64.04037019600587
    endloop
  endfacet
  facet normal 0.19509032201610832 5.155326865545531e-19 -0.9807852804032344
    outer loop
      vertex 13.297066671070588 -6.8000000000000025 64.04037019600587
      vertex 13.52157916361491 -6.8000000000000025 64.08502850740416
      vertex 13.52157916361491 -10.800000000000002 64.08502850740416
    endloop
  endfacet
  facet normal 0.0654031292301505 -2.92254681541486e-20 -0.997858923238603
    outer loop
      vertex 13.52157916361491 -6.8000000000000025 64.08502850740416
      vertex 13.75 -6.8000000000000025 64.1
      vertex 13.75 -10.800000000000002 64.1
    endloop
  endfacet
  facet normal 0.9978589232386037 0 0.06540312923014074
    outer loop
      vertex 12.014971492595832 -6.8000000000000025 62.121579163614896
      vertex 12 -10.800000000000002 62.349999999999994
      vertex 12.014971492595832 -10.800000000000002 62.121579163614896
    endloop
  endfacet
  facet normal 0.9978589232386034 0 -0.0654031292301448
    outer loop
      vertex 12 -6.8000000000000025 62.349999999999994
      vertex 12.014971492595832 -10.800000000000002 62.57842083638508
      vertex 12 -10.800000000000002 62.349999999999994
    endloop
  endfacet
  facet normal 0.8968727415326815 0 0.44228869021901523
    outer loop
      vertex 12.234455543377232 -6.8000000000000025 61.474999999999994
      vertex 12.133210818105248 -10.800000000000002 61.68030399336108
      vertex 12.234455543377232 -10.800000000000002 61.474999999999994
    endloop
  endfacet
  facet normal 0.8314696123025498 0 0.5555702330195953
    outer loop
      vertex 12.361631654490338 -6.8000000000000025 61.28466749923473
      vertex 12.234455543377232 -10.800000000000002 61.474999999999994
      vertex 12.361631654490338 -10.800000000000002 61.28466749923473
    endloop
  endfacet
  facet normal 0.7518398074789867 0 0.6593458151000583
    outer loop
      vertex 12.512563132923542 -6.8000000000000025 61.112563132923526
      vertex 12.361631654490338 -10.800000000000002 61.28466749923473
      vertex 12.512563132923542 -10.800000000000002 61.112563132923526
    endloop
  endfacet
  facet normal 0.9469301294951075 0 0.32143946530315626
    outer loop
      vertex 12.133210818105248 -6.8000000000000025 61.68030399336108
      vertex 12.059629803994131 -10.800000000000002 61.897066671070576
      vertex 12.133210818105248 -10.800000000000002 61.68030399336108
    endloop
  endfacet
  facet normal 0.98078528040323 0 0.19509032201613072
    outer loop
      vertex 12.059629803994131 -6.8000000000000025 61.897066671070576
      vertex 12.014971492595832 -10.800000000000002 62.121579163614896
      vertex 12.059629803994131 -10.800000000000002 61.897066671070576
    endloop
  endfacet
  facet normal 0.98078528040323 0 -0.19509032201613072
    outer loop
      vertex 12.014971492595832 -6.8000000000000025 62.57842083638508
      vertex 12.059629803994131 -10.800000000000002 62.8029333289294
      vertex 12.014971492595832 -10.800000000000002 62.57842083638508
    endloop
  endfacet
  facet normal 0.6593458151000473 0 0.7518398074789961
    outer loop
      vertex 12.684667499234738 -6.8000000000000025 60.96163165449033
      vertex 12.512563132923542 -10.800000000000002 61.112563132923526
      vertex 12.684667499234738 -10.800000000000002 60.96163165449033
    endloop
  endfacet
  facet normal 0.5555702330196293 0 0.8314696123025271
    outer loop
      vertex 12.875 -6.8000000000000025 60.83445554337722
      vertex 12.684667499234738 -10.800000000000002 60.96163165449033
      vertex 12.875 -10.800000000000002 60.83445554337722
    endloop
  endfacet
  facet normal 0.4422886902189936 0 0.896872741532692
    outer loop
      vertex 13.080303993361094 -6.8000000000000025 60.733210818105235
      vertex 12.875 -10.800000000000002 60.83445554337722
      vertex 13.080303993361094 -10.800000000000002 60.733210818105235
    endloop
  endfacet
  facet normal 0.3214394653031447 0 0.9469301294951114
    outer loop
      vertex 13.297066671070588 -6.8000000000000025 60.65962980399412
      vertex 13.080303993361094 -10.800000000000002 60.733210818105235
      vertex 13.297066671070588 -10.800000000000002 60.65962980399412
    endloop
  endfacet
  facet normal 0.19509032201610832 0 0.9807852804032344
    outer loop
      vertex 13.52157916361491 -6.8000000000000025 60.61497149259583
      vertex 13.297066671070588 -10.800000000000002 60.65962980399412
      vertex 13.52157916361491 -10.800000000000002 60.61497149259583
    endloop
  endfacet
  facet normal 0.0654031292301505 2.92254681541486e-20 0.997858923238603
    outer loop
      vertex 13.52157916361491 -10.800000000000002 60.61497149259583
      vertex 13.75 -10.800000000000002 60.599999999999994
      vertex 13.75 -6.8000000000000025 60.599999999999994
    endloop
  endfacet
  facet normal 0.9469301294951075 0 -0.32143946530315626
    outer loop
      vertex 12.059629803994131 -6.8000000000000025 62.8029333289294
      vertex 12.133210818105248 -10.800000000000002 63.019696006638895
      vertex 12.059629803994131 -10.800000000000002 62.8029333289294
    endloop
  endfacet
  facet normal 0.8968727415326935 0 -0.4422886902189906
    outer loop
      vertex 12.133210818105248 -6.8000000000000025 63.019696006638895
      vertex 12.234455543377232 -10.800000000000002 63.224999999999994
      vertex 12.133210818105248 -10.800000000000002 63.019696006638895
    endloop
  endfacet
  facet normal 0.8314696123025307 0 -0.5555702330196239
    outer loop
      vertex 12.234455543377232 -6.8000000000000025 63.224999999999994
      vertex 12.361631654490338 -10.800000000000002 63.415332500765246
      vertex 12.234455543377232 -10.800000000000002 63.224999999999994
    endloop
  endfacet
  facet normal 0.7518398074789867 0 -0.6593458151000583
    outer loop
      vertex 12.361631654490338 -6.8000000000000025 63.415332500765246
      vertex 12.512563132923542 -10.800000000000002 63.58743686707645
      vertex 12.361631654490338 -10.800000000000002 63.415332500765246
    endloop
  endfacet
  facet normal 0.6593458151000825 0 -0.7518398074789655
    outer loop
      vertex 12.512563132923542 -6.8000000000000025 63.58743686707645
      vertex 12.684667499234738 -10.800000000000002 63.738368345509656
      vertex 12.512563132923542 -10.800000000000002 63.58743686707645
    endloop
  endfacet
  facet normal 0.5555702330195864 0 -0.8314696123025559
    outer loop
      vertex 12.684667499234738 -6.8000000000000025 63.738368345509656
      vertex 12.875 -10.800000000000002 63.86554445662276
      vertex 12.684667499234738 -10.800000000000002 63.738368345509656
    endloop
  endfacet
  facet normal 0.4422886902189936 0 -0.896872741532692
    outer loop
      vertex 12.875 -6.8000000000000025 63.86554445662276
      vertex 13.080303993361094 -10.800000000000002 63.96678918189474
      vertex 12.875 -10.800000000000002 63.86554445662276
    endloop
  endfacet
  facet normal 0.3214394653032004 0 -0.9469301294950926
    outer loop
      vertex 13.080303993361094 -6.8000000000000025 63.96678918189474
      vertex 13.297066671070588 -10.800000000000002 64.04037019600587
      vertex 13.080303993361094 -10.800000000000002 63.96678918189474
    endloop
  endfacet
  facet normal 0.19509032201610832 0 -0.9807852804032344
    outer loop
      vertex 13.297066671070588 -6.8000000000000025 64.04037019600587
      vertex 13.52157916361491 -10.800000000000002 64.08502850740416
      vertex 13.297066671070588 -10.800000000000002 64.04037019600587
    endloop
  endfacet
  facet normal 0.0654031292301505 0 -0.997858923238603
    outer loop
      vertex 13.52157916361491 -6.8000000000000025 64.08502850740416
      vertex 13.75 -10.800000000000002 64.1
      vertex 13.52157916361491 -10.800000000000002 64.08502850740416
    endloop
  endfacet
  facet normal -0.0654031292301505 0 0.997858923238603
    outer loop
      vertex 13.75 -6.8000000000000025 60.599999999999994
      vertex 13.75 -10.800000000000002 60.599999999999994
      vertex 13.97842083638509 -6.8000000000000025 60.61497149259583
    endloop
  endfacet
  facet normal -0.19509032201610832 0 0.9807852804032344
    outer loop
      vertex 13.97842083638509 -6.8000000000000025 60.61497149259583
      vertex 13.97842083638509 -10.800000000000002 60.61497149259583
      vertex 14.202933328929412 -6.8000000000000025 60.65962980399412
    endloop
  endfacet
  facet normal -0.3214394653031447 0 0.9469301294951114
    outer loop
      vertex 14.202933328929412 -6.8000000000000025 60.65962980399412
      vertex 14.202933328929412 -10.800000000000002 60.65962980399412
      vertex 14.419696006638906 -6.8000000000000025 60.733210818105235
    endloop
  endfacet
  facet normal -0.4422886902189936 0 0.896872741532692
    outer loop
      vertex 14.419696006638906 -6.8000000000000025 60.733210818105235
      vertex 14.419696006638906 -10.800000000000002 60.733210818105235
      vertex 14.625 -6.8000000000000025 60.83445554337722
    endloop
  endfacet
  facet normal -0.5555702330196293 0 0.8314696123025271
    outer loop
      vertex 14.625 -6.8000000000000025 60.83445554337722
      vertex 14.625 -10.800000000000002 60.83445554337722
      vertex 14.815332500765262 -6.8000000000000025 60.96163165449033
    endloop
  endfacet
  facet normal -0.6593458151000473 0 0.7518398074789961
    outer loop
      vertex 14.815332500765262 -6.8000000000000025 60.96163165449033
      vertex 14.815332500765262 -10.800000000000002 60.96163165449033
      vertex 14.987436867076458 -6.8000000000000025 61.112563132923526
    endloop
  endfacet
  facet normal -0.7518398074789867 0 0.6593458151000583
    outer loop
      vertex 14.987436867076458 -6.8000000000000025 61.112563132923526
      vertex 14.987436867076458 -10.800000000000002 61.112563132923526
      vertex 15.138368345509662 -6.8000000000000025 61.28466749923473
    endloop
  endfacet
  facet normal -0.8314696123025498 0 0.5555702330195953
    outer loop
      vertex 15.138368345509662 -6.8000000000000025 61.28466749923473
      vertex 15.138368345509662 -10.800000000000002 61.28466749923473
      vertex 15.265544456622768 -6.8000000000000025 61.474999999999994
    endloop
  endfacet
  facet normal -0.8968727415326815 0 0.44228869021901523
    outer loop
      vertex 15.265544456622768 -6.8000000000000025 61.474999999999994
      vertex 15.265544456622768 -10.800000000000002 61.474999999999994
      vertex 15.366789181894752 -6.8000000000000025 61.68030399336108
    endloop
  endfacet
  facet normal -0.9469301294951075 0 0.32143946530315626
    outer loop
      vertex 15.366789181894752 -6.8000000000000025 61.68030399336108
      vertex 15.366789181894752 -10.800000000000002 61.68030399336108
      vertex 15.440370196005869 -6.8000000000000025 61.897066671070576
    endloop
  endfacet
  facet normal -0.98078528040323 0 0.19509032201613072
    outer loop
      vertex 15.440370196005869 -6.8000000000000025 61.897066671070576
      vertex 15.440370196005869 -10.800000000000002 61.897066671070576
      vertex 15.485028507404168 -6.8000000000000025 62.121579163614896
    endloop
  endfacet
  facet normal -0.98078528040323 0 -0.19509032201613072
    outer loop
      vertex 15.485028507404168 -6.8000000000000025 62.57842083638508
      vertex 15.485028507404168 -10.800000000000002 62.57842083638508
      vertex 15.440370196005869 -6.8000000000000025 62.8029333289294
    endloop
  endfacet
  facet normal -0.9978589232386037 0 0.06540312923014074
    outer loop
      vertex 15.485028507404168 -6.8000000000000025 62.121579163614896
      vertex 15.485028507404168 -10.800000000000002 62.121579163614896
      vertex 15.5 -6.8000000000000025 62.349999999999994
    endloop
  endfacet
  facet normal -0.9978589232386034 0 -0.0654031292301448
    outer loop
      vertex 15.5 -6.8000000000000025 62.349999999999994
      vertex 15.5 -10.800000000000002 62.349999999999994
      vertex 15.485028507404168 -6.8000000000000025 62.57842083638508
    endloop
  endfacet
  facet normal -0.0654031292301505 2.92254681541486e-20 -0.997858923238603
    outer loop
      vertex 13.75 -6.8000000000000025 64.1
      vertex 13.97842083638509 -6.8000000000000025 64.08502850740416
      vertex 13.97842083638509 -10.800000000000002 64.08502850740416
    endloop
  endfacet
  facet normal -0.19509032201610832 -5.155326865545531e-19 -0.9807852804032344
    outer loop
      vertex 13.97842083638509 -6.8000000000000025 64.08502850740416
      vertex 14.202933328929412 -6.8000000000000025 64.04037019600587
      vertex 14.202933328929412 -10.800000000000002 64.04037019600587
    endloop
  endfacet
  facet normal -0.3214394653032004 -8.2816360568147695e-19 -0.9469301294950926
    outer loop
      vertex 14.202933328929412 -6.8000000000000025 64.04037019600587
      vertex 14.419696006638906 -6.8000000000000025 63.96678918189474
      vertex 14.419696006638906 -10.800000000000002 63.96678918189474
    endloop
  endfacet
  facet normal -0.4422886902189936 -1.4339489020568757e-18 -0.896872741532692
    outer loop
      vertex 14.419696006638906 -6.8000000000000025 63.96678918189474
      vertex 14.625 -6.8000000000000025 63.86554445662276
      vertex 14.625 -10.800000000000002 63.86554445662276
    endloop
  endfacet
  facet normal -0.5555702330195864 1.872263215069631e-18 -0.8314696123025559
    outer loop
      vertex 14.625 -6.8000000000000025 63.86554445662276
      vertex 14.815332500765262 -6.8000000000000025 63.738368345509656
      vertex 14.815332500765262 -10.800000000000002 63.738368345509656
    endloop
  endfacet
  facet normal -0.6593458151000825 -1.0223253878145513e-18 -0.7518398074789655
    outer loop
      vertex 14.815332500765262 -6.8000000000000025 63.738368345509656
      vertex 14.987436867076458 -6.8000000000000025 63.58743686707645
      vertex 14.987436867076458 -10.800000000000002 63.58743686707645
    endloop
  endfacet
  facet normal -0.7518398074789867 -5.403421122124802e-19 -0.6593458151000583
    outer loop
      vertex 14.987436867076458 -6.8000000000000025 63.58743686707645
      vertex 15.138368345509662 -6.8000000000000025 63.415332500765246
      vertex 15.138368345509662 -10.800000000000002 63.415332500765246
    endloop
  endfacet
  facet normal -0.8968727415326935 0 -0.4422886902189906
    outer loop
      vertex 15.366789181894752 -6.8000000000000025 63.019696006638895
      vertex 15.366789181894752 -10.800000000000002 63.019696006638895
      vertex 15.265544456622768 -6.8000000000000025 63.224999999999994
    endloop
  endfacet
  facet normal -0.9469301294951075 0 -0.32143946530315626
    outer loop
      vertex 15.440370196005869 -6.8000000000000025 62.8029333289294
      vertex 15.440370196005869 -10.800000000000002 62.8029333289294
      vertex 15.366789181894752 -6.8000000000000025 63.019696006638895
    endloop
  endfacet
  facet normal -0.8314696123025307 -6.501565284656238e-19 -0.5555702330196239
    outer loop
      vertex 15.138368345509662 -6.8000000000000025 63.415332500765246
      vertex 15.265544456622768 -6.8000000000000025 63.224999999999994
      vertex 15.265544456622768 -10.800000000000002 63.224999999999994
    endloop
  endfacet
  facet normal -0.0654031292301505 0 0.997858923238603
    outer loop
      vertex 13.97842083638509 -6.8000000000000025 60.61497149259583
      vertex 13.75 -10.800000000000002 60.599999999999994
      vertex 13.97842083638509 -10.800000000000002 60.61497149259583
    endloop
  endfacet
  facet normal -0.19509032201610832 0 0.9807852804032344
    outer loop
      vertex 14.202933328929412 -6.8000000000000025 60.65962980399412
      vertex 13.97842083638509 -10.800000000000002 60.61497149259583
      vertex 14.202933328929412 -10.800000000000002 60.65962980399412
    endloop
  endfacet
  facet normal -0.3214394653031447 0 0.9469301294951114
    outer loop
      vertex 14.419696006638906 -6.8000000000000025 60.733210818105235
      vertex 14.202933328929412 -10.800000000000002 60.65962980399412
      vertex 14.419696006638906 -10.800000000000002 60.733210818105235
    endloop
  endfacet
  facet normal -0.4422886902189936 0 0.896872741532692
    outer loop
      vertex 14.625 -6.8000000000000025 60.83445554337722
      vertex 14.419696006638906 -10.800000000000002 60.733210818105235
      vertex 14.625 -10.800000000000002 60.83445554337722
    endloop
  endfacet
  facet normal -0.5555702330196293 0 0.8314696123025271
    outer loop
      vertex 14.815332500765262 -6.8000000000000025 60.96163165449033
      vertex 14.625 -10.800000000000002 60.83445554337722
      vertex 14.815332500765262 -10.800000000000002 60.96163165449033
    endloop
  endfacet
  facet normal -0.6593458151000473 0 0.7518398074789961
    outer loop
      vertex 14.987436867076458 -6.8000000000000025 61.112563132923526
      vertex 14.815332500765262 -10.800000000000002 60.96163165449033
      vertex 14.987436867076458 -10.800000000000002 61.112563132923526
    endloop
  endfacet
  facet normal -0.7518398074789867 0 0.6593458151000583
    outer loop
      vertex 15.138368345509662 -6.8000000000000025 61.28466749923473
      vertex 14.987436867076458 -10.800000000000002 61.112563132923526
      vertex 15.138368345509662 -10.800000000000002 61.28466749923473
    endloop
  endfacet
  facet normal -0.8314696123025498 0 0.5555702330195953
    outer loop
      vertex 15.265544456622768 -6.8000000000000025 61.474999999999994
      vertex 15.138368345509662 -10.800000000000002 61.28466749923473
      vertex 15.265544456622768 -10.800000000000002 61.474999999999994
    endloop
  endfacet
  facet normal -0.8968727415326815 0 0.44228869021901523
    outer loop
      vertex 15.366789181894752 -6.8000000000000025 61.68030399336108
      vertex 15.265544456622768 -10.800000000000002 61.474999999999994
      vertex 15.366789181894752 -10.800000000000002 61.68030399336108
    endloop
  endfacet
  facet normal -0.9469301294951075 0 0.32143946530315626
    outer loop
      vertex 15.440370196005869 -6.8000000000000025 61.897066671070576
      vertex 15.366789181894752 -10.800000000000002 61.68030399336108
      vertex 15.440370196005869 -10.800000000000002 61.897066671070576
    endloop
  endfacet
  facet normal -0.98078528040323 0 0.19509032201613072
    outer loop
      vertex 15.485028507404168 -6.8000000000000025 62.121579163614896
      vertex 15.440370196005869 -10.800000000000002 61.897066671070576
      vertex 15.485028507404168 -10.800000000000002 62.121579163614896
    endloop
  endfacet
  facet normal -0.9978589232386037 0 0.06540312923014074
    outer loop
      vertex 15.5 -6.8000000000000025 62.349999999999994
      vertex 15.485028507404168 -10.800000000000002 62.121579163614896
      vertex 15.5 -10.800000000000002 62.349999999999994
    endloop
  endfacet
  facet normal -0.9978589232386034 0 -0.0654031292301448
    outer loop
      vertex 15.485028507404168 -6.8000000000000025 62.57842083638508
      vertex 15.5 -10.800000000000002 62.349999999999994
      vertex 15.485028507404168 -10.800000000000002 62.57842083638508
    endloop
  endfacet
  facet normal -0.0654031292301505 0 -0.997858923238603
    outer loop
      vertex 13.75 -6.8000000000000025 64.1
      vertex 13.97842083638509 -10.800000000000002 64.08502850740416
      vertex 13.75 -10.800000000000002 64.1
    endloop
  endfacet
  facet normal -0.19509032201610832 0 -0.9807852804032344
    outer loop
      vertex 13.97842083638509 -6.8000000000000025 64.08502850740416
      vertex 14.202933328929412 -10.800000000000002 64.04037019600587
      vertex 13.97842083638509 -10.800000000000002 64.08502850740416
    endloop
  endfacet
  facet normal -0.3214394653032004 0 -0.9469301294950926
    outer loop
      vertex 14.202933328929412 -6.8000000000000025 64.04037019600587
      vertex 14.419696006638906 -10.800000000000002 63.96678918189474
      vertex 14.202933328929412 -10.800000000000002 64.04037019600587
    endloop
  endfacet
  facet normal -0.6593458151000825 0 -0.7518398074789655
    outer loop
      vertex 14.815332500765262 -6.8000000000000025 63.738368345509656
      vertex 14.987436867076458 -10.800000000000002 63.58743686707645
      vertex 14.815332500765262 -10.800000000000002 63.738368345509656
    endloop
  endfacet
  facet normal -0.4422886902189936 0 -0.896872741532692
    outer loop
      vertex 14.419696006638906 -6.8000000000000025 63.96678918189474
      vertex 14.625 -10.800000000000002 63.86554445662276
      vertex 14.419696006638906 -10.800000000000002 63.96678918189474
    endloop
  endfacet
  facet normal -0.5555702330195864 0 -0.8314696123025559
    outer loop
      vertex 14.625 -6.8000000000000025 63.86554445662276
      vertex 14.815332500765262 -10.800000000000002 63.738368345509656
      vertex 14.625 -10.800000000000002 63.86554445662276
    endloop
  endfacet
  facet normal -0.7518398074789867 0 -0.6593458151000583
    outer loop
      vertex 14.987436867076458 -6.8000000000000025 63.58743686707645
      vertex 15.138368345509662 -10.800000000000002 63.415332500765246
      vertex 14.987436867076458 -10.800000000000002 63.58743686707645
    endloop
  endfacet
  facet normal -0.8314696123025307 0 -0.5555702330196239
    outer loop
      vertex 15.138368345509662 -6.8000000000000025 63.415332500765246
      vertex 15.265544456622768 -10.800000000000002 63.224999999999994
      vertex 15.138368345509662 -10.800000000000002 63.415332500765246
    endloop
  endfacet
  facet normal -0.8968727415326935 0 -0.4422886902189906
    outer loop
      vertex 15.265544456622768 -6.8000000000000025 63.224999999999994
      vertex 15.366789181894752 -10.800000000000002 63.019696006638895
      vertex 15.265544456622768 -10.800000000000002 63.224999999999994
    endloop
  endfacet
  facet normal -0.98078528040323 0 -0.19509032201613072
    outer loop
      vertex 15.440370196005869 -6.8000000000000025 62.8029333289294
      vertex 15.485028507404168 -10.800000000000002 62.57842083638508
      vertex 15.440370196005869 -10.800000000000002 62.8029333289294
    endloop
  endfacet
  facet normal -0.9469301294951075 0 -0.32143946530315626
    outer loop
      vertex 15.366789181894752 -6.8000000000000025 63.019696006638895
      vertex 15.440370196005869 -10.800000000000002 62.8029333289294
      vertex 15.366789181894752 -10.800000000000002 63.019696006638895
    endloop
  endfacet
  facet normal 1 0 0
    outer loop
      vertex -2.9499999999999997 1.9000000000000001 0
      vertex -2.9499999999999997 1.9000000000000001 58.05
      vertex -2.9499999999999997 1.5375952582557155 0
    endloop
  endfacet
  facet normal 1 0 0
    outer loop
      vertex -2.9499999999999997 1.9000000000000001 58.05
      vertex -2.9499999999999997 -0.8 0
      vertex -2.9499999999999997 1.5375952582557155 0
    endloop
  endfacet
  facet normal 1 0 0
    outer loop
      vertex -2.9499999999999997 -3.5099699944257736 30.98685785830021
      vertex -2.9499999999999997 -2.4000000000000004 0
      vertex -2.9499999999999997 -3.400961898267269 31.15000000298023
    endloop
  endfacet
  facet normal 1 0 0
    outer loop
      vertex -2.9499999999999997 -3.314180701971054 31.325974856317043
      vertex -2.9499999999999997 -3.400961898267269 31.15000000298023
      vertex -2.9499999999999997 -2.4000000000000004 0
    endloop
  endfacet
  facet normal 1 0 0
    outer loop
      vertex -2.9499999999999997 -3.5099699944257736 30.98685785830021
      vertex -2.9499999999999997 -3.6393398344516754 30.839339834451675
      vertex -2.9499999999999997 -2.4000000000000004 0
    endloop
  endfacet
  facet normal 1 0 0
    outer loop
      vertex -2.9499999999999997 -3.6393398344516754 30.839339834451675
      vertex -2.9499999999999997 -3.786857858300209 30.709969994425773
      vertex -2.9499999999999997 -2.4000000000000004 0
    endloop
  endfacet
  facet normal 1 0 0
    outer loop
      vertex -2.9499999999999997 -4.125974856317043 30.514180701971053
      vertex -2.9499999999999997 -4.311771437525749 30.45111126154661
      vertex -2.9499999999999997 -2.4000000000000004 0
    endloop
  endfacet
  facet normal 1 0 0
    outer loop
      vertex -2.9499999999999997 -3.786857858300209 30.709969994425773
      vertex -2.9499999999999997 -3.9500000029802322 30.60096189826727
      vertex -2.9499999999999997 -2.4000000000000004 0
    endloop
  endfacet
  facet normal 1 0 0
    outer loop
      vertex -2.9499999999999997 -3.9500000029802322 30.60096189826727
      vertex -2.9499999999999997 -4.125974856317043 30.514180701971053
      vertex -2.9499999999999997 -2.4000000000000004 0
    endloop
  endfacet
  facet normal 1 0 0
    outer loop
      vertex -2.9499999999999997 -4.311771437525749 30.45111126154661
      vertex -2.9499999999999997 -4.504210717976093 30.41283271163702
      vertex -2.9499999999999997 -2.4000000000000004 0
    endloop
  endfacet
  facet normal 1 0 0
    outer loop
      vertex -2.9499999999999997 -4.504210717976093 30.41283271163702
      vertex -2.9499999999999997 -4.700000002980232 30.40000000298023
      vertex -2.9499999999999997 -2.4000000000000004 0
    endloop
  endfacet
  facet normal 1 0 0
    outer loop
      vertex -2.9499999999999997 -4.700000002980232 30.40000000298023
      vertex -2.9499999999999997 -8.299999997019768 30.40000000298023
      vertex -2.9499999999999997 -2.4000000000000004 0
    endloop
  endfacet
  facet normal 1 0 0
    outer loop
      vertex -2.9499999999999997 -3.21283271163702 31.704210717976093
      vertex -2.9499999999999997 -2.4000000000000004 0
      vertex -2.9499999999999997 -3.2000000029802322 31.90000000298023
    endloop
  endfacet
  facet normal 1 0 0
    outer loop
      vertex -2.9499999999999997 -3.314180701971054 31.325974856317043
      vertex -2.9499999999999997 -2.4000000000000004 0
      vertex -2.9499999999999997 -3.251111261546612 31.51177143752575
    endloop
  endfacet
  facet normal 1 0 0
    outer loop
      vertex -2.9499999999999997 -3.251111261546612 31.51177143752575
      vertex -2.9499999999999997 -2.4000000000000004 0
      vertex -2.9499999999999997 -3.21283271163702 31.704210717976093
    endloop
  endfacet
  facet normal 1 0 0
    outer loop
      vertex -2.9499999999999997 -3.2000000029802322 31.90000000298023
      vertex -2.9499999999999997 -2.4000000000000004 0
      vertex -2.9499999999999997 -3.2000000029802322 41.900000002980235
    endloop
  endfacet
  facet normal 1 0 0
    outer loop
      vertex -2.9499999999999997 -8.299999997019768 30.40000000298023
      vertex -2.9499999999999997 -8.495789282023907 30.41283271163702
      vertex -2.9499999999999997 -2.4000000000000004 0
    endloop
  endfacet
  facet normal 1 0 0
    outer loop
      vertex -2.9499999999999997 -8.495789282023907 30.41283271163702
      vertex -2.9499999999999997 -8.68822856247425 30.45111126154661
      vertex -2.9499999999999997 -2.4000000000000004 0
    endloop
  endfacet
  facet normal 1 0 0
    outer loop
      vertex -2.9499999999999997 -8.68822856247425 30.45111126154661
      vertex -2.9499999999999997 -8.874025143682957 30.514180701971053
      vertex -2.9499999999999997 -2.4000000000000004 0
    endloop
  endfacet
  facet normal 1 0 0
    outer loop
      vertex -2.9499999999999997 -8.874025143682957 30.514180701971053
      vertex -2.9499999999999997 -9.049999997019768 30.60096189826727
      vertex -2.9499999999999997 -2.4000000000000004 0
    endloop
  endfacet
  facet normal 1 0 0
    outer loop
      vertex -2.9499999999999997 -9.049999997019768 30.60096189826727
      vertex -2.9499999999999997 -9.213142141699791 30.709969994425773
      vertex -2.9499999999999997 -2.4000000000000004 0
    endloop
  endfacet
  facet normal 1 0 0
    outer loop
      vertex -2.9499999999999997 -9.213142141699791 30.709969994425773
      vertex -2.9499999999999997 -9.360660165548325 30.839339834451675
      vertex -2.9499999999999997 -2.4000000000000004 0
    endloop
  endfacet
  facet normal 1 0 0
    outer loop
      vertex -2.9499999999999997 -9.360660165548325 30.839339834451675
      vertex -2.9499999999999997 -9.490030005574226 30.98685785830021
      vertex -2.9499999999999997 -2.4000000000000004 0
    endloop
  endfacet
  facet normal 1 0 0
    outer loop
      vertex -2.9499999999999997 -9.490030005574226 30.98685785830021
      vertex -2.9499999999999997 -9.59903810173273 31.15000000298023
      vertex -2.9499999999999997 -2.4000000000000004 0
    endloop
  endfacet
  facet normal 1 0 0
    outer loop
      vertex -2.9499999999999997 -9.59903810173273 31.15000000298023
      vertex -2.9499999999999997 -9.685819298028946 31.325974856317043
      vertex -2.9499999999999997 -2.4000000000000004 0
    endloop
  endfacet
  facet normal 1 0 0
    outer loop
      vertex -2.9499999999999997 -3.2000000029802322 41.900000002980235
      vertex -2.9499999999999997 -2.4000000000000004 0
      vertex -2.9499999999999997 -2.4000000000000004 57.55
    endloop
  endfacet
  facet normal 0 1 0
    outer loop
      vertex -2.9499999999999997 -19.500000000000004 0
      vertex 0.05685785648691899 -19.500000000000004 18.789969989563144
      vertex 0.21999999999999997 -19.500000000000004 18.68096189432334
    endloop
  endfacet
  facet normal 0 1 0
    outer loop
      vertex -2.9499999999999997 -19.500000000000004 0
      vertex 0.21999999999999997 -19.500000000000004 18.68096189432334
      vertex 0.39597485145236533 -19.500000000000004 18.594180701233068
    endloop
  endfacet
  facet normal 0 1 0
    outer loop
      vertex -2.9499999999999997 -19.500000000000004 0
      vertex 0.39597485145236533 -19.500000000000004 18.594180701233068
      vertex 0.5817714323462189 -19.500000000000004 18.531111260566394
    endloop
  endfacet
  facet normal 0 1 0
    outer loop
      vertex -2.9499999999999997 -19.500000000000004 0
      vertex 0.5817714323462189 -19.500000000000004 18.531111260566394
      vertex 0.7742107116699226 -19.500000000000004 18.492832707939282
    endloop
  endfacet
  facet normal 0 1 0
    outer loop
      vertex -2.9499999999999997 -19.500000000000004 0
      vertex 0.7742107116699226 -19.500000000000004 18.492832707939282
      vertex 0.97 -19.500000000000004 18.479999999999997
    endloop
  endfacet
  facet normal 0 1 0
    outer loop
      vertex -2.9499999999999997 -19.500000000000004 0
      vertex -0.47888873943360255 -19.500000000000004 19.591771432346214
      vertex -0.41581929876693 -19.500000000000004 19.405974851452363
    endloop
  endfacet
  facet normal 0 1 0
    outer loop
      vertex -2.9499999999999997 -19.500000000000004 0
      vertex -0.5171672920607155 -19.500000000000004 19.78421071166992
      vertex -0.47888873943360255 -19.500000000000004 19.591771432346214
    endloop
  endfacet
  facet normal 0 1 0
    outer loop
      vertex -2.9499999999999997 -19.500000000000004 0
      vertex -0.53 -19.500000000000004 19.979999999999997
      vertex -0.5171672920607155 -19.500000000000004 19.78421071166992
    endloop
  endfacet
  facet normal 0 1 0
    outer loop
      vertex -2.9499999999999997 -19.500000000000004 0
      vertex -0.32903810567665803 -19.500000000000004 19.229999999999997
      vertex -0.22003001043685289 -19.500000000000004 19.066857856486916
    endloop
  endfacet
  facet normal 0 1 0
    outer loop
      vertex -2.9499999999999997 -19.500000000000004 0
      vertex -0.41581929876693 -19.500000000000004 19.405974851452363
      vertex -0.32903810567665803 -19.500000000000004 19.229999999999997
    endloop
  endfacet
  facet normal 0 1 0
    outer loop
      vertex -2.9499999999999997 -19.500000000000004 0
      vertex -0.22003001043685289 -19.500000000000004 19.066857856486916
      vertex -0.09066017177982144 -19.500000000000004 18.919339828220174
    endloop
  endfacet
  facet normal 0 1 0
    outer loop
      vertex -2.9499999999999997 -19.500000000000004 0
      vertex -0.09066017177982144 -19.500000000000004 18.919339828220174
      vertex 0.05685785648691899 -19.500000000000004 18.789969989563144
    endloop
  endfacet
  facet normal 1 0 0
    outer loop
      vertex -2.9499999999999997 -19.500000000000004 0
      vertex -2.9499999999999997 -2.4000000000000004 0
      vertex -2.9499999999999997 -19.500000000000004 58.05
    endloop
  endfacet
  facet normal 1 0 0
    outer loop
      vertex -2.9499999999999997 -9.685819298028946 31.325974856317043
      vertex -2.9499999999999997 -19.500000000000004 58.05
      vertex -2.9499999999999997 -2.4000000000000004 0
    endloop
  endfacet
  facet normal 0 1 0
    outer loop
      vertex -2.9499999999999997 -19.500000000000004 0
      vertex -2.9499999999999997 -19.500000000000004 58.05
      vertex -0.53 -19.500000000000004 19.979999999999997
    endloop
  endfacet
  facet normal 0 1 0
    outer loop
      vertex -2.9499999999999997 -19.500000000000004 0
      vertex 0.97 -19.500000000000004 18.479999999999997
      vertex 26.529999999999998 -19.500000000000004 18.479999999999997
    endloop
  endfacet
  facet normal 1 0 0
    outer loop
      vertex -2.9499999999999997 1.9000000000000001 58.05
      vertex -2.9499999999999997 -0.8 57.55
      vertex -2.9499999999999997 -0.8 0
    endloop
  endfacet
  facet normal 1 0 0
    outer loop
      vertex -2.9499999999999997 -3.2000000029802322 41.900000002980235
      vertex -2.9499999999999997 -2.4000000000000004 57.55
      vertex -2.9499999999999997 -3.21283271163702 42.095789287984374
    endloop
  endfacet
  facet normal 1 0 0
    outer loop
      vertex -2.9499999999999997 -3.21283271163702 42.095789287984374
      vertex -2.9499999999999997 -2.4000000000000004 57.55
      vertex -2.9499999999999997 -3.251111261546612 42.28822856843472
    endloop
  endfacet
  facet normal 1 0 0
    outer loop
      vertex -2.9499999999999997 -3.251111261546612 42.28822856843472
      vertex -2.9499999999999997 -2.4000000000000004 57.55
      vertex -2.9499999999999997 -3.314180701971054 42.474025149643424
    endloop
  endfacet
  facet normal 1 0 0
    outer loop
      vertex -2.9499999999999997 -3.314180701971054 42.474025149643424
      vertex -2.9499999999999997 -2.4000000000000004 57.55
      vertex -2.9499999999999997 -3.400961898267269 42.650000002980235
    endloop
  endfacet
  facet normal 1 0 0
    outer loop
      vertex -2.9499999999999997 -3.400961898267269 42.650000002980235
      vertex -2.9499999999999997 -2.4000000000000004 57.55
      vertex -2.9499999999999997 -3.5099699944257736 42.81314214766026
    endloop
  endfacet
  facet normal 1 0 0
    outer loop
      vertex -2.9499999999999997 -3.5099699944257736 42.81314214766026
      vertex -2.9499999999999997 -2.4000000000000004 57.55
      vertex -2.9499999999999997 -3.6393398344516754 42.96066017150879
    endloop
  endfacet
  facet normal 1 0 0
    outer loop
      vertex -2.9499999999999997 -3.6393398344516754 42.96066017150879
      vertex -2.9499999999999997 -2.4000000000000004 57.55
      vertex -2.9499999999999997 -3.786857858300209 43.090030011534694
    endloop
  endfacet
  facet normal 1 0 0
    outer loop
      vertex -2.9499999999999997 -3.786857858300209 43.090030011534694
      vertex -2.9499999999999997 -2.4000000000000004 57.55
      vertex -2.9499999999999997 -3.9500000029802322 43.1990381076932
    endloop
  endfacet
  facet normal 1 0 0
    outer loop
      vertex -2.9499999999999997 -3.9500000029802322 43.1990381076932
      vertex -2.9499999999999997 -2.4000000000000004 57.55
      vertex -2.9499999999999997 -4.125974856317043 43.28581930398941
    endloop
  endfacet
  facet normal 1 0 0
    outer loop
      vertex -2.9499999999999997 -4.125974856317043 43.28581930398941
      vertex -2.9499999999999997 -2.4000000000000004 57.55
      vertex -2.9499999999999997 -4.311771437525749 43.348888744413856
    endloop
  endfacet
  facet normal 1 0 0
    outer loop
      vertex -2.9499999999999997 -4.311771437525749 43.348888744413856
      vertex -2.9499999999999997 -2.4000000000000004 57.55
      vertex -2.9499999999999997 -4.504210717976093 43.38716729432345
    endloop
  endfacet
  facet normal 1 0 0
    outer loop
      vertex -2.9499999999999997 -4.504210717976093 43.38716729432345
      vertex -2.9499999999999997 -2.4000000000000004 57.55
      vertex -2.9499999999999997 -4.700000002980232 43.400000002980235
    endloop
  endfacet
  facet normal 1 0 0
    outer loop
      vertex -2.9499999999999997 1.9000000000000001 58.05
      vertex -2.9499999999999997 -19.500000000000004 58.05
      vertex -2.9499999999999997 -0.8 57.55
    endloop
  endfacet
  facet normal 1 0 0
    outer loop
      vertex -2.9499999999999997 -19.500000000000004 58.05
      vertex -2.9499999999999997 -2.4000000000000004 57.55
      vertex -2.9499999999999997 -0.8 57.55
    endloop
  endfacet
  facet normal 0 -1 0
    outer loop
      vertex -2.9499999999999997 1.9000000000000001 0
      vertex 30.45 1.9000000000000001 58.05
      vertex -2.9499999999999997 1.9000000000000001 58.05
    endloop
  endfacet
  facet normal 0 0 -1
    outer loop
      vertex -2.9499999999999997 1.9000000000000001 58.05
      vertex 30.45 1.9000000000000001 58.05
      vertex -2.9499999999999997 -19.500000000000004 58.05
    endloop
  endfacet
  facet normal 1 0 0
    outer loop
      vertex -2.9499999999999997 -9.685819298028946 31.325974856317043
      vertex -2.9499999999999997 -9.748888738453388 31.51177143752575
      vertex -2.9499999999999997 -19.500000000000004 58.05
    endloop
  endfacet
  facet normal 1 0 0
    outer loop
      vertex -2.9499999999999997 -9.748888738453388 31.51177143752575
      vertex -2.9499999999999997 -9.78716728836298 31.704210717976093
      vertex -2.9499999999999997 -19.500000000000004 58.05
    endloop
  endfacet
  facet normal 1 0 0
    outer loop
      vertex -2.9499999999999997 -9.78716728836298 31.704210717976093
      vertex -2.9499999999999997 -9.799999997019768 31.90000000298023
      vertex -2.9499999999999997 -19.500000000000004 58.05
    endloop
  endfacet
  facet normal 1 0 0
    outer loop
      vertex -2.9499999999999997 -4.700000002980232 43.400000002980235
      vertex -2.9499999999999997 -19.500000000000004 58.05
      vertex -2.9499999999999997 -8.299999997019768 43.400000002980235
    endloop
  endfacet
  facet normal 1 0 0
    outer loop
      vertex -2.9499999999999997 -9.799999997019768 31.90000000298023
      vertex -2.9499999999999997 -9.799999997019768 41.900000002980235
      vertex -2.9499999999999997 -19.500000000000004 58.05
    endloop
  endfacet
  facet normal 1 0 0
    outer loop
      vertex -2.9499999999999997 -9.360660165548325 42.96066017150879
      vertex -2.9499999999999997 -9.213142141699791 43.090030011534694
      vertex -2.9499999999999997 -19.500000000000004 58.05
    endloop
  endfacet
  facet normal 1 0 0
    outer loop
      vertex -2.9499999999999997 -9.799999997019768 41.900000002980235
      vertex -2.9499999999999997 -9.78716728836298 42.095789287984374
      vertex -2.9499999999999997 -19.500000000000004 58.05
    endloop
  endfacet
  facet normal 1 0 0
    outer loop
      vertex -2.9499999999999997 -9.748888738453388 42.28822856843472
      vertex -2.9499999999999997 -19.500000000000004 58.05
      vertex -2.9499999999999997 -9.78716728836298 42.095789287984374
    endloop
  endfacet
  facet normal 1 0 0
    outer loop
      vertex -2.9499999999999997 -9.490030005574226 42.81314214766026
      vertex -2.9499999999999997 -9.360660165548325 42.96066017150879
      vertex -2.9499999999999997 -19.500000000000004 58.05
    endloop
  endfacet
  facet normal 1 0 0
    outer loop
      vertex -2.9499999999999997 -9.490030005574226 42.81314214766026
      vertex -2.9499999999999997 -19.500000000000004 58.05
      vertex -2.9499999999999997 -9.59903810173273 42.650000002980235
    endloop
  endfacet
  facet normal 1 0 0
    outer loop
      vertex -2.9499999999999997 -9.748888738453388 42.28822856843472
      vertex -2.9499999999999997 -9.685819298028946 42.474025149643424
      vertex -2.9499999999999997 -19.500000000000004 58.05
    endloop
  endfacet
  facet normal 1 0 0
    outer loop
      vertex -2.9499999999999997 -9.685819298028946 42.474025149643424
      vertex -2.9499999999999997 -9.59903810173273 42.650000002980235
      vertex -2.9499999999999997 -19.500000000000004 58.05
    endloop
  endfacet
  facet normal 1 0 0
    outer loop
      vertex -2.9499999999999997 -8.299999997019768 43.400000002980235
      vertex -2.9499999999999997 -19.500000000000004 58.05
      vertex -2.9499999999999997 -8.495789282023907 43.38716729432345
    endloop
  endfacet
  facet normal 1 0 0
    outer loop
      vertex -2.9499999999999997 -8.495789282023907 43.38716729432345
      vertex -2.9499999999999997 -19.500000000000004 58.05
      vertex -2.9499999999999997 -8.68822856247425 43.348888744413856
    endloop
  endfacet
  facet normal 1 0 0
    outer loop
      vertex -2.9499999999999997 -8.68822856247425 43.348888744413856
      vertex -2.9499999999999997 -19.500000000000004 58.05
      vertex -2.9499999999999997 -8.874025143682957 43.28581930398941
    endloop
  endfacet
  facet normal 1 0 0
    outer loop
      vertex -2.9499999999999997 -8.874025143682957 43.28581930398941
      vertex -2.9499999999999997 -19.500000000000004 58.05
      vertex -2.9499999999999997 -9.049999997019768 43.1990381076932
    endloop
  endfacet
  facet normal 1 0 0
    outer loop
      vertex -2.9499999999999997 -9.049999997019768 43.1990381076932
      vertex -2.9499999999999997 -19.500000000000004 58.05
      vertex -2.9499999999999997 -9.213142141699791 43.090030011534694
    endloop
  endfacet
  facet normal 0 1 0
    outer loop
      vertex -0.53 -19.500000000000004 19.979999999999997
      vertex -2.9499999999999997 -19.500000000000004 58.05
      vertex -0.53 -19.500000000000004 48.599999999999994
    endloop
  endfacet
  facet normal 1 0 0
    outer loop
      vertex -2.9499999999999997 -4.700000002980232 43.400000002980235
      vertex -2.9499999999999997 -2.4000000000000004 57.55
      vertex -2.9499999999999997 -19.500000000000004 58.05
    endloop
  endfacet
  facet normal 0 1 0
    outer loop
      vertex -0.53 -19.500000000000004 48.599999999999994
      vertex -2.9499999999999997 -19.500000000000004 58.05
      vertex -0.5171672920607155 -19.500000000000004 48.79578928833007
    endloop
  endfacet
  facet normal 0 1 0
    outer loop
      vertex -0.5171672920607155 -19.500000000000004 48.79578928833007
      vertex -2.9499999999999997 -19.500000000000004 58.05
      vertex -0.47888873943360255 -19.500000000000004 48.98822856765378
    endloop
  endfacet
  facet normal 0 1 0
    outer loop
      vertex -0.47888873943360255 -19.500000000000004 48.98822856765378
      vertex -2.9499999999999997 -19.500000000000004 58.05
      vertex -0.41581929876693 -19.500000000000004 49.17402514854763
    endloop
  endfacet
  facet normal 0 1 0
    outer loop
      vertex -0.41581929876693 -19.500000000000004 49.17402514854763
      vertex -2.9499999999999997 -19.500000000000004 58.05
      vertex -0.32903810567665803 -19.500000000000004 49.349999999999994
    endloop
  endfacet
  facet normal 0 1 0
    outer loop
      vertex -0.32903810567665803 -19.500000000000004 49.349999999999994
      vertex -2.9499999999999997 -19.500000000000004 58.05
      vertex -0.22003001043685289 -19.500000000000004 49.51314214351308
    endloop
  endfacet
  facet normal 0 1 0
    outer loop
      vertex -0.22003001043685289 -19.500000000000004 49.51314214351308
      vertex -2.9499999999999997 -19.500000000000004 58.05
      vertex -0.09066017177982144 -19.500000000000004 49.660660171779824
    endloop
  endfacet
  facet normal 0 1 0
    outer loop
      vertex -0.09066017177982144 -19.500000000000004 49.660660171779824
      vertex -2.9499999999999997 -19.500000000000004 58.05
      vertex 0.05685785648691899 -19.500000000000004 49.79003001043685
    endloop
  endfacet
  facet normal 0 1 0
    outer loop
      vertex 0.05685785648691899 -19.500000000000004 49.79003001043685
      vertex -2.9499999999999997 -19.500000000000004 58.05
      vertex 0.21999999999999997 -19.500000000000004 49.89903810567665
    endloop
  endfacet
  facet normal 0 1 0
    outer loop
      vertex 0.21999999999999997 -19.500000000000004 49.89903810567665
      vertex -2.9499999999999997 -19.500000000000004 58.05
      vertex 0.39597485145236533 -19.500000000000004 49.98581929876693
    endloop
  endfacet
  facet normal 0 1 0
    outer loop
      vertex 0.39597485145236533 -19.500000000000004 49.98581929876693
      vertex -2.9499999999999997 -19.500000000000004 58.05
      vertex 0.5817714323462189 -19.500000000000004 50.04888873943361
    endloop
  endfacet
  facet normal 0 1 0
    outer loop
      vertex 0.5817714323462189 -19.500000000000004 50.04888873943361
      vertex -2.9499999999999997 -19.500000000000004 58.05
      vertex 0.7742107116699226 -19.500000000000004 50.08716729206071
    endloop
  endfacet
  facet normal 0 1 0
    outer loop
      vertex 0.7742107116699226 -19.500000000000004 50.08716729206071
      vertex -2.9499999999999997 -19.500000000000004 58.05
      vertex 0.97 -19.500000000000004 50.099999999999994
    endloop
  endfacet
  facet normal 0 1 0
    outer loop
      vertex 0.97 -19.500000000000004 50.099999999999994
      vertex -2.9499999999999997 -19.500000000000004 58.05
      vertex 30.45 -19.500000000000004 58.05
    endloop
  endfacet
  facet normal 0 -1 0
    outer loop
      vertex -2.9499999999999997 1.9000000000000001 0
      vertex 30.45 1.9000000000000001 0
      vertex 30.45 1.9000000000000001 58.05
    endloop
  endfacet
  facet normal -1 0 0
    outer loop
      vertex 30.45 1.9000000000000001 0
      vertex 30.45 -0.8 0
      vertex 30.45 1.9000000000000001 58.05
    endloop
  endfacet
  facet normal -1 0 0
    outer loop
      vertex 30.45 -5.434633135795593 37.50224093049765
      vertex 30.45 -5.200000002980232 37.617949192225936
      vertex 30.45 -2.4000000000000004 0
    endloop
  endfacet
  facet normal -1 0 0
    outer loop
      vertex 30.45 -4.352240934967995 38.58463313132525
      vertex 30.45 -4.268148347735405 38.83236191123724
      vertex 30.45 -2.4000000000000004 0
    endloop
  endfacet
  facet normal -1 0 0
    outer loop
      vertex 30.45 -4.268148347735405 38.83236191123724
      vertex 30.45 -4.21711028367281 39.088947613537314
      vertex 30.45 -2.4000000000000004 0
    endloop
  endfacet
  facet normal -1 0 0
    outer loop
      vertex 30.45 -4.467949196696281 38.34999999850989
      vertex 30.45 -2.4000000000000004 0
      vertex 30.45 -4.613293319940567 38.13247713893652
    endloop
  endfacet
  facet normal -1 0 0
    outer loop
      vertex 30.45 -4.78578644245863 37.935786437988284
      vertex 30.45 -2.4000000000000004 0
      vertex 30.45 -4.982477143406868 37.76329331547022
    endloop
  endfacet
  facet normal -1 0 0
    outer loop
      vertex 30.45 -4.78578644245863 37.935786437988284
      vertex 30.45 -4.613293319940567 38.13247713893652
      vertex 30.45 -2.4000000000000004 0
    endloop
  endfacet
  facet normal -1 0 0
    outer loop
      vertex 30.45 -4.467949196696281 38.34999999850989
      vertex 30.45 -4.352240934967995 38.58463313132525
      vertex 30.45 -2.4000000000000004 0
    endloop
  endfacet
  facet normal -1 0 0
    outer loop
      vertex 30.45 -4.21711028367281 39.088947613537314
      vertex 30.45 -4.200000002980232 39.34999999850989
      vertex 30.45 -2.4000000000000004 0
    endloop
  endfacet
  facet normal -1 0 0
    outer loop
      vertex 30.45 -4.200000002980232 39.34999999850989
      vertex 30.45 -4.200000002980232 46.34999999850989
      vertex 30.45 -2.4000000000000004 0
    endloop
  endfacet
  facet normal -1 0 0
    outer loop
      vertex 30.45 -4.982477143406868 37.76329331547022
      vertex 30.45 -2.4000000000000004 0
      vertex 30.45 -5.200000002980232 37.617949192225936
    endloop
  endfacet
  facet normal 0 1 0
    outer loop
      vertex -2.9499999999999997 -19.500000000000004 0
      vertex 26.529999999999998 -19.500000000000004 18.479999999999997
      vertex 30.45 -19.500000000000004 0
    endloop
  endfacet
  facet normal -1 0 0
    outer loop
      vertex 30.45 -19.500000000000004 0
      vertex 30.45 -5.434633135795593 37.50224093049765
      vertex 30.45 -2.4000000000000004 0
    endloop
  endfacet
  facet normal 0 1 0
    outer loop
      vertex 30.45 -19.500000000000004 0
      vertex 26.529999999999998 -19.500000000000004 18.479999999999997
      vertex 26.725789288330073 -19.500000000000004 18.492832707939282
    endloop
  endfacet
  facet normal 0 1 0
    outer loop
      vertex 30.45 -19.500000000000004 0
      vertex 26.725789288330073 -19.500000000000004 18.492832707939282
      vertex 26.918228567653777 -19.500000000000004 18.531111260566394
    endloop
  endfacet
  facet normal 0 1 0
    outer loop
      vertex 30.45 -19.500000000000004 0
      vertex 26.918228567653777 -19.500000000000004 18.531111260566394
      vertex 27.10402514854763 -19.500000000000004 18.594180701233068
    endloop
  endfacet
  facet normal 0 1 0
    outer loop
      vertex 30.45 -19.500000000000004 0
      vertex 27.10402514854763 -19.500000000000004 18.594180701233068
      vertex 27.279999999999998 -19.500000000000004 18.68096189432334
    endloop
  endfacet
  facet normal 0 1 0
    outer loop
      vertex 30.45 -19.500000000000004 0
      vertex 27.279999999999998 -19.500000000000004 18.68096189432334
      vertex 27.44314214351308 -19.500000000000004 18.789969989563144
    endloop
  endfacet
  facet normal 0 1 0
    outer loop
      vertex 30.45 -19.500000000000004 0
      vertex 27.44314214351308 -19.500000000000004 18.789969989563144
      vertex 27.59066017177982 -19.500000000000004 18.919339828220174
    endloop
  endfacet
  facet normal 0 1 0
    outer loop
      vertex 30.45 -19.500000000000004 0
      vertex 27.59066017177982 -19.500000000000004 18.919339828220174
      vertex 27.72003001043685 -19.500000000000004 19.066857856486916
    endloop
  endfacet
  facet normal 0 1 0
    outer loop
      vertex 30.45 -19.500000000000004 0
      vertex 27.72003001043685 -19.500000000000004 19.066857856486916
      vertex 27.829038105676656 -19.500000000000004 19.229999999999997
    endloop
  endfacet
  facet normal 0 1 0
    outer loop
      vertex 30.45 -19.500000000000004 0
      vertex 27.829038105676656 -19.500000000000004 19.229999999999997
      vertex 27.915819298766927 -19.500000000000004 19.405974851452363
    endloop
  endfacet
  facet normal 0 1 0
    outer loop
      vertex 30.45 -19.500000000000004 0
      vertex 27.915819298766927 -19.500000000000004 19.405974851452363
      vertex 27.9788887394336 -19.500000000000004 19.591771432346214
    endloop
  endfacet
  facet normal 0 1 0
    outer loop
      vertex 30.45 -19.500000000000004 0
      vertex 27.9788887394336 -19.500000000000004 19.591771432346214
      vertex 28.017167292060712 -19.500000000000004 19.78421071166992
    endloop
  endfacet
  facet normal 0 1 0
    outer loop
      vertex 30.45 -19.500000000000004 0
      vertex 28.017167292060712 -19.500000000000004 19.78421071166992
      vertex 28.029999999999998 -19.500000000000004 19.979999999999997
    endloop
  endfacet
  facet normal -1 0 0
    outer loop
      vertex 30.45 -19.500000000000004 0
      vertex 30.45 -5.682361915707588 37.41814834326506
      vertex 30.45 -5.434633135795593 37.50224093049765
    endloop
  endfacet
  facet normal -1 0 0
    outer loop
      vertex 30.45 -19.500000000000004 0
      vertex 30.45 -5.93894761800766 37.367110279202464
      vertex 30.45 -5.682361915707588 37.41814834326506
    endloop
  endfacet
  facet normal -1 0 0
    outer loop
      vertex 30.45 -19.500000000000004 0
      vertex 30.45 -6.200000002980232 37.34999999850989
      vertex 30.45 -5.93894761800766 37.367110279202464
    endloop
  endfacet
  facet normal -1 0 0
    outer loop
      vertex 30.45 -19.500000000000004 0
      vertex 30.45 -12.600000001490116 37.34999999850989
      vertex 30.45 -6.200000002980232 37.34999999850989
    endloop
  endfacet
  facet normal -1 0 0
    outer loop
      vertex 30.45 -19.500000000000004 0
      vertex 30.45 -12.861052386462688 37.367110279202464
      vertex 30.45 -12.600000001490116 37.34999999850989
    endloop
  endfacet
  facet normal -1 0 0
    outer loop
      vertex 30.45 -19.500000000000004 0
      vertex 30.45 -13.11763808876276 37.41814834326506
      vertex 30.45 -12.861052386462688 37.367110279202464
    endloop
  endfacet
  facet normal -1 0 0
    outer loop
      vertex 30.45 -19.500000000000004 0
      vertex 30.45 -13.365366868674755 37.50224093049765
      vertex 30.45 -13.11763808876276 37.41814834326506
    endloop
  endfacet
  facet normal -1 0 0
    outer loop
      vertex 30.45 -19.500000000000004 0
      vertex 30.45 -13.600000001490116 37.617949192225936
      vertex 30.45 -13.365366868674755 37.50224093049765
    endloop
  endfacet
  facet normal -1 0 0
    outer loop
      vertex 30.45 -19.500000000000004 0
      vertex 30.45 -13.81752286106348 37.76329331547022
      vertex 30.45 -13.600000001490116 37.617949192225936
    endloop
  endfacet
  facet normal -1 0 0
    outer loop
      vertex 30.45 -19.500000000000004 0
      vertex 30.45 -14.014213562011719 37.935786437988284
      vertex 30.45 -13.81752286106348 37.76329331547022
    endloop
  endfacet
  facet normal -1 0 0
    outer loop
      vertex 30.45 -19.500000000000004 0
      vertex 30.45 -14.186706684529781 38.13247713893652
      vertex 30.45 -14.014213562011719 37.935786437988284
    endloop
  endfacet
  facet normal -1 0 0
    outer loop
      vertex 30.45 -19.500000000000004 0
      vertex 30.45 -14.332050807774067 38.34999999850989
      vertex 30.45 -14.186706684529781 38.13247713893652
    endloop
  endfacet
  facet normal -1 0 0
    outer loop
      vertex 30.45 -19.500000000000004 0
      vertex 30.45 -14.447759069502354 38.58463313132525
      vertex 30.45 -14.332050807774067 38.34999999850989
    endloop
  endfacet
  facet normal -1 0 0
    outer loop
      vertex 30.45 -19.500000000000004 0
      vertex 30.45 -14.531851656734943 38.83236191123724
      vertex 30.45 -14.447759069502354 38.58463313132525
    endloop
  endfacet
  facet normal -1 0 0
    outer loop
      vertex 30.45 -19.500000000000004 0
      vertex 30.45 -14.582889720797539 39.088947613537314
      vertex 30.45 -14.531851656734943 38.83236191123724
    endloop
  endfacet
  facet normal -1 0 0
    outer loop
      vertex 30.45 -19.500000000000004 0
      vertex 30.45 -14.600000001490116 39.34999999850989
      vertex 30.45 -14.582889720797539 39.088947613537314
    endloop
  endfacet
  facet normal -1 0 0
    outer loop
      vertex 30.45 -19.500000000000004 0
      vertex 30.45 -14.600000001490116 46.34999999850989
      vertex 30.45 -14.600000001490116 39.34999999850989
    endloop
  endfacet
  facet normal -1 0 0
    outer loop
      vertex 30.45 -19.500000000000004 0
      vertex 30.45 -14.582889720797539 46.61105238348246
      vertex 30.45 -14.600000001490116 46.34999999850989
    endloop
  endfacet
  facet normal 0 1 0
    outer loop
      vertex 30.45 -19.500000000000004 0
      vertex 28.029999999999998 -19.500000000000004 19.979999999999997
      vertex 30.45 -19.500000000000004 58.05
    endloop
  endfacet
  facet normal -1 0 0
    outer loop
      vertex 30.45 1.9000000000000001 58.05
      vertex 30.45 -0.8 0
      vertex 30.45 -0.8 57.55
    endloop
  endfacet
  facet normal -1 0 0
    outer loop
      vertex 30.45 -4.200000002980232 46.34999999850989
      vertex 30.45 -2.4000000000000004 57.55
      vertex 30.45 -2.4000000000000004 0
    endloop
  endfacet
  facet normal -1 0 0
    outer loop
      vertex 30.45 -4.200000002980232 46.34999999850989
      vertex 30.45 -4.21711028367281 46.61105238348246
      vertex 30.45 -2.4000000000000004 57.55
    endloop
  endfacet
  facet normal -1 0 0
    outer loop
      vertex 30.45 -4.21711028367281 46.61105238348246
      vertex 30.45 -4.268148347735405 46.86763808578253
      vertex 30.45 -2.4000000000000004 57.55
    endloop
  endfacet
  facet normal -1 0 0
    outer loop
      vertex 30.45 -4.268148347735405 46.86763808578253
      vertex 30.45 -4.352240934967995 47.115366865694526
      vertex 30.45 -2.4000000000000004 57.55
    endloop
  endfacet
  facet normal -1 0 0
    outer loop
      vertex 30.45 -4.352240934967995 47.115366865694526
      vertex 30.45 -4.467949196696281 47.34999999850989
      vertex 30.45 -2.4000000000000004 57.55
    endloop
  endfacet
  facet normal -1 0 0
    outer loop
      vertex 30.45 -4.467949196696281 47.34999999850989
      vertex 30.45 -4.613293319940567 47.56752285808325
      vertex 30.45 -2.4000000000000004 57.55
    endloop
  endfacet
  facet normal -1 0 0
    outer loop
      vertex 30.45 -4.613293319940567 47.56752285808325
      vertex 30.45 -4.78578644245863 47.76421355903149
      vertex 30.45 -2.4000000000000004 57.55
    endloop
  endfacet
  facet normal -1 0 0
    outer loop
      vertex 30.45 -4.78578644245863 47.76421355903149
      vertex 30.45 -4.982477143406868 47.93670668154955
      vertex 30.45 -2.4000000000000004 57.55
    endloop
  endfacet
  facet normal -1 0 0
    outer loop
      vertex 30.45 -4.982477143406868 47.93670668154955
      vertex 30.45 -5.200000002980232 48.08205080479384
      vertex 30.45 -2.4000000000000004 57.55
    endloop
  endfacet
  facet normal -1 0 0
    outer loop
      vertex 30.45 -5.200000002980232 48.08205080479384
      vertex 30.45 -5.434633135795593 48.197759066522124
      vertex 30.45 -2.4000000000000004 57.55
    endloop
  endfacet
  facet normal -1 0 0
    outer loop
      vertex 30.45 -5.434633135795593 48.197759066522124
      vertex 30.45 -5.682361915707588 48.281851653754714
      vertex 30.45 -2.4000000000000004 57.55
    endloop
  endfacet
  facet normal -1 0 0
    outer loop
      vertex 30.45 -5.682361915707588 48.281851653754714
      vertex 30.45 -5.93894761800766 48.33288971781731
      vertex 30.45 -2.4000000000000004 57.55
    endloop
  endfacet
  facet normal -1 0 0
    outer loop
      vertex 30.45 -5.93894761800766 48.33288971781731
      vertex 30.45 -6.200000002980232 48.34999999850989
      vertex 30.45 -2.4000000000000004 57.55
    endloop
  endfacet
  facet normal -1 0 0
    outer loop
      vertex 30.45 -6.200000002980232 48.34999999850989
      vertex 30.45 -12.600000001490116 48.34999999850989
      vertex 30.45 -2.4000000000000004 57.55
    endloop
  endfacet
  facet normal -1 0 0
    outer loop
      vertex 30.45 1.9000000000000001 58.05
      vertex 30.45 -0.8 57.55
      vertex 30.45 -19.500000000000004 58.05
    endloop
  endfacet
  facet normal -1 0 0
    outer loop
      vertex 30.45 -19.500000000000004 58.05
      vertex 30.45 -0.8 57.55
      vertex 30.45 -2.4000000000000004 57.55
    endloop
  endfacet
  facet normal 0 0 -1
    outer loop
      vertex -2.9499999999999997 -19.500000000000004 58.05
      vertex 30.45 1.9000000000000001 58.05
      vertex 30.45 -19.500000000000004 58.05
    endloop
  endfacet
  facet normal 0 1 0
    outer loop
      vertex 0.97 -19.500000000000004 50.099999999999994
      vertex 30.45 -19.500000000000004 58.05
      vertex 26.529999999999998 -19.500000000000004 50.099999999999994
    endloop
  endfacet
  facet normal -1 0 0
    outer loop
      vertex 30.45 -19.500000000000004 0
      vertex 30.45 -19.500000000000004 58.05
      vertex 30.45 -14.582889720797539 46.61105238348246
    endloop
  endfacet
  facet normal 0 1 0
    outer loop
      vertex 28.029999999999998 -19.500000000000004 19.979999999999997
      vertex 28.029999999999998 -19.500000000000004 48.599999999999994
      vertex 30.45 -19.500000000000004 58.05
    endloop
  endfacet
  facet normal -1 0 0
    outer loop
      vertex 30.45 -12.600000001490116 48.34999999850989
      vertex 30.45 -19.500000000000004 58.05
      vertex 30.45 -2.4000000000000004 57.55
    endloop
  endfacet
  facet normal -1 0 0
    outer loop
      vertex 30.45 -12.600000001490116 48.34999999850989
      vertex 30.45 -12.861052386462688 48.33288971781731
      vertex 30.45 -19.500000000000004 58.05
    endloop
  endfacet
  facet normal -1 0 0
    outer loop
      vertex 30.45 -12.861052386462688 48.33288971781731
      vertex 30.45 -13.11763808876276 48.281851653754714
      vertex 30.45 -19.500000000000004 58.05
    endloop
  endfacet
  facet normal -1 0 0
    outer loop
      vertex 30.45 -13.11763808876276 48.281851653754714
      vertex 30.45 -13.365366868674755 48.197759066522124
      vertex 30.45 -19.500000000000004 58.05
    endloop
  endfacet
  facet normal -1 0 0
    outer loop
      vertex 30.45 -13.365366868674755 48.197759066522124
      vertex 30.45 -13.600000001490116 48.08205080479384
      vertex 30.45 -19.500000000000004 58.05
    endloop
  endfacet
  facet normal -1 0 0
    outer loop
      vertex 30.45 -13.81752286106348 47.93670668154955
      vertex 30.45 -19.500000000000004 58.05
      vertex 30.45 -13.600000001490116 48.08205080479384
    endloop
  endfacet
  facet normal -1 0 0
    outer loop
      vertex 30.45 -13.81752286106348 47.93670668154955
      vertex 30.45 -14.014213562011719 47.76421355903149
      vertex 30.45 -19.500000000000004 58.05
    endloop
  endfacet
  facet normal -1 0 0
    outer loop
      vertex 30.45 -14.582889720797539 46.61105238348246
      vertex 30.45 -19.500000000000004 58.05
      vertex 30.45 -14.531851656734943 46.86763808578253
    endloop
  endfacet
  facet normal -1 0 0
    outer loop
      vertex 30.45 -14.014213562011719 47.76421355903149
      vertex 30.45 -14.186706684529781 47.56752285808325
      vertex 30.45 -19.500000000000004 58.05
    endloop
  endfacet
  facet normal -1 0 0
    outer loop
      vertex 30.45 -14.186706684529781 47.56752285808325
      vertex 30.45 -14.332050807774067 47.34999999850989
      vertex 30.45 -19.500000000000004 58.05
    endloop
  endfacet
  facet normal -1 0 0
    outer loop
      vertex 30.45 -14.447759069502354 47.115366865694526
      vertex 30.45 -19.500000000000004 58.05
      vertex 30.45 -14.332050807774067 47.34999999850989
    endloop
  endfacet
  facet normal -1 0 0
    outer loop
      vertex 30.45 -14.531851656734943 46.86763808578253
      vertex 30.45 -19.500000000000004 58.05
      vertex 30.45 -14.447759069502354 47.115366865694526
    endloop
  endfacet
  facet normal 0 1 0
    outer loop
      vertex 27.829038105676656 -19.500000000000004 49.349999999999994
      vertex 30.45 -19.500000000000004 58.05
      vertex 27.915819298766927 -19.500000000000004 49.17402514854763
    endloop
  endfacet
  facet normal 0 1 0
    outer loop
      vertex 26.529999999999998 -19.500000000000004 50.099999999999994
      vertex 30.45 -19.500000000000004 58.05
      vertex 26.725789288330073 -19.500000000000004 50.08716729206071
    endloop
  endfacet
  facet normal 0 1 0
    outer loop
      vertex 26.725789288330073 -19.500000000000004 50.08716729206071
      vertex 30.45 -19.500000000000004 58.05
      vertex 26.918228567653777 -19.500000000000004 50.04888873943361
    endloop
  endfacet
  facet normal 0 1 0
    outer loop
      vertex 26.918228567653777 -19.500000000000004 50.04888873943361
      vertex 30.45 -19.500000000000004 58.05
      vertex 27.10402514854763 -19.500000000000004 49.98581929876693
    endloop
  endfacet
  facet normal 0 1 0
    outer loop
      vertex 27.10402514854763 -19.500000000000004 49.98581929876693
      vertex 30.45 -19.500000000000004 58.05
      vertex 27.279999999999998 -19.500000000000004 49.89903810567665
    endloop
  endfacet
  facet normal 0 1 0
    outer loop
      vertex 27.279999999999998 -19.500000000000004 49.89903810567665
      vertex 30.45 -19.500000000000004 58.05
      vertex 27.44314214351308 -19.500000000000004 49.79003001043685
    endloop
  endfacet
  facet normal 0 1 0
    outer loop
      vertex 27.59066017177982 -19.500000000000004 49.660660171779824
      vertex 30.45 -19.500000000000004 58.05
      vertex 27.72003001043685 -19.500000000000004 49.51314214351308
    endloop
  endfacet
  facet normal 0 1 0
    outer loop
      vertex 27.44314214351308 -19.500000000000004 49.79003001043685
      vertex 30.45 -19.500000000000004 58.05
      vertex 27.59066017177982 -19.500000000000004 49.660660171779824
    endloop
  endfacet
  facet normal 0 1 0
    outer loop
      vertex 27.72003001043685 -19.500000000000004 49.51314214351308
      vertex 30.45 -19.500000000000004 58.05
      vertex 27.829038105676656 -19.500000000000004 49.349999999999994
    endloop
  endfacet
  facet normal 0 1 0
    outer loop
      vertex 28.029999999999998 -19.500000000000004 48.599999999999994
      vertex 28.017167292060712 -19.500000000000004 48.79578928833007
      vertex 30.45 -19.500000000000004 58.05
    endloop
  endfacet
  facet normal 0 1 0
    outer loop
      vertex 28.017167292060712 -19.500000000000004 48.79578928833007
      vertex 27.9788887394336 -19.500000000000004 48.98822856765378
      vertex 30.45 -19.500000000000004 58.05
    endloop
  endfacet
  facet normal 0 1 0
    outer loop
      vertex 27.9788887394336 -19.500000000000004 48.98822856765378
      vertex 27.915819298766927 -19.500000000000004 49.17402514854763
      vertex 30.45 -19.500000000000004 58.05
    endloop
  endfacet
  facet normal 0 -0.8314696119753573 0.5555702335092735
    outer loop
      vertex -4.75 -3.5099699944257736 30.98685785830021
      vertex -2.9499999999999997 -3.5099699944257736 30.98685785830021
      vertex -4.75 -3.400961898267269 31.15000000298023
    endloop
  endfacet
  facet normal 0 -0.8968727369300092 0.44228869955231076
    outer loop
      vertex -4.75 -3.314180701971054 31.325974856317043
      vertex -4.75 -3.400961898267269 31.15000000298023
      vertex -2.9499999999999997 -3.400961898267269 31.15000000298023
    endloop
  endfacet
  facet normal 0 -0.7518397942312051 0.6593458302062577
    outer loop
      vertex -4.75 -3.5099699944257736 30.98685785830021
      vertex -4.75 -3.6393398344516754 30.839339834451675
      vertex -2.9499999999999997 -3.6393398344516754 30.839339834451675
    endloop
  endfacet
  facet normal 0 -0.6593458302062577 0.7518397942312051
    outer loop
      vertex -4.75 -3.6393398344516754 30.839339834451675
      vertex -4.75 -3.786857858300209 30.709969994425773
      vertex -2.9499999999999997 -3.786857858300209 30.709969994425773
    endloop
  endfacet
  facet normal 0 -0.5555702335092735 0.8314696119753573
    outer loop
      vertex -4.75 -3.786857858300209 30.709969994425773
      vertex -4.75 -3.9500000029802322 30.60096189826727
      vertex -2.9499999999999997 -3.9500000029802322 30.60096189826727
    endloop
  endfacet
  facet normal 0 -0.44228869955231076 0.8968727369300092
    outer loop
      vertex -4.75 -3.9500000029802322 30.60096189826727
      vertex -4.75 -4.125974856317043 30.514180701971053
      vertex -2.9499999999999997 -4.125974856317043 30.514180701971053
    endloop
  endfacet
  facet normal 0 -0.9469301300366788 0.32143946370773846
    outer loop
      vertex -4.75 -3.314180701971054 31.325974856317043
      vertex -2.9499999999999997 -3.314180701971054 31.325974856317043
      vertex -4.75 -3.251111261546612 31.51177143752575
    endloop
  endfacet
  facet normal 0 -0.9807852832718771 0.19509030759446716
    outer loop
      vertex -4.75 -3.251111261546612 31.51177143752575
      vertex -2.9499999999999997 -3.251111261546612 31.51177143752575
      vertex -4.75 -3.21283271163702 31.704210717976093
    endloop
  endfacet
  facet normal 0 -0.9978589229274388 0.06540313397759875
    outer loop
      vertex -4.75 -3.21283271163702 31.704210717976093
      vertex -2.9499999999999997 -3.21283271163702 31.704210717976093
      vertex -4.75 -3.2000000029802322 31.90000000298023
    endloop
  endfacet
  facet normal 0 -0.6593458302062577 0.7518397942312051
    outer loop
      vertex -4.75 -3.6393398344516754 30.839339834451675
      vertex -2.9499999999999997 -3.786857858300209 30.709969994425773
      vertex -2.9499999999999997 -3.6393398344516754 30.839339834451675
    endloop
  endfacet
  facet normal 0 -0.8968727369300092 0.44228869955231076
    outer loop
      vertex -4.75 -3.314180701971054 31.325974856317043
      vertex -2.9499999999999997 -3.400961898267269 31.15000000298023
      vertex -2.9499999999999997 -3.314180701971054 31.325974856317043
    endloop
  endfacet
  facet normal 0 -0.8314696119753573 0.5555702335092735
    outer loop
      vertex -4.75 -3.400961898267269 31.15000000298023
      vertex -2.9499999999999997 -3.5099699944257736 30.98685785830021
      vertex -2.9499999999999997 -3.400961898267269 31.15000000298023
    endloop
  endfacet
  facet normal 0 -0.7518397942312051 0.6593458302062577
    outer loop
      vertex -4.75 -3.5099699944257736 30.98685785830021
      vertex -2.9499999999999997 -3.6393398344516754 30.839339834451675
      vertex -2.9499999999999997 -3.5099699944257736 30.98685785830021
    endloop
  endfacet
  facet normal 0 -0.5555702335092735 0.8314696119753573
    outer loop
      vertex -4.75 -3.786857858300209 30.709969994425773
      vertex -2.9499999999999997 -3.9500000029802322 30.60096189826727
      vertex -2.9499999999999997 -3.786857858300209 30.709969994425773
    endloop
  endfacet
  facet normal 0 -0.44228869955231076 0.8968727369300092
    outer loop
      vertex -4.75 -3.9500000029802322 30.60096189826727
      vertex -2.9499999999999997 -4.125974856317043 30.514180701971053
      vertex -2.9499999999999997 -3.9500000029802322 30.60096189826727
    endloop
  endfacet
  facet normal 0 -0.9469301300366788 0.32143946370773846
    outer loop
      vertex -4.75 -3.251111261546612 31.51177143752575
      vertex -2.9499999999999997 -3.314180701971054 31.325974856317043
      vertex -2.9499999999999997 -3.251111261546612 31.51177143752575
    endloop
  endfacet
  facet normal 0 -0.9807852832718771 0.19509030759446716
    outer loop
      vertex -4.75 -3.21283271163702 31.704210717976093
      vertex -2.9499999999999997 -3.251111261546612 31.51177143752575
      vertex -2.9499999999999997 -3.21283271163702 31.704210717976093
    endloop
  endfacet
  facet normal 0 -0.9978589229274388 0.06540313397759875
    outer loop
      vertex -4.75 -3.2000000029802322 31.90000000298023
      vertex -2.9499999999999997 -3.21283271163702 31.704210717976093
      vertex -2.9499999999999997 -3.2000000029802322 31.90000000298023
    endloop
  endfacet
  facet normal 0 -0.32143946370773846 0.9469301300366788
    outer loop
      vertex -4.75 -4.125974856317043 30.514180701971053
      vertex -4.75 -4.311771437525749 30.45111126154661
      vertex -2.9499999999999997 -4.311771437525749 30.45111126154661
    endloop
  endfacet
  facet normal 0 -0.19509030759446716 0.9807852832718771
    outer loop
      vertex -4.75 -4.311771437525749 30.45111126154661
      vertex -4.75 -4.504210717976093 30.41283271163702
      vertex -2.9499999999999997 -4.504210717976093 30.41283271163702
    endloop
  endfacet
  facet normal 0 -0.06540313397759875 0.9978589229274388
    outer loop
      vertex -4.75 -4.504210717976093 30.41283271163702
      vertex -4.75 -4.700000002980232 30.40000000298023
      vertex -2.9499999999999997 -4.700000002980232 30.40000000298023
    endloop
  endfacet
  facet normal 0 -0.32143946370773846 0.9469301300366788
    outer loop
      vertex -4.75 -4.125974856317043 30.514180701971053
      vertex -2.9499999999999997 -4.311771437525749 30.45111126154661
      vertex -2.9499999999999997 -4.125974856317043 30.514180701971053
    endloop
  endfacet
  facet normal 0 -0.19509030759446716 0.9807852832718771
    outer loop
      vertex -4.75 -4.311771437525749 30.45111126154661
      vertex -2.9499999999999997 -4.504210717976093 30.41283271163702
      vertex -2.9499999999999997 -4.311771437525749 30.45111126154661
    endloop
  endfacet
  facet normal 0 -0.06540313397759875 0.9978589229274388
    outer loop
      vertex -4.75 -4.504210717976093 30.41283271163702
      vertex -2.9499999999999997 -4.700000002980232 30.40000000298023
      vertex -2.9499999999999997 -4.504210717976093 30.41283271163702
    endloop
  endfacet
  facet normal 0 0 1
    outer loop
      vertex -4.75 -4.700000002980232 30.40000000298023
      vertex -4.75 -8.299999997019768 30.40000000298023
      vertex -2.9499999999999997 -8.299999997019768 30.40000000298023
    endloop
  endfacet
  facet normal 0 0 1
    outer loop
      vertex -4.75 -4.700000002980232 30.40000000298023
      vertex -2.9499999999999997 -8.299999997019768 30.40000000298023
      vertex -2.9499999999999997 -4.700000002980232 30.40000000298023
    endloop
  endfacet
  facet normal 0 0.06540313397759875 0.9978589229274388
    outer loop
      vertex -4.75 -8.299999997019768 30.40000000298023
      vertex -4.75 -8.495789282023907 30.41283271163702
      vertex -2.9499999999999997 -8.495789282023907 30.41283271163702
    endloop
  endfacet
  facet normal 0 0.19509030759446716 0.9807852832718771
    outer loop
      vertex -4.75 -8.495789282023907 30.41283271163702
      vertex -4.75 -8.68822856247425 30.45111126154661
      vertex -2.9499999999999997 -8.68822856247425 30.45111126154661
    endloop
  endfacet
  facet normal 0 0.06540313397759875 0.9978589229274388
    outer loop
      vertex -4.75 -8.299999997019768 30.40000000298023
      vertex -2.9499999999999997 -8.495789282023907 30.41283271163702
      vertex -2.9499999999999997 -8.299999997019768 30.40000000298023
    endloop
  endfacet
  facet normal 0 0.19509030759446716 0.9807852832718771
    outer loop
      vertex -4.75 -8.495789282023907 30.41283271163702
      vertex -2.9499999999999997 -8.68822856247425 30.45111126154661
      vertex -2.9499999999999997 -8.495789282023907 30.41283271163702
    endloop
  endfacet
  facet normal 0 0.32143946370773846 0.9469301300366788
    outer loop
      vertex -4.75 -8.68822856247425 30.45111126154661
      vertex -2.9499999999999997 -8.874025143682957 30.514180701971053
      vertex -2.9499999999999997 -8.68822856247425 30.45111126154661
    endloop
  endfacet
  facet normal 0 0.32143946370773846 0.9469301300366788
    outer loop
      vertex -4.75 -8.68822856247425 30.45111126154661
      vertex -4.75 -8.874025143682957 30.514180701971053
      vertex -2.9499999999999997 -8.874025143682957 30.514180701971053
    endloop
  endfacet
  facet normal 0 0.44228869955231076 0.8968727369300092
    outer loop
      vertex -4.75 -8.874025143682957 30.514180701971053
      vertex -4.75 -9.049999997019768 30.60096189826727
      vertex -2.9499999999999997 -9.049999997019768 30.60096189826727
    endloop
  endfacet
  facet normal 0 0.5555702335092735 0.8314696119753573
    outer loop
      vertex -4.75 -9.049999997019768 30.60096189826727
      vertex -4.75 -9.213142141699791 30.709969994425773
      vertex -2.9499999999999997 -9.213142141699791 30.709969994425773
    endloop
  endfacet
  facet normal 0 0.6593458302062577 0.7518397942312051
    outer loop
      vertex -4.75 -9.213142141699791 30.709969994425773
      vertex -4.75 -9.360660165548325 30.839339834451675
      vertex -2.9499999999999997 -9.360660165548325 30.839339834451675
    endloop
  endfacet
  facet normal 0 0.7518397942312051 0.6593458302062577
    outer loop
      vertex -4.75 -9.360660165548325 30.839339834451675
      vertex -4.75 -9.490030005574226 30.98685785830021
      vertex -2.9499999999999997 -9.490030005574226 30.98685785830021
    endloop
  endfacet
  facet normal 0 0.8314696119753573 0.5555702335092735
    outer loop
      vertex -4.75 -9.490030005574226 30.98685785830021
      vertex -4.75 -9.59903810173273 31.15000000298023
      vertex -2.9499999999999997 -9.59903810173273 31.15000000298023
    endloop
  endfacet
  facet normal 0 0.8968727369300092 0.44228869955231076
    outer loop
      vertex -4.75 -9.59903810173273 31.15000000298023
      vertex -4.75 -9.685819298028946 31.325974856317043
      vertex -2.9499999999999997 -9.685819298028946 31.325974856317043
    endloop
  endfacet
  facet normal 0 0.9469301300366788 0.32143946370773846
    outer loop
      vertex -4.75 -9.685819298028946 31.325974856317043
      vertex -4.75 -9.748888738453388 31.51177143752575
      vertex -2.9499999999999997 -9.748888738453388 31.51177143752575
    endloop
  endfacet
  facet normal 0 0.9807852832718771 0.19509030759446716
    outer loop
      vertex -4.75 -9.748888738453388 31.51177143752575
      vertex -4.75 -9.78716728836298 31.704210717976093
      vertex -2.9499999999999997 -9.78716728836298 31.704210717976093
    endloop
  endfacet
  facet normal 0 0.9978589229274388 0.06540313397759875
    outer loop
      vertex -4.75 -9.78716728836298 31.704210717976093
      vertex -4.75 -9.799999997019768 31.90000000298023
      vertex -2.9499999999999997 -9.799999997019768 31.90000000298023
    endloop
  endfacet
  facet normal 0 0.44228869955231076 0.8968727369300092
    outer loop
      vertex -4.75 -8.874025143682957 30.514180701971053
      vertex -2.9499999999999997 -9.049999997019768 30.60096189826727
      vertex -2.9499999999999997 -8.874025143682957 30.514180701971053
    endloop
  endfacet
  facet normal 0 0.5555702335092735 0.8314696119753573
    outer loop
      vertex -4.75 -9.049999997019768 30.60096189826727
      vertex -2.9499999999999997 -9.213142141699791 30.709969994425773
      vertex -2.9499999999999997 -9.049999997019768 30.60096189826727
    endloop
  endfacet
  facet normal 0 0.6593458302062577 0.7518397942312051
    outer loop
      vertex -4.75 -9.213142141699791 30.709969994425773
      vertex -2.9499999999999997 -9.360660165548325 30.839339834451675
      vertex -2.9499999999999997 -9.213142141699791 30.709969994425773
    endloop
  endfacet
  facet normal 0 0.7518397942312051 0.6593458302062577
    outer loop
      vertex -4.75 -9.360660165548325 30.839339834451675
      vertex -2.9499999999999997 -9.490030005574226 30.98685785830021
      vertex -2.9499999999999997 -9.360660165548325 30.839339834451675
    endloop
  endfacet
  facet normal 0 0.8314696119753573 0.5555702335092735
    outer loop
      vertex -4.75 -9.490030005574226 30.98685785830021
      vertex -2.9499999999999997 -9.59903810173273 31.15000000298023
      vertex -2.9499999999999997 -9.490030005574226 30.98685785830021
    endloop
  endfacet
  facet normal 0 0.8968727369300092 0.44228869955231076
    outer loop
      vertex -4.75 -9.59903810173273 31.15000000298023
      vertex -2.9499999999999997 -9.685819298028946 31.325974856317043
      vertex -2.9499999999999997 -9.59903810173273 31.15000000298023
    endloop
  endfacet
  facet normal 0 0.9469301300366788 0.32143946370773846
    outer loop
      vertex -4.75 -9.685819298028946 31.325974856317043
      vertex -2.9499999999999997 -9.748888738453388 31.51177143752575
      vertex -2.9499999999999997 -9.685819298028946 31.325974856317043
    endloop
  endfacet
  facet normal 0 0.9807852832718771 0.19509030759446716
    outer loop
      vertex -4.75 -9.748888738453388 31.51177143752575
      vertex -2.9499999999999997 -9.78716728836298 31.704210717976093
      vertex -2.9499999999999997 -9.748888738453388 31.51177143752575
    endloop
  endfacet
  facet normal 0 0.9978589229274388 0.06540313397759875
    outer loop
      vertex -4.75 -9.78716728836298 31.704210717976093
      vertex -2.9499999999999997 -9.799999997019768 31.90000000298023
      vertex -2.9499999999999997 -9.78716728836298 31.704210717976093
    endloop
  endfacet
  facet normal 0 -1 0
    outer loop
      vertex -4.75 -3.2000000029802322 31.90000000298023
      vertex -2.9499999999999997 -3.2000000029802322 31.90000000298023
      vertex -4.75 -3.2000000029802322 41.900000002980235
    endloop
  endfacet
  facet normal 0 -1 0
    outer loop
      vertex -2.9499999999999997 -3.2000000029802322 31.90000000298023
      vertex -2.9499999999999997 -3.2000000029802322 41.900000002980235
      vertex -4.75 -3.2000000029802322 41.900000002980235
    endloop
  endfacet
  facet normal 0 -0.9978589229274388 -0.06540313397759875
    outer loop
      vertex -4.75 -3.2000000029802322 41.900000002980235
      vertex -2.9499999999999997 -3.2000000029802322 41.900000002980235
      vertex -4.75 -3.21283271163702 42.095789287984374
    endloop
  endfacet
  facet normal 0 -0.9807852832718771 -0.19509030759446716
    outer loop
      vertex -4.75 -3.21283271163702 42.095789287984374
      vertex -2.9499999999999997 -3.21283271163702 42.095789287984374
      vertex -4.75 -3.251111261546612 42.28822856843472
    endloop
  endfacet
  facet normal 0 -0.9469301300366788 -0.32143946370773846
    outer loop
      vertex -4.75 -3.251111261546612 42.28822856843472
      vertex -2.9499999999999997 -3.251111261546612 42.28822856843472
      vertex -4.75 -3.314180701971054 42.474025149643424
    endloop
  endfacet
  facet normal 0 -0.8968727369300092 -0.44228869955231076
    outer loop
      vertex -4.75 -3.314180701971054 42.474025149643424
      vertex -2.9499999999999997 -3.314180701971054 42.474025149643424
      vertex -4.75 -3.400961898267269 42.650000002980235
    endloop
  endfacet
  facet normal 0 -0.8314696119753573 -0.5555702335092735
    outer loop
      vertex -4.75 -3.400961898267269 42.650000002980235
      vertex -2.9499999999999997 -3.400961898267269 42.650000002980235
      vertex -4.75 -3.5099699944257736 42.81314214766026
    endloop
  endfacet
  facet normal 0 -0.7518397942312051 -0.6593458302062577
    outer loop
      vertex -4.75 -3.5099699944257736 42.81314214766026
      vertex -2.9499999999999997 -3.5099699944257736 42.81314214766026
      vertex -4.75 -3.6393398344516754 42.96066017150879
    endloop
  endfacet
  facet normal 0 -0.6593458302062577 -0.7518397942312051
    outer loop
      vertex -4.75 -3.6393398344516754 42.96066017150879
      vertex -2.9499999999999997 -3.6393398344516754 42.96066017150879
      vertex -4.75 -3.786857858300209 43.090030011534694
    endloop
  endfacet
  facet normal 0 -0.5555702335092735 -0.8314696119753573
    outer loop
      vertex -4.75 -3.786857858300209 43.090030011534694
      vertex -2.9499999999999997 -3.786857858300209 43.090030011534694
      vertex -4.75 -3.9500000029802322 43.1990381076932
    endloop
  endfacet
  facet normal 0 -0.44228869955231076 -0.8968727369300092
    outer loop
      vertex -4.75 -3.9500000029802322 43.1990381076932
      vertex -2.9499999999999997 -3.9500000029802322 43.1990381076932
      vertex -4.75 -4.125974856317043 43.28581930398941
    endloop
  endfacet
  facet normal 0 -0.9978589229274388 -0.06540313397759875
    outer loop
      vertex -4.75 -3.21283271163702 42.095789287984374
      vertex -2.9499999999999997 -3.2000000029802322 41.900000002980235
      vertex -2.9499999999999997 -3.21283271163702 42.095789287984374
    endloop
  endfacet
  facet normal 0 -0.9807852832718771 -0.19509030759446716
    outer loop
      vertex -4.75 -3.251111261546612 42.28822856843472
      vertex -2.9499999999999997 -3.21283271163702 42.095789287984374
      vertex -2.9499999999999997 -3.251111261546612 42.28822856843472
    endloop
  endfacet
  facet normal 0 -0.9469301300366788 -0.32143946370773846
    outer loop
      vertex -4.75 -3.314180701971054 42.474025149643424
      vertex -2.9499999999999997 -3.251111261546612 42.28822856843472
      vertex -2.9499999999999997 -3.314180701971054 42.474025149643424
    endloop
  endfacet
  facet normal 0 -0.8968727369300092 -0.44228869955231076
    outer loop
      vertex -4.75 -3.400961898267269 42.650000002980235
      vertex -2.9499999999999997 -3.314180701971054 42.474025149643424
      vertex -2.9499999999999997 -3.400961898267269 42.650000002980235
    endloop
  endfacet
  facet normal 0 -0.8314696119753573 -0.5555702335092735
    outer loop
      vertex -4.75 -3.5099699944257736 42.81314214766026
      vertex -2.9499999999999997 -3.400961898267269 42.650000002980235
      vertex -2.9499999999999997 -3.5099699944257736 42.81314214766026
    endloop
  endfacet
  facet normal 0 -0.7518397942312051 -0.6593458302062577
    outer loop
      vertex -4.75 -3.6393398344516754 42.96066017150879
      vertex -2.9499999999999997 -3.5099699944257736 42.81314214766026
      vertex -2.9499999999999997 -3.6393398344516754 42.96066017150879
    endloop
  endfacet
  facet normal 0 -0.6593458302062577 -0.7518397942312051
    outer loop
      vertex -4.75 -3.786857858300209 43.090030011534694
      vertex -2.9499999999999997 -3.6393398344516754 42.96066017150879
      vertex -2.9499999999999997 -3.786857858300209 43.090030011534694
    endloop
  endfacet
  facet normal 0 -0.5555702335092735 -0.8314696119753573
    outer loop
      vertex -4.75 -3.9500000029802322 43.1990381076932
      vertex -2.9499999999999997 -3.786857858300209 43.090030011534694
      vertex -2.9499999999999997 -3.9500000029802322 43.1990381076932
    endloop
  endfacet
  facet normal 0 -0.44228869955231076 -0.8968727369300092
    outer loop
      vertex -2.9499999999999997 -3.9500000029802322 43.1990381076932
      vertex -2.9499999999999997 -4.125974856317043 43.28581930398941
      vertex -4.75 -4.125974856317043 43.28581930398941
    endloop
  endfacet
  facet normal 0 -0.32143946370773846 -0.9469301300366788
    outer loop
      vertex -4.75 -4.125974856317043 43.28581930398941
      vertex -2.9499999999999997 -4.125974856317043 43.28581930398941
      vertex -4.75 -4.311771437525749 43.348888744413856
    endloop
  endfacet
  facet normal 0 -0.19509030759446716 -0.9807852832718771
    outer loop
      vertex -4.75 -4.311771437525749 43.348888744413856
      vertex -2.9499999999999997 -4.311771437525749 43.348888744413856
      vertex -4.75 -4.504210717976093 43.38716729432345
    endloop
  endfacet
  facet normal 0 -0.06540313397759875 -0.9978589229274388
    outer loop
      vertex -4.75 -4.504210717976093 43.38716729432345
      vertex -2.9499999999999997 -4.504210717976093 43.38716729432345
      vertex -4.75 -4.700000002980232 43.400000002980235
    endloop
  endfacet
  facet normal 0 -0.32143946370773846 -0.9469301300366788
    outer loop
      vertex -4.75 -4.311771437525749 43.348888744413856
      vertex -2.9499999999999997 -4.125974856317043 43.28581930398941
      vertex -2.9499999999999997 -4.311771437525749 43.348888744413856
    endloop
  endfacet
  facet normal 0 -0.19509030759446716 -0.9807852832718771
    outer loop
      vertex -4.75 -4.504210717976093 43.38716729432345
      vertex -2.9499999999999997 -4.311771437525749 43.348888744413856
      vertex -2.9499999999999997 -4.504210717976093 43.38716729432345
    endloop
  endfacet
  facet normal 0 -0.06540313397759875 -0.9978589229274388
    outer loop
      vertex -4.75 -4.700000002980232 43.400000002980235
      vertex -2.9499999999999997 -4.504210717976093 43.38716729432345
      vertex -2.9499999999999997 -4.700000002980232 43.400000002980235
    endloop
  endfacet
  facet normal 0 0 -1
    outer loop
      vertex -4.75 -4.700000002980232 43.400000002980235
      vertex -2.9499999999999997 -4.700000002980232 43.400000002980235
      vertex -4.75 -8.299999997019768 43.400000002980235
    endloop
  endfacet
  facet normal 0 0 -1
    outer loop
      vertex -2.9499999999999997 -4.700000002980232 43.400000002980235
      vertex -2.9499999999999997 -8.299999997019768 43.400000002980235
      vertex -4.75 -8.299999997019768 43.400000002980235
    endloop
  endfacet
  facet normal 0 0.06540313397759875 -0.9978589229274388
    outer loop
      vertex -4.75 -8.299999997019768 43.400000002980235
      vertex -2.9499999999999997 -8.299999997019768 43.400000002980235
      vertex -4.75 -8.495789282023907 43.38716729432345
    endloop
  endfacet
  facet normal 0 0.32143946370773846 -0.9469301300366788
    outer loop
      vertex -4.75 -8.68822856247425 43.348888744413856
      vertex -2.9499999999999997 -8.68822856247425 43.348888744413856
      vertex -4.75 -8.874025143682957 43.28581930398941
    endloop
  endfacet
  facet normal 0 0.19509030759446716 -0.9807852832718771
    outer loop
      vertex -4.75 -8.495789282023907 43.38716729432345
      vertex -2.9499999999999997 -8.495789282023907 43.38716729432345
      vertex -4.75 -8.68822856247425 43.348888744413856
    endloop
  endfacet
  facet normal 0 0.06540313397759875 -0.9978589229274388
    outer loop
      vertex -4.75 -8.495789282023907 43.38716729432345
      vertex -2.9499999999999997 -8.299999997019768 43.400000002980235
      vertex -2.9499999999999997 -8.495789282023907 43.38716729432345
    endloop
  endfacet
  facet normal 0 0.19509030759446716 -0.9807852832718771
    outer loop
      vertex -4.75 -8.68822856247425 43.348888744413856
      vertex -2.9499999999999997 -8.495789282023907 43.38716729432345
      vertex -2.9499999999999997 -8.68822856247425 43.348888744413856
    endloop
  endfacet
  facet normal 0 1 0
    outer loop
      vertex -4.75 -9.799999997019768 31.90000000298023
      vertex -2.9499999999999997 -9.799999997019768 41.900000002980235
      vertex -2.9499999999999997 -9.799999997019768 31.90000000298023
    endloop
  endfacet
  facet normal 0 1 0
    outer loop
      vertex -4.75 -9.799999997019768 31.90000000298023
      vertex -4.75 -9.799999997019768 41.900000002980235
      vertex -2.9499999999999997 -9.799999997019768 41.900000002980235
    endloop
  endfacet
  facet normal 0 0.8314696119753573 -0.5555702335092735
    outer loop
      vertex -4.75 -9.490030005574226 42.81314214766026
      vertex -2.9499999999999997 -9.490030005574226 42.81314214766026
      vertex -4.75 -9.59903810173273 42.650000002980235
    endloop
  endfacet
  facet normal 0 0.44228869955231076 -0.8968727369300092
    outer loop
      vertex -4.75 -8.874025143682957 43.28581930398941
      vertex -2.9499999999999997 -8.874025143682957 43.28581930398941
      vertex -4.75 -9.049999997019768 43.1990381076932
    endloop
  endfacet
  facet normal 0 0.5555702335092735 -0.8314696119753573
    outer loop
      vertex -4.75 -9.049999997019768 43.1990381076932
      vertex -2.9499999999999997 -9.049999997019768 43.1990381076932
      vertex -4.75 -9.213142141699791 43.090030011534694
    endloop
  endfacet
  facet normal 0 0.6593458302062577 -0.7518397942312051
    outer loop
      vertex -4.75 -9.360660165548325 42.96066017150879
      vertex -4.75 -9.213142141699791 43.090030011534694
      vertex -2.9499999999999997 -9.213142141699791 43.090030011534694
    endloop
  endfacet
  facet normal 0 0.7518397942312051 -0.6593458302062577
    outer loop
      vertex -4.75 -9.490030005574226 42.81314214766026
      vertex -4.75 -9.360660165548325 42.96066017150879
      vertex -2.9499999999999997 -9.360660165548325 42.96066017150879
    endloop
  endfacet
  facet normal 0 0.9807852832718771 -0.19509030759446716
    outer loop
      vertex -4.75 -9.748888738453388 42.28822856843472
      vertex -2.9499999999999997 -9.748888738453388 42.28822856843472
      vertex -4.75 -9.78716728836298 42.095789287984374
    endloop
  endfacet
  facet normal 0 0.9978589229274388 -0.06540313397759875
    outer loop
      vertex -4.75 -9.799999997019768 41.900000002980235
      vertex -4.75 -9.78716728836298 42.095789287984374
      vertex -2.9499999999999997 -9.78716728836298 42.095789287984374
    endloop
  endfacet
  facet normal 0 0.9469301300366788 -0.32143946370773846
    outer loop
      vertex -4.75 -9.748888738453388 42.28822856843472
      vertex -4.75 -9.685819298028946 42.474025149643424
      vertex -2.9499999999999997 -9.685819298028946 42.474025149643424
    endloop
  endfacet
  facet normal 0 0.8968727369300092 -0.44228869955231076
    outer loop
      vertex -4.75 -9.685819298028946 42.474025149643424
      vertex -4.75 -9.59903810173273 42.650000002980235
      vertex -2.9499999999999997 -9.59903810173273 42.650000002980235
    endloop
  endfacet
  facet normal 0 0.8314696119753573 -0.5555702335092735
    outer loop
      vertex -4.75 -9.59903810173273 42.650000002980235
      vertex -2.9499999999999997 -9.490030005574226 42.81314214766026
      vertex -2.9499999999999997 -9.59903810173273 42.650000002980235
    endloop
  endfacet
  facet normal 0 0.32143946370773846 -0.9469301300366788
    outer loop
      vertex -2.9499999999999997 -8.68822856247425 43.348888744413856
      vertex -2.9499999999999997 -8.874025143682957 43.28581930398941
      vertex -4.75 -8.874025143682957 43.28581930398941
    endloop
  endfacet
  facet normal 0 0.44228869955231076 -0.8968727369300092
    outer loop
      vertex -4.75 -9.049999997019768 43.1990381076932
      vertex -2.9499999999999997 -8.874025143682957 43.28581930398941
      vertex -2.9499999999999997 -9.049999997019768 43.1990381076932
    endloop
  endfacet
  facet normal 0 0.5555702335092735 -0.8314696119753573
    outer loop
      vertex -4.75 -9.213142141699791 43.090030011534694
      vertex -2.9499999999999997 -9.049999997019768 43.1990381076932
      vertex -2.9499999999999997 -9.213142141699791 43.090030011534694
    endloop
  endfacet
  facet normal 0 0.6593458302062577 -0.7518397942312051
    outer loop
      vertex -4.75 -9.360660165548325 42.96066017150879
      vertex -2.9499999999999997 -9.213142141699791 43.090030011534694
      vertex -2.9499999999999997 -9.360660165548325 42.96066017150879
    endloop
  endfacet
  facet normal 0 0.7518397942312051 -0.6593458302062577
    outer loop
      vertex -4.75 -9.490030005574226 42.81314214766026
      vertex -2.9499999999999997 -9.360660165548325 42.96066017150879
      vertex -2.9499999999999997 -9.490030005574226 42.81314214766026
    endloop
  endfacet
  facet normal 0 0.9807852832718771 -0.19509030759446716
    outer loop
      vertex -4.75 -9.78716728836298 42.095789287984374
      vertex -2.9499999999999997 -9.748888738453388 42.28822856843472
      vertex -2.9499999999999997 -9.78716728836298 42.095789287984374
    endloop
  endfacet
  facet normal 0 0.9978589229274388 -0.06540313397759875
    outer loop
      vertex -4.75 -9.799999997019768 41.900000002980235
      vertex -2.9499999999999997 -9.78716728836298 42.095789287984374
      vertex -2.9499999999999997 -9.799999997019768 41.900000002980235
    endloop
  endfacet
  facet normal 0 0.8968727369300092 -0.44228869955231076
    outer loop
      vertex -4.75 -9.685819298028946 42.474025149643424
      vertex -2.9499999999999997 -9.59903810173273 42.650000002980235
      vertex -2.9499999999999997 -9.685819298028946 42.474025149643424
    endloop
  endfacet
  facet normal 0 0.9469301300366788 -0.32143946370773846
    outer loop
      vertex -4.75 -9.748888738453388 42.28822856843472
      vertex -2.9499999999999997 -9.685819298028946 42.474025149643424
      vertex -2.9499999999999997 -9.748888738453388 42.28822856843472
    endloop
  endfacet
  facet normal 0 -0.44228870708373325 0.8968727332159228
    outer loop
      vertex 30.45 -5.434633135795593 37.50224093049765
      vertex 32.25 -5.434633135795593 37.50224093049765
      vertex 30.45 -5.200000002980232 37.617949192225936
    endloop
  endfacet
  facet normal 0 -0.32143945792867507 0.9469301319984065
    outer loop
      vertex 30.45 -5.434633135795593 37.50224093049765
      vertex 30.45 -5.682361915707588 37.41814834326506
      vertex 32.25 -5.682361915707588 37.41814834326506
    endloop
  endfacet
  facet normal 0 -0.44228870708373325 0.8968727332159228
    outer loop
      vertex 32.25 -5.434633135795593 37.50224093049765
      vertex 32.25 -5.200000002980232 37.617949192225936
      vertex 30.45 -5.200000002980232 37.617949192225936
    endloop
  endfacet
  facet normal 0 -0.32143945792867507 0.9469301319984065
    outer loop
      vertex 30.45 -5.434633135795593 37.50224093049765
      vertex 32.25 -5.682361915707588 37.41814834326506
      vertex 32.25 -5.434633135795593 37.50224093049765
    endloop
  endfacet
  facet normal 0 -0.8968727332159228 0.44228870708373325
    outer loop
      vertex 30.45 -4.467949196696281 38.34999999850989
      vertex 32.25 -4.467949196696281 38.34999999850989
      vertex 30.45 -4.352240934967995 38.58463313132525
    endloop
  endfacet
  facet normal 0 -0.7518397936522605 0.6593458308664174
    outer loop
      vertex 30.45 -4.78578644245863 37.935786437988284
      vertex 32.25 -4.78578644245863 37.935786437988284
      vertex 30.45 -4.613293319940567 38.13247713893652
    endloop
  endfacet
  facet normal 0 -0.8314696207458843 0.5555702203832522
    outer loop
      vertex 30.45 -4.467949196696281 38.34999999850989
      vertex 30.45 -4.613293319940567 38.13247713893652
      vertex 32.25 -4.613293319940567 38.13247713893652
    endloop
  endfacet
  facet normal 0 -0.9807852843656897 0.19509030209549946
    outer loop
      vertex 30.45 -4.268148347735405 38.83236191123724
      vertex 32.25 -4.268148347735405 38.83236191123724
      vertex 30.45 -4.21711028367281 39.088947613537314
    endloop
  endfacet
  facet normal 0 -0.9469301319984065 0.32143945792867507
    outer loop
      vertex 30.45 -4.352240934967995 38.58463313132525
      vertex 32.25 -4.352240934967995 38.58463313132525
      vertex 30.45 -4.268148347735405 38.83236191123724
    endloop
  endfacet
  facet normal 0 -0.9978589223891017 0.06540314219103631
    outer loop
      vertex 30.45 -4.21711028367281 39.088947613537314
      vertex 32.25 -4.21711028367281 39.088947613537314
      vertex 30.45 -4.200000002980232 39.34999999850989
    endloop
  endfacet
  facet normal 0 -0.6593458308664174 0.7518397936522605
    outer loop
      vertex 30.45 -4.78578644245863 37.935786437988284
      vertex 30.45 -4.982477143406868 37.76329331547022
      vertex 32.25 -4.982477143406868 37.76329331547022
    endloop
  endfacet
  facet normal 0 -0.5555702203832522 0.8314696207458843
    outer loop
      vertex 30.45 -4.982477143406868 37.76329331547022
      vertex 30.45 -5.200000002980232 37.617949192225936
      vertex 32.25 -5.200000002980232 37.617949192225936
    endloop
  endfacet
  facet normal 0 -1 0
    outer loop
      vertex 30.45 -4.200000002980232 39.34999999850989
      vertex 32.25 -4.200000002980232 39.34999999850989
      vertex 30.45 -4.200000002980232 46.34999999850989
    endloop
  endfacet
  facet normal 0 -0.8968727332159228 0.44228870708373325
    outer loop
      vertex 30.45 -4.352240934967995 38.58463313132525
      vertex 32.25 -4.467949196696281 38.34999999850989
      vertex 32.25 -4.352240934967995 38.58463313132525
    endloop
  endfacet
  facet normal 0 -0.7518397936522605 0.6593458308664174
    outer loop
      vertex 30.45 -4.613293319940567 38.13247713893652
      vertex 32.25 -4.78578644245863 37.935786437988284
      vertex 32.25 -4.613293319940567 38.13247713893652
    endloop
  endfacet
  facet normal 0 -0.6593458308664174 0.7518397936522605
    outer loop
      vertex 30.45 -4.78578644245863 37.935786437988284
      vertex 32.25 -4.982477143406868 37.76329331547022
      vertex 32.25 -4.78578644245863 37.935786437988284
    endloop
  endfacet
  facet normal 0 -0.8314696207458843 0.5555702203832522
    outer loop
      vertex 30.45 -4.467949196696281 38.34999999850989
      vertex 32.25 -4.613293319940567 38.13247713893652
      vertex 32.25 -4.467949196696281 38.34999999850989
    endloop
  endfacet
  facet normal 0 -0.9469301319984065 0.32143945792867507
    outer loop
      vertex 30.45 -4.268148347735405 38.83236191123724
      vertex 32.25 -4.352240934967995 38.58463313132525
      vertex 32.25 -4.268148347735405 38.83236191123724
    endloop
  endfacet
  facet normal 0 -0.9807852843656897 0.19509030209549946
    outer loop
      vertex 30.45 -4.21711028367281 39.088947613537314
      vertex 32.25 -4.268148347735405 38.83236191123724
      vertex 32.25 -4.21711028367281 39.088947613537314
    endloop
  endfacet
  facet normal 0 -0.9978589223891017 0.06540314219103631
    outer loop
      vertex 30.45 -4.200000002980232 39.34999999850989
      vertex 32.25 -4.21711028367281 39.088947613537314
      vertex 32.25 -4.200000002980232 39.34999999850989
    endloop
  endfacet
  facet normal 0 -0.5555702203832522 0.8314696207458843
    outer loop
      vertex 30.45 -4.982477143406868 37.76329331547022
      vertex 32.25 -5.200000002980232 37.617949192225936
      vertex 32.25 -4.982477143406868 37.76329331547022
    endloop
  endfacet
  facet normal 0 -0.19509030209549946 0.9807852843656897
    outer loop
      vertex 30.45 -5.682361915707588 37.41814834326506
      vertex 30.45 -5.93894761800766 37.367110279202464
      vertex 32.25 -5.93894761800766 37.367110279202464
    endloop
  endfacet
  facet normal 0 -0.06540314219103631 0.9978589223891017
    outer loop
      vertex 30.45 -5.93894761800766 37.367110279202464
      vertex 30.45 -6.200000002980232 37.34999999850989
      vertex 32.25 -6.200000002980232 37.34999999850989
    endloop
  endfacet
  facet normal 0 -0.19509030209549946 0.9807852843656897
    outer loop
      vertex 30.45 -5.682361915707588 37.41814834326506
      vertex 32.25 -5.93894761800766 37.367110279202464
      vertex 32.25 -5.682361915707588 37.41814834326506
    endloop
  endfacet
  facet normal 0 -0.06540314219103631 0.9978589223891017
    outer loop
      vertex 30.45 -5.93894761800766 37.367110279202464
      vertex 32.25 -6.200000002980232 37.34999999850989
      vertex 32.25 -5.93894761800766 37.367110279202464
    endloop
  endfacet
  facet normal 0 0 1
    outer loop
      vertex 30.45 -6.200000002980232 37.34999999850989
      vertex 32.25 -12.600000001490116 37.34999999850989
      vertex 32.25 -6.200000002980232 37.34999999850989
    endloop
  endfacet
  facet normal 0 -1 0
    outer loop
      vertex 32.25 -4.200000002980232 39.34999999850989
      vertex 32.25 -4.200000002980232 46.34999999850989
      vertex 30.45 -4.200000002980232 46.34999999850989
    endloop
  endfacet
  facet normal 0 -0.9978589223891017 -0.06540314219103631
    outer loop
      vertex 30.45 -4.200000002980232 46.34999999850989
      vertex 32.25 -4.200000002980232 46.34999999850989
      vertex 30.45 -4.21711028367281 46.61105238348246
    endloop
  endfacet
  facet normal 0 -0.9807852843656897 -0.19509030209549946
    outer loop
      vertex 30.45 -4.21711028367281 46.61105238348246
      vertex 32.25 -4.21711028367281 46.61105238348246
      vertex 30.45 -4.268148347735405 46.86763808578253
    endloop
  endfacet
  facet normal 0 -0.9469301319984065 -0.32143945792867507
    outer loop
      vertex 30.45 -4.268148347735405 46.86763808578253
      vertex 32.25 -4.268148347735405 46.86763808578253
      vertex 30.45 -4.352240934967995 47.115366865694526
    endloop
  endfacet
  facet normal 0 -0.8968727332159228 -0.44228870708373325
    outer loop
      vertex 30.45 -4.352240934967995 47.115366865694526
      vertex 32.25 -4.352240934967995 47.115366865694526
      vertex 30.45 -4.467949196696281 47.34999999850989
    endloop
  endfacet
  facet normal 0 -0.8314696207458843 -0.5555702203832522
    outer loop
      vertex 30.45 -4.467949196696281 47.34999999850989
      vertex 32.25 -4.467949196696281 47.34999999850989
      vertex 30.45 -4.613293319940567 47.56752285808325
    endloop
  endfacet
  facet normal 0 -0.7518397936522605 -0.6593458308664174
    outer loop
      vertex 30.45 -4.613293319940567 47.56752285808325
      vertex 32.25 -4.613293319940567 47.56752285808325
      vertex 30.45 -4.78578644245863 47.76421355903149
    endloop
  endfacet
  facet normal 0 -0.6593458308664174 -0.7518397936522605
    outer loop
      vertex 30.45 -4.78578644245863 47.76421355903149
      vertex 32.25 -4.78578644245863 47.76421355903149
      vertex 30.45 -4.982477143406868 47.93670668154955
    endloop
  endfacet
  facet normal 0 -0.5555702203832522 -0.8314696207458843
    outer loop
      vertex 30.45 -4.982477143406868 47.93670668154955
      vertex 32.25 -4.982477143406868 47.93670668154955
      vertex 30.45 -5.200000002980232 48.08205080479384
    endloop
  endfacet
  facet normal 0 -0.44228870708373325 -0.8968727332159228
    outer loop
      vertex 30.45 -5.200000002980232 48.08205080479384
      vertex 32.25 -5.200000002980232 48.08205080479384
      vertex 30.45 -5.434633135795593 48.197759066522124
    endloop
  endfacet
  facet normal 0 -0.32143945792867507 -0.9469301319984065
    outer loop
      vertex 30.45 -5.434633135795593 48.197759066522124
      vertex 32.25 -5.434633135795593 48.197759066522124
      vertex 30.45 -5.682361915707588 48.281851653754714
    endloop
  endfacet
  facet normal 0 -0.9978589223891017 -0.06540314219103631
    outer loop
      vertex 30.45 -4.21711028367281 46.61105238348246
      vertex 32.25 -4.200000002980232 46.34999999850989
      vertex 32.25 -4.21711028367281 46.61105238348246
    endloop
  endfacet
  facet normal 0 -0.9807852843656897 -0.19509030209549946
    outer loop
      vertex 30.45 -4.268148347735405 46.86763808578253
      vertex 32.25 -4.21711028367281 46.61105238348246
      vertex 32.25 -4.268148347735405 46.86763808578253
    endloop
  endfacet
  facet normal 0 -0.9469301319984065 -0.32143945792867507
    outer loop
      vertex 30.45 -4.352240934967995 47.115366865694526
      vertex 32.25 -4.268148347735405 46.86763808578253
      vertex 32.25 -4.352240934967995 47.115366865694526
    endloop
  endfacet
  facet normal 0 -0.8968727332159228 -0.44228870708373325
    outer loop
      vertex 30.45 -4.467949196696281 47.34999999850989
      vertex 32.25 -4.352240934967995 47.115366865694526
      vertex 32.25 -4.467949196696281 47.34999999850989
    endloop
  endfacet
  facet normal 0 -0.8314696207458843 -0.5555702203832522
    outer loop
      vertex 30.45 -4.613293319940567 47.56752285808325
      vertex 32.25 -4.467949196696281 47.34999999850989
      vertex 32.25 -4.613293319940567 47.56752285808325
    endloop
  endfacet
  facet normal 0 -0.7518397936522605 -0.6593458308664174
    outer loop
      vertex 30.45 -4.78578644245863 47.76421355903149
      vertex 32.25 -4.613293319940567 47.56752285808325
      vertex 32.25 -4.78578644245863 47.76421355903149
    endloop
  endfacet
  facet normal 0 -0.6593458308664174 -0.7518397936522605
    outer loop
      vertex 30.45 -4.982477143406868 47.93670668154955
      vertex 32.25 -4.78578644245863 47.76421355903149
      vertex 32.25 -4.982477143406868 47.93670668154955
    endloop
  endfacet
  facet normal 0 -0.5555702203832522 -0.8314696207458843
    outer loop
      vertex 30.45 -5.200000002980232 48.08205080479384
      vertex 32.25 -4.982477143406868 47.93670668154955
      vertex 32.25 -5.200000002980232 48.08205080479384
    endloop
  endfacet
  facet normal 0 -0.44228870708373325 -0.8968727332159228
    outer loop
      vertex 30.45 -5.434633135795593 48.197759066522124
      vertex 32.25 -5.200000002980232 48.08205080479384
      vertex 32.25 -5.434633135795593 48.197759066522124
    endloop
  endfacet
  facet normal 0 -0.32143945792867507 -0.9469301319984065
    outer loop
      vertex 32.25 -5.434633135795593 48.197759066522124
      vertex 32.25 -5.682361915707588 48.281851653754714
      vertex 30.45 -5.682361915707588 48.281851653754714
    endloop
  endfacet
  facet normal 0 -0.19509030209549946 -0.9807852843656897
    outer loop
      vertex 30.45 -5.682361915707588 48.281851653754714
      vertex 32.25 -5.682361915707588 48.281851653754714
      vertex 30.45 -5.93894761800766 48.33288971781731
    endloop
  endfacet
  facet normal 0 -0.06540314219103631 -0.9978589223891017
    outer loop
      vertex 30.45 -5.93894761800766 48.33288971781731
      vertex 32.25 -5.93894761800766 48.33288971781731
      vertex 30.45 -6.200000002980232 48.34999999850989
    endloop
  endfacet
  facet normal 0 -0.19509030209549946 -0.9807852843656897
    outer loop
      vertex 30.45 -5.93894761800766 48.33288971781731
      vertex 32.25 -5.682361915707588 48.281851653754714
      vertex 32.25 -5.93894761800766 48.33288971781731
    endloop
  endfacet
  facet normal 0 -0.06540314219103631 -0.9978589223891017
    outer loop
      vertex 30.45 -6.200000002980232 48.34999999850989
      vertex 32.25 -5.93894761800766 48.33288971781731
      vertex 32.25 -6.200000002980232 48.34999999850989
    endloop
  endfacet
  facet normal 0 0 -1
    outer loop
      vertex 30.45 -6.200000002980232 48.34999999850989
      vertex 32.25 -6.200000002980232 48.34999999850989
      vertex 30.45 -12.600000001490116 48.34999999850989
    endloop
  endfacet
  facet normal 0 0 1
    outer loop
      vertex 30.45 -6.200000002980232 37.34999999850989
      vertex 30.45 -12.600000001490116 37.34999999850989
      vertex 32.25 -12.600000001490116 37.34999999850989
    endloop
  endfacet
  facet normal 0 0.06540314219103631 0.9978589223891017
    outer loop
      vertex 30.45 -12.600000001490116 37.34999999850989
      vertex 30.45 -12.861052386462688 37.367110279202464
      vertex 32.25 -12.861052386462688 37.367110279202464
    endloop
  endfacet
  facet normal 0 0.19509030209549946 0.9807852843656897
    outer loop
      vertex 30.45 -12.861052386462688 37.367110279202464
      vertex 30.45 -13.11763808876276 37.41814834326506
      vertex 32.25 -13.11763808876276 37.41814834326506
    endloop
  endfacet
  facet normal 0 0.32143945792867507 0.9469301319984065
    outer loop
      vertex 30.45 -13.11763808876276 37.41814834326506
      vertex 30.45 -13.365366868674755 37.50224093049765
      vertex 32.25 -13.365366868674755 37.50224093049765
    endloop
  endfacet
  facet normal 0 0.06540314219103631 0.9978589223891017
    outer loop
      vertex 30.45 -12.600000001490116 37.34999999850989
      vertex 32.25 -12.861052386462688 37.367110279202464
      vertex 32.25 -12.600000001490116 37.34999999850989
    endloop
  endfacet
  facet normal 0 0.19509030209549946 0.9807852843656897
    outer loop
      vertex 30.45 -12.861052386462688 37.367110279202464
      vertex 32.25 -13.11763808876276 37.41814834326506
      vertex 32.25 -12.861052386462688 37.367110279202464
    endloop
  endfacet
  facet normal 0 0.32143945792867507 0.9469301319984065
    outer loop
      vertex 30.45 -13.11763808876276 37.41814834326506
      vertex 32.25 -13.365366868674755 37.50224093049765
      vertex 32.25 -13.11763808876276 37.41814834326506
    endloop
  endfacet
  facet normal 0 0.44228870708373325 0.8968727332159228
    outer loop
      vertex 30.45 -13.365366868674755 37.50224093049765
      vertex 32.25 -13.600000001490116 37.617949192225936
      vertex 32.25 -13.365366868674755 37.50224093049765
    endloop
  endfacet
  facet normal 0 0.44228870708373325 0.8968727332159228
    outer loop
      vertex 30.45 -13.365366868674755 37.50224093049765
      vertex 30.45 -13.600000001490116 37.617949192225936
      vertex 32.25 -13.600000001490116 37.617949192225936
    endloop
  endfacet
  facet normal 0 0.5555702203832522 0.8314696207458843
    outer loop
      vertex 30.45 -13.600000001490116 37.617949192225936
      vertex 30.45 -13.81752286106348 37.76329331547022
      vertex 32.25 -13.81752286106348 37.76329331547022
    endloop
  endfacet
  facet normal 0 0.6593458308664174 0.7518397936522605
    outer loop
      vertex 30.45 -13.81752286106348 37.76329331547022
      vertex 30.45 -14.014213562011719 37.935786437988284
      vertex 32.25 -14.014213562011719 37.935786437988284
    endloop
  endfacet
  facet normal 0 0.7518397936522605 0.6593458308664174
    outer loop
      vertex 30.45 -14.014213562011719 37.935786437988284
      vertex 30.45 -14.186706684529781 38.13247713893652
      vertex 32.25 -14.186706684529781 38.13247713893652
    endloop
  endfacet
  facet normal 0 0.8314696207458843 0.5555702203832522
    outer loop
      vertex 30.45 -14.186706684529781 38.13247713893652
      vertex 30.45 -14.332050807774067 38.34999999850989
      vertex 32.25 -14.332050807774067 38.34999999850989
    endloop
  endfacet
  facet normal 0 0.8968727332159228 0.44228870708373325
    outer loop
      vertex 30.45 -14.332050807774067 38.34999999850989
      vertex 30.45 -14.447759069502354 38.58463313132525
      vertex 32.25 -14.447759069502354 38.58463313132525
    endloop
  endfacet
  facet normal 0 0.9469301319984065 0.32143945792867507
    outer loop
      vertex 30.45 -14.447759069502354 38.58463313132525
      vertex 30.45 -14.531851656734943 38.83236191123724
      vertex 32.25 -14.531851656734943 38.83236191123724
    endloop
  endfacet
  facet normal 0 0.9807852843656897 0.19509030209549946
    outer loop
      vertex 30.45 -14.531851656734943 38.83236191123724
      vertex 30.45 -14.582889720797539 39.088947613537314
      vertex 32.25 -14.582889720797539 39.088947613537314
    endloop
  endfacet
  facet normal 0 0.9978589223891017 0.06540314219103631
    outer loop
      vertex 30.45 -14.582889720797539 39.088947613537314
      vertex 30.45 -14.600000001490116 39.34999999850989
      vertex 32.25 -14.600000001490116 39.34999999850989
    endloop
  endfacet
  facet normal 0 0.5555702203832522 0.8314696207458843
    outer loop
      vertex 30.45 -13.600000001490116 37.617949192225936
      vertex 32.25 -13.81752286106348 37.76329331547022
      vertex 32.25 -13.600000001490116 37.617949192225936
    endloop
  endfacet
  facet normal 0 0.6593458308664174 0.7518397936522605
    outer loop
      vertex 30.45 -13.81752286106348 37.76329331547022
      vertex 32.25 -14.014213562011719 37.935786437988284
      vertex 32.25 -13.81752286106348 37.76329331547022
    endloop
  endfacet
  facet normal 0 0.7518397936522605 0.6593458308664174
    outer loop
      vertex 30.45 -14.014213562011719 37.935786437988284
      vertex 32.25 -14.186706684529781 38.13247713893652
      vertex 32.25 -14.014213562011719 37.935786437988284
    endloop
  endfacet
  facet normal 0 0.8314696207458843 0.5555702203832522
    outer loop
      vertex 30.45 -14.186706684529781 38.13247713893652
      vertex 32.25 -14.332050807774067 38.34999999850989
      vertex 32.25 -14.186706684529781 38.13247713893652
    endloop
  endfacet
  facet normal 0 0.8968727332159228 0.44228870708373325
    outer loop
      vertex 30.45 -14.332050807774067 38.34999999850989
      vertex 32.25 -14.447759069502354 38.58463313132525
      vertex 32.25 -14.332050807774067 38.34999999850989
    endloop
  endfacet
  facet normal 0 0.9469301319984065 0.32143945792867507
    outer loop
      vertex 30.45 -14.447759069502354 38.58463313132525
      vertex 32.25 -14.531851656734943 38.83236191123724
      vertex 32.25 -14.447759069502354 38.58463313132525
    endloop
  endfacet
  facet normal 0 0.9807852843656897 0.19509030209549946
    outer loop
      vertex 30.45 -14.531851656734943 38.83236191123724
      vertex 32.25 -14.582889720797539 39.088947613537314
      vertex 32.25 -14.531851656734943 38.83236191123724
    endloop
  endfacet
  facet normal 0 0.9978589223891017 0.06540314219103631
    outer loop
      vertex 30.45 -14.582889720797539 39.088947613537314
      vertex 32.25 -14.600000001490116 39.34999999850989
      vertex 32.25 -14.582889720797539 39.088947613537314
    endloop
  endfacet
  facet normal 0 1 0
    outer loop
      vertex 30.45 -14.600000001490116 39.34999999850989
      vertex 32.25 -14.600000001490116 46.34999999850989
      vertex 32.25 -14.600000001490116 39.34999999850989
    endloop
  endfacet
  facet normal 0 0 -1
    outer loop
      vertex 32.25 -6.200000002980232 48.34999999850989
      vertex 32.25 -12.600000001490116 48.34999999850989
      vertex 30.45 -12.600000001490116 48.34999999850989
    endloop
  endfacet
  facet normal 0 1 0
    outer loop
      vertex 30.45 -14.600000001490116 39.34999999850989
      vertex 30.45 -14.600000001490116 46.34999999850989
      vertex 32.25 -14.600000001490116 46.34999999850989
    endloop
  endfacet
  facet normal 0 0.06540314219103631 -0.9978589223891017
    outer loop
      vertex 30.45 -12.600000001490116 48.34999999850989
      vertex 32.25 -12.600000001490116 48.34999999850989
      vertex 30.45 -12.861052386462688 48.33288971781731
    endloop
  endfacet
  facet normal 0 0.19509030209549946 -0.9807852843656897
    outer loop
      vertex 30.45 -12.861052386462688 48.33288971781731
      vertex 32.25 -12.861052386462688 48.33288971781731
      vertex 30.45 -13.11763808876276 48.281851653754714
    endloop
  endfacet
  facet normal 0 0.32143945792867507 -0.9469301319984065
    outer loop
      vertex 30.45 -13.11763808876276 48.281851653754714
      vertex 32.25 -13.11763808876276 48.281851653754714
      vertex 30.45 -13.365366868674755 48.197759066522124
    endloop
  endfacet
  facet normal 0 0.44228870708373325 -0.8968727332159228
    outer loop
      vertex 30.45 -13.365366868674755 48.197759066522124
      vertex 32.25 -13.365366868674755 48.197759066522124
      vertex 30.45 -13.600000001490116 48.08205080479384
    endloop
  endfacet
  facet normal 0 0.06540314219103631 -0.9978589223891017
    outer loop
      vertex 30.45 -12.861052386462688 48.33288971781731
      vertex 32.25 -12.600000001490116 48.34999999850989
      vertex 32.25 -12.861052386462688 48.33288971781731
    endloop
  endfacet
  facet normal 0 0.19509030209549946 -0.9807852843656897
    outer loop
      vertex 30.45 -13.11763808876276 48.281851653754714
      vertex 32.25 -12.861052386462688 48.33288971781731
      vertex 32.25 -13.11763808876276 48.281851653754714
    endloop
  endfacet
  facet normal 0 0.32143945792867507 -0.9469301319984065
    outer loop
      vertex 30.45 -13.365366868674755 48.197759066522124
      vertex 32.25 -13.11763808876276 48.281851653754714
      vertex 32.25 -13.365366868674755 48.197759066522124
    endloop
  endfacet
  facet normal 0 0.5555702203832522 -0.8314696207458843
    outer loop
      vertex 30.45 -13.81752286106348 47.93670668154955
      vertex 30.45 -13.600000001490116 48.08205080479384
      vertex 32.25 -13.600000001490116 48.08205080479384
    endloop
  endfacet
  facet normal 0 0.8314696207458843 -0.5555702203832522
    outer loop
      vertex 30.45 -14.186706684529781 47.56752285808325
      vertex 32.25 -14.186706684529781 47.56752285808325
      vertex 30.45 -14.332050807774067 47.34999999850989
    endloop
  endfacet
  facet normal 0 0.7518397936522605 -0.6593458308664174
    outer loop
      vertex 30.45 -14.014213562011719 47.76421355903149
      vertex 32.25 -14.014213562011719 47.76421355903149
      vertex 30.45 -14.186706684529781 47.56752285808325
    endloop
  endfacet
  facet normal 0 0.6593458308664174 -0.7518397936522605
    outer loop
      vertex 30.45 -13.81752286106348 47.93670668154955
      vertex 32.25 -13.81752286106348 47.93670668154955
      vertex 30.45 -14.014213562011719 47.76421355903149
    endloop
  endfacet
  facet normal 0 0.9978589223891017 -0.06540314219103631
    outer loop
      vertex 30.45 -14.600000001490116 46.34999999850989
      vertex 30.45 -14.582889720797539 46.61105238348246
      vertex 32.25 -14.582889720797539 46.61105238348246
    endloop
  endfacet
  facet normal 0 0.9807852843656897 -0.19509030209549946
    outer loop
      vertex 30.45 -14.582889720797539 46.61105238348246
      vertex 30.45 -14.531851656734943 46.86763808578253
      vertex 32.25 -14.531851656734943 46.86763808578253
    endloop
  endfacet
  facet normal 0 0.8968727332159228 -0.44228870708373325
    outer loop
      vertex 30.45 -14.447759069502354 47.115366865694526
      vertex 30.45 -14.332050807774067 47.34999999850989
      vertex 32.25 -14.332050807774067 47.34999999850989
    endloop
  endfacet
  facet normal 0 0.9469301319984065 -0.32143945792867507
    outer loop
      vertex 30.45 -14.531851656734943 46.86763808578253
      vertex 30.45 -14.447759069502354 47.115366865694526
      vertex 32.25 -14.447759069502354 47.115366865694526
    endloop
  endfacet
  facet normal 0 0.5555702203832522 -0.8314696207458843
    outer loop
      vertex 30.45 -13.81752286106348 47.93670668154955
      vertex 32.25 -13.600000001490116 48.08205080479384
      vertex 32.25 -13.81752286106348 47.93670668154955
    endloop
  endfacet
  facet normal 0 0.6593458308664174 -0.7518397936522605
    outer loop
      vertex 30.45 -14.014213562011719 47.76421355903149
      vertex 32.25 -13.81752286106348 47.93670668154955
      vertex 32.25 -14.014213562011719 47.76421355903149
    endloop
  endfacet
  facet normal 0 0.7518397936522605 -0.6593458308664174
    outer loop
      vertex 30.45 -14.186706684529781 47.56752285808325
      vertex 32.25 -14.014213562011719 47.76421355903149
      vertex 32.25 -14.186706684529781 47.56752285808325
    endloop
  endfacet
  facet normal 0 0.9978589223891017 -0.06540314219103631
    outer loop
      vertex 30.45 -14.600000001490116 46.34999999850989
      vertex 32.25 -14.582889720797539 46.61105238348246
      vertex 32.25 -14.600000001490116 46.34999999850989
    endloop
  endfacet
  facet normal 0 0.9807852843656897 -0.19509030209549946
    outer loop
      vertex 30.45 -14.582889720797539 46.61105238348246
      vertex 32.25 -14.531851656734943 46.86763808578253
      vertex 32.25 -14.582889720797539 46.61105238348246
    endloop
  endfacet
  facet normal 0 0.9469301319984065 -0.32143945792867507
    outer loop
      vertex 30.45 -14.531851656734943 46.86763808578253
      vertex 32.25 -14.447759069502354 47.115366865694526
      vertex 32.25 -14.531851656734943 46.86763808578253
    endloop
  endfacet
  facet normal 0 0.8968727332159228 -0.44228870708373325
    outer loop
      vertex 30.45 -14.447759069502354 47.115366865694526
      vertex 32.25 -14.332050807774067 47.34999999850989
      vertex 32.25 -14.447759069502354 47.115366865694526
    endloop
  endfacet
  facet normal 0 0.8314696207458843 -0.5555702203832522
    outer loop
      vertex 30.45 -14.332050807774067 47.34999999850989
      vertex 32.25 -14.186706684529781 47.56752285808325
      vertex 32.25 -14.332050807774067 47.34999999850989
    endloop
  endfacet
  facet normal 0 0.44228870708373325 -0.8968727332159228
    outer loop
      vertex 32.25 -13.365366868674755 48.197759066522124
      vertex 32.25 -13.600000001490116 48.08205080479384
      vertex 30.45 -13.600000001490116 48.08205080479384
    endloop
  endfacet
  facet normal 0 1 0
    outer loop
      vertex -2.9599999999999995 -0.8 -0.009999999999999787
      vertex -2.9599999999999995 -0.8 0
      vertex -2.9499999999999997 -0.8 0
    endloop
  endfacet
  facet normal 0 1 0
    outer loop
      vertex -2.9599999999999995 -0.8 -0.009999999999999787
      vertex -2.9499999999999997 -0.8 0
      vertex -1.8499999999999996 -0.8 0.9900000000000002
    endloop
  endfacet
  facet normal 0 1 0
    outer loop
      vertex -2.9599999999999995 -0.8 -0.009999999999999787
      vertex -1.8499999999999996 -0.8 0.9900000000000002
      vertex -2.8499999999999996 -0.8 -0.009999999999999787
    endloop
  endfacet
  facet normal -1 0 0
    outer loop
      vertex -2.9599999999999995 -0.8 -0.009999999999999787
      vertex -2.9599999999999995 -2.4000000000000004 0
      vertex -2.9599999999999995 -0.8 0
    endloop
  endfacet
  facet normal 0 0 -1
    outer loop
      vertex -2.9599999999999995 -0.8 -0.009999999999999787
      vertex -2.8499999999999996 -0.8 -0.009999999999999787
      vertex -2.9599999999999995 -2.4000000000000004 -0.009999999999999787
    endloop
  endfacet
  facet normal -1 0 0
    outer loop
      vertex -2.9599999999999995 -0.8 -0.009999999999999787
      vertex -2.9599999999999995 -2.4000000000000004 -0.009999999999999787
      vertex -2.9599999999999995 -2.4000000000000004 0
    endloop
  endfacet
  facet normal 0 0 -1
    outer loop
      vertex -2.8499999999999996 -0.8 -0.009999999999999787
      vertex -2.8499999999999996 -2.4000000000000004 -0.009999999999999787
      vertex -2.9599999999999995 -2.4000000000000004 -0.009999999999999787
    endloop
  endfacet
  facet normal 0.7071067811865476 0 -0.7071067811865476
    outer loop
      vertex -2.8499999999999996 -0.8 -0.009999999999999787
      vertex -1.8499999999999996 -2.4000000000000004 0.9900000000000002
      vertex -2.8499999999999996 -2.4000000000000004 -0.009999999999999787
    endloop
  endfacet
  facet normal 0 -1 0
    outer loop
      vertex -2.9599999999999995 -2.4000000000000004 -0.009999999999999787
      vertex -2.9499999999999997 -2.4000000000000004 0
      vertex -2.9599999999999995 -2.4000000000000004 0
    endloop
  endfacet
  facet normal 0 -1 0
    outer loop
      vertex -2.9599999999999995 -2.4000000000000004 -0.009999999999999787
      vertex -1.8499999999999996 -2.4000000000000004 0.9900000000000002
      vertex -2.9499999999999997 -2.4000000000000004 0
    endloop
  endfacet
  facet normal 0 -1 0
    outer loop
      vertex -2.9599999999999995 -2.4000000000000004 -0.009999999999999787
      vertex -2.8499999999999996 -2.4000000000000004 -0.009999999999999787
      vertex -1.8499999999999996 -2.4000000000000004 0.9900000000000002
    endloop
  endfacet
  facet normal 0 1 0
    outer loop
      vertex -1.8499999999999996 -0.8 0.9900000000000002
      vertex -2.9499999999999997 -0.8 0
      vertex -1.8972966760961807 -0.8 3.3999999999999995
    endloop
  endfacet
  facet normal 0 1 0
    outer loop
      vertex -1.8499999999999996 -0.8 0.9900000000000002
      vertex -1.8972966760961807 -0.8 3.3999999999999995
      vertex -1.8499999999999996 -0.8 3.3999999999999995
    endloop
  endfacet
  facet normal 0 1 0
    outer loop
      vertex -1.8972966760961807 -0.8 3.3999999999999995
      vertex -2.9499999999999997 -0.8 0
      vertex -1.979722418670438 -0.8 7.599999999999999
    endloop
  endfacet
  facet normal 0.7071067811865476 0 -0.7071067811865476
    outer loop
      vertex -2.8499999999999996 -0.8 -0.009999999999999787
      vertex -1.8499999999999996 -0.8 0.9900000000000002
      vertex -1.8499999999999996 -2.4000000000000004 0.9900000000000002
    endloop
  endfacet
  facet normal 0 -1 0
    outer loop
      vertex -1.8499999999999996 -2.4000000000000004 0.9900000000000002
      vertex -1.8499999999999996 -2.4000000000000004 3.3999999999999995
      vertex -2.9499999999999997 -2.4000000000000004 0
    endloop
  endfacet
  facet normal 1 0 0
    outer loop
      vertex -1.8499999999999996 -0.8 0.9900000000000002
      vertex -1.8499999999999996 -2.4000000000000004 3.3999999999999995
      vertex -1.8499999999999996 -2.4000000000000004 0.9900000000000002
    endloop
  endfacet
  facet normal 1 0 0
    outer loop
      vertex -1.8499999999999996 -0.8 0.9900000000000002
      vertex -1.8499999999999996 -0.8 3.3999999999999995
      vertex -1.8499999999999996 -2.4000000000000004 3.3999999999999995
    endloop
  endfacet
  facet normal 0 -1 0
    outer loop
      vertex -1.8499999999999996 -2.4000000000000004 3.3999999999999995
      vertex -1.8499999999999996 -2.4000000000000004 7.599999999999999
      vertex -2.9499999999999997 -2.4000000000000004 0
    endloop
  endfacet
  facet normal 0 1 0
    outer loop
      vertex -1.979722418670438 -0.8 7.599999999999999
      vertex -2.9499999999999997 -0.8 0
      vertex -1.8499999999999996 -0.8 57.55
    endloop
  endfacet
  facet normal 0 1 0
    outer loop
      vertex -1.979722418670438 -0.8 7.599999999999999
      vertex -1.8499999999999996 -0.8 57.55
      vertex -1.8499999999999996 -0.8 7.599999999999999
    endloop
  endfacet
  facet normal 0 -1 0
    outer loop
      vertex -1.8499999999999996 -2.4000000000000004 7.599999999999999
      vertex -1.8499999999999996 -2.4000000000000004 57.55
      vertex -2.9499999999999997 -2.4000000000000004 0
    endloop
  endfacet
  facet normal 1 0 0
    outer loop
      vertex -1.8499999999999996 -0.8 7.599999999999999
      vertex -1.8499999999999996 -2.4000000000000004 57.55
      vertex -1.8499999999999996 -2.4000000000000004 7.599999999999999
    endloop
  endfacet
  facet normal 0 1 0
    outer loop
      vertex -1.8499999999999996 -0.8 57.55
      vertex -2.9499999999999997 -0.8 0
      vertex -2.9499999999999997 -0.8 57.55
    endloop
  endfacet
  facet normal 0 -1 0
    outer loop
      vertex -1.8499999999999996 -2.4000000000000004 57.55
      vertex -2.9499999999999997 -2.4000000000000004 57.55
      vertex -2.9499999999999997 -2.4000000000000004 0
    endloop
  endfacet
  facet normal 1 0 0
    outer loop
      vertex -1.8499999999999996 -0.8 7.599999999999999
      vertex -1.8499999999999996 -0.8 57.55
      vertex -1.8499999999999996 -2.4000000000000004 57.55
    endloop
  endfacet
  facet normal 0 0 1
    outer loop
      vertex -1.8499999999999996 -2.4000000000000004 57.55
      vertex -2.9499999999999997 -0.8 57.55
      vertex -2.9499999999999997 -2.4000000000000004 57.55
    endloop
  endfacet
  facet normal 0 0 1
    outer loop
      vertex -1.8499999999999996 -0.8 57.55
      vertex -2.9499999999999997 -0.8 57.55
      vertex -1.8499999999999996 -2.4000000000000004 57.55
    endloop
  endfacet
  facet normal 0 1 0
    outer loop
      vertex 29.35 -0.8 0.9900000000000002
      vertex 29.397296676096182 -0.8 3.3999999999999995
      vertex 30.45 -0.8 0
    endloop
  endfacet
  facet normal 0 1 0
    outer loop
      vertex 29.35 -0.8 0.9900000000000002
      vertex 29.35 -0.8 3.3999999999999995
      vertex 29.397296676096182 -0.8 3.3999999999999995
    endloop
  endfacet
  facet normal 0 1 0
    outer loop
      vertex 29.397296676096182 -0.8 3.3999999999999995
      vertex 29.479722418670438 -0.8 7.599999999999999
      vertex 30.45 -0.8 0
    endloop
  endfacet
  facet normal -0.7071067811865476 0 -0.7071067811865476
    outer loop
      vertex 29.35 -0.8 0.9900000000000002
      vertex 30.35 -0.8 -0.009999999999999787
      vertex 29.35 -2.4000000000000004 0.9900000000000002
    endloop
  endfacet
  facet normal -1 0 0
    outer loop
      vertex 29.35 -0.8 0.9900000000000002
      vertex 29.35 -2.4000000000000004 0.9900000000000002
      vertex 29.35 -2.4000000000000004 3.3999999999999995
    endloop
  endfacet
  facet normal 0 -1 0
    outer loop
      vertex 29.35 -2.4000000000000004 0.9900000000000002
      vertex 30.45 -2.4000000000000004 0
      vertex 29.35 -2.4000000000000004 3.3999999999999995
    endloop
  endfacet
  facet normal -1 0 0
    outer loop
      vertex 29.35 -0.8 0.9900000000000002
      vertex 29.35 -2.4000000000000004 3.3999999999999995
      vertex 29.35 -0.8 3.3999999999999995
    endloop
  endfacet
  facet normal 0 -1 0
    outer loop
      vertex 29.35 -2.4000000000000004 3.3999999999999995
      vertex 30.45 -2.4000000000000004 0
      vertex 29.35 -2.4000000000000004 7.599999999999999
    endloop
  endfacet
  facet normal 0 1 0
    outer loop
      vertex 29.35 -0.8 0.9900000000000002
      vertex 30.46 -0.8 -0.009999999999999787
      vertex 30.35 -0.8 -0.009999999999999787
    endloop
  endfacet
  facet normal 0 1 0
    outer loop
      vertex 29.35 -0.8 0.9900000000000002
      vertex 30.45 -0.8 0
      vertex 30.46 -0.8 -0.009999999999999787
    endloop
  endfacet
  facet normal 0 1 0
    outer loop
      vertex 30.46 -0.8 -0.009999999999999787
      vertex 30.45 -0.8 0
      vertex 30.46 -0.8 0
    endloop
  endfacet
  facet normal 0 0 -1
    outer loop
      vertex 30.35 -0.8 -0.009999999999999787
      vertex 30.46 -0.8 -0.009999999999999787
      vertex 30.46 -2.4000000000000004 -0.009999999999999787
    endloop
  endfacet
  facet normal 1 0 0
    outer loop
      vertex 30.46 -0.8 -0.009999999999999787
      vertex 30.46 -0.8 0
      vertex 30.46 -2.4000000000000004 -0.009999999999999787
    endloop
  endfacet
  facet normal -0.7071067811865476 0 -0.7071067811865476
    outer loop
      vertex 30.35 -0.8 -0.009999999999999787
      vertex 30.35 -2.4000000000000004 -0.009999999999999787
      vertex 29.35 -2.4000000000000004 0.9900000000000002
    endloop
  endfacet
  facet normal 0 0 -1
    outer loop
      vertex 30.35 -0.8 -0.009999999999999787
      vertex 30.46 -2.4000000000000004 -0.009999999999999787
      vertex 30.35 -2.4000000000000004 -0.009999999999999787
    endloop
  endfacet
  facet normal 1 0 0
    outer loop
      vertex 30.46 -2.4000000000000004 -0.009999999999999787
      vertex 30.46 -0.8 0
      vertex 30.46 -2.4000000000000004 0
    endloop
  endfacet
  facet normal 0 -1 0
    outer loop
      vertex 29.35 -2.4000000000000004 0.9900000000000002
      vertex 30.35 -2.4000000000000004 -0.009999999999999787
      vertex 30.46 -2.4000000000000004 -0.009999999999999787
    endloop
  endfacet
  facet normal 0 -1 0
    outer loop
      vertex 29.35 -2.4000000000000004 0.9900000000000002
      vertex 30.46 -2.4000000000000004 -0.009999999999999787
      vertex 30.45 -2.4000000000000004 0
    endloop
  endfacet
  facet normal 0 -1 0
    outer loop
      vertex 30.46 -2.4000000000000004 -0.009999999999999787
      vertex 30.46 -2.4000000000000004 0
      vertex 30.45 -2.4000000000000004 0
    endloop
  endfacet
  facet normal 0 1 0
    outer loop
      vertex 29.479722418670438 -0.8 7.599999999999999
      vertex 29.35 -0.8 57.55
      vertex 30.45 -0.8 0
    endloop
  endfacet
  facet normal 0 1 0
    outer loop
      vertex 29.35 -0.8 7.599999999999999
      vertex 29.35 -0.8 57.55
      vertex 29.479722418670438 -0.8 7.599999999999999
    endloop
  endfacet
  facet normal 0 -1 0
    outer loop
      vertex 29.35 -2.4000000000000004 7.599999999999999
      vertex 30.45 -2.4000000000000004 0
      vertex 29.35 -2.4000000000000004 57.55
    endloop
  endfacet
  facet normal -1 0 0
    outer loop
      vertex 29.35 -0.8 7.599999999999999
      vertex 29.35 -2.4000000000000004 7.599999999999999
      vertex 29.35 -2.4000000000000004 57.55
    endloop
  endfacet
  facet normal -1 0 0
    outer loop
      vertex 29.35 -0.8 7.599999999999999
      vertex 29.35 -2.4000000000000004 57.55
      vertex 29.35 -0.8 57.55
    endloop
  endfacet
  facet normal 0 1 0
    outer loop
      vertex 29.35 -0.8 57.55
      vertex 30.45 -0.8 57.55
      vertex 30.45 -0.8 0
    endloop
  endfacet
  facet normal 0 -1 0
    outer loop
      vertex 29.35 -2.4000000000000004 57.55
      vertex 30.45 -2.4000000000000004 0
      vertex 30.45 -2.4000000000000004 57.55
    endloop
  endfacet
  facet normal 0 0 1
    outer loop
      vertex 29.35 -0.8 57.55
      vertex 29.35 -2.4000000000000004 57.55
      vertex 30.45 -2.4000000000000004 57.55
    endloop
  endfacet
  facet normal 0 0 1
    outer loop
      vertex 29.35 -0.8 57.55
      vertex 30.45 -2.4000000000000004 57.55
      vertex 30.45 -0.8 57.55
    endloop
  endfacet
  facet normal 0 1 0
    outer loop
      vertex -1.8972966760961807 -0.8 3.3999999999999995
      vertex -1.3999999999999997 -0.8 4.199999999999999
      vertex -1.8499999999999996 -0.8 3.3999999999999995
    endloop
  endfacet
  facet normal 0.8715755371245493 6.0477701813482085e-18 -0.490261239632559
    outer loop
      vertex -1.8499999999999996 -0.8 3.3999999999999995
      vertex -1.3999999999999997 -0.8 4.199999999999999
      vertex -1.3999999999999997 -2.4000000000000004 4.199999999999999
    endloop
  endfacet
  facet normal 0.8715755371245493 0 -0.490261239632559
    outer loop
      vertex -1.8499999999999996 -0.8 3.3999999999999995
      vertex -1.3999999999999997 -2.4000000000000004 4.199999999999999
      vertex -1.8499999999999996 -2.4000000000000004 3.3999999999999995
    endloop
  endfacet
  facet normal 0 1 0
    outer loop
      vertex -1.8972966760961807 -0.8 3.3999999999999995
      vertex -1.979722418670438 -0.8 7.599999999999999
      vertex -1.8499999999999996 -0.8 7.599999999999999
    endloop
  endfacet
  facet normal 0 1 0
    outer loop
      vertex -1.8972966760961807 -0.8 3.3999999999999995
      vertex -1.3999999999999997 -0.8 6.799999999999999
      vertex -1.3999999999999997 -0.8 4.199999999999999
    endloop
  endfacet
  facet normal 0 1 0
    outer loop
      vertex -1.8972966760961807 -0.8 3.3999999999999995
      vertex -1.8499999999999996 -0.8 7.599999999999999
      vertex -1.3999999999999997 -0.8 6.799999999999999
    endloop
  endfacet
  facet normal 1 0 0
    outer loop
      vertex -1.3999999999999997 -0.8 4.199999999999999
      vertex -1.3999999999999997 -0.8 6.799999999999999
      vertex -1.3999999999999997 -2.4000000000000004 4.199999999999999
    endloop
  endfacet
  facet normal 0 -1 0
    outer loop
      vertex -1.8499999999999996 -2.4000000000000004 3.3999999999999995
      vertex -1.3999999999999997 -2.4000000000000004 4.199999999999999
      vertex -1.8499999999999996 -2.4000000000000004 7.599999999999999
    endloop
  endfacet
  facet normal 1 0 0
    outer loop
      vertex -1.3999999999999997 -0.8 6.799999999999999
      vertex -1.3999999999999997 -2.4000000000000004 6.799999999999999
      vertex -1.3999999999999997 -2.4000000000000004 4.199999999999999
    endloop
  endfacet
  facet normal 0 -1 0
    outer loop
      vertex -1.3999999999999997 -2.4000000000000004 4.199999999999999
      vertex -1.3999999999999997 -2.4000000000000004 6.799999999999999
      vertex -1.8499999999999996 -2.4000000000000004 7.599999999999999
    endloop
  endfacet
  facet normal 0.8715755371245493 -6.0477701813482085e-18 0.490261239632559
    outer loop
      vertex -1.3999999999999997 -0.8 6.799999999999999
      vertex -1.8499999999999996 -0.8 7.599999999999999
      vertex -1.8499999999999996 -2.4000000000000004 7.599999999999999
    endloop
  endfacet
  facet normal 0.8715755371245493 0 0.490261239632559
    outer loop
      vertex -1.3999999999999997 -0.8 6.799999999999999
      vertex -1.8499999999999996 -2.4000000000000004 7.599999999999999
      vertex -1.3999999999999997 -2.4000000000000004 6.799999999999999
    endloop
  endfacet
  facet normal 0 1 0
    outer loop
      vertex 29.35 -0.8 3.3999999999999995
      vertex 28.9 -0.8 4.199999999999999
      vertex 29.397296676096182 -0.8 3.3999999999999995
    endloop
  endfacet
  facet normal -0.8715755371245479 9.071655272022634e-18 -0.49026123963256135
    outer loop
      vertex 29.35 -0.8 3.3999999999999995
      vertex 28.9 -2.4000000000000004 4.199999999999999
      vertex 28.9 -0.8 4.199999999999999
    endloop
  endfacet
  facet normal -0.8715755371245479 0 -0.49026123963256135
    outer loop
      vertex 29.35 -0.8 3.3999999999999995
      vertex 29.35 -2.4000000000000004 3.3999999999999995
      vertex 28.9 -2.4000000000000004 4.199999999999999
    endloop
  endfacet
  facet normal 0 1 0
    outer loop
      vertex 29.397296676096182 -0.8 3.3999999999999995
      vertex 28.9 -0.8 4.199999999999999
      vertex 28.9 -0.8 6.799999999999999
    endloop
  endfacet
  facet normal 0 1 0
    outer loop
      vertex 29.397296676096182 -0.8 3.3999999999999995
      vertex 28.9 -0.8 6.799999999999999
      vertex 29.35 -0.8 7.599999999999999
    endloop
  endfacet
  facet normal 0 1 0
    outer loop
      vertex 29.397296676096182 -0.8 3.3999999999999995
      vertex 29.35 -0.8 7.599999999999999
      vertex 29.479722418670438 -0.8 7.599999999999999
    endloop
  endfacet
  facet normal -1 0 0
    outer loop
      vertex 28.9 -0.8 4.199999999999999
      vertex 28.9 -2.4000000000000004 4.199999999999999
      vertex 28.9 -0.8 6.799999999999999
    endloop
  endfacet
  facet normal 0 -1 0
    outer loop
      vertex 29.35 -2.4000000000000004 3.3999999999999995
      vertex 29.35 -2.4000000000000004 7.599999999999999
      vertex 28.9 -2.4000000000000004 4.199999999999999
    endloop
  endfacet
  facet normal -1 0 0
    outer loop
      vertex 28.9 -0.8 6.799999999999999
      vertex 28.9 -2.4000000000000004 4.199999999999999
      vertex 28.9 -2.4000000000000004 6.799999999999999
    endloop
  endfacet
  facet normal 0 -1 0
    outer loop
      vertex 28.9 -2.4000000000000004 4.199999999999999
      vertex 29.35 -2.4000000000000004 7.599999999999999
      vertex 28.9 -2.4000000000000004 6.799999999999999
    endloop
  endfacet
  facet normal -0.8715755371245479 -9.071655272022634e-18 0.49026123963256135
    outer loop
      vertex 28.9 -0.8 6.799999999999999
      vertex 29.35 -2.4000000000000004 7.599999999999999
      vertex 29.35 -0.8 7.599999999999999
    endloop
  endfacet
  facet normal -0.8715755371245479 0 0.49026123963256135
    outer loop
      vertex 28.9 -0.8 6.799999999999999
      vertex 28.9 -2.4000000000000004 6.799999999999999
      vertex 29.35 -2.4000000000000004 7.599999999999999
    endloop
  endfacet
endsolid OpenSCAD_Model
