solid OpenSCAD_Model
  facet normal -0.7071067811865476 0 -0.7071067811865476
    outer loop
      vertex -14.371320344507694 3.7 6.878679655492306
      vertex -8.371320344507694 3.7 0.8786796554923058
      vertex -14.371320344507694 -21.300000000000004 6.878679655492306
    endloop
  endfacet
  facet normal -0.8314696207458843 0 -0.5555702203832521
    outer loop
      vertex -14.630060024559498 3.7 7.173715710639954
      vertex -14.848076209425926 -21.300000000000004 7.5
      vertex -14.848076209425926 3.7 7.5
    endloop
  endfacet
  facet normal -0.7518398024852507 0 -0.6593458207943228
    outer loop
      vertex -14.630060024559498 3.7 7.173715710639954
      vertex -14.371320344507694 3.7 6.878679655492306
      vertex -14.630060024559498 -21.300000000000004 7.173715710639954
    endloop
  endfacet
  facet normal -0.8968727407473452 0 -0.4422886918115197
    outer loop
      vertex -14.848076209425926 3.7 7.5
      vertex -15.021638594567776 -21.300000000000004 7.8519496992230415
      vertex -15.021638594567776 3.7 7.8519496992230415
    endloop
  endfacet
  facet normal -0.9469301300366789 0 -0.3214394637077385
    outer loop
      vertex -15.021638594567776 3.7 7.8519496992230415
      vertex -15.14777747541666 -21.300000000000004 8.223542861640453
      vertex -15.14777747541666 3.7 8.223542861640453
    endloop
  endfacet
  facet normal -0.9807852796390059 0 -0.19509032585814406
    outer loop
      vertex -15.14777747541666 3.7 8.223542861640453
      vertex -15.224334582686424 -21.300000000000004 8.608421422541142
      vertex -15.224334582686424 3.7 8.608421422541142
    endloop
  endfacet
  facet normal -0.9978589230086541 0 -0.06540313273849395
    outer loop
      vertex -15.224334582686424 3.7 8.608421422541142
      vertex -15.25 -21.300000000000004 9
      vertex -15.25 3.7 9
    endloop
  endfacet
  facet normal -0.6593458207943228 0 -0.7518398024852507
    outer loop
      vertex -8.371320344507694 3.7 0.8786796554923058
      vertex -8.076284289360046 3.7 0.6199399754405022
      vertex -8.371320344507694 -21.300000000000004 0.8786796554923058
    endloop
  endfacet
  facet normal -0.5555702203832521 0 -0.8314696207458843
    outer loop
      vertex -8.076284289360046 3.7 0.6199399754405022
      vertex -7.75 3.7 0.4019237905740738
      vertex -8.076284289360046 -21.300000000000004 0.6199399754405022
    endloop
  endfacet
  facet normal -0.4422886918115197 0 -0.8968727407473452
    outer loop
      vertex -7.75 3.7 0.4019237905740738
      vertex -7.3980503007769585 3.7 0.22836140543222427
      vertex -7.75 -21.300000000000004 0.4019237905740738
    endloop
  endfacet
  facet normal -0.3214394637077385 0 -0.9469301300366789
    outer loop
      vertex -7.3980503007769585 3.7 0.22836140543222427
      vertex -7.026457138359547 3.7 0.10222252458333969
      vertex -7.3980503007769585 -21.300000000000004 0.22836140543222427
    endloop
  endfacet
  facet normal -0.19509032585814406 0 -0.9807852796390059
    outer loop
      vertex -7.026457138359547 3.7 0.10222252458333969
      vertex -6.6415785774588585 3.7 0.025665417313575745
      vertex -7.026457138359547 -21.300000000000004 0.10222252458333969
    endloop
  endfacet
  facet normal -0.06540313273849395 0 -0.9978589230086541
    outer loop
      vertex -6.6415785774588585 3.7 0.025665417313575745
      vertex -6.25 3.7 0
      vertex -6.6415785774588585 -21.300000000000004 0.025665417313575745
    endloop
  endfacet
  facet normal 0 0 -1
    outer loop
      vertex -6.25 3.7 0
      vertex -2.9499999999999997 1.9000000000000001 0
      vertex -2.9499999999999997 -19.500000000000004 0
    endloop
  endfacet
  facet normal -1 0 0
    outer loop
      vertex -15.25 3.7 9
      vertex -15.25 -1.601923793554306 35.110000002980236
      vertex -15.25 -1.4283614084124565 35.46194970220328
    endloop
  endfacet
  facet normal -1 0 0
    outer loop
      vertex -15.25 3.7 9
      vertex -15.25 -1.302222527563572 35.83354286462069
      vertex -15.25 -1.225665420293808 36.21842142552138
    endloop
  endfacet
  facet normal -1 0 0
    outer loop
      vertex -15.25 3.7 9
      vertex -15.25 -1.4283614084124565 35.46194970220328
      vertex -15.25 -1.302222527563572 35.83354286462069
    endloop
  endfacet
  facet normal -1 0 0
    outer loop
      vertex -15.25 3.7 9
      vertex -15.25 -1.8199399784207344 34.78371571362019
      vertex -15.25 -1.601923793554306 35.110000002980236
    endloop
  endfacet
  facet normal -1 0 0
    outer loop
      vertex -15.25 3.7 9
      vertex -15.25 -2.078679658472538 34.48867965847254
      vertex -15.25 -1.8199399784207344 34.78371571362019
    endloop
  endfacet
  facet normal -1 0 0
    outer loop
      vertex -15.25 3.7 9
      vertex -15.25 -2.373715713620186 34.22993997842074
      vertex -15.25 -2.078679658472538 34.48867965847254
    endloop
  endfacet
  facet normal -1 0 0
    outer loop
      vertex -15.25 3.7 9
      vertex -15.25 -2.7000000029802322 34.01192379355431
      vertex -15.25 -2.373715713620186 34.22993997842074
    endloop
  endfacet
  facet normal -1 0 0
    outer loop
      vertex -15.25 3.7 9
      vertex -15.25 -3.0519497022032738 33.83836140841246
      vertex -15.25 -2.7000000029802322 34.01192379355431
    endloop
  endfacet
  facet normal -1 0 0
    outer loop
      vertex -15.25 3.7 9
      vertex -15.25 -3.4235428646206856 33.712222527563576
      vertex -15.25 -3.0519497022032738 33.83836140841246
    endloop
  endfacet
  facet normal -1 0 0
    outer loop
      vertex -15.25 3.7 9
      vertex -15.25 -1.225665420293808 36.21842142552138
      vertex -15.25 -1.2000000029802322 36.610000002980236
    endloop
  endfacet
  facet normal -1 0 0
    outer loop
      vertex -15.25 3.7 9
      vertex -15.25 -3.8084214255213737 33.63566542029381
      vertex -15.25 -3.4235428646206856 33.712222527563576
    endloop
  endfacet
  facet normal -1 0 0
    outer loop
      vertex -15.25 3.7 9
      vertex -15.25 -4.200000002980232 33.610000002980236
      vertex -15.25 -3.8084214255213737 33.63566542029381
    endloop
  endfacet
  facet normal -1 0 0
    outer loop
      vertex -15.25 3.7 9
      vertex -15.25 -1.2000000029802322 48.610000002980236
      vertex -15.25 3.7 56
    endloop
  endfacet
  facet normal -1 0 0
    outer loop
      vertex -15.25 3.7 9
      vertex -15.25 -1.2000000029802322 36.610000002980236
      vertex -15.25 -1.2000000029802322 48.610000002980236
    endloop
  endfacet
  facet normal -1 0 0
    outer loop
      vertex -15.25 3.7 9
      vertex -15.25 -8.799999997019768 33.610000002980236
      vertex -15.25 -4.200000002980232 33.610000002980236
    endloop
  endfacet
  facet normal -1 0 0
    outer loop
      vertex -15.25 3.7 9
      vertex -15.25 -9.191578574478626 33.63566542029381
      vertex -15.25 -8.799999997019768 33.610000002980236
    endloop
  endfacet
  facet normal 0 1 0
    outer loop
      vertex -14.630060024559498 3.7 7.173715710639954
      vertex 42.521638594567776 3.7 7.8519496992230415
      vertex -14.371320344507694 3.7 6.878679655492306
    endloop
  endfacet
  facet normal 0 1 0
    outer loop
      vertex -15.021638594567776 3.7 7.8519496992230415
      vertex -15.14777747541666 3.7 8.223542861640453
      vertex 42.75 3.7 9
    endloop
  endfacet
  facet normal 0 1 0
    outer loop
      vertex -14.630060024559498 3.7 7.173715710639954
      vertex -14.848076209425926 3.7 7.5
      vertex 42.64777747541666 3.7 8.223542861640453
    endloop
  endfacet
  facet normal 0 1 0
    outer loop
      vertex -14.848076209425926 3.7 7.5
      vertex -15.021638594567776 3.7 7.8519496992230415
      vertex 42.724334582686424 3.7 8.608421422541142
    endloop
  endfacet
  facet normal 0 1 0
    outer loop
      vertex -7.75 3.7 0.4019237905740738
      vertex 35.871320344507694 3.7 0.8786796554923058
      vertex -7.3980503007769585 3.7 0.22836140543222427
    endloop
  endfacet
  facet normal 0 1 0
    outer loop
      vertex -7.3980503007769585 3.7 0.22836140543222427
      vertex 35.576284289360046 3.7 0.6199399754405022
      vertex -7.026457138359547 3.7 0.10222252458333969
    endloop
  endfacet
  facet normal 0 1 0
    outer loop
      vertex -7.026457138359547 3.7 0.10222252458333969
      vertex 35.25 3.7 0.4019237905740738
      vertex -6.6415785774588585 3.7 0.025665417313575745
    endloop
  endfacet
  facet normal 0 1 0
    outer loop
      vertex -6.6415785774588585 3.7 0.025665417313575745
      vertex 34.89805030077696 3.7 0.22836140543222427
      vertex -6.25 3.7 0
    endloop
  endfacet
  facet normal 0 0 -1
    outer loop
      vertex -6.25 3.7 0
      vertex 33.75 3.7 0
      vertex -2.9499999999999997 1.9000000000000001 0
    endloop
  endfacet
  facet normal 0 1 0
    outer loop
      vertex -8.076284289360046 3.7 0.6199399754405022
      vertex 41.871320344507694 3.7 6.878679655492306
      vertex -7.75 3.7 0.4019237905740738
    endloop
  endfacet
  facet normal 0 1 0
    outer loop
      vertex -8.371320344507694 3.7 0.8786796554923058
      vertex 42.1300600245595 3.7 7.173715710639954
      vertex -8.076284289360046 3.7 0.6199399754405022
    endloop
  endfacet
  facet normal 0 1 0
    outer loop
      vertex -14.371320344507694 3.7 6.878679655492306
      vertex 42.348076209425926 3.7 7.5
      vertex -8.371320344507694 3.7 0.8786796554923058
    endloop
  endfacet
  facet normal 0 1 0
    outer loop
      vertex -15.14777747541666 3.7 8.223542861640453
      vertex -15.224334582686424 3.7 8.608421422541142
      vertex 42.75 3.7 56
    endloop
  endfacet
  facet normal 0 1 0
    outer loop
      vertex -15.224334582686424 3.7 8.608421422541142
      vertex -15.25 3.7 9
      vertex 42.724334582686424 3.7 56.39157857745886
    endloop
  endfacet
  facet normal -0.8314696207458843 0 -0.5555702203832521
    outer loop
      vertex -14.630060024559498 3.7 7.173715710639954
      vertex -14.630060024559498 -21.300000000000004 7.173715710639954
      vertex -14.848076209425926 -21.300000000000004 7.5
    endloop
  endfacet
  facet normal -0.7518398024852507 0 -0.6593458207943228
    outer loop
      vertex -14.371320344507694 3.7 6.878679655492306
      vertex -14.371320344507694 -21.300000000000004 6.878679655492306
      vertex -14.630060024559498 -21.300000000000004 7.173715710639954
    endloop
  endfacet
  facet normal -0.9469301300366789 0 -0.3214394637077385
    outer loop
      vertex -15.021638594567776 3.7 7.8519496992230415
      vertex -15.021638594567776 -21.300000000000004 7.8519496992230415
      vertex -15.14777747541666 -21.300000000000004 8.223542861640453
    endloop
  endfacet
  facet normal -0.8968727407473452 0 -0.4422886918115197
    outer loop
      vertex -14.848076209425926 3.7 7.5
      vertex -14.848076209425926 -21.300000000000004 7.5
      vertex -15.021638594567776 -21.300000000000004 7.8519496992230415
    endloop
  endfacet
  facet normal -0.9807852796390059 0 -0.19509032585814406
    outer loop
      vertex -15.14777747541666 3.7 8.223542861640453
      vertex -15.14777747541666 -21.300000000000004 8.223542861640453
      vertex -15.224334582686424 -21.300000000000004 8.608421422541142
    endloop
  endfacet
  facet normal -0.9978589230086541 0 -0.06540313273849395
    outer loop
      vertex -15.224334582686424 3.7 8.608421422541142
      vertex -15.224334582686424 -21.300000000000004 8.608421422541142
      vertex -15.25 -21.300000000000004 9
    endloop
  endfacet
  facet normal -0.7071067811865476 0 -0.7071067811865476
    outer loop
      vertex -8.371320344507694 3.7 0.8786796554923058
      vertex -8.371320344507694 -21.300000000000004 0.8786796554923058
      vertex -14.371320344507694 -21.300000000000004 6.878679655492306
    endloop
  endfacet
  facet normal -0.6593458207943228 0 -0.7518398024852507
    outer loop
      vertex -8.076284289360046 3.7 0.6199399754405022
      vertex -8.076284289360046 -21.300000000000004 0.6199399754405022
      vertex -8.371320344507694 -21.300000000000004 0.8786796554923058
    endloop
  endfacet
  facet normal -1 0 0
    outer loop
      vertex -15.25 3.7 9
      vertex -15.25 -21.300000000000004 9
      vertex -15.25 -9.191578574478626 33.63566542029381
    endloop
  endfacet
  facet normal -0.5555702203832521 0 -0.8314696207458843
    outer loop
      vertex -7.75 3.7 0.4019237905740738
      vertex -7.75 -21.300000000000004 0.4019237905740738
      vertex -8.076284289360046 -21.300000000000004 0.6199399754405022
    endloop
  endfacet
  facet normal -0.4422886918115197 0 -0.8968727407473452
    outer loop
      vertex -7.3980503007769585 3.7 0.22836140543222427
      vertex -7.3980503007769585 -21.300000000000004 0.22836140543222427
      vertex -7.75 -21.300000000000004 0.4019237905740738
    endloop
  endfacet
  facet normal -0.3214394637077385 0 -0.9469301300366789
    outer loop
      vertex -7.026457138359547 3.7 0.10222252458333969
      vertex -7.026457138359547 -21.300000000000004 0.10222252458333969
      vertex -7.3980503007769585 -21.300000000000004 0.22836140543222427
    endloop
  endfacet
  facet normal -0.19509032585814406 0 -0.9807852796390059
    outer loop
      vertex -6.6415785774588585 3.7 0.025665417313575745
      vertex -6.6415785774588585 -21.300000000000004 0.025665417313575745
      vertex -7.026457138359547 -21.300000000000004 0.10222252458333969
    endloop
  endfacet
  facet normal -0.06540313273849395 0 -0.9978589230086541
    outer loop
      vertex -6.25 3.7 0
      vertex -6.25 -21.300000000000004 0
      vertex -6.6415785774588585 -21.300000000000004 0.025665417313575745
    endloop
  endfacet
  facet normal 0 0 -1
    outer loop
      vertex -6.25 3.7 0
      vertex -2.9499999999999997 -19.500000000000004 0
      vertex -6.25 -21.300000000000004 0
    endloop
  endfacet
  facet normal 0 -1 0
    outer loop
      vertex -14.371320344507694 -21.300000000000004 6.878679655492306
      vertex -8.371320344507694 -21.300000000000004 0.8786796554923058
      vertex -3.25 -21.300000000000004 5
    endloop
  endfacet
  facet normal 0 -1 0
    outer loop
      vertex -14.630060024559498 -21.300000000000004 7.173715710639954
      vertex 0.75 -21.300000000000004 11
      vertex -14.848076209425926 -21.300000000000004 7.5
    endloop
  endfacet
  facet normal 0 -1 0
    outer loop
      vertex -14.630060024559498 -21.300000000000004 7.173715710639954
      vertex -14.371320344507694 -21.300000000000004 6.878679655492306
      vertex 0.75 -21.300000000000004 11
    endloop
  endfacet
  facet normal 0 -1 0
    outer loop
      vertex -14.848076209425926 -21.300000000000004 7.5
      vertex 0.75 -21.300000000000004 11
      vertex -15.021638594567776 -21.300000000000004 7.8519496992230415
    endloop
  endfacet
  facet normal 0 -1 0
    outer loop
      vertex -15.021638594567776 -21.300000000000004 7.8519496992230415
      vertex 0.75 -21.300000000000004 11
      vertex -15.14777747541666 -21.300000000000004 8.223542861640453
    endloop
  endfacet
  facet normal 0 -1 0
    outer loop
      vertex -15.25 -21.300000000000004 9
      vertex -9.649999998509884 -21.300000000000004 14
      vertex -12.850000001490116 -21.300000000000004 14
    endloop
  endfacet
  facet normal 0 -1 0
    outer loop
      vertex -15.14777747541666 -21.300000000000004 8.223542861640453
      vertex -1.9830097779631615 -21.300000000000004 20.5713509619236
      vertex -15.224334582686424 -21.300000000000004 8.608421422541142
    endloop
  endfacet
  facet normal 0 -1 0
    outer loop
      vertex -15.224334582686424 -21.300000000000004 8.608421422541142
      vertex -1.9830097779631615 -21.300000000000004 20.5713509619236
      vertex -15.25 -21.300000000000004 9
    endloop
  endfacet
  facet normal 0 -1 0
    outer loop
      vertex -15.25 -21.300000000000004 9
      vertex -1.9830097779631615 -21.300000000000004 20.5713509619236
      vertex -9.649999998509884 -21.300000000000004 14
    endloop
  endfacet
  facet normal 0 -1 0
    outer loop
      vertex -8.371320344507694 -21.300000000000004 0.8786796554923058
      vertex -8.076284289360046 -21.300000000000004 0.6199399754405022
      vertex -3.25 -21.300000000000004 5
    endloop
  endfacet
  facet normal 0 -1 0
    outer loop
      vertex -8.076284289360046 -21.300000000000004 0.6199399754405022
      vertex -7.75 -21.300000000000004 0.4019237905740738
      vertex -3.25 -21.300000000000004 5
    endloop
  endfacet
  facet normal 0 -1 0
    outer loop
      vertex -14.371320344507694 -21.300000000000004 6.878679655492306
      vertex -3.25 -21.300000000000004 5
      vertex 0.75 -21.300000000000004 11
    endloop
  endfacet
  facet normal 0 -1 0
    outer loop
      vertex -15.14777747541666 -21.300000000000004 8.223542861640453
      vertex 0.13402412831783295 -21.300000000000004 19.033235803246498
      vertex -0.9446313083171844 -21.300000000000004 19.774575144052505
    endloop
  endfacet
  facet normal 0 -1 0
    outer loop
      vertex -15.14777747541666 -21.300000000000004 8.223542861640453
      vertex -0.9446313083171844 -21.300000000000004 19.774575144052505
      vertex -1.9830097779631615 -21.300000000000004 20.5713509619236
    endloop
  endfacet
  facet normal 0 -1 0
    outer loop
      vertex -15.14777747541666 -21.300000000000004 8.223542861640453
      vertex 1.25 -21.300000000000004 18.349364906549454
      vertex 0.13402412831783295 -21.300000000000004 19.033235803246498
    endloop
  endfacet
  facet normal 0 -1 0
    outer loop
      vertex -9.649999998509884 -21.300000000000004 14
      vertex -2.978265158832073 -21.300000000000004 21.42137936502695
      vertex -3.927669532597065 -21.300000000000004 22.322330467402935
    endloop
  endfacet
  facet normal 0 -1 0
    outer loop
      vertex -9.649999998509884 -21.300000000000004 14
      vertex -1.9830097779631615 -21.300000000000004 20.5713509619236
      vertex -2.978265158832073 -21.300000000000004 21.42137936502695
    endloop
  endfacet
  facet normal 0 -1 0
    outer loop
      vertex -15.14777747541666 -21.300000000000004 8.223542861640453
      vertex 0.75 -21.300000000000004 11
      vertex 2.4002375081181526 -21.300000000000004 17.72483689337969
    endloop
  endfacet
  facet normal 0 -1 0
    outer loop
      vertex -15.14777747541666 -21.300000000000004 8.223542861640453
      vertex 2.4002375081181526 -21.300000000000004 17.72483689337969
      vertex 1.25 -21.300000000000004 18.349364906549454
    endloop
  endfacet
  facet normal -1 0 0
    outer loop
      vertex -15.25 -21.300000000000004 9
      vertex -15.25 -9.576457135379314 33.712222527563576
      vertex -15.25 -9.191578574478626 33.63566542029381
    endloop
  endfacet
  facet normal -1 0 0
    outer loop
      vertex -15.25 -21.300000000000004 9
      vertex -15.25 -9.948050297796726 33.83836140841246
      vertex -15.25 -9.576457135379314 33.712222527563576
    endloop
  endfacet
  facet normal -1 0 0
    outer loop
      vertex -15.25 -21.300000000000004 9
      vertex -15.25 -10.299999997019768 34.01192379355431
      vertex -15.25 -9.948050297796726 33.83836140841246
    endloop
  endfacet
  facet normal -1 0 0
    outer loop
      vertex -15.25 -21.300000000000004 9
      vertex -15.25 -10.626284286379814 34.22993997842074
      vertex -15.25 -10.299999997019768 34.01192379355431
    endloop
  endfacet
  facet normal -1 0 0
    outer loop
      vertex -15.25 -21.300000000000004 9
      vertex -15.25 -10.921320341527462 34.48867965847254
      vertex -15.25 -10.626284286379814 34.22993997842074
    endloop
  endfacet
  facet normal -1 0 0
    outer loop
      vertex -15.25 -21.300000000000004 9
      vertex -15.25 -11.180060021579266 34.78371571362019
      vertex -15.25 -10.921320341527462 34.48867965847254
    endloop
  endfacet
  facet normal -1 0 0
    outer loop
      vertex -15.25 -21.300000000000004 9
      vertex -15.25 -11.398076206445694 35.110000002980236
      vertex -15.25 -11.180060021579266 34.78371571362019
    endloop
  endfacet
  facet normal -1 0 0
    outer loop
      vertex -15.25 -21.300000000000004 9
      vertex -15.25 -11.571638591587543 35.46194970220328
      vertex -15.25 -11.398076206445694 35.110000002980236
    endloop
  endfacet
  facet normal -1 0 0
    outer loop
      vertex -15.25 -21.300000000000004 9
      vertex -15.25 -11.697777472436428 35.83354286462069
      vertex -15.25 -11.571638591587543 35.46194970220328
    endloop
  endfacet
  facet normal -1 0 0
    outer loop
      vertex -15.25 -21.300000000000004 9
      vertex -15.25 -11.774334579706192 36.21842142552138
      vertex -15.25 -11.697777472436428 35.83354286462069
    endloop
  endfacet
  facet normal -1 0 0
    outer loop
      vertex -15.25 -21.300000000000004 9
      vertex -15.25 -11.799999997019768 36.610000002980236
      vertex -15.25 -11.774334579706192 36.21842142552138
    endloop
  endfacet
  facet normal 0 -1 0
    outer loop
      vertex -15.25 -21.300000000000004 9
      vertex -12.850000001490116 -21.300000000000004 14
      vertex -12.850000001490116 -21.300000000000004 54
    endloop
  endfacet
  facet normal 0 -1 0
    outer loop
      vertex -9.649999998509884 -21.300000000000004 14
      vertex -8.525163106620312 -21.300000000000004 28.650237508118153
      vertex -9.088636443018913 -21.300000000000004 29.83158392459154
    endloop
  endfacet
  facet normal 0 -1 0
    outer loop
      vertex -9.649999998509884 -21.300000000000004 14
      vertex -7.900635093450546 -21.300000000000004 27.5
      vertex -8.525163106620312 -21.300000000000004 28.650237508118153
    endloop
  endfacet
  facet normal 0 -1 0
    outer loop
      vertex -9.649999998509884 -21.300000000000004 14
      vertex -7.216764196753502 -21.300000000000004 26.384024128317833
      vertex -7.900635093450546 -21.300000000000004 27.5
    endloop
  endfacet
  facet normal 0 -1 0
    outer loop
      vertex -9.649999998509884 -21.300000000000004 14
      vertex -9.088636443018913 -21.300000000000004 29.83158392459154
      vertex -9.589510664343834 -21.300000000000004 31.040801264345646
    endloop
  endfacet
  facet normal 0 -1 0
    outer loop
      vertex -9.649999998509884 -21.300000000000004 14
      vertex -9.589510664343834 -21.300000000000004 31.040801264345646
      vertex -9.649999998509884 -21.300000000000004 31.21161787956953
    endloop
  endfacet
  facet normal -1 0 0
    outer loop
      vertex -15.25 -21.300000000000004 9
      vertex -15.25 -21.300000000000004 56
      vertex -15.25 -11.799999997019768 36.610000002980236
    endloop
  endfacet
  facet normal 0 -1 0
    outer loop
      vertex -9.649999998509884 -21.300000000000004 14
      vertex -6.4754248559474945 -21.300000000000004 25.305368691682816
      vertex -7.216764196753502 -21.300000000000004 26.384024128317833
    endloop
  endfacet
  facet normal 0 -1 0
    outer loop
      vertex -9.649999998509884 -21.300000000000004 14
      vertex -5.678649038076401 -21.300000000000004 24.26699022203684
      vertex -6.4754248559474945 -21.300000000000004 25.305368691682816
    endloop
  endfacet
  facet normal 0 -1 0
    outer loop
      vertex -9.649999998509884 -21.300000000000004 14
      vertex -4.828620634973049 -21.300000000000004 23.271734841167927
      vertex -5.678649038076401 -21.300000000000004 24.26699022203684
    endloop
  endfacet
  facet normal 0 -1 0
    outer loop
      vertex -9.649999998509884 -21.300000000000004 14
      vertex -3.927669532597065 -21.300000000000004 22.322330467402935
      vertex -4.828620634973049 -21.300000000000004 23.271734841167927
    endloop
  endfacet
  facet normal 0 -1 0
    outer loop
      vertex -1.8063491880893707 -21.300000000000004 24.44365081191063
      vertex -0.9708733409643173 -21.300000000000004 23.650813840329647
      vertex -0.32903810567665803 -21.300000000000004 24.94
    endloop
  endfacet
  facet normal 0 -1 0
    outer loop
      vertex -1.8063491880893707 -21.300000000000004 24.44365081191063
      vertex -0.53 -21.300000000000004 25.69
      vertex -2.599186159670353 -21.300000000000004 25.279126659035683
    endloop
  endfacet
  facet normal 0 -1 0
    outer loop
      vertex -1.8063491880893707 -21.300000000000004 24.44365081191063
      vertex -0.41581929876693 -21.300000000000004 25.115974851452364
      vertex -0.47888873943360255 -21.300000000000004 25.30177143234622
    endloop
  endfacet
  facet normal 0 -1 0
    outer loop
      vertex -1.8063491880893707 -21.300000000000004 24.44365081191063
      vertex -0.32903810567665803 -21.300000000000004 24.94
      vertex -0.41581929876693 -21.300000000000004 25.115974851452364
    endloop
  endfacet
  facet normal 0 -1 0
    outer loop
      vertex -1.8063491880893707 -21.300000000000004 24.44365081191063
      vertex -0.47888873943360255 -21.300000000000004 25.30177143234622
      vertex -0.5171672920607155 -21.300000000000004 25.494210711669922
    endloop
  endfacet
  facet normal 0 -1 0
    outer loop
      vertex -1.8063491880893707 -21.300000000000004 24.44365081191063
      vertex -0.5171672920607155 -21.300000000000004 25.494210711669922
      vertex -0.53 -21.300000000000004 25.69
    endloop
  endfacet
  facet normal 0 -1 0
    outer loop
      vertex -6.348000064492226 -21.300000000000004 31.051793850958347
      vertex -0.53 -21.300000000000004 54.31
      vertex -6.788769379258156 -21.300000000000004 32.11590511351824
    endloop
  endfacet
  facet normal 0 -1 0
    outer loop
      vertex -4.70075249671936 -21.300000000000004 28.01794122904539
      vertex -4.048373878002167 -21.300000000000004 27.06872444599867
      vertex -0.53 -21.300000000000004 54.31
    endloop
  endfacet
  facet normal 0 -1 0
    outer loop
      vertex -4.048373878002167 -21.300000000000004 27.06872444599867
      vertex -3.3472111523151398 -21.300000000000004 26.15495139360428
      vertex -0.53 -21.300000000000004 54.31
    endloop
  endfacet
  facet normal 0 -1 0
    outer loop
      vertex -5.30255888402462 -21.300000000000004 29
      vertex -4.70075249671936 -21.300000000000004 28.01794122904539
      vertex -0.53 -21.300000000000004 54.31
    endloop
  endfacet
  facet normal 0 -1 0
    outer loop
      vertex -5.30255888402462 -21.300000000000004 29
      vertex -0.53 -21.300000000000004 54.31
      vertex -5.852143533527851 -21.300000000000004 30.012209005653858
    endloop
  endfacet
  facet normal 0 -1 0
    outer loop
      vertex -6.348000064492226 -21.300000000000004 31.051793850958347
      vertex -5.852143533527851 -21.300000000000004 30.012209005653858
      vertex -0.53 -21.300000000000004 54.31
    endloop
  endfacet
  facet normal 0 -1 0
    outer loop
      vertex -2.599186159670353 -21.300000000000004 25.279126659035683
      vertex -0.53 -21.300000000000004 54.31
      vertex -3.3472111523151398 -21.300000000000004 26.15495139360428
    endloop
  endfacet
  facet normal 0 -1 0
    outer loop
      vertex -2.599186159670353 -21.300000000000004 25.279126659035683
      vertex -0.53 -21.300000000000004 25.69
      vertex -0.53 -21.300000000000004 54.31
    endloop
  endfacet
  facet normal 0 -1 0
    outer loop
      vertex 0.75 -21.300000000000004 11
      vertex 3.5815839245915413 -21.300000000000004 17.161363556981087
      vertex 2.4002375081181526 -21.300000000000004 17.72483689337969
    endloop
  endfacet
  facet normal 0 -1 0
    outer loop
      vertex 0.75 -21.300000000000004 11
      vertex 6.0245751440525055 -21.300000000000004 16.223587095737457
      vertex 4.790801264345646 -21.300000000000004 16.660489335656166
    endloop
  endfacet
  facet normal 0 -1 0
    outer loop
      vertex 0.75 -21.300000000000004 11
      vertex 7.2795238718390465 -21.300000000000004 15.851854339241982
      vertex 6.0245751440525055 -21.300000000000004 16.223587095737457
    endloop
  endfacet
  facet normal 0 -1 0
    outer loop
      vertex 0.75 -21.300000000000004 11
      vertex 4.790801264345646 -21.300000000000004 16.660489335656166
      vertex 3.5815839245915413 -21.300000000000004 17.161363556981087
    endloop
  endfacet
  facet normal 0 -1 0
    outer loop
      vertex -7.75 -21.300000000000004 0.4019237905740738
      vertex -7.3980503007769585 -21.300000000000004 0.22836140543222427
      vertex 35.871320344507694 -21.300000000000004 0.8786796554923058
    endloop
  endfacet
  facet normal 0 -1 0
    outer loop
      vertex -7.3980503007769585 -21.300000000000004 0.22836140543222427
      vertex -7.026457138359547 -21.300000000000004 0.10222252458333969
      vertex 35.576284289360046 -21.300000000000004 0.6199399754405022
    endloop
  endfacet
  facet normal 0 -1 0
    outer loop
      vertex -7.026457138359547 -21.300000000000004 0.10222252458333969
      vertex -6.6415785774588585 -21.300000000000004 0.025665417313575745
      vertex 35.25 -21.300000000000004 0.4019237905740738
    endloop
  endfacet
  facet normal 0 -1 0
    outer loop
      vertex -6.6415785774588585 -21.300000000000004 0.025665417313575745
      vertex -6.25 -21.300000000000004 0
      vertex 34.89805030077696 -21.300000000000004 0.22836140543222427
    endloop
  endfacet
  facet normal 0 0 -1
    outer loop
      vertex -6.25 -21.300000000000004 0
      vertex -2.9499999999999997 -19.500000000000004 0
      vertex 33.75 -21.300000000000004 0
    endloop
  endfacet
  facet normal 0 -1 0
    outer loop
      vertex -7.75 -21.300000000000004 0.4019237905740738
      vertex 30.75 -21.300000000000004 5
      vertex -3.25 -21.300000000000004 5
    endloop
  endfacet
  facet normal 0 -1 0
    outer loop
      vertex 0.75 -21.300000000000004 11
      vertex 26.75 -21.300000000000004 11
      vertex 7.2795238718390465 -21.300000000000004 15.851854339241982
    endloop
  endfacet
  facet normal 0 -1 0
    outer loop
      vertex -0.9708733409643173 -21.300000000000004 23.650813840329647
      vertex -0.09504860639572144 -21.300000000000004 22.90278884768486
      vertex 0.05685785648691899 -21.300000000000004 24.499969989563148
    endloop
  endfacet
  facet normal 0 -1 0
    outer loop
      vertex -0.9708733409643173 -21.300000000000004 23.650813840329647
      vertex -0.09066017177982144 -21.300000000000004 24.629339828220182
      vertex -0.22003001043685289 -21.300000000000004 24.77685785648692
    endloop
  endfacet
  facet normal 0 -1 0
    outer loop
      vertex -0.9708733409643173 -21.300000000000004 23.650813840329647
      vertex 0.05685785648691899 -21.300000000000004 24.499969989563148
      vertex -0.09066017177982144 -21.300000000000004 24.629339828220182
    endloop
  endfacet
  facet normal 0 -1 0
    outer loop
      vertex -0.9708733409643173 -21.300000000000004 23.650813840329647
      vertex -0.22003001043685289 -21.300000000000004 24.77685785648692
      vertex -0.32903810567665803 -21.300000000000004 24.94
    endloop
  endfacet
  facet normal 0 -1 0
    outer loop
      vertex -0.09504860639572144 -21.300000000000004 22.90278884768486
      vertex 0.21999999999999997 -21.300000000000004 24.390961894323343
      vertex 0.05685785648691899 -21.300000000000004 24.499969989563148
    endloop
  endfacet
  facet normal 0 -1 0
    outer loop
      vertex 0.8187244459986687 -21.300000000000004 22.201626121997833
      vertex 0.5817714323462189 -21.300000000000004 24.2411112605664
      vertex -0.09504860639572144 -21.300000000000004 22.90278884768486
    endloop
  endfacet
  facet normal 0 -1 0
    outer loop
      vertex -0.09504860639572144 -21.300000000000004 22.90278884768486
      vertex 0.39597485145236533 -21.300000000000004 24.304180701233072
      vertex 0.21999999999999997 -21.300000000000004 24.390961894323343
    endloop
  endfacet
  facet normal 0 -1 0
    outer loop
      vertex -0.09504860639572144 -21.300000000000004 22.90278884768486
      vertex 0.5817714323462189 -21.300000000000004 24.2411112605664
      vertex 0.39597485145236533 -21.300000000000004 24.304180701233072
    endloop
  endfacet
  facet normal 0 -1 0
    outer loop
      vertex 0.8187244459986687 -21.300000000000004 22.201626121997833
      vertex 0.7742107116699226 -21.300000000000004 24.202832707939287
      vertex 0.5817714323462189 -21.300000000000004 24.2411112605664
    endloop
  endfacet
  facet normal 0 -1 0
    outer loop
      vertex 0.8187244459986687 -21.300000000000004 22.201626121997833
      vertex 0.97 -21.300000000000004 24.19
      vertex 0.7742107116699226 -21.300000000000004 24.202832707939287
    endloop
  endfacet
  facet normal 0 -1 0
    outer loop
      vertex 0.97 -21.300000000000004 24.19
      vertex 2.75 -21.300000000000004 20.94744111597538
      vertex 3.762209005653858 -21.300000000000004 20.39785646647215
    endloop
  endfacet
  facet normal 0 -1 0
    outer loop
      vertex 0.8187244459986687 -21.300000000000004 22.201626121997833
      vertex 1.767941229045391 -21.300000000000004 21.54924750328064
      vertex 0.97 -21.300000000000004 24.19
    endloop
  endfacet
  facet normal 0 -1 0
    outer loop
      vertex 0.97 -21.300000000000004 24.19
      vertex 1.767941229045391 -21.300000000000004 21.54924750328064
      vertex 2.75 -21.300000000000004 20.94744111597538
    endloop
  endfacet
  facet normal 0 -1 0
    outer loop
      vertex 0.97 -21.300000000000004 24.19
      vertex 3.762209005653858 -21.300000000000004 20.39785646647215
      vertex 4.801793850958347 -21.300000000000004 19.901999935507774
    endloop
  endfacet
  facet normal 0 -1 0
    outer loop
      vertex 5.865905113518238 -21.300000000000004 19.461230620741844
      vertex 6.951626121997833 -21.300000000000004 19.07675664126873
      vertex 0.97 -21.300000000000004 24.19
    endloop
  endfacet
  facet normal 0 -1 0
    outer loop
      vertex 5.865905113518238 -21.300000000000004 19.461230620741844
      vertex 0.97 -21.300000000000004 24.19
      vertex 4.801793850958347 -21.300000000000004 19.901999935507774
    endloop
  endfacet
  facet normal 0 -1 0
    outer loop
      vertex 6.951626121997833 -21.300000000000004 19.07675664126873
      vertex 8.055981010198593 -21.300000000000004 18.749631822109222
      vertex 0.97 -21.300000000000004 24.19
    endloop
  endfacet
  facet normal 0 -1 0
    outer loop
      vertex 8.055981010198593 -21.300000000000004 18.749631822109222
      vertex 9.175942800939083 -21.300000000000004 18.480752781033516
      vertex 0.97 -21.300000000000004 24.19
    endloop
  endfacet
  facet normal 0 -1 0
    outer loop
      vertex 9.175942800939083 -21.300000000000004 18.480752781033516
      vertex 10.308441765606403 -21.300000000000004 18.270856507122517
      vertex 0.97 -21.300000000000004 24.19
    endloop
  endfacet
  facet normal 0 -1 0
    outer loop
      vertex 10.308441765606403 -21.300000000000004 18.270856507122517
      vertex 11.45037380605936 -21.300000000000004 18.120518304407597
      vertex 0.97 -21.300000000000004 24.19
    endloop
  endfacet
  facet normal 0 -1 0
    outer loop
      vertex 11.45037380605936 -21.300000000000004 18.120518304407597
      vertex 12.59860896319151 -21.300000000000004 18.03015023469925
      vertex 0.97 -21.300000000000004 24.19
    endloop
  endfacet
  facet normal 0 -1 0
    outer loop
      vertex 12.59860896319151 -21.300000000000004 18.03015023469925
      vertex 13.75 -21.300000000000004 18
      vertex 0.97 -21.300000000000004 24.19
    endloop
  endfacet
  facet normal 0 -1 0
    outer loop
      vertex 0.97 -21.300000000000004 24.19
      vertex 13.75 -21.300000000000004 18
      vertex 14.90139103680849 -21.300000000000004 18.03015023469925
    endloop
  endfacet
  facet normal 0 -1 0
    outer loop
      vertex 0.97 -21.300000000000004 24.19
      vertex 14.90139103680849 -21.300000000000004 18.03015023469925
      vertex 16.04962619394064 -21.300000000000004 18.120518304407597
    endloop
  endfacet
  facet normal 0 -1 0
    outer loop
      vertex 0.97 -21.300000000000004 24.19
      vertex 16.04962619394064 -21.300000000000004 18.120518304407597
      vertex 17.191558234393597 -21.300000000000004 18.270856507122517
    endloop
  endfacet
  facet normal 0 -1 0
    outer loop
      vertex 0.97 -21.300000000000004 24.19
      vertex 17.191558234393597 -21.300000000000004 18.270856507122517
      vertex 18.324057199060917 -21.300000000000004 18.480752781033516
    endloop
  endfacet
  facet normal 0 -1 0
    outer loop
      vertex 0.97 -21.300000000000004 24.19
      vertex 18.324057199060917 -21.300000000000004 18.480752781033516
      vertex 19.444018989801407 -21.300000000000004 18.749631822109222
    endloop
  endfacet
  facet normal 0 -1 0
    outer loop
      vertex 0.97 -21.300000000000004 24.19
      vertex 19.444018989801407 -21.300000000000004 18.749631822109222
      vertex 20.548373878002167 -21.300000000000004 19.07675664126873
    endloop
  endfacet
  facet normal -1 0 0
    outer loop
      vertex -15.25 -1.2000000029802322 48.610000002980236
      vertex -15.25 -1.225665420293808 49.001578580439094
      vertex -15.25 3.7 56
    endloop
  endfacet
  facet normal -1 0 0
    outer loop
      vertex -15.25 -1.225665420293808 49.001578580439094
      vertex -15.25 -1.302222527563572 49.38645714133978
      vertex -15.25 3.7 56
    endloop
  endfacet
  facet normal -1 0 0
    outer loop
      vertex -15.25 3.7 56
      vertex -15.25 -1.302222527563572 49.38645714133978
      vertex -15.25 -1.4283614084124565 49.758050303757194
    endloop
  endfacet
  facet normal -1 0 0
    outer loop
      vertex -15.25 3.7 56
      vertex -15.25 -1.4283614084124565 49.758050303757194
      vertex -15.25 -1.601923793554306 50.110000002980236
    endloop
  endfacet
  facet normal -1 0 0
    outer loop
      vertex -15.25 3.7 56
      vertex -15.25 -1.601923793554306 50.110000002980236
      vertex -15.25 -1.8199399784207344 50.43628429234028
    endloop
  endfacet
  facet normal -1 0 0
    outer loop
      vertex -15.25 3.7 56
      vertex -15.25 -1.8199399784207344 50.43628429234028
      vertex -15.25 -2.078679658472538 50.73132034748793
    endloop
  endfacet
  facet normal -1 0 0
    outer loop
      vertex -15.25 3.7 56
      vertex -15.25 -2.078679658472538 50.73132034748793
      vertex -15.25 -2.373715713620186 50.990060027539734
    endloop
  endfacet
  facet normal -1 0 0
    outer loop
      vertex -15.25 3.7 56
      vertex -15.25 -2.373715713620186 50.990060027539734
      vertex -15.25 -2.7000000029802322 51.20807621240616
    endloop
  endfacet
  facet normal -1 0 0
    outer loop
      vertex -15.25 3.7 56
      vertex -15.25 -2.7000000029802322 51.20807621240616
      vertex -15.25 -3.0519497022032738 51.38163859754801
    endloop
  endfacet
  facet normal -1 0 0
    outer loop
      vertex -15.25 3.7 56
      vertex -15.25 -3.0519497022032738 51.38163859754801
      vertex -15.25 -3.4235428646206856 51.507777478396896
    endloop
  endfacet
  facet normal -1 0 0
    outer loop
      vertex -15.25 3.7 56
      vertex -15.25 -3.4235428646206856 51.507777478396896
      vertex -15.25 -3.8084214255213737 51.58433458566666
    endloop
  endfacet
  facet normal -1 0 0
    outer loop
      vertex -15.25 3.7 56
      vertex -15.25 -3.8084214255213737 51.58433458566666
      vertex -15.25 -4.200000002980232 51.610000002980236
    endloop
  endfacet
  facet normal -1 0 0
    outer loop
      vertex -15.25 3.7 56
      vertex -15.25 -4.200000002980232 51.610000002980236
      vertex -15.25 -8.799999997019768 51.610000002980236
    endloop
  endfacet
  facet normal -1 0 0
    outer loop
      vertex -15.25 3.7 56
      vertex -15.25 -8.799999997019768 51.610000002980236
      vertex -15.25 -9.191578574478626 51.58433458566666
    endloop
  endfacet
  facet normal -0.9999998202780098 0 0.000599536444271822
    outer loop
      vertex -15.249997846782207 3.7 56.00359147042036
      vertex -15.25 3.7 56
      vertex -15.249997846782207 -21.300000000000004 56.00359147042036
    endloop
  endfacet
  facet normal -0.997779910420315 0 0.06659767534702646
    outer loop
      vertex -15.249997846782207 3.7 56.00359147042036
      vertex -15.223863668739796 -21.300000000000004 56.395139038562775
      vertex -15.223863668739796 3.7 56.395139038562775
    endloop
  endfacet
  facet normal -0.9805510261487347 0 0.19626432462030197
    outer loop
      vertex -15.223863668739796 3.7 56.395139038562775
      vertex -15.146845862269402 -21.300000000000004 56.77992567420006
      vertex -15.146845862269402 3.7 56.77992567420006
    endloop
  endfacet
  facet normal -0.9465446393584915 0 0.32257285332418045
    outer loop
      vertex -15.146845862269402 3.7 56.77992567420006
      vertex -15.020262219011784 -21.300000000000004 57.15136756002903
      vertex -15.020262219011784 3.7 57.15136756002903
    endloop
  endfacet
  facet normal -0.8963426080898923 0 0.44336207429437374
    outer loop
      vertex -15.020262219011784 3.7 57.15136756002903
      vertex -14.846278615295887 -21.300000000000004 57.503109231591225
      vertex -14.846278615295887 3.7 57.503109231591225
    endloop
  endfacet
  facet normal -0.8308039089475872 0 0.5565652386534837
    outer loop
      vertex -14.846278615295887 3.7 57.503109231591225
      vertex -14.627871967852116 -21.300000000000004 57.8291322812438
      vertex -14.627871967852116 3.7 57.8291322812438
    endloop
  endfacet
  facet normal 0 1 0
    outer loop
      vertex -3.0264571383595467 3.7 71.89777747541666
      vertex -2.6415785774588585 3.7 71.97433458268642
      vertex -2.25 3.7 72
    endloop
  endfacet
  facet normal -0.7926239891046001 0 0.6097107608496923
    outer loop
      vertex -14.627871967852116 3.7 57.8291322812438
      vertex -4.627871967852116 -21.300000000000004 70.8291322812438
      vertex -4.627871967852116 3.7 70.8291322812438
    endloop
  endfacet
  facet normal -0.751445005712674 0 0.6597957285323083
    outer loop
      vertex -4.627871967852116 3.7 70.8291322812438
      vertex -4.371320344507694 -21.300000000000004 71.1213203445077
      vertex -4.371320344507694 3.7 71.1213203445077
    endloop
  endfacet
  facet normal -0.6593458207943228 0 0.7518398024852507
    outer loop
      vertex -4.371320344507694 3.7 71.1213203445077
      vertex -4.076284289360046 -21.300000000000004 71.3800600245595
      vertex -4.076284289360046 3.7 71.3800600245595
    endloop
  endfacet
  facet normal -0.5555702203832521 0 0.8314696207458843
    outer loop
      vertex -4.076284289360046 3.7 71.3800600245595
      vertex -3.75 -21.300000000000004 71.59807620942593
      vertex -3.75 3.7 71.59807620942593
    endloop
  endfacet
  facet normal -0.4422886918115197 0 0.8968727407473452
    outer loop
      vertex -3.75 3.7 71.59807620942593
      vertex -3.3980503007769585 -21.300000000000004 71.77163859456778
      vertex -3.3980503007769585 3.7 71.77163859456778
    endloop
  endfacet
  facet normal -0.3214394637077385 0 0.9469301300366789
    outer loop
      vertex -3.3980503007769585 3.7 71.77163859456778
      vertex -3.0264571383595467 -21.300000000000004 71.89777747541666
      vertex -3.0264571383595467 3.7 71.89777747541666
    endloop
  endfacet
  facet normal -0.19509032585814406 0 0.9807852796390059
    outer loop
      vertex -3.0264571383595467 3.7 71.89777747541666
      vertex -2.6415785774588585 -21.300000000000004 71.97433458268642
      vertex -2.6415785774588585 3.7 71.97433458268642
    endloop
  endfacet
  facet normal -0.06540313273849395 0 0.9978589230086541
    outer loop
      vertex -2.6415785774588585 3.7 71.97433458268642
      vertex -2.25 -21.300000000000004 72
      vertex -2.25 3.7 72
    endloop
  endfacet
  facet normal 0 1 0
    outer loop
      vertex -15.25 3.7 9
      vertex -15.25 3.7 56
      vertex 42.64777747541666 3.7 56.77645713835955
    endloop
  endfacet
  facet normal 0 1 0
    outer loop
      vertex -15.249997846782207 3.7 56.00359147042036
      vertex 42.521638594567776 3.7 57.14805030077696
      vertex -15.25 3.7 56
    endloop
  endfacet
  facet normal 0 1 0
    outer loop
      vertex -15.249997846782207 3.7 56.00359147042036
      vertex -15.223863668739796 3.7 56.395139038562775
      vertex 42.348076209425926 3.7 57.5
    endloop
  endfacet
  facet normal 0 1 0
    outer loop
      vertex -15.223863668739796 3.7 56.395139038562775
      vertex -15.146845862269402 3.7 56.77992567420006
      vertex 42.1300600245595 3.7 57.826284289360046
    endloop
  endfacet
  facet normal 0 1 0
    outer loop
      vertex -15.146845862269402 3.7 56.77992567420006
      vertex -15.020262219011784 3.7 57.15136756002903
      vertex 42.127871967852116 3.7 57.8291322812438
    endloop
  endfacet
  facet normal 0 1 0
    outer loop
      vertex -15.020262219011784 3.7 57.15136756002903
      vertex -14.846278615295887 3.7 57.503109231591225
      vertex 32.127871967852116 3.7 70.8291322812438
    endloop
  endfacet
  facet normal 0 1 0
    outer loop
      vertex -14.846278615295887 3.7 57.503109231591225
      vertex -14.627871967852116 3.7 57.8291322812438
      vertex 31.86877927184105 3.7 71.12385837733746
    endloop
  endfacet
  facet normal 0 1 0
    outer loop
      vertex -14.627871967852116 3.7 57.8291322812438
      vertex -4.627871967852116 3.7 70.8291322812438
      vertex 31.57343367487192 3.7 71.38224466145039
    endloop
  endfacet
  facet normal 0 1 0
    outer loop
      vertex -4.627871967852116 3.7 70.8291322812438
      vertex -4.371320344507694 3.7 71.1213203445077
      vertex 31.246888622641563 3.7 71.59987008571625
    endloop
  endfacet
  facet normal 0 1 0
    outer loop
      vertex -4.371320344507694 3.7 71.1213203445077
      vertex -4.076284289360046 3.7 71.3800600245595
      vertex 30.894731387495995 3.7 71.77301100641489
    endloop
  endfacet
  facet normal 0 1 0
    outer loop
      vertex -4.076284289360046 3.7 71.3800600245595
      vertex -3.75 3.7 71.59807620942593
      vertex 30.522987484931946 3.7 71.89870494604111
    endloop
  endfacet
  facet normal 0 1 0
    outer loop
      vertex -3.75 3.7 71.59807620942593
      vertex -3.3980503007769585 3.7 71.77163859456778
      vertex 30.138017550110817 3.7 71.97480123490095
    endloop
  endfacet
  facet normal 0 1 0
    outer loop
      vertex -3.3980503007769585 3.7 71.77163859456778
      vertex -3.0264571383595467 3.7 71.89777747541666
      vertex 29.75 3.7 72
    endloop
  endfacet
  facet normal 0 1 0
    outer loop
      vertex -3.0264571383595467 3.7 71.89777747541666
      vertex -2.25 3.7 72
      vertex 29.75 3.7 72
    endloop
  endfacet
  facet normal 0 0 1
    outer loop
      vertex -2.25 3.7 72
      vertex -2.25 -21.300000000000004 72
      vertex 10.019930342449852 -6.8000000000000025 72
    endloop
  endfacet
  facet normal 0 0 1
    outer loop
      vertex -2.25 3.7 72
      vertex 10.019930342449852 -6.8000000000000025 72
      vertex 17.480069657550146 -6.8000000000000025 72
    endloop
  endfacet
  facet normal -1 0 0
    outer loop
      vertex -15.25 -11.799999997019768 36.610000002980236
      vertex -15.25 -21.300000000000004 56
      vertex -15.25 -11.799999997019768 48.610000002980236
    endloop
  endfacet
  facet normal -1 0 0
    outer loop
      vertex -15.25 3.7 56
      vertex -15.25 -9.191578574478626 51.58433458566666
      vertex -15.25 -21.300000000000004 56
    endloop
  endfacet
  facet normal -1 0 0
    outer loop
      vertex -15.25 -9.191578574478626 51.58433458566666
      vertex -15.25 -9.576457135379314 51.507777478396896
      vertex -15.25 -21.300000000000004 56
    endloop
  endfacet
  facet normal -1 0 0
    outer loop
      vertex -15.25 -11.799999997019768 48.610000002980236
      vertex -15.25 -21.300000000000004 56
      vertex -15.25 -11.774334579706192 49.001578580439094
    endloop
  endfacet
  facet normal -1 0 0
    outer loop
      vertex -15.25 -11.774334579706192 49.001578580439094
      vertex -15.25 -21.300000000000004 56
      vertex -15.25 -11.697777472436428 49.38645714133978
    endloop
  endfacet
  facet normal -1 0 0
    outer loop
      vertex -15.25 -11.697777472436428 49.38645714133978
      vertex -15.25 -21.300000000000004 56
      vertex -15.25 -11.571638591587543 49.758050303757194
    endloop
  endfacet
  facet normal -1 0 0
    outer loop
      vertex -15.25 -9.576457135379314 51.507777478396896
      vertex -15.25 -9.948050297796726 51.38163859754801
      vertex -15.25 -21.300000000000004 56
    endloop
  endfacet
  facet normal -1 0 0
    outer loop
      vertex -15.25 -9.948050297796726 51.38163859754801
      vertex -15.25 -10.299999997019768 51.20807621240616
      vertex -15.25 -21.300000000000004 56
    endloop
  endfacet
  facet normal -1 0 0
    outer loop
      vertex -15.25 -10.299999997019768 51.20807621240616
      vertex -15.25 -10.626284286379814 50.990060027539734
      vertex -15.25 -21.300000000000004 56
    endloop
  endfacet
  facet normal -1 0 0
    outer loop
      vertex -15.25 -10.921320341527462 50.73132034748793
      vertex -15.25 -11.180060021579266 50.43628429234028
      vertex -15.25 -21.300000000000004 56
    endloop
  endfacet
  facet normal -1 0 0
    outer loop
      vertex -15.25 -11.180060021579266 50.43628429234028
      vertex -15.25 -11.398076206445694 50.110000002980236
      vertex -15.25 -21.300000000000004 56
    endloop
  endfacet
  facet normal -1 0 0
    outer loop
      vertex -15.25 -10.626284286379814 50.990060027539734
      vertex -15.25 -10.921320341527462 50.73132034748793
      vertex -15.25 -21.300000000000004 56
    endloop
  endfacet
  facet normal -1 0 0
    outer loop
      vertex -15.25 -11.398076206445694 50.110000002980236
      vertex -15.25 -11.571638591587543 49.758050303757194
      vertex -15.25 -21.300000000000004 56
    endloop
  endfacet
  facet normal -0.9999998202780098 0 0.000599536444271822
    outer loop
      vertex -15.25 3.7 56
      vertex -15.25 -21.300000000000004 56
      vertex -15.249997846782207 -21.300000000000004 56.00359147042036
    endloop
  endfacet
  facet normal -0.997779910420315 0 0.06659767534702646
    outer loop
      vertex -15.249997846782207 3.7 56.00359147042036
      vertex -15.249997846782207 -21.300000000000004 56.00359147042036
      vertex -15.223863668739796 -21.300000000000004 56.395139038562775
    endloop
  endfacet
  facet normal -0.9805510261487347 0 0.19626432462030197
    outer loop
      vertex -15.223863668739796 3.7 56.395139038562775
      vertex -15.223863668739796 -21.300000000000004 56.395139038562775
      vertex -15.146845862269402 -21.300000000000004 56.77992567420006
    endloop
  endfacet
  facet normal -0.7926239891045999 0 0.6097107608496928
    outer loop
      vertex -14.627871967852116 3.7 57.8291322812438
      vertex -14.627871967852116 -21.300000000000004 57.8291322812438
      vertex -12.25 -20.500000000000004 60.92036583945155
    endloop
  endfacet
  facet normal -0.9465446393584915 0 0.32257285332418045
    outer loop
      vertex -15.146845862269402 3.7 56.77992567420006
      vertex -15.146845862269402 -21.300000000000004 56.77992567420006
      vertex -15.020262219011784 -21.300000000000004 57.15136756002903
    endloop
  endfacet
  facet normal -0.8963426080898923 0 0.44336207429437374
    outer loop
      vertex -15.020262219011784 3.7 57.15136756002903
      vertex -15.020262219011784 -21.300000000000004 57.15136756002903
      vertex -14.846278615295887 -21.300000000000004 57.503109231591225
    endloop
  endfacet
  facet normal -0.8308039089475872 0 0.5565652386534837
    outer loop
      vertex -14.846278615295887 3.7 57.503109231591225
      vertex -14.846278615295887 -21.300000000000004 57.503109231591225
      vertex -14.627871967852116 -21.300000000000004 57.8291322812438
    endloop
  endfacet
  facet normal 0 -1 0
    outer loop
      vertex -15.25 -21.300000000000004 9
      vertex -12.850000001490116 -21.300000000000004 54
      vertex -15.25 -21.300000000000004 56
    endloop
  endfacet
  facet normal 0 -1 0
    outer loop
      vertex -15.020262219011784 -21.300000000000004 57.15136756002903
      vertex -12.25 -21.300000000000004 58
      vertex -14.846278615295887 -21.300000000000004 57.503109231591225
    endloop
  endfacet
  facet normal 0 -1 0
    outer loop
      vertex -14.846278615295887 -21.300000000000004 57.503109231591225
      vertex -12.25 -21.300000000000004 60.92036583945155
      vertex -14.627871967852116 -21.300000000000004 57.8291322812438
    endloop
  endfacet
  facet normal 0 -1 0
    outer loop
      vertex -12.850000001490116 -21.300000000000004 54
      vertex -9.649999998509884 -21.300000000000004 54
      vertex -15.25 -21.300000000000004 56
    endloop
  endfacet
  facet normal 0 -1 0
    outer loop
      vertex -15.249997846782207 -21.300000000000004 56.00359147042036
      vertex -15.25 -21.300000000000004 56
      vertex -4.828620634973049 -21.300000000000004 56.72826515883207
    endloop
  endfacet
  facet normal 0 -1 0
    outer loop
      vertex -15.249997846782207 -21.300000000000004 56.00359147042036
      vertex -4.828620634973049 -21.300000000000004 56.72826515883207
      vertex -15.223863668739796 -21.300000000000004 56.395139038562775
    endloop
  endfacet
  facet normal 0 -1 0
    outer loop
      vertex -15.223863668739796 -21.300000000000004 56.395139038562775
      vertex -4.828620634973049 -21.300000000000004 56.72826515883207
      vertex -15.146845862269402 -21.300000000000004 56.77992567420006
    endloop
  endfacet
  facet normal 0 -1 0
    outer loop
      vertex -14.846278615295887 -21.300000000000004 57.503109231591225
      vertex -12.25 -21.300000000000004 58
      vertex -12.25 -21.300000000000004 60.92036583945155
    endloop
  endfacet
  facet normal 0 -1 0
    outer loop
      vertex -9.649999998509884 -21.300000000000004 48.78838212043047
      vertex -9.589510664343834 -21.300000000000004 48.959198735654354
      vertex -9.649999998509884 -21.300000000000004 54
    endloop
  endfacet
  facet normal 0 -1 0
    outer loop
      vertex -9.589510664343834 -21.300000000000004 48.959198735654354
      vertex -9.088636443018913 -21.300000000000004 50.16841607540846
      vertex -9.649999998509884 -21.300000000000004 54
    endloop
  endfacet
  facet normal 0 -1 0
    outer loop
      vertex -9.088636443018913 -21.300000000000004 50.16841607540846
      vertex -8.525163106620312 -21.300000000000004 51.34976249188185
      vertex -9.649999998509884 -21.300000000000004 54
    endloop
  endfacet
  facet normal 0 -1 0
    outer loop
      vertex -8.525163106620312 -21.300000000000004 51.34976249188185
      vertex -7.900635093450546 -21.300000000000004 52.5
      vertex -9.649999998509884 -21.300000000000004 54
    endloop
  endfacet
  facet normal 0 -1 0
    outer loop
      vertex -9.649999998509884 -21.300000000000004 54
      vertex -7.900635093450546 -21.300000000000004 52.5
      vertex -7.216764196753502 -21.300000000000004 53.61597587168217
    endloop
  endfacet
  facet normal 0 -1 0
    outer loop
      vertex -15.25 -21.300000000000004 56
      vertex -9.649999998509884 -21.300000000000004 54
      vertex -5.678649038076401 -21.300000000000004 55.73300977796316
    endloop
  endfacet
  facet normal 0 -1 0
    outer loop
      vertex -15.146845862269402 -21.300000000000004 56.77992567420006
      vertex -3.927669532597065 -21.300000000000004 57.677669532597065
      vertex -15.020262219011784 -21.300000000000004 57.15136756002903
    endloop
  endfacet
  facet normal 0 -1 0
    outer loop
      vertex -15.25 -21.300000000000004 56
      vertex -5.678649038076401 -21.300000000000004 55.73300977796316
      vertex -4.828620634973049 -21.300000000000004 56.72826515883207
    endloop
  endfacet
  facet normal 0 -1 0
    outer loop
      vertex -15.020262219011784 -21.300000000000004 57.15136756002903
      vertex 2.4002375081181526 -21.300000000000004 62.27516310662031
      vertex -12.25 -21.300000000000004 58
    endloop
  endfacet
  facet normal 0 -1 0
    outer loop
      vertex -7.17324335873127 -21.300000000000004 33.20162612199783
      vertex -6.788769379258156 -21.300000000000004 32.11590511351824
      vertex -0.53 -21.300000000000004 54.31
    endloop
  endfacet
  facet normal 0 -1 0
    outer loop
      vertex -7.17324335873127 -21.300000000000004 33.20162612199783
      vertex -0.53 -21.300000000000004 54.31
      vertex -7.500368177890778 -21.300000000000004 34.30598101019859
    endloop
  endfacet
  facet normal 0 -1 0
    outer loop
      vertex -7.500368177890778 -21.300000000000004 34.30598101019859
      vertex -0.53 -21.300000000000004 54.31
      vertex -7.769247218966484 -21.300000000000004 35.42594280093908
    endloop
  endfacet
  facet normal 0 -1 0
    outer loop
      vertex -7.769247218966484 -21.300000000000004 35.42594280093908
      vertex -0.53 -21.300000000000004 54.31
      vertex -7.979143492877483 -21.300000000000004 36.5584417656064
    endloop
  endfacet
  facet normal 0 -1 0
    outer loop
      vertex -8.129481695592403 -21.300000000000004 37.70037380605936
      vertex -7.979143492877483 -21.300000000000004 36.5584417656064
      vertex -0.53 -21.300000000000004 54.31
    endloop
  endfacet
  facet normal 0 -1 0
    outer loop
      vertex -8.129481695592403 -21.300000000000004 37.70037380605936
      vertex -0.53 -21.300000000000004 54.31
      vertex -8.21984976530075 -21.300000000000004 38.84860896319151
    endloop
  endfacet
  facet normal 0 -1 0
    outer loop
      vertex -8.21984976530075 -21.300000000000004 38.84860896319151
      vertex -0.53 -21.300000000000004 54.31
      vertex -8.25 -21.300000000000004 40
    endloop
  endfacet
  facet normal 0 -1 0
    outer loop
      vertex -8.25 -21.300000000000004 40
      vertex -0.5171672920607155 -21.300000000000004 54.50578928833008
      vertex -8.21984976530075 -21.300000000000004 41.15139103680849
    endloop
  endfacet
  facet normal 0 -1 0
    outer loop
      vertex -8.21984976530075 -21.300000000000004 41.15139103680849
      vertex -0.5171672920607155 -21.300000000000004 54.50578928833008
      vertex -8.129481695592403 -21.300000000000004 42.29962619394064
    endloop
  endfacet
  facet normal 0 -1 0
    outer loop
      vertex -8.129481695592403 -21.300000000000004 42.29962619394064
      vertex -0.5171672920607155 -21.300000000000004 54.50578928833008
      vertex -7.979143492877483 -21.300000000000004 43.4415582343936
    endloop
  endfacet
  facet normal 0 -1 0
    outer loop
      vertex -7.979143492877483 -21.300000000000004 43.4415582343936
      vertex -0.5171672920607155 -21.300000000000004 54.50578928833008
      vertex -7.769247218966484 -21.300000000000004 44.57405719906092
    endloop
  endfacet
  facet normal 0 -1 0
    outer loop
      vertex -7.769247218966484 -21.300000000000004 44.57405719906092
      vertex -0.5171672920607155 -21.300000000000004 54.50578928833008
      vertex -7.500368177890778 -21.300000000000004 45.69401898980141
    endloop
  endfacet
  facet normal 0 -1 0
    outer loop
      vertex -7.500368177890778 -21.300000000000004 45.69401898980141
      vertex -0.5171672920607155 -21.300000000000004 54.50578928833008
      vertex -7.17324335873127 -21.300000000000004 46.79837387800217
    endloop
  endfacet
  facet normal 0 -1 0
    outer loop
      vertex -9.649999998509884 -21.300000000000004 54
      vertex -7.216764196753502 -21.300000000000004 53.61597587168217
      vertex -6.4754248559474945 -21.300000000000004 54.694631308317184
    endloop
  endfacet
  facet normal 0 -1 0
    outer loop
      vertex -7.17324335873127 -21.300000000000004 46.79837387800217
      vertex -0.5171672920607155 -21.300000000000004 54.50578928833008
      vertex -6.788769379258156 -21.300000000000004 47.88409488648176
    endloop
  endfacet
  facet normal 0 -1 0
    outer loop
      vertex -6.788769379258156 -21.300000000000004 47.88409488648176
      vertex -0.5171672920607155 -21.300000000000004 54.50578928833008
      vertex -6.348000064492226 -21.300000000000004 48.94820614904165
    endloop
  endfacet
  facet normal 0 -1 0
    outer loop
      vertex -9.649999998509884 -21.300000000000004 54
      vertex -6.4754248559474945 -21.300000000000004 54.694631308317184
      vertex -5.678649038076401 -21.300000000000004 55.73300977796316
    endloop
  endfacet
  facet normal 0 -1 0
    outer loop
      vertex -15.146845862269402 -21.300000000000004 56.77992567420006
      vertex -4.828620634973049 -21.300000000000004 56.72826515883207
      vertex -3.927669532597065 -21.300000000000004 57.677669532597065
    endloop
  endfacet
  facet normal 0 -1 0
    outer loop
      vertex -15.020262219011784 -21.300000000000004 57.15136756002903
      vertex -3.927669532597065 -21.300000000000004 57.677669532597065
      vertex -2.978265158832073 -21.300000000000004 58.57862063497305
    endloop
  endfacet
  facet normal 0 -1 0
    outer loop
      vertex -15.020262219011784 -21.300000000000004 57.15136756002903
      vertex -2.978265158832073 -21.300000000000004 58.57862063497305
      vertex -1.9830097779631615 -21.300000000000004 59.4286490380764
    endloop
  endfacet
  facet normal 0 -1 0
    outer loop
      vertex -15.020262219011784 -21.300000000000004 57.15136756002903
      vertex -1.9830097779631615 -21.300000000000004 59.4286490380764
      vertex -0.9446313083171844 -21.300000000000004 60.225424855947495
    endloop
  endfacet
  facet normal 0 -1 0
    outer loop
      vertex -6.348000064492226 -21.300000000000004 48.94820614904165
      vertex -0.5171672920607155 -21.300000000000004 54.50578928833008
      vertex -5.852143533527851 -21.300000000000004 49.98779099434614
    endloop
  endfacet
  facet normal 0 -1 0
    outer loop
      vertex -5.852143533527851 -21.300000000000004 49.98779099434614
      vertex -0.5171672920607155 -21.300000000000004 54.50578928833008
      vertex -5.30255888402462 -21.300000000000004 51
    endloop
  endfacet
  facet normal 0 -1 0
    outer loop
      vertex -8.25 -21.300000000000004 40
      vertex -0.53 -21.300000000000004 54.31
      vertex -0.5171672920607155 -21.300000000000004 54.50578928833008
    endloop
  endfacet
  facet normal 0 -1 0
    outer loop
      vertex -5.30255888402462 -21.300000000000004 51
      vertex -0.5171672920607155 -21.300000000000004 54.50578928833008
      vertex -4.70075249671936 -21.300000000000004 51.98205877095461
    endloop
  endfacet
  facet normal 0 -1 0
    outer loop
      vertex -4.70075249671936 -21.300000000000004 51.98205877095461
      vertex -0.5171672920607155 -21.300000000000004 54.50578928833008
      vertex -4.048373878002167 -21.300000000000004 52.93127555400133
    endloop
  endfacet
  facet normal 0 -1 0
    outer loop
      vertex -4.048373878002167 -21.300000000000004 52.93127555400133
      vertex -0.5171672920607155 -21.300000000000004 54.50578928833008
      vertex -3.3472111523151398 -21.300000000000004 53.84504860639572
    endloop
  endfacet
  facet normal 0 -1 0
    outer loop
      vertex -3.3472111523151398 -21.300000000000004 53.84504860639572
      vertex -0.5171672920607155 -21.300000000000004 54.50578928833008
      vertex -2.599186159670353 -21.300000000000004 54.72087334096432
    endloop
  endfacet
  facet normal 0 -1 0
    outer loop
      vertex -2.599186159670353 -21.300000000000004 54.72087334096432
      vertex -0.47888873943360255 -21.300000000000004 54.698228567653786
      vertex -1.8063491880893707 -21.300000000000004 55.55634918808937
    endloop
  endfacet
  facet normal 0 -1 0
    outer loop
      vertex -2.599186159670353 -21.300000000000004 54.72087334096432
      vertex -0.5171672920607155 -21.300000000000004 54.50578928833008
      vertex -0.47888873943360255 -21.300000000000004 54.698228567653786
    endloop
  endfacet
  facet normal 0 -1 0
    outer loop
      vertex -1.8063491880893707 -21.300000000000004 55.55634918808937
      vertex -0.47888873943360255 -21.300000000000004 54.698228567653786
      vertex -0.41581929876693 -21.300000000000004 54.884025148547636
    endloop
  endfacet
  facet normal 0 -1 0
    outer loop
      vertex -1.8063491880893707 -21.300000000000004 55.55634918808937
      vertex -0.41581929876693 -21.300000000000004 54.884025148547636
      vertex -0.32903810567665803 -21.300000000000004 55.06
    endloop
  endfacet
  facet normal 0 -1 0
    outer loop
      vertex -1.8063491880893707 -21.300000000000004 55.55634918808937
      vertex -0.32903810567665803 -21.300000000000004 55.06
      vertex -0.9708733409643173 -21.300000000000004 56.34918615967035
    endloop
  endfacet
  facet normal -0.7926239891046003 -1.0545253046030143e-16 0.6097107608496921
    outer loop
      vertex -14.627871967852116 3.7 57.8291322812438
      vertex -12.25 -20.500000000000004 60.92036583945155
      vertex -6.034896799578117 -20.500000000000004 69
    endloop
  endfacet
  facet normal -0.7926239891045997 3.1883396911816855e-16 0.6097107608496929
    outer loop
      vertex -14.627871967852116 3.7 57.8291322812438
      vertex -6.034896799578117 -20.500000000000004 69
      vertex -4.627871967852116 -21.300000000000004 70.8291322812438
    endloop
  endfacet
  facet normal -0.751445005712674 0 0.6597957285323083
    outer loop
      vertex -4.627871967852116 3.7 70.8291322812438
      vertex -4.627871967852116 -21.300000000000004 70.8291322812438
      vertex -4.371320344507694 -21.300000000000004 71.1213203445077
    endloop
  endfacet
  facet normal -0.6593458207943228 0 0.7518398024852507
    outer loop
      vertex -4.371320344507694 3.7 71.1213203445077
      vertex -4.371320344507694 -21.300000000000004 71.1213203445077
      vertex -4.076284289360046 -21.300000000000004 71.3800600245595
    endloop
  endfacet
  facet normal -0.5555702203832521 0 0.8314696207458843
    outer loop
      vertex -4.076284289360046 3.7 71.3800600245595
      vertex -4.076284289360046 -21.300000000000004 71.3800600245595
      vertex -3.75 -21.300000000000004 71.59807620942593
    endloop
  endfacet
  facet normal -0.4422886918115197 0 0.8968727407473452
    outer loop
      vertex -3.75 3.7 71.59807620942593
      vertex -3.75 -21.300000000000004 71.59807620942593
      vertex -3.3980503007769585 -21.300000000000004 71.77163859456778
    endloop
  endfacet
  facet normal -0.3214394637077385 0 0.9469301300366789
    outer loop
      vertex -3.3980503007769585 3.7 71.77163859456778
      vertex -3.3980503007769585 -21.300000000000004 71.77163859456778
      vertex -3.0264571383595467 -21.300000000000004 71.89777747541666
    endloop
  endfacet
  facet normal -0.19509032585814406 0 0.9807852796390059
    outer loop
      vertex -3.0264571383595467 3.7 71.89777747541666
      vertex -3.0264571383595467 -21.300000000000004 71.89777747541666
      vertex -2.6415785774588585 -21.300000000000004 71.97433458268642
    endloop
  endfacet
  facet normal -0.06540313273849395 0 0.9978589230086541
    outer loop
      vertex -2.6415785774588585 3.7 71.97433458268642
      vertex -2.6415785774588585 -21.300000000000004 71.97433458268642
      vertex -2.25 -21.300000000000004 72
    endloop
  endfacet
  facet normal -0.7926239891045999 3.4747049353355634e-17 0.6097107608496927
    outer loop
      vertex -14.627871967852116 -21.300000000000004 57.8291322812438
      vertex -12.25 -21.300000000000004 60.92036583945155
      vertex -12.25 -20.500000000000004 60.92036583945155
    endloop
  endfacet
  facet normal 0 -1 0
    outer loop
      vertex -15.020262219011784 -21.300000000000004 57.15136756002903
      vertex -0.9446313083171844 -21.300000000000004 60.225424855947495
      vertex 0.13402412831783295 -21.300000000000004 60.9667641967535
    endloop
  endfacet
  facet normal 0 -1 0
    outer loop
      vertex -15.020262219011784 -21.300000000000004 57.15136756002903
      vertex 0.13402412831783295 -21.300000000000004 60.9667641967535
      vertex 1.25 -21.300000000000004 61.650635093450546
    endloop
  endfacet
  facet normal 0 -1 0
    outer loop
      vertex -15.020262219011784 -21.300000000000004 57.15136756002903
      vertex 1.25 -21.300000000000004 61.650635093450546
      vertex 2.4002375081181526 -21.300000000000004 62.27516310662031
    endloop
  endfacet
  facet normal 0 -1 0
    outer loop
      vertex -12.25 -21.300000000000004 58
      vertex 2.4002375081181526 -21.300000000000004 62.27516310662031
      vertex 3.5815839245915413 -21.300000000000004 62.83863644301891
    endloop
  endfacet
  facet normal 0 -1 0
    outer loop
      vertex -12.25 -21.300000000000004 58
      vertex 3.5815839245915413 -21.300000000000004 62.83863644301891
      vertex 4.790801264345646 -21.300000000000004 63.339510664343834
    endloop
  endfacet
  facet normal 0 -1 0
    outer loop
      vertex -12.25 -21.300000000000004 58
      vertex 6.0245751440525055 -21.300000000000004 63.77641290426254
      vertex -0.25 -21.300000000000004 66
    endloop
  endfacet
  facet normal -0.7926239891046 0 0.6097107608496926
    outer loop
      vertex -6.034896799578117 -20.500000000000004 69
      vertex -6.034896799578117 -21.300000000000004 69
      vertex -4.627871967852116 -21.300000000000004 70.8291322812438
    endloop
  endfacet
  facet normal 0 -1 0
    outer loop
      vertex -3.0264571383595467 -21.300000000000004 71.89777747541666
      vertex -2.25 -21.300000000000004 72
      vertex -2.6415785774588585 -21.300000000000004 71.97433458268642
    endloop
  endfacet
  facet normal 0 -1 0
    outer loop
      vertex -6.034896799578117 -21.300000000000004 69
      vertex 4.75 -21.300000000000004 69
      vertex -4.627871967852116 -21.300000000000004 70.8291322812438
    endloop
  endfacet
  facet normal 0 -1 0
    outer loop
      vertex -0.9708733409643173 -21.300000000000004 56.34918615967035
      vertex -0.32903810567665803 -21.300000000000004 55.06
      vertex -0.22003001043685289 -21.300000000000004 55.22314214351308
    endloop
  endfacet
  facet normal 0 -1 0
    outer loop
      vertex -0.9708733409643173 -21.300000000000004 56.34918615967035
      vertex -0.22003001043685289 -21.300000000000004 55.22314214351308
      vertex -0.09066017177982144 -21.300000000000004 55.370660171779825
    endloop
  endfacet
  facet normal 0 -1 0
    outer loop
      vertex -0.9708733409643173 -21.300000000000004 56.34918615967035
      vertex -0.09066017177982144 -21.300000000000004 55.370660171779825
      vertex 0.05685785648691899 -21.300000000000004 55.50003001043685
    endloop
  endfacet
  facet normal 0 -1 0
    outer loop
      vertex -0.9708733409643173 -21.300000000000004 56.34918615967035
      vertex 0.05685785648691899 -21.300000000000004 55.50003001043685
      vertex 0.21999999999999997 -21.300000000000004 55.60903810567666
    endloop
  endfacet
  facet normal 0 -1 0
    outer loop
      vertex -0.9708733409643173 -21.300000000000004 56.34918615967035
      vertex 0.21999999999999997 -21.300000000000004 55.60903810567666
      vertex 0.39597485145236533 -21.300000000000004 55.695819298766935
    endloop
  endfacet
  facet normal 0 -1 0
    outer loop
      vertex -0.9708733409643173 -21.300000000000004 56.34918615967035
      vertex 0.39597485145236533 -21.300000000000004 55.695819298766935
      vertex 0.5817714323462189 -21.300000000000004 55.75888873943361
    endloop
  endfacet
  facet normal 0 -1 0
    outer loop
      vertex -0.9708733409643173 -21.300000000000004 56.34918615967035
      vertex 0.5817714323462189 -21.300000000000004 55.75888873943361
      vertex 0.7742107116699226 -21.300000000000004 55.79716729206072
    endloop
  endfacet
  facet normal 0 -1 0
    outer loop
      vertex -0.9708733409643173 -21.300000000000004 56.34918615967035
      vertex 0.7742107116699226 -21.300000000000004 55.79716729206072
      vertex 0.97 -21.300000000000004 55.81
    endloop
  endfacet
  facet normal 0 -1 0
    outer loop
      vertex -0.9708733409643173 -21.300000000000004 56.34918615967035
      vertex 0.97 -21.300000000000004 55.81
      vertex 26.529999999999998 -21.300000000000004 55.81
    endloop
  endfacet
  facet normal 0 -1 0
    outer loop
      vertex -0.9708733409643173 -21.300000000000004 56.34918615967035
      vertex 26.68127555400133 -21.300000000000004 57.79837387800217
      vertex -0.09504860639572144 -21.300000000000004 57.09721115231514
    endloop
  endfacet
  facet normal 0 -1 0
    outer loop
      vertex -0.09504860639572144 -21.300000000000004 57.09721115231514
      vertex 24.75 -21.300000000000004 59.05255888402462
      vertex 0.8187244459986687 -21.300000000000004 57.79837387800217
    endloop
  endfacet
  facet normal 0 -1 0
    outer loop
      vertex 0.8187244459986687 -21.300000000000004 57.79837387800217
      vertex 23.737790994346142 -21.300000000000004 59.60214353352785
      vertex 1.767941229045391 -21.300000000000004 58.45075249671936
    endloop
  endfacet
  facet normal 0 -1 0
    outer loop
      vertex 1.767941229045391 -21.300000000000004 58.45075249671936
      vertex 22.698206149041653 -21.300000000000004 60.098000064492226
      vertex 2.75 -21.300000000000004 59.05255888402462
    endloop
  endfacet
  facet normal 0 0 1
    outer loop
      vertex 10.019930342449852 -6.8000000000000025 72
      vertex -2.25 -21.300000000000004 72
      vertex 10.019930342449852 -10.800000000000002 72
    endloop
  endfacet
  facet normal 0 -1 0
    outer loop
      vertex -12.25 -21.300000000000004 58
      vertex 4.790801264345646 -21.300000000000004 63.339510664343834
      vertex 6.0245751440525055 -21.300000000000004 63.77641290426254
    endloop
  endfacet
  facet normal 0 -1 0
    outer loop
      vertex 2.75 -21.300000000000004 59.05255888402462
      vertex 21.634094886481762 -21.300000000000004 60.538769379258156
      vertex 3.762209005653858 -21.300000000000004 59.60214353352785
    endloop
  endfacet
  facet normal 0 -1 0
    outer loop
      vertex 3.762209005653858 -21.300000000000004 59.60214353352785
      vertex 20.548373878002167 -21.300000000000004 60.92324335873127
      vertex 4.801793850958347 -21.300000000000004 60.098000064492226
    endloop
  endfacet
  facet normal 0 -1 0
    outer loop
      vertex 4.801793850958347 -21.300000000000004 60.098000064492226
      vertex 19.444018989801407 -21.300000000000004 61.25036817789078
      vertex 5.865905113518238 -21.300000000000004 60.538769379258156
    endloop
  endfacet
  facet normal 0 -1 0
    outer loop
      vertex 5.865905113518238 -21.300000000000004 60.538769379258156
      vertex 17.191558234393597 -21.300000000000004 61.72914349287748
      vertex 6.951626121997833 -21.300000000000004 60.92324335873127
    endloop
  endfacet
  facet normal 0 -1 0
    outer loop
      vertex -0.25 -21.300000000000004 66
      vertex 6.0245751440525055 -21.300000000000004 63.77641290426254
      vertex 22.75 -21.300000000000004 69
    endloop
  endfacet
  facet normal 0 -1 0
    outer loop
      vertex -0.25 -21.300000000000004 66
      vertex 22.75 -21.300000000000004 69
      vertex 4.75 -21.300000000000004 69
    endloop
  endfacet
  facet normal 0 -1 0
    outer loop
      vertex 6.951626121997833 -21.300000000000004 60.92324335873127
      vertex 17.191558234393597 -21.300000000000004 61.72914349287748
      vertex 8.055981010198593 -21.300000000000004 61.25036817789078
    endloop
  endfacet
  facet normal 0 -1 0
    outer loop
      vertex 8.055981010198593 -21.300000000000004 61.25036817789078
      vertex 16.04962619394064 -21.300000000000004 61.8794816955924
      vertex 9.175942800939083 -21.300000000000004 61.519247218966484
    endloop
  endfacet
  facet normal 0 -1 0
    outer loop
      vertex 9.175942800939083 -21.300000000000004 61.519247218966484
      vertex 14.90139103680849 -21.300000000000004 61.96984976530075
      vertex 10.308441765606403 -21.300000000000004 61.72914349287748
    endloop
  endfacet
  facet normal 0 -1 0
    outer loop
      vertex 10.308441765606403 -21.300000000000004 61.72914349287748
      vertex 13.75 -21.300000000000004 62
      vertex 11.45037380605936 -21.300000000000004 61.8794816955924
    endloop
  endfacet
  facet normal 0 -1 0
    outer loop
      vertex 11.45037380605936 -21.300000000000004 61.8794816955924
      vertex 13.75 -21.300000000000004 62
      vertex 12.59860896319151 -21.300000000000004 61.96984976530075
    endloop
  endfacet
  facet normal 0 -1 0
    outer loop
      vertex 10.308441765606403 -21.300000000000004 61.72914349287748
      vertex 14.90139103680849 -21.300000000000004 61.96984976530075
      vertex 13.75 -21.300000000000004 62
    endloop
  endfacet
  facet normal 0 -1 0
    outer loop
      vertex 9.175942800939083 -21.300000000000004 61.519247218966484
      vertex 16.04962619394064 -21.300000000000004 61.8794816955924
      vertex 14.90139103680849 -21.300000000000004 61.96984976530075
    endloop
  endfacet
  facet normal 0 -1 0
    outer loop
      vertex 6.0245751440525055 -21.300000000000004 63.77641290426254
      vertex 7.2795238718390465 -21.300000000000004 64.14814566075802
      vertex 22.75 -21.300000000000004 69
    endloop
  endfacet
  facet normal 0 -1 0
    outer loop
      vertex 7.2795238718390465 -21.300000000000004 64.14814566075802
      vertex 8.552207730710506 -21.300000000000004 64.45369001477957
      vertex 22.75 -21.300000000000004 69
    endloop
  endfacet
  facet normal 0 -1 0
    outer loop
      vertex 8.552207730710506 -21.300000000000004 64.45369001477957
      vertex 9.839138373732567 -21.300000000000004 64.69220851361752
      vertex 22.75 -21.300000000000004 69
    endloop
  endfacet
  facet normal 0 0 1
    outer loop
      vertex -2.25 -21.300000000000004 72
      vertex 29.75 -21.300000000000004 72
      vertex 10.019930342449852 -10.800000000000002 72
    endloop
  endfacet
  facet normal 0 -1 0
    outer loop
      vertex -4.627871967852116 -21.300000000000004 70.8291322812438
      vertex 31.246888622641563 -21.300000000000004 71.59987008571625
      vertex -4.371320344507694 -21.300000000000004 71.1213203445077
    endloop
  endfacet
  facet normal 0 -1 0
    outer loop
      vertex -4.371320344507694 -21.300000000000004 71.1213203445077
      vertex 30.894731387495995 -21.300000000000004 71.77301100641489
      vertex -4.076284289360046 -21.300000000000004 71.3800600245595
    endloop
  endfacet
  facet normal 0 -1 0
    outer loop
      vertex -4.076284289360046 -21.300000000000004 71.3800600245595
      vertex 30.522987484931946 -21.300000000000004 71.89870494604111
      vertex -3.75 -21.300000000000004 71.59807620942593
    endloop
  endfacet
  facet normal 0 -1 0
    outer loop
      vertex -3.75 -21.300000000000004 71.59807620942593
      vertex 30.138017550110817 -21.300000000000004 71.97480123490095
      vertex -3.3980503007769585 -21.300000000000004 71.77163859456778
    endloop
  endfacet
  facet normal 0 -1 0
    outer loop
      vertex -3.3980503007769585 -21.300000000000004 71.77163859456778
      vertex 29.75 -21.300000000000004 72
      vertex -3.0264571383595467 -21.300000000000004 71.89777747541666
    endloop
  endfacet
  facet normal 0 -1 0
    outer loop
      vertex -3.0264571383595467 -21.300000000000004 71.89777747541666
      vertex 29.75 -21.300000000000004 72
      vertex -2.25 -21.300000000000004 72
    endloop
  endfacet
  facet normal 0 -1 0
    outer loop
      vertex -4.627871967852116 -21.300000000000004 70.8291322812438
      vertex 4.75 -21.300000000000004 69
      vertex 31.57343367487192 -21.300000000000004 71.38224466145039
    endloop
  endfacet
  facet normal 0 1 0
    outer loop
      vertex -6.25 3.7 0
      vertex 34.52645713835955 3.7 0.10222252458333969
      vertex 33.75 3.7 0
    endloop
  endfacet
  facet normal 0 0 -1
    outer loop
      vertex -2.9499999999999997 1.9000000000000001 0
      vertex 33.75 3.7 0
      vertex 30.45 1.9000000000000001 0
    endloop
  endfacet
  facet normal 0 1 0
    outer loop
      vertex -6.25 3.7 0
      vertex 34.89805030077696 3.7 0.22836140543222427
      vertex 34.52645713835955 3.7 0.10222252458333969
    endloop
  endfacet
  facet normal 0 1 0
    outer loop
      vertex -6.6415785774588585 3.7 0.025665417313575745
      vertex 35.25 3.7 0.4019237905740738
      vertex 34.89805030077696 3.7 0.22836140543222427
    endloop
  endfacet
  facet normal 0 1 0
    outer loop
      vertex -7.026457138359547 3.7 0.10222252458333969
      vertex 35.576284289360046 3.7 0.6199399754405022
      vertex 35.25 3.7 0.4019237905740738
    endloop
  endfacet
  facet normal 0 1 0
    outer loop
      vertex -7.3980503007769585 3.7 0.22836140543222427
      vertex 35.871320344507694 3.7 0.8786796554923058
      vertex 35.576284289360046 3.7 0.6199399754405022
    endloop
  endfacet
  facet normal 0 1 0
    outer loop
      vertex -7.75 3.7 0.4019237905740738
      vertex 41.871320344507694 3.7 6.878679655492306
      vertex 35.871320344507694 3.7 0.8786796554923058
    endloop
  endfacet
  facet normal 0 1 0
    outer loop
      vertex -14.371320344507694 3.7 6.878679655492306
      vertex 42.521638594567776 3.7 7.8519496992230415
      vertex 42.348076209425926 3.7 7.5
    endloop
  endfacet
  facet normal 0 1 0
    outer loop
      vertex -14.630060024559498 3.7 7.173715710639954
      vertex 42.64777747541666 3.7 8.223542861640453
      vertex 42.521638594567776 3.7 7.8519496992230415
    endloop
  endfacet
  facet normal 0 1 0
    outer loop
      vertex -15.021638594567776 3.7 7.8519496992230415
      vertex 42.75 3.7 9
      vertex 42.724334582686424 3.7 8.608421422541142
    endloop
  endfacet
  facet normal 0 1 0
    outer loop
      vertex -14.848076209425926 3.7 7.5
      vertex 42.724334582686424 3.7 8.608421422541142
      vertex 42.64777747541666 3.7 8.223542861640453
    endloop
  endfacet
  facet normal 0 1 0
    outer loop
      vertex -8.076284289360046 3.7 0.6199399754405022
      vertex 42.1300600245595 3.7 7.173715710639954
      vertex 41.871320344507694 3.7 6.878679655492306
    endloop
  endfacet
  facet normal 0 1 0
    outer loop
      vertex -8.371320344507694 3.7 0.8786796554923058
      vertex 42.348076209425926 3.7 7.5
      vertex 42.1300600245595 3.7 7.173715710639954
    endloop
  endfacet
  facet normal 0 1 0
    outer loop
      vertex -15.14777747541666 3.7 8.223542861640453
      vertex 42.75 3.7 56
      vertex 42.75 3.7 9
    endloop
  endfacet
  facet normal 0 1 0
    outer loop
      vertex 33.75 3.7 0
      vertex 34.52645713835955 3.7 0.10222252458333969
      vertex 34.14157857745886 3.7 0.025665417313575745
    endloop
  endfacet
  facet normal 0 0 -1
    outer loop
      vertex 30.45 1.9000000000000001 0
      vertex 33.75 3.7 0
      vertex 33.75 -21.300000000000004 0
    endloop
  endfacet
  facet normal 0.06540313273849395 0 -0.9978589230086541
    outer loop
      vertex 33.75 3.7 0
      vertex 34.14157857745886 3.7 0.025665417313575745
      vertex 33.75 -21.300000000000004 0
    endloop
  endfacet
  facet normal 0.19509032585814406 0 -0.9807852796390059
    outer loop
      vertex 34.14157857745886 3.7 0.025665417313575745
      vertex 34.52645713835955 3.7 0.10222252458333969
      vertex 34.14157857745886 -21.300000000000004 0.025665417313575745
    endloop
  endfacet
  facet normal 0.3214394637077385 0 -0.9469301300366789
    outer loop
      vertex 34.52645713835955 3.7 0.10222252458333969
      vertex 34.89805030077696 3.7 0.22836140543222427
      vertex 34.52645713835955 -21.300000000000004 0.10222252458333969
    endloop
  endfacet
  facet normal 0.4422886918115197 0 -0.8968727407473452
    outer loop
      vertex 34.89805030077696 3.7 0.22836140543222427
      vertex 35.25 3.7 0.4019237905740738
      vertex 34.89805030077696 -21.300000000000004 0.22836140543222427
    endloop
  endfacet
  facet normal 0.5555702203832521 0 -0.8314696207458843
    outer loop
      vertex 35.25 3.7 0.4019237905740738
      vertex 35.576284289360046 3.7 0.6199399754405022
      vertex 35.25 -21.300000000000004 0.4019237905740738
    endloop
  endfacet
  facet normal 0.6593458207943228 0 -0.7518398024852507
    outer loop
      vertex 35.576284289360046 3.7 0.6199399754405022
      vertex 35.871320344507694 3.7 0.8786796554923058
      vertex 35.576284289360046 -21.300000000000004 0.6199399754405022
    endloop
  endfacet
  facet normal 0.7071067811865476 0 -0.7071067811865476
    outer loop
      vertex 35.871320344507694 3.7 0.8786796554923058
      vertex 41.871320344507694 3.7 6.878679655492306
      vertex 35.871320344507694 -21.300000000000004 0.8786796554923058
    endloop
  endfacet
  facet normal 0.7518398024852507 0 -0.6593458207943228
    outer loop
      vertex 41.871320344507694 3.7 6.878679655492306
      vertex 42.1300600245595 3.7 7.173715710639954
      vertex 41.871320344507694 -21.300000000000004 6.878679655492306
    endloop
  endfacet
  facet normal 0.8314696207458843 0 -0.5555702203832521
    outer loop
      vertex 42.1300600245595 3.7 7.173715710639954
      vertex 42.348076209425926 3.7 7.5
      vertex 42.1300600245595 -21.300000000000004 7.173715710639954
    endloop
  endfacet
  facet normal 0.8968727407473452 0 -0.4422886918115197
    outer loop
      vertex 42.348076209425926 3.7 7.5
      vertex 42.521638594567776 3.7 7.8519496992230415
      vertex 42.348076209425926 -21.300000000000004 7.5
    endloop
  endfacet
  facet normal 0.9469301300366789 0 -0.3214394637077385
    outer loop
      vertex 42.521638594567776 3.7 7.8519496992230415
      vertex 42.64777747541666 3.7 8.223542861640453
      vertex 42.521638594567776 -21.300000000000004 7.8519496992230415
    endloop
  endfacet
  facet normal 0.9807852796390059 0 -0.19509032585814406
    outer loop
      vertex 42.64777747541666 3.7 8.223542861640453
      vertex 42.724334582686424 3.7 8.608421422541142
      vertex 42.64777747541666 -21.300000000000004 8.223542861640453
    endloop
  endfacet
  facet normal 0.9978589230086541 0 -0.06540313273849395
    outer loop
      vertex 42.724334582686424 3.7 8.608421422541142
      vertex 42.75 3.7 9
      vertex 42.724334582686424 -21.300000000000004 8.608421422541142
    endloop
  endfacet
  facet normal 1 0 0
    outer loop
      vertex 42.75 3.7 9
      vertex 42.75 -4.808421425521374 40.58566541582346
      vertex 42.75 -21.300000000000004 9
    endloop
  endfacet
  facet normal 1 0 0
    outer loop
      vertex 42.75 3.7 9
      vertex 42.75 3.7 56
      vertex 42.75 -2.2000000029802322 43.55999999850989
    endloop
  endfacet
  facet normal 1 0 0
    outer loop
      vertex 42.75 3.7 9
      vertex 42.75 -2.8199399784207344 41.73371570914984
      vertex 42.75 -3.078679658472538 41.43867965400219
    endloop
  endfacet
  facet normal 1 0 0
    outer loop
      vertex 42.75 3.7 9
      vertex 42.75 -3.078679658472538 41.43867965400219
      vertex 42.75 -3.373715713620186 41.17993997395039
    endloop
  endfacet
  facet normal 1 0 0
    outer loop
      vertex 42.75 3.7 9
      vertex 42.75 -2.302222527563572 42.78354286015034
      vertex 42.75 -2.4283614084124565 42.41194969773293
    endloop
  endfacet
  facet normal 1 0 0
    outer loop
      vertex 42.75 3.7 9
      vertex 42.75 -2.4283614084124565 42.41194969773293
      vertex 42.75 -2.601923793554306 42.05999999850989
    endloop
  endfacet
  facet normal 1 0 0
    outer loop
      vertex 42.75 3.7 9
      vertex 42.75 -2.601923793554306 42.05999999850989
      vertex 42.75 -2.8199399784207344 41.73371570914984
    endloop
  endfacet
  facet normal 1 0 0
    outer loop
      vertex 42.75 3.7 9
      vertex 42.75 -2.225665420293808 43.16842142105103
      vertex 42.75 -2.302222527563572 42.78354286015034
    endloop
  endfacet
  facet normal 1 0 0
    outer loop
      vertex 42.75 3.7 9
      vertex 42.75 -2.2000000029802322 43.55999999850989
      vertex 42.75 -2.225665420293808 43.16842142105103
    endloop
  endfacet
  facet normal 1 0 0
    outer loop
      vertex 42.75 3.7 9
      vertex 42.75 -3.373715713620186 41.17993997395039
      vertex 42.75 -3.7000000029802322 40.96192378908396
    endloop
  endfacet
  facet normal 1 0 0
    outer loop
      vertex 42.75 3.7 9
      vertex 42.75 -3.7000000029802322 40.96192378908396
      vertex 42.75 -4.051949702203274 40.78836140394211
    endloop
  endfacet
  facet normal 1 0 0
    outer loop
      vertex 42.75 3.7 9
      vertex 42.75 -4.051949702203274 40.78836140394211
      vertex 42.75 -4.423542864620686 40.66222252309323
    endloop
  endfacet
  facet normal 1 0 0
    outer loop
      vertex 42.75 3.7 9
      vertex 42.75 -4.423542864620686 40.66222252309323
      vertex 42.75 -4.808421425521374 40.58566541582346
    endloop
  endfacet
  facet normal 0 0 -1
    outer loop
      vertex -2.9499999999999997 -19.500000000000004 0
      vertex 30.45 -19.500000000000004 0
      vertex 33.75 -21.300000000000004 0
    endloop
  endfacet
  facet normal 0 -1 0
    outer loop
      vertex -7.75 -21.300000000000004 0.4019237905740738
      vertex 35.871320344507694 -21.300000000000004 0.8786796554923058
      vertex 30.75 -21.300000000000004 5
    endloop
  endfacet
  facet normal 0 -1 0
    outer loop
      vertex -6.25 -21.300000000000004 0
      vertex 33.75 -21.300000000000004 0
      vertex 34.52645713835955 -21.300000000000004 0.10222252458333969
    endloop
  endfacet
  facet normal 0 -1 0
    outer loop
      vertex 7.2795238718390465 -21.300000000000004 15.851854339241982
      vertex 26.75 -21.300000000000004 11
      vertex 8.552207730710506 -21.300000000000004 15.546309985220432
    endloop
  endfacet
  facet normal 0 -1 0
    outer loop
      vertex 8.552207730710506 -21.300000000000004 15.546309985220432
      vertex 26.75 -21.300000000000004 11
      vertex 9.839138373732567 -21.300000000000004 15.307791486382484
    endloop
  endfacet
  facet normal 0 -1 0
    outer loop
      vertex 9.839138373732567 -21.300000000000004 15.307791486382484
      vertex 26.75 -21.300000000000004 11
      vertex 11.136788420379162 -21.300000000000004 15.136952616274357
    endloop
  endfacet
  facet normal 0 -1 0
    outer loop
      vertex 11.136788420379162 -21.300000000000004 15.136952616274357
      vertex 26.75 -21.300000000000004 11
      vertex 12.44160109758377 -21.300000000000004 15.034261628985405
    endloop
  endfacet
  facet normal 0 -1 0
    outer loop
      vertex 12.44160109758377 -21.300000000000004 15.034261628985405
      vertex 26.75 -21.300000000000004 11
      vertex 13.75 -21.300000000000004 15
    endloop
  endfacet
  facet normal 0 -1 0
    outer loop
      vertex 13.75 -21.300000000000004 15
      vertex 26.75 -21.300000000000004 11
      vertex 15.05839890241623 -21.300000000000004 15.034261628985405
    endloop
  endfacet
  facet normal 0 -1 0
    outer loop
      vertex 15.05839890241623 -21.300000000000004 15.034261628985405
      vertex 26.75 -21.300000000000004 11
      vertex 16.363211579620838 -21.300000000000004 15.136952616274357
    endloop
  endfacet
  facet normal 0 -1 0
    outer loop
      vertex 16.363211579620838 -21.300000000000004 15.136952616274357
      vertex 26.75 -21.300000000000004 11
      vertex 17.660861626267433 -21.300000000000004 15.307791486382484
    endloop
  endfacet
  facet normal 0 -1 0
    outer loop
      vertex -6.25 -21.300000000000004 0
      vertex 34.52645713835955 -21.300000000000004 0.10222252458333969
      vertex 34.89805030077696 -21.300000000000004 0.22836140543222427
    endloop
  endfacet
  facet normal 0 -1 0
    outer loop
      vertex -6.6415785774588585 -21.300000000000004 0.025665417313575745
      vertex 34.89805030077696 -21.300000000000004 0.22836140543222427
      vertex 35.25 -21.300000000000004 0.4019237905740738
    endloop
  endfacet
  facet normal 0 -1 0
    outer loop
      vertex -7.026457138359547 -21.300000000000004 0.10222252458333969
      vertex 35.25 -21.300000000000004 0.4019237905740738
      vertex 35.576284289360046 -21.300000000000004 0.6199399754405022
    endloop
  endfacet
  facet normal 0 -1 0
    outer loop
      vertex -7.3980503007769585 -21.300000000000004 0.22836140543222427
      vertex 35.576284289360046 -21.300000000000004 0.6199399754405022
      vertex 35.871320344507694 -21.300000000000004 0.8786796554923058
    endloop
  endfacet
  facet normal 0 -1 0
    outer loop
      vertex 17.660861626267433 -21.300000000000004 15.307791486382484
      vertex 26.75 -21.300000000000004 11
      vertex 18.947792269289494 -21.300000000000004 15.546309985220432
    endloop
  endfacet
  facet normal 0 -1 0
    outer loop
      vertex 18.947792269289494 -21.300000000000004 15.546309985220432
      vertex 26.75 -21.300000000000004 11
      vertex 20.220476128160954 -21.300000000000004 15.851854339241982
    endloop
  endfacet
  facet normal 0 -1 0
    outer loop
      vertex 20.220476128160954 -21.300000000000004 15.851854339241982
      vertex 26.75 -21.300000000000004 11
      vertex 21.475424855947495 -21.300000000000004 16.223587095737457
    endloop
  endfacet
  facet normal 0 -1 0
    outer loop
      vertex 21.475424855947495 -21.300000000000004 16.223587095737457
      vertex 26.75 -21.300000000000004 11
      vertex 22.709198735654354 -21.300000000000004 16.660489335656166
    endloop
  endfacet
  facet normal 0 -1 0
    outer loop
      vertex 22.709198735654354 -21.300000000000004 16.660489335656166
      vertex 26.75 -21.300000000000004 11
      vertex 23.91841607540846 -21.300000000000004 17.161363556981087
    endloop
  endfacet
  facet normal 0 -1 0
    outer loop
      vertex 23.91841607540846 -21.300000000000004 17.161363556981087
      vertex 26.75 -21.300000000000004 11
      vertex 25.099762491881847 -21.300000000000004 17.72483689337969
    endloop
  endfacet
  facet normal 0 -1 0
    outer loop
      vertex 26.75 -21.300000000000004 11
      vertex 26.25 -21.300000000000004 18.349364906549454
      vertex 25.099762491881847 -21.300000000000004 17.72483689337969
    endloop
  endfacet
  facet normal 0 -1 0
    outer loop
      vertex 26.75 -21.300000000000004 11
      vertex 27.365975871682167 -21.300000000000004 19.033235803246498
      vertex 26.25 -21.300000000000004 18.349364906549454
    endloop
  endfacet
  facet normal 0 -1 0
    outer loop
      vertex 26.75 -21.300000000000004 11
      vertex 28.444631308317184 -21.300000000000004 19.774575144052505
      vertex 27.365975871682167 -21.300000000000004 19.033235803246498
    endloop
  endfacet
  facet normal 0 -1 0
    outer loop
      vertex 26.75 -21.300000000000004 11
      vertex 29.48300977796316 -21.300000000000004 20.5713509619236
      vertex 28.444631308317184 -21.300000000000004 19.774575144052505
    endloop
  endfacet
  facet normal 0 -1 0
    outer loop
      vertex 0.97 -21.300000000000004 24.19
      vertex 20.548373878002167 -21.300000000000004 19.07675664126873
      vertex 21.634094886481762 -21.300000000000004 19.461230620741844
    endloop
  endfacet
  facet normal 0 -1 0
    outer loop
      vertex 0.97 -21.300000000000004 24.19
      vertex 21.634094886481762 -21.300000000000004 19.461230620741844
      vertex 22.698206149041653 -21.300000000000004 19.901999935507774
    endloop
  endfacet
  facet normal 0 -1 0
    outer loop
      vertex 0.97 -21.300000000000004 24.19
      vertex 22.698206149041653 -21.300000000000004 19.901999935507774
      vertex 23.737790994346142 -21.300000000000004 20.39785646647215
    endloop
  endfacet
  facet normal 0 -1 0
    outer loop
      vertex 0.97 -21.300000000000004 24.19
      vertex 23.737790994346142 -21.300000000000004 20.39785646647215
      vertex 24.75 -21.300000000000004 20.94744111597538
    endloop
  endfacet
  facet normal 0 -1 0
    outer loop
      vertex 0.97 -21.300000000000004 24.19
      vertex 24.75 -21.300000000000004 20.94744111597538
      vertex 25.73205877095461 -21.300000000000004 21.54924750328064
    endloop
  endfacet
  facet normal 0 -1 0
    outer loop
      vertex 0.97 -21.300000000000004 24.19
      vertex 25.73205877095461 -21.300000000000004 21.54924750328064
      vertex 26.68127555400133 -21.300000000000004 22.201626121997833
    endloop
  endfacet
  facet normal 0 -1 0
    outer loop
      vertex 0.97 -21.300000000000004 24.19
      vertex 26.68127555400133 -21.300000000000004 22.201626121997833
      vertex 26.529999999999998 -21.300000000000004 24.19
    endloop
  endfacet
  facet normal 0 -1 0
    outer loop
      vertex 26.68127555400133 -21.300000000000004 22.201626121997833
      vertex 27.59504860639572 -21.300000000000004 22.90278884768486
      vertex 26.529999999999998 -21.300000000000004 24.19
    endloop
  endfacet
  facet normal 0 -1 0
    outer loop
      vertex 26.529999999999998 -21.300000000000004 24.19
      vertex 27.59504860639572 -21.300000000000004 22.90278884768486
      vertex 26.725789288330073 -21.300000000000004 24.202832707939287
    endloop
  endfacet
  facet normal 0 -1 0
    outer loop
      vertex 26.725789288330073 -21.300000000000004 24.202832707939287
      vertex 27.59504860639572 -21.300000000000004 22.90278884768486
      vertex 26.918228567653777 -21.300000000000004 24.2411112605664
    endloop
  endfacet
  facet normal 0 -1 0
    outer loop
      vertex 26.918228567653777 -21.300000000000004 24.2411112605664
      vertex 27.59504860639572 -21.300000000000004 22.90278884768486
      vertex 27.10402514854763 -21.300000000000004 24.304180701233072
    endloop
  endfacet
  facet normal 0 -1 0
    outer loop
      vertex 27.10402514854763 -21.300000000000004 24.304180701233072
      vertex 27.59504860639572 -21.300000000000004 22.90278884768486
      vertex 27.279999999999998 -21.300000000000004 24.390961894323343
    endloop
  endfacet
  facet normal 0 -1 0
    outer loop
      vertex 27.279999999999998 -21.300000000000004 24.390961894323343
      vertex 27.59504860639572 -21.300000000000004 22.90278884768486
      vertex 28.470873340964317 -21.300000000000004 23.650813840329647
    endloop
  endfacet
  facet normal 0 -1 0
    outer loop
      vertex 27.279999999999998 -21.300000000000004 24.390961894323343
      vertex 28.470873340964317 -21.300000000000004 23.650813840329647
      vertex 27.44314214351308 -21.300000000000004 24.499969989563148
    endloop
  endfacet
  facet normal 0 -1 0
    outer loop
      vertex 27.44314214351308 -21.300000000000004 24.499969989563148
      vertex 28.470873340964317 -21.300000000000004 23.650813840329647
      vertex 27.59066017177982 -21.300000000000004 24.629339828220182
    endloop
  endfacet
  facet normal 0 -1 0
    outer loop
      vertex 27.59066017177982 -21.300000000000004 24.629339828220182
      vertex 28.470873340964317 -21.300000000000004 23.650813840329647
      vertex 27.72003001043685 -21.300000000000004 24.77685785648692
    endloop
  endfacet
  facet normal 0 0 -1
    outer loop
      vertex 30.45 1.9000000000000001 0
      vertex 33.75 -21.300000000000004 0
      vertex 30.45 -19.500000000000004 0
    endloop
  endfacet
  facet normal 0.06540313273849395 0 -0.9978589230086541
    outer loop
      vertex 34.14157857745886 3.7 0.025665417313575745
      vertex 34.14157857745886 -21.300000000000004 0.025665417313575745
      vertex 33.75 -21.300000000000004 0
    endloop
  endfacet
  facet normal 0.19509032585814406 0 -0.9807852796390059
    outer loop
      vertex 34.52645713835955 3.7 0.10222252458333969
      vertex 34.52645713835955 -21.300000000000004 0.10222252458333969
      vertex 34.14157857745886 -21.300000000000004 0.025665417313575745
    endloop
  endfacet
  facet normal 0.3214394637077385 0 -0.9469301300366789
    outer loop
      vertex 34.89805030077696 3.7 0.22836140543222427
      vertex 34.89805030077696 -21.300000000000004 0.22836140543222427
      vertex 34.52645713835955 -21.300000000000004 0.10222252458333969
    endloop
  endfacet
  facet normal 0.4422886918115197 0 -0.8968727407473452
    outer loop
      vertex 35.25 3.7 0.4019237905740738
      vertex 35.25 -21.300000000000004 0.4019237905740738
      vertex 34.89805030077696 -21.300000000000004 0.22836140543222427
    endloop
  endfacet
  facet normal 0.5555702203832521 0 -0.8314696207458843
    outer loop
      vertex 35.576284289360046 3.7 0.6199399754405022
      vertex 35.576284289360046 -21.300000000000004 0.6199399754405022
      vertex 35.25 -21.300000000000004 0.4019237905740738
    endloop
  endfacet
  facet normal 0.6593458207943228 0 -0.7518398024852507
    outer loop
      vertex 35.871320344507694 3.7 0.8786796554923058
      vertex 35.871320344507694 -21.300000000000004 0.8786796554923058
      vertex 35.576284289360046 -21.300000000000004 0.6199399754405022
    endloop
  endfacet
  facet normal 0.7071067811865476 0 -0.7071067811865476
    outer loop
      vertex 41.871320344507694 3.7 6.878679655492306
      vertex 41.871320344507694 -21.300000000000004 6.878679655492306
      vertex 35.871320344507694 -21.300000000000004 0.8786796554923058
    endloop
  endfacet
  facet normal 0.7518398024852507 0 -0.6593458207943228
    outer loop
      vertex 42.1300600245595 3.7 7.173715710639954
      vertex 42.1300600245595 -21.300000000000004 7.173715710639954
      vertex 41.871320344507694 -21.300000000000004 6.878679655492306
    endloop
  endfacet
  facet normal 0.8314696207458843 0 -0.5555702203832521
    outer loop
      vertex 42.348076209425926 3.7 7.5
      vertex 42.348076209425926 -21.300000000000004 7.5
      vertex 42.1300600245595 -21.300000000000004 7.173715710639954
    endloop
  endfacet
  facet normal 0.8968727407473452 0 -0.4422886918115197
    outer loop
      vertex 42.521638594567776 3.7 7.8519496992230415
      vertex 42.521638594567776 -21.300000000000004 7.8519496992230415
      vertex 42.348076209425926 -21.300000000000004 7.5
    endloop
  endfacet
  facet normal 0.9469301300366789 0 -0.3214394637077385
    outer loop
      vertex 42.64777747541666 3.7 8.223542861640453
      vertex 42.64777747541666 -21.300000000000004 8.223542861640453
      vertex 42.521638594567776 -21.300000000000004 7.8519496992230415
    endloop
  endfacet
  facet normal 0.9807852796390059 0 -0.19509032585814406
    outer loop
      vertex 42.724334582686424 3.7 8.608421422541142
      vertex 42.724334582686424 -21.300000000000004 8.608421422541142
      vertex 42.64777747541666 -21.300000000000004 8.223542861640453
    endloop
  endfacet
  facet normal 0.9978589230086541 0 -0.06540313273849395
    outer loop
      vertex 42.75 3.7 9
      vertex 42.75 -21.300000000000004 9
      vertex 42.724334582686424 -21.300000000000004 8.608421422541142
    endloop
  endfacet
  facet normal 0 -1 0
    outer loop
      vertex 33.75 -21.300000000000004 0
      vertex 34.14157857745886 -21.300000000000004 0.025665417313575745
      vertex 34.52645713835955 -21.300000000000004 0.10222252458333969
    endloop
  endfacet
  facet normal 0 -1 0
    outer loop
      vertex 26.75 -21.300000000000004 11
      vertex 30.75 -21.300000000000004 5
      vertex 42.75 -21.300000000000004 9
    endloop
  endfacet
  facet normal 0 -1 0
    outer loop
      vertex 26.75 -21.300000000000004 11
      vertex 37.149999998509884 -21.300000000000004 14
      vertex 29.48300977796316 -21.300000000000004 20.5713509619236
    endloop
  endfacet
  facet normal 0 -1 0
    outer loop
      vertex 37.149999998509884 -21.300000000000004 14
      vertex 30.478265158832073 -21.300000000000004 21.42137936502695
      vertex 29.48300977796316 -21.300000000000004 20.5713509619236
    endloop
  endfacet
  facet normal 0 -1 0
    outer loop
      vertex 37.149999998509884 -21.300000000000004 14
      vertex 31.427669532597065 -21.300000000000004 22.322330467402935
      vertex 30.478265158832073 -21.300000000000004 21.42137936502695
    endloop
  endfacet
  facet normal 0 -1 0
    outer loop
      vertex 30.75 -21.300000000000004 5
      vertex 35.871320344507694 -21.300000000000004 0.8786796554923058
      vertex 41.871320344507694 -21.300000000000004 6.878679655492306
    endloop
  endfacet
  facet normal 0 -1 0
    outer loop
      vertex 30.75 -21.300000000000004 5
      vertex 41.871320344507694 -21.300000000000004 6.878679655492306
      vertex 42.1300600245595 -21.300000000000004 7.173715710639954
    endloop
  endfacet
  facet normal 0 -1 0
    outer loop
      vertex 30.75 -21.300000000000004 5
      vertex 42.1300600245595 -21.300000000000004 7.173715710639954
      vertex 42.348076209425926 -21.300000000000004 7.5
    endloop
  endfacet
  facet normal 0 -1 0
    outer loop
      vertex 30.75 -21.300000000000004 5
      vertex 42.348076209425926 -21.300000000000004 7.5
      vertex 42.521638594567776 -21.300000000000004 7.8519496992230415
    endloop
  endfacet
  facet normal 0 -1 0
    outer loop
      vertex 30.75 -21.300000000000004 5
      vertex 42.521638594567776 -21.300000000000004 7.8519496992230415
      vertex 42.64777747541666 -21.300000000000004 8.223542861640453
    endloop
  endfacet
  facet normal 0 -1 0
    outer loop
      vertex 30.75 -21.300000000000004 5
      vertex 42.64777747541666 -21.300000000000004 8.223542861640453
      vertex 42.724334582686424 -21.300000000000004 8.608421422541142
    endloop
  endfacet
  facet normal 0 -1 0
    outer loop
      vertex 30.75 -21.300000000000004 5
      vertex 42.724334582686424 -21.300000000000004 8.608421422541142
      vertex 42.75 -21.300000000000004 9
    endloop
  endfacet
  facet normal 0 -1 0
    outer loop
      vertex 26.75 -21.300000000000004 11
      vertex 42.75 -21.300000000000004 9
      vertex 37.149999998509884 -21.300000000000004 14
    endloop
  endfacet
  facet normal 0 -1 0
    outer loop
      vertex 42.75 -21.300000000000004 9
      vertex 40.350000001490116 -21.300000000000004 14
      vertex 37.149999998509884 -21.300000000000004 14
    endloop
  endfacet
  facet normal 1 0 0
    outer loop
      vertex 42.75 -21.300000000000004 9
      vertex 42.75 -4.808421425521374 40.58566541582346
      vertex 42.75 -5.200000002980232 40.55999999850989
    endloop
  endfacet
  facet normal 1 0 0
    outer loop
      vertex 42.75 -21.300000000000004 9
      vertex 42.75 -5.200000002980232 40.55999999850989
      vertex 42.75 -13.600000001490116 40.55999999850989
    endloop
  endfacet
  facet normal 0 -1 0
    outer loop
      vertex 27.72003001043685 -21.300000000000004 24.77685785648692
      vertex 28.470873340964317 -21.300000000000004 23.650813840329647
      vertex 29.30634918808937 -21.300000000000004 24.44365081191063
    endloop
  endfacet
  facet normal 0 -1 0
    outer loop
      vertex 27.72003001043685 -21.300000000000004 24.77685785648692
      vertex 29.30634918808937 -21.300000000000004 24.44365081191063
      vertex 27.829038105676656 -21.300000000000004 24.94
    endloop
  endfacet
  facet normal 0 -1 0
    outer loop
      vertex 27.829038105676656 -21.300000000000004 24.94
      vertex 29.30634918808937 -21.300000000000004 24.44365081191063
      vertex 27.915819298766927 -21.300000000000004 25.115974851452364
    endloop
  endfacet
  facet normal 0 -1 0
    outer loop
      vertex 27.915819298766927 -21.300000000000004 25.115974851452364
      vertex 29.30634918808937 -21.300000000000004 24.44365081191063
      vertex 27.9788887394336 -21.300000000000004 25.30177143234622
    endloop
  endfacet
  facet normal 0 -1 0
    outer loop
      vertex 27.9788887394336 -21.300000000000004 25.30177143234622
      vertex 30.099186159670353 -21.300000000000004 25.279126659035683
      vertex 28.017167292060712 -21.300000000000004 25.494210711669922
    endloop
  endfacet
  facet normal 0 -1 0
    outer loop
      vertex 27.9788887394336 -21.300000000000004 25.30177143234622
      vertex 29.30634918808937 -21.300000000000004 24.44365081191063
      vertex 30.099186159670353 -21.300000000000004 25.279126659035683
    endloop
  endfacet
  facet normal 0 -1 0
    outer loop
      vertex 28.017167292060712 -21.300000000000004 25.494210711669922
      vertex 30.099186159670353 -21.300000000000004 25.279126659035683
      vertex 28.029999999999998 -21.300000000000004 25.69
    endloop
  endfacet
  facet normal 0 -1 0
    outer loop
      vertex 28.029999999999998 -21.300000000000004 25.69
      vertex 30.099186159670353 -21.300000000000004 25.279126659035683
      vertex 30.84721115231514 -21.300000000000004 26.15495139360428
    endloop
  endfacet
  facet normal 0 -1 0
    outer loop
      vertex 28.029999999999998 -21.300000000000004 25.69
      vertex 30.84721115231514 -21.300000000000004 26.15495139360428
      vertex 31.548373878002167 -21.300000000000004 27.06872444599867
    endloop
  endfacet
  facet normal 0 -1 0
    outer loop
      vertex 28.029999999999998 -21.300000000000004 25.69
      vertex 31.548373878002167 -21.300000000000004 27.06872444599867
      vertex 32.20075249671936 -21.300000000000004 28.01794122904539
    endloop
  endfacet
  facet normal 0 -1 0
    outer loop
      vertex 28.029999999999998 -21.300000000000004 25.69
      vertex 32.20075249671936 -21.300000000000004 28.01794122904539
      vertex 32.80255888402462 -21.300000000000004 29
    endloop
  endfacet
  facet normal 0 -1 0
    outer loop
      vertex 28.029999999999998 -21.300000000000004 25.69
      vertex 32.80255888402462 -21.300000000000004 29
      vertex 33.35214353352785 -21.300000000000004 30.012209005653858
    endloop
  endfacet
  facet normal 0 -1 0
    outer loop
      vertex 28.029999999999998 -21.300000000000004 25.69
      vertex 33.35214353352785 -21.300000000000004 30.012209005653858
      vertex 33.848000064492226 -21.300000000000004 31.051793850958347
    endloop
  endfacet
  facet normal 0 -1 0
    outer loop
      vertex 37.149999998509884 -21.300000000000004 14
      vertex 32.32862063497305 -21.300000000000004 23.271734841167927
      vertex 31.427669532597065 -21.300000000000004 22.322330467402935
    endloop
  endfacet
  facet normal 0 -1 0
    outer loop
      vertex 37.149999998509884 -21.300000000000004 14
      vertex 33.1786490380764 -21.300000000000004 24.26699022203684
      vertex 32.32862063497305 -21.300000000000004 23.271734841167927
    endloop
  endfacet
  facet normal 0 -1 0
    outer loop
      vertex 37.149999998509884 -21.300000000000004 14
      vertex 33.975424855947495 -21.300000000000004 25.305368691682816
      vertex 33.1786490380764 -21.300000000000004 24.26699022203684
    endloop
  endfacet
  facet normal 0 -1 0
    outer loop
      vertex 37.149999998509884 -21.300000000000004 14
      vertex 34.7167641967535 -21.300000000000004 26.384024128317833
      vertex 33.975424855947495 -21.300000000000004 25.305368691682816
    endloop
  endfacet
  facet normal 0 -1 0
    outer loop
      vertex 28.029999999999998 -21.300000000000004 25.69
      vertex 33.848000064492226 -21.300000000000004 31.051793850958347
      vertex 34.288769379258156 -21.300000000000004 32.11590511351824
    endloop
  endfacet
  facet normal 0 -1 0
    outer loop
      vertex 28.029999999999998 -21.300000000000004 25.69
      vertex 34.288769379258156 -21.300000000000004 32.11590511351824
      vertex 34.67324335873127 -21.300000000000004 33.20162612199783
    endloop
  endfacet
  facet normal 0 -1 0
    outer loop
      vertex 28.029999999999998 -21.300000000000004 25.69
      vertex 34.67324335873127 -21.300000000000004 33.20162612199783
      vertex 35.00036817789078 -21.300000000000004 34.30598101019859
    endloop
  endfacet
  facet normal 0 -1 0
    outer loop
      vertex 28.029999999999998 -21.300000000000004 25.69
      vertex 35.00036817789078 -21.300000000000004 34.30598101019859
      vertex 35.269247218966484 -21.300000000000004 35.42594280093908
    endloop
  endfacet
  facet normal 0 -1 0
    outer loop
      vertex 28.029999999999998 -21.300000000000004 25.69
      vertex 35.269247218966484 -21.300000000000004 35.42594280093908
      vertex 35.47914349287748 -21.300000000000004 36.5584417656064
    endloop
  endfacet
  facet normal 0 -1 0
    outer loop
      vertex 28.029999999999998 -21.300000000000004 25.69
      vertex 35.47914349287748 -21.300000000000004 36.5584417656064
      vertex 35.6294816955924 -21.300000000000004 37.70037380605936
    endloop
  endfacet
  facet normal 0 -1 0
    outer loop
      vertex 28.029999999999998 -21.300000000000004 25.69
      vertex 35.6294816955924 -21.300000000000004 37.70037380605936
      vertex 35.71984976530075 -21.300000000000004 38.84860896319151
    endloop
  endfacet
  facet normal 0 -1 0
    outer loop
      vertex 28.029999999999998 -21.300000000000004 25.69
      vertex 35.71984976530075 -21.300000000000004 38.84860896319151
      vertex 35.75 -21.300000000000004 40
    endloop
  endfacet
  facet normal 0 -1 0
    outer loop
      vertex 28.029999999999998 -21.300000000000004 25.69
      vertex 35.75 -21.300000000000004 40
      vertex 35.71984976530075 -21.300000000000004 41.15139103680849
    endloop
  endfacet
  facet normal 0 -1 0
    outer loop
      vertex 28.029999999999998 -21.300000000000004 25.69
      vertex 35.71984976530075 -21.300000000000004 41.15139103680849
      vertex 35.6294816955924 -21.300000000000004 42.29962619394064
    endloop
  endfacet
  facet normal 0 -1 0
    outer loop
      vertex 28.029999999999998 -21.300000000000004 25.69
      vertex 35.269247218966484 -21.300000000000004 44.57405719906092
      vertex 35.00036817789078 -21.300000000000004 45.69401898980141
    endloop
  endfacet
  facet normal 0 -1 0
    outer loop
      vertex 28.029999999999998 -21.300000000000004 25.69
      vertex 35.00036817789078 -21.300000000000004 45.69401898980141
      vertex 34.67324335873127 -21.300000000000004 46.79837387800217
    endloop
  endfacet
  facet normal 0 -1 0
    outer loop
      vertex 28.029999999999998 -21.300000000000004 25.69
      vertex 35.6294816955924 -21.300000000000004 42.29962619394064
      vertex 35.47914349287748 -21.300000000000004 43.4415582343936
    endloop
  endfacet
  facet normal 0 -1 0
    outer loop
      vertex 28.029999999999998 -21.300000000000004 25.69
      vertex 35.47914349287748 -21.300000000000004 43.4415582343936
      vertex 35.269247218966484 -21.300000000000004 44.57405719906092
    endloop
  endfacet
  facet normal 0 -1 0
    outer loop
      vertex 37.149999998509884 -21.300000000000004 14
      vertex 35.400635093450546 -21.300000000000004 27.5
      vertex 34.7167641967535 -21.300000000000004 26.384024128317833
    endloop
  endfacet
  facet normal 0 -1 0
    outer loop
      vertex 37.149999998509884 -21.300000000000004 14
      vertex 36.02516310662031 -21.300000000000004 28.650237508118153
      vertex 35.400635093450546 -21.300000000000004 27.5
    endloop
  endfacet
  facet normal 0 -1 0
    outer loop
      vertex 37.149999998509884 -21.300000000000004 14
      vertex 36.58863644301891 -21.300000000000004 29.83158392459154
      vertex 36.02516310662031 -21.300000000000004 28.650237508118153
    endloop
  endfacet
  facet normal 0 -1 0
    outer loop
      vertex 37.149999998509884 -21.300000000000004 14
      vertex 37.089510664343834 -21.300000000000004 31.040801264345646
      vertex 36.58863644301891 -21.300000000000004 29.83158392459154
    endloop
  endfacet
  facet normal 0 -1 0
    outer loop
      vertex 37.149999998509884 -21.300000000000004 14
      vertex 37.149999998509884 -21.300000000000004 31.21161787956953
      vertex 37.089510664343834 -21.300000000000004 31.040801264345646
    endloop
  endfacet
  facet normal 0 -1 0
    outer loop
      vertex 42.75 -21.300000000000004 9
      vertex 42.75 -21.300000000000004 56
      vertex 40.350000001490116 -21.300000000000004 14
    endloop
  endfacet
  facet normal 1 0 0
    outer loop
      vertex 42.75 -21.300000000000004 9
      vertex 42.75 -13.600000001490116 40.55999999850989
      vertex 42.75 -13.991578578948975 40.58566541582346
    endloop
  endfacet
  facet normal 1 0 0
    outer loop
      vertex 42.75 -21.300000000000004 9
      vertex 42.75 -13.991578578948975 40.58566541582346
      vertex 42.75 -14.376457139849663 40.66222252309323
    endloop
  endfacet
  facet normal 1 0 0
    outer loop
      vertex 42.75 -21.300000000000004 9
      vertex 42.75 -14.376457139849663 40.66222252309323
      vertex 42.75 -14.748050302267075 40.78836140394211
    endloop
  endfacet
  facet normal 1 0 0
    outer loop
      vertex 42.75 -21.300000000000004 9
      vertex 42.75 -14.748050302267075 40.78836140394211
      vertex 42.75 -15.100000001490116 40.96192378908396
    endloop
  endfacet
  facet normal 1 0 0
    outer loop
      vertex 42.75 -21.300000000000004 9
      vertex 42.75 -15.100000001490116 40.96192378908396
      vertex 42.75 -15.426284290850163 41.17993997395039
    endloop
  endfacet
  facet normal 1 0 0
    outer loop
      vertex 42.75 -21.300000000000004 9
      vertex 42.75 -15.426284290850163 41.17993997395039
      vertex 42.75 -15.72132034599781 41.43867965400219
    endloop
  endfacet
  facet normal 1 0 0
    outer loop
      vertex 42.75 -21.300000000000004 9
      vertex 42.75 -15.72132034599781 41.43867965400219
      vertex 42.75 -15.980060026049614 41.73371570914984
    endloop
  endfacet
  facet normal 1 0 0
    outer loop
      vertex 42.75 -21.300000000000004 9
      vertex 42.75 -15.980060026049614 41.73371570914984
      vertex 42.75 -16.198076210916042 42.05999999850989
    endloop
  endfacet
  facet normal 1 0 0
    outer loop
      vertex 42.75 -21.300000000000004 9
      vertex 42.75 -16.198076210916042 42.05999999850989
      vertex 42.75 -16.371638596057892 42.41194969773293
    endloop
  endfacet
  facet normal 1 0 0
    outer loop
      vertex 42.75 -21.300000000000004 9
      vertex 42.75 -16.371638596057892 42.41194969773293
      vertex 42.75 -16.497777476906776 42.78354286015034
    endloop
  endfacet
  facet normal 1 0 0
    outer loop
      vertex 42.75 -21.300000000000004 9
      vertex 42.75 -16.497777476906776 42.78354286015034
      vertex 42.75 -16.57433458417654 43.16842142105103
    endloop
  endfacet
  facet normal 1 0 0
    outer loop
      vertex 42.75 -21.300000000000004 9
      vertex 42.75 -16.57433458417654 43.16842142105103
      vertex 42.75 -16.600000001490116 43.55999999850989
    endloop
  endfacet
  facet normal 1 0 0
    outer loop
      vertex 42.75 -21.300000000000004 9
      vertex 42.75 -16.600000001490116 43.55999999850989
      vertex 42.75 -16.600000001490116 53.55999999850989
    endloop
  endfacet
  facet normal 0 1 0
    outer loop
      vertex -15.224334582686424 3.7 8.608421422541142
      vertex 42.724334582686424 3.7 56.39157857745886
      vertex 42.75 3.7 56
    endloop
  endfacet
  facet normal 0 1 0
    outer loop
      vertex -15.25 3.7 9
      vertex 42.64777747541666 3.7 56.77645713835955
      vertex 42.724334582686424 3.7 56.39157857745886
    endloop
  endfacet
  facet normal 0 1 0
    outer loop
      vertex -15.25 3.7 56
      vertex 42.521638594567776 3.7 57.14805030077696
      vertex 42.64777747541666 3.7 56.77645713835955
    endloop
  endfacet
  facet normal 0 1 0
    outer loop
      vertex -15.249997846782207 3.7 56.00359147042036
      vertex 42.348076209425926 3.7 57.5
      vertex 42.521638594567776 3.7 57.14805030077696
    endloop
  endfacet
  facet normal 0 1 0
    outer loop
      vertex -15.223863668739796 3.7 56.395139038562775
      vertex 42.1300600245595 3.7 57.826284289360046
      vertex 42.348076209425926 3.7 57.5
    endloop
  endfacet
  facet normal 0 1 0
    outer loop
      vertex -15.146845862269402 3.7 56.77992567420006
      vertex 42.127871967852116 3.7 57.8291322812438
      vertex 42.1300600245595 3.7 57.826284289360046
    endloop
  endfacet
  facet normal 0 1 0
    outer loop
      vertex -14.846278615295887 3.7 57.503109231591225
      vertex 31.86877927184105 3.7 71.12385837733746
      vertex 32.127871967852116 3.7 70.8291322812438
    endloop
  endfacet
  facet normal 0 1 0
    outer loop
      vertex -14.627871967852116 3.7 57.8291322812438
      vertex 31.57343367487192 3.7 71.38224466145039
      vertex 31.86877927184105 3.7 71.12385837733746
    endloop
  endfacet
  facet normal 0 1 0
    outer loop
      vertex -15.020262219011784 3.7 57.15136756002903
      vertex 32.127871967852116 3.7 70.8291322812438
      vertex 42.127871967852116 3.7 57.8291322812438
    endloop
  endfacet
  facet normal 0 1 0
    outer loop
      vertex -3.3980503007769585 3.7 71.77163859456778
      vertex 29.75 3.7 72
      vertex 30.138017550110817 3.7 71.97480123490095
    endloop
  endfacet
  facet normal 0 1 0
    outer loop
      vertex -3.75 3.7 71.59807620942593
      vertex 30.138017550110817 3.7 71.97480123490095
      vertex 30.522987484931946 3.7 71.89870494604111
    endloop
  endfacet
  facet normal 0 1 0
    outer loop
      vertex -4.076284289360046 3.7 71.3800600245595
      vertex 30.522987484931946 3.7 71.89870494604111
      vertex 30.894731387495995 3.7 71.77301100641489
    endloop
  endfacet
  facet normal 0 1 0
    outer loop
      vertex -4.627871967852116 3.7 70.8291322812438
      vertex 31.246888622641563 3.7 71.59987008571625
      vertex 31.57343367487192 3.7 71.38224466145039
    endloop
  endfacet
  facet normal 0 1 0
    outer loop
      vertex -4.371320344507694 3.7 71.1213203445077
      vertex 30.894731387495995 3.7 71.77301100641489
      vertex 31.246888622641563 3.7 71.59987008571625
    endloop
  endfacet
  facet normal 0 0 1
    outer loop
      vertex -2.25 3.7 72
      vertex 17.480069657550146 -6.8000000000000025 72
      vertex 29.75 3.7 72
    endloop
  endfacet
  facet normal 0 0 1
    outer loop
      vertex 17.480069657550146 -6.8000000000000025 72
      vertex 17.480069657550146 -10.800000000000002 72
      vertex 29.75 3.7 72
    endloop
  endfacet
  facet normal 0.9978589230086541 0 0.06540313273849395
    outer loop
      vertex 42.75 3.7 56
      vertex 42.724334582686424 3.7 56.39157857745886
      vertex 42.75 -3.463422231459884 56
    endloop
  endfacet
  facet normal 0.980785279639006 0 0.19509032585814412
    outer loop
      vertex 42.724334582686424 3.7 56.39157857745886
      vertex 42.64777747541666 3.7 56.77645713835955
      vertex 42.724334582686424 -4.2285272031416365 56.39157857745886
    endloop
  endfacet
  facet normal 1 0 0
    outer loop
      vertex 42.75 -2.2000000029802322 43.55999999850989
      vertex 42.75 3.7 56
      vertex 42.75 -2.2000000029802322 53.55999999850989
    endloop
  endfacet
  facet normal 1 0 0
    outer loop
      vertex 42.75 3.7 56
      vertex 42.75 -2.225665420293808 53.951578575968746
      vertex 42.75 -2.2000000029802322 53.55999999850989
    endloop
  endfacet
  facet normal 1 0 0
    outer loop
      vertex 42.75 3.7 56
      vertex 42.75 -2.302222527563572 54.336457136869434
      vertex 42.75 -2.225665420293808 53.951578575968746
    endloop
  endfacet
  facet normal 1 0 0
    outer loop
      vertex 42.75 3.7 56
      vertex 42.75 -2.4283614084124565 54.708050299286846
      vertex 42.75 -2.302222527563572 54.336457136869434
    endloop
  endfacet
  facet normal 1 0 0
    outer loop
      vertex 42.75 3.7 56
      vertex 42.75 -2.601923793554306 55.05999999850989
      vertex 42.75 -2.4283614084124565 54.708050299286846
    endloop
  endfacet
  facet normal 1 0 0
    outer loop
      vertex 42.75 3.7 56
      vertex 42.75 -2.8199399784207344 55.386284287869934
      vertex 42.75 -2.601923793554306 55.05999999850989
    endloop
  endfacet
  facet normal 1 0 0
    outer loop
      vertex 42.75 3.7 56
      vertex 42.75 -3.078679658472538 55.68132034301758
      vertex 42.75 -2.8199399784207344 55.386284287869934
    endloop
  endfacet
  facet normal 1 0 0
    outer loop
      vertex 42.75 3.7 56
      vertex 42.75 -3.373715713620186 55.940060023069385
      vertex 42.75 -3.078679658472538 55.68132034301758
    endloop
  endfacet
  facet normal 1 0 0
    outer loop
      vertex 42.75 3.7 56
      vertex 42.75 -3.463422231459884 56
      vertex 42.75 -3.373715713620186 55.940060023069385
    endloop
  endfacet
  facet normal 0.9978589230086534 -4.711075938928477e-16 0.06540313273850251
    outer loop
      vertex 42.724334582686424 3.7 56.39157857745886
      vertex 42.73963913738502 -3.7000000029802322 56.158076207935814
      vertex 42.75 -3.463422231459884 56
    endloop
  endfacet
  facet normal 0.9978589230086552 3.2398669129961784e-16 0.06540313273847745
    outer loop
      vertex 42.724334582686424 3.7 56.39157857745886
      vertex 42.72826325703551 -4.051949702203274 56.33163859307766
      vertex 42.73963913738502 -3.7000000029802322 56.158076207935814
    endloop
  endfacet
  facet normal 0.9978589230086524 0 0.06540313273851917
    outer loop
      vertex 42.724334582686424 3.7 56.39157857745886
      vertex 42.724334582686424 -4.2285272031416365 56.39157857745886
      vertex 42.72826325703551 -4.051949702203274 56.33163859307766
    endloop
  endfacet
  facet normal 0.9807852796390129 1.7345826495027117e-15 0.1950903258581097
    outer loop
      vertex 42.64777747541666 3.7 56.77645713835955
      vertex 42.71116680320254 -4.423542864620686 56.45777747392655
      vertex 42.724334582686424 -4.2285272031416365 56.39157857745886
    endloop
  endfacet
  facet normal 0.9807852796390071 5.3783579434605e-16 0.19509032585813912
    outer loop
      vertex 42.64777747541666 3.7 56.77645713835955
      vertex 42.69593864744401 -4.808421425521374 56.53433458119631
      vertex 42.71116680320254 -4.423542864620686 56.45777747392655
    endloop
  endfacet
  facet normal 0.9807852796389828 -3.0630755549494262e-15 0.19509032585826072
    outer loop
      vertex 42.64777747541666 3.7 56.77645713835955
      vertex 42.69083347842186 -5.200000002980232 56.55999999850989
      vertex 42.69593864744401 -4.808421425521374 56.53433458119631
    endloop
  endfacet
  facet normal 0.8314696207458843 0 0.5555702203832521
    outer loop
      vertex 42.1300600245595 3.7 57.826284289360046
      vertex 42.348076209425926 -21.300000000000004 57.5
      vertex 42.348076209425926 3.7 57.5
    endloop
  endfacet
  facet normal 0.7929880072695407 0 0.6092372446975668
    outer loop
      vertex 42.1300600245595 3.7 57.826284289360046
      vertex 42.127871967852116 3.7 57.8291322812438
      vertex 42.1300600245595 -21.300000000000004 57.826284289360046
    endloop
  endfacet
  facet normal 0.8968727407473452 0 0.4422886918115197
    outer loop
      vertex 42.521638594567776 3.7 57.14805030077696
      vertex 42.348076209425926 3.7 57.5
      vertex 42.521638594567776 -21.300000000000004 57.14805030077696
    endloop
  endfacet
  facet normal 0.9469301300366789 0 0.3214394637077385
    outer loop
      vertex 42.64777747541666 3.7 56.77645713835955
      vertex 42.521638594567776 3.7 57.14805030077696
      vertex 42.64777747541666 -21.300000000000004 56.77645713835955
    endloop
  endfacet
  facet normal 0.9807852796390069 0 0.19509032585813965
    outer loop
      vertex 42.64777747541666 3.7 56.77645713835955
      vertex 42.64777747541666 -21.300000000000004 56.77645713835955
      vertex 42.69083347842186 -5.200000002980232 56.55999999850989
    endloop
  endfacet
  facet normal 0.06480581768982074 0 0.9978978935710574
    outer loop
      vertex 29.75 3.7 72
      vertex 30.138017550110817 -21.300000000000004 71.97480123490095
      vertex 30.138017550110817 3.7 71.97480123490095
    endloop
  endfacet
  facet normal 0.554574442165533 0 0.8321341166523507
    outer loop
      vertex 31.57343367487192 3.7 71.38224466145039
      vertex 31.246888622641563 3.7 71.59987008571625
      vertex 31.57343367487192 -21.300000000000004 71.38224466145039
    endloop
  endfacet
  facet normal 0.6584452677530547 0 0.7526286131775805
    outer loop
      vertex 31.57343367487192 3.7 71.38224466145039
      vertex 31.86877927184105 -21.300000000000004 71.12385837733746
      vertex 31.86877927184105 3.7 71.12385837733746
    endloop
  endfacet
  facet normal 0.19391602410475145 0 0.9810181321440523
    outer loop
      vertex 30.138017550110817 3.7 71.97480123490095
      vertex 30.522987484931946 -21.300000000000004 71.89870494604111
      vertex 30.522987484931946 3.7 71.89870494604111
    endloop
  endfacet
  facet normal 0.32030562092648995 0 0.9473142610574885
    outer loop
      vertex 30.522987484931946 3.7 71.89870494604111
      vertex 30.894731387495995 -21.300000000000004 71.77301100641489
      vertex 30.894731387495995 3.7 71.77301100641489
    endloop
  endfacet
  facet normal 0.4412146685272704 0 0.8974015914162238
    outer loop
      vertex 30.894731387495995 3.7 71.77301100641489
      vertex 31.246888622641563 -21.300000000000004 71.59987008571625
      vertex 31.246888622641563 3.7 71.59987008571625
    endloop
  endfacet
  facet normal 0.7510499320575919 0 0.6602454085840255
    outer loop
      vertex 31.86877927184105 3.7 71.12385837733746
      vertex 32.127871967852116 -21.300000000000004 70.8291322812438
      vertex 32.127871967852116 3.7 70.8291322812438
    endloop
  endfacet
  facet normal 0.7926239891046001 0 0.6097107608496923
    outer loop
      vertex 42.127871967852116 3.7 57.8291322812438
      vertex 32.127871967852116 3.7 70.8291322812438
      vertex 42.127871967852116 -21.300000000000004 57.8291322812438
    endloop
  endfacet
  facet normal 0 -1 0
    outer loop
      vertex 0.8187244459986687 -21.300000000000004 57.79837387800217
      vertex 24.75 -21.300000000000004 59.05255888402462
      vertex 23.737790994346142 -21.300000000000004 59.60214353352785
    endloop
  endfacet
  facet normal 0 -1 0
    outer loop
      vertex -0.09504860639572144 -21.300000000000004 57.09721115231514
      vertex 25.73205877095461 -21.300000000000004 58.45075249671936
      vertex 24.75 -21.300000000000004 59.05255888402462
    endloop
  endfacet
  facet normal 0 -1 0
    outer loop
      vertex -0.9708733409643173 -21.300000000000004 56.34918615967035
      vertex 26.529999999999998 -21.300000000000004 55.81
      vertex 27.59504860639572 -21.300000000000004 57.09721115231514
    endloop
  endfacet
  facet normal 0 -1 0
    outer loop
      vertex -0.9708733409643173 -21.300000000000004 56.34918615967035
      vertex 27.59504860639572 -21.300000000000004 57.09721115231514
      vertex 26.68127555400133 -21.300000000000004 57.79837387800217
    endloop
  endfacet
  facet normal 0 -1 0
    outer loop
      vertex -0.09504860639572144 -21.300000000000004 57.09721115231514
      vertex 26.68127555400133 -21.300000000000004 57.79837387800217
      vertex 25.73205877095461 -21.300000000000004 58.45075249671936
    endloop
  endfacet
  facet normal 0 -1 0
    outer loop
      vertex 27.10402514854763 -21.300000000000004 55.695819298766935
      vertex 27.279999999999998 -21.300000000000004 55.60903810567666
      vertex 27.59504860639572 -21.300000000000004 57.09721115231514
    endloop
  endfacet
  facet normal 0 -1 0
    outer loop
      vertex 26.529999999999998 -21.300000000000004 55.81
      vertex 26.725789288330073 -21.300000000000004 55.79716729206072
      vertex 27.59504860639572 -21.300000000000004 57.09721115231514
    endloop
  endfacet
  facet normal 0 -1 0
    outer loop
      vertex 26.725789288330073 -21.300000000000004 55.79716729206072
      vertex 26.918228567653777 -21.300000000000004 55.75888873943361
      vertex 27.59504860639572 -21.300000000000004 57.09721115231514
    endloop
  endfacet
  facet normal 0 -1 0
    outer loop
      vertex 26.918228567653777 -21.300000000000004 55.75888873943361
      vertex 27.10402514854763 -21.300000000000004 55.695819298766935
      vertex 27.59504860639572 -21.300000000000004 57.09721115231514
    endloop
  endfacet
  facet normal 0 -1 0
    outer loop
      vertex 27.72003001043685 -21.300000000000004 55.22314214351308
      vertex 27.829038105676656 -21.300000000000004 55.06
      vertex 28.470873340964317 -21.300000000000004 56.34918615967035
    endloop
  endfacet
  facet normal 0 -1 0
    outer loop
      vertex 27.915819298766927 -21.300000000000004 54.884025148547636
      vertex 28.470873340964317 -21.300000000000004 56.34918615967035
      vertex 27.829038105676656 -21.300000000000004 55.06
    endloop
  endfacet
  facet normal 0 -1 0
    outer loop
      vertex 27.279999999999998 -21.300000000000004 55.60903810567666
      vertex 27.44314214351308 -21.300000000000004 55.50003001043685
      vertex 27.59504860639572 -21.300000000000004 57.09721115231514
    endloop
  endfacet
  facet normal 0 -1 0
    outer loop
      vertex 27.44314214351308 -21.300000000000004 55.50003001043685
      vertex 27.59066017177982 -21.300000000000004 55.370660171779825
      vertex 27.59504860639572 -21.300000000000004 57.09721115231514
    endloop
  endfacet
  facet normal 0 -1 0
    outer loop
      vertex 27.72003001043685 -21.300000000000004 55.22314214351308
      vertex 28.470873340964317 -21.300000000000004 56.34918615967035
      vertex 27.59066017177982 -21.300000000000004 55.370660171779825
    endloop
  endfacet
  facet normal 0 -1 0
    outer loop
      vertex 27.59066017177982 -21.300000000000004 55.370660171779825
      vertex 28.470873340964317 -21.300000000000004 56.34918615967035
      vertex 27.59504860639572 -21.300000000000004 57.09721115231514
    endloop
  endfacet
  facet normal 0 0 1
    outer loop
      vertex 10.019930342449852 -10.800000000000002 72
      vertex 29.75 -21.300000000000004 72
      vertex 17.480069657550146 -10.800000000000002 72
    endloop
  endfacet
  facet normal 0 0 1
    outer loop
      vertex 29.75 3.7 72
      vertex 17.480069657550146 -10.800000000000002 72
      vertex 29.75 -21.300000000000004 72
    endloop
  endfacet
  facet normal 0 -1 0
    outer loop
      vertex 5.865905113518238 -21.300000000000004 60.538769379258156
      vertex 18.324057199060917 -21.300000000000004 61.519247218966484
      vertex 17.191558234393597 -21.300000000000004 61.72914349287748
    endloop
  endfacet
  facet normal 0 -1 0
    outer loop
      vertex 8.055981010198593 -21.300000000000004 61.25036817789078
      vertex 17.191558234393597 -21.300000000000004 61.72914349287748
      vertex 16.04962619394064 -21.300000000000004 61.8794816955924
    endloop
  endfacet
  facet normal 0 -1 0
    outer loop
      vertex 5.865905113518238 -21.300000000000004 60.538769379258156
      vertex 19.444018989801407 -21.300000000000004 61.25036817789078
      vertex 18.324057199060917 -21.300000000000004 61.519247218966484
    endloop
  endfacet
  facet normal 0 -1 0
    outer loop
      vertex 3.762209005653858 -21.300000000000004 59.60214353352785
      vertex 21.634094886481762 -21.300000000000004 60.538769379258156
      vertex 20.548373878002167 -21.300000000000004 60.92324335873127
    endloop
  endfacet
  facet normal 0 -1 0
    outer loop
      vertex 4.801793850958347 -21.300000000000004 60.098000064492226
      vertex 20.548373878002167 -21.300000000000004 60.92324335873127
      vertex 19.444018989801407 -21.300000000000004 61.25036817789078
    endloop
  endfacet
  facet normal 0 -1 0
    outer loop
      vertex 2.75 -21.300000000000004 59.05255888402462
      vertex 22.698206149041653 -21.300000000000004 60.098000064492226
      vertex 21.634094886481762 -21.300000000000004 60.538769379258156
    endloop
  endfacet
  facet normal 0 -1 0
    outer loop
      vertex 1.767941229045391 -21.300000000000004 58.45075249671936
      vertex 23.737790994346142 -21.300000000000004 59.60214353352785
      vertex 22.698206149041653 -21.300000000000004 60.098000064492226
    endloop
  endfacet
  facet normal 0 -1 0
    outer loop
      vertex 9.839138373732567 -21.300000000000004 64.69220851361752
      vertex 11.136788420379162 -21.300000000000004 64.86304738372564
      vertex 22.75 -21.300000000000004 69
    endloop
  endfacet
  facet normal 0 -1 0
    outer loop
      vertex 11.136788420379162 -21.300000000000004 64.86304738372564
      vertex 12.44160109758377 -21.300000000000004 64.9657383710146
      vertex 22.75 -21.300000000000004 69
    endloop
  endfacet
  facet normal 0 -1 0
    outer loop
      vertex 12.44160109758377 -21.300000000000004 64.9657383710146
      vertex 13.75 -21.300000000000004 65
      vertex 22.75 -21.300000000000004 69
    endloop
  endfacet
  facet normal 0 -1 0
    outer loop
      vertex 13.75 -21.300000000000004 65
      vertex 15.05839890241623 -21.300000000000004 64.9657383710146
      vertex 22.75 -21.300000000000004 69
    endloop
  endfacet
  facet normal 0 -1 0
    outer loop
      vertex 15.05839890241623 -21.300000000000004 64.9657383710146
      vertex 16.363211579620838 -21.300000000000004 64.86304738372564
      vertex 22.75 -21.300000000000004 69
    endloop
  endfacet
  facet normal 0 -1 0
    outer loop
      vertex 16.363211579620838 -21.300000000000004 64.86304738372564
      vertex 17.660861626267433 -21.300000000000004 64.69220851361752
      vertex 22.75 -21.300000000000004 69
    endloop
  endfacet
  facet normal 0 -1 0
    outer loop
      vertex 17.660861626267433 -21.300000000000004 64.69220851361752
      vertex 18.947792269289494 -21.300000000000004 64.45369001477957
      vertex 22.75 -21.300000000000004 69
    endloop
  endfacet
  facet normal 0 -1 0
    outer loop
      vertex 20.220476128160954 -21.300000000000004 64.14814566075802
      vertex 22.75 -21.300000000000004 69
      vertex 18.947792269289494 -21.300000000000004 64.45369001477957
    endloop
  endfacet
  facet normal 0 -1 0
    outer loop
      vertex -3.3980503007769585 -21.300000000000004 71.77163859456778
      vertex 30.138017550110817 -21.300000000000004 71.97480123490095
      vertex 29.75 -21.300000000000004 72
    endloop
  endfacet
  facet normal 0 -1 0
    outer loop
      vertex -3.75 -21.300000000000004 71.59807620942593
      vertex 30.522987484931946 -21.300000000000004 71.89870494604111
      vertex 30.138017550110817 -21.300000000000004 71.97480123490095
    endloop
  endfacet
  facet normal 0 -1 0
    outer loop
      vertex -4.076284289360046 -21.300000000000004 71.3800600245595
      vertex 30.894731387495995 -21.300000000000004 71.77301100641489
      vertex 30.522987484931946 -21.300000000000004 71.89870494604111
    endloop
  endfacet
  facet normal 0 -1 0
    outer loop
      vertex 4.75 -21.300000000000004 69
      vertex 22.75 -21.300000000000004 69
      vertex 31.57343367487192 -21.300000000000004 71.38224466145039
    endloop
  endfacet
  facet normal 0 -1 0
    outer loop
      vertex -4.627871967852116 -21.300000000000004 70.8291322812438
      vertex 31.57343367487192 -21.300000000000004 71.38224466145039
      vertex 31.246888622641563 -21.300000000000004 71.59987008571625
    endloop
  endfacet
  facet normal 0 -1 0
    outer loop
      vertex -4.371320344507694 -21.300000000000004 71.1213203445077
      vertex 31.246888622641563 -21.300000000000004 71.59987008571625
      vertex 30.894731387495995 -21.300000000000004 71.77301100641489
    endloop
  endfacet
  facet normal 0 -1 0
    outer loop
      vertex 20.220476128160954 -21.300000000000004 64.14814566075802
      vertex 21.475424855947495 -21.300000000000004 63.77641290426254
      vertex 22.75 -21.300000000000004 69
    endloop
  endfacet
  facet normal 0 -1 0
    outer loop
      vertex 21.475424855947495 -21.300000000000004 63.77641290426254
      vertex 22.709198735654354 -21.300000000000004 63.339510664343834
      vertex 22.75 -21.300000000000004 69
    endloop
  endfacet
  facet normal 0 -1 0
    outer loop
      vertex 22.709198735654354 -21.300000000000004 63.339510664343834
      vertex 23.91841607540846 -21.300000000000004 62.83863644301891
      vertex 22.75 -21.300000000000004 69
    endloop
  endfacet
  facet normal 0 -1 0
    outer loop
      vertex 23.91841607540846 -21.300000000000004 62.83863644301891
      vertex 25.099762491881847 -21.300000000000004 62.27516310662031
      vertex 22.75 -21.300000000000004 69
    endloop
  endfacet
  facet normal 0 -1 0
    outer loop
      vertex 26.25 -21.300000000000004 61.650635093450546
      vertex 27.75 -21.300000000000004 66
      vertex 25.099762491881847 -21.300000000000004 62.27516310662031
    endloop
  endfacet
  facet normal 0 -1 0
    outer loop
      vertex 26.25 -21.300000000000004 61.650635093450546
      vertex 27.365975871682167 -21.300000000000004 60.9667641967535
      vertex 27.75 -21.300000000000004 66
    endloop
  endfacet
  facet normal 0 -1 0
    outer loop
      vertex 27.365975871682167 -21.300000000000004 60.9667641967535
      vertex 28.444631308317184 -21.300000000000004 60.225424855947495
      vertex 27.75 -21.300000000000004 66
    endloop
  endfacet
  facet normal 0 -1 0
    outer loop
      vertex 22.75 -21.300000000000004 69
      vertex 25.099762491881847 -21.300000000000004 62.27516310662031
      vertex 27.75 -21.300000000000004 66
    endloop
  endfacet
  facet normal 0.9807852796390069 0 0.19509032585813962
    outer loop
      vertex 42.69083347842186 -5.200000002980232 56.55999999850989
      vertex 42.64777747541666 -21.300000000000004 56.77645713835955
      vertex 42.69083347842186 -13.600000001490116 56.55999999850989
    endloop
  endfacet
  facet normal 0.7929880072695407 0 0.6092372446975668
    outer loop
      vertex 42.127871967852116 3.7 57.8291322812438
      vertex 42.127871967852116 -21.300000000000004 57.8291322812438
      vertex 42.1300600245595 -21.300000000000004 57.826284289360046
    endloop
  endfacet
  facet normal 0.8314696207458843 0 0.5555702203832521
    outer loop
      vertex 42.1300600245595 3.7 57.826284289360046
      vertex 42.1300600245595 -21.300000000000004 57.826284289360046
      vertex 42.348076209425926 -21.300000000000004 57.5
    endloop
  endfacet
  facet normal 0.8968727407473452 0 0.4422886918115197
    outer loop
      vertex 42.348076209425926 3.7 57.5
      vertex 42.348076209425926 -21.300000000000004 57.5
      vertex 42.521638594567776 -21.300000000000004 57.14805030077696
    endloop
  endfacet
  facet normal 0.9469301300366789 0 0.3214394637077385
    outer loop
      vertex 42.521638594567776 3.7 57.14805030077696
      vertex 42.521638594567776 -21.300000000000004 57.14805030077696
      vertex 42.64777747541666 -21.300000000000004 56.77645713835955
    endloop
  endfacet
  facet normal 0 -1 0
    outer loop
      vertex 28.029999999999998 -21.300000000000004 25.69
      vertex 33.848000064492226 -21.300000000000004 48.94820614904165
      vertex 33.35214353352785 -21.300000000000004 49.98779099434614
    endloop
  endfacet
  facet normal 0 -1 0
    outer loop
      vertex 28.029999999999998 -21.300000000000004 25.69
      vertex 31.548373878002167 -21.300000000000004 52.93127555400133
      vertex 30.84721115231514 -21.300000000000004 53.84504860639572
    endloop
  endfacet
  facet normal 0 -1 0
    outer loop
      vertex 28.029999999999998 -21.300000000000004 25.69
      vertex 32.20075249671936 -21.300000000000004 51.98205877095461
      vertex 31.548373878002167 -21.300000000000004 52.93127555400133
    endloop
  endfacet
  facet normal 0 -1 0
    outer loop
      vertex 28.029999999999998 -21.300000000000004 25.69
      vertex 33.35214353352785 -21.300000000000004 49.98779099434614
      vertex 32.80255888402462 -21.300000000000004 51
    endloop
  endfacet
  facet normal 0 -1 0
    outer loop
      vertex 28.029999999999998 -21.300000000000004 25.69
      vertex 32.80255888402462 -21.300000000000004 51
      vertex 32.20075249671936 -21.300000000000004 51.98205877095461
    endloop
  endfacet
  facet normal 0 -1 0
    outer loop
      vertex 28.029999999999998 -21.300000000000004 25.69
      vertex 30.099186159670353 -21.300000000000004 54.72087334096432
      vertex 28.029999999999998 -21.300000000000004 54.31
    endloop
  endfacet
  facet normal 0 -1 0
    outer loop
      vertex 28.029999999999998 -21.300000000000004 25.69
      vertex 30.84721115231514 -21.300000000000004 53.84504860639572
      vertex 30.099186159670353 -21.300000000000004 54.72087334096432
    endloop
  endfacet
  facet normal 0 -1 0
    outer loop
      vertex 28.029999999999998 -21.300000000000004 25.69
      vertex 34.67324335873127 -21.300000000000004 46.79837387800217
      vertex 34.288769379258156 -21.300000000000004 47.88409488648176
    endloop
  endfacet
  facet normal 0 -1 0
    outer loop
      vertex 28.029999999999998 -21.300000000000004 25.69
      vertex 34.288769379258156 -21.300000000000004 47.88409488648176
      vertex 33.848000064492226 -21.300000000000004 48.94820614904165
    endloop
  endfacet
  facet normal 0 -1 0
    outer loop
      vertex 28.029999999999998 -21.300000000000004 54.31
      vertex 29.30634918808937 -21.300000000000004 55.55634918808937
      vertex 28.017167292060712 -21.300000000000004 54.50578928833008
    endloop
  endfacet
  facet normal 0 -1 0
    outer loop
      vertex 28.017167292060712 -21.300000000000004 54.50578928833008
      vertex 29.30634918808937 -21.300000000000004 55.55634918808937
      vertex 27.9788887394336 -21.300000000000004 54.698228567653786
    endloop
  endfacet
  facet normal 0 -1 0
    outer loop
      vertex 27.9788887394336 -21.300000000000004 54.698228567653786
      vertex 29.30634918808937 -21.300000000000004 55.55634918808937
      vertex 27.915819298766927 -21.300000000000004 54.884025148547636
    endloop
  endfacet
  facet normal 0 -1 0
    outer loop
      vertex 28.029999999999998 -21.300000000000004 54.31
      vertex 30.099186159670353 -21.300000000000004 54.72087334096432
      vertex 29.30634918808937 -21.300000000000004 55.55634918808937
    endloop
  endfacet
  facet normal 0 -1 0
    outer loop
      vertex 27.915819298766927 -21.300000000000004 54.884025148547636
      vertex 29.30634918808937 -21.300000000000004 55.55634918808937
      vertex 28.470873340964317 -21.300000000000004 56.34918615967035
    endloop
  endfacet
  facet normal 0 -1 0
    outer loop
      vertex 34.7167641967535 -21.300000000000004 53.61597587168217
      vertex 37.149999998509884 -21.300000000000004 54
      vertex 33.975424855947495 -21.300000000000004 54.694631308317184
    endloop
  endfacet
  facet normal 0 -1 0
    outer loop
      vertex 33.1786490380764 -21.300000000000004 55.73300977796316
      vertex 33.975424855947495 -21.300000000000004 54.694631308317184
      vertex 37.149999998509884 -21.300000000000004 54
    endloop
  endfacet
  facet normal 0 -1 0
    outer loop
      vertex 31.427669532597065 -21.300000000000004 57.677669532597065
      vertex 32.32862063497305 -21.300000000000004 56.72826515883207
      vertex 42.127871967852116 -21.300000000000004 57.8291322812438
    endloop
  endfacet
  facet normal 1 0 0
    outer loop
      vertex 42.75 -21.300000000000004 9
      vertex 42.75 -16.600000001490116 53.55999999850989
      vertex 42.75 -21.300000000000004 56
    endloop
  endfacet
  facet normal 0 -1 0
    outer loop
      vertex 40.350000001490116 -21.300000000000004 14
      vertex 42.75 -21.300000000000004 56
      vertex 40.350000001490116 -21.300000000000004 54
    endloop
  endfacet
  facet normal 0.9807852796389839 3.3942771159420357e-15 0.1950903258582558
    outer loop
      vertex 42.69083347842186 -13.600000001490116 56.55999999850989
      vertex 42.64777747541666 -21.300000000000004 56.77645713835955
      vertex 42.69593864744401 -13.991578578948975 56.53433458119631
    endloop
  endfacet
  facet normal 0.9807852796390071 -3.3039433610636543e-16 0.19509032585813807
    outer loop
      vertex 42.69593864744401 -13.991578578948975 56.53433458119631
      vertex 42.724334582686424 -21.300000000000004 56.39157857745886
      vertex 42.71116680320254 -14.376457139849663 56.45777747392655
    endloop
  endfacet
  facet normal 0.9807852796390137 5.611270347403403e-20 0.1950903258581048
    outer loop
      vertex 42.71116680320254 -14.376457139849663 56.45777747392655
      vertex 42.724334582686424 -21.300000000000004 56.39157857745886
      vertex 42.724334582686424 -14.571472801328703 56.39157857745886
    endloop
  endfacet
  facet normal 0.9978589230086524 0 0.06540313273851917
    outer loop
      vertex 42.724334582686424 -14.571472801328703 56.39157857745886
      vertex 42.724334582686424 -21.300000000000004 56.39157857745886
      vertex 42.72826325703551 -14.748050302267075 56.33163859307766
    endloop
  endfacet
  facet normal 0.9978589230086534 -4.9420957000724676e-20 0.06540313273850322
    outer loop
      vertex 42.73963913738502 -15.100000001490116 56.158076207935814
      vertex 42.75 -21.300000000000004 56
      vertex 42.75 -15.336577773010466 56
    endloop
  endfacet
  facet normal 1 0 0
    outer loop
      vertex 42.75 -15.336577773010466 56
      vertex 42.75 -21.300000000000004 56
      vertex 42.75 -15.426284290850163 55.940060023069385
    endloop
  endfacet
  facet normal 0.9978589230086552 -3.822545727381252e-16 0.06540313273847757
    outer loop
      vertex 42.72826325703551 -14.748050302267075 56.33163859307766
      vertex 42.724334582686424 -21.300000000000004 56.39157857745886
      vertex 42.73963913738502 -15.100000001490116 56.158076207935814
    endloop
  endfacet
  facet normal 1 0 0
    outer loop
      vertex 42.75 -16.600000001490116 53.55999999850989
      vertex 42.75 -16.57433458417654 53.951578575968746
      vertex 42.75 -21.300000000000004 56
    endloop
  endfacet
  facet normal 1 0 0
    outer loop
      vertex 42.75 -16.57433458417654 53.951578575968746
      vertex 42.75 -16.497777476906776 54.336457136869434
      vertex 42.75 -21.300000000000004 56
    endloop
  endfacet
  facet normal 1 0 0
    outer loop
      vertex 42.75 -15.980060026049614 55.386284287869934
      vertex 42.75 -21.300000000000004 56
      vertex 42.75 -16.198076210916042 55.05999999850989
    endloop
  endfacet
  facet normal 1 0 0
    outer loop
      vertex 42.75 -16.198076210916042 55.05999999850989
      vertex 42.75 -21.300000000000004 56
      vertex 42.75 -16.371638596057892 54.708050299286846
    endloop
  endfacet
  facet normal 1 0 0
    outer loop
      vertex 42.75 -16.371638596057892 54.708050299286846
      vertex 42.75 -21.300000000000004 56
      vertex 42.75 -16.497777476906776 54.336457136869434
    endloop
  endfacet
  facet normal 1 0 0
    outer loop
      vertex 42.75 -15.426284290850163 55.940060023069385
      vertex 42.75 -21.300000000000004 56
      vertex 42.75 -15.72132034599781 55.68132034301758
    endloop
  endfacet
  facet normal 1 0 0
    outer loop
      vertex 42.75 -15.72132034599781 55.68132034301758
      vertex 42.75 -21.300000000000004 56
      vertex 42.75 -15.980060026049614 55.386284287869934
    endloop
  endfacet
  facet normal 0 -1 0
    outer loop
      vertex 37.149999998509884 -21.300000000000004 48.78838212043047
      vertex 37.149999998509884 -21.300000000000004 54
      vertex 37.089510664343834 -21.300000000000004 48.959198735654354
    endloop
  endfacet
  facet normal 0 -1 0
    outer loop
      vertex 36.02516310662031 -21.300000000000004 51.34976249188185
      vertex 36.58863644301891 -21.300000000000004 50.16841607540846
      vertex 37.149999998509884 -21.300000000000004 54
    endloop
  endfacet
  facet normal 0 -1 0
    outer loop
      vertex 37.089510664343834 -21.300000000000004 48.959198735654354
      vertex 37.149999998509884 -21.300000000000004 54
      vertex 36.58863644301891 -21.300000000000004 50.16841607540846
    endloop
  endfacet
  facet normal 0 -1 0
    outer loop
      vertex 35.400635093450546 -21.300000000000004 52.5
      vertex 36.02516310662031 -21.300000000000004 51.34976249188185
      vertex 37.149999998509884 -21.300000000000004 54
    endloop
  endfacet
  facet normal 0 -1 0
    outer loop
      vertex 35.400635093450546 -21.300000000000004 52.5
      vertex 37.149999998509884 -21.300000000000004 54
      vertex 34.7167641967535 -21.300000000000004 53.61597587168217
    endloop
  endfacet
  facet normal 0 -1 0
    outer loop
      vertex 32.32862063497305 -21.300000000000004 56.72826515883207
      vertex 33.1786490380764 -21.300000000000004 55.73300977796316
      vertex 42.521638594567776 -21.300000000000004 57.14805030077696
    endloop
  endfacet
  facet normal 0 -1 0
    outer loop
      vertex 33.1786490380764 -21.300000000000004 55.73300977796316
      vertex 37.149999998509884 -21.300000000000004 54
      vertex 40.350000001490116 -21.300000000000004 54
    endloop
  endfacet
  facet normal 0 -1 0
    outer loop
      vertex 33.1786490380764 -21.300000000000004 55.73300977796316
      vertex 40.350000001490116 -21.300000000000004 54
      vertex 42.64777747541666 -21.300000000000004 56.77645713835955
    endloop
  endfacet
  facet normal 0 -1 0
    outer loop
      vertex 31.427669532597065 -21.300000000000004 57.677669532597065
      vertex 42.127871967852116 -21.300000000000004 57.8291322812438
      vertex 39.75 -21.300000000000004 58
    endloop
  endfacet
  facet normal 0 -1 0
    outer loop
      vertex 32.32862063497305 -21.300000000000004 56.72826515883207
      vertex 42.348076209425926 -21.300000000000004 57.5
      vertex 42.1300600245595 -21.300000000000004 57.826284289360046
    endloop
  endfacet
  facet normal 0 -1 0
    outer loop
      vertex 32.32862063497305 -21.300000000000004 56.72826515883207
      vertex 42.521638594567776 -21.300000000000004 57.14805030077696
      vertex 42.348076209425926 -21.300000000000004 57.5
    endloop
  endfacet
  facet normal 0 -1 0
    outer loop
      vertex 32.32862063497305 -21.300000000000004 56.72826515883207
      vertex 42.1300600245595 -21.300000000000004 57.826284289360046
      vertex 42.127871967852116 -21.300000000000004 57.8291322812438
    endloop
  endfacet
  facet normal 0.980785279639006 -4.527425624073062e-16 0.19509032585814406
    outer loop
      vertex 42.69593864744401 -13.991578578948975 56.53433458119631
      vertex 42.64777747541666 -21.300000000000004 56.77645713835955
      vertex 42.724334582686424 -21.300000000000004 56.39157857745886
    endloop
  endfacet
  facet normal 0.997858923008654 2.3753615074790735e-16 0.06540313273849395
    outer loop
      vertex 42.73963913738502 -15.100000001490116 56.158076207935814
      vertex 42.724334582686424 -21.300000000000004 56.39157857745886
      vertex 42.75 -21.300000000000004 56
    endloop
  endfacet
  facet normal 0 -1 0
    outer loop
      vertex 33.1786490380764 -21.300000000000004 55.73300977796316
      vertex 42.64777747541666 -21.300000000000004 56.77645713835955
      vertex 42.521638594567776 -21.300000000000004 57.14805030077696
    endloop
  endfacet
  facet normal 0 -1 0
    outer loop
      vertex 39.75 -21.300000000000004 58
      vertex 42.127871967852116 -21.300000000000004 57.8291322812438
      vertex 39.75 -21.300000000000004 60.92036583945155
    endloop
  endfacet
  facet normal 0 -1 0
    outer loop
      vertex 40.350000001490116 -21.300000000000004 54
      vertex 42.75 -21.300000000000004 56
      vertex 42.724334582686424 -21.300000000000004 56.39157857745886
    endloop
  endfacet
  facet normal 0 -1 0
    outer loop
      vertex 40.350000001490116 -21.300000000000004 54
      vertex 42.724334582686424 -21.300000000000004 56.39157857745886
      vertex 42.64777747541666 -21.300000000000004 56.77645713835955
    endloop
  endfacet
  facet normal 0.7926239891046004 1.9060039401589144e-16 0.6097107608496919
    outer loop
      vertex 32.127871967852116 3.7 70.8291322812438
      vertex 33.53489679957812 -20.500000000000004 69
      vertex 39.75 -20.500000000000004 60.92036583945155
    endloop
  endfacet
  facet normal 0.06480581768982074 0 0.9978978935710574
    outer loop
      vertex 29.75 3.7 72
      vertex 29.75 -21.300000000000004 72
      vertex 30.138017550110817 -21.300000000000004 71.97480123490095
    endloop
  endfacet
  facet normal 0.554574442165533 0 0.8321341166523507
    outer loop
      vertex 31.246888622641563 3.7 71.59987008571625
      vertex 31.246888622641563 -21.300000000000004 71.59987008571625
      vertex 31.57343367487192 -21.300000000000004 71.38224466145039
    endloop
  endfacet
  facet normal 0.6584452677530547 0 0.7526286131775805
    outer loop
      vertex 31.57343367487192 3.7 71.38224466145039
      vertex 31.57343367487192 -21.300000000000004 71.38224466145039
      vertex 31.86877927184105 -21.300000000000004 71.12385837733746
    endloop
  endfacet
  facet normal 0.19391602410475145 0 0.9810181321440523
    outer loop
      vertex 30.138017550110817 3.7 71.97480123490095
      vertex 30.138017550110817 -21.300000000000004 71.97480123490095
      vertex 30.522987484931946 -21.300000000000004 71.89870494604111
    endloop
  endfacet
  facet normal 0.32030562092648995 0 0.9473142610574885
    outer loop
      vertex 30.522987484931946 3.7 71.89870494604111
      vertex 30.522987484931946 -21.300000000000004 71.89870494604111
      vertex 30.894731387495995 -21.300000000000004 71.77301100641489
    endloop
  endfacet
  facet normal 0.4412146685272704 0 0.8974015914162238
    outer loop
      vertex 30.894731387495995 3.7 71.77301100641489
      vertex 30.894731387495995 -21.300000000000004 71.77301100641489
      vertex 31.246888622641563 -21.300000000000004 71.59987008571625
    endloop
  endfacet
  facet normal 0.7926239891045992 0 0.6097107608496937
    outer loop
      vertex 32.127871967852116 3.7 70.8291322812438
      vertex 32.127871967852116 -21.300000000000004 70.8291322812438
      vertex 33.53489679957812 -20.500000000000004 69
    endloop
  endfacet
  facet normal 0.7510499320575919 0 0.6602454085840255
    outer loop
      vertex 31.86877927184105 3.7 71.12385837733746
      vertex 31.86877927184105 -21.300000000000004 71.12385837733746
      vertex 32.127871967852116 -21.300000000000004 70.8291322812438
    endloop
  endfacet
  facet normal 0.7926239891045997 -3.3683382352591193e-16 0.6097107608496928
    outer loop
      vertex 32.127871967852116 3.7 70.8291322812438
      vertex 39.75 -20.500000000000004 60.92036583945155
      vertex 42.127871967852116 -21.300000000000004 57.8291322812438
    endloop
  endfacet
  facet normal 0 -1 0
    outer loop
      vertex 27.75 -21.300000000000004 66
      vertex 29.48300977796316 -21.300000000000004 59.4286490380764
      vertex 30.478265158832073 -21.300000000000004 58.57862063497305
    endloop
  endfacet
  facet normal 0 -1 0
    outer loop
      vertex 27.75 -21.300000000000004 66
      vertex 30.478265158832073 -21.300000000000004 58.57862063497305
      vertex 31.427669532597065 -21.300000000000004 57.677669532597065
    endloop
  endfacet
  facet normal 0 -1 0
    outer loop
      vertex 27.75 -21.300000000000004 66
      vertex 28.444631308317184 -21.300000000000004 60.225424855947495
      vertex 29.48300977796316 -21.300000000000004 59.4286490380764
    endloop
  endfacet
  facet normal 0 -1 0
    outer loop
      vertex 27.75 -21.300000000000004 66
      vertex 31.427669532597065 -21.300000000000004 57.677669532597065
      vertex 39.75 -21.300000000000004 58
    endloop
  endfacet
  facet normal 0 -1 0
    outer loop
      vertex 22.75 -21.300000000000004 69
      vertex 33.53489679957812 -21.300000000000004 69
      vertex 31.57343367487192 -21.300000000000004 71.38224466145039
    endloop
  endfacet
  facet normal 0 -1 0
    outer loop
      vertex 33.53489679957812 -21.300000000000004 69
      vertex 32.127871967852116 -21.300000000000004 70.8291322812438
      vertex 31.86877927184105 -21.300000000000004 71.12385837733746
    endloop
  endfacet
  facet normal 0 -1 0
    outer loop
      vertex 33.53489679957812 -21.300000000000004 69
      vertex 31.86877927184105 -21.300000000000004 71.12385837733746
      vertex 31.57343367487192 -21.300000000000004 71.38224466145039
    endloop
  endfacet
  facet normal 0.7926239891045992 0 0.6097107608496936
    outer loop
      vertex 33.53489679957812 -20.500000000000004 69
      vertex 32.127871967852116 -21.300000000000004 70.8291322812438
      vertex 33.53489679957812 -21.300000000000004 69
    endloop
  endfacet
  facet normal 0.7926239891045999 -3.4747049353355634e-17 0.6097107608496927
    outer loop
      vertex 42.127871967852116 -21.300000000000004 57.8291322812438
      vertex 39.75 -20.500000000000004 60.92036583945155
      vertex 39.75 -21.300000000000004 60.92036583945155
    endloop
  endfacet
  facet normal 0 1 0
    outer loop
      vertex 9.59254210369921 -6.8000000000000025 72.7779245543571
      vertex 9.852885682970026 -6.8000000000000025 76.75
      vertex 9.852885682970026 -6.8000000000000025 72.25
    endloop
  endfacet
  facet normal -0.8314696123025432 0 -0.5555702330196053
    outer loop
      vertex 10.019930342449852 -6.8000000000000025 72
      vertex 9.852885682970026 -10.800000000000002 72.25
      vertex 9.852885682970026 -6.8000000000000025 72.25
    endloop
  endfacet
  facet normal -0.896872741532689 0 -0.44228869021899947
    outer loop
      vertex 9.59254210369921 -6.8000000000000025 72.7779245543571
      vertex 9.852885682970026 -6.8000000000000025 72.25
      vertex 9.59254210369921 -10.800000000000002 72.7779245543571
    endloop
  endfacet
  facet normal -0.9469301294951041 -4.216847158567915e-19 -0.32143946530316647
    outer loop
      vertex 9.59254210369921 -6.8000000000000025 72.7779245543571
      vertex 9.403333781699192 -10.800000000000002 73.33531429703865
      vertex 9.403333781699192 -6.8000000000000025 73.33531429703865
    endloop
  endfacet
  facet normal -0.9807852804032311 -4.464826721844654e-19 -0.1950903220161251
    outer loop
      vertex 9.403333781699192 -6.8000000000000025 73.33531429703865
      vertex 9.288498123817853 -10.800000000000002 73.91263213500977
      vertex 9.288498123817853 -6.8000000000000025 73.91263213500977
    endloop
  endfacet
  facet normal 0 1 0
    outer loop
      vertex 9.403333781699192 -6.8000000000000025 73.33531429703865
      vertex 9.288498123817853 -6.8000000000000025 73.91263213500977
      vertex 9.403333781699192 -6.8000000000000025 75.66468570296135
    endloop
  endfacet
  facet normal 0 1 0
    outer loop
      vertex 9.288498123817853 -6.8000000000000025 73.91263213500977
      vertex 9.25 -6.8000000000000025 74.5
      vertex 9.288498123817853 -6.8000000000000025 75.08736786499023
    endloop
  endfacet
  facet normal 0 1 0
    outer loop
      vertex 9.59254210369921 -6.8000000000000025 72.7779245543571
      vertex 9.403333781699192 -6.8000000000000025 73.33531429703865
      vertex 9.59254210369921 -6.8000000000000025 76.2220754456429
    endloop
  endfacet
  facet normal 0 1 0
    outer loop
      vertex 9.288498123817853 -6.8000000000000025 73.91263213500977
      vertex 9.288498123817853 -6.8000000000000025 75.08736786499023
      vertex 9.403333781699192 -6.8000000000000025 75.66468570296135
    endloop
  endfacet
  facet normal 0 1 0
    outer loop
      vertex 9.403333781699192 -6.8000000000000025 73.33531429703865
      vertex 9.403333781699192 -6.8000000000000025 75.66468570296135
      vertex 9.59254210369921 -6.8000000000000025 76.2220754456429
    endloop
  endfacet
  facet normal 0 1 0
    outer loop
      vertex 9.59254210369921 -6.8000000000000025 72.7779245543571
      vertex 9.59254210369921 -6.8000000000000025 76.2220754456429
      vertex 9.852885682970026 -6.8000000000000025 76.75
    endloop
  endfacet
  facet normal 0 1 0
    outer loop
      vertex 9.852885682970026 -6.8000000000000025 72.25
      vertex 9.852885682970026 -6.8000000000000025 76.75
      vertex 10.179909968689442 -6.8000000000000025 77.23942643053924
    endloop
  endfacet
  facet normal -0.9978589232386035 -6.47083963345336e-19 -0.06540312923014259
    outer loop
      vertex 9.288498123817853 -6.8000000000000025 73.91263213500977
      vertex 9.25 -10.800000000000002 74.5
      vertex 9.25 -6.8000000000000025 74.5
    endloop
  endfacet
  facet normal -0.9978589232386035 6.47083963345336e-19 0.06540312923014259
    outer loop
      vertex 9.25 -6.8000000000000025 74.5
      vertex 9.288498123817853 -10.800000000000002 75.08736786499023
      vertex 9.288498123817853 -6.8000000000000025 75.08736786499023
    endloop
  endfacet
  facet normal -0.9807852804032311 4.464826721844654e-19 0.1950903220161251
    outer loop
      vertex 9.288498123817853 -6.8000000000000025 75.08736786499023
      vertex 9.403333781699192 -10.800000000000002 75.66468570296135
      vertex 9.403333781699192 -6.8000000000000025 75.66468570296135
    endloop
  endfacet
  facet normal -0.9469301294951041 4.216847158567915e-19 0.32143946530316647
    outer loop
      vertex 9.403333781699192 -6.8000000000000025 75.66468570296135
      vertex 9.59254210369921 -10.800000000000002 76.2220754456429
      vertex 9.59254210369921 -6.8000000000000025 76.2220754456429
    endloop
  endfacet
  facet normal -0.896872741532689 8.02195557748726e-19 0.44228869021899947
    outer loop
      vertex 9.59254210369921 -6.8000000000000025 76.2220754456429
      vertex 9.852885682970026 -10.800000000000002 76.75
      vertex 9.852885682970026 -6.8000000000000025 76.75
    endloop
  endfacet
  facet normal -0.8314696123025435 1.2605020533443586e-18 0.555570233019605
    outer loop
      vertex 9.852885682970026 -6.8000000000000025 76.75
      vertex 10.179909968689442 -10.800000000000002 77.23942643053924
      vertex 10.179909968689442 -6.8000000000000025 77.23942643053924
    endloop
  endfacet
  facet normal 0 1 0
    outer loop
      vertex 9.852885682970026 -6.8000000000000025 72.25
      vertex 12.684667499234738 -6.8000000000000025 73.11163165449034
      vertex 12.875 -6.8000000000000025 72.98445554337724
    endloop
  endfacet
  facet normal 0 1 0
    outer loop
      vertex 9.852885682970026 -6.8000000000000025 72.25
      vertex 12.875 -6.8000000000000025 72.98445554337724
      vertex 13.080303993361094 -6.8000000000000025 72.88321081810525
    endloop
  endfacet
  facet normal 0 1 0
    outer loop
      vertex 9.852885682970026 -6.8000000000000025 72.25
      vertex 12.234455543377232 -6.8000000000000025 73.625
      vertex 12.361631654490338 -6.8000000000000025 73.43466749923473
    endloop
  endfacet
  facet normal 0 1 0
    outer loop
      vertex 9.852885682970026 -6.8000000000000025 72.25
      vertex 12.059629803994131 -6.8000000000000025 74.04706667107058
      vertex 12.133210818105248 -6.8000000000000025 73.8303039933611
    endloop
  endfacet
  facet normal 0 1 0
    outer loop
      vertex 9.852885682970026 -6.8000000000000025 72.25
      vertex 12.133210818105248 -6.8000000000000025 73.8303039933611
      vertex 12.234455543377232 -6.8000000000000025 73.625
    endloop
  endfacet
  facet normal 0 1 0
    outer loop
      vertex 9.852885682970026 -6.8000000000000025 72.25
      vertex 12.014971492595832 -6.8000000000000025 74.27157916361492
      vertex 12.059629803994131 -6.8000000000000025 74.04706667107058
    endloop
  endfacet
  facet normal 0 1 0
    outer loop
      vertex 9.852885682970026 -6.8000000000000025 72.25
      vertex 12 -6.8000000000000025 74.5
      vertex 12.014971492595832 -6.8000000000000025 74.27157916361492
    endloop
  endfacet
  facet normal 0 1 0
    outer loop
      vertex 9.852885682970026 -6.8000000000000025 72.25
      vertex 12.014971492595832 -6.8000000000000025 74.72842083638508
      vertex 12 -6.8000000000000025 74.5
    endloop
  endfacet
  facet normal 0 1 0
    outer loop
      vertex 9.852885682970026 -6.8000000000000025 72.25
      vertex 12.059629803994131 -6.8000000000000025 74.95293332892942
      vertex 12.014971492595832 -6.8000000000000025 74.72842083638508
    endloop
  endfacet
  facet normal 0 1 0
    outer loop
      vertex 9.852885682970026 -6.8000000000000025 72.25
      vertex 12.361631654490338 -6.8000000000000025 73.43466749923473
      vertex 12.512563132923542 -6.8000000000000025 73.26256313292353
    endloop
  endfacet
  facet normal 0 1 0
    outer loop
      vertex 9.852885682970026 -6.8000000000000025 72.25
      vertex 12.512563132923542 -6.8000000000000025 73.26256313292353
      vertex 12.684667499234738 -6.8000000000000025 73.11163165449034
    endloop
  endfacet
  facet normal 0 1 0
    outer loop
      vertex 9.852885682970026 -6.8000000000000025 72.25
      vertex 13.080303993361094 -6.8000000000000025 72.88321081810525
      vertex 13.297066671070588 -6.8000000000000025 72.80962980399413
    endloop
  endfacet
  facet normal 0 1 0
    outer loop
      vertex 9.852885682970026 -6.8000000000000025 72.25
      vertex 13.297066671070588 -6.8000000000000025 72.80962980399413
      vertex 13.52157916361491 -6.8000000000000025 72.76497149259583
    endloop
  endfacet
  facet normal 0 1 0
    outer loop
      vertex 9.852885682970026 -6.8000000000000025 72.25
      vertex 13.52157916361491 -6.8000000000000025 72.76497149259583
      vertex 13.75 -6.8000000000000025 72.75
    endloop
  endfacet
  facet normal 0 1 0
    outer loop
      vertex 10.019930342449852 -6.8000000000000025 72
      vertex 9.852885682970026 -6.8000000000000025 72.25
      vertex 17.480069657550146 -6.8000000000000025 72
    endloop
  endfacet
  facet normal 0 1 0
    outer loop
      vertex 9.852885682970026 -6.8000000000000025 72.25
      vertex 13.75 -6.8000000000000025 72.75
      vertex 13.97842083638509 -6.8000000000000025 72.76497149259583
    endloop
  endfacet
  facet normal 0 1 0
    outer loop
      vertex 9.852885682970026 -6.8000000000000025 72.25
      vertex 10.179909968689442 -6.8000000000000025 77.23942643053924
      vertex 12.059629803994131 -6.8000000000000025 74.95293332892942
    endloop
  endfacet
  facet normal 0 1 0
    outer loop
      vertex 10.179909968689442 -6.8000000000000025 77.23942643053924
      vertex 12.133210818105248 -6.8000000000000025 75.1696960066389
      vertex 12.059629803994131 -6.8000000000000025 74.95293332892942
    endloop
  endfacet
  facet normal 0 1 0
    outer loop
      vertex 10.179909968689442 -6.8000000000000025 77.23942643053924
      vertex 12.234455543377232 -6.8000000000000025 75.375
      vertex 12.133210818105248 -6.8000000000000025 75.1696960066389
    endloop
  endfacet
  facet normal 0 1 0
    outer loop
      vertex 10.179909968689442 -6.8000000000000025 77.23942643053924
      vertex 12.361631654490338 -6.8000000000000025 75.56533250076527
      vertex 12.234455543377232 -6.8000000000000025 75.375
    endloop
  endfacet
  facet normal 0 1 0
    outer loop
      vertex 10.568019484660535 -6.8000000000000025 77.68198051533946
      vertex 12.512563132923542 -6.8000000000000025 75.73743686707647
      vertex 12.361631654490338 -6.8000000000000025 75.56533250076527
    endloop
  endfacet
  facet normal 0 1 0
    outer loop
      vertex 10.568019484660535 -6.8000000000000025 77.68198051533946
      vertex 12.684667499234738 -6.8000000000000025 75.88836834550966
      vertex 12.512563132923542 -6.8000000000000025 75.73743686707647
    endloop
  endfacet
  facet normal 0 1 0
    outer loop
      vertex 10.179909968689442 -6.8000000000000025 77.23942643053924
      vertex 10.568019484660535 -6.8000000000000025 77.68198051533946
      vertex 12.361631654490338 -6.8000000000000025 75.56533250076527
    endloop
  endfacet
  facet normal 0 1 0
    outer loop
      vertex 10.568019484660535 -6.8000000000000025 77.68198051533946
      vertex 11.010573569460757 -6.8000000000000025 78.07009003131056
      vertex 12.684667499234738 -6.8000000000000025 75.88836834550966
    endloop
  endfacet
  facet normal 0 1 0
    outer loop
      vertex 11.010573569460757 -6.8000000000000025 78.07009003131056
      vertex 11.5 -6.8000000000000025 78.39711431702997
      vertex 13.080303993361094 -6.8000000000000025 76.11678918189475
    endloop
  endfacet
  facet normal 0 1 0
    outer loop
      vertex 11.010573569460757 -6.8000000000000025 78.07009003131056
      vertex 12.875 -6.8000000000000025 76.01554445662276
      vertex 12.684667499234738 -6.8000000000000025 75.88836834550966
    endloop
  endfacet
  facet normal 0 1 0
    outer loop
      vertex 11.010573569460757 -6.8000000000000025 78.07009003131056
      vertex 13.080303993361094 -6.8000000000000025 76.11678918189475
      vertex 12.875 -6.8000000000000025 76.01554445662276
    endloop
  endfacet
  facet normal 0 1 0
    outer loop
      vertex 11.5 -6.8000000000000025 78.39711431702997
      vertex 12.027924554357096 -6.8000000000000025 78.6574578963008
      vertex 13.297066671070588 -6.8000000000000025 76.19037019600587
    endloop
  endfacet
  facet normal 0 1 0
    outer loop
      vertex 11.5 -6.8000000000000025 78.39711431702997
      vertex 13.297066671070588 -6.8000000000000025 76.19037019600587
      vertex 13.080303993361094 -6.8000000000000025 76.11678918189475
    endloop
  endfacet
  facet normal 0 1 0
    outer loop
      vertex 13.297066671070588 -6.8000000000000025 76.19037019600587
      vertex 12.027924554357096 -6.8000000000000025 78.6574578963008
      vertex 13.52157916361491 -6.8000000000000025 76.23502850740417
    endloop
  endfacet
  facet normal 0 1 0
    outer loop
      vertex 13.52157916361491 -6.8000000000000025 76.23502850740417
      vertex 12.027924554357096 -6.8000000000000025 78.6574578963008
      vertex 13.75 -6.8000000000000025 76.25
    endloop
  endfacet
  facet normal 0 1 0
    outer loop
      vertex 12.027924554357096 -6.8000000000000025 78.6574578963008
      vertex 13.97842083638509 -6.8000000000000025 76.23502850740417
      vertex 13.75 -6.8000000000000025 76.25
    endloop
  endfacet
  facet normal 0 1 0
    outer loop
      vertex 12.585314297038657 -6.8000000000000025 78.84666621830081
      vertex 14.202933328929412 -6.8000000000000025 76.19037019600587
      vertex 13.97842083638509 -6.8000000000000025 76.23502850740417
    endloop
  endfacet
  facet normal 0 1 0
    outer loop
      vertex 12.585314297038657 -6.8000000000000025 78.84666621830081
      vertex 14.419696006638906 -6.8000000000000025 76.11678918189475
      vertex 14.202933328929412 -6.8000000000000025 76.19037019600587
    endloop
  endfacet
  facet normal 0 1 0
    outer loop
      vertex 12.027924554357096 -6.8000000000000025 78.6574578963008
      vertex 12.585314297038657 -6.8000000000000025 78.84666621830081
      vertex 13.97842083638509 -6.8000000000000025 76.23502850740417
    endloop
  endfacet
  facet normal 0 1 0
    outer loop
      vertex 12.585314297038657 -6.8000000000000025 78.84666621830081
      vertex 13.162632135009767 -6.8000000000000025 78.96150187618215
      vertex 14.419696006638906 -6.8000000000000025 76.11678918189475
    endloop
  endfacet
  facet normal -0.7518398074789785 -1.3285977154924552e-18 0.6593458151000676
    outer loop
      vertex 10.179909968689442 -6.8000000000000025 77.23942643053924
      vertex 10.568019484660535 -10.800000000000002 77.68198051533946
      vertex 10.568019484660535 -6.8000000000000025 77.68198051533946
    endloop
  endfacet
  facet normal -0.6593458151000693 0 0.7518398074789769
    outer loop
      vertex 10.568019484660535 -6.8000000000000025 77.68198051533946
      vertex 10.568019484660535 -10.800000000000002 77.68198051533946
      vertex 11.010573569460757 -6.8000000000000025 78.07009003131056
    endloop
  endfacet
  facet normal -0.5555702330196042 0 0.8314696123025439
    outer loop
      vertex 11.010573569460757 -6.8000000000000025 78.07009003131056
      vertex 11.010573569460757 -10.800000000000002 78.07009003131056
      vertex 11.5 -6.8000000000000025 78.39711431702997
    endloop
  endfacet
  facet normal -0.4422886902190116 0 0.8968727415326833
    outer loop
      vertex 11.5 -6.8000000000000025 78.39711431702997
      vertex 11.5 -10.800000000000002 78.39711431702997
      vertex 12.027924554357096 -6.8000000000000025 78.6574578963008
    endloop
  endfacet
  facet normal -0.3214394653031555 0 0.9469301294951078
    outer loop
      vertex 12.027924554357096 -6.8000000000000025 78.6574578963008
      vertex 12.027924554357096 -10.800000000000002 78.6574578963008
      vertex 12.585314297038657 -6.8000000000000025 78.84666621830081
    endloop
  endfacet
  facet normal -0.19509032201613494 0 0.9807852804032291
    outer loop
      vertex 12.585314297038657 -6.8000000000000025 78.84666621830081
      vertex 12.585314297038657 -10.800000000000002 78.84666621830081
      vertex 13.162632135009767 -6.8000000000000025 78.96150187618215
    endloop
  endfacet
  facet normal -0.06540312923012997 0 0.9978589232386043
    outer loop
      vertex 13.162632135009767 -6.8000000000000025 78.96150187618215
      vertex 13.162632135009767 -10.800000000000002 78.96150187618215
      vertex 13.75 -6.8000000000000025 79
    endloop
  endfacet
  facet normal -0.8314696123025432 0 -0.5555702330196053
    outer loop
      vertex 10.019930342449852 -6.8000000000000025 72
      vertex 10.019930342449852 -10.800000000000002 72
      vertex 9.852885682970026 -10.800000000000002 72.25
    endloop
  endfacet
  facet normal -0.896872741532689 0 -0.44228869021899947
    outer loop
      vertex 9.852885682970026 -6.8000000000000025 72.25
      vertex 9.852885682970026 -10.800000000000002 72.25
      vertex 9.59254210369921 -10.800000000000002 72.7779245543571
    endloop
  endfacet
  facet normal -0.9469301294951041 0 -0.32143946530316647
    outer loop
      vertex 9.59254210369921 -6.8000000000000025 72.7779245543571
      vertex 9.59254210369921 -10.800000000000002 72.7779245543571
      vertex 9.403333781699192 -10.800000000000002 73.33531429703865
    endloop
  endfacet
  facet normal -0.9807852804032311 0 -0.1950903220161251
    outer loop
      vertex 9.403333781699192 -6.8000000000000025 73.33531429703865
      vertex 9.403333781699192 -10.800000000000002 73.33531429703865
      vertex 9.288498123817853 -10.800000000000002 73.91263213500977
    endloop
  endfacet
  facet normal 0 -1 0
    outer loop
      vertex 9.59254210369921 -10.800000000000002 72.7779245543571
      vertex 9.403333781699192 -10.800000000000002 75.66468570296135
      vertex 9.403333781699192 -10.800000000000002 73.33531429703865
    endloop
  endfacet
  facet normal 0 -1 0
    outer loop
      vertex 9.59254210369921 -10.800000000000002 72.7779245543571
      vertex 9.852885682970026 -10.800000000000002 72.25
      vertex 9.59254210369921 -10.800000000000002 76.2220754456429
    endloop
  endfacet
  facet normal 0 -1 0
    outer loop
      vertex 10.019930342449852 -10.800000000000002 72
      vertex 9.852885682970026 -10.800000000000002 76.75
      vertex 9.852885682970026 -10.800000000000002 72.25
    endloop
  endfacet
  facet normal -0.9978589232386035 0 -0.06540312923014259
    outer loop
      vertex 9.288498123817853 -6.8000000000000025 73.91263213500977
      vertex 9.288498123817853 -10.800000000000002 73.91263213500977
      vertex 9.25 -10.800000000000002 74.5
    endloop
  endfacet
  facet normal -0.9978589232386035 0 0.06540312923014259
    outer loop
      vertex 9.25 -6.8000000000000025 74.5
      vertex 9.25 -10.800000000000002 74.5
      vertex 9.288498123817853 -10.800000000000002 75.08736786499023
    endloop
  endfacet
  facet normal -0.9807852804032311 0 0.1950903220161251
    outer loop
      vertex 9.288498123817853 -6.8000000000000025 75.08736786499023
      vertex 9.288498123817853 -10.800000000000002 75.08736786499023
      vertex 9.403333781699192 -10.800000000000002 75.66468570296135
    endloop
  endfacet
  facet normal -0.9469301294951041 0 0.32143946530316647
    outer loop
      vertex 9.403333781699192 -6.8000000000000025 75.66468570296135
      vertex 9.403333781699192 -10.800000000000002 75.66468570296135
      vertex 9.59254210369921 -10.800000000000002 76.2220754456429
    endloop
  endfacet
  facet normal -0.896872741532689 0 0.44228869021899947
    outer loop
      vertex 9.59254210369921 -6.8000000000000025 76.2220754456429
      vertex 9.59254210369921 -10.800000000000002 76.2220754456429
      vertex 9.852885682970026 -10.800000000000002 76.75
    endloop
  endfacet
  facet normal -0.8314696123025435 0 0.555570233019605
    outer loop
      vertex 9.852885682970026 -6.8000000000000025 76.75
      vertex 9.852885682970026 -10.800000000000002 76.75
      vertex 10.179909968689442 -10.800000000000002 77.23942643053924
    endloop
  endfacet
  facet normal 0 -1 0
    outer loop
      vertex 9.403333781699192 -10.800000000000002 73.33531429703865
      vertex 9.288498123817853 -10.800000000000002 75.08736786499023
      vertex 9.288498123817853 -10.800000000000002 73.91263213500977
    endloop
  endfacet
  facet normal 0 -1 0
    outer loop
      vertex 9.288498123817853 -10.800000000000002 73.91263213500977
      vertex 9.288498123817853 -10.800000000000002 75.08736786499023
      vertex 9.25 -10.800000000000002 74.5
    endloop
  endfacet
  facet normal 0 -1 0
    outer loop
      vertex 9.403333781699192 -10.800000000000002 73.33531429703865
      vertex 9.403333781699192 -10.800000000000002 75.66468570296135
      vertex 9.288498123817853 -10.800000000000002 75.08736786499023
    endloop
  endfacet
  facet normal 0 -1 0
    outer loop
      vertex 9.59254210369921 -10.800000000000002 72.7779245543571
      vertex 9.59254210369921 -10.800000000000002 76.2220754456429
      vertex 9.403333781699192 -10.800000000000002 75.66468570296135
    endloop
  endfacet
  facet normal 0 -1 0
    outer loop
      vertex 9.852885682970026 -10.800000000000002 72.25
      vertex 9.852885682970026 -10.800000000000002 76.75
      vertex 9.59254210369921 -10.800000000000002 76.2220754456429
    endloop
  endfacet
  facet normal 0 -1 0
    outer loop
      vertex 10.019930342449852 -10.800000000000002 72
      vertex 10.179909968689442 -10.800000000000002 77.23942643053924
      vertex 9.852885682970026 -10.800000000000002 76.75
    endloop
  endfacet
  facet normal 0 -1 0
    outer loop
      vertex 10.019930342449852 -10.800000000000002 72
      vertex 12.684667499234738 -10.800000000000002 73.11163165449034
      vertex 12.512563132923542 -10.800000000000002 73.26256313292353
    endloop
  endfacet
  facet normal 0 -1 0
    outer loop
      vertex 10.019930342449852 -10.800000000000002 72
      vertex 12.875 -10.800000000000002 72.98445554337724
      vertex 12.684667499234738 -10.800000000000002 73.11163165449034
    endloop
  endfacet
  facet normal 0 -1 0
    outer loop
      vertex 10.019930342449852 -10.800000000000002 72
      vertex 12.059629803994131 -10.800000000000002 74.04706667107058
      vertex 12.014971492595832 -10.800000000000002 74.27157916361492
    endloop
  endfacet
  facet normal 0 -1 0
    outer loop
      vertex 10.019930342449852 -10.800000000000002 72
      vertex 12.234455543377232 -10.800000000000002 73.625
      vertex 12.133210818105248 -10.800000000000002 73.8303039933611
    endloop
  endfacet
  facet normal 0 -1 0
    outer loop
      vertex 10.019930342449852 -10.800000000000002 72
      vertex 12.133210818105248 -10.800000000000002 73.8303039933611
      vertex 12.059629803994131 -10.800000000000002 74.04706667107058
    endloop
  endfacet
  facet normal 0 -1 0
    outer loop
      vertex 10.019930342449852 -10.800000000000002 72
      vertex 12.014971492595832 -10.800000000000002 74.27157916361492
      vertex 12 -10.800000000000002 74.5
    endloop
  endfacet
  facet normal 0 -1 0
    outer loop
      vertex 10.019930342449852 -10.800000000000002 72
      vertex 12 -10.800000000000002 74.5
      vertex 12.014971492595832 -10.800000000000002 74.72842083638508
    endloop
  endfacet
  facet normal 0 -1 0
    outer loop
      vertex 10.019930342449852 -10.800000000000002 72
      vertex 12.014971492595832 -10.800000000000002 74.72842083638508
      vertex 12.059629803994131 -10.800000000000002 74.95293332892942
    endloop
  endfacet
  facet normal 0 -1 0
    outer loop
      vertex 10.019930342449852 -10.800000000000002 72
      vertex 12.059629803994131 -10.800000000000002 74.95293332892942
      vertex 12.133210818105248 -10.800000000000002 75.1696960066389
    endloop
  endfacet
  facet normal 0 -1 0
    outer loop
      vertex 10.019930342449852 -10.800000000000002 72
      vertex 12.361631654490338 -10.800000000000002 73.43466749923473
      vertex 12.234455543377232 -10.800000000000002 73.625
    endloop
  endfacet
  facet normal 0 -1 0
    outer loop
      vertex 10.019930342449852 -10.800000000000002 72
      vertex 12.512563132923542 -10.800000000000002 73.26256313292353
      vertex 12.361631654490338 -10.800000000000002 73.43466749923473
    endloop
  endfacet
  facet normal 0 -1 0
    outer loop
      vertex 10.019930342449852 -10.800000000000002 72
      vertex 13.080303993361094 -10.800000000000002 72.88321081810525
      vertex 12.875 -10.800000000000002 72.98445554337724
    endloop
  endfacet
  facet normal 0 -1 0
    outer loop
      vertex 10.019930342449852 -10.800000000000002 72
      vertex 13.297066671070588 -10.800000000000002 72.80962980399413
      vertex 13.080303993361094 -10.800000000000002 72.88321081810525
    endloop
  endfacet
  facet normal 0 -1 0
    outer loop
      vertex 10.019930342449852 -10.800000000000002 72
      vertex 13.52157916361491 -10.800000000000002 72.76497149259583
      vertex 13.297066671070588 -10.800000000000002 72.80962980399413
    endloop
  endfacet
  facet normal 0 -1 0
    outer loop
      vertex 10.019930342449852 -10.800000000000002 72
      vertex 17.647114317029974 -10.800000000000002 72.25
      vertex 13.52157916361491 -10.800000000000002 72.76497149259583
    endloop
  endfacet
  facet normal -0.7518398074789785 0 0.6593458151000676
    outer loop
      vertex 10.179909968689442 -6.8000000000000025 77.23942643053924
      vertex 10.179909968689442 -10.800000000000002 77.23942643053924
      vertex 10.568019484660535 -10.800000000000002 77.68198051533946
    endloop
  endfacet
  facet normal -0.6593458151000693 0 0.7518398074789769
    outer loop
      vertex 11.010573569460757 -6.8000000000000025 78.07009003131056
      vertex 10.568019484660535 -10.800000000000002 77.68198051533946
      vertex 11.010573569460757 -10.800000000000002 78.07009003131056
    endloop
  endfacet
  facet normal -0.5555702330196042 0 0.8314696123025439
    outer loop
      vertex 11.5 -6.8000000000000025 78.39711431702997
      vertex 11.010573569460757 -10.800000000000002 78.07009003131056
      vertex 11.5 -10.800000000000002 78.39711431702997
    endloop
  endfacet
  facet normal -0.4422886902190116 0 0.8968727415326833
    outer loop
      vertex 12.027924554357096 -6.8000000000000025 78.6574578963008
      vertex 11.5 -10.800000000000002 78.39711431702997
      vertex 12.027924554357096 -10.800000000000002 78.6574578963008
    endloop
  endfacet
  facet normal -0.3214394653031555 0 0.9469301294951078
    outer loop
      vertex 12.585314297038657 -6.8000000000000025 78.84666621830081
      vertex 12.027924554357096 -10.800000000000002 78.6574578963008
      vertex 12.585314297038657 -10.800000000000002 78.84666621830081
    endloop
  endfacet
  facet normal -0.19509032201613494 0 0.9807852804032291
    outer loop
      vertex 13.162632135009767 -6.8000000000000025 78.96150187618215
      vertex 12.585314297038657 -10.800000000000002 78.84666621830081
      vertex 13.162632135009767 -10.800000000000002 78.96150187618215
    endloop
  endfacet
  facet normal -0.06540312923012997 -5.262434120115189e-19 0.9978589232386043
    outer loop
      vertex 13.162632135009767 -10.800000000000002 78.96150187618215
      vertex 13.75 -10.800000000000002 79
      vertex 13.75 -6.8000000000000025 79
    endloop
  endfacet
  facet normal 0 -1 0
    outer loop
      vertex 10.019930342449852 -10.800000000000002 72
      vertex 10.568019484660535 -10.800000000000002 77.68198051533946
      vertex 10.179909968689442 -10.800000000000002 77.23942643053924
    endloop
  endfacet
  facet normal 0 -1 0
    outer loop
      vertex 10.019930342449852 -10.800000000000002 72
      vertex 11.010573569460757 -10.800000000000002 78.07009003131056
      vertex 10.568019484660535 -10.800000000000002 77.68198051533946
    endloop
  endfacet
  facet normal 0 -1 0
    outer loop
      vertex 10.019930342449852 -10.800000000000002 72
      vertex 11.5 -10.800000000000002 78.39711431702997
      vertex 11.010573569460757 -10.800000000000002 78.07009003131056
    endloop
  endfacet
  facet normal 0 -1 0
    outer loop
      vertex 10.019930342449852 -10.800000000000002 72
      vertex 12.133210818105248 -10.800000000000002 75.1696960066389
      vertex 12.234455543377232 -10.800000000000002 75.375
    endloop
  endfacet
  facet normal 0 -1 0
    outer loop
      vertex 10.019930342449852 -10.800000000000002 72
      vertex 12.027924554357096 -10.800000000000002 78.6574578963008
      vertex 11.5 -10.800000000000002 78.39711431702997
    endloop
  endfacet
  facet normal 0 -1 0
    outer loop
      vertex 10.019930342449852 -10.800000000000002 72
      vertex 12.585314297038657 -10.800000000000002 78.84666621830081
      vertex 12.027924554357096 -10.800000000000002 78.6574578963008
    endloop
  endfacet
  facet normal 0 -1 0
    outer loop
      vertex 10.019930342449852 -10.800000000000002 72
      vertex 13.162632135009767 -10.800000000000002 78.96150187618215
      vertex 12.585314297038657 -10.800000000000002 78.84666621830081
    endloop
  endfacet
  facet normal 0 -1 0
    outer loop
      vertex 10.019930342449852 -10.800000000000002 72
      vertex 12.234455543377232 -10.800000000000002 75.375
      vertex 14.337367864990233 -10.800000000000002 78.96150187618215
    endloop
  endfacet
  facet normal 0 -1 0
    outer loop
      vertex 10.019930342449852 -10.800000000000002 72
      vertex 13.75 -10.800000000000002 79
      vertex 13.162632135009767 -10.800000000000002 78.96150187618215
    endloop
  endfacet
  facet normal 0 -1 0
    outer loop
      vertex 10.019930342449852 -10.800000000000002 72
      vertex 14.337367864990233 -10.800000000000002 78.96150187618215
      vertex 13.75 -10.800000000000002 79
    endloop
  endfacet
  facet normal 0 -1 0
    outer loop
      vertex 12.234455543377232 -10.800000000000002 75.375
      vertex 12.361631654490338 -10.800000000000002 75.56533250076527
      vertex 14.337367864990233 -10.800000000000002 78.96150187618215
    endloop
  endfacet
  facet normal 0 -1 0
    outer loop
      vertex 12.361631654490338 -10.800000000000002 75.56533250076527
      vertex 12.512563132923542 -10.800000000000002 75.73743686707647
      vertex 14.337367864990233 -10.800000000000002 78.96150187618215
    endloop
  endfacet
  facet normal 0 -1 0
    outer loop
      vertex 12.512563132923542 -10.800000000000002 75.73743686707647
      vertex 12.684667499234738 -10.800000000000002 75.88836834550966
      vertex 14.337367864990233 -10.800000000000002 78.96150187618215
    endloop
  endfacet
  facet normal 0 -1 0
    outer loop
      vertex 12.684667499234738 -10.800000000000002 75.88836834550966
      vertex 12.875 -10.800000000000002 76.01554445662276
      vertex 14.337367864990233 -10.800000000000002 78.96150187618215
    endloop
  endfacet
  facet normal 0 -1 0
    outer loop
      vertex 12.875 -10.800000000000002 76.01554445662276
      vertex 13.080303993361094 -10.800000000000002 76.11678918189475
      vertex 14.337367864990233 -10.800000000000002 78.96150187618215
    endloop
  endfacet
  facet normal 0 1 0
    outer loop
      vertex 9.852885682970026 -6.8000000000000025 72.25
      vertex 13.97842083638509 -6.8000000000000025 72.76497149259583
      vertex 17.480069657550146 -6.8000000000000025 72
    endloop
  endfacet
  facet normal 0 1 0
    outer loop
      vertex 13.97842083638509 -6.8000000000000025 72.76497149259583
      vertex 14.202933328929412 -6.8000000000000025 72.80962980399413
      vertex 17.480069657550146 -6.8000000000000025 72
    endloop
  endfacet
  facet normal 0 1 0
    outer loop
      vertex 14.202933328929412 -6.8000000000000025 72.80962980399413
      vertex 14.419696006638906 -6.8000000000000025 72.88321081810525
      vertex 17.480069657550146 -6.8000000000000025 72
    endloop
  endfacet
  facet normal 0 1 0
    outer loop
      vertex 14.419696006638906 -6.8000000000000025 72.88321081810525
      vertex 14.625 -6.8000000000000025 72.98445554337724
      vertex 17.480069657550146 -6.8000000000000025 72
    endloop
  endfacet
  facet normal 0 1 0
    outer loop
      vertex 14.625 -6.8000000000000025 72.98445554337724
      vertex 14.815332500765262 -6.8000000000000025 73.11163165449034
      vertex 17.480069657550146 -6.8000000000000025 72
    endloop
  endfacet
  facet normal 0 1 0
    outer loop
      vertex 14.815332500765262 -6.8000000000000025 73.11163165449034
      vertex 14.987436867076458 -6.8000000000000025 73.26256313292353
      vertex 17.480069657550146 -6.8000000000000025 72
    endloop
  endfacet
  facet normal 0 1 0
    outer loop
      vertex 14.987436867076458 -6.8000000000000025 73.26256313292353
      vertex 15.138368345509662 -6.8000000000000025 73.43466749923473
      vertex 17.480069657550146 -6.8000000000000025 72
    endloop
  endfacet
  facet normal 0 1 0
    outer loop
      vertex 15.138368345509662 -6.8000000000000025 73.43466749923473
      vertex 15.265544456622768 -6.8000000000000025 73.625
      vertex 17.480069657550146 -6.8000000000000025 72
    endloop
  endfacet
  facet normal 0 1 0
    outer loop
      vertex 15.265544456622768 -6.8000000000000025 73.625
      vertex 15.366789181894752 -6.8000000000000025 73.8303039933611
      vertex 17.480069657550146 -6.8000000000000025 72
    endloop
  endfacet
  facet normal 0 1 0
    outer loop
      vertex 15.366789181894752 -6.8000000000000025 73.8303039933611
      vertex 15.440370196005869 -6.8000000000000025 74.04706667107058
      vertex 17.480069657550146 -6.8000000000000025 72
    endloop
  endfacet
  facet normal 0 1 0
    outer loop
      vertex 15.440370196005869 -6.8000000000000025 74.04706667107058
      vertex 15.485028507404168 -6.8000000000000025 74.27157916361492
      vertex 17.480069657550146 -6.8000000000000025 72
    endloop
  endfacet
  facet normal 0 1 0
    outer loop
      vertex 15.485028507404168 -6.8000000000000025 74.27157916361492
      vertex 15.5 -6.8000000000000025 74.5
      vertex 17.480069657550146 -6.8000000000000025 72
    endloop
  endfacet
  facet normal 0 1 0
    outer loop
      vertex 15.5 -6.8000000000000025 74.5
      vertex 15.485028507404168 -6.8000000000000025 74.72842083638508
      vertex 17.480069657550146 -6.8000000000000025 72
    endloop
  endfacet
  facet normal 0 1 0
    outer loop
      vertex 15.440370196005869 -6.8000000000000025 74.95293332892942
      vertex 15.366789181894752 -6.8000000000000025 75.1696960066389
      vertex 17.480069657550146 -6.8000000000000025 72
    endloop
  endfacet
  facet normal 0 1 0
    outer loop
      vertex 15.440370196005869 -6.8000000000000025 74.95293332892942
      vertex 17.480069657550146 -6.8000000000000025 72
      vertex 15.485028507404168 -6.8000000000000025 74.72842083638508
    endloop
  endfacet
  facet normal 0 1 0
    outer loop
      vertex 13.162632135009767 -6.8000000000000025 78.96150187618215
      vertex 17.480069657550146 -6.8000000000000025 72
      vertex 15.265544456622768 -6.8000000000000025 75.375
    endloop
  endfacet
  facet normal 0 1 0
    outer loop
      vertex 13.162632135009767 -6.8000000000000025 78.96150187618215
      vertex 14.625 -6.8000000000000025 76.01554445662276
      vertex 14.419696006638906 -6.8000000000000025 76.11678918189475
    endloop
  endfacet
  facet normal 0 1 0
    outer loop
      vertex 13.162632135009767 -6.8000000000000025 78.96150187618215
      vertex 14.815332500765262 -6.8000000000000025 75.88836834550966
      vertex 14.625 -6.8000000000000025 76.01554445662276
    endloop
  endfacet
  facet normal 0 1 0
    outer loop
      vertex 13.162632135009767 -6.8000000000000025 78.96150187618215
      vertex 15.138368345509662 -6.8000000000000025 75.56533250076527
      vertex 14.987436867076458 -6.8000000000000025 75.73743686707647
    endloop
  endfacet
  facet normal 0 1 0
    outer loop
      vertex 13.162632135009767 -6.8000000000000025 78.96150187618215
      vertex 14.987436867076458 -6.8000000000000025 75.73743686707647
      vertex 14.815332500765262 -6.8000000000000025 75.88836834550966
    endloop
  endfacet
  facet normal 0 1 0
    outer loop
      vertex 13.162632135009767 -6.8000000000000025 78.96150187618215
      vertex 15.265544456622768 -6.8000000000000025 75.375
      vertex 15.138368345509662 -6.8000000000000025 75.56533250076527
    endloop
  endfacet
  facet normal 0 1 0
    outer loop
      vertex 13.162632135009767 -6.8000000000000025 78.96150187618215
      vertex 13.75 -6.8000000000000025 79
      vertex 17.480069657550146 -6.8000000000000025 72
    endloop
  endfacet
  facet normal 0 1 0
    outer loop
      vertex 13.75 -6.8000000000000025 79
      vertex 14.337367864990233 -6.8000000000000025 78.96150187618215
      vertex 17.480069657550146 -6.8000000000000025 72
    endloop
  endfacet
  facet normal 0 1 0
    outer loop
      vertex 15.366789181894752 -6.8000000000000025 75.1696960066389
      vertex 15.265544456622768 -6.8000000000000025 75.375
      vertex 17.480069657550146 -6.8000000000000025 72
    endloop
  endfacet
  facet normal 0 1 0
    outer loop
      vertex 14.914685702961343 -6.8000000000000025 78.84666621830081
      vertex 15.472075445642904 -6.8000000000000025 78.6574578963008
      vertex 17.480069657550146 -6.8000000000000025 72
    endloop
  endfacet
  facet normal 0 1 0
    outer loop
      vertex 15.472075445642904 -6.8000000000000025 78.6574578963008
      vertex 16 -6.8000000000000025 78.39711431702997
      vertex 17.480069657550146 -6.8000000000000025 72
    endloop
  endfacet
  facet normal 0 1 0
    outer loop
      vertex 16 -6.8000000000000025 78.39711431702997
      vertex 16.489426430539243 -6.8000000000000025 78.07009003131056
      vertex 17.480069657550146 -6.8000000000000025 72
    endloop
  endfacet
  facet normal 0 1 0
    outer loop
      vertex 16.931980515339465 -6.8000000000000025 77.68198051533946
      vertex 17.320090031310556 -6.8000000000000025 77.23942643053924
      vertex 17.480069657550146 -6.8000000000000025 72
    endloop
  endfacet
  facet normal 0 1 0
    outer loop
      vertex 16.931980515339465 -6.8000000000000025 77.68198051533946
      vertex 17.480069657550146 -6.8000000000000025 72
      vertex 16.489426430539243 -6.8000000000000025 78.07009003131056
    endloop
  endfacet
  facet normal 0 1 0
    outer loop
      vertex 14.337367864990233 -6.8000000000000025 78.96150187618215
      vertex 14.914685702961343 -6.8000000000000025 78.84666621830081
      vertex 17.480069657550146 -6.8000000000000025 72
    endloop
  endfacet
  facet normal 0.06540312923012997 0 0.9978589232386043
    outer loop
      vertex 13.75 -6.8000000000000025 79
      vertex 13.75 -10.800000000000002 79
      vertex 14.337367864990233 -6.8000000000000025 78.96150187618215
    endloop
  endfacet
  facet normal 0.19509032201613494 0 0.9807852804032291
    outer loop
      vertex 14.337367864990233 -6.8000000000000025 78.96150187618215
      vertex 14.337367864990233 -10.800000000000002 78.96150187618215
      vertex 14.914685702961343 -6.8000000000000025 78.84666621830081
    endloop
  endfacet
  facet normal 0.3214394653031555 0 0.9469301294951078
    outer loop
      vertex 14.914685702961343 -6.8000000000000025 78.84666621830081
      vertex 14.914685702961343 -10.800000000000002 78.84666621830081
      vertex 15.472075445642904 -6.8000000000000025 78.6574578963008
    endloop
  endfacet
  facet normal 0.4422886902190116 0 0.8968727415326833
    outer loop
      vertex 15.472075445642904 -6.8000000000000025 78.6574578963008
      vertex 15.472075445642904 -10.800000000000002 78.6574578963008
      vertex 16 -6.8000000000000025 78.39711431702997
    endloop
  endfacet
  facet normal 0.5555702330196042 0 0.8314696123025439
    outer loop
      vertex 16 -6.8000000000000025 78.39711431702997
      vertex 16 -10.800000000000002 78.39711431702997
      vertex 16.489426430539243 -6.8000000000000025 78.07009003131056
    endloop
  endfacet
  facet normal 0.75183980747898 5.1416407641542625e-18 0.659345815100066
    outer loop
      vertex 16.931980515339465 -6.8000000000000025 77.68198051533946
      vertex 17.320090031310556 -10.800000000000002 77.23942643053924
      vertex 17.320090031310556 -6.8000000000000025 77.23942643053924
    endloop
  endfacet
  facet normal 0.6593458151000693 -2.4844453331693367e-18 0.7518398074789769
    outer loop
      vertex 16.931980515339465 -6.8000000000000025 77.68198051533946
      vertex 16.489426430539243 -6.8000000000000025 78.07009003131056
      vertex 16.489426430539243 -10.800000000000002 78.07009003131056
    endloop
  endfacet
  facet normal 0 1 0
    outer loop
      vertex 17.480069657550146 -6.8000000000000025 72
      vertex 17.647114317029974 -6.8000000000000025 76.75
      vertex 17.647114317029974 -6.8000000000000025 72.25
    endloop
  endfacet
  facet normal 0 1 0
    outer loop
      vertex 17.647114317029974 -6.8000000000000025 72.25
      vertex 17.90745789630079 -6.8000000000000025 76.2220754456429
      vertex 17.90745789630079 -6.8000000000000025 72.7779245543571
    endloop
  endfacet
  facet normal 0 1 0
    outer loop
      vertex 17.90745789630079 -6.8000000000000025 72.7779245543571
      vertex 18.096666218300808 -6.8000000000000025 75.66468570296135
      vertex 18.096666218300808 -6.8000000000000025 73.33531429703865
    endloop
  endfacet
  facet normal 0.8314696123025405 0 -0.5555702330196094
    outer loop
      vertex 17.480069657550146 -6.8000000000000025 72
      vertex 17.647114317029974 -6.8000000000000025 72.25
      vertex 17.480069657550146 -10.800000000000002 72
    endloop
  endfacet
  facet normal 0.896872741532689 0 -0.44228869021899947
    outer loop
      vertex 17.647114317029974 -6.8000000000000025 72.25
      vertex 17.90745789630079 -6.8000000000000025 72.7779245543571
      vertex 17.647114317029974 -10.800000000000002 72.25
    endloop
  endfacet
  facet normal 0.9469301294951041 0 -0.32143946530316647
    outer loop
      vertex 17.90745789630079 -6.8000000000000025 72.7779245543571
      vertex 18.096666218300808 -6.8000000000000025 73.33531429703865
      vertex 17.90745789630079 -10.800000000000002 72.7779245543571
    endloop
  endfacet
  facet normal 0.9807852804032311 0 -0.1950903220161251
    outer loop
      vertex 18.096666218300808 -6.8000000000000025 73.33531429703865
      vertex 18.211501876182147 -6.8000000000000025 73.91263213500977
      vertex 18.096666218300808 -10.800000000000002 73.33531429703865
    endloop
  endfacet
  facet normal 0 1 0
    outer loop
      vertex 17.647114317029974 -6.8000000000000025 72.25
      vertex 17.647114317029974 -6.8000000000000025 76.75
      vertex 17.90745789630079 -6.8000000000000025 76.2220754456429
    endloop
  endfacet
  facet normal 0 1 0
    outer loop
      vertex 18.096666218300808 -6.8000000000000025 73.33531429703865
      vertex 18.211501876182147 -6.8000000000000025 75.08736786499023
      vertex 18.211501876182147 -6.8000000000000025 73.91263213500977
    endloop
  endfacet
  facet normal 0 1 0
    outer loop
      vertex 18.211501876182147 -6.8000000000000025 73.91263213500977
      vertex 18.211501876182147 -6.8000000000000025 75.08736786499023
      vertex 18.25 -6.8000000000000025 74.5
    endloop
  endfacet
  facet normal 0 1 0
    outer loop
      vertex 17.90745789630079 -6.8000000000000025 72.7779245543571
      vertex 17.90745789630079 -6.8000000000000025 76.2220754456429
      vertex 18.096666218300808 -6.8000000000000025 75.66468570296135
    endloop
  endfacet
  facet normal 0 1 0
    outer loop
      vertex 18.096666218300808 -6.8000000000000025 73.33531429703865
      vertex 18.096666218300808 -6.8000000000000025 75.66468570296135
      vertex 18.211501876182147 -6.8000000000000025 75.08736786499023
    endloop
  endfacet
  facet normal 0 1 0
    outer loop
      vertex 17.320090031310556 -6.8000000000000025 77.23942643053924
      vertex 17.647114317029974 -6.8000000000000025 76.75
      vertex 17.480069657550146 -6.8000000000000025 72
    endloop
  endfacet
  facet normal 0.9978589232386035 0 -0.06540312923014259
    outer loop
      vertex 18.211501876182147 -6.8000000000000025 73.91263213500977
      vertex 18.25 -6.8000000000000025 74.5
      vertex 18.211501876182147 -10.800000000000002 73.91263213500977
    endloop
  endfacet
  facet normal 0.9978589232386035 0 0.06540312923014259
    outer loop
      vertex 18.25 -6.8000000000000025 74.5
      vertex 18.211501876182147 -6.8000000000000025 75.08736786499023
      vertex 18.25 -10.800000000000002 74.5
    endloop
  endfacet
  facet normal 0.9807852804032311 0 0.1950903220161251
    outer loop
      vertex 18.211501876182147 -6.8000000000000025 75.08736786499023
      vertex 18.096666218300808 -6.8000000000000025 75.66468570296135
      vertex 18.211501876182147 -10.800000000000002 75.08736786499023
    endloop
  endfacet
  facet normal 0.896872741532689 0 0.44228869021899947
    outer loop
      vertex 17.90745789630079 -6.8000000000000025 76.2220754456429
      vertex 17.647114317029974 -6.8000000000000025 76.75
      vertex 17.90745789630079 -10.800000000000002 76.2220754456429
    endloop
  endfacet
  facet normal 0.9469301294951041 0 0.32143946530316647
    outer loop
      vertex 18.096666218300808 -6.8000000000000025 75.66468570296135
      vertex 17.90745789630079 -6.8000000000000025 76.2220754456429
      vertex 18.096666218300808 -10.800000000000002 75.66468570296135
    endloop
  endfacet
  facet normal 0.831469612302542 -5.071542600705618e-18 0.5555702330196071
    outer loop
      vertex 17.320090031310556 -6.8000000000000025 77.23942643053924
      vertex 17.647114317029974 -10.800000000000002 76.75
      vertex 17.647114317029974 -6.8000000000000025 76.75
    endloop
  endfacet
  facet normal 0 -1 0
    outer loop
      vertex 10.019930342449852 -10.800000000000002 72
      vertex 17.480069657550146 -10.800000000000002 72
      vertex 17.647114317029974 -10.800000000000002 72.25
    endloop
  endfacet
  facet normal 0 -1 0
    outer loop
      vertex 13.52157916361491 -10.800000000000002 72.76497149259583
      vertex 17.647114317029974 -10.800000000000002 72.25
      vertex 13.75 -10.800000000000002 72.75
    endloop
  endfacet
  facet normal 0 -1 0
    outer loop
      vertex 13.75 -10.800000000000002 72.75
      vertex 17.647114317029974 -10.800000000000002 72.25
      vertex 13.97842083638509 -10.800000000000002 72.76497149259583
    endloop
  endfacet
  facet normal 0 -1 0
    outer loop
      vertex 13.97842083638509 -10.800000000000002 72.76497149259583
      vertex 17.647114317029974 -10.800000000000002 72.25
      vertex 14.202933328929412 -10.800000000000002 72.80962980399413
    endloop
  endfacet
  facet normal 0 -1 0
    outer loop
      vertex 14.202933328929412 -10.800000000000002 72.80962980399413
      vertex 17.647114317029974 -10.800000000000002 72.25
      vertex 14.419696006638906 -10.800000000000002 72.88321081810525
    endloop
  endfacet
  facet normal 0 -1 0
    outer loop
      vertex 14.419696006638906 -10.800000000000002 72.88321081810525
      vertex 17.647114317029974 -10.800000000000002 72.25
      vertex 14.625 -10.800000000000002 72.98445554337724
    endloop
  endfacet
  facet normal 0 -1 0
    outer loop
      vertex 14.625 -10.800000000000002 72.98445554337724
      vertex 17.647114317029974 -10.800000000000002 72.25
      vertex 14.815332500765262 -10.800000000000002 73.11163165449034
    endloop
  endfacet
  facet normal 0 -1 0
    outer loop
      vertex 14.815332500765262 -10.800000000000002 73.11163165449034
      vertex 17.647114317029974 -10.800000000000002 72.25
      vertex 14.987436867076458 -10.800000000000002 73.26256313292353
    endloop
  endfacet
  facet normal 0 -1 0
    outer loop
      vertex 14.987436867076458 -10.800000000000002 73.26256313292353
      vertex 17.647114317029974 -10.800000000000002 72.25
      vertex 15.138368345509662 -10.800000000000002 73.43466749923473
    endloop
  endfacet
  facet normal 0 -1 0
    outer loop
      vertex 15.138368345509662 -10.800000000000002 73.43466749923473
      vertex 17.647114317029974 -10.800000000000002 72.25
      vertex 15.265544456622768 -10.800000000000002 73.625
    endloop
  endfacet
  facet normal 0 -1 0
    outer loop
      vertex 15.265544456622768 -10.800000000000002 73.625
      vertex 17.647114317029974 -10.800000000000002 72.25
      vertex 15.366789181894752 -10.800000000000002 73.8303039933611
    endloop
  endfacet
  facet normal 0 -1 0
    outer loop
      vertex 15.366789181894752 -10.800000000000002 73.8303039933611
      vertex 17.647114317029974 -10.800000000000002 72.25
      vertex 15.440370196005869 -10.800000000000002 74.04706667107058
    endloop
  endfacet
  facet normal 0 -1 0
    outer loop
      vertex 15.440370196005869 -10.800000000000002 74.04706667107058
      vertex 17.647114317029974 -10.800000000000002 72.25
      vertex 15.485028507404168 -10.800000000000002 74.27157916361492
    endloop
  endfacet
  facet normal 0 -1 0
    outer loop
      vertex 15.485028507404168 -10.800000000000002 74.27157916361492
      vertex 17.647114317029974 -10.800000000000002 72.25
      vertex 15.5 -10.800000000000002 74.5
    endloop
  endfacet
  facet normal 0 -1 0
    outer loop
      vertex 15.5 -10.800000000000002 74.5
      vertex 17.647114317029974 -10.800000000000002 72.25
      vertex 15.485028507404168 -10.800000000000002 74.72842083638508
    endloop
  endfacet
  facet normal 0 -1 0
    outer loop
      vertex 15.440370196005869 -10.800000000000002 74.95293332892942
      vertex 15.485028507404168 -10.800000000000002 74.72842083638508
      vertex 17.647114317029974 -10.800000000000002 72.25
    endloop
  endfacet
  facet normal 0.06540312923012997 0 0.9978589232386043
    outer loop
      vertex 14.337367864990233 -6.8000000000000025 78.96150187618215
      vertex 13.75 -10.800000000000002 79
      vertex 14.337367864990233 -10.800000000000002 78.96150187618215
    endloop
  endfacet
  facet normal 0.19509032201613494 0 0.9807852804032291
    outer loop
      vertex 14.914685702961343 -6.8000000000000025 78.84666621830081
      vertex 14.337367864990233 -10.800000000000002 78.96150187618215
      vertex 14.914685702961343 -10.800000000000002 78.84666621830081
    endloop
  endfacet
  facet normal 0.3214394653031555 0 0.9469301294951078
    outer loop
      vertex 15.472075445642904 -6.8000000000000025 78.6574578963008
      vertex 14.914685702961343 -10.800000000000002 78.84666621830081
      vertex 15.472075445642904 -10.800000000000002 78.6574578963008
    endloop
  endfacet
  facet normal 0.4422886902190116 0 0.8968727415326833
    outer loop
      vertex 16 -6.8000000000000025 78.39711431702997
      vertex 15.472075445642904 -10.800000000000002 78.6574578963008
      vertex 16 -10.800000000000002 78.39711431702997
    endloop
  endfacet
  facet normal 0.5555702330196042 0 0.8314696123025439
    outer loop
      vertex 16.489426430539243 -6.8000000000000025 78.07009003131056
      vertex 16 -10.800000000000002 78.39711431702997
      vertex 16.489426430539243 -10.800000000000002 78.07009003131056
    endloop
  endfacet
  facet normal 0.75183980747898 0 0.659345815100066
    outer loop
      vertex 16.931980515339465 -6.8000000000000025 77.68198051533946
      vertex 16.931980515339465 -10.800000000000002 77.68198051533946
      vertex 17.320090031310556 -10.800000000000002 77.23942643053924
    endloop
  endfacet
  facet normal 0.6593458151000693 0 0.7518398074789769
    outer loop
      vertex 16.931980515339465 -6.8000000000000025 77.68198051533946
      vertex 16.489426430539243 -10.800000000000002 78.07009003131056
      vertex 16.931980515339465 -10.800000000000002 77.68198051533946
    endloop
  endfacet
  facet normal 0 -1 0
    outer loop
      vertex 13.080303993361094 -10.800000000000002 76.11678918189475
      vertex 13.297066671070588 -10.800000000000002 76.19037019600587
      vertex 14.914685702961343 -10.800000000000002 78.84666621830081
    endloop
  endfacet
  facet normal 0 -1 0
    outer loop
      vertex 13.297066671070588 -10.800000000000002 76.19037019600587
      vertex 13.52157916361491 -10.800000000000002 76.23502850740417
      vertex 14.914685702961343 -10.800000000000002 78.84666621830081
    endloop
  endfacet
  facet normal 0 -1 0
    outer loop
      vertex 13.52157916361491 -10.800000000000002 76.23502850740417
      vertex 13.75 -10.800000000000002 76.25
      vertex 15.472075445642904 -10.800000000000002 78.6574578963008
    endloop
  endfacet
  facet normal 0 -1 0
    outer loop
      vertex 13.75 -10.800000000000002 76.25
      vertex 13.97842083638509 -10.800000000000002 76.23502850740417
      vertex 15.472075445642904 -10.800000000000002 78.6574578963008
    endloop
  endfacet
  facet normal 0 -1 0
    outer loop
      vertex 14.202933328929412 -10.800000000000002 76.19037019600587
      vertex 15.472075445642904 -10.800000000000002 78.6574578963008
      vertex 13.97842083638509 -10.800000000000002 76.23502850740417
    endloop
  endfacet
  facet normal 0 -1 0
    outer loop
      vertex 13.080303993361094 -10.800000000000002 76.11678918189475
      vertex 14.914685702961343 -10.800000000000002 78.84666621830081
      vertex 14.337367864990233 -10.800000000000002 78.96150187618215
    endloop
  endfacet
  facet normal 0 -1 0
    outer loop
      vertex 13.52157916361491 -10.800000000000002 76.23502850740417
      vertex 15.472075445642904 -10.800000000000002 78.6574578963008
      vertex 14.914685702961343 -10.800000000000002 78.84666621830081
    endloop
  endfacet
  facet normal 0 -1 0
    outer loop
      vertex 14.202933328929412 -10.800000000000002 76.19037019600587
      vertex 14.419696006638906 -10.800000000000002 76.11678918189475
      vertex 16 -10.800000000000002 78.39711431702997
    endloop
  endfacet
  facet normal 0 -1 0
    outer loop
      vertex 14.419696006638906 -10.800000000000002 76.11678918189475
      vertex 14.625 -10.800000000000002 76.01554445662276
      vertex 16.489426430539243 -10.800000000000002 78.07009003131056
    endloop
  endfacet
  facet normal 0 -1 0
    outer loop
      vertex 14.625 -10.800000000000002 76.01554445662276
      vertex 14.815332500765262 -10.800000000000002 75.88836834550966
      vertex 16.489426430539243 -10.800000000000002 78.07009003131056
    endloop
  endfacet
  facet normal 0 -1 0
    outer loop
      vertex 14.202933328929412 -10.800000000000002 76.19037019600587
      vertex 16 -10.800000000000002 78.39711431702997
      vertex 15.472075445642904 -10.800000000000002 78.6574578963008
    endloop
  endfacet
  facet normal 0 -1 0
    outer loop
      vertex 14.815332500765262 -10.800000000000002 75.88836834550966
      vertex 14.987436867076458 -10.800000000000002 75.73743686707647
      vertex 16.931980515339465 -10.800000000000002 77.68198051533946
    endloop
  endfacet
  facet normal 0 -1 0
    outer loop
      vertex 14.987436867076458 -10.800000000000002 75.73743686707647
      vertex 15.138368345509662 -10.800000000000002 75.56533250076527
      vertex 16.931980515339465 -10.800000000000002 77.68198051533946
    endloop
  endfacet
  facet normal 0 -1 0
    outer loop
      vertex 15.138368345509662 -10.800000000000002 75.56533250076527
      vertex 15.265544456622768 -10.800000000000002 75.375
      vertex 17.320090031310556 -10.800000000000002 77.23942643053924
    endloop
  endfacet
  facet normal 0 -1 0
    outer loop
      vertex 15.366789181894752 -10.800000000000002 75.1696960066389
      vertex 17.320090031310556 -10.800000000000002 77.23942643053924
      vertex 15.265544456622768 -10.800000000000002 75.375
    endloop
  endfacet
  facet normal 0 -1 0
    outer loop
      vertex 15.440370196005869 -10.800000000000002 74.95293332892942
      vertex 17.320090031310556 -10.800000000000002 77.23942643053924
      vertex 15.366789181894752 -10.800000000000002 75.1696960066389
    endloop
  endfacet
  facet normal 0 -1 0
    outer loop
      vertex 15.440370196005869 -10.800000000000002 74.95293332892942
      vertex 17.647114317029974 -10.800000000000002 72.25
      vertex 17.320090031310556 -10.800000000000002 77.23942643053924
    endloop
  endfacet
  facet normal 0 -1 0
    outer loop
      vertex 14.419696006638906 -10.800000000000002 76.11678918189475
      vertex 16.489426430539243 -10.800000000000002 78.07009003131056
      vertex 16 -10.800000000000002 78.39711431702997
    endloop
  endfacet
  facet normal 0 -1 0
    outer loop
      vertex 15.138368345509662 -10.800000000000002 75.56533250076527
      vertex 17.320090031310556 -10.800000000000002 77.23942643053924
      vertex 16.931980515339465 -10.800000000000002 77.68198051533946
    endloop
  endfacet
  facet normal 0 -1 0
    outer loop
      vertex 14.815332500765262 -10.800000000000002 75.88836834550966
      vertex 16.931980515339465 -10.800000000000002 77.68198051533946
      vertex 16.489426430539243 -10.800000000000002 78.07009003131056
    endloop
  endfacet
  facet normal 0.8314696123025405 0 -0.5555702330196094
    outer loop
      vertex 17.647114317029974 -6.8000000000000025 72.25
      vertex 17.647114317029974 -10.800000000000002 72.25
      vertex 17.480069657550146 -10.800000000000002 72
    endloop
  endfacet
  facet normal 0.896872741532689 0 -0.44228869021899947
    outer loop
      vertex 17.90745789630079 -6.8000000000000025 72.7779245543571
      vertex 17.90745789630079 -10.800000000000002 72.7779245543571
      vertex 17.647114317029974 -10.800000000000002 72.25
    endloop
  endfacet
  facet normal 0.9469301294951041 0 -0.32143946530316647
    outer loop
      vertex 18.096666218300808 -6.8000000000000025 73.33531429703865
      vertex 18.096666218300808 -10.800000000000002 73.33531429703865
      vertex 17.90745789630079 -10.800000000000002 72.7779245543571
    endloop
  endfacet
  facet normal 0.9807852804032311 0 -0.1950903220161251
    outer loop
      vertex 18.211501876182147 -6.8000000000000025 73.91263213500977
      vertex 18.211501876182147 -10.800000000000002 73.91263213500977
      vertex 18.096666218300808 -10.800000000000002 73.33531429703865
    endloop
  endfacet
  facet normal 0 -1 0
    outer loop
      vertex 17.647114317029974 -10.800000000000002 72.25
      vertex 17.90745789630079 -10.800000000000002 72.7779245543571
      vertex 17.647114317029974 -10.800000000000002 76.75
    endloop
  endfacet
  facet normal 0.9978589232386035 0 -0.06540312923014259
    outer loop
      vertex 18.25 -6.8000000000000025 74.5
      vertex 18.25 -10.800000000000002 74.5
      vertex 18.211501876182147 -10.800000000000002 73.91263213500977
    endloop
  endfacet
  facet normal 0.9978589232386035 0 0.06540312923014259
    outer loop
      vertex 18.211501876182147 -6.8000000000000025 75.08736786499023
      vertex 18.211501876182147 -10.800000000000002 75.08736786499023
      vertex 18.25 -10.800000000000002 74.5
    endloop
  endfacet
  facet normal 0.9807852804032311 0 0.1950903220161251
    outer loop
      vertex 18.096666218300808 -6.8000000000000025 75.66468570296135
      vertex 18.096666218300808 -10.800000000000002 75.66468570296135
      vertex 18.211501876182147 -10.800000000000002 75.08736786499023
    endloop
  endfacet
  facet normal 0.9469301294951041 0 0.32143946530316647
    outer loop
      vertex 17.90745789630079 -6.8000000000000025 76.2220754456429
      vertex 17.90745789630079 -10.800000000000002 76.2220754456429
      vertex 18.096666218300808 -10.800000000000002 75.66468570296135
    endloop
  endfacet
  facet normal 0.831469612302542 0 0.5555702330196071
    outer loop
      vertex 17.320090031310556 -6.8000000000000025 77.23942643053924
      vertex 17.320090031310556 -10.800000000000002 77.23942643053924
      vertex 17.647114317029974 -10.800000000000002 76.75
    endloop
  endfacet
  facet normal 0.896872741532689 0 0.44228869021899947
    outer loop
      vertex 17.647114317029974 -6.8000000000000025 76.75
      vertex 17.647114317029974 -10.800000000000002 76.75
      vertex 17.90745789630079 -10.800000000000002 76.2220754456429
    endloop
  endfacet
  facet normal 0 -1 0
    outer loop
      vertex 17.90745789630079 -10.800000000000002 72.7779245543571
      vertex 17.90745789630079 -10.800000000000002 76.2220754456429
      vertex 17.647114317029974 -10.800000000000002 76.75
    endloop
  endfacet
  facet normal 0 -1 0
    outer loop
      vertex 17.90745789630079 -10.800000000000002 72.7779245543571
      vertex 18.096666218300808 -10.800000000000002 73.33531429703865
      vertex 17.90745789630079 -10.800000000000002 76.2220754456429
    endloop
  endfacet
  facet normal 0 -1 0
    outer loop
      vertex 18.096666218300808 -10.800000000000002 73.33531429703865
      vertex 18.211501876182147 -10.800000000000002 73.91263213500977
      vertex 18.096666218300808 -10.800000000000002 75.66468570296135
    endloop
  endfacet
  facet normal 0 -1 0
    outer loop
      vertex 18.211501876182147 -10.800000000000002 73.91263213500977
      vertex 18.25 -10.800000000000002 74.5
      vertex 18.211501876182147 -10.800000000000002 75.08736786499023
    endloop
  endfacet
  facet normal 0 -1 0
    outer loop
      vertex 18.096666218300808 -10.800000000000002 73.33531429703865
      vertex 18.096666218300808 -10.800000000000002 75.66468570296135
      vertex 17.90745789630079 -10.800000000000002 76.2220754456429
    endloop
  endfacet
  facet normal 0 -1 0
    outer loop
      vertex 18.211501876182147 -10.800000000000002 73.91263213500977
      vertex 18.211501876182147 -10.800000000000002 75.08736786499023
      vertex 18.096666218300808 -10.800000000000002 75.66468570296135
    endloop
  endfacet
  facet normal 0 -1 0
    outer loop
      vertex 17.320090031310556 -10.800000000000002 77.23942643053924
      vertex 17.647114317029974 -10.800000000000002 72.25
      vertex 17.647114317029974 -10.800000000000002 76.75
    endloop
  endfacet
  facet normal 0.6593458151000762 0 0.751839807478971
    outer loop
      vertex -0.09066017177982144 -19.500000000000004 24.629339828220182
      vertex -0.09066017177982144 -21.300000000000004 24.629339828220182
      vertex 0.05685785648691899 -19.500000000000004 24.499969989563148
    endloop
  endfacet
  facet normal 0.5555702330196003 0 0.8314696123025466
    outer loop
      vertex 0.05685785648691899 -19.500000000000004 24.499969989563148
      vertex 0.05685785648691899 -21.300000000000004 24.499969989563148
      vertex 0.21999999999999997 -19.500000000000004 24.390961894323343
    endloop
  endfacet
  facet normal 0.44228869021899697 0 0.8968727415326905
    outer loop
      vertex 0.21999999999999997 -19.500000000000004 24.390961894323343
      vertex 0.21999999999999997 -21.300000000000004 24.390961894323343
      vertex 0.39597485145236533 -19.500000000000004 24.304180701233072
    endloop
  endfacet
  facet normal 0.32143946530316664 0 0.946930129495104
    outer loop
      vertex 0.39597485145236533 -19.500000000000004 24.304180701233072
      vertex 0.39597485145236533 -21.300000000000004 24.304180701233072
      vertex 0.5817714323462189 -19.500000000000004 24.2411112605664
    endloop
  endfacet
  facet normal 0.19509032201612297 0 0.9807852804032315
    outer loop
      vertex 0.5817714323462189 -19.500000000000004 24.2411112605664
      vertex 0.5817714323462189 -21.300000000000004 24.2411112605664
      vertex 0.7742107116699226 -19.500000000000004 24.202832707939287
    endloop
  endfacet
  facet normal 0.06540312923014809 0 0.9978589232386031
    outer loop
      vertex 0.7742107116699226 -19.500000000000004 24.202832707939287
      vertex 0.7742107116699226 -21.300000000000004 24.202832707939287
      vertex 0.97 -19.500000000000004 24.19
    endloop
  endfacet
  facet normal 0.7518398074789724 0 0.6593458151000745
    outer loop
      vertex -0.09066017177982144 -19.500000000000004 24.629339828220182
      vertex -0.22003001043685289 -21.300000000000004 24.77685785648692
      vertex -0.09066017177982144 -21.300000000000004 24.629339828220182
    endloop
  endfacet
  facet normal 0.6593458151000762 0 0.751839807478971
    outer loop
      vertex 0.05685785648691899 -19.500000000000004 24.499969989563148
      vertex -0.09066017177982144 -21.300000000000004 24.629339828220182
      vertex 0.05685785648691899 -21.300000000000004 24.499969989563148
    endloop
  endfacet
  facet normal 0.44228869021899697 0 0.8968727415326905
    outer loop
      vertex 0.39597485145236533 -19.500000000000004 24.304180701233072
      vertex 0.21999999999999997 -21.300000000000004 24.390961894323343
      vertex 0.39597485145236533 -21.300000000000004 24.304180701233072
    endloop
  endfacet
  facet normal 0.5555702330196003 0 0.8314696123025466
    outer loop
      vertex 0.21999999999999997 -19.500000000000004 24.390961894323343
      vertex 0.05685785648691899 -21.300000000000004 24.499969989563148
      vertex 0.21999999999999997 -21.300000000000004 24.390961894323343
    endloop
  endfacet
  facet normal 0.32143946530316664 0 0.946930129495104
    outer loop
      vertex 0.5817714323462189 -19.500000000000004 24.2411112605664
      vertex 0.39597485145236533 -21.300000000000004 24.304180701233072
      vertex 0.5817714323462189 -21.300000000000004 24.2411112605664
    endloop
  endfacet
  facet normal 0.19509032201612297 0 0.9807852804032315
    outer loop
      vertex 0.7742107116699226 -19.500000000000004 24.202832707939287
      vertex 0.5817714323462189 -21.300000000000004 24.2411112605664
      vertex 0.7742107116699226 -21.300000000000004 24.202832707939287
    endloop
  endfacet
  facet normal 0.06540312923014809 0 0.9978589232386031
    outer loop
      vertex 0.97 -19.500000000000004 24.19
      vertex 0.7742107116699226 -21.300000000000004 24.202832707939287
      vertex 0.97 -21.300000000000004 24.19
    endloop
  endfacet
  facet normal 0.9469301294951072 1.1200171498285755e-18 0.3214394653031567
    outer loop
      vertex -0.41581929876693 -19.500000000000004 25.115974851452364
      vertex -0.47888873943360255 -19.500000000000004 25.30177143234622
      vertex -0.47888873943360255 -21.300000000000004 25.30177143234622
    endloop
  endfacet
  facet normal 0.8968727415326863 -1.3124489732865351e-19 0.4422886902190055
    outer loop
      vertex -0.32903810567665803 -19.500000000000004 24.94
      vertex -0.41581929876693 -19.500000000000004 25.115974851452364
      vertex -0.41581929876693 -21.300000000000004 25.115974851452364
    endloop
  endfacet
  facet normal 0.9978589232386035 0 0.06540312923014291
    outer loop
      vertex -0.53 -19.500000000000004 25.69
      vertex -0.53 -21.300000000000004 25.69
      vertex -0.5171672920607155 -19.500000000000004 25.494210711669922
    endloop
  endfacet
  facet normal 0.98078528040323 -5.013861937235322e-19 0.19509032201613058
    outer loop
      vertex -0.47888873943360255 -19.500000000000004 25.30177143234622
      vertex -0.5171672920607155 -19.500000000000004 25.494210711669922
      vertex -0.5171672920607155 -21.300000000000004 25.494210711669922
    endloop
  endfacet
  facet normal 0.8314696123025456 0 0.5555702330196016
    outer loop
      vertex -0.32903810567665803 -19.500000000000004 24.94
      vertex -0.32903810567665803 -21.300000000000004 24.94
      vertex -0.22003001043685289 -19.500000000000004 24.77685785648692
    endloop
  endfacet
  facet normal 0.7518398074789724 -2.776693855940349e-18 0.6593458151000745
    outer loop
      vertex -0.09066017177982144 -19.500000000000004 24.629339828220182
      vertex -0.22003001043685289 -19.500000000000004 24.77685785648692
      vertex -0.22003001043685289 -21.300000000000004 24.77685785648692
    endloop
  endfacet
  facet normal 0.9469301294951072 0 0.3214394653031567
    outer loop
      vertex -0.41581929876693 -19.500000000000004 25.115974851452364
      vertex -0.47888873943360255 -21.300000000000004 25.30177143234622
      vertex -0.41581929876693 -21.300000000000004 25.115974851452364
    endloop
  endfacet
  facet normal 0.8968727415326863 0 0.4422886902190055
    outer loop
      vertex -0.32903810567665803 -19.500000000000004 24.94
      vertex -0.41581929876693 -21.300000000000004 25.115974851452364
      vertex -0.32903810567665803 -21.300000000000004 24.94
    endloop
  endfacet
  facet normal 0.98078528040323 0 0.19509032201613058
    outer loop
      vertex -0.47888873943360255 -19.500000000000004 25.30177143234622
      vertex -0.5171672920607155 -21.300000000000004 25.494210711669922
      vertex -0.47888873943360255 -21.300000000000004 25.30177143234622
    endloop
  endfacet
  facet normal 0.9978589232386035 0 0.06540312923014291
    outer loop
      vertex -0.5171672920607155 -19.500000000000004 25.494210711669922
      vertex -0.53 -21.300000000000004 25.69
      vertex -0.5171672920607155 -21.300000000000004 25.494210711669922
    endloop
  endfacet
  facet normal 0.8314696123025456 0 0.5555702330196016
    outer loop
      vertex -0.22003001043685289 -19.500000000000004 24.77685785648692
      vertex -0.32903810567665803 -21.300000000000004 24.94
      vertex -0.22003001043685289 -21.300000000000004 24.77685785648692
    endloop
  endfacet
  facet normal 1 0 0
    outer loop
      vertex -0.53 -19.500000000000004 25.69
      vertex -0.53 -21.300000000000004 54.31
      vertex -0.53 -21.300000000000004 25.69
    endloop
  endfacet
  facet normal 0 0 1
    outer loop
      vertex 0.97 -19.500000000000004 24.19
      vertex 0.97 -21.300000000000004 24.19
      vertex 26.529999999999998 -19.500000000000004 24.19
    endloop
  endfacet
  facet normal 1 0 0
    outer loop
      vertex -0.53 -19.500000000000004 25.69
      vertex -0.53 -19.500000000000004 54.31
      vertex -0.53 -21.300000000000004 54.31
    endloop
  endfacet
  facet normal 0.9978589232386035 -3.489410082912357e-19 -0.0654031292301441
    outer loop
      vertex -0.53 -19.500000000000004 54.31
      vertex -0.5171672920607155 -19.500000000000004 54.50578928833008
      vertex -0.5171672920607155 -21.300000000000004 54.50578928833008
    endloop
  endfacet
  facet normal 0.9807852804032314 -5.352350703981388e-19 -0.19509032201612364
    outer loop
      vertex -0.5171672920607155 -19.500000000000004 54.50578928833008
      vertex -0.47888873943360255 -19.500000000000004 54.698228567653786
      vertex -0.47888873943360255 -21.300000000000004 54.698228567653786
    endloop
  endfacet
  facet normal 0.9469301294951035 2.158937797390083e-18 -0.32143946530316775
    outer loop
      vertex -0.47888873943360255 -19.500000000000004 54.698228567653786
      vertex -0.41581929876693 -19.500000000000004 54.884025148547636
      vertex -0.41581929876693 -21.300000000000004 54.884025148547636
    endloop
  endfacet
  facet normal 0.8968727415326897 -1.2053288489105216e-18 -0.4422886902189983
    outer loop
      vertex -0.41581929876693 -19.500000000000004 54.884025148547636
      vertex -0.32903810567665803 -19.500000000000004 55.06
      vertex -0.32903810567665803 -21.300000000000004 55.06
    endloop
  endfacet
  facet normal 0.83146961230254 4.871503203164314e-18 -0.55557023301961
    outer loop
      vertex -0.32903810567665803 -19.500000000000004 55.06
      vertex -0.22003001043685289 -19.500000000000004 55.22314214351308
      vertex -0.22003001043685289 -21.300000000000004 55.22314214351308
    endloop
  endfacet
  facet normal 0.7518398074789883 2.2799132718178436e-18 -0.6593458151000565
    outer loop
      vertex -0.22003001043685289 -19.500000000000004 55.22314214351308
      vertex -0.09066017177982144 -19.500000000000004 55.370660171779825
      vertex -0.09066017177982144 -21.300000000000004 55.370660171779825
    endloop
  endfacet
  facet normal 0.6593458151000557 3.891227339237402e-18 -0.7518398074789888
    outer loop
      vertex -0.09066017177982144 -19.500000000000004 55.370660171779825
      vertex 0.05685785648691899 -19.500000000000004 55.50003001043685
      vertex 0.05685785648691899 -21.300000000000004 55.50003001043685
    endloop
  endfacet
  facet normal 0.5555702330196128 -1.8930733676975986e-18 -0.8314696123025381
    outer loop
      vertex 0.05685785648691899 -19.500000000000004 55.50003001043685
      vertex 0.21999999999999997 -19.500000000000004 55.60903810567666
      vertex 0.21999999999999997 -21.300000000000004 55.60903810567666
    endloop
  endfacet
  facet normal 0.44228869021901146 -2.3968835657310048e-18 -0.8968727415326833
    outer loop
      vertex 0.21999999999999997 -19.500000000000004 55.60903810567666
      vertex 0.39597485145236533 -19.500000000000004 55.695819298766935
      vertex 0.39597485145236533 -21.300000000000004 55.695819298766935
    endloop
  endfacet
  facet normal 0.32143946530316664 -1.6664685531386161e-18 -0.946930129495104
    outer loop
      vertex 0.39597485145236533 -19.500000000000004 55.695819298766935
      vertex 0.5817714323462189 -19.500000000000004 55.75888873943361
      vertex 0.5817714323462189 -21.300000000000004 55.75888873943361
    endloop
  endfacet
  facet normal 0.19509032201612297 3.33944124156252e-19 -0.9807852804032315
    outer loop
      vertex 0.5817714323462189 -19.500000000000004 55.75888873943361
      vertex 0.7742107116699226 -19.500000000000004 55.79716729206072
      vertex 0.7742107116699226 -21.300000000000004 55.79716729206072
    endloop
  endfacet
  facet normal 0.06540312923013006 -2.715342801763928e-19 -0.9978589232386045
    outer loop
      vertex 0.7742107116699226 -19.500000000000004 55.79716729206072
      vertex 0.97 -19.500000000000004 55.81
      vertex 0.97 -21.300000000000004 55.81
    endloop
  endfacet
  facet normal 0.9978589232386035 0 -0.0654031292301441
    outer loop
      vertex -0.53 -19.500000000000004 54.31
      vertex -0.5171672920607155 -21.300000000000004 54.50578928833008
      vertex -0.53 -21.300000000000004 54.31
    endloop
  endfacet
  facet normal 0.9807852804032314 0 -0.19509032201612364
    outer loop
      vertex -0.5171672920607155 -19.500000000000004 54.50578928833008
      vertex -0.47888873943360255 -21.300000000000004 54.698228567653786
      vertex -0.5171672920607155 -21.300000000000004 54.50578928833008
    endloop
  endfacet
  facet normal 0.9469301294951035 0 -0.32143946530316775
    outer loop
      vertex -0.47888873943360255 -19.500000000000004 54.698228567653786
      vertex -0.41581929876693 -21.300000000000004 54.884025148547636
      vertex -0.47888873943360255 -21.300000000000004 54.698228567653786
    endloop
  endfacet
  facet normal 0.8968727415326897 0 -0.4422886902189983
    outer loop
      vertex -0.41581929876693 -19.500000000000004 54.884025148547636
      vertex -0.32903810567665803 -21.300000000000004 55.06
      vertex -0.41581929876693 -21.300000000000004 54.884025148547636
    endloop
  endfacet
  facet normal 0.83146961230254 0 -0.55557023301961
    outer loop
      vertex -0.32903810567665803 -19.500000000000004 55.06
      vertex -0.22003001043685289 -21.300000000000004 55.22314214351308
      vertex -0.32903810567665803 -21.300000000000004 55.06
    endloop
  endfacet
  facet normal 0.7518398074789883 0 -0.6593458151000565
    outer loop
      vertex -0.22003001043685289 -19.500000000000004 55.22314214351308
      vertex -0.09066017177982144 -21.300000000000004 55.370660171779825
      vertex -0.22003001043685289 -21.300000000000004 55.22314214351308
    endloop
  endfacet
  facet normal 0.6593458151000557 0 -0.7518398074789888
    outer loop
      vertex -0.09066017177982144 -19.500000000000004 55.370660171779825
      vertex 0.05685785648691899 -21.300000000000004 55.50003001043685
      vertex -0.09066017177982144 -21.300000000000004 55.370660171779825
    endloop
  endfacet
  facet normal 0.5555702330196128 0 -0.8314696123025381
    outer loop
      vertex 0.05685785648691899 -19.500000000000004 55.50003001043685
      vertex 0.21999999999999997 -21.300000000000004 55.60903810567666
      vertex 0.05685785648691899 -21.300000000000004 55.50003001043685
    endloop
  endfacet
  facet normal 0.44228869021901146 0 -0.8968727415326833
    outer loop
      vertex 0.21999999999999997 -19.500000000000004 55.60903810567666
      vertex 0.39597485145236533 -21.300000000000004 55.695819298766935
      vertex 0.21999999999999997 -21.300000000000004 55.60903810567666
    endloop
  endfacet
  facet normal 0.32143946530316664 0 -0.946930129495104
    outer loop
      vertex 0.39597485145236533 -19.500000000000004 55.695819298766935
      vertex 0.5817714323462189 -21.300000000000004 55.75888873943361
      vertex 0.39597485145236533 -21.300000000000004 55.695819298766935
    endloop
  endfacet
  facet normal 0.19509032201612297 0 -0.9807852804032315
    outer loop
      vertex 0.5817714323462189 -19.500000000000004 55.75888873943361
      vertex 0.7742107116699226 -21.300000000000004 55.79716729206072
      vertex 0.5817714323462189 -21.300000000000004 55.75888873943361
    endloop
  endfacet
  facet normal 0.06540312923013006 0 -0.9978589232386045
    outer loop
      vertex 0.7742107116699226 -19.500000000000004 55.79716729206072
      vertex 0.97 -21.300000000000004 55.81
      vertex 0.7742107116699226 -21.300000000000004 55.79716729206072
    endloop
  endfacet
  facet normal 0 0 -1
    outer loop
      vertex 0.97 -19.500000000000004 55.81
      vertex 26.529999999999998 -21.300000000000004 55.81
      vertex 0.97 -21.300000000000004 55.81
    endloop
  endfacet
  facet normal 0 0 1
    outer loop
      vertex 0.97 -21.300000000000004 24.19
      vertex 26.529999999999998 -21.300000000000004 24.19
      vertex 26.529999999999998 -19.500000000000004 24.19
    endloop
  endfacet
  facet normal -0.06540312923014861 0 0.9978589232386031
    outer loop
      vertex 26.529999999999998 -19.500000000000004 24.19
      vertex 26.529999999999998 -21.300000000000004 24.19
      vertex 26.725789288330073 -19.500000000000004 24.202832707939287
    endloop
  endfacet
  facet normal -0.19509032201612278 0 0.9807852804032315
    outer loop
      vertex 26.725789288330073 -19.500000000000004 24.202832707939287
      vertex 26.725789288330073 -21.300000000000004 24.202832707939287
      vertex 26.918228567653777 -19.500000000000004 24.2411112605664
    endloop
  endfacet
  facet normal -0.3214394653031663 0 0.946930129495104
    outer loop
      vertex 26.918228567653777 -19.500000000000004 24.2411112605664
      vertex 26.918228567653777 -21.300000000000004 24.2411112605664
      vertex 27.10402514854763 -19.500000000000004 24.304180701233072
    endloop
  endfacet
  facet normal -0.44228869021899464 0 0.8968727415326915
    outer loop
      vertex 27.10402514854763 -19.500000000000004 24.304180701233072
      vertex 27.10402514854763 -21.300000000000004 24.304180701233072
      vertex 27.279999999999998 -19.500000000000004 24.390961894323343
    endloop
  endfacet
  facet normal -0.5555702330196001 0 0.8314696123025466
    outer loop
      vertex 27.279999999999998 -19.500000000000004 24.390961894323343
      vertex 27.279999999999998 -21.300000000000004 24.390961894323343
      vertex 27.44314214351308 -19.500000000000004 24.499969989563148
    endloop
  endfacet
  facet normal -0.6593458151000732 0 0.7518398074789736
    outer loop
      vertex 27.44314214351308 -19.500000000000004 24.499969989563148
      vertex 27.44314214351308 -21.300000000000004 24.499969989563148
      vertex 27.59066017177982 -19.500000000000004 24.629339828220182
    endloop
  endfacet
  facet normal -0.7518398074789747 0 0.6593458151000718
    outer loop
      vertex 27.59066017177982 -19.500000000000004 24.629339828220182
      vertex 27.59066017177982 -21.300000000000004 24.629339828220182
      vertex 27.72003001043685 -19.500000000000004 24.77685785648692
    endloop
  endfacet
  facet normal -0.06540312923014861 0 0.9978589232386031
    outer loop
      vertex 26.725789288330073 -19.500000000000004 24.202832707939287
      vertex 26.529999999999998 -21.300000000000004 24.19
      vertex 26.725789288330073 -21.300000000000004 24.202832707939287
    endloop
  endfacet
  facet normal -0.19509032201612278 0 0.9807852804032315
    outer loop
      vertex 26.918228567653777 -19.500000000000004 24.2411112605664
      vertex 26.725789288330073 -21.300000000000004 24.202832707939287
      vertex 26.918228567653777 -21.300000000000004 24.2411112605664
    endloop
  endfacet
  facet normal -0.3214394653031663 0 0.946930129495104
    outer loop
      vertex 27.10402514854763 -19.500000000000004 24.304180701233072
      vertex 26.918228567653777 -21.300000000000004 24.2411112605664
      vertex 27.10402514854763 -21.300000000000004 24.304180701233072
    endloop
  endfacet
  facet normal -0.44228869021899464 0 0.8968727415326915
    outer loop
      vertex 27.279999999999998 -19.500000000000004 24.390961894323343
      vertex 27.10402514854763 -21.300000000000004 24.304180701233072
      vertex 27.279999999999998 -21.300000000000004 24.390961894323343
    endloop
  endfacet
  facet normal -0.5555702330196001 0 0.8314696123025466
    outer loop
      vertex 27.44314214351308 -19.500000000000004 24.499969989563148
      vertex 27.279999999999998 -21.300000000000004 24.390961894323343
      vertex 27.44314214351308 -21.300000000000004 24.499969989563148
    endloop
  endfacet
  facet normal -0.6593458151000732 0 0.7518398074789736
    outer loop
      vertex 27.59066017177982 -19.500000000000004 24.629339828220182
      vertex 27.44314214351308 -21.300000000000004 24.499969989563148
      vertex 27.59066017177982 -21.300000000000004 24.629339828220182
    endloop
  endfacet
  facet normal -0.8314696123025466 0 0.5555702330196001
    outer loop
      vertex 27.72003001043685 -19.500000000000004 24.77685785648692
      vertex 27.72003001043685 -21.300000000000004 24.77685785648692
      vertex 27.829038105676656 -19.500000000000004 24.94
    endloop
  endfacet
  facet normal -0.896872741532688 0 0.44228869021900186
    outer loop
      vertex 27.829038105676656 -19.500000000000004 24.94
      vertex 27.829038105676656 -21.300000000000004 24.94
      vertex 27.915819298766927 -19.500000000000004 25.115974851452364
    endloop
  endfacet
  facet normal -0.9469301294951059 0 0.3214394653031608
    outer loop
      vertex 27.915819298766927 -19.500000000000004 25.115974851452364
      vertex 27.915819298766927 -21.300000000000004 25.115974851452364
      vertex 27.9788887394336 -19.500000000000004 25.30177143234622
    endloop
  endfacet
  facet normal -0.9807852804032309 0 0.19509032201612622
    outer loop
      vertex 27.9788887394336 -19.500000000000004 25.30177143234622
      vertex 27.9788887394336 -21.300000000000004 25.30177143234622
      vertex 28.017167292060712 -19.500000000000004 25.494210711669922
    endloop
  endfacet
  facet normal -0.9978589232386031 0 0.06540312923014742
    outer loop
      vertex 28.017167292060712 -19.500000000000004 25.494210711669922
      vertex 28.017167292060712 -21.300000000000004 25.494210711669922
      vertex 28.029999999999998 -19.500000000000004 25.69
    endloop
  endfacet
  facet normal -0.7518398074789747 -4.7345335690400976e-18 0.6593458151000718
    outer loop
      vertex 27.59066017177982 -21.300000000000004 24.629339828220182
      vertex 27.72003001043685 -21.300000000000004 24.77685785648692
      vertex 27.72003001043685 -19.500000000000004 24.77685785648692
    endloop
  endfacet
  facet normal -0.8314696123025466 0 0.5555702330196001
    outer loop
      vertex 27.829038105676656 -19.500000000000004 24.94
      vertex 27.72003001043685 -21.300000000000004 24.77685785648692
      vertex 27.829038105676656 -21.300000000000004 24.94
    endloop
  endfacet
  facet normal -0.896872741532688 0 0.44228869021900186
    outer loop
      vertex 27.915819298766927 -19.500000000000004 25.115974851452364
      vertex 27.829038105676656 -21.300000000000004 24.94
      vertex 27.915819298766927 -21.300000000000004 25.115974851452364
    endloop
  endfacet
  facet normal -0.9469301294951059 0 0.3214394653031608
    outer loop
      vertex 27.9788887394336 -19.500000000000004 25.30177143234622
      vertex 27.915819298766927 -21.300000000000004 25.115974851452364
      vertex 27.9788887394336 -21.300000000000004 25.30177143234622
    endloop
  endfacet
  facet normal -0.9807852804032309 0 0.19509032201612622
    outer loop
      vertex 28.017167292060712 -19.500000000000004 25.494210711669922
      vertex 27.9788887394336 -21.300000000000004 25.30177143234622
      vertex 28.017167292060712 -21.300000000000004 25.494210711669922
    endloop
  endfacet
  facet normal -0.9978589232386031 0 0.06540312923014742
    outer loop
      vertex 28.029999999999998 -19.500000000000004 25.69
      vertex 28.017167292060712 -21.300000000000004 25.494210711669922
      vertex 28.029999999999998 -21.300000000000004 25.69
    endloop
  endfacet
  facet normal -1 0 0
    outer loop
      vertex 28.029999999999998 -19.500000000000004 25.69
      vertex 28.029999999999998 -21.300000000000004 25.69
      vertex 28.029999999999998 -19.500000000000004 54.31
    endloop
  endfacet
  facet normal 0 0 -1
    outer loop
      vertex 0.97 -19.500000000000004 55.81
      vertex 26.529999999999998 -19.500000000000004 55.81
      vertex 26.529999999999998 -21.300000000000004 55.81
    endloop
  endfacet
  facet normal -1 0 0
    outer loop
      vertex 28.029999999999998 -21.300000000000004 25.69
      vertex 28.029999999999998 -21.300000000000004 54.31
      vertex 28.029999999999998 -19.500000000000004 54.31
    endloop
  endfacet
  facet normal -0.06540312923013057 2.622329292660166e-19 -0.9978589232386044
    outer loop
      vertex 26.529999999999998 -19.500000000000004 55.81
      vertex 26.725789288330073 -19.500000000000004 55.79716729206072
      vertex 26.725789288330073 -21.300000000000004 55.79716729206072
    endloop
  endfacet
  facet normal -0.19509032201612278 1.5892867063340573e-19 -0.9807852804032315
    outer loop
      vertex 26.725789288330073 -19.500000000000004 55.79716729206072
      vertex 26.918228567653777 -19.500000000000004 55.75888873943361
      vertex 26.918228567653777 -21.300000000000004 55.75888873943361
    endloop
  endfacet
  facet normal -0.3214394653031663 1.308457514953343e-18 -0.946930129495104
    outer loop
      vertex 26.918228567653777 -19.500000000000004 55.75888873943361
      vertex 27.10402514854763 -19.500000000000004 55.695819298766935
      vertex 27.10402514854763 -21.300000000000004 55.695819298766935
    endloop
  endfacet
  facet normal -0.44228869021900924 -2.552930071462563e-19 -0.8968727415326845
    outer loop
      vertex 27.10402514854763 -19.500000000000004 55.695819298766935
      vertex 27.279999999999998 -19.500000000000004 55.60903810567666
      vertex 27.279999999999998 -21.300000000000004 55.60903810567666
    endloop
  endfacet
  facet normal -0.5555702330196126 -2.9033583215290773e-18 -0.8314696123025384
    outer loop
      vertex 27.279999999999998 -19.500000000000004 55.60903810567666
      vertex 27.44314214351308 -19.500000000000004 55.50003001043685
      vertex 27.44314214351308 -21.300000000000004 55.50003001043685
    endloop
  endfacet
  facet normal -0.6593458151000527 6.454478330985954e-19 -0.7518398074789916
    outer loop
      vertex 27.44314214351308 -19.500000000000004 55.50003001043685
      vertex 27.59066017177982 -19.500000000000004 55.370660171779825
      vertex 27.59066017177982 -21.300000000000004 55.370660171779825
    endloop
  endfacet
  facet normal -0.831469612302541 3.794767398313311e-18 -0.5555702330196085
    outer loop
      vertex 27.72003001043685 -19.500000000000004 55.22314214351308
      vertex 27.829038105676656 -19.500000000000004 55.06
      vertex 27.829038105676656 -21.300000000000004 55.06
    endloop
  endfacet
  facet normal -0.7518398074789905 0 -0.659345815100054
    outer loop
      vertex 27.72003001043685 -19.500000000000004 55.22314214351308
      vertex 27.72003001043685 -21.300000000000004 55.22314214351308
      vertex 27.59066017177982 -19.500000000000004 55.370660171779825
    endloop
  endfacet
  facet normal -0.9807852804032322 0 -0.19509032201611928
    outer loop
      vertex 28.017167292060712 -19.500000000000004 54.50578928833008
      vertex 28.017167292060712 -21.300000000000004 54.50578928833008
      vertex 27.9788887394336 -19.500000000000004 54.698228567653786
    endloop
  endfacet
  facet normal -0.9469301294951021 0 -0.3214394653031718
    outer loop
      vertex 27.9788887394336 -19.500000000000004 54.698228567653786
      vertex 27.9788887394336 -21.300000000000004 54.698228567653786
      vertex 27.915819298766927 -19.500000000000004 54.884025148547636
    endloop
  endfacet
  facet normal -0.9978589232386031 0 -0.06540312923014861
    outer loop
      vertex 28.029999999999998 -19.500000000000004 54.31
      vertex 28.029999999999998 -21.300000000000004 54.31
      vertex 28.017167292060712 -19.500000000000004 54.50578928833008
    endloop
  endfacet
  facet normal -0.8968727415326915 0 -0.44228869021899464
    outer loop
      vertex 27.915819298766927 -19.500000000000004 54.884025148547636
      vertex 27.915819298766927 -21.300000000000004 54.884025148547636
      vertex 27.829038105676656 -19.500000000000004 55.06
    endloop
  endfacet
  facet normal -0.06540312923013057 0 -0.9978589232386044
    outer loop
      vertex 26.529999999999998 -19.500000000000004 55.81
      vertex 26.725789288330073 -21.300000000000004 55.79716729206072
      vertex 26.529999999999998 -21.300000000000004 55.81
    endloop
  endfacet
  facet normal -0.19509032201612278 0 -0.9807852804032315
    outer loop
      vertex 26.725789288330073 -19.500000000000004 55.79716729206072
      vertex 26.918228567653777 -21.300000000000004 55.75888873943361
      vertex 26.725789288330073 -21.300000000000004 55.79716729206072
    endloop
  endfacet
  facet normal -0.3214394653031663 0 -0.946930129495104
    outer loop
      vertex 26.918228567653777 -19.500000000000004 55.75888873943361
      vertex 27.10402514854763 -21.300000000000004 55.695819298766935
      vertex 26.918228567653777 -21.300000000000004 55.75888873943361
    endloop
  endfacet
  facet normal -0.44228869021900924 0 -0.8968727415326845
    outer loop
      vertex 27.10402514854763 -19.500000000000004 55.695819298766935
      vertex 27.279999999999998 -21.300000000000004 55.60903810567666
      vertex 27.10402514854763 -21.300000000000004 55.695819298766935
    endloop
  endfacet
  facet normal -0.5555702330196126 0 -0.8314696123025384
    outer loop
      vertex 27.279999999999998 -19.500000000000004 55.60903810567666
      vertex 27.44314214351308 -21.300000000000004 55.50003001043685
      vertex 27.279999999999998 -21.300000000000004 55.60903810567666
    endloop
  endfacet
  facet normal -0.6593458151000527 0 -0.7518398074789916
    outer loop
      vertex 27.44314214351308 -19.500000000000004 55.50003001043685
      vertex 27.59066017177982 -21.300000000000004 55.370660171779825
      vertex 27.44314214351308 -21.300000000000004 55.50003001043685
    endloop
  endfacet
  facet normal -0.831469612302541 0 -0.5555702330196085
    outer loop
      vertex 27.72003001043685 -19.500000000000004 55.22314214351308
      vertex 27.829038105676656 -21.300000000000004 55.06
      vertex 27.72003001043685 -21.300000000000004 55.22314214351308
    endloop
  endfacet
  facet normal -0.7518398074789905 0 -0.659345815100054
    outer loop
      vertex 27.59066017177982 -19.500000000000004 55.370660171779825
      vertex 27.72003001043685 -21.300000000000004 55.22314214351308
      vertex 27.59066017177982 -21.300000000000004 55.370660171779825
    endloop
  endfacet
  facet normal -0.9978589232386031 3.7784370129964197e-19 -0.06540312923014861
    outer loop
      vertex 28.029999999999998 -21.300000000000004 54.31
      vertex 28.017167292060712 -21.300000000000004 54.50578928833008
      vertex 28.017167292060712 -19.500000000000004 54.50578928833008
    endloop
  endfacet
  facet normal -0.9807852804032322 0 -0.19509032201611928
    outer loop
      vertex 27.9788887394336 -19.500000000000004 54.698228567653786
      vertex 28.017167292060712 -21.300000000000004 54.50578928833008
      vertex 27.9788887394336 -21.300000000000004 54.698228567653786
    endloop
  endfacet
  facet normal -0.9469301294951021 0 -0.3214394653031718
    outer loop
      vertex 27.915819298766927 -19.500000000000004 54.884025148547636
      vertex 27.9788887394336 -21.300000000000004 54.698228567653786
      vertex 27.915819298766927 -21.300000000000004 54.884025148547636
    endloop
  endfacet
  facet normal -0.8968727415326915 0 -0.44228869021899464
    outer loop
      vertex 27.829038105676656 -19.500000000000004 55.06
      vertex 27.915819298766927 -21.300000000000004 54.884025148547636
      vertex 27.829038105676656 -21.300000000000004 55.06
    endloop
  endfacet
  facet normal 0 -0.6593458207943229 0.7518398024852507
    outer loop
      vertex -15.25 -2.078679658472538 34.48867965847254
      vertex -15.25 -2.373715713620186 34.22993997842074
      vertex -7.950000000000003 -2.373715713620186 34.22993997842074
    endloop
  endfacet
  facet normal 0 -0.8314696207458843 0.5555702203832521
    outer loop
      vertex -15.25 -1.601923793554306 35.110000002980236
      vertex -15.25 -1.8199399784207344 34.78371571362019
      vertex -7.950000000000003 -1.8199399784207344 34.78371571362019
    endloop
  endfacet
  facet normal 0 -0.8968727407473451 0.44228869181151964
    outer loop
      vertex -15.25 -1.601923793554306 35.110000002980236
      vertex -7.950000000000003 -1.601923793554306 35.110000002980236
      vertex -15.25 -1.4283614084124565 35.46194970220328
    endloop
  endfacet
  facet normal 0 -0.9469301300366788 0.32143946370773846
    outer loop
      vertex -15.25 -1.4283614084124565 35.46194970220328
      vertex -7.950000000000003 -1.4283614084124565 35.46194970220328
      vertex -15.25 -1.302222527563572 35.83354286462069
    endloop
  endfacet
  facet normal 0 -0.980785279639006 0.1950903258581441
    outer loop
      vertex -15.25 -1.302222527563572 35.83354286462069
      vertex -7.950000000000003 -1.302222527563572 35.83354286462069
      vertex -15.25 -1.225665420293808 36.21842142552138
    endloop
  endfacet
  facet normal 0 -0.997858923008654 0.06540313273849395
    outer loop
      vertex -15.25 -1.225665420293808 36.21842142552138
      vertex -7.950000000000003 -1.225665420293808 36.21842142552138
      vertex -15.25 -1.2000000029802322 36.610000002980236
    endloop
  endfacet
  facet normal 0 -0.7518398024852507 0.6593458207943229
    outer loop
      vertex -15.25 -2.078679658472538 34.48867965847254
      vertex -7.950000000000003 -2.078679658472538 34.48867965847254
      vertex -15.25 -1.8199399784207344 34.78371571362019
    endloop
  endfacet
  facet normal 0 -0.6593458207943229 0.7518398024852507
    outer loop
      vertex -15.25 -2.078679658472538 34.48867965847254
      vertex -7.950000000000003 -2.373715713620186 34.22993997842074
      vertex -7.950000000000003 -2.078679658472538 34.48867965847254
    endloop
  endfacet
  facet normal 0 -0.5555702203832521 0.8314696207458843
    outer loop
      vertex -15.25 -2.373715713620186 34.22993997842074
      vertex -7.950000000000003 -2.7000000029802322 34.01192379355431
      vertex -7.950000000000003 -2.373715713620186 34.22993997842074
    endloop
  endfacet
  facet normal 0 -0.9469301300366788 0.32143946370773846
    outer loop
      vertex -15.25 -1.302222527563572 35.83354286462069
      vertex -7.950000000000003 -1.4283614084124565 35.46194970220328
      vertex -7.950000000000003 -1.302222527563572 35.83354286462069
    endloop
  endfacet
  facet normal 0 -0.8314696207458843 0.5555702203832521
    outer loop
      vertex -15.25 -1.601923793554306 35.110000002980236
      vertex -7.950000000000003 -1.8199399784207344 34.78371571362019
      vertex -7.950000000000003 -1.601923793554306 35.110000002980236
    endloop
  endfacet
  facet normal 0 -0.8968727407473451 0.44228869181151964
    outer loop
      vertex -15.25 -1.4283614084124565 35.46194970220328
      vertex -7.950000000000003 -1.601923793554306 35.110000002980236
      vertex -7.950000000000003 -1.4283614084124565 35.46194970220328
    endloop
  endfacet
  facet normal 0 -0.980785279639006 0.1950903258581441
    outer loop
      vertex -15.25 -1.225665420293808 36.21842142552138
      vertex -7.950000000000003 -1.302222527563572 35.83354286462069
      vertex -7.950000000000003 -1.225665420293808 36.21842142552138
    endloop
  endfacet
  facet normal 0 -0.997858923008654 0.06540313273849395
    outer loop
      vertex -15.25 -1.2000000029802322 36.610000002980236
      vertex -7.950000000000003 -1.225665420293808 36.21842142552138
      vertex -7.950000000000003 -1.2000000029802322 36.610000002980236
    endloop
  endfacet
  facet normal 0 -0.7518398024852507 0.6593458207943229
    outer loop
      vertex -15.25 -1.8199399784207344 34.78371571362019
      vertex -7.950000000000003 -2.078679658472538 34.48867965847254
      vertex -7.950000000000003 -1.8199399784207344 34.78371571362019
    endloop
  endfacet
  facet normal 0 -0.44228869181151964 0.8968727407473451
    outer loop
      vertex -15.25 -2.7000000029802322 34.01192379355431
      vertex -15.25 -3.0519497022032738 33.83836140841246
      vertex -7.950000000000003 -3.0519497022032738 33.83836140841246
    endloop
  endfacet
  facet normal 0 -0.5555702203832521 0.8314696207458843
    outer loop
      vertex -15.25 -2.373715713620186 34.22993997842074
      vertex -15.25 -2.7000000029802322 34.01192379355431
      vertex -7.950000000000003 -2.7000000029802322 34.01192379355431
    endloop
  endfacet
  facet normal 0 -0.32143946370773846 0.9469301300366788
    outer loop
      vertex -15.25 -3.0519497022032738 33.83836140841246
      vertex -15.25 -3.4235428646206856 33.712222527563576
      vertex -7.950000000000003 -3.4235428646206856 33.712222527563576
    endloop
  endfacet
  facet normal 0 -0.1950903258581441 0.980785279639006
    outer loop
      vertex -15.25 -3.4235428646206856 33.712222527563576
      vertex -15.25 -3.8084214255213737 33.63566542029381
      vertex -7.950000000000003 -3.8084214255213737 33.63566542029381
    endloop
  endfacet
  facet normal 0 -0.06540313273849395 0.997858923008654
    outer loop
      vertex -15.25 -3.8084214255213737 33.63566542029381
      vertex -15.25 -4.200000002980232 33.610000002980236
      vertex -7.950000000000003 -4.200000002980232 33.610000002980236
    endloop
  endfacet
  facet normal 0 -0.44228869181151964 0.8968727407473451
    outer loop
      vertex -15.25 -2.7000000029802322 34.01192379355431
      vertex -7.950000000000003 -3.0519497022032738 33.83836140841246
      vertex -7.950000000000003 -2.7000000029802322 34.01192379355431
    endloop
  endfacet
  facet normal 0 -0.32143946370773846 0.9469301300366788
    outer loop
      vertex -15.25 -3.0519497022032738 33.83836140841246
      vertex -7.950000000000003 -3.4235428646206856 33.712222527563576
      vertex -7.950000000000003 -3.0519497022032738 33.83836140841246
    endloop
  endfacet
  facet normal 0 -0.1950903258581441 0.980785279639006
    outer loop
      vertex -15.25 -3.4235428646206856 33.712222527563576
      vertex -7.950000000000003 -3.8084214255213737 33.63566542029381
      vertex -7.950000000000003 -3.4235428646206856 33.712222527563576
    endloop
  endfacet
  facet normal 0 -0.06540313273849395 0.997858923008654
    outer loop
      vertex -15.25 -3.8084214255213737 33.63566542029381
      vertex -7.950000000000003 -4.200000002980232 33.610000002980236
      vertex -7.950000000000003 -3.8084214255213737 33.63566542029381
    endloop
  endfacet
  facet normal 0 0 1
    outer loop
      vertex -15.25 -4.200000002980232 33.610000002980236
      vertex -15.25 -8.799999997019768 33.610000002980236
      vertex -7.950000000000003 -8.799999997019768 33.610000002980236
    endloop
  endfacet
  facet normal 0 0 1
    outer loop
      vertex -15.25 -4.200000002980232 33.610000002980236
      vertex -7.950000000000003 -8.799999997019768 33.610000002980236
      vertex -7.950000000000003 -4.200000002980232 33.610000002980236
    endloop
  endfacet
  facet normal -1 0 0
    outer loop
      vertex -7.950000000000003 -3.4235428646206856 33.712222527563576
      vertex -7.950000000000003 -3.8084214255213737 33.63566542029381
      vertex -7.950000000000003 -4.311771437525749 36.161111261546615
    endloop
  endfacet
  facet normal -1 0 0
    outer loop
      vertex -7.950000000000003 -3.8084214255213737 33.63566542029381
      vertex -7.950000000000003 -4.200000002980232 33.610000002980236
      vertex -7.950000000000003 -4.700000002980232 36.110000002980236
    endloop
  endfacet
  facet normal -1 0 0
    outer loop
      vertex -7.950000000000003 -2.373715713620186 34.22993997842074
      vertex -7.950000000000003 -2.7000000029802322 34.01192379355431
      vertex -7.950000000000003 -3.2000000029802322 37.610000002980236
    endloop
  endfacet
  facet normal -1 0 0
    outer loop
      vertex -7.950000000000003 -2.7000000029802322 34.01192379355431
      vertex -7.950000000000003 -3.0519497022032738 33.83836140841246
      vertex -7.950000000000003 -3.21283271163702 37.4142107179761
    endloop
  endfacet
  facet normal -1 0 0
    outer loop
      vertex -7.950000000000003 -2.7000000029802322 34.01192379355431
      vertex -7.950000000000003 -3.21283271163702 37.4142107179761
      vertex -7.950000000000003 -3.2000000029802322 37.610000002980236
    endloop
  endfacet
  facet normal -1 0 0
    outer loop
      vertex -7.950000000000003 -3.0519497022032738 33.83836140841246
      vertex -7.950000000000003 -3.314180701971054 37.03597485631705
      vertex -7.950000000000003 -3.251111261546612 37.22177143752575
    endloop
  endfacet
  facet normal -1 0 0
    outer loop
      vertex -7.950000000000003 -3.0519497022032738 33.83836140841246
      vertex -7.950000000000003 -3.400961898267269 36.860000002980236
      vertex -7.950000000000003 -3.314180701971054 37.03597485631705
    endloop
  endfacet
  facet normal -1 0 0
    outer loop
      vertex -7.950000000000003 -3.0519497022032738 33.83836140841246
      vertex -7.950000000000003 -3.5099699944257736 36.69685785830021
      vertex -7.950000000000003 -3.400961898267269 36.860000002980236
    endloop
  endfacet
  facet normal -1 0 0
    outer loop
      vertex -7.950000000000003 -3.0519497022032738 33.83836140841246
      vertex -7.950000000000003 -3.251111261546612 37.22177143752575
      vertex -7.950000000000003 -3.21283271163702 37.4142107179761
    endloop
  endfacet
  facet normal -1 0 0
    outer loop
      vertex -7.950000000000003 -3.0519497022032738 33.83836140841246
      vertex -7.950000000000003 -3.4235428646206856 33.712222527563576
      vertex -7.950000000000003 -3.6393398344516754 36.54933983445168
    endloop
  endfacet
  facet normal -1 0 0
    outer loop
      vertex -7.950000000000003 -3.0519497022032738 33.83836140841246
      vertex -7.950000000000003 -3.6393398344516754 36.54933983445168
      vertex -7.950000000000003 -3.5099699944257736 36.69685785830021
    endloop
  endfacet
  facet normal -1 0 0
    outer loop
      vertex -7.950000000000003 -3.4235428646206856 33.712222527563576
      vertex -7.950000000000003 -3.9500000029802322 36.31096189826727
      vertex -7.950000000000003 -3.786857858300209 36.41996999442578
    endloop
  endfacet
  facet normal -1 0 0
    outer loop
      vertex -7.950000000000003 -3.4235428646206856 33.712222527563576
      vertex -7.950000000000003 -3.786857858300209 36.41996999442578
      vertex -7.950000000000003 -3.6393398344516754 36.54933983445168
    endloop
  endfacet
  facet normal -1 0 0
    outer loop
      vertex -7.950000000000003 -3.4235428646206856 33.712222527563576
      vertex -7.950000000000003 -4.125974856317043 36.22418070197106
      vertex -7.950000000000003 -3.9500000029802322 36.31096189826727
    endloop
  endfacet
  facet normal -1 0 0
    outer loop
      vertex -7.950000000000003 -3.4235428646206856 33.712222527563576
      vertex -7.950000000000003 -4.311771437525749 36.161111261546615
      vertex -7.950000000000003 -4.125974856317043 36.22418070197106
    endloop
  endfacet
  facet normal -1 0 0
    outer loop
      vertex -7.950000000000003 -3.8084214255213737 33.63566542029381
      vertex -7.950000000000003 -4.504210717976093 36.122832711637024
      vertex -7.950000000000003 -4.311771437525749 36.161111261546615
    endloop
  endfacet
  facet normal -1 0 0
    outer loop
      vertex -7.950000000000003 -3.8084214255213737 33.63566542029381
      vertex -7.950000000000003 -4.700000002980232 36.110000002980236
      vertex -7.950000000000003 -4.504210717976093 36.122832711637024
    endloop
  endfacet
  facet normal -1 0 0
    outer loop
      vertex -7.950000000000003 -4.200000002980232 33.610000002980236
      vertex -7.950000000000003 -8.799999997019768 33.610000002980236
      vertex -7.950000000000003 -8.299999997019768 36.110000002980236
    endloop
  endfacet
  facet normal -1 0 0
    outer loop
      vertex -7.950000000000003 -4.200000002980232 33.610000002980236
      vertex -7.950000000000003 -8.299999997019768 36.110000002980236
      vertex -7.950000000000003 -4.700000002980232 36.110000002980236
    endloop
  endfacet
  facet normal -1 0 0
    outer loop
      vertex -7.950000000000003 -8.799999997019768 33.610000002980236
      vertex -7.950000000000003 -8.495789282023907 36.122832711637024
      vertex -7.950000000000003 -8.299999997019768 36.110000002980236
    endloop
  endfacet
  facet normal -1 0 0
    outer loop
      vertex -7.950000000000003 -8.799999997019768 33.610000002980236
      vertex -7.950000000000003 -8.68822856247425 36.161111261546615
      vertex -7.950000000000003 -8.495789282023907 36.122832711637024
    endloop
  endfacet
  facet normal -1 0 0
    outer loop
      vertex -7.950000000000003 -8.799999997019768 33.610000002980236
      vertex -7.950000000000003 -8.874025143682957 36.22418070197106
      vertex -7.950000000000003 -8.68822856247425 36.161111261546615
    endloop
  endfacet
  facet normal 0 0.06540313273849395 0.997858923008654
    outer loop
      vertex -15.25 -8.799999997019768 33.610000002980236
      vertex -15.25 -9.191578574478626 33.63566542029381
      vertex -7.950000000000003 -9.191578574478626 33.63566542029381
    endloop
  endfacet
  facet normal 0 0.1950903258581441 0.980785279639006
    outer loop
      vertex -15.25 -9.191578574478626 33.63566542029381
      vertex -15.25 -9.576457135379314 33.712222527563576
      vertex -7.950000000000003 -9.576457135379314 33.712222527563576
    endloop
  endfacet
  facet normal 0 0.32143946370773846 0.9469301300366788
    outer loop
      vertex -15.25 -9.576457135379314 33.712222527563576
      vertex -15.25 -9.948050297796726 33.83836140841246
      vertex -7.950000000000003 -9.948050297796726 33.83836140841246
    endloop
  endfacet
  facet normal 0 0.44228869181151964 0.8968727407473451
    outer loop
      vertex -15.25 -9.948050297796726 33.83836140841246
      vertex -15.25 -10.299999997019768 34.01192379355431
      vertex -7.950000000000003 -10.299999997019768 34.01192379355431
    endloop
  endfacet
  facet normal 0 0.5555702203832521 0.8314696207458843
    outer loop
      vertex -15.25 -10.299999997019768 34.01192379355431
      vertex -15.25 -10.626284286379814 34.22993997842074
      vertex -7.950000000000003 -10.626284286379814 34.22993997842074
    endloop
  endfacet
  facet normal 0 0.6593458207943229 0.7518398024852507
    outer loop
      vertex -15.25 -10.626284286379814 34.22993997842074
      vertex -15.25 -10.921320341527462 34.48867965847254
      vertex -7.950000000000003 -10.921320341527462 34.48867965847254
    endloop
  endfacet
  facet normal 0 0.7518398024852507 0.6593458207943229
    outer loop
      vertex -15.25 -10.921320341527462 34.48867965847254
      vertex -15.25 -11.180060021579266 34.78371571362019
      vertex -7.950000000000003 -11.180060021579266 34.78371571362019
    endloop
  endfacet
  facet normal 0 0.8314696207458843 0.5555702203832521
    outer loop
      vertex -15.25 -11.180060021579266 34.78371571362019
      vertex -15.25 -11.398076206445694 35.110000002980236
      vertex -7.950000000000003 -11.398076206445694 35.110000002980236
    endloop
  endfacet
  facet normal 0 0.8968727407473451 0.44228869181151964
    outer loop
      vertex -15.25 -11.398076206445694 35.110000002980236
      vertex -15.25 -11.571638591587543 35.46194970220328
      vertex -7.950000000000003 -11.571638591587543 35.46194970220328
    endloop
  endfacet
  facet normal 0 0.9469301300366788 0.32143946370773846
    outer loop
      vertex -15.25 -11.571638591587543 35.46194970220328
      vertex -15.25 -11.697777472436428 35.83354286462069
      vertex -7.950000000000003 -11.697777472436428 35.83354286462069
    endloop
  endfacet
  facet normal 0 0.980785279639006 0.1950903258581441
    outer loop
      vertex -15.25 -11.697777472436428 35.83354286462069
      vertex -15.25 -11.774334579706192 36.21842142552138
      vertex -7.950000000000003 -11.774334579706192 36.21842142552138
    endloop
  endfacet
  facet normal 0 0.997858923008654 0.06540313273849395
    outer loop
      vertex -15.25 -11.774334579706192 36.21842142552138
      vertex -15.25 -11.799999997019768 36.610000002980236
      vertex -7.950000000000003 -11.799999997019768 36.610000002980236
    endloop
  endfacet
  facet normal 0 0.06540313273849395 0.997858923008654
    outer loop
      vertex -15.25 -8.799999997019768 33.610000002980236
      vertex -7.950000000000003 -9.191578574478626 33.63566542029381
      vertex -7.950000000000003 -8.799999997019768 33.610000002980236
    endloop
  endfacet
  facet normal 0 0.1950903258581441 0.980785279639006
    outer loop
      vertex -15.25 -9.191578574478626 33.63566542029381
      vertex -7.950000000000003 -9.576457135379314 33.712222527563576
      vertex -7.950000000000003 -9.191578574478626 33.63566542029381
    endloop
  endfacet
  facet normal 0 0.32143946370773846 0.9469301300366788
    outer loop
      vertex -15.25 -9.576457135379314 33.712222527563576
      vertex -7.950000000000003 -9.948050297796726 33.83836140841246
      vertex -7.950000000000003 -9.576457135379314 33.712222527563576
    endloop
  endfacet
  facet normal 0 0.44228869181151964 0.8968727407473451
    outer loop
      vertex -15.25 -9.948050297796726 33.83836140841246
      vertex -7.950000000000003 -10.299999997019768 34.01192379355431
      vertex -7.950000000000003 -9.948050297796726 33.83836140841246
    endloop
  endfacet
  facet normal 0 0.5555702203832521 0.8314696207458843
    outer loop
      vertex -15.25 -10.299999997019768 34.01192379355431
      vertex -7.950000000000003 -10.626284286379814 34.22993997842074
      vertex -7.950000000000003 -10.299999997019768 34.01192379355431
    endloop
  endfacet
  facet normal 0 0.6593458207943229 0.7518398024852507
    outer loop
      vertex -15.25 -10.626284286379814 34.22993997842074
      vertex -7.950000000000003 -10.921320341527462 34.48867965847254
      vertex -7.950000000000003 -10.626284286379814 34.22993997842074
    endloop
  endfacet
  facet normal 0 0.7518398024852507 0.6593458207943229
    outer loop
      vertex -15.25 -10.921320341527462 34.48867965847254
      vertex -7.950000000000003 -11.180060021579266 34.78371571362019
      vertex -7.950000000000003 -10.921320341527462 34.48867965847254
    endloop
  endfacet
  facet normal 0 0.8314696207458843 0.5555702203832521
    outer loop
      vertex -15.25 -11.180060021579266 34.78371571362019
      vertex -7.950000000000003 -11.398076206445694 35.110000002980236
      vertex -7.950000000000003 -11.180060021579266 34.78371571362019
    endloop
  endfacet
  facet normal 0 0.8968727407473451 0.44228869181151964
    outer loop
      vertex -15.25 -11.398076206445694 35.110000002980236
      vertex -7.950000000000003 -11.571638591587543 35.46194970220328
      vertex -7.950000000000003 -11.398076206445694 35.110000002980236
    endloop
  endfacet
  facet normal 0 0.9469301300366788 0.32143946370773846
    outer loop
      vertex -15.25 -11.571638591587543 35.46194970220328
      vertex -7.950000000000003 -11.697777472436428 35.83354286462069
      vertex -7.950000000000003 -11.571638591587543 35.46194970220328
    endloop
  endfacet
  facet normal 0 0.980785279639006 0.1950903258581441
    outer loop
      vertex -15.25 -11.697777472436428 35.83354286462069
      vertex -7.950000000000003 -11.774334579706192 36.21842142552138
      vertex -7.950000000000003 -11.697777472436428 35.83354286462069
    endloop
  endfacet
  facet normal 0 0.997858923008654 0.06540313273849395
    outer loop
      vertex -15.25 -11.774334579706192 36.21842142552138
      vertex -7.950000000000003 -11.799999997019768 36.610000002980236
      vertex -7.950000000000003 -11.774334579706192 36.21842142552138
    endloop
  endfacet
  facet normal -1 0 0
    outer loop
      vertex -7.950000000000003 -8.799999997019768 33.610000002980236
      vertex -7.950000000000003 -9.191578574478626 33.63566542029381
      vertex -7.950000000000003 -9.049999997019768 36.31096189826727
    endloop
  endfacet
  facet normal -1 0 0
    outer loop
      vertex -7.950000000000003 -8.799999997019768 33.610000002980236
      vertex -7.950000000000003 -9.049999997019768 36.31096189826727
      vertex -7.950000000000003 -8.874025143682957 36.22418070197106
    endloop
  endfacet
  facet normal -1 0 0
    outer loop
      vertex -7.950000000000003 -9.191578574478626 33.63566542029381
      vertex -7.950000000000003 -9.213142141699791 36.41996999442578
      vertex -7.950000000000003 -9.049999997019768 36.31096189826727
    endloop
  endfacet
  facet normal -1 0 0
    outer loop
      vertex -7.950000000000003 -9.191578574478626 33.63566542029381
      vertex -7.950000000000003 -9.576457135379314 33.712222527563576
      vertex -7.950000000000003 -9.490030005574226 36.69685785830021
    endloop
  endfacet
  facet normal -1 0 0
    outer loop
      vertex -7.950000000000003 -9.191578574478626 33.63566542029381
      vertex -7.950000000000003 -9.360660165548325 36.54933983445168
      vertex -7.950000000000003 -9.213142141699791 36.41996999442578
    endloop
  endfacet
  facet normal -1 0 0
    outer loop
      vertex -7.950000000000003 -9.191578574478626 33.63566542029381
      vertex -7.950000000000003 -9.490030005574226 36.69685785830021
      vertex -7.950000000000003 -9.360660165548325 36.54933983445168
    endloop
  endfacet
  facet normal -1 0 0
    outer loop
      vertex -7.950000000000003 -9.576457135379314 33.712222527563576
      vertex -7.950000000000003 -9.59903810173273 36.860000002980236
      vertex -7.950000000000003 -9.490030005574226 36.69685785830021
    endloop
  endfacet
  facet normal -1 0 0
    outer loop
      vertex -7.950000000000003 -9.576457135379314 33.712222527563576
      vertex -7.950000000000003 -9.685819298028946 37.03597485631705
      vertex -7.950000000000003 -9.59903810173273 36.860000002980236
    endloop
  endfacet
  facet normal -1 0 0
    outer loop
      vertex -7.950000000000003 -9.576457135379314 33.712222527563576
      vertex -7.950000000000003 -9.748888738453388 37.22177143752575
      vertex -7.950000000000003 -9.685819298028946 37.03597485631705
    endloop
  endfacet
  facet normal -1 0 0
    outer loop
      vertex -7.950000000000003 -9.576457135379314 33.712222527563576
      vertex -7.950000000000003 -9.78716728836298 37.4142107179761
      vertex -7.950000000000003 -9.748888738453388 37.22177143752575
    endloop
  endfacet
  facet normal -1 0 0
    outer loop
      vertex -7.950000000000003 -9.576457135379314 33.712222527563576
      vertex -7.950000000000003 -9.799999997019768 37.610000002980236
      vertex -7.950000000000003 -9.78716728836298 37.4142107179761
    endloop
  endfacet
  facet normal -1 0 0
    outer loop
      vertex -7.950000000000003 -11.697777472436428 35.83354286462069
      vertex -7.950000000000003 -11.774334579706192 36.21842142552138
      vertex -7.950000000000003 -11.799999997019768 36.610000002980236
    endloop
  endfacet
  facet normal 0 -1 0
    outer loop
      vertex -15.25 -1.2000000029802322 36.610000002980236
      vertex -7.950000000000003 -1.2000000029802322 36.610000002980236
      vertex -15.25 -1.2000000029802322 48.610000002980236
    endloop
  endfacet
  facet normal 0 -0.997858923008654 -0.06540313273849395
    outer loop
      vertex -15.25 -1.2000000029802322 48.610000002980236
      vertex -7.950000000000003 -1.2000000029802322 48.610000002980236
      vertex -15.25 -1.225665420293808 49.001578580439094
    endloop
  endfacet
  facet normal 0 -0.980785279639006 -0.1950903258581441
    outer loop
      vertex -15.25 -1.225665420293808 49.001578580439094
      vertex -7.950000000000003 -1.225665420293808 49.001578580439094
      vertex -15.25 -1.302222527563572 49.38645714133978
    endloop
  endfacet
  facet normal 0 -1 0
    outer loop
      vertex -7.950000000000003 -1.2000000029802322 36.610000002980236
      vertex -7.950000000000003 -1.2000000029802322 48.610000002980236
      vertex -15.25 -1.2000000029802322 48.610000002980236
    endloop
  endfacet
  facet normal 0 -0.997858923008654 -0.06540313273849395
    outer loop
      vertex -15.25 -1.225665420293808 49.001578580439094
      vertex -7.950000000000003 -1.2000000029802322 48.610000002980236
      vertex -7.950000000000003 -1.225665420293808 49.001578580439094
    endloop
  endfacet
  facet normal 0 -0.980785279639006 -0.1950903258581441
    outer loop
      vertex -15.25 -1.302222527563572 49.38645714133978
      vertex -7.950000000000003 -1.225665420293808 49.001578580439094
      vertex -7.950000000000003 -1.302222527563572 49.38645714133978
    endloop
  endfacet
  facet normal 0 -0.9469301300366788 -0.32143946370773846
    outer loop
      vertex -15.25 -1.302222527563572 49.38645714133978
      vertex -7.950000000000003 -1.302222527563572 49.38645714133978
      vertex -15.25 -1.4283614084124565 49.758050303757194
    endloop
  endfacet
  facet normal 0 -0.8968727407473451 -0.44228869181151964
    outer loop
      vertex -15.25 -1.4283614084124565 49.758050303757194
      vertex -7.950000000000003 -1.4283614084124565 49.758050303757194
      vertex -15.25 -1.601923793554306 50.110000002980236
    endloop
  endfacet
  facet normal 0 -0.8314696207458843 -0.5555702203832521
    outer loop
      vertex -15.25 -1.601923793554306 50.110000002980236
      vertex -7.950000000000003 -1.601923793554306 50.110000002980236
      vertex -15.25 -1.8199399784207344 50.43628429234028
    endloop
  endfacet
  facet normal 0 -0.7518398024852507 -0.6593458207943229
    outer loop
      vertex -15.25 -1.8199399784207344 50.43628429234028
      vertex -7.950000000000003 -1.8199399784207344 50.43628429234028
      vertex -15.25 -2.078679658472538 50.73132034748793
    endloop
  endfacet
  facet normal 0 -0.6593458207943229 -0.7518398024852507
    outer loop
      vertex -15.25 -2.078679658472538 50.73132034748793
      vertex -7.950000000000003 -2.078679658472538 50.73132034748793
      vertex -15.25 -2.373715713620186 50.990060027539734
    endloop
  endfacet
  facet normal 0 -0.5555702203832521 -0.8314696207458843
    outer loop
      vertex -15.25 -2.373715713620186 50.990060027539734
      vertex -7.950000000000003 -2.373715713620186 50.990060027539734
      vertex -15.25 -2.7000000029802322 51.20807621240616
    endloop
  endfacet
  facet normal 0 -0.9469301300366788 -0.32143946370773846
    outer loop
      vertex -15.25 -1.4283614084124565 49.758050303757194
      vertex -7.950000000000003 -1.302222527563572 49.38645714133978
      vertex -7.950000000000003 -1.4283614084124565 49.758050303757194
    endloop
  endfacet
  facet normal 0 -0.8968727407473451 -0.44228869181151964
    outer loop
      vertex -15.25 -1.601923793554306 50.110000002980236
      vertex -7.950000000000003 -1.4283614084124565 49.758050303757194
      vertex -7.950000000000003 -1.601923793554306 50.110000002980236
    endloop
  endfacet
  facet normal 0 -0.8314696207458843 -0.5555702203832521
    outer loop
      vertex -15.25 -1.8199399784207344 50.43628429234028
      vertex -7.950000000000003 -1.601923793554306 50.110000002980236
      vertex -7.950000000000003 -1.8199399784207344 50.43628429234028
    endloop
  endfacet
  facet normal 0 -0.7518398024852507 -0.6593458207943229
    outer loop
      vertex -15.25 -2.078679658472538 50.73132034748793
      vertex -7.950000000000003 -1.8199399784207344 50.43628429234028
      vertex -7.950000000000003 -2.078679658472538 50.73132034748793
    endloop
  endfacet
  facet normal 0 -0.6593458207943229 -0.7518398024852507
    outer loop
      vertex -15.25 -2.373715713620186 50.990060027539734
      vertex -7.950000000000003 -2.078679658472538 50.73132034748793
      vertex -7.950000000000003 -2.373715713620186 50.990060027539734
    endloop
  endfacet
  facet normal -1 0 0
    outer loop
      vertex -7.950000000000003 -1.302222527563572 35.83354286462069
      vertex -7.950000000000003 -1.601923793554306 50.110000002980236
      vertex -7.950000000000003 -1.225665420293808 36.21842142552138
    endloop
  endfacet
  facet normal -1 0 0
    outer loop
      vertex -7.950000000000003 -1.4283614084124565 35.46194970220328
      vertex -7.950000000000003 -1.8199399784207344 50.43628429234028
      vertex -7.950000000000003 -1.302222527563572 35.83354286462069
    endloop
  endfacet
  facet normal -1 0 0
    outer loop
      vertex -7.950000000000003 -1.601923793554306 35.110000002980236
      vertex -7.950000000000003 -2.078679658472538 50.73132034748793
      vertex -7.950000000000003 -1.4283614084124565 35.46194970220328
    endloop
  endfacet
  facet normal -1 0 0
    outer loop
      vertex -7.950000000000003 -1.225665420293808 36.21842142552138
      vertex -7.950000000000003 -1.4283614084124565 49.758050303757194
      vertex -7.950000000000003 -1.2000000029802322 36.610000002980236
    endloop
  endfacet
  facet normal -1 0 0
    outer loop
      vertex -7.950000000000003 -1.601923793554306 35.110000002980236
      vertex -7.950000000000003 -1.8199399784207344 34.78371571362019
      vertex -7.950000000000003 -2.373715713620186 50.990060027539734
    endloop
  endfacet
  facet normal -1 0 0
    outer loop
      vertex -7.950000000000003 -2.078679658472538 34.48867965847254
      vertex -7.950000000000003 -2.373715713620186 34.22993997842074
      vertex -7.950000000000003 -3.0519497022032738 51.38163859754801
    endloop
  endfacet
  facet normal -1 0 0
    outer loop
      vertex -7.950000000000003 -2.078679658472538 34.48867965847254
      vertex -7.950000000000003 -2.7000000029802322 51.20807621240616
      vertex -7.950000000000003 -1.8199399784207344 34.78371571362019
    endloop
  endfacet
  facet normal -1 0 0
    outer loop
      vertex -7.950000000000003 -1.2000000029802322 36.610000002980236
      vertex -7.950000000000003 -1.302222527563572 49.38645714133978
      vertex -7.950000000000003 -1.2000000029802322 48.610000002980236
    endloop
  endfacet
  facet normal -1 0 0
    outer loop
      vertex -7.950000000000003 -1.2000000029802322 36.610000002980236
      vertex -7.950000000000003 -1.4283614084124565 49.758050303757194
      vertex -7.950000000000003 -1.302222527563572 49.38645714133978
    endloop
  endfacet
  facet normal -1 0 0
    outer loop
      vertex -7.950000000000003 -1.225665420293808 36.21842142552138
      vertex -7.950000000000003 -1.601923793554306 50.110000002980236
      vertex -7.950000000000003 -1.4283614084124565 49.758050303757194
    endloop
  endfacet
  facet normal -1 0 0
    outer loop
      vertex -7.950000000000003 -1.302222527563572 35.83354286462069
      vertex -7.950000000000003 -1.8199399784207344 50.43628429234028
      vertex -7.950000000000003 -1.601923793554306 50.110000002980236
    endloop
  endfacet
  facet normal -1 0 0
    outer loop
      vertex -7.950000000000003 -1.4283614084124565 35.46194970220328
      vertex -7.950000000000003 -2.078679658472538 50.73132034748793
      vertex -7.950000000000003 -1.8199399784207344 50.43628429234028
    endloop
  endfacet
  facet normal -1 0 0
    outer loop
      vertex -7.950000000000003 -1.601923793554306 35.110000002980236
      vertex -7.950000000000003 -2.373715713620186 50.990060027539734
      vertex -7.950000000000003 -2.078679658472538 50.73132034748793
    endloop
  endfacet
  facet normal -1 0 0
    outer loop
      vertex -7.950000000000003 -1.8199399784207344 34.78371571362019
      vertex -7.950000000000003 -2.7000000029802322 51.20807621240616
      vertex -7.950000000000003 -2.373715713620186 50.990060027539734
    endloop
  endfacet
  facet normal -1 0 0
    outer loop
      vertex -7.950000000000003 -1.2000000029802322 48.610000002980236
      vertex -7.950000000000003 -1.302222527563572 49.38645714133978
      vertex -7.950000000000003 -1.225665420293808 49.001578580439094
    endloop
  endfacet
  facet normal 0 -0.44228869181151964 -0.8968727407473451
    outer loop
      vertex -15.25 -2.7000000029802322 51.20807621240616
      vertex -7.950000000000003 -2.7000000029802322 51.20807621240616
      vertex -15.25 -3.0519497022032738 51.38163859754801
    endloop
  endfacet
  facet normal 0 -0.32143946370773846 -0.9469301300366788
    outer loop
      vertex -15.25 -3.0519497022032738 51.38163859754801
      vertex -7.950000000000003 -3.0519497022032738 51.38163859754801
      vertex -15.25 -3.4235428646206856 51.507777478396896
    endloop
  endfacet
  facet normal 0 -0.1950903258581441 -0.980785279639006
    outer loop
      vertex -15.25 -3.4235428646206856 51.507777478396896
      vertex -7.950000000000003 -3.4235428646206856 51.507777478396896
      vertex -15.25 -3.8084214255213737 51.58433458566666
    endloop
  endfacet
  facet normal 0 -0.06540313273849395 -0.997858923008654
    outer loop
      vertex -15.25 -3.8084214255213737 51.58433458566666
      vertex -7.950000000000003 -3.8084214255213737 51.58433458566666
      vertex -15.25 -4.200000002980232 51.610000002980236
    endloop
  endfacet
  facet normal 0 -0.5555702203832521 -0.8314696207458843
    outer loop
      vertex -7.950000000000003 -2.373715713620186 50.990060027539734
      vertex -7.950000000000003 -2.7000000029802322 51.20807621240616
      vertex -15.25 -2.7000000029802322 51.20807621240616
    endloop
  endfacet
  facet normal 0 -0.44228869181151964 -0.8968727407473451
    outer loop
      vertex -15.25 -3.0519497022032738 51.38163859754801
      vertex -7.950000000000003 -2.7000000029802322 51.20807621240616
      vertex -7.950000000000003 -3.0519497022032738 51.38163859754801
    endloop
  endfacet
  facet normal 0 -0.32143946370773846 -0.9469301300366788
    outer loop
      vertex -15.25 -3.4235428646206856 51.507777478396896
      vertex -7.950000000000003 -3.0519497022032738 51.38163859754801
      vertex -7.950000000000003 -3.4235428646206856 51.507777478396896
    endloop
  endfacet
  facet normal 0 -0.1950903258581441 -0.980785279639006
    outer loop
      vertex -15.25 -3.8084214255213737 51.58433458566666
      vertex -7.950000000000003 -3.4235428646206856 51.507777478396896
      vertex -7.950000000000003 -3.8084214255213737 51.58433458566666
    endloop
  endfacet
  facet normal 0 -0.06540313273849395 -0.997858923008654
    outer loop
      vertex -15.25 -4.200000002980232 51.610000002980236
      vertex -7.950000000000003 -3.8084214255213737 51.58433458566666
      vertex -7.950000000000003 -4.200000002980232 51.610000002980236
    endloop
  endfacet
  facet normal 0 0 -1
    outer loop
      vertex -15.25 -4.200000002980232 51.610000002980236
      vertex -7.950000000000003 -4.200000002980232 51.610000002980236
      vertex -15.25 -8.799999997019768 51.610000002980236
    endloop
  endfacet
  facet normal 0 0 -1
    outer loop
      vertex -15.25 -8.799999997019768 51.610000002980236
      vertex -7.950000000000003 -4.200000002980232 51.610000002980236
      vertex -7.950000000000003 -8.799999997019768 51.610000002980236
    endloop
  endfacet
  facet normal -1 0 0
    outer loop
      vertex -7.950000000000003 -2.373715713620186 34.22993997842074
      vertex -7.950000000000003 -3.2000000029802322 37.610000002980236
      vertex -7.950000000000003 -3.2000000029802322 47.610000002980236
    endloop
  endfacet
  facet normal -1 0 0
    outer loop
      vertex -7.950000000000003 -2.373715713620186 34.22993997842074
      vertex -7.950000000000003 -3.2000000029802322 47.610000002980236
      vertex -7.950000000000003 -3.4235428646206856 51.507777478396896
    endloop
  endfacet
  facet normal -1 0 0
    outer loop
      vertex -7.950000000000003 -2.078679658472538 34.48867965847254
      vertex -7.950000000000003 -3.0519497022032738 51.38163859754801
      vertex -7.950000000000003 -2.7000000029802322 51.20807621240616
    endloop
  endfacet
  facet normal -1 0 0
    outer loop
      vertex -7.950000000000003 -2.373715713620186 34.22993997842074
      vertex -7.950000000000003 -3.4235428646206856 51.507777478396896
      vertex -7.950000000000003 -3.0519497022032738 51.38163859754801
    endloop
  endfacet
  facet normal -1 0 0
    outer loop
      vertex -7.950000000000003 -3.2000000029802322 47.610000002980236
      vertex -7.950000000000003 -3.21283271163702 47.805789287984375
      vertex -7.950000000000003 -3.4235428646206856 51.507777478396896
    endloop
  endfacet
  facet normal -1 0 0
    outer loop
      vertex -7.950000000000003 -3.21283271163702 47.805789287984375
      vertex -7.950000000000003 -3.251111261546612 47.99822856843472
      vertex -7.950000000000003 -3.4235428646206856 51.507777478396896
    endloop
  endfacet
  facet normal -1 0 0
    outer loop
      vertex -7.950000000000003 -3.251111261546612 47.99822856843472
      vertex -7.950000000000003 -3.314180701971054 48.184025149643425
      vertex -7.950000000000003 -3.4235428646206856 51.507777478396896
    endloop
  endfacet
  facet normal -1 0 0
    outer loop
      vertex -7.950000000000003 -3.314180701971054 48.184025149643425
      vertex -7.950000000000003 -3.400961898267269 48.360000002980236
      vertex -7.950000000000003 -3.4235428646206856 51.507777478396896
    endloop
  endfacet
  facet normal -1 0 0
    outer loop
      vertex -7.950000000000003 -3.400961898267269 48.360000002980236
      vertex -7.950000000000003 -3.5099699944257736 48.52314214766026
      vertex -7.950000000000003 -3.4235428646206856 51.507777478396896
    endloop
  endfacet
  facet normal -1 0 0
    outer loop
      vertex -7.950000000000003 -3.5099699944257736 48.52314214766026
      vertex -7.950000000000003 -3.6393398344516754 48.67066017150879
      vertex -7.950000000000003 -3.8084214255213737 51.58433458566666
    endloop
  endfacet
  facet normal -1 0 0
    outer loop
      vertex -7.950000000000003 -3.5099699944257736 48.52314214766026
      vertex -7.950000000000003 -3.8084214255213737 51.58433458566666
      vertex -7.950000000000003 -3.4235428646206856 51.507777478396896
    endloop
  endfacet
  facet normal -1 0 0
    outer loop
      vertex -7.950000000000003 -3.6393398344516754 48.67066017150879
      vertex -7.950000000000003 -3.786857858300209 48.800030011534695
      vertex -7.950000000000003 -3.8084214255213737 51.58433458566666
    endloop
  endfacet
  facet normal -1 0 0
    outer loop
      vertex -7.950000000000003 -3.786857858300209 48.800030011534695
      vertex -7.950000000000003 -3.9500000029802322 48.9090381076932
      vertex -7.950000000000003 -3.8084214255213737 51.58433458566666
    endloop
  endfacet
  facet normal -1 0 0
    outer loop
      vertex -7.950000000000003 -3.9500000029802322 48.9090381076932
      vertex -7.950000000000003 -4.125974856317043 48.995819303989414
      vertex -7.950000000000003 -4.200000002980232 51.610000002980236
    endloop
  endfacet
  facet normal -1 0 0
    outer loop
      vertex -7.950000000000003 -3.9500000029802322 48.9090381076932
      vertex -7.950000000000003 -4.200000002980232 51.610000002980236
      vertex -7.950000000000003 -3.8084214255213737 51.58433458566666
    endloop
  endfacet
  facet normal -1 0 0
    outer loop
      vertex -7.950000000000003 -4.125974856317043 48.995819303989414
      vertex -7.950000000000003 -4.311771437525749 49.058888744413856
      vertex -7.950000000000003 -4.200000002980232 51.610000002980236
    endloop
  endfacet
  facet normal -1 0 0
    outer loop
      vertex -7.950000000000003 -4.311771437525749 49.058888744413856
      vertex -7.950000000000003 -4.504210717976093 49.09716729432345
      vertex -7.950000000000003 -4.200000002980232 51.610000002980236
    endloop
  endfacet
  facet normal -1 0 0
    outer loop
      vertex -7.950000000000003 -4.504210717976093 49.09716729432345
      vertex -7.950000000000003 -4.700000002980232 49.110000002980236
      vertex -7.950000000000003 -4.200000002980232 51.610000002980236
    endloop
  endfacet
  facet normal -1 0 0
    outer loop
      vertex -7.950000000000003 -4.700000002980232 49.110000002980236
      vertex -7.950000000000003 -8.799999997019768 51.610000002980236
      vertex -7.950000000000003 -4.200000002980232 51.610000002980236
    endloop
  endfacet
  facet normal -1 0 0
    outer loop
      vertex -7.950000000000003 -4.700000002980232 49.110000002980236
      vertex -7.950000000000003 -8.299999997019768 49.110000002980236
      vertex -7.950000000000003 -8.799999997019768 51.610000002980236
    endloop
  endfacet
  facet normal -1 0 0
    outer loop
      vertex -7.950000000000003 -8.299999997019768 49.110000002980236
      vertex -7.950000000000003 -8.495789282023907 49.09716729432345
      vertex -7.950000000000003 -9.191578574478626 51.58433458566666
    endloop
  endfacet
  facet normal -1 0 0
    outer loop
      vertex -7.950000000000003 -8.495789282023907 49.09716729432345
      vertex -7.950000000000003 -8.68822856247425 49.058888744413856
      vertex -7.950000000000003 -9.191578574478626 51.58433458566666
    endloop
  endfacet
  facet normal -1 0 0
    outer loop
      vertex -7.950000000000003 -8.299999997019768 49.110000002980236
      vertex -7.950000000000003 -9.191578574478626 51.58433458566666
      vertex -7.950000000000003 -8.799999997019768 51.610000002980236
    endloop
  endfacet
  facet normal 0 1 0
    outer loop
      vertex -15.25 -11.799999997019768 36.610000002980236
      vertex -15.25 -11.799999997019768 48.610000002980236
      vertex -7.950000000000003 -11.799999997019768 48.610000002980236
    endloop
  endfacet
  facet normal 0 0.980785279639006 -0.1950903258581441
    outer loop
      vertex -15.25 -11.774334579706192 49.001578580439094
      vertex -15.25 -11.697777472436428 49.38645714133978
      vertex -7.950000000000003 -11.697777472436428 49.38645714133978
    endloop
  endfacet
  facet normal 0 0.997858923008654 -0.06540313273849395
    outer loop
      vertex -15.25 -11.799999997019768 48.610000002980236
      vertex -15.25 -11.774334579706192 49.001578580439094
      vertex -7.950000000000003 -11.774334579706192 49.001578580439094
    endloop
  endfacet
  facet normal 0 1 0
    outer loop
      vertex -15.25 -11.799999997019768 36.610000002980236
      vertex -7.950000000000003 -11.799999997019768 48.610000002980236
      vertex -7.950000000000003 -11.799999997019768 36.610000002980236
    endloop
  endfacet
  facet normal 0 0.997858923008654 -0.06540313273849395
    outer loop
      vertex -15.25 -11.799999997019768 48.610000002980236
      vertex -7.950000000000003 -11.774334579706192 49.001578580439094
      vertex -7.950000000000003 -11.799999997019768 48.610000002980236
    endloop
  endfacet
  facet normal 0 0.980785279639006 -0.1950903258581441
    outer loop
      vertex -15.25 -11.774334579706192 49.001578580439094
      vertex -7.950000000000003 -11.697777472436428 49.38645714133978
      vertex -7.950000000000003 -11.774334579706192 49.001578580439094
    endloop
  endfacet
  facet normal 0 0.06540313273849395 -0.997858923008654
    outer loop
      vertex -15.25 -8.799999997019768 51.610000002980236
      vertex -7.950000000000003 -8.799999997019768 51.610000002980236
      vertex -15.25 -9.191578574478626 51.58433458566666
    endloop
  endfacet
  facet normal 0 0.1950903258581441 -0.980785279639006
    outer loop
      vertex -15.25 -9.191578574478626 51.58433458566666
      vertex -7.950000000000003 -9.191578574478626 51.58433458566666
      vertex -15.25 -9.576457135379314 51.507777478396896
    endloop
  endfacet
  facet normal 0 0.32143946370773846 -0.9469301300366788
    outer loop
      vertex -15.25 -9.576457135379314 51.507777478396896
      vertex -7.950000000000003 -9.576457135379314 51.507777478396896
      vertex -15.25 -9.948050297796726 51.38163859754801
    endloop
  endfacet
  facet normal 0 0.44228869181151964 -0.8968727407473451
    outer loop
      vertex -15.25 -9.948050297796726 51.38163859754801
      vertex -7.950000000000003 -9.948050297796726 51.38163859754801
      vertex -15.25 -10.299999997019768 51.20807621240616
    endloop
  endfacet
  facet normal 0 0.5555702203832521 -0.8314696207458843
    outer loop
      vertex -15.25 -10.299999997019768 51.20807621240616
      vertex -7.950000000000003 -10.299999997019768 51.20807621240616
      vertex -15.25 -10.626284286379814 50.990060027539734
    endloop
  endfacet
  facet normal 0 0.6593458207943229 -0.7518398024852507
    outer loop
      vertex -15.25 -10.626284286379814 50.990060027539734
      vertex -7.950000000000003 -10.626284286379814 50.990060027539734
      vertex -15.25 -10.921320341527462 50.73132034748793
    endloop
  endfacet
  facet normal 0 0.7518398024852507 -0.6593458207943229
    outer loop
      vertex -15.25 -10.921320341527462 50.73132034748793
      vertex -7.950000000000003 -10.921320341527462 50.73132034748793
      vertex -15.25 -11.180060021579266 50.43628429234028
    endloop
  endfacet
  facet normal 0 0.8314696207458843 -0.5555702203832521
    outer loop
      vertex -15.25 -11.180060021579266 50.43628429234028
      vertex -7.950000000000003 -11.180060021579266 50.43628429234028
      vertex -15.25 -11.398076206445694 50.110000002980236
    endloop
  endfacet
  facet normal 0 0.8968727407473451 -0.44228869181151964
    outer loop
      vertex -15.25 -11.398076206445694 50.110000002980236
      vertex -7.950000000000003 -11.398076206445694 50.110000002980236
      vertex -15.25 -11.571638591587543 49.758050303757194
    endloop
  endfacet
  facet normal 0 0.9469301300366788 -0.32143946370773846
    outer loop
      vertex -15.25 -11.697777472436428 49.38645714133978
      vertex -15.25 -11.571638591587543 49.758050303757194
      vertex -7.950000000000003 -11.571638591587543 49.758050303757194
    endloop
  endfacet
  facet normal 0 0.06540313273849395 -0.997858923008654
    outer loop
      vertex -7.950000000000003 -8.799999997019768 51.610000002980236
      vertex -7.950000000000003 -9.191578574478626 51.58433458566666
      vertex -15.25 -9.191578574478626 51.58433458566666
    endloop
  endfacet
  facet normal 0 0.1950903258581441 -0.980785279639006
    outer loop
      vertex -15.25 -9.576457135379314 51.507777478396896
      vertex -7.950000000000003 -9.191578574478626 51.58433458566666
      vertex -7.950000000000003 -9.576457135379314 51.507777478396896
    endloop
  endfacet
  facet normal 0 0.32143946370773846 -0.9469301300366788
    outer loop
      vertex -15.25 -9.948050297796726 51.38163859754801
      vertex -7.950000000000003 -9.576457135379314 51.507777478396896
      vertex -7.950000000000003 -9.948050297796726 51.38163859754801
    endloop
  endfacet
  facet normal 0 0.44228869181151964 -0.8968727407473451
    outer loop
      vertex -15.25 -10.299999997019768 51.20807621240616
      vertex -7.950000000000003 -9.948050297796726 51.38163859754801
      vertex -7.950000000000003 -10.299999997019768 51.20807621240616
    endloop
  endfacet
  facet normal 0 0.7518398024852507 -0.6593458207943229
    outer loop
      vertex -15.25 -11.180060021579266 50.43628429234028
      vertex -7.950000000000003 -10.921320341527462 50.73132034748793
      vertex -7.950000000000003 -11.180060021579266 50.43628429234028
    endloop
  endfacet
  facet normal 0 0.5555702203832521 -0.8314696207458843
    outer loop
      vertex -15.25 -10.626284286379814 50.990060027539734
      vertex -7.950000000000003 -10.299999997019768 51.20807621240616
      vertex -7.950000000000003 -10.626284286379814 50.990060027539734
    endloop
  endfacet
  facet normal 0 0.6593458207943229 -0.7518398024852507
    outer loop
      vertex -15.25 -10.921320341527462 50.73132034748793
      vertex -7.950000000000003 -10.626284286379814 50.990060027539734
      vertex -7.950000000000003 -10.921320341527462 50.73132034748793
    endloop
  endfacet
  facet normal 0 0.8968727407473451 -0.44228869181151964
    outer loop
      vertex -15.25 -11.571638591587543 49.758050303757194
      vertex -7.950000000000003 -11.398076206445694 50.110000002980236
      vertex -7.950000000000003 -11.571638591587543 49.758050303757194
    endloop
  endfacet
  facet normal 0 0.8314696207458843 -0.5555702203832521
    outer loop
      vertex -15.25 -11.398076206445694 50.110000002980236
      vertex -7.950000000000003 -11.180060021579266 50.43628429234028
      vertex -7.950000000000003 -11.398076206445694 50.110000002980236
    endloop
  endfacet
  facet normal 0 0.9469301300366788 -0.32143946370773846
    outer loop
      vertex -15.25 -11.697777472436428 49.38645714133978
      vertex -7.950000000000003 -11.571638591587543 49.758050303757194
      vertex -7.950000000000003 -11.697777472436428 49.38645714133978
    endloop
  endfacet
  facet normal -1 0 0
    outer loop
      vertex -7.950000000000003 -9.576457135379314 33.712222527563576
      vertex -7.950000000000003 -9.948050297796726 33.83836140841246
      vertex -7.950000000000003 -10.626284286379814 50.990060027539734
    endloop
  endfacet
  facet normal -1 0 0
    outer loop
      vertex -7.950000000000003 -9.576457135379314 33.712222527563576
      vertex -7.950000000000003 -10.626284286379814 50.990060027539734
      vertex -7.950000000000003 -9.799999997019768 37.610000002980236
    endloop
  endfacet
  facet normal -1 0 0
    outer loop
      vertex -7.950000000000003 -9.948050297796726 33.83836140841246
      vertex -7.950000000000003 -10.299999997019768 34.01192379355431
      vertex -7.950000000000003 -10.921320341527462 50.73132034748793
    endloop
  endfacet
  facet normal -1 0 0
    outer loop
      vertex -7.950000000000003 -10.299999997019768 34.01192379355431
      vertex -7.950000000000003 -10.626284286379814 34.22993997842074
      vertex -7.950000000000003 -11.180060021579266 50.43628429234028
    endloop
  endfacet
  facet normal -1 0 0
    outer loop
      vertex -7.950000000000003 -10.626284286379814 34.22993997842074
      vertex -7.950000000000003 -10.921320341527462 34.48867965847254
      vertex -7.950000000000003 -11.398076206445694 50.110000002980236
    endloop
  endfacet
  facet normal -1 0 0
    outer loop
      vertex -7.950000000000003 -10.921320341527462 34.48867965847254
      vertex -7.950000000000003 -11.180060021579266 34.78371571362019
      vertex -7.950000000000003 -11.571638591587543 49.758050303757194
    endloop
  endfacet
  facet normal -1 0 0
    outer loop
      vertex -7.950000000000003 -11.180060021579266 34.78371571362019
      vertex -7.950000000000003 -11.398076206445694 35.110000002980236
      vertex -7.950000000000003 -11.697777472436428 49.38645714133978
    endloop
  endfacet
  facet normal -1 0 0
    outer loop
      vertex -7.950000000000003 -11.398076206445694 35.110000002980236
      vertex -7.950000000000003 -11.571638591587543 35.46194970220328
      vertex -7.950000000000003 -11.774334579706192 49.001578580439094
    endloop
  endfacet
  facet normal -1 0 0
    outer loop
      vertex -7.950000000000003 -11.571638591587543 35.46194970220328
      vertex -7.950000000000003 -11.697777472436428 35.83354286462069
      vertex -7.950000000000003 -11.799999997019768 48.610000002980236
    endloop
  endfacet
  facet normal -1 0 0
    outer loop
      vertex -7.950000000000003 -11.697777472436428 35.83354286462069
      vertex -7.950000000000003 -11.799999997019768 36.610000002980236
      vertex -7.950000000000003 -11.799999997019768 48.610000002980236
    endloop
  endfacet
  facet normal -1 0 0
    outer loop
      vertex -7.950000000000003 -11.571638591587543 35.46194970220328
      vertex -7.950000000000003 -11.799999997019768 48.610000002980236
      vertex -7.950000000000003 -11.774334579706192 49.001578580439094
    endloop
  endfacet
  facet normal -1 0 0
    outer loop
      vertex -7.950000000000003 -9.799999997019768 37.610000002980236
      vertex -7.950000000000003 -10.626284286379814 50.990060027539734
      vertex -7.950000000000003 -9.799999997019768 47.610000002980236
    endloop
  endfacet
  facet normal -1 0 0
    outer loop
      vertex -7.950000000000003 -9.59903810173273 48.360000002980236
      vertex -7.950000000000003 -9.685819298028946 48.184025149643425
      vertex -7.950000000000003 -9.948050297796726 51.38163859754801
    endloop
  endfacet
  facet normal -1 0 0
    outer loop
      vertex -7.950000000000003 -9.748888738453388 47.99822856843472
      vertex -7.950000000000003 -9.78716728836298 47.805789287984375
      vertex -7.950000000000003 -9.948050297796726 51.38163859754801
    endloop
  endfacet
  facet normal -1 0 0
    outer loop
      vertex -7.950000000000003 -9.799999997019768 47.610000002980236
      vertex -7.950000000000003 -10.299999997019768 51.20807621240616
      vertex -7.950000000000003 -9.78716728836298 47.805789287984375
    endloop
  endfacet
  facet normal -1 0 0
    outer loop
      vertex -7.950000000000003 -9.748888738453388 47.99822856843472
      vertex -7.950000000000003 -9.948050297796726 51.38163859754801
      vertex -7.950000000000003 -9.685819298028946 48.184025149643425
    endloop
  endfacet
  facet normal -1 0 0
    outer loop
      vertex -7.950000000000003 -9.948050297796726 33.83836140841246
      vertex -7.950000000000003 -10.921320341527462 50.73132034748793
      vertex -7.950000000000003 -10.626284286379814 50.990060027539734
    endloop
  endfacet
  facet normal -1 0 0
    outer loop
      vertex -7.950000000000003 -10.626284286379814 34.22993997842074
      vertex -7.950000000000003 -11.398076206445694 50.110000002980236
      vertex -7.950000000000003 -11.180060021579266 50.43628429234028
    endloop
  endfacet
  facet normal -1 0 0
    outer loop
      vertex -7.950000000000003 -10.299999997019768 34.01192379355431
      vertex -7.950000000000003 -11.180060021579266 50.43628429234028
      vertex -7.950000000000003 -10.921320341527462 50.73132034748793
    endloop
  endfacet
  facet normal -1 0 0
    outer loop
      vertex -7.950000000000003 -10.921320341527462 34.48867965847254
      vertex -7.950000000000003 -11.571638591587543 49.758050303757194
      vertex -7.950000000000003 -11.398076206445694 50.110000002980236
    endloop
  endfacet
  facet normal -1 0 0
    outer loop
      vertex -7.950000000000003 -11.180060021579266 34.78371571362019
      vertex -7.950000000000003 -11.697777472436428 49.38645714133978
      vertex -7.950000000000003 -11.571638591587543 49.758050303757194
    endloop
  endfacet
  facet normal -1 0 0
    outer loop
      vertex -7.950000000000003 -11.398076206445694 35.110000002980236
      vertex -7.950000000000003 -11.774334579706192 49.001578580439094
      vertex -7.950000000000003 -11.697777472436428 49.38645714133978
    endloop
  endfacet
  facet normal -1 0 0
    outer loop
      vertex -7.950000000000003 -8.68822856247425 49.058888744413856
      vertex -7.950000000000003 -8.874025143682957 48.995819303989414
      vertex -7.950000000000003 -9.576457135379314 51.507777478396896
    endloop
  endfacet
  facet normal -1 0 0
    outer loop
      vertex -7.950000000000003 -8.874025143682957 48.995819303989414
      vertex -7.950000000000003 -9.049999997019768 48.9090381076932
      vertex -7.950000000000003 -9.576457135379314 51.507777478396896
    endloop
  endfacet
  facet normal -1 0 0
    outer loop
      vertex -7.950000000000003 -9.360660165548325 48.67066017150879
      vertex -7.950000000000003 -9.576457135379314 51.507777478396896
      vertex -7.950000000000003 -9.213142141699791 48.800030011534695
    endloop
  endfacet
  facet normal -1 0 0
    outer loop
      vertex -7.950000000000003 -9.049999997019768 48.9090381076932
      vertex -7.950000000000003 -9.213142141699791 48.800030011534695
      vertex -7.950000000000003 -9.576457135379314 51.507777478396896
    endloop
  endfacet
  facet normal -1 0 0
    outer loop
      vertex -7.950000000000003 -8.68822856247425 49.058888744413856
      vertex -7.950000000000003 -9.576457135379314 51.507777478396896
      vertex -7.950000000000003 -9.191578574478626 51.58433458566666
    endloop
  endfacet
  facet normal -1 0 0
    outer loop
      vertex -7.950000000000003 -9.360660165548325 48.67066017150879
      vertex -7.950000000000003 -9.490030005574226 48.52314214766026
      vertex -7.950000000000003 -9.948050297796726 51.38163859754801
    endloop
  endfacet
  facet normal -1 0 0
    outer loop
      vertex -7.950000000000003 -9.490030005574226 48.52314214766026
      vertex -7.950000000000003 -9.59903810173273 48.360000002980236
      vertex -7.950000000000003 -9.948050297796726 51.38163859754801
    endloop
  endfacet
  facet normal -1 0 0
    outer loop
      vertex -7.950000000000003 -9.360660165548325 48.67066017150879
      vertex -7.950000000000003 -9.948050297796726 51.38163859754801
      vertex -7.950000000000003 -9.576457135379314 51.507777478396896
    endloop
  endfacet
  facet normal -1 0 0
    outer loop
      vertex -7.950000000000003 -9.799999997019768 47.610000002980236
      vertex -7.950000000000003 -10.626284286379814 50.990060027539734
      vertex -7.950000000000003 -10.299999997019768 51.20807621240616
    endloop
  endfacet
  facet normal -1 0 0
    outer loop
      vertex -7.950000000000003 -9.78716728836298 47.805789287984375
      vertex -7.950000000000003 -10.299999997019768 51.20807621240616
      vertex -7.950000000000003 -9.948050297796726 51.38163859754801
    endloop
  endfacet
  facet normal 1 0 0
    outer loop
      vertex 35.45 -2.4283614084124565 42.41194969773293
      vertex 35.45 -2.302222527563572 42.78354286015034
      vertex 35.45 -2.8199399784207344 55.386284287869934
    endloop
  endfacet
  facet normal 1 0 0
    outer loop
      vertex 35.45 -2.225665420293808 43.16842142105103
      vertex 35.45 -2.2000000029802322 43.55999999850989
      vertex 35.45 -2.4283614084124565 54.708050299286846
    endloop
  endfacet
  facet normal 1 0 0
    outer loop
      vertex 35.45 -2.302222527563572 42.78354286015034
      vertex 35.45 -2.225665420293808 43.16842142105103
      vertex 35.45 -2.601923793554306 55.05999999850989
    endloop
  endfacet
  facet normal 1 0 0
    outer loop
      vertex 35.45 -2.2000000029802322 43.55999999850989
      vertex 35.45 -2.2000000029802322 53.55999999850989
      vertex 35.45 -2.302222527563572 54.336457136869434
    endloop
  endfacet
  facet normal 1 0 0
    outer loop
      vertex 35.45 -2.2000000029802322 43.55999999850989
      vertex 35.45 -2.302222527563572 54.336457136869434
      vertex 35.45 -2.4283614084124565 54.708050299286846
    endloop
  endfacet
  facet normal 1 0 0
    outer loop
      vertex 35.45 -2.225665420293808 43.16842142105103
      vertex 35.45 -2.4283614084124565 54.708050299286846
      vertex 35.45 -2.601923793554306 55.05999999850989
    endloop
  endfacet
  facet normal 1 0 0
    outer loop
      vertex 35.45 -2.2000000029802322 53.55999999850989
      vertex 35.45 -2.225665420293808 53.951578575968746
      vertex 35.45 -2.302222527563572 54.336457136869434
    endloop
  endfacet
  facet normal 0 -0.8968727407473451 0.44228869181151964
    outer loop
      vertex 35.45 -2.4283614084124565 42.41194969773293
      vertex 35.45 -2.601923793554306 42.05999999850989
      vertex 42.75 -2.601923793554306 42.05999999850989
    endloop
  endfacet
  facet normal 0 -0.9469301300366788 0.32143946370773846
    outer loop
      vertex 35.45 -2.4283614084124565 42.41194969773293
      vertex 42.75 -2.4283614084124565 42.41194969773293
      vertex 35.45 -2.302222527563572 42.78354286015034
    endloop
  endfacet
  facet normal 0 -0.980785279639006 0.1950903258581441
    outer loop
      vertex 35.45 -2.302222527563572 42.78354286015034
      vertex 42.75 -2.302222527563572 42.78354286015034
      vertex 35.45 -2.225665420293808 43.16842142105103
    endloop
  endfacet
  facet normal 0 -0.997858923008654 0.06540313273849395
    outer loop
      vertex 35.45 -2.225665420293808 43.16842142105103
      vertex 42.75 -2.225665420293808 43.16842142105103
      vertex 35.45 -2.2000000029802322 43.55999999850989
    endloop
  endfacet
  facet normal 0 -1 0
    outer loop
      vertex 35.45 -2.2000000029802322 43.55999999850989
      vertex 42.75 -2.2000000029802322 43.55999999850989
      vertex 35.45 -2.2000000029802322 53.55999999850989
    endloop
  endfacet
  facet normal 0 -0.8968727407473451 0.44228869181151964
    outer loop
      vertex 35.45 -2.4283614084124565 42.41194969773293
      vertex 42.75 -2.601923793554306 42.05999999850989
      vertex 42.75 -2.4283614084124565 42.41194969773293
    endloop
  endfacet
  facet normal 0 -0.9469301300366788 0.32143946370773846
    outer loop
      vertex 35.45 -2.302222527563572 42.78354286015034
      vertex 42.75 -2.4283614084124565 42.41194969773293
      vertex 42.75 -2.302222527563572 42.78354286015034
    endloop
  endfacet
  facet normal 0 -0.980785279639006 0.1950903258581441
    outer loop
      vertex 35.45 -2.225665420293808 43.16842142105103
      vertex 42.75 -2.302222527563572 42.78354286015034
      vertex 42.75 -2.225665420293808 43.16842142105103
    endloop
  endfacet
  facet normal 0 -0.997858923008654 0.06540313273849395
    outer loop
      vertex 35.45 -2.2000000029802322 43.55999999850989
      vertex 42.75 -2.225665420293808 43.16842142105103
      vertex 42.75 -2.2000000029802322 43.55999999850989
    endloop
  endfacet
  facet normal 0 -0.997858923008654 -0.06540313273849395
    outer loop
      vertex 35.45 -2.2000000029802322 53.55999999850989
      vertex 42.75 -2.2000000029802322 53.55999999850989
      vertex 35.45 -2.225665420293808 53.951578575968746
    endloop
  endfacet
  facet normal 0 -0.980785279639006 -0.1950903258581441
    outer loop
      vertex 35.45 -2.225665420293808 53.951578575968746
      vertex 42.75 -2.225665420293808 53.951578575968746
      vertex 35.45 -2.302222527563572 54.336457136869434
    endloop
  endfacet
  facet normal 0 -0.9469301300366788 -0.32143946370773846
    outer loop
      vertex 35.45 -2.302222527563572 54.336457136869434
      vertex 42.75 -2.302222527563572 54.336457136869434
      vertex 35.45 -2.4283614084124565 54.708050299286846
    endloop
  endfacet
  facet normal 0 -0.8968727407473451 -0.44228869181151964
    outer loop
      vertex 35.45 -2.4283614084124565 54.708050299286846
      vertex 42.75 -2.4283614084124565 54.708050299286846
      vertex 35.45 -2.601923793554306 55.05999999850989
    endloop
  endfacet
  facet normal 0 -1 0
    outer loop
      vertex 35.45 -2.2000000029802322 53.55999999850989
      vertex 42.75 -2.2000000029802322 43.55999999850989
      vertex 42.75 -2.2000000029802322 53.55999999850989
    endloop
  endfacet
  facet normal 0 -0.997858923008654 -0.06540313273849395
    outer loop
      vertex 35.45 -2.225665420293808 53.951578575968746
      vertex 42.75 -2.2000000029802322 53.55999999850989
      vertex 42.75 -2.225665420293808 53.951578575968746
    endloop
  endfacet
  facet normal 0 -0.980785279639006 -0.1950903258581441
    outer loop
      vertex 35.45 -2.302222527563572 54.336457136869434
      vertex 42.75 -2.225665420293808 53.951578575968746
      vertex 42.75 -2.302222527563572 54.336457136869434
    endloop
  endfacet
  facet normal 0 -0.9469301300366788 -0.32143946370773846
    outer loop
      vertex 35.45 -2.4283614084124565 54.708050299286846
      vertex 42.75 -2.302222527563572 54.336457136869434
      vertex 42.75 -2.4283614084124565 54.708050299286846
    endloop
  endfacet
  facet normal 0 -0.8968727407473451 -0.44228869181151964
    outer loop
      vertex 42.75 -2.4283614084124565 54.708050299286846
      vertex 42.75 -2.601923793554306 55.05999999850989
      vertex 35.45 -2.601923793554306 55.05999999850989
    endloop
  endfacet
  facet normal 1 0 0
    outer loop
      vertex 35.45 -3.7000000029802322 40.96192378908396
      vertex 35.45 -4.21711028367281 44.798947613537315
      vertex 35.45 -4.051949702203274 40.78836140394211
    endloop
  endfacet
  facet normal 1 0 0
    outer loop
      vertex 35.45 -3.7000000029802322 40.96192378908396
      vertex 35.45 -4.200000002980232 45.05999999850989
      vertex 35.45 -4.21711028367281 44.798947613537315
    endloop
  endfacet
  facet normal 1 0 0
    outer loop
      vertex 35.45 -4.051949702203274 40.78836140394211
      vertex 35.45 -4.467949196696281 44.05999999850989
      vertex 35.45 -4.423542864620686 40.66222252309323
    endloop
  endfacet
  facet normal 1 0 0
    outer loop
      vertex 35.45 -4.423542864620686 40.66222252309323
      vertex 35.45 -5.682361915707588 43.12814834326506
      vertex 35.45 -4.808421425521374 40.58566541582346
    endloop
  endfacet
  facet normal 1 0 0
    outer loop
      vertex 35.45 -4.808421425521374 40.58566541582346
      vertex 35.45 -6.200000002980232 43.05999999850989
      vertex 35.45 -5.200000002980232 40.55999999850989
    endloop
  endfacet
  facet normal 1 0 0
    outer loop
      vertex 35.45 -4.051949702203274 40.78836140394211
      vertex 35.45 -4.352240934967995 44.29463313132525
      vertex 35.45 -4.467949196696281 44.05999999850989
    endloop
  endfacet
  facet normal 1 0 0
    outer loop
      vertex 35.45 -4.423542864620686 40.66222252309323
      vertex 35.45 -4.467949196696281 44.05999999850989
      vertex 35.45 -4.613293319940567 43.84247713893652
    endloop
  endfacet
  facet normal 1 0 0
    outer loop
      vertex 35.45 -4.423542864620686 40.66222252309323
      vertex 35.45 -4.982477143406868 43.47329331547022
      vertex 35.45 -5.200000002980232 43.32794919222594
    endloop
  endfacet
  facet normal 1 0 0
    outer loop
      vertex 35.45 -4.423542864620686 40.66222252309323
      vertex 35.45 -4.613293319940567 43.84247713893652
      vertex 35.45 -4.78578644245863 43.645786437988285
    endloop
  endfacet
  facet normal 1 0 0
    outer loop
      vertex 35.45 -4.423542864620686 40.66222252309323
      vertex 35.45 -4.78578644245863 43.645786437988285
      vertex 35.45 -4.982477143406868 43.47329331547022
    endloop
  endfacet
  facet normal 1 0 0
    outer loop
      vertex 35.45 -4.051949702203274 40.78836140394211
      vertex 35.45 -4.21711028367281 44.798947613537315
      vertex 35.45 -4.268148347735405 44.54236191123724
    endloop
  endfacet
  facet normal 1 0 0
    outer loop
      vertex 35.45 -4.051949702203274 40.78836140394211
      vertex 35.45 -4.268148347735405 44.54236191123724
      vertex 35.45 -4.352240934967995 44.29463313132525
    endloop
  endfacet
  facet normal 1 0 0
    outer loop
      vertex 35.45 -4.423542864620686 40.66222252309323
      vertex 35.45 -5.200000002980232 43.32794919222594
      vertex 35.45 -5.434633135795593 43.21224093049765
    endloop
  endfacet
  facet normal 1 0 0
    outer loop
      vertex 35.45 -4.423542864620686 40.66222252309323
      vertex 35.45 -5.434633135795593 43.21224093049765
      vertex 35.45 -5.682361915707588 43.12814834326506
    endloop
  endfacet
  facet normal 1 0 0
    outer loop
      vertex 35.45 -4.808421425521374 40.58566541582346
      vertex 35.45 -5.682361915707588 43.12814834326506
      vertex 35.45 -5.93894761800766 43.077110279202465
    endloop
  endfacet
  facet normal 1 0 0
    outer loop
      vertex 35.45 -4.808421425521374 40.58566541582346
      vertex 35.45 -5.93894761800766 43.077110279202465
      vertex 35.45 -6.200000002980232 43.05999999850989
    endloop
  endfacet
  facet normal 1 0 0
    outer loop
      vertex 35.45 -2.4283614084124565 42.41194969773293
      vertex 35.45 -3.078679658472538 55.68132034301758
      vertex 35.45 -2.601923793554306 42.05999999850989
    endloop
  endfacet
  facet normal 1 0 0
    outer loop
      vertex 35.45 -2.8199399784207344 41.73371570914984
      vertex 35.45 -2.601923793554306 42.05999999850989
      vertex 35.45 -3.373715713620186 55.940060023069385
    endloop
  endfacet
  facet normal 1 0 0
    outer loop
      vertex 35.45 -2.8199399784207344 41.73371570914984
      vertex 35.45 -3.7000000029802322 56.158076207935814
      vertex 35.45 -3.078679658472538 41.43867965400219
    endloop
  endfacet
  facet normal 1 0 0
    outer loop
      vertex 35.45 -3.373715713620186 41.17993997395039
      vertex 35.45 -4.200000002980232 52.05999999850989
      vertex 35.45 -3.7000000029802322 40.96192378908396
    endloop
  endfacet
  facet normal 1 0 0
    outer loop
      vertex 35.45 -3.078679658472538 41.43867965400219
      vertex 35.45 -4.051949702203274 56.33163859307766
      vertex 35.45 -3.373715713620186 41.17993997395039
    endloop
  endfacet
  facet normal 1 0 0
    outer loop
      vertex 35.45 -3.7000000029802322 40.96192378908396
      vertex 35.45 -4.200000002980232 52.05999999850989
      vertex 35.45 -4.200000002980232 45.05999999850989
    endloop
  endfacet
  facet normal 1 0 0
    outer loop
      vertex 35.45 -3.373715713620186 41.17993997395039
      vertex 35.45 -4.21711028367281 52.32105238348246
      vertex 35.45 -4.200000002980232 52.05999999850989
    endloop
  endfacet
  facet normal 1 0 0
    outer loop
      vertex 35.45 -5.200000002980232 40.55999999850989
      vertex 35.45 -6.200000002980232 43.05999999850989
      vertex 35.45 -13.600000001490116 40.55999999850989
    endloop
  endfacet
  facet normal 1 0 0
    outer loop
      vertex 35.45 -2.302222527563572 42.78354286015034
      vertex 35.45 -2.601923793554306 55.05999999850989
      vertex 35.45 -2.8199399784207344 55.386284287869934
    endloop
  endfacet
  facet normal 1 0 0
    outer loop
      vertex 35.45 -2.4283614084124565 42.41194969773293
      vertex 35.45 -2.8199399784207344 55.386284287869934
      vertex 35.45 -3.078679658472538 55.68132034301758
    endloop
  endfacet
  facet normal 1 0 0
    outer loop
      vertex 35.45 -2.601923793554306 42.05999999850989
      vertex 35.45 -3.078679658472538 55.68132034301758
      vertex 35.45 -3.373715713620186 55.940060023069385
    endloop
  endfacet
  facet normal 1 0 0
    outer loop
      vertex 35.45 -2.8199399784207344 41.73371570914984
      vertex 35.45 -3.373715713620186 55.940060023069385
      vertex 35.45 -3.7000000029802322 56.158076207935814
    endloop
  endfacet
  facet normal 1 0 0
    outer loop
      vertex 35.45 -3.373715713620186 41.17993997395039
      vertex 35.45 -4.423542864620686 56.45777747392655
      vertex 35.45 -4.21711028367281 52.32105238348246
    endloop
  endfacet
  facet normal 1 0 0
    outer loop
      vertex 35.45 -3.078679658472538 41.43867965400219
      vertex 35.45 -3.7000000029802322 56.158076207935814
      vertex 35.45 -4.051949702203274 56.33163859307766
    endloop
  endfacet
  facet normal 1 0 0
    outer loop
      vertex 35.45 -3.373715713620186 41.17993997395039
      vertex 35.45 -4.051949702203274 56.33163859307766
      vertex 35.45 -4.423542864620686 56.45777747392655
    endloop
  endfacet
  facet normal 1 0 0
    outer loop
      vertex 35.45 -4.21711028367281 52.32105238348246
      vertex 35.45 -4.423542864620686 56.45777747392655
      vertex 35.45 -4.268148347735405 52.57763808578253
    endloop
  endfacet
  facet normal 1 0 0
    outer loop
      vertex 35.45 -4.268148347735405 52.57763808578253
      vertex 35.45 -4.423542864620686 56.45777747392655
      vertex 35.45 -4.352240934967995 52.82536686569453
    endloop
  endfacet
  facet normal 1 0 0
    outer loop
      vertex 35.45 -4.352240934967995 52.82536686569453
      vertex 35.45 -4.423542864620686 56.45777747392655
      vertex 35.45 -4.467949196696281 53.05999999850989
    endloop
  endfacet
  facet normal 1 0 0
    outer loop
      vertex 35.45 -4.467949196696281 53.05999999850989
      vertex 35.45 -4.423542864620686 56.45777747392655
      vertex 35.45 -4.613293319940567 53.27752285808325
    endloop
  endfacet
  facet normal 1 0 0
    outer loop
      vertex 35.45 -4.613293319940567 53.27752285808325
      vertex 35.45 -4.808421425521374 56.53433458119631
      vertex 35.45 -4.78578644245863 53.47421355903149
    endloop
  endfacet
  facet normal 1 0 0
    outer loop
      vertex 35.45 -4.78578644245863 53.47421355903149
      vertex 35.45 -4.808421425521374 56.53433458119631
      vertex 35.45 -4.982477143406868 53.64670668154955
    endloop
  endfacet
  facet normal 1 0 0
    outer loop
      vertex 35.45 -4.613293319940567 53.27752285808325
      vertex 35.45 -4.423542864620686 56.45777747392655
      vertex 35.45 -4.808421425521374 56.53433458119631
    endloop
  endfacet
  facet normal 1 0 0
    outer loop
      vertex 35.45 -4.982477143406868 53.64670668154955
      vertex 35.45 -4.808421425521374 56.53433458119631
      vertex 35.45 -5.200000002980232 53.79205080479384
    endloop
  endfacet
  facet normal 1 0 0
    outer loop
      vertex 35.45 -5.200000002980232 53.79205080479384
      vertex 35.45 -5.200000002980232 56.55999999850989
      vertex 35.45 -5.434633135795593 53.907759066522125
    endloop
  endfacet
  facet normal 1 0 0
    outer loop
      vertex 35.45 -5.434633135795593 53.907759066522125
      vertex 35.45 -5.200000002980232 56.55999999850989
      vertex 35.45 -5.682361915707588 53.991851653754715
    endloop
  endfacet
  facet normal 1 0 0
    outer loop
      vertex 35.45 -5.200000002980232 56.55999999850989
      vertex 35.45 -5.93894761800766 54.04288971781731
      vertex 35.45 -5.682361915707588 53.991851653754715
    endloop
  endfacet
  facet normal 1 0 0
    outer loop
      vertex 35.45 -5.200000002980232 53.79205080479384
      vertex 35.45 -4.808421425521374 56.53433458119631
      vertex 35.45 -5.200000002980232 56.55999999850989
    endloop
  endfacet
  facet normal 1 0 0
    outer loop
      vertex 35.45 -5.200000002980232 56.55999999850989
      vertex 35.45 -6.200000002980232 54.05999999850989
      vertex 35.45 -5.93894761800766 54.04288971781731
    endloop
  endfacet
  facet normal 1 0 0
    outer loop
      vertex 35.45 -5.200000002980232 56.55999999850989
      vertex 35.45 -12.600000001490116 54.05999999850989
      vertex 35.45 -6.200000002980232 54.05999999850989
    endloop
  endfacet
  facet normal 0 -0.8314696207458843 0.5555702203832521
    outer loop
      vertex 35.45 -2.8199399784207344 41.73371570914984
      vertex 42.75 -2.8199399784207344 41.73371570914984
      vertex 35.45 -2.601923793554306 42.05999999850989
    endloop
  endfacet
  facet normal 0 -0.6593458207943229 0.7518398024852507
    outer loop
      vertex 35.45 -3.078679658472538 41.43867965400219
      vertex 35.45 -3.373715713620186 41.17993997395039
      vertex 42.75 -3.373715713620186 41.17993997395039
    endloop
  endfacet
  facet normal 0 -0.7518398024852507 0.6593458207943229
    outer loop
      vertex 35.45 -2.8199399784207344 41.73371570914984
      vertex 35.45 -3.078679658472538 41.43867965400219
      vertex 42.75 -3.078679658472538 41.43867965400219
    endloop
  endfacet
  facet normal 0 -0.5555702203832521 0.8314696207458843
    outer loop
      vertex 35.45 -3.373715713620186 41.17993997395039
      vertex 35.45 -3.7000000029802322 40.96192378908396
      vertex 42.75 -3.7000000029802322 40.96192378908396
    endloop
  endfacet
  facet normal 0 -0.44228869181151964 0.8968727407473451
    outer loop
      vertex 35.45 -3.7000000029802322 40.96192378908396
      vertex 35.45 -4.051949702203274 40.78836140394211
      vertex 42.75 -4.051949702203274 40.78836140394211
    endloop
  endfacet
  facet normal 0 -0.32143946370773846 0.9469301300366788
    outer loop
      vertex 35.45 -4.051949702203274 40.78836140394211
      vertex 35.45 -4.423542864620686 40.66222252309323
      vertex 42.75 -4.423542864620686 40.66222252309323
    endloop
  endfacet
  facet normal 0 -0.1950903258581441 0.980785279639006
    outer loop
      vertex 35.45 -4.423542864620686 40.66222252309323
      vertex 35.45 -4.808421425521374 40.58566541582346
      vertex 42.75 -4.808421425521374 40.58566541582346
    endloop
  endfacet
  facet normal 0 -0.06540313273849395 0.997858923008654
    outer loop
      vertex 35.45 -4.808421425521374 40.58566541582346
      vertex 35.45 -5.200000002980232 40.55999999850989
      vertex 42.75 -5.200000002980232 40.55999999850989
    endloop
  endfacet
  facet normal 0 -0.8314696207458843 0.5555702203832521
    outer loop
      vertex 35.45 -2.601923793554306 42.05999999850989
      vertex 42.75 -2.8199399784207344 41.73371570914984
      vertex 42.75 -2.601923793554306 42.05999999850989
    endloop
  endfacet
  facet normal 0 -0.7518398024852507 0.6593458207943229
    outer loop
      vertex 35.45 -2.8199399784207344 41.73371570914984
      vertex 42.75 -3.078679658472538 41.43867965400219
      vertex 42.75 -2.8199399784207344 41.73371570914984
    endloop
  endfacet
  facet normal 0 -0.6593458207943229 0.7518398024852507
    outer loop
      vertex 35.45 -3.078679658472538 41.43867965400219
      vertex 42.75 -3.373715713620186 41.17993997395039
      vertex 42.75 -3.078679658472538 41.43867965400219
    endloop
  endfacet
  facet normal 0 -0.5555702203832521 0.8314696207458843
    outer loop
      vertex 35.45 -3.373715713620186 41.17993997395039
      vertex 42.75 -3.7000000029802322 40.96192378908396
      vertex 42.75 -3.373715713620186 41.17993997395039
    endloop
  endfacet
  facet normal 0 -0.44228869181151964 0.8968727407473451
    outer loop
      vertex 35.45 -3.7000000029802322 40.96192378908396
      vertex 42.75 -4.051949702203274 40.78836140394211
      vertex 42.75 -3.7000000029802322 40.96192378908396
    endloop
  endfacet
  facet normal 0 -0.1950903258581441 0.980785279639006
    outer loop
      vertex 35.45 -4.423542864620686 40.66222252309323
      vertex 42.75 -4.808421425521374 40.58566541582346
      vertex 42.75 -4.423542864620686 40.66222252309323
    endloop
  endfacet
  facet normal 0 -0.32143946370773846 0.9469301300366788
    outer loop
      vertex 35.45 -4.051949702203274 40.78836140394211
      vertex 42.75 -4.423542864620686 40.66222252309323
      vertex 42.75 -4.051949702203274 40.78836140394211
    endloop
  endfacet
  facet normal 0 -0.06540313273849395 0.997858923008654
    outer loop
      vertex 35.45 -4.808421425521374 40.58566541582346
      vertex 42.75 -5.200000002980232 40.55999999850989
      vertex 42.75 -4.808421425521374 40.58566541582346
    endloop
  endfacet
  facet normal 0 0 1
    outer loop
      vertex 35.45 -5.200000002980232 40.55999999850989
      vertex 42.75 -13.600000001490116 40.55999999850989
      vertex 42.75 -5.200000002980232 40.55999999850989
    endloop
  endfacet
  facet normal 0 -0.8314696207458843 -0.5555702203832521
    outer loop
      vertex 35.45 -2.601923793554306 55.05999999850989
      vertex 42.75 -2.601923793554306 55.05999999850989
      vertex 35.45 -2.8199399784207344 55.386284287869934
    endloop
  endfacet
  facet normal 0 -0.7518398024852507 -0.6593458207943229
    outer loop
      vertex 35.45 -2.8199399784207344 55.386284287869934
      vertex 42.75 -2.8199399784207344 55.386284287869934
      vertex 35.45 -3.078679658472538 55.68132034301758
    endloop
  endfacet
  facet normal 0 -0.6593458207943229 -0.7518398024852507
    outer loop
      vertex 35.45 -3.078679658472538 55.68132034301758
      vertex 42.75 -3.078679658472538 55.68132034301758
      vertex 35.45 -3.373715713620186 55.940060023069385
    endloop
  endfacet
  facet normal -2.1847192288125036e-17 -0.5555702203832521 -0.8314696207458843
    outer loop
      vertex 35.45 -3.373715713620186 55.940060023069385
      vertex 42.75 -3.463422231459884 56
      vertex 35.45 -3.7000000029802322 56.158076207935814
    endloop
  endfacet
  facet normal 0 -0.44228869181151975 -0.8968727407473452
    outer loop
      vertex 35.45 -3.7000000029802322 56.158076207935814
      vertex 42.73963913738502 -3.7000000029802322 56.158076207935814
      vertex 35.45 -4.051949702203274 56.33163859307766
    endloop
  endfacet
  facet normal 2.250834474705121e-16 -0.3214394637077385 -0.9469301300366789
    outer loop
      vertex 35.45 -4.051949702203274 56.33163859307766
      vertex 42.724334582686424 -4.2285272031416365 56.39157857745886
      vertex 35.45 -4.423542864620686 56.45777747392655
    endloop
  endfacet
  facet normal 0 -0.1950903258581441 -0.9807852796390061
    outer loop
      vertex 35.45 -4.423542864620686 56.45777747392655
      vertex 42.71116680320254 -4.423542864620686 56.45777747392655
      vertex 35.45 -4.808421425521374 56.53433458119631
    endloop
  endfacet
  facet normal 0 -0.06540313273849394 -0.9978589230086541
    outer loop
      vertex 35.45 -4.808421425521374 56.53433458119631
      vertex 42.69593864744401 -4.808421425521374 56.53433458119631
      vertex 35.45 -5.200000002980232 56.55999999850989
    endloop
  endfacet
  facet normal 0 -0.8314696207458843 -0.5555702203832521
    outer loop
      vertex 35.45 -2.8199399784207344 55.386284287869934
      vertex 42.75 -2.601923793554306 55.05999999850989
      vertex 42.75 -2.8199399784207344 55.386284287869934
    endloop
  endfacet
  facet normal 0 -0.7518398024852507 -0.6593458207943229
    outer loop
      vertex 35.45 -3.078679658472538 55.68132034301758
      vertex 42.75 -2.8199399784207344 55.386284287869934
      vertex 42.75 -3.078679658472538 55.68132034301758
    endloop
  endfacet
  facet normal 0 -0.6593458207943229 -0.7518398024852507
    outer loop
      vertex 35.45 -3.373715713620186 55.940060023069385
      vertex 42.75 -3.078679658472538 55.68132034301758
      vertex 42.75 -3.373715713620186 55.940060023069385
    endloop
  endfacet
  facet normal 0 -0.5555702203832509 -0.831469620745885
    outer loop
      vertex 35.45 -3.373715713620186 55.940060023069385
      vertex 42.75 -3.373715713620186 55.940060023069385
      vertex 42.75 -3.463422231459884 56
    endloop
  endfacet
  facet normal 0 -0.5555702203832527 -0.831469620745884
    outer loop
      vertex 35.45 -3.7000000029802322 56.158076207935814
      vertex 42.75 -3.463422231459884 56
      vertex 42.73963913738502 -3.7000000029802322 56.158076207935814
    endloop
  endfacet
  facet normal 0 -0.4422886918115197 -0.8968727407473451
    outer loop
      vertex 35.45 -4.051949702203274 56.33163859307766
      vertex 42.73963913738502 -3.7000000029802322 56.158076207935814
      vertex 42.72826325703551 -4.051949702203274 56.33163859307766
    endloop
  endfacet
  facet normal 0 -0.3214394637077468 -0.9469301300366759
    outer loop
      vertex 35.45 -4.051949702203274 56.33163859307766
      vertex 42.72826325703551 -4.051949702203274 56.33163859307766
      vertex 42.724334582686424 -4.2285272031416365 56.39157857745886
    endloop
  endfacet
  facet normal 0 -0.3214394637077309 -0.9469301300366814
    outer loop
      vertex 35.45 -4.423542864620686 56.45777747392655
      vertex 42.724334582686424 -4.2285272031416365 56.39157857745886
      vertex 42.71116680320254 -4.423542864620686 56.45777747392655
    endloop
  endfacet
  facet normal 0 -0.1950903258581441 -0.980785279639006
    outer loop
      vertex 35.45 -4.808421425521374 56.53433458119631
      vertex 42.71116680320254 -4.423542864620686 56.45777747392655
      vertex 42.69593864744401 -4.808421425521374 56.53433458119631
    endloop
  endfacet
  facet normal 0 -0.06540313273849395 -0.9978589230086541
    outer loop
      vertex 35.45 -5.200000002980232 56.55999999850989
      vertex 42.69593864744401 -4.808421425521374 56.53433458119631
      vertex 42.69083347842186 -5.200000002980232 56.55999999850989
    endloop
  endfacet
  facet normal 0 0 -1
    outer loop
      vertex 35.45 -5.200000002980232 56.55999999850989
      vertex 42.69083347842186 -5.200000002980232 56.55999999850989
      vertex 35.45 -13.600000001490116 56.55999999850989
    endloop
  endfacet
  facet normal 1 0 0
    outer loop
      vertex 35.45 -6.200000002980232 43.05999999850989
      vertex 35.45 -12.600000001490116 43.05999999850989
      vertex 35.45 -13.600000001490116 40.55999999850989
    endloop
  endfacet
  facet normal 1 0 0
    outer loop
      vertex 35.45 -12.600000001490116 43.05999999850989
      vertex 35.45 -12.861052386462688 43.077110279202465
      vertex 35.45 -13.600000001490116 40.55999999850989
    endloop
  endfacet
  facet normal 1 0 0
    outer loop
      vertex 35.45 -12.861052386462688 43.077110279202465
      vertex 35.45 -13.11763808876276 43.12814834326506
      vertex 35.45 -13.600000001490116 40.55999999850989
    endloop
  endfacet
  facet normal 1 0 0
    outer loop
      vertex 35.45 -13.11763808876276 43.12814834326506
      vertex 35.45 -13.365366868674755 43.21224093049765
      vertex 35.45 -13.600000001490116 40.55999999850989
    endloop
  endfacet
  facet normal 1 0 0
    outer loop
      vertex 35.45 -13.600000001490116 40.55999999850989
      vertex 35.45 -13.600000001490116 43.32794919222594
      vertex 35.45 -13.991578578948975 40.58566541582346
    endloop
  endfacet
  facet normal 1 0 0
    outer loop
      vertex 35.45 -13.991578578948975 40.58566541582346
      vertex 35.45 -14.186706684529781 43.84247713893652
      vertex 35.45 -14.376457139849663 40.66222252309323
    endloop
  endfacet
  facet normal 1 0 0
    outer loop
      vertex 35.45 -13.365366868674755 43.21224093049765
      vertex 35.45 -13.600000001490116 43.32794919222594
      vertex 35.45 -13.600000001490116 40.55999999850989
    endloop
  endfacet
  facet normal 1 0 0
    outer loop
      vertex 35.45 -13.991578578948975 40.58566541582346
      vertex 35.45 -13.600000001490116 43.32794919222594
      vertex 35.45 -13.81752286106348 43.47329331547022
    endloop
  endfacet
  facet normal 1 0 0
    outer loop
      vertex 35.45 -13.991578578948975 40.58566541582346
      vertex 35.45 -13.81752286106348 43.47329331547022
      vertex 35.45 -14.014213562011719 43.645786437988285
    endloop
  endfacet
  facet normal 1 0 0
    outer loop
      vertex 35.45 -13.991578578948975 40.58566541582346
      vertex 35.45 -14.014213562011719 43.645786437988285
      vertex 35.45 -14.186706684529781 43.84247713893652
    endloop
  endfacet
  facet normal 1 0 0
    outer loop
      vertex 35.45 -14.376457139849663 40.66222252309323
      vertex 35.45 -14.186706684529781 43.84247713893652
      vertex 35.45 -14.332050807774067 44.05999999850989
    endloop
  endfacet
  facet normal 1 0 0
    outer loop
      vertex 35.45 -14.376457139849663 40.66222252309323
      vertex 35.45 -14.332050807774067 44.05999999850989
      vertex 35.45 -14.447759069502354 44.29463313132525
    endloop
  endfacet
  facet normal 1 0 0
    outer loop
      vertex 35.45 -14.376457139849663 40.66222252309323
      vertex 35.45 -14.447759069502354 44.29463313132525
      vertex 35.45 -14.531851656734943 44.54236191123724
    endloop
  endfacet
  facet normal 1 0 0
    outer loop
      vertex 35.45 -14.376457139849663 40.66222252309323
      vertex 35.45 -14.531851656734943 44.54236191123724
      vertex 35.45 -14.582889720797539 44.798947613537315
    endloop
  endfacet
  facet normal 1 0 0
    outer loop
      vertex 35.45 -14.376457139849663 40.66222252309323
      vertex 35.45 -15.426284290850163 55.940060023069385
      vertex 35.45 -14.748050302267075 40.78836140394211
    endloop
  endfacet
  facet normal 1 0 0
    outer loop
      vertex 35.45 -14.376457139849663 40.66222252309323
      vertex 35.45 -14.582889720797539 44.798947613537315
      vertex 35.45 -15.426284290850163 55.940060023069385
    endloop
  endfacet
  facet normal 1 0 0
    outer loop
      vertex 35.45 -14.582889720797539 44.798947613537315
      vertex 35.45 -14.600000001490116 45.05999999850989
      vertex 35.45 -15.426284290850163 55.940060023069385
    endloop
  endfacet
  facet normal 1 0 0
    outer loop
      vertex 35.45 -5.200000002980232 56.55999999850989
      vertex 35.45 -13.600000001490116 56.55999999850989
      vertex 35.45 -12.600000001490116 54.05999999850989
    endloop
  endfacet
  facet normal 1 0 0
    outer loop
      vertex 35.45 -14.600000001490116 45.05999999850989
      vertex 35.45 -14.600000001490116 52.05999999850989
      vertex 35.45 -15.100000001490116 56.158076207935814
    endloop
  endfacet
  facet normal 1 0 0
    outer loop
      vertex 35.45 -14.600000001490116 45.05999999850989
      vertex 35.45 -15.100000001490116 56.158076207935814
      vertex 35.45 -15.426284290850163 55.940060023069385
    endloop
  endfacet
  facet normal 1 0 0
    outer loop
      vertex 35.45 -14.186706684529781 53.27752285808325
      vertex 35.45 -14.376457139849663 56.45777747392655
      vertex 35.45 -14.332050807774067 53.05999999850989
    endloop
  endfacet
  facet normal 1 0 0
    outer loop
      vertex 35.45 -14.582889720797539 52.32105238348246
      vertex 35.45 -14.531851656734943 52.57763808578253
      vertex 35.45 -14.748050302267075 56.33163859307766
    endloop
  endfacet
  facet normal 1 0 0
    outer loop
      vertex 35.45 -14.447759069502354 52.82536686569453
      vertex 35.45 -14.748050302267075 56.33163859307766
      vertex 35.45 -14.531851656734943 52.57763808578253
    endloop
  endfacet
  facet normal 1 0 0
    outer loop
      vertex 35.45 -14.332050807774067 53.05999999850989
      vertex 35.45 -14.748050302267075 56.33163859307766
      vertex 35.45 -14.447759069502354 52.82536686569453
    endloop
  endfacet
  facet normal 1 0 0
    outer loop
      vertex 35.45 -14.600000001490116 52.05999999850989
      vertex 35.45 -14.582889720797539 52.32105238348246
      vertex 35.45 -15.100000001490116 56.158076207935814
    endloop
  endfacet
  facet normal 1 0 0
    outer loop
      vertex 35.45 -12.600000001490116 54.05999999850989
      vertex 35.45 -13.991578578948975 56.53433458119631
      vertex 35.45 -12.861052386462688 54.04288971781731
    endloop
  endfacet
  facet normal 1 0 0
    outer loop
      vertex 35.45 -12.861052386462688 54.04288971781731
      vertex 35.45 -13.991578578948975 56.53433458119631
      vertex 35.45 -13.11763808876276 53.991851653754715
    endloop
  endfacet
  facet normal 1 0 0
    outer loop
      vertex 35.45 -12.600000001490116 54.05999999850989
      vertex 35.45 -13.600000001490116 56.55999999850989
      vertex 35.45 -13.991578578948975 56.53433458119631
    endloop
  endfacet
  facet normal 1 0 0
    outer loop
      vertex 35.45 -13.11763808876276 53.991851653754715
      vertex 35.45 -14.376457139849663 56.45777747392655
      vertex 35.45 -13.365366868674755 53.907759066522125
    endloop
  endfacet
  facet normal 1 0 0
    outer loop
      vertex 35.45 -13.365366868674755 53.907759066522125
      vertex 35.45 -14.376457139849663 56.45777747392655
      vertex 35.45 -13.600000001490116 53.79205080479384
    endloop
  endfacet
  facet normal 1 0 0
    outer loop
      vertex 35.45 -13.81752286106348 53.64670668154955
      vertex 35.45 -14.376457139849663 56.45777747392655
      vertex 35.45 -14.014213562011719 53.47421355903149
    endloop
  endfacet
  facet normal 1 0 0
    outer loop
      vertex 35.45 -13.81752286106348 53.64670668154955
      vertex 35.45 -13.600000001490116 53.79205080479384
      vertex 35.45 -14.376457139849663 56.45777747392655
    endloop
  endfacet
  facet normal 1 0 0
    outer loop
      vertex 35.45 -14.014213562011719 53.47421355903149
      vertex 35.45 -14.376457139849663 56.45777747392655
      vertex 35.45 -14.186706684529781 53.27752285808325
    endloop
  endfacet
  facet normal 1 0 0
    outer loop
      vertex 35.45 -13.11763808876276 53.991851653754715
      vertex 35.45 -13.991578578948975 56.53433458119631
      vertex 35.45 -14.376457139849663 56.45777747392655
    endloop
  endfacet
  facet normal 1 0 0
    outer loop
      vertex 35.45 -14.332050807774067 53.05999999850989
      vertex 35.45 -14.376457139849663 56.45777747392655
      vertex 35.45 -14.748050302267075 56.33163859307766
    endloop
  endfacet
  facet normal 1 0 0
    outer loop
      vertex 35.45 -14.582889720797539 52.32105238348246
      vertex 35.45 -14.748050302267075 56.33163859307766
      vertex 35.45 -15.100000001490116 56.158076207935814
    endloop
  endfacet
  facet normal 0 0 1
    outer loop
      vertex 35.45 -5.200000002980232 40.55999999850989
      vertex 35.45 -13.600000001490116 40.55999999850989
      vertex 42.75 -13.600000001490116 40.55999999850989
    endloop
  endfacet
  facet normal 0 0.06540313273849395 0.997858923008654
    outer loop
      vertex 35.45 -13.600000001490116 40.55999999850989
      vertex 35.45 -13.991578578948975 40.58566541582346
      vertex 42.75 -13.991578578948975 40.58566541582346
    endloop
  endfacet
  facet normal 0 0.1950903258581441 0.980785279639006
    outer loop
      vertex 35.45 -13.991578578948975 40.58566541582346
      vertex 35.45 -14.376457139849663 40.66222252309323
      vertex 42.75 -14.376457139849663 40.66222252309323
    endloop
  endfacet
  facet normal 0 0.32143946370773846 0.9469301300366788
    outer loop
      vertex 35.45 -14.376457139849663 40.66222252309323
      vertex 35.45 -14.748050302267075 40.78836140394211
      vertex 42.75 -14.748050302267075 40.78836140394211
    endloop
  endfacet
  facet normal 0 0.44228869181151964 0.8968727407473451
    outer loop
      vertex 35.45 -14.748050302267075 40.78836140394211
      vertex 35.45 -15.100000001490116 40.96192378908396
      vertex 42.75 -15.100000001490116 40.96192378908396
    endloop
  endfacet
  facet normal 0 0.06540313273849395 0.997858923008654
    outer loop
      vertex 35.45 -13.600000001490116 40.55999999850989
      vertex 42.75 -13.991578578948975 40.58566541582346
      vertex 42.75 -13.600000001490116 40.55999999850989
    endloop
  endfacet
  facet normal 0 0.1950903258581441 0.980785279639006
    outer loop
      vertex 35.45 -13.991578578948975 40.58566541582346
      vertex 42.75 -14.376457139849663 40.66222252309323
      vertex 42.75 -13.991578578948975 40.58566541582346
    endloop
  endfacet
  facet normal 0 0.32143946370773846 0.9469301300366788
    outer loop
      vertex 35.45 -14.376457139849663 40.66222252309323
      vertex 42.75 -14.748050302267075 40.78836140394211
      vertex 42.75 -14.376457139849663 40.66222252309323
    endloop
  endfacet
  facet normal 0 0.44228869181151964 0.8968727407473451
    outer loop
      vertex 35.45 -14.748050302267075 40.78836140394211
      vertex 42.75 -15.100000001490116 40.96192378908396
      vertex 42.75 -14.748050302267075 40.78836140394211
    endloop
  endfacet
  facet normal 0 0 -1
    outer loop
      vertex 42.69083347842186 -5.200000002980232 56.55999999850989
      vertex 42.69083347842186 -13.600000001490116 56.55999999850989
      vertex 35.45 -13.600000001490116 56.55999999850989
    endloop
  endfacet
  facet normal 0 0.06540313273849395 -0.9978589230086541
    outer loop
      vertex 35.45 -13.600000001490116 56.55999999850989
      vertex 42.69083347842186 -13.600000001490116 56.55999999850989
      vertex 35.45 -13.991578578948975 56.53433458119631
    endloop
  endfacet
  facet normal 0 0.1950903258581441 -0.980785279639006
    outer loop
      vertex 35.45 -13.991578578948975 56.53433458119631
      vertex 42.69593864744401 -13.991578578948975 56.53433458119631
      vertex 35.45 -14.376457139849663 56.45777747392655
    endloop
  endfacet
  facet normal 0 0.3214394637077385 -0.9469301300366789
    outer loop
      vertex 35.45 -14.376457139849663 56.45777747392655
      vertex 42.71116680320254 -14.376457139849663 56.45777747392655
      vertex 35.45 -14.748050302267075 56.33163859307766
    endloop
  endfacet
  facet normal 0 0.4422886918115197 -0.8968727407473451
    outer loop
      vertex 35.45 -14.748050302267075 56.33163859307766
      vertex 42.72826325703551 -14.748050302267075 56.33163859307766
      vertex 35.45 -15.100000001490116 56.158076207935814
    endloop
  endfacet
  facet normal 0 0.06540313273849394 -0.9978589230086541
    outer loop
      vertex 35.45 -13.991578578948975 56.53433458119631
      vertex 42.69083347842186 -13.600000001490116 56.55999999850989
      vertex 42.69593864744401 -13.991578578948975 56.53433458119631
    endloop
  endfacet
  facet normal 0 0.1950903258581441 -0.9807852796390061
    outer loop
      vertex 35.45 -14.376457139849663 56.45777747392655
      vertex 42.69593864744401 -13.991578578948975 56.53433458119631
      vertex 42.71116680320254 -14.376457139849663 56.45777747392655
    endloop
  endfacet
  facet normal -3.1891045884865766e-16 0.32143946370774407 -0.9469301300366768
    outer loop
      vertex 35.45 -14.748050302267075 56.33163859307766
      vertex 42.71116680320254 -14.376457139849663 56.45777747392655
      vertex 42.724334582686424 -14.571472801328703 56.39157857745886
    endloop
  endfacet
  facet normal 0 0.32143946370773235 -0.9469301300366809
    outer loop
      vertex 35.45 -14.748050302267075 56.33163859307766
      vertex 42.724334582686424 -14.571472801328703 56.39157857745886
      vertex 42.72826325703551 -14.748050302267075 56.33163859307766
    endloop
  endfacet
  facet normal 0 0.4422886918115196 -0.896872740747345
    outer loop
      vertex 42.72826325703551 -14.748050302267075 56.33163859307766
      vertex 42.73963913738502 -15.100000001490116 56.158076207935814
      vertex 35.45 -15.100000001490116 56.158076207935814
    endloop
  endfacet
  facet normal 1 0 0
    outer loop
      vertex 35.45 -16.497777476906776 42.78354286015034
      vertex 35.45 -16.600000001490116 43.55999999850989
      vertex 35.45 -16.57433458417654 43.16842142105103
    endloop
  endfacet
  facet normal 1 0 0
    outer loop
      vertex 35.45 -14.748050302267075 40.78836140394211
      vertex 35.45 -15.72132034599781 55.68132034301758
      vertex 35.45 -15.100000001490116 40.96192378908396
    endloop
  endfacet
  facet normal 1 0 0
    outer loop
      vertex 35.45 -15.100000001490116 40.96192378908396
      vertex 35.45 -15.980060026049614 55.386284287869934
      vertex 35.45 -15.426284290850163 41.17993997395039
    endloop
  endfacet
  facet normal 1 0 0
    outer loop
      vertex 35.45 -15.426284290850163 41.17993997395039
      vertex 35.45 -16.198076210916042 55.05999999850989
      vertex 35.45 -15.72132034599781 41.43867965400219
    endloop
  endfacet
  facet normal 1 0 0
    outer loop
      vertex 35.45 -15.72132034599781 41.43867965400219
      vertex 35.45 -16.371638596057892 54.708050299286846
      vertex 35.45 -15.980060026049614 41.73371570914984
    endloop
  endfacet
  facet normal 1 0 0
    outer loop
      vertex 35.45 -15.980060026049614 41.73371570914984
      vertex 35.45 -16.497777476906776 54.336457136869434
      vertex 35.45 -16.198076210916042 42.05999999850989
    endloop
  endfacet
  facet normal 1 0 0
    outer loop
      vertex 35.45 -16.198076210916042 42.05999999850989
      vertex 35.45 -16.57433458417654 53.951578575968746
      vertex 35.45 -16.371638596057892 42.41194969773293
    endloop
  endfacet
  facet normal 1 0 0
    outer loop
      vertex 35.45 -16.371638596057892 42.41194969773293
      vertex 35.45 -16.600000001490116 53.55999999850989
      vertex 35.45 -16.497777476906776 42.78354286015034
    endloop
  endfacet
  facet normal 1 0 0
    outer loop
      vertex 35.45 -16.497777476906776 42.78354286015034
      vertex 35.45 -16.600000001490116 53.55999999850989
      vertex 35.45 -16.600000001490116 43.55999999850989
    endloop
  endfacet
  facet normal 1 0 0
    outer loop
      vertex 35.45 -14.748050302267075 40.78836140394211
      vertex 35.45 -15.426284290850163 55.940060023069385
      vertex 35.45 -15.72132034599781 55.68132034301758
    endloop
  endfacet
  facet normal 1 0 0
    outer loop
      vertex 35.45 -15.100000001490116 40.96192378908396
      vertex 35.45 -15.72132034599781 55.68132034301758
      vertex 35.45 -15.980060026049614 55.386284287869934
    endloop
  endfacet
  facet normal 1 0 0
    outer loop
      vertex 35.45 -15.426284290850163 41.17993997395039
      vertex 35.45 -15.980060026049614 55.386284287869934
      vertex 35.45 -16.198076210916042 55.05999999850989
    endloop
  endfacet
  facet normal 1 0 0
    outer loop
      vertex 35.45 -15.72132034599781 41.43867965400219
      vertex 35.45 -16.198076210916042 55.05999999850989
      vertex 35.45 -16.371638596057892 54.708050299286846
    endloop
  endfacet
  facet normal 1 0 0
    outer loop
      vertex 35.45 -16.371638596057892 42.41194969773293
      vertex 35.45 -16.57433458417654 53.951578575968746
      vertex 35.45 -16.600000001490116 53.55999999850989
    endloop
  endfacet
  facet normal 1 0 0
    outer loop
      vertex 35.45 -15.980060026049614 41.73371570914984
      vertex 35.45 -16.371638596057892 54.708050299286846
      vertex 35.45 -16.497777476906776 54.336457136869434
    endloop
  endfacet
  facet normal 1 0 0
    outer loop
      vertex 35.45 -16.198076210916042 42.05999999850989
      vertex 35.45 -16.497777476906776 54.336457136869434
      vertex 35.45 -16.57433458417654 53.951578575968746
    endloop
  endfacet
  facet normal 0 0.5555702203832521 0.8314696207458843
    outer loop
      vertex 35.45 -15.100000001490116 40.96192378908396
      vertex 35.45 -15.426284290850163 41.17993997395039
      vertex 42.75 -15.426284290850163 41.17993997395039
    endloop
  endfacet
  facet normal 0 0.6593458207943229 0.7518398024852507
    outer loop
      vertex 35.45 -15.426284290850163 41.17993997395039
      vertex 35.45 -15.72132034599781 41.43867965400219
      vertex 42.75 -15.72132034599781 41.43867965400219
    endloop
  endfacet
  facet normal 0 0.7518398024852507 0.6593458207943229
    outer loop
      vertex 35.45 -15.72132034599781 41.43867965400219
      vertex 35.45 -15.980060026049614 41.73371570914984
      vertex 42.75 -15.980060026049614 41.73371570914984
    endloop
  endfacet
  facet normal 0 0.8314696207458843 0.5555702203832521
    outer loop
      vertex 35.45 -15.980060026049614 41.73371570914984
      vertex 35.45 -16.198076210916042 42.05999999850989
      vertex 42.75 -16.198076210916042 42.05999999850989
    endloop
  endfacet
  facet normal 0 0.8968727407473451 0.44228869181151964
    outer loop
      vertex 35.45 -16.198076210916042 42.05999999850989
      vertex 35.45 -16.371638596057892 42.41194969773293
      vertex 42.75 -16.371638596057892 42.41194969773293
    endloop
  endfacet
  facet normal 0 0.9469301300366788 0.32143946370773846
    outer loop
      vertex 35.45 -16.371638596057892 42.41194969773293
      vertex 35.45 -16.497777476906776 42.78354286015034
      vertex 42.75 -16.497777476906776 42.78354286015034
    endloop
  endfacet
  facet normal 0 0.980785279639006 0.1950903258581441
    outer loop
      vertex 35.45 -16.497777476906776 42.78354286015034
      vertex 35.45 -16.57433458417654 43.16842142105103
      vertex 42.75 -16.57433458417654 43.16842142105103
    endloop
  endfacet
  facet normal 0 0.997858923008654 0.06540313273849395
    outer loop
      vertex 35.45 -16.57433458417654 43.16842142105103
      vertex 35.45 -16.600000001490116 43.55999999850989
      vertex 42.75 -16.600000001490116 43.55999999850989
    endloop
  endfacet
  facet normal 0 0.5555702203832521 0.8314696207458843
    outer loop
      vertex 35.45 -15.100000001490116 40.96192378908396
      vertex 42.75 -15.426284290850163 41.17993997395039
      vertex 42.75 -15.100000001490116 40.96192378908396
    endloop
  endfacet
  facet normal 0 0.6593458207943229 0.7518398024852507
    outer loop
      vertex 35.45 -15.426284290850163 41.17993997395039
      vertex 42.75 -15.72132034599781 41.43867965400219
      vertex 42.75 -15.426284290850163 41.17993997395039
    endloop
  endfacet
  facet normal 0 0.7518398024852507 0.6593458207943229
    outer loop
      vertex 35.45 -15.72132034599781 41.43867965400219
      vertex 42.75 -15.980060026049614 41.73371570914984
      vertex 42.75 -15.72132034599781 41.43867965400219
    endloop
  endfacet
  facet normal 0 0.8314696207458843 0.5555702203832521
    outer loop
      vertex 35.45 -15.980060026049614 41.73371570914984
      vertex 42.75 -16.198076210916042 42.05999999850989
      vertex 42.75 -15.980060026049614 41.73371570914984
    endloop
  endfacet
  facet normal 0 0.8968727407473451 0.44228869181151964
    outer loop
      vertex 35.45 -16.198076210916042 42.05999999850989
      vertex 42.75 -16.371638596057892 42.41194969773293
      vertex 42.75 -16.198076210916042 42.05999999850989
    endloop
  endfacet
  facet normal 0 0.9469301300366788 0.32143946370773846
    outer loop
      vertex 35.45 -16.371638596057892 42.41194969773293
      vertex 42.75 -16.497777476906776 42.78354286015034
      vertex 42.75 -16.371638596057892 42.41194969773293
    endloop
  endfacet
  facet normal 0 0.980785279639006 0.1950903258581441
    outer loop
      vertex 35.45 -16.497777476906776 42.78354286015034
      vertex 42.75 -16.57433458417654 43.16842142105103
      vertex 42.75 -16.497777476906776 42.78354286015034
    endloop
  endfacet
  facet normal 0 0.997858923008654 0.06540313273849395
    outer loop
      vertex 35.45 -16.57433458417654 43.16842142105103
      vertex 42.75 -16.600000001490116 43.55999999850989
      vertex 42.75 -16.57433458417654 43.16842142105103
    endloop
  endfacet
  facet normal 0 1 0
    outer loop
      vertex 35.45 -16.600000001490116 43.55999999850989
      vertex 42.75 -16.600000001490116 53.55999999850989
      vertex 42.75 -16.600000001490116 43.55999999850989
    endloop
  endfacet
  facet normal 0 1 0
    outer loop
      vertex 35.45 -16.600000001490116 43.55999999850989
      vertex 35.45 -16.600000001490116 53.55999999850989
      vertex 42.75 -16.600000001490116 53.55999999850989
    endloop
  endfacet
  facet normal 0 0.997858923008654 -0.06540313273849395
    outer loop
      vertex 35.45 -16.600000001490116 53.55999999850989
      vertex 35.45 -16.57433458417654 53.951578575968746
      vertex 42.75 -16.57433458417654 53.951578575968746
    endloop
  endfacet
  facet normal 0 0.980785279639006 -0.1950903258581441
    outer loop
      vertex 35.45 -16.57433458417654 53.951578575968746
      vertex 35.45 -16.497777476906776 54.336457136869434
      vertex 42.75 -16.497777476906776 54.336457136869434
    endloop
  endfacet
  facet normal 0 0.5555702203832522 -0.8314696207458843
    outer loop
      vertex 35.45 -15.100000001490116 56.158076207935814
      vertex 42.73963913738502 -15.100000001490116 56.158076207935814
      vertex 35.45 -15.426284290850163 55.940060023069385
    endloop
  endfacet
  facet normal 0 0.6593458207943229 -0.7518398024852507
    outer loop
      vertex 35.45 -15.426284290850163 55.940060023069385
      vertex 42.75 -15.426284290850163 55.940060023069385
      vertex 35.45 -15.72132034599781 55.68132034301758
    endloop
  endfacet
  facet normal 0 0.7518398024852507 -0.6593458207943229
    outer loop
      vertex 35.45 -15.72132034599781 55.68132034301758
      vertex 42.75 -15.72132034599781 55.68132034301758
      vertex 35.45 -15.980060026049614 55.386284287869934
    endloop
  endfacet
  facet normal 0 0.8314696207458843 -0.5555702203832521
    outer loop
      vertex 35.45 -15.980060026049614 55.386284287869934
      vertex 42.75 -15.980060026049614 55.386284287869934
      vertex 35.45 -16.198076210916042 55.05999999850989
    endloop
  endfacet
  facet normal 0 0.9469301300366788 -0.32143946370773846
    outer loop
      vertex 35.45 -16.371638596057892 54.708050299286846
      vertex 42.75 -16.371638596057892 54.708050299286846
      vertex 35.45 -16.497777476906776 54.336457136869434
    endloop
  endfacet
  facet normal 0 0.8968727407473451 -0.44228869181151964
    outer loop
      vertex 35.45 -16.198076210916042 55.05999999850989
      vertex 42.75 -16.198076210916042 55.05999999850989
      vertex 35.45 -16.371638596057892 54.708050299286846
    endloop
  endfacet
  facet normal 0 0.997858923008654 -0.06540313273849395
    outer loop
      vertex 35.45 -16.600000001490116 53.55999999850989
      vertex 42.75 -16.57433458417654 53.951578575968746
      vertex 42.75 -16.600000001490116 53.55999999850989
    endloop
  endfacet
  facet normal 0 0.980785279639006 -0.1950903258581441
    outer loop
      vertex 35.45 -16.57433458417654 53.951578575968746
      vertex 42.75 -16.497777476906776 54.336457136869434
      vertex 42.75 -16.57433458417654 53.951578575968746
    endloop
  endfacet
  facet normal 2.0207198548779195e-16 0.555570220383249 -0.8314696207458864
    outer loop
      vertex 35.45 -15.426284290850163 55.940060023069385
      vertex 42.73963913738502 -15.100000001490116 56.158076207935814
      vertex 42.75 -15.336577773010466 56
    endloop
  endfacet
  facet normal 0 0.5555702203832604 -0.8314696207458787
    outer loop
      vertex 35.45 -15.426284290850163 55.940060023069385
      vertex 42.75 -15.336577773010466 56
      vertex 42.75 -15.426284290850163 55.940060023069385
    endloop
  endfacet
  facet normal 0 0.6593458207943229 -0.7518398024852507
    outer loop
      vertex 35.45 -15.72132034599781 55.68132034301758
      vertex 42.75 -15.426284290850163 55.940060023069385
      vertex 42.75 -15.72132034599781 55.68132034301758
    endloop
  endfacet
  facet normal 0 0.7518398024852507 -0.6593458207943229
    outer loop
      vertex 35.45 -15.980060026049614 55.386284287869934
      vertex 42.75 -15.72132034599781 55.68132034301758
      vertex 42.75 -15.980060026049614 55.386284287869934
    endloop
  endfacet
  facet normal 0 0.8314696207458843 -0.5555702203832521
    outer loop
      vertex 35.45 -16.198076210916042 55.05999999850989
      vertex 42.75 -15.980060026049614 55.386284287869934
      vertex 42.75 -16.198076210916042 55.05999999850989
    endloop
  endfacet
  facet normal 0 0.8968727407473451 -0.44228869181151964
    outer loop
      vertex 35.45 -16.371638596057892 54.708050299286846
      vertex 42.75 -16.198076210916042 55.05999999850989
      vertex 42.75 -16.371638596057892 54.708050299286846
    endloop
  endfacet
  facet normal 0 0.9469301300366788 -0.32143946370773846
    outer loop
      vertex 35.45 -16.497777476906776 54.336457136869434
      vertex 42.75 -16.371638596057892 54.708050299286846
      vertex 42.75 -16.497777476906776 54.336457136869434
    endloop
  endfacet
  facet normal 1 0 0
    outer loop
      vertex -2.9499999999999997 1.9000000000000001 0
      vertex -2.9499999999999997 -0.8 5.700000000000005
      vertex -2.9499999999999997 -19.500000000000004 0
    endloop
  endfacet
  facet normal 1 0 0
    outer loop
      vertex -2.9499999999999997 -19.500000000000004 0
      vertex -2.9499999999999997 -0.8 5.700000000000005
      vertex -2.9499999999999997 -2.4000000000000004 5.700000000000005
    endloop
  endfacet
  facet normal 1 0 0
    outer loop
      vertex -2.9499999999999997 -3.314180701971054 37.03597485631705
      vertex -2.9499999999999997 -19.500000000000004 0
      vertex -2.9499999999999997 -2.4000000000000004 5.700000000000005
    endloop
  endfacet
  facet normal 1 0 0
    outer loop
      vertex -2.9499999999999997 1.9000000000000001 0
      vertex -2.9499999999999997 1.9000000000000001 63.76
      vertex -2.9499999999999997 -0.8 5.700000000000005
    endloop
  endfacet
  facet normal 1 0 0
    outer loop
      vertex -2.9499999999999997 -3.21283271163702 37.4142107179761
      vertex -2.9499999999999997 -2.4000000000000004 5.700000000000005
      vertex -2.9499999999999997 -3.2000000029802322 37.610000002980236
    endloop
  endfacet
  facet normal 1 0 0
    outer loop
      vertex -2.9499999999999997 -3.314180701971054 37.03597485631705
      vertex -2.9499999999999997 -2.4000000000000004 5.700000000000005
      vertex -2.9499999999999997 -3.251111261546612 37.22177143752575
    endloop
  endfacet
  facet normal 1 0 0
    outer loop
      vertex -2.9499999999999997 -3.251111261546612 37.22177143752575
      vertex -2.9499999999999997 -2.4000000000000004 5.700000000000005
      vertex -2.9499999999999997 -3.21283271163702 37.4142107179761
    endloop
  endfacet
  facet normal 1 0 0
    outer loop
      vertex -2.9499999999999997 -3.400961898267269 36.860000002980236
      vertex -2.9499999999999997 -19.500000000000004 0
      vertex -2.9499999999999997 -3.314180701971054 37.03597485631705
    endloop
  endfacet
  facet normal 1 0 0
    outer loop
      vertex -2.9499999999999997 -3.2000000029802322 37.610000002980236
      vertex -2.9499999999999997 -2.4000000000000004 5.700000000000005
      vertex -2.9499999999999997 -3.2000000029802322 47.610000002980236
    endloop
  endfacet
  facet normal 1 0 0
    outer loop
      vertex -2.9499999999999997 -3.2000000029802322 47.610000002980236
      vertex -2.9499999999999997 -2.4000000000000004 5.700000000000005
      vertex -2.9499999999999997 -2.4000000000000004 63.26
    endloop
  endfacet
  facet normal 0 1 0
    outer loop
      vertex -2.9499999999999997 -19.500000000000004 0
      vertex -0.47888873943360255 -19.500000000000004 25.30177143234622
      vertex -0.41581929876693 -19.500000000000004 25.115974851452364
    endloop
  endfacet
  facet normal 0 1 0
    outer loop
      vertex -2.9499999999999997 -19.500000000000004 0
      vertex -0.41581929876693 -19.500000000000004 25.115974851452364
      vertex -0.32903810567665803 -19.500000000000004 24.94
    endloop
  endfacet
  facet normal 0 1 0
    outer loop
      vertex -2.9499999999999997 -19.500000000000004 0
      vertex -0.5171672920607155 -19.500000000000004 25.494210711669922
      vertex -0.47888873943360255 -19.500000000000004 25.30177143234622
    endloop
  endfacet
  facet normal 0 1 0
    outer loop
      vertex -2.9499999999999997 -19.500000000000004 0
      vertex -0.53 -19.500000000000004 25.69
      vertex -0.5171672920607155 -19.500000000000004 25.494210711669922
    endloop
  endfacet
  facet normal 0 1 0
    outer loop
      vertex -2.9499999999999997 -19.500000000000004 0
      vertex -0.32903810567665803 -19.500000000000004 24.94
      vertex -0.22003001043685289 -19.500000000000004 24.77685785648692
    endloop
  endfacet
  facet normal 0 1 0
    outer loop
      vertex -2.9499999999999997 -19.500000000000004 0
      vertex -0.22003001043685289 -19.500000000000004 24.77685785648692
      vertex -0.09066017177982144 -19.500000000000004 24.629339828220182
    endloop
  endfacet
  facet normal 0 1 0
    outer loop
      vertex -2.9499999999999997 -19.500000000000004 0
      vertex -0.09066017177982144 -19.500000000000004 24.629339828220182
      vertex 0.05685785648691899 -19.500000000000004 24.499969989563148
    endloop
  endfacet
  facet normal 0 1 0
    outer loop
      vertex -2.9499999999999997 -19.500000000000004 0
      vertex 0.05685785648691899 -19.500000000000004 24.499969989563148
      vertex 0.21999999999999997 -19.500000000000004 24.390961894323343
    endloop
  endfacet
  facet normal 0 1 0
    outer loop
      vertex -2.9499999999999997 -19.500000000000004 0
      vertex 0.21999999999999997 -19.500000000000004 24.390961894323343
      vertex 0.39597485145236533 -19.500000000000004 24.304180701233072
    endloop
  endfacet
  facet normal 1 0 0
    outer loop
      vertex -2.9499999999999997 -3.6393398344516754 36.54933983445168
      vertex -2.9499999999999997 -3.786857858300209 36.41996999442578
      vertex -2.9499999999999997 -19.500000000000004 0
    endloop
  endfacet
  facet normal 1 0 0
    outer loop
      vertex -2.9499999999999997 -3.5099699944257736 36.69685785830021
      vertex -2.9499999999999997 -19.500000000000004 0
      vertex -2.9499999999999997 -3.400961898267269 36.860000002980236
    endloop
  endfacet
  facet normal 1 0 0
    outer loop
      vertex -2.9499999999999997 -3.5099699944257736 36.69685785830021
      vertex -2.9499999999999997 -3.6393398344516754 36.54933983445168
      vertex -2.9499999999999997 -19.500000000000004 0
    endloop
  endfacet
  facet normal 1 0 0
    outer loop
      vertex -2.9499999999999997 -3.9500000029802322 36.31096189826727
      vertex -2.9499999999999997 -19.500000000000004 0
      vertex -2.9499999999999997 -3.786857858300209 36.41996999442578
    endloop
  endfacet
  facet normal 1 0 0
    outer loop
      vertex -2.9499999999999997 -3.9500000029802322 36.31096189826727
      vertex -2.9499999999999997 -4.125974856317043 36.22418070197106
      vertex -2.9499999999999997 -19.500000000000004 0
    endloop
  endfacet
  facet normal 1 0 0
    outer loop
      vertex -2.9499999999999997 -4.125974856317043 36.22418070197106
      vertex -2.9499999999999997 -4.311771437525749 36.161111261546615
      vertex -2.9499999999999997 -19.500000000000004 0
    endloop
  endfacet
  facet normal 1 0 0
    outer loop
      vertex -2.9499999999999997 -4.311771437525749 36.161111261546615
      vertex -2.9499999999999997 -4.504210717976093 36.122832711637024
      vertex -2.9499999999999997 -19.500000000000004 0
    endloop
  endfacet
  facet normal 1 0 0
    outer loop
      vertex -2.9499999999999997 -4.504210717976093 36.122832711637024
      vertex -2.9499999999999997 -4.700000002980232 36.110000002980236
      vertex -2.9499999999999997 -19.500000000000004 0
    endloop
  endfacet
  facet normal 1 0 0
    outer loop
      vertex -2.9499999999999997 -4.700000002980232 36.110000002980236
      vertex -2.9499999999999997 -8.299999997019768 36.110000002980236
      vertex -2.9499999999999997 -19.500000000000004 0
    endloop
  endfacet
  facet normal 1 0 0
    outer loop
      vertex -2.9499999999999997 -8.299999997019768 36.110000002980236
      vertex -2.9499999999999997 -8.495789282023907 36.122832711637024
      vertex -2.9499999999999997 -19.500000000000004 0
    endloop
  endfacet
  facet normal 1 0 0
    outer loop
      vertex -2.9499999999999997 -8.495789282023907 36.122832711637024
      vertex -2.9499999999999997 -8.68822856247425 36.161111261546615
      vertex -2.9499999999999997 -19.500000000000004 0
    endloop
  endfacet
  facet normal 1 0 0
    outer loop
      vertex -2.9499999999999997 -8.68822856247425 36.161111261546615
      vertex -2.9499999999999997 -8.874025143682957 36.22418070197106
      vertex -2.9499999999999997 -19.500000000000004 0
    endloop
  endfacet
  facet normal 1 0 0
    outer loop
      vertex -2.9499999999999997 -19.500000000000004 0
      vertex -2.9499999999999997 -8.874025143682957 36.22418070197106
      vertex -2.9499999999999997 -9.049999997019768 36.31096189826727
    endloop
  endfacet
  facet normal 1 0 0
    outer loop
      vertex -2.9499999999999997 -19.500000000000004 0
      vertex -2.9499999999999997 -9.049999997019768 36.31096189826727
      vertex -2.9499999999999997 -9.213142141699791 36.41996999442578
    endloop
  endfacet
  facet normal 1 0 0
    outer loop
      vertex -2.9499999999999997 -19.500000000000004 0
      vertex -2.9499999999999997 -9.213142141699791 36.41996999442578
      vertex -2.9499999999999997 -9.360660165548325 36.54933983445168
    endloop
  endfacet
  facet normal 1 0 0
    outer loop
      vertex -2.9499999999999997 -19.500000000000004 0
      vertex -2.9499999999999997 -9.360660165548325 36.54933983445168
      vertex -2.9499999999999997 -9.490030005574226 36.69685785830021
    endloop
  endfacet
  facet normal 1 0 0
    outer loop
      vertex -2.9499999999999997 -19.500000000000004 0
      vertex -2.9499999999999997 -9.490030005574226 36.69685785830021
      vertex -2.9499999999999997 -9.59903810173273 36.860000002980236
    endloop
  endfacet
  facet normal 1 0 0
    outer loop
      vertex -2.9499999999999997 -19.500000000000004 0
      vertex -2.9499999999999997 -9.59903810173273 36.860000002980236
      vertex -2.9499999999999997 -9.685819298028946 37.03597485631705
    endloop
  endfacet
  facet normal 1 0 0
    outer loop
      vertex -2.9499999999999997 -19.500000000000004 0
      vertex -2.9499999999999997 -9.685819298028946 37.03597485631705
      vertex -2.9499999999999997 -9.748888738453388 37.22177143752575
    endloop
  endfacet
  facet normal 1 0 0
    outer loop
      vertex -2.9499999999999997 -19.500000000000004 0
      vertex -2.9499999999999997 -9.748888738453388 37.22177143752575
      vertex -2.9499999999999997 -9.78716728836298 37.4142107179761
    endloop
  endfacet
  facet normal 0 1 0
    outer loop
      vertex -2.9499999999999997 -19.500000000000004 0
      vertex -0.53 -19.500000000000004 54.31
      vertex -0.53 -19.500000000000004 25.69
    endloop
  endfacet
  facet normal 1 0 0
    outer loop
      vertex -2.9499999999999997 -19.500000000000004 0
      vertex -2.9499999999999997 -9.78716728836298 37.4142107179761
      vertex -2.9499999999999997 -19.500000000000004 63.76
    endloop
  endfacet
  facet normal 0 1 0
    outer loop
      vertex -2.9499999999999997 -19.500000000000004 0
      vertex -2.9499999999999997 -19.500000000000004 63.76
      vertex -0.53 -19.500000000000004 54.31
    endloop
  endfacet
  facet normal 0 1 0
    outer loop
      vertex -2.9499999999999997 -19.500000000000004 0
      vertex 0.39597485145236533 -19.500000000000004 24.304180701233072
      vertex 0.5817714323462189 -19.500000000000004 24.2411112605664
    endloop
  endfacet
  facet normal 0 1 0
    outer loop
      vertex -2.9499999999999997 -19.500000000000004 0
      vertex 0.5817714323462189 -19.500000000000004 24.2411112605664
      vertex 0.7742107116699226 -19.500000000000004 24.202832707939287
    endloop
  endfacet
  facet normal 0 1 0
    outer loop
      vertex -2.9499999999999997 -19.500000000000004 0
      vertex 0.7742107116699226 -19.500000000000004 24.202832707939287
      vertex 0.97 -19.500000000000004 24.19
    endloop
  endfacet
  facet normal 0 1 0
    outer loop
      vertex -2.9499999999999997 -19.500000000000004 0
      vertex 0.97 -19.500000000000004 24.19
      vertex 30.45 -19.500000000000004 0
    endloop
  endfacet
  facet normal 1 0 0
    outer loop
      vertex -2.9499999999999997 1.9000000000000001 63.76
      vertex -2.9499999999999997 -0.8 63.26
      vertex -2.9499999999999997 -0.8 5.700000000000005
    endloop
  endfacet
  facet normal 1 0 0
    outer loop
      vertex -2.9499999999999997 -3.2000000029802322 47.610000002980236
      vertex -2.9499999999999997 -2.4000000000000004 63.26
      vertex -2.9499999999999997 -3.21283271163702 47.805789287984375
    endloop
  endfacet
  facet normal 1 0 0
    outer loop
      vertex -2.9499999999999997 -3.21283271163702 47.805789287984375
      vertex -2.9499999999999997 -2.4000000000000004 63.26
      vertex -2.9499999999999997 -3.251111261546612 47.99822856843472
    endloop
  endfacet
  facet normal 1 0 0
    outer loop
      vertex -2.9499999999999997 -3.251111261546612 47.99822856843472
      vertex -2.9499999999999997 -2.4000000000000004 63.26
      vertex -2.9499999999999997 -3.314180701971054 48.184025149643425
    endloop
  endfacet
  facet normal 1 0 0
    outer loop
      vertex -2.9499999999999997 -3.314180701971054 48.184025149643425
      vertex -2.9499999999999997 -2.4000000000000004 63.26
      vertex -2.9499999999999997 -3.400961898267269 48.360000002980236
    endloop
  endfacet
  facet normal 1 0 0
    outer loop
      vertex -2.9499999999999997 -3.400961898267269 48.360000002980236
      vertex -2.9499999999999997 -2.4000000000000004 63.26
      vertex -2.9499999999999997 -3.5099699944257736 48.52314214766026
    endloop
  endfacet
  facet normal 1 0 0
    outer loop
      vertex -2.9499999999999997 -3.5099699944257736 48.52314214766026
      vertex -2.9499999999999997 -2.4000000000000004 63.26
      vertex -2.9499999999999997 -3.6393398344516754 48.67066017150879
    endloop
  endfacet
  facet normal 1 0 0
    outer loop
      vertex -2.9499999999999997 -3.6393398344516754 48.67066017150879
      vertex -2.9499999999999997 -2.4000000000000004 63.26
      vertex -2.9499999999999997 -3.786857858300209 48.800030011534695
    endloop
  endfacet
  facet normal 1 0 0
    outer loop
      vertex -2.9499999999999997 -3.786857858300209 48.800030011534695
      vertex -2.9499999999999997 -2.4000000000000004 63.26
      vertex -2.9499999999999997 -3.9500000029802322 48.9090381076932
    endloop
  endfacet
  facet normal 1 0 0
    outer loop
      vertex -2.9499999999999997 -3.9500000029802322 48.9090381076932
      vertex -2.9499999999999997 -2.4000000000000004 63.26
      vertex -2.9499999999999997 -4.125974856317043 48.995819303989414
    endloop
  endfacet
  facet normal 1 0 0
    outer loop
      vertex -2.9499999999999997 -4.125974856317043 48.995819303989414
      vertex -2.9499999999999997 -2.4000000000000004 63.26
      vertex -2.9499999999999997 -4.311771437525749 49.058888744413856
    endloop
  endfacet
  facet normal 1 0 0
    outer loop
      vertex -2.9499999999999997 -4.311771437525749 49.058888744413856
      vertex -2.9499999999999997 -2.4000000000000004 63.26
      vertex -2.9499999999999997 -4.504210717976093 49.09716729432345
    endloop
  endfacet
  facet normal 1 0 0
    outer loop
      vertex -2.9499999999999997 -4.504210717976093 49.09716729432345
      vertex -2.9499999999999997 -2.4000000000000004 63.26
      vertex -2.9499999999999997 -4.700000002980232 49.110000002980236
    endloop
  endfacet
  facet normal 1 0 0
    outer loop
      vertex -2.9499999999999997 1.9000000000000001 63.76
      vertex -2.9499999999999997 -19.500000000000004 63.76
      vertex -2.9499999999999997 -0.8 63.26
    endloop
  endfacet
  facet normal 1 0 0
    outer loop
      vertex -2.9499999999999997 -19.500000000000004 63.76
      vertex -2.9499999999999997 -2.4000000000000004 63.26
      vertex -2.9499999999999997 -0.8 63.26
    endloop
  endfacet
  facet normal 0 -1 0
    outer loop
      vertex -2.9499999999999997 1.9000000000000001 0
      vertex 30.45 1.9000000000000001 63.76
      vertex -2.9499999999999997 1.9000000000000001 63.76
    endloop
  endfacet
  facet normal 0 0 -1
    outer loop
      vertex -2.9499999999999997 1.9000000000000001 63.76
      vertex 30.45 1.9000000000000001 63.76
      vertex -2.9499999999999997 -19.500000000000004 63.76
    endloop
  endfacet
  facet normal 1 0 0
    outer loop
      vertex -2.9499999999999997 -9.78716728836298 37.4142107179761
      vertex -2.9499999999999997 -9.799999997019768 37.610000002980236
      vertex -2.9499999999999997 -19.500000000000004 63.76
    endloop
  endfacet
  facet normal 1 0 0
    outer loop
      vertex -2.9499999999999997 -4.700000002980232 49.110000002980236
      vertex -2.9499999999999997 -19.500000000000004 63.76
      vertex -2.9499999999999997 -8.299999997019768 49.110000002980236
    endloop
  endfacet
  facet normal 1 0 0
    outer loop
      vertex -2.9499999999999997 -4.700000002980232 49.110000002980236
      vertex -2.9499999999999997 -2.4000000000000004 63.26
      vertex -2.9499999999999997 -19.500000000000004 63.76
    endloop
  endfacet
  facet normal 1 0 0
    outer loop
      vertex -2.9499999999999997 -9.799999997019768 37.610000002980236
      vertex -2.9499999999999997 -9.799999997019768 47.610000002980236
      vertex -2.9499999999999997 -19.500000000000004 63.76
    endloop
  endfacet
  facet normal 1 0 0
    outer loop
      vertex -2.9499999999999997 -8.299999997019768 49.110000002980236
      vertex -2.9499999999999997 -19.500000000000004 63.76
      vertex -2.9499999999999997 -8.495789282023907 49.09716729432345
    endloop
  endfacet
  facet normal 1 0 0
    outer loop
      vertex -2.9499999999999997 -8.495789282023907 49.09716729432345
      vertex -2.9499999999999997 -19.500000000000004 63.76
      vertex -2.9499999999999997 -8.68822856247425 49.058888744413856
    endloop
  endfacet
  facet normal 1 0 0
    outer loop
      vertex -2.9499999999999997 -8.68822856247425 49.058888744413856
      vertex -2.9499999999999997 -19.500000000000004 63.76
      vertex -2.9499999999999997 -8.874025143682957 48.995819303989414
    endloop
  endfacet
  facet normal 1 0 0
    outer loop
      vertex -2.9499999999999997 -8.874025143682957 48.995819303989414
      vertex -2.9499999999999997 -19.500000000000004 63.76
      vertex -2.9499999999999997 -9.049999997019768 48.9090381076932
    endloop
  endfacet
  facet normal 1 0 0
    outer loop
      vertex -2.9499999999999997 -9.049999997019768 48.9090381076932
      vertex -2.9499999999999997 -19.500000000000004 63.76
      vertex -2.9499999999999997 -9.213142141699791 48.800030011534695
    endloop
  endfacet
  facet normal 1 0 0
    outer loop
      vertex -2.9499999999999997 -9.360660165548325 48.67066017150879
      vertex -2.9499999999999997 -9.213142141699791 48.800030011534695
      vertex -2.9499999999999997 -19.500000000000004 63.76
    endloop
  endfacet
  facet normal 1 0 0
    outer loop
      vertex -2.9499999999999997 -9.799999997019768 47.610000002980236
      vertex -2.9499999999999997 -9.78716728836298 47.805789287984375
      vertex -2.9499999999999997 -19.500000000000004 63.76
    endloop
  endfacet
  facet normal 1 0 0
    outer loop
      vertex -2.9499999999999997 -9.360660165548325 48.67066017150879
      vertex -2.9499999999999997 -19.500000000000004 63.76
      vertex -2.9499999999999997 -9.490030005574226 48.52314214766026
    endloop
  endfacet
  facet normal 1 0 0
    outer loop
      vertex -2.9499999999999997 -9.490030005574226 48.52314214766026
      vertex -2.9499999999999997 -19.500000000000004 63.76
      vertex -2.9499999999999997 -9.59903810173273 48.360000002980236
    endloop
  endfacet
  facet normal 1 0 0
    outer loop
      vertex -2.9499999999999997 -9.748888738453388 47.99822856843472
      vertex -2.9499999999999997 -9.685819298028946 48.184025149643425
      vertex -2.9499999999999997 -19.500000000000004 63.76
    endloop
  endfacet
  facet normal 1 0 0
    outer loop
      vertex -2.9499999999999997 -9.748888738453388 47.99822856843472
      vertex -2.9499999999999997 -19.500000000000004 63.76
      vertex -2.9499999999999997 -9.78716728836298 47.805789287984375
    endloop
  endfacet
  facet normal 1 0 0
    outer loop
      vertex -2.9499999999999997 -9.59903810173273 48.360000002980236
      vertex -2.9499999999999997 -19.500000000000004 63.76
      vertex -2.9499999999999997 -9.685819298028946 48.184025149643425
    endloop
  endfacet
  facet normal 0 1 0
    outer loop
      vertex -2.9499999999999997 -19.500000000000004 63.76
      vertex -0.5171672920607155 -19.500000000000004 54.50578928833008
      vertex -0.53 -19.500000000000004 54.31
    endloop
  endfacet
  facet normal 0 1 0
    outer loop
      vertex -2.9499999999999997 -19.500000000000004 63.76
      vertex -0.47888873943360255 -19.500000000000004 54.698228567653786
      vertex -0.5171672920607155 -19.500000000000004 54.50578928833008
    endloop
  endfacet
  facet normal 0 1 0
    outer loop
      vertex -2.9499999999999997 -19.500000000000004 63.76
      vertex -0.41581929876693 -19.500000000000004 54.884025148547636
      vertex -0.47888873943360255 -19.500000000000004 54.698228567653786
    endloop
  endfacet
  facet normal 0 1 0
    outer loop
      vertex -2.9499999999999997 -19.500000000000004 63.76
      vertex -0.32903810567665803 -19.500000000000004 55.06
      vertex -0.41581929876693 -19.500000000000004 54.884025148547636
    endloop
  endfacet
  facet normal 0 1 0
    outer loop
      vertex -2.9499999999999997 -19.500000000000004 63.76
      vertex -0.22003001043685289 -19.500000000000004 55.22314214351308
      vertex -0.32903810567665803 -19.500000000000004 55.06
    endloop
  endfacet
  facet normal 0 1 0
    outer loop
      vertex -2.9499999999999997 -19.500000000000004 63.76
      vertex -0.09066017177982144 -19.500000000000004 55.370660171779825
      vertex -0.22003001043685289 -19.500000000000004 55.22314214351308
    endloop
  endfacet
  facet normal 0 1 0
    outer loop
      vertex -2.9499999999999997 -19.500000000000004 63.76
      vertex 0.05685785648691899 -19.500000000000004 55.50003001043685
      vertex -0.09066017177982144 -19.500000000000004 55.370660171779825
    endloop
  endfacet
  facet normal 0 1 0
    outer loop
      vertex -2.9499999999999997 -19.500000000000004 63.76
      vertex 0.21999999999999997 -19.500000000000004 55.60903810567666
      vertex 0.05685785648691899 -19.500000000000004 55.50003001043685
    endloop
  endfacet
  facet normal 0 1 0
    outer loop
      vertex -2.9499999999999997 -19.500000000000004 63.76
      vertex 0.39597485145236533 -19.500000000000004 55.695819298766935
      vertex 0.21999999999999997 -19.500000000000004 55.60903810567666
    endloop
  endfacet
  facet normal 0 1 0
    outer loop
      vertex -2.9499999999999997 -19.500000000000004 63.76
      vertex 0.5817714323462189 -19.500000000000004 55.75888873943361
      vertex 0.39597485145236533 -19.500000000000004 55.695819298766935
    endloop
  endfacet
  facet normal 0 1 0
    outer loop
      vertex -2.9499999999999997 -19.500000000000004 63.76
      vertex 0.7742107116699226 -19.500000000000004 55.79716729206072
      vertex 0.5817714323462189 -19.500000000000004 55.75888873943361
    endloop
  endfacet
  facet normal 0 1 0
    outer loop
      vertex -2.9499999999999997 -19.500000000000004 63.76
      vertex 0.97 -19.500000000000004 55.81
      vertex 0.7742107116699226 -19.500000000000004 55.79716729206072
    endloop
  endfacet
  facet normal 0 1 0
    outer loop
      vertex -2.9499999999999997 -19.500000000000004 63.76
      vertex 30.45 -19.500000000000004 63.76
      vertex 0.97 -19.500000000000004 55.81
    endloop
  endfacet
  facet normal 0 -1 0
    outer loop
      vertex -2.9499999999999997 1.9000000000000001 0
      vertex 30.45 1.9000000000000001 0
      vertex 30.45 1.9000000000000001 63.76
    endloop
  endfacet
  facet normal -1 0 0
    outer loop
      vertex 30.45 1.9000000000000001 0
      vertex 30.45 -19.500000000000004 0
      vertex 30.45 -0.8 5.700000000000005
    endloop
  endfacet
  facet normal -1 0 0
    outer loop
      vertex 30.45 -19.500000000000004 0
      vertex 30.45 -2.4000000000000004 5.700000000000005
      vertex 30.45 -0.8 5.700000000000005
    endloop
  endfacet
  facet normal -1 0 0
    outer loop
      vertex 30.45 1.9000000000000001 0
      vertex 30.45 -0.8 5.700000000000005
      vertex 30.45 1.9000000000000001 63.76
    endloop
  endfacet
  facet normal -1 0 0
    outer loop
      vertex 30.45 -4.352240934967995 44.29463313132525
      vertex 30.45 -4.268148347735405 44.54236191123724
      vertex 30.45 -2.4000000000000004 5.700000000000005
    endloop
  endfacet
  facet normal -1 0 0
    outer loop
      vertex 30.45 -4.268148347735405 44.54236191123724
      vertex 30.45 -4.21711028367281 44.798947613537315
      vertex 30.45 -2.4000000000000004 5.700000000000005
    endloop
  endfacet
  facet normal -1 0 0
    outer loop
      vertex 30.45 -4.21711028367281 44.798947613537315
      vertex 30.45 -4.200000002980232 45.05999999850989
      vertex 30.45 -2.4000000000000004 5.700000000000005
    endloop
  endfacet
  facet normal -1 0 0
    outer loop
      vertex 30.45 -4.467949196696281 44.05999999850989
      vertex 30.45 -4.352240934967995 44.29463313132525
      vertex 30.45 -2.4000000000000004 5.700000000000005
    endloop
  endfacet
  facet normal -1 0 0
    outer loop
      vertex 30.45 -4.467949196696281 44.05999999850989
      vertex 30.45 -2.4000000000000004 5.700000000000005
      vertex 30.45 -4.613293319940567 43.84247713893652
    endloop
  endfacet
  facet normal -1 0 0
    outer loop
      vertex 30.45 -4.78578644245863 43.645786437988285
      vertex 30.45 -4.613293319940567 43.84247713893652
      vertex 30.45 -2.4000000000000004 5.700000000000005
    endloop
  endfacet
  facet normal -1 0 0
    outer loop
      vertex 30.45 -4.78578644245863 43.645786437988285
      vertex 30.45 -2.4000000000000004 5.700000000000005
      vertex 30.45 -4.982477143406868 43.47329331547022
    endloop
  endfacet
  facet normal -1 0 0
    outer loop
      vertex 30.45 -4.200000002980232 45.05999999850989
      vertex 30.45 -4.200000002980232 52.05999999850989
      vertex 30.45 -2.4000000000000004 5.700000000000005
    endloop
  endfacet
  facet normal -1 0 0
    outer loop
      vertex 30.45 -4.982477143406868 43.47329331547022
      vertex 30.45 -2.4000000000000004 5.700000000000005
      vertex 30.45 -5.200000002980232 43.32794919222594
    endloop
  endfacet
  facet normal -1 0 0
    outer loop
      vertex 30.45 -5.200000002980232 43.32794919222594
      vertex 30.45 -2.4000000000000004 5.700000000000005
      vertex 30.45 -5.434633135795593 43.21224093049765
    endloop
  endfacet
  facet normal -1 0 0
    outer loop
      vertex 30.45 -5.434633135795593 43.21224093049765
      vertex 30.45 -2.4000000000000004 5.700000000000005
      vertex 30.45 -5.682361915707588 43.12814834326506
    endloop
  endfacet
  facet normal -1 0 0
    outer loop
      vertex 30.45 -5.682361915707588 43.12814834326506
      vertex 30.45 -2.4000000000000004 5.700000000000005
      vertex 30.45 -5.93894761800766 43.077110279202465
    endloop
  endfacet
  facet normal -1 0 0
    outer loop
      vertex 30.45 -5.93894761800766 43.077110279202465
      vertex 30.45 -2.4000000000000004 5.700000000000005
      vertex 30.45 -6.200000002980232 43.05999999850989
    endloop
  endfacet
  facet normal -1 0 0
    outer loop
      vertex 30.45 -6.200000002980232 43.05999999850989
      vertex 30.45 -2.4000000000000004 5.700000000000005
      vertex 30.45 -12.600000001490116 43.05999999850989
    endloop
  endfacet
  facet normal 0 1 0
    outer loop
      vertex 0.97 -19.500000000000004 24.19
      vertex 26.529999999999998 -19.500000000000004 24.19
      vertex 30.45 -19.500000000000004 0
    endloop
  endfacet
  facet normal 0 1 0
    outer loop
      vertex 26.529999999999998 -19.500000000000004 24.19
      vertex 26.725789288330073 -19.500000000000004 24.202832707939287
      vertex 30.45 -19.500000000000004 0
    endloop
  endfacet
  facet normal 0 1 0
    outer loop
      vertex 26.725789288330073 -19.500000000000004 24.202832707939287
      vertex 26.918228567653777 -19.500000000000004 24.2411112605664
      vertex 30.45 -19.500000000000004 0
    endloop
  endfacet
  facet normal 0 1 0
    outer loop
      vertex 26.918228567653777 -19.500000000000004 24.2411112605664
      vertex 27.10402514854763 -19.500000000000004 24.304180701233072
      vertex 30.45 -19.500000000000004 0
    endloop
  endfacet
  facet normal -1 0 0
    outer loop
      vertex 30.45 -19.500000000000004 0
      vertex 30.45 -14.447759069502354 44.29463313132525
      vertex 30.45 -2.4000000000000004 5.700000000000005
    endloop
  endfacet
  facet normal 0 1 0
    outer loop
      vertex 27.10402514854763 -19.500000000000004 24.304180701233072
      vertex 27.279999999999998 -19.500000000000004 24.390961894323343
      vertex 30.45 -19.500000000000004 0
    endloop
  endfacet
  facet normal 0 1 0
    outer loop
      vertex 27.279999999999998 -19.500000000000004 24.390961894323343
      vertex 27.44314214351308 -19.500000000000004 24.499969989563148
      vertex 30.45 -19.500000000000004 0
    endloop
  endfacet
  facet normal 0 1 0
    outer loop
      vertex 27.44314214351308 -19.500000000000004 24.499969989563148
      vertex 27.59066017177982 -19.500000000000004 24.629339828220182
      vertex 30.45 -19.500000000000004 0
    endloop
  endfacet
  facet normal 0 1 0
    outer loop
      vertex 27.59066017177982 -19.500000000000004 24.629339828220182
      vertex 27.72003001043685 -19.500000000000004 24.77685785648692
      vertex 30.45 -19.500000000000004 0
    endloop
  endfacet
  facet normal 0 1 0
    outer loop
      vertex 27.72003001043685 -19.500000000000004 24.77685785648692
      vertex 27.829038105676656 -19.500000000000004 24.94
      vertex 30.45 -19.500000000000004 0
    endloop
  endfacet
  facet normal 0 1 0
    outer loop
      vertex 27.829038105676656 -19.500000000000004 24.94
      vertex 27.915819298766927 -19.500000000000004 25.115974851452364
      vertex 30.45 -19.500000000000004 0
    endloop
  endfacet
  facet normal 0 1 0
    outer loop
      vertex 27.915819298766927 -19.500000000000004 25.115974851452364
      vertex 27.9788887394336 -19.500000000000004 25.30177143234622
      vertex 30.45 -19.500000000000004 0
    endloop
  endfacet
  facet normal 0 1 0
    outer loop
      vertex 27.9788887394336 -19.500000000000004 25.30177143234622
      vertex 28.017167292060712 -19.500000000000004 25.494210711669922
      vertex 30.45 -19.500000000000004 0
    endloop
  endfacet
  facet normal 0 1 0
    outer loop
      vertex 28.017167292060712 -19.500000000000004 25.494210711669922
      vertex 28.029999999999998 -19.500000000000004 25.69
      vertex 30.45 -19.500000000000004 0
    endloop
  endfacet
  facet normal -1 0 0
    outer loop
      vertex 30.45 -12.600000001490116 43.05999999850989
      vertex 30.45 -2.4000000000000004 5.700000000000005
      vertex 30.45 -12.861052386462688 43.077110279202465
    endloop
  endfacet
  facet normal -1 0 0
    outer loop
      vertex 30.45 -12.861052386462688 43.077110279202465
      vertex 30.45 -2.4000000000000004 5.700000000000005
      vertex 30.45 -13.11763808876276 43.12814834326506
    endloop
  endfacet
  facet normal -1 0 0
    outer loop
      vertex 30.45 -13.11763808876276 43.12814834326506
      vertex 30.45 -2.4000000000000004 5.700000000000005
      vertex 30.45 -13.365366868674755 43.21224093049765
    endloop
  endfacet
  facet normal -1 0 0
    outer loop
      vertex 30.45 -13.365366868674755 43.21224093049765
      vertex 30.45 -2.4000000000000004 5.700000000000005
      vertex 30.45 -13.600000001490116 43.32794919222594
    endloop
  endfacet
  facet normal -1 0 0
    outer loop
      vertex 30.45 -13.600000001490116 43.32794919222594
      vertex 30.45 -2.4000000000000004 5.700000000000005
      vertex 30.45 -13.81752286106348 43.47329331547022
    endloop
  endfacet
  facet normal -1 0 0
    outer loop
      vertex 30.45 -13.81752286106348 43.47329331547022
      vertex 30.45 -2.4000000000000004 5.700000000000005
      vertex 30.45 -14.014213562011719 43.645786437988285
    endloop
  endfacet
  facet normal -1 0 0
    outer loop
      vertex 30.45 -14.014213562011719 43.645786437988285
      vertex 30.45 -2.4000000000000004 5.700000000000005
      vertex 30.45 -14.186706684529781 43.84247713893652
    endloop
  endfacet
  facet normal -1 0 0
    outer loop
      vertex 30.45 -14.186706684529781 43.84247713893652
      vertex 30.45 -2.4000000000000004 5.700000000000005
      vertex 30.45 -14.332050807774067 44.05999999850989
    endloop
  endfacet
  facet normal -1 0 0
    outer loop
      vertex 30.45 -14.332050807774067 44.05999999850989
      vertex 30.45 -2.4000000000000004 5.700000000000005
      vertex 30.45 -14.447759069502354 44.29463313132525
    endloop
  endfacet
  facet normal -1 0 0
    outer loop
      vertex 30.45 -19.500000000000004 0
      vertex 30.45 -14.531851656734943 44.54236191123724
      vertex 30.45 -14.447759069502354 44.29463313132525
    endloop
  endfacet
  facet normal 0 1 0
    outer loop
      vertex 28.029999999999998 -19.500000000000004 25.69
      vertex 28.029999999999998 -19.500000000000004 54.31
      vertex 30.45 -19.500000000000004 0
    endloop
  endfacet
  facet normal -1 0 0
    outer loop
      vertex 30.45 -19.500000000000004 0
      vertex 30.45 -14.582889720797539 44.798947613537315
      vertex 30.45 -14.531851656734943 44.54236191123724
    endloop
  endfacet
  facet normal -1 0 0
    outer loop
      vertex 30.45 -19.500000000000004 0
      vertex 30.45 -14.600000001490116 45.05999999850989
      vertex 30.45 -14.582889720797539 44.798947613537315
    endloop
  endfacet
  facet normal -1 0 0
    outer loop
      vertex 30.45 -19.500000000000004 0
      vertex 30.45 -14.600000001490116 52.05999999850989
      vertex 30.45 -14.600000001490116 45.05999999850989
    endloop
  endfacet
  facet normal -1 0 0
    outer loop
      vertex 30.45 -19.500000000000004 0
      vertex 30.45 -19.500000000000004 63.76
      vertex 30.45 -14.600000001490116 52.05999999850989
    endloop
  endfacet
  facet normal 0 1 0
    outer loop
      vertex 30.45 -19.500000000000004 0
      vertex 28.029999999999998 -19.500000000000004 54.31
      vertex 30.45 -19.500000000000004 63.76
    endloop
  endfacet
  facet normal -1 0 0
    outer loop
      vertex 30.45 1.9000000000000001 63.76
      vertex 30.45 -0.8 5.700000000000005
      vertex 30.45 -0.8 63.26
    endloop
  endfacet
  facet normal -1 0 0
    outer loop
      vertex 30.45 -4.200000002980232 52.05999999850989
      vertex 30.45 -2.4000000000000004 63.26
      vertex 30.45 -2.4000000000000004 5.700000000000005
    endloop
  endfacet
  facet normal -1 0 0
    outer loop
      vertex 30.45 -4.200000002980232 52.05999999850989
      vertex 30.45 -4.21711028367281 52.32105238348246
      vertex 30.45 -2.4000000000000004 63.26
    endloop
  endfacet
  facet normal -1 0 0
    outer loop
      vertex 30.45 -4.21711028367281 52.32105238348246
      vertex 30.45 -4.268148347735405 52.57763808578253
      vertex 30.45 -2.4000000000000004 63.26
    endloop
  endfacet
  facet normal -1 0 0
    outer loop
      vertex 30.45 -4.268148347735405 52.57763808578253
      vertex 30.45 -4.352240934967995 52.82536686569453
      vertex 30.45 -2.4000000000000004 63.26
    endloop
  endfacet
  facet normal -1 0 0
    outer loop
      vertex 30.45 -4.352240934967995 52.82536686569453
      vertex 30.45 -4.467949196696281 53.05999999850989
      vertex 30.45 -2.4000000000000004 63.26
    endloop
  endfacet
  facet normal -1 0 0
    outer loop
      vertex 30.45 -4.467949196696281 53.05999999850989
      vertex 30.45 -4.613293319940567 53.27752285808325
      vertex 30.45 -2.4000000000000004 63.26
    endloop
  endfacet
  facet normal -1 0 0
    outer loop
      vertex 30.45 -4.613293319940567 53.27752285808325
      vertex 30.45 -4.78578644245863 53.47421355903149
      vertex 30.45 -2.4000000000000004 63.26
    endloop
  endfacet
  facet normal -1 0 0
    outer loop
      vertex 30.45 -4.78578644245863 53.47421355903149
      vertex 30.45 -4.982477143406868 53.64670668154955
      vertex 30.45 -2.4000000000000004 63.26
    endloop
  endfacet
  facet normal -1 0 0
    outer loop
      vertex 30.45 -4.982477143406868 53.64670668154955
      vertex 30.45 -5.200000002980232 53.79205080479384
      vertex 30.45 -2.4000000000000004 63.26
    endloop
  endfacet
  facet normal -1 0 0
    outer loop
      vertex 30.45 -5.200000002980232 53.79205080479384
      vertex 30.45 -5.434633135795593 53.907759066522125
      vertex 30.45 -2.4000000000000004 63.26
    endloop
  endfacet
  facet normal -1 0 0
    outer loop
      vertex 30.45 -5.434633135795593 53.907759066522125
      vertex 30.45 -5.682361915707588 53.991851653754715
      vertex 30.45 -2.4000000000000004 63.26
    endloop
  endfacet
  facet normal -1 0 0
    outer loop
      vertex 30.45 -5.682361915707588 53.991851653754715
      vertex 30.45 -5.93894761800766 54.04288971781731
      vertex 30.45 -2.4000000000000004 63.26
    endloop
  endfacet
  facet normal -1 0 0
    outer loop
      vertex 30.45 -5.93894761800766 54.04288971781731
      vertex 30.45 -6.200000002980232 54.05999999850989
      vertex 30.45 -2.4000000000000004 63.26
    endloop
  endfacet
  facet normal -1 0 0
    outer loop
      vertex 30.45 -6.200000002980232 54.05999999850989
      vertex 30.45 -12.600000001490116 54.05999999850989
      vertex 30.45 -2.4000000000000004 63.26
    endloop
  endfacet
  facet normal -1 0 0
    outer loop
      vertex 30.45 1.9000000000000001 63.76
      vertex 30.45 -0.8 63.26
      vertex 30.45 -19.500000000000004 63.76
    endloop
  endfacet
  facet normal -1 0 0
    outer loop
      vertex 30.45 -19.500000000000004 63.76
      vertex 30.45 -0.8 63.26
      vertex 30.45 -2.4000000000000004 63.26
    endloop
  endfacet
  facet normal 0 1 0
    outer loop
      vertex 0.97 -19.500000000000004 55.81
      vertex 30.45 -19.500000000000004 63.76
      vertex 26.529999999999998 -19.500000000000004 55.81
    endloop
  endfacet
  facet normal 0 1 0
    outer loop
      vertex 26.529999999999998 -19.500000000000004 55.81
      vertex 30.45 -19.500000000000004 63.76
      vertex 26.725789288330073 -19.500000000000004 55.79716729206072
    endloop
  endfacet
  facet normal 0 1 0
    outer loop
      vertex 26.725789288330073 -19.500000000000004 55.79716729206072
      vertex 30.45 -19.500000000000004 63.76
      vertex 26.918228567653777 -19.500000000000004 55.75888873943361
    endloop
  endfacet
  facet normal 0 1 0
    outer loop
      vertex 26.918228567653777 -19.500000000000004 55.75888873943361
      vertex 30.45 -19.500000000000004 63.76
      vertex 27.10402514854763 -19.500000000000004 55.695819298766935
    endloop
  endfacet
  facet normal 0 0 -1
    outer loop
      vertex -2.9499999999999997 -19.500000000000004 63.76
      vertex 30.45 1.9000000000000001 63.76
      vertex 30.45 -19.500000000000004 63.76
    endloop
  endfacet
  facet normal -1 0 0
    outer loop
      vertex 30.45 -12.600000001490116 54.05999999850989
      vertex 30.45 -12.861052386462688 54.04288971781731
      vertex 30.45 -19.500000000000004 63.76
    endloop
  endfacet
  facet normal -1 0 0
    outer loop
      vertex 30.45 -14.186706684529781 53.27752285808325
      vertex 30.45 -14.332050807774067 53.05999999850989
      vertex 30.45 -19.500000000000004 63.76
    endloop
  endfacet
  facet normal -1 0 0
    outer loop
      vertex 30.45 -14.582889720797539 52.32105238348246
      vertex 30.45 -19.500000000000004 63.76
      vertex 30.45 -14.531851656734943 52.57763808578253
    endloop
  endfacet
  facet normal -1 0 0
    outer loop
      vertex 30.45 -14.447759069502354 52.82536686569453
      vertex 30.45 -14.531851656734943 52.57763808578253
      vertex 30.45 -19.500000000000004 63.76
    endloop
  endfacet
  facet normal -1 0 0
    outer loop
      vertex 30.45 -14.332050807774067 53.05999999850989
      vertex 30.45 -14.447759069502354 52.82536686569453
      vertex 30.45 -19.500000000000004 63.76
    endloop
  endfacet
  facet normal -1 0 0
    outer loop
      vertex 30.45 -14.600000001490116 52.05999999850989
      vertex 30.45 -19.500000000000004 63.76
      vertex 30.45 -14.582889720797539 52.32105238348246
    endloop
  endfacet
  facet normal -1 0 0
    outer loop
      vertex 30.45 -12.861052386462688 54.04288971781731
      vertex 30.45 -13.11763808876276 53.991851653754715
      vertex 30.45 -19.500000000000004 63.76
    endloop
  endfacet
  facet normal -1 0 0
    outer loop
      vertex 30.45 -13.11763808876276 53.991851653754715
      vertex 30.45 -13.365366868674755 53.907759066522125
      vertex 30.45 -19.500000000000004 63.76
    endloop
  endfacet
  facet normal -1 0 0
    outer loop
      vertex 30.45 -13.365366868674755 53.907759066522125
      vertex 30.45 -13.600000001490116 53.79205080479384
      vertex 30.45 -19.500000000000004 63.76
    endloop
  endfacet
  facet normal -1 0 0
    outer loop
      vertex 30.45 -13.81752286106348 53.64670668154955
      vertex 30.45 -19.500000000000004 63.76
      vertex 30.45 -13.600000001490116 53.79205080479384
    endloop
  endfacet
  facet normal -1 0 0
    outer loop
      vertex 30.45 -13.81752286106348 53.64670668154955
      vertex 30.45 -14.014213562011719 53.47421355903149
      vertex 30.45 -19.500000000000004 63.76
    endloop
  endfacet
  facet normal -1 0 0
    outer loop
      vertex 30.45 -14.014213562011719 53.47421355903149
      vertex 30.45 -14.186706684529781 53.27752285808325
      vertex 30.45 -19.500000000000004 63.76
    endloop
  endfacet
  facet normal 0 1 0
    outer loop
      vertex 27.72003001043685 -19.500000000000004 55.22314214351308
      vertex 30.45 -19.500000000000004 63.76
      vertex 27.829038105676656 -19.500000000000004 55.06
    endloop
  endfacet
  facet normal 0 1 0
    outer loop
      vertex 28.017167292060712 -19.500000000000004 54.50578928833008
      vertex 27.9788887394336 -19.500000000000004 54.698228567653786
      vertex 30.45 -19.500000000000004 63.76
    endloop
  endfacet
  facet normal 0 1 0
    outer loop
      vertex 28.029999999999998 -19.500000000000004 54.31
      vertex 28.017167292060712 -19.500000000000004 54.50578928833008
      vertex 30.45 -19.500000000000004 63.76
    endloop
  endfacet
  facet normal 0 1 0
    outer loop
      vertex 27.9788887394336 -19.500000000000004 54.698228567653786
      vertex 27.915819298766927 -19.500000000000004 54.884025148547636
      vertex 30.45 -19.500000000000004 63.76
    endloop
  endfacet
  facet normal 0 1 0
    outer loop
      vertex 27.915819298766927 -19.500000000000004 54.884025148547636
      vertex 27.829038105676656 -19.500000000000004 55.06
      vertex 30.45 -19.500000000000004 63.76
    endloop
  endfacet
  facet normal 0 1 0
    outer loop
      vertex 27.279999999999998 -19.500000000000004 55.60903810567666
      vertex 30.45 -19.500000000000004 63.76
      vertex 27.44314214351308 -19.500000000000004 55.50003001043685
    endloop
  endfacet
  facet normal 0 1 0
    outer loop
      vertex 27.10402514854763 -19.500000000000004 55.695819298766935
      vertex 30.45 -19.500000000000004 63.76
      vertex 27.279999999999998 -19.500000000000004 55.60903810567666
    endloop
  endfacet
  facet normal 0 1 0
    outer loop
      vertex 27.72003001043685 -19.500000000000004 55.22314214351308
      vertex 27.59066017177982 -19.500000000000004 55.370660171779825
      vertex 30.45 -19.500000000000004 63.76
    endloop
  endfacet
  facet normal 0 1 0
    outer loop
      vertex 27.44314214351308 -19.500000000000004 55.50003001043685
      vertex 30.45 -19.500000000000004 63.76
      vertex 27.59066017177982 -19.500000000000004 55.370660171779825
    endloop
  endfacet
  facet normal -1 0 0
    outer loop
      vertex 30.45 -12.600000001490116 54.05999999850989
      vertex 30.45 -19.500000000000004 63.76
      vertex 30.45 -2.4000000000000004 63.26
    endloop
  endfacet
  facet normal 0 -0.8968727369300094 0.4422886995523108
    outer loop
      vertex -7.950000000000003 -3.400961898267269 36.860000002980236
      vertex -2.9499999999999997 -3.400961898267269 36.860000002980236
      vertex -7.950000000000003 -3.314180701971054 37.03597485631705
    endloop
  endfacet
  facet normal 0 -0.8314696119753573 0.5555702335092735
    outer loop
      vertex -7.950000000000003 -3.5099699944257736 36.69685785830021
      vertex -2.9499999999999997 -3.5099699944257736 36.69685785830021
      vertex -7.950000000000003 -3.400961898267269 36.860000002980236
    endloop
  endfacet
  facet normal 0 -0.7518397942312051 0.6593458302062576
    outer loop
      vertex -7.950000000000003 -3.5099699944257736 36.69685785830021
      vertex -7.950000000000003 -3.6393398344516754 36.54933983445168
      vertex -2.9499999999999997 -3.6393398344516754 36.54933983445168
    endloop
  endfacet
  facet normal 0 -0.5555702335092735 0.8314696119753573
    outer loop
      vertex -7.950000000000003 -3.9500000029802322 36.31096189826727
      vertex -2.9499999999999997 -3.9500000029802322 36.31096189826727
      vertex -7.950000000000003 -3.786857858300209 36.41996999442578
    endloop
  endfacet
  facet normal 0 -0.4422886995523108 0.8968727369300094
    outer loop
      vertex -7.950000000000003 -3.9500000029802322 36.31096189826727
      vertex -7.950000000000003 -4.125974856317043 36.22418070197106
      vertex -2.9499999999999997 -4.125974856317043 36.22418070197106
    endloop
  endfacet
  facet normal 0 -0.6593458302062576 0.7518397942312051
    outer loop
      vertex -7.950000000000003 -3.6393398344516754 36.54933983445168
      vertex -7.950000000000003 -3.786857858300209 36.41996999442578
      vertex -2.9499999999999997 -3.786857858300209 36.41996999442578
    endloop
  endfacet
  facet normal 0 -0.9469301300366788 0.32143946370773846
    outer loop
      vertex -7.950000000000003 -3.314180701971054 37.03597485631705
      vertex -2.9499999999999997 -3.314180701971054 37.03597485631705
      vertex -7.950000000000003 -3.251111261546612 37.22177143752575
    endloop
  endfacet
  facet normal 0 -0.9807852832718771 0.19509030759446716
    outer loop
      vertex -7.950000000000003 -3.251111261546612 37.22177143752575
      vertex -2.9499999999999997 -3.251111261546612 37.22177143752575
      vertex -7.950000000000003 -3.21283271163702 37.4142107179761
    endloop
  endfacet
  facet normal 0 -0.9978589229274387 0.06540313397759875
    outer loop
      vertex -7.950000000000003 -3.21283271163702 37.4142107179761
      vertex -2.9499999999999997 -3.21283271163702 37.4142107179761
      vertex -7.950000000000003 -3.2000000029802322 37.610000002980236
    endloop
  endfacet
  facet normal 0 -0.8968727369300094 0.4422886995523108
    outer loop
      vertex -7.950000000000003 -3.314180701971054 37.03597485631705
      vertex -2.9499999999999997 -3.400961898267269 36.860000002980236
      vertex -2.9499999999999997 -3.314180701971054 37.03597485631705
    endloop
  endfacet
  facet normal 0 -0.8314696119753573 0.5555702335092735
    outer loop
      vertex -7.950000000000003 -3.400961898267269 36.860000002980236
      vertex -2.9499999999999997 -3.5099699944257736 36.69685785830021
      vertex -2.9499999999999997 -3.400961898267269 36.860000002980236
    endloop
  endfacet
  facet normal 0 -0.7518397942312051 0.6593458302062576
    outer loop
      vertex -7.950000000000003 -3.5099699944257736 36.69685785830021
      vertex -2.9499999999999997 -3.6393398344516754 36.54933983445168
      vertex -2.9499999999999997 -3.5099699944257736 36.69685785830021
    endloop
  endfacet
  facet normal 0 -0.6593458302062576 0.7518397942312051
    outer loop
      vertex -7.950000000000003 -3.6393398344516754 36.54933983445168
      vertex -2.9499999999999997 -3.786857858300209 36.41996999442578
      vertex -2.9499999999999997 -3.6393398344516754 36.54933983445168
    endloop
  endfacet
  facet normal 0 -0.5555702335092735 0.8314696119753573
    outer loop
      vertex -7.950000000000003 -3.786857858300209 36.41996999442578
      vertex -2.9499999999999997 -3.9500000029802322 36.31096189826727
      vertex -2.9499999999999997 -3.786857858300209 36.41996999442578
    endloop
  endfacet
  facet normal 0 -0.4422886995523108 0.8968727369300094
    outer loop
      vertex -7.950000000000003 -3.9500000029802322 36.31096189826727
      vertex -2.9499999999999997 -4.125974856317043 36.22418070197106
      vertex -2.9499999999999997 -3.9500000029802322 36.31096189826727
    endloop
  endfacet
  facet normal 0 -0.9469301300366788 0.32143946370773846
    outer loop
      vertex -7.950000000000003 -3.251111261546612 37.22177143752575
      vertex -2.9499999999999997 -3.314180701971054 37.03597485631705
      vertex -2.9499999999999997 -3.251111261546612 37.22177143752575
    endloop
  endfacet
  facet normal 0 -0.9807852832718771 0.19509030759446716
    outer loop
      vertex -7.950000000000003 -3.21283271163702 37.4142107179761
      vertex -2.9499999999999997 -3.251111261546612 37.22177143752575
      vertex -2.9499999999999997 -3.21283271163702 37.4142107179761
    endloop
  endfacet
  facet normal 0 -0.9978589229274387 0.06540313397759875
    outer loop
      vertex -7.950000000000003 -3.2000000029802322 37.610000002980236
      vertex -2.9499999999999997 -3.21283271163702 37.4142107179761
      vertex -2.9499999999999997 -3.2000000029802322 37.610000002980236
    endloop
  endfacet
  facet normal 0 -0.32143946370773846 0.9469301300366788
    outer loop
      vertex -7.950000000000003 -4.125974856317043 36.22418070197106
      vertex -7.950000000000003 -4.311771437525749 36.161111261546615
      vertex -2.9499999999999997 -4.311771437525749 36.161111261546615
    endloop
  endfacet
  facet normal 0 -0.19509030759446716 0.9807852832718771
    outer loop
      vertex -7.950000000000003 -4.311771437525749 36.161111261546615
      vertex -7.950000000000003 -4.504210717976093 36.122832711637024
      vertex -2.9499999999999997 -4.504210717976093 36.122832711637024
    endloop
  endfacet
  facet normal 0 -0.06540313397759875 0.9978589229274387
    outer loop
      vertex -7.950000000000003 -4.504210717976093 36.122832711637024
      vertex -7.950000000000003 -4.700000002980232 36.110000002980236
      vertex -2.9499999999999997 -4.700000002980232 36.110000002980236
    endloop
  endfacet
  facet normal 0 -0.32143946370773846 0.9469301300366788
    outer loop
      vertex -7.950000000000003 -4.125974856317043 36.22418070197106
      vertex -2.9499999999999997 -4.311771437525749 36.161111261546615
      vertex -2.9499999999999997 -4.125974856317043 36.22418070197106
    endloop
  endfacet
  facet normal 0 -0.19509030759446716 0.9807852832718771
    outer loop
      vertex -7.950000000000003 -4.311771437525749 36.161111261546615
      vertex -2.9499999999999997 -4.504210717976093 36.122832711637024
      vertex -2.9499999999999997 -4.311771437525749 36.161111261546615
    endloop
  endfacet
  facet normal 0 -0.06540313397759875 0.9978589229274387
    outer loop
      vertex -7.950000000000003 -4.504210717976093 36.122832711637024
      vertex -2.9499999999999997 -4.700000002980232 36.110000002980236
      vertex -2.9499999999999997 -4.504210717976093 36.122832711637024
    endloop
  endfacet
  facet normal 0 0 1
    outer loop
      vertex -7.950000000000003 -4.700000002980232 36.110000002980236
      vertex -7.950000000000003 -8.299999997019768 36.110000002980236
      vertex -2.9499999999999997 -8.299999997019768 36.110000002980236
    endloop
  endfacet
  facet normal 0 0 1
    outer loop
      vertex -7.950000000000003 -4.700000002980232 36.110000002980236
      vertex -2.9499999999999997 -8.299999997019768 36.110000002980236
      vertex -2.9499999999999997 -4.700000002980232 36.110000002980236
    endloop
  endfacet
  facet normal 0 0.06540313397759875 0.9978589229274387
    outer loop
      vertex -7.950000000000003 -8.299999997019768 36.110000002980236
      vertex -7.950000000000003 -8.495789282023907 36.122832711637024
      vertex -2.9499999999999997 -8.495789282023907 36.122832711637024
    endloop
  endfacet
  facet normal 0 0.19509030759446716 0.9807852832718771
    outer loop
      vertex -7.950000000000003 -8.495789282023907 36.122832711637024
      vertex -7.950000000000003 -8.68822856247425 36.161111261546615
      vertex -2.9499999999999997 -8.68822856247425 36.161111261546615
    endloop
  endfacet
  facet normal 0 0.06540313397759875 0.9978589229274387
    outer loop
      vertex -7.950000000000003 -8.299999997019768 36.110000002980236
      vertex -2.9499999999999997 -8.495789282023907 36.122832711637024
      vertex -2.9499999999999997 -8.299999997019768 36.110000002980236
    endloop
  endfacet
  facet normal 0 0.19509030759446716 0.9807852832718771
    outer loop
      vertex -7.950000000000003 -8.495789282023907 36.122832711637024
      vertex -2.9499999999999997 -8.68822856247425 36.161111261546615
      vertex -2.9499999999999997 -8.495789282023907 36.122832711637024
    endloop
  endfacet
  facet normal 0 0.32143946370773846 0.9469301300366788
    outer loop
      vertex -7.950000000000003 -8.68822856247425 36.161111261546615
      vertex -2.9499999999999997 -8.874025143682957 36.22418070197106
      vertex -2.9499999999999997 -8.68822856247425 36.161111261546615
    endloop
  endfacet
  facet normal 0 0.32143946370773846 0.9469301300366788
    outer loop
      vertex -7.950000000000003 -8.68822856247425 36.161111261546615
      vertex -7.950000000000003 -8.874025143682957 36.22418070197106
      vertex -2.9499999999999997 -8.874025143682957 36.22418070197106
    endloop
  endfacet
  facet normal 0 0.4422886995523108 0.8968727369300094
    outer loop
      vertex -7.950000000000003 -8.874025143682957 36.22418070197106
      vertex -7.950000000000003 -9.049999997019768 36.31096189826727
      vertex -2.9499999999999997 -9.049999997019768 36.31096189826727
    endloop
  endfacet
  facet normal 0 0.5555702335092735 0.8314696119753573
    outer loop
      vertex -7.950000000000003 -9.049999997019768 36.31096189826727
      vertex -7.950000000000003 -9.213142141699791 36.41996999442578
      vertex -2.9499999999999997 -9.213142141699791 36.41996999442578
    endloop
  endfacet
  facet normal 0 0.6593458302062576 0.7518397942312051
    outer loop
      vertex -7.950000000000003 -9.213142141699791 36.41996999442578
      vertex -7.950000000000003 -9.360660165548325 36.54933983445168
      vertex -2.9499999999999997 -9.360660165548325 36.54933983445168
    endloop
  endfacet
  facet normal 0 0.7518397942312051 0.6593458302062576
    outer loop
      vertex -7.950000000000003 -9.360660165548325 36.54933983445168
      vertex -7.950000000000003 -9.490030005574226 36.69685785830021
      vertex -2.9499999999999997 -9.490030005574226 36.69685785830021
    endloop
  endfacet
  facet normal 0 0.8314696119753573 0.5555702335092735
    outer loop
      vertex -7.950000000000003 -9.490030005574226 36.69685785830021
      vertex -7.950000000000003 -9.59903810173273 36.860000002980236
      vertex -2.9499999999999997 -9.59903810173273 36.860000002980236
    endloop
  endfacet
  facet normal 0 0.8968727369300094 0.4422886995523108
    outer loop
      vertex -7.950000000000003 -9.59903810173273 36.860000002980236
      vertex -7.950000000000003 -9.685819298028946 37.03597485631705
      vertex -2.9499999999999997 -9.685819298028946 37.03597485631705
    endloop
  endfacet
  facet normal 0 0.9469301300366788 0.32143946370773846
    outer loop
      vertex -7.950000000000003 -9.685819298028946 37.03597485631705
      vertex -7.950000000000003 -9.748888738453388 37.22177143752575
      vertex -2.9499999999999997 -9.748888738453388 37.22177143752575
    endloop
  endfacet
  facet normal 0 0.9807852832718771 0.19509030759446716
    outer loop
      vertex -7.950000000000003 -9.748888738453388 37.22177143752575
      vertex -7.950000000000003 -9.78716728836298 37.4142107179761
      vertex -2.9499999999999997 -9.78716728836298 37.4142107179761
    endloop
  endfacet
  facet normal 0 0.9978589229274387 0.06540313397759875
    outer loop
      vertex -7.950000000000003 -9.78716728836298 37.4142107179761
      vertex -7.950000000000003 -9.799999997019768 37.610000002980236
      vertex -2.9499999999999997 -9.799999997019768 37.610000002980236
    endloop
  endfacet
  facet normal 0 0.4422886995523108 0.8968727369300094
    outer loop
      vertex -7.950000000000003 -8.874025143682957 36.22418070197106
      vertex -2.9499999999999997 -9.049999997019768 36.31096189826727
      vertex -2.9499999999999997 -8.874025143682957 36.22418070197106
    endloop
  endfacet
  facet normal 0 0.5555702335092735 0.8314696119753573
    outer loop
      vertex -7.950000000000003 -9.049999997019768 36.31096189826727
      vertex -2.9499999999999997 -9.213142141699791 36.41996999442578
      vertex -2.9499999999999997 -9.049999997019768 36.31096189826727
    endloop
  endfacet
  facet normal 0 0.6593458302062576 0.7518397942312051
    outer loop
      vertex -7.950000000000003 -9.213142141699791 36.41996999442578
      vertex -2.9499999999999997 -9.360660165548325 36.54933983445168
      vertex -2.9499999999999997 -9.213142141699791 36.41996999442578
    endloop
  endfacet
  facet normal 0 0.7518397942312051 0.6593458302062576
    outer loop
      vertex -7.950000000000003 -9.360660165548325 36.54933983445168
      vertex -2.9499999999999997 -9.490030005574226 36.69685785830021
      vertex -2.9499999999999997 -9.360660165548325 36.54933983445168
    endloop
  endfacet
  facet normal 0 0.8314696119753573 0.5555702335092735
    outer loop
      vertex -7.950000000000003 -9.490030005574226 36.69685785830021
      vertex -2.9499999999999997 -9.59903810173273 36.860000002980236
      vertex -2.9499999999999997 -9.490030005574226 36.69685785830021
    endloop
  endfacet
  facet normal 0 0.8968727369300094 0.4422886995523108
    outer loop
      vertex -7.950000000000003 -9.59903810173273 36.860000002980236
      vertex -2.9499999999999997 -9.685819298028946 37.03597485631705
      vertex -2.9499999999999997 -9.59903810173273 36.860000002980236
    endloop
  endfacet
  facet normal 0 0.9469301300366788 0.32143946370773846
    outer loop
      vertex -7.950000000000003 -9.685819298028946 37.03597485631705
      vertex -2.9499999999999997 -9.748888738453388 37.22177143752575
      vertex -2.9499999999999997 -9.685819298028946 37.03597485631705
    endloop
  endfacet
  facet normal 0 0.9807852832718771 0.19509030759446716
    outer loop
      vertex -7.950000000000003 -9.748888738453388 37.22177143752575
      vertex -2.9499999999999997 -9.78716728836298 37.4142107179761
      vertex -2.9499999999999997 -9.748888738453388 37.22177143752575
    endloop
  endfacet
  facet normal 0 0.9978589229274387 0.06540313397759875
    outer loop
      vertex -7.950000000000003 -9.78716728836298 37.4142107179761
      vertex -2.9499999999999997 -9.799999997019768 37.610000002980236
      vertex -2.9499999999999997 -9.78716728836298 37.4142107179761
    endloop
  endfacet
  facet normal 0 -1 0
    outer loop
      vertex -7.950000000000003 -3.2000000029802322 37.610000002980236
      vertex -2.9499999999999997 -3.2000000029802322 37.610000002980236
      vertex -7.950000000000003 -3.2000000029802322 47.610000002980236
    endloop
  endfacet
  facet normal 0 -1 0
    outer loop
      vertex -2.9499999999999997 -3.2000000029802322 37.610000002980236
      vertex -2.9499999999999997 -3.2000000029802322 47.610000002980236
      vertex -7.950000000000003 -3.2000000029802322 47.610000002980236
    endloop
  endfacet
  facet normal 0 -0.9978589229274387 -0.06540313397759875
    outer loop
      vertex -7.950000000000003 -3.2000000029802322 47.610000002980236
      vertex -2.9499999999999997 -3.2000000029802322 47.610000002980236
      vertex -7.950000000000003 -3.21283271163702 47.805789287984375
    endloop
  endfacet
  facet normal 0 -0.9807852832718771 -0.19509030759446716
    outer loop
      vertex -7.950000000000003 -3.21283271163702 47.805789287984375
      vertex -2.9499999999999997 -3.21283271163702 47.805789287984375
      vertex -7.950000000000003 -3.251111261546612 47.99822856843472
    endloop
  endfacet
  facet normal 0 -0.9469301300366788 -0.32143946370773846
    outer loop
      vertex -7.950000000000003 -3.251111261546612 47.99822856843472
      vertex -2.9499999999999997 -3.251111261546612 47.99822856843472
      vertex -7.950000000000003 -3.314180701971054 48.184025149643425
    endloop
  endfacet
  facet normal 0 -0.8968727369300094 -0.4422886995523108
    outer loop
      vertex -7.950000000000003 -3.314180701971054 48.184025149643425
      vertex -2.9499999999999997 -3.314180701971054 48.184025149643425
      vertex -7.950000000000003 -3.400961898267269 48.360000002980236
    endloop
  endfacet
  facet normal 0 -0.8314696119753573 -0.5555702335092735
    outer loop
      vertex -7.950000000000003 -3.400961898267269 48.360000002980236
      vertex -2.9499999999999997 -3.400961898267269 48.360000002980236
      vertex -7.950000000000003 -3.5099699944257736 48.52314214766026
    endloop
  endfacet
  facet normal 0 -0.7518397942312051 -0.6593458302062576
    outer loop
      vertex -7.950000000000003 -3.5099699944257736 48.52314214766026
      vertex -2.9499999999999997 -3.5099699944257736 48.52314214766026
      vertex -7.950000000000003 -3.6393398344516754 48.67066017150879
    endloop
  endfacet
  facet normal 0 -0.6593458302062576 -0.7518397942312051
    outer loop
      vertex -7.950000000000003 -3.6393398344516754 48.67066017150879
      vertex -2.9499999999999997 -3.6393398344516754 48.67066017150879
      vertex -7.950000000000003 -3.786857858300209 48.800030011534695
    endloop
  endfacet
  facet normal 0 -0.5555702335092735 -0.8314696119753573
    outer loop
      vertex -7.950000000000003 -3.786857858300209 48.800030011534695
      vertex -2.9499999999999997 -3.786857858300209 48.800030011534695
      vertex -7.950000000000003 -3.9500000029802322 48.9090381076932
    endloop
  endfacet
  facet normal 0 -0.4422886995523108 -0.8968727369300094
    outer loop
      vertex -7.950000000000003 -3.9500000029802322 48.9090381076932
      vertex -2.9499999999999997 -3.9500000029802322 48.9090381076932
      vertex -7.950000000000003 -4.125974856317043 48.995819303989414
    endloop
  endfacet
  facet normal 0 -0.9978589229274387 -0.06540313397759875
    outer loop
      vertex -7.950000000000003 -3.21283271163702 47.805789287984375
      vertex -2.9499999999999997 -3.2000000029802322 47.610000002980236
      vertex -2.9499999999999997 -3.21283271163702 47.805789287984375
    endloop
  endfacet
  facet normal 0 -0.9807852832718771 -0.19509030759446716
    outer loop
      vertex -7.950000000000003 -3.251111261546612 47.99822856843472
      vertex -2.9499999999999997 -3.21283271163702 47.805789287984375
      vertex -2.9499999999999997 -3.251111261546612 47.99822856843472
    endloop
  endfacet
  facet normal 0 -0.9469301300366788 -0.32143946370773846
    outer loop
      vertex -7.950000000000003 -3.314180701971054 48.184025149643425
      vertex -2.9499999999999997 -3.251111261546612 47.99822856843472
      vertex -2.9499999999999997 -3.314180701971054 48.184025149643425
    endloop
  endfacet
  facet normal 0 -0.8968727369300094 -0.4422886995523108
    outer loop
      vertex -7.950000000000003 -3.400961898267269 48.360000002980236
      vertex -2.9499999999999997 -3.314180701971054 48.184025149643425
      vertex -2.9499999999999997 -3.400961898267269 48.360000002980236
    endloop
  endfacet
  facet normal 0 -0.8314696119753573 -0.5555702335092735
    outer loop
      vertex -7.950000000000003 -3.5099699944257736 48.52314214766026
      vertex -2.9499999999999997 -3.400961898267269 48.360000002980236
      vertex -2.9499999999999997 -3.5099699944257736 48.52314214766026
    endloop
  endfacet
  facet normal 0 -0.7518397942312051 -0.6593458302062576
    outer loop
      vertex -7.950000000000003 -3.6393398344516754 48.67066017150879
      vertex -2.9499999999999997 -3.5099699944257736 48.52314214766026
      vertex -2.9499999999999997 -3.6393398344516754 48.67066017150879
    endloop
  endfacet
  facet normal 0 -0.6593458302062576 -0.7518397942312051
    outer loop
      vertex -7.950000000000003 -3.786857858300209 48.800030011534695
      vertex -2.9499999999999997 -3.6393398344516754 48.67066017150879
      vertex -2.9499999999999997 -3.786857858300209 48.800030011534695
    endloop
  endfacet
  facet normal 0 -0.5555702335092735 -0.8314696119753573
    outer loop
      vertex -7.950000000000003 -3.9500000029802322 48.9090381076932
      vertex -2.9499999999999997 -3.786857858300209 48.800030011534695
      vertex -2.9499999999999997 -3.9500000029802322 48.9090381076932
    endloop
  endfacet
  facet normal 0 -0.4422886995523108 -0.8968727369300094
    outer loop
      vertex -7.950000000000003 -4.125974856317043 48.995819303989414
      vertex -2.9499999999999997 -3.9500000029802322 48.9090381076932
      vertex -2.9499999999999997 -4.125974856317043 48.995819303989414
    endloop
  endfacet
  facet normal 0 -0.32143946370773846 -0.9469301300366788
    outer loop
      vertex -7.950000000000003 -4.125974856317043 48.995819303989414
      vertex -2.9499999999999997 -4.125974856317043 48.995819303989414
      vertex -7.950000000000003 -4.311771437525749 49.058888744413856
    endloop
  endfacet
  facet normal 0 -0.19509030759446716 -0.9807852832718771
    outer loop
      vertex -7.950000000000003 -4.311771437525749 49.058888744413856
      vertex -2.9499999999999997 -4.311771437525749 49.058888744413856
      vertex -7.950000000000003 -4.504210717976093 49.09716729432345
    endloop
  endfacet
  facet normal 0 -0.06540313397759875 -0.9978589229274387
    outer loop
      vertex -7.950000000000003 -4.504210717976093 49.09716729432345
      vertex -2.9499999999999997 -4.504210717976093 49.09716729432345
      vertex -7.950000000000003 -4.700000002980232 49.110000002980236
    endloop
  endfacet
  facet normal 0 -0.32143946370773846 -0.9469301300366788
    outer loop
      vertex -7.950000000000003 -4.311771437525749 49.058888744413856
      vertex -2.9499999999999997 -4.125974856317043 48.995819303989414
      vertex -2.9499999999999997 -4.311771437525749 49.058888744413856
    endloop
  endfacet
  facet normal 0 -0.19509030759446716 -0.9807852832718771
    outer loop
      vertex -7.950000000000003 -4.504210717976093 49.09716729432345
      vertex -2.9499999999999997 -4.311771437525749 49.058888744413856
      vertex -2.9499999999999997 -4.504210717976093 49.09716729432345
    endloop
  endfacet
  facet normal 0 -0.06540313397759875 -0.9978589229274387
    outer loop
      vertex -7.950000000000003 -4.700000002980232 49.110000002980236
      vertex -2.9499999999999997 -4.504210717976093 49.09716729432345
      vertex -2.9499999999999997 -4.700000002980232 49.110000002980236
    endloop
  endfacet
  facet normal 0 0 -1
    outer loop
      vertex -7.950000000000003 -4.700000002980232 49.110000002980236
      vertex -2.9499999999999997 -4.700000002980232 49.110000002980236
      vertex -7.950000000000003 -8.299999997019768 49.110000002980236
    endloop
  endfacet
  facet normal 0 0 -1
    outer loop
      vertex -2.9499999999999997 -4.700000002980232 49.110000002980236
      vertex -2.9499999999999997 -8.299999997019768 49.110000002980236
      vertex -7.950000000000003 -8.299999997019768 49.110000002980236
    endloop
  endfacet
  facet normal 0 0.06540313397759875 -0.9978589229274387
    outer loop
      vertex -7.950000000000003 -8.299999997019768 49.110000002980236
      vertex -2.9499999999999997 -8.299999997019768 49.110000002980236
      vertex -7.950000000000003 -8.495789282023907 49.09716729432345
    endloop
  endfacet
  facet normal 0 0.19509030759446716 -0.9807852832718771
    outer loop
      vertex -7.950000000000003 -8.495789282023907 49.09716729432345
      vertex -2.9499999999999997 -8.495789282023907 49.09716729432345
      vertex -7.950000000000003 -8.68822856247425 49.058888744413856
    endloop
  endfacet
  facet normal 0 0.32143946370773846 -0.9469301300366788
    outer loop
      vertex -7.950000000000003 -8.68822856247425 49.058888744413856
      vertex -2.9499999999999997 -8.68822856247425 49.058888744413856
      vertex -7.950000000000003 -8.874025143682957 48.995819303989414
    endloop
  endfacet
  facet normal 0 0.06540313397759875 -0.9978589229274387
    outer loop
      vertex -7.950000000000003 -8.495789282023907 49.09716729432345
      vertex -2.9499999999999997 -8.299999997019768 49.110000002980236
      vertex -2.9499999999999997 -8.495789282023907 49.09716729432345
    endloop
  endfacet
  facet normal 0 0.19509030759446716 -0.9807852832718771
    outer loop
      vertex -7.950000000000003 -8.68822856247425 49.058888744413856
      vertex -2.9499999999999997 -8.495789282023907 49.09716729432345
      vertex -2.9499999999999997 -8.68822856247425 49.058888744413856
    endloop
  endfacet
  facet normal 0 1 0
    outer loop
      vertex -7.950000000000003 -9.799999997019768 37.610000002980236
      vertex -7.950000000000003 -9.799999997019768 47.610000002980236
      vertex -2.9499999999999997 -9.799999997019768 47.610000002980236
    endloop
  endfacet
  facet normal 0 1 0
    outer loop
      vertex -7.950000000000003 -9.799999997019768 37.610000002980236
      vertex -2.9499999999999997 -9.799999997019768 47.610000002980236
      vertex -2.9499999999999997 -9.799999997019768 37.610000002980236
    endloop
  endfacet
  facet normal 0 0.4422886995523108 -0.8968727369300094
    outer loop
      vertex -7.950000000000003 -8.874025143682957 48.995819303989414
      vertex -2.9499999999999997 -8.874025143682957 48.995819303989414
      vertex -7.950000000000003 -9.049999997019768 48.9090381076932
    endloop
  endfacet
  facet normal 0 0.5555702335092735 -0.8314696119753573
    outer loop
      vertex -7.950000000000003 -9.049999997019768 48.9090381076932
      vertex -2.9499999999999997 -9.049999997019768 48.9090381076932
      vertex -7.950000000000003 -9.213142141699791 48.800030011534695
    endloop
  endfacet
  facet normal 0 0.6593458302062576 -0.7518397942312051
    outer loop
      vertex -7.950000000000003 -9.360660165548325 48.67066017150879
      vertex -7.950000000000003 -9.213142141699791 48.800030011534695
      vertex -2.9499999999999997 -9.213142141699791 48.800030011534695
    endloop
  endfacet
  facet normal 0 0.7518397942312051 -0.6593458302062576
    outer loop
      vertex -7.950000000000003 -9.360660165548325 48.67066017150879
      vertex -2.9499999999999997 -9.360660165548325 48.67066017150879
      vertex -7.950000000000003 -9.490030005574226 48.52314214766026
    endloop
  endfacet
  facet normal 0 0.8314696119753573 -0.5555702335092735
    outer loop
      vertex -7.950000000000003 -9.490030005574226 48.52314214766026
      vertex -2.9499999999999997 -9.490030005574226 48.52314214766026
      vertex -7.950000000000003 -9.59903810173273 48.360000002980236
    endloop
  endfacet
  facet normal 0 0.9807852832718771 -0.19509030759446716
    outer loop
      vertex -7.950000000000003 -9.748888738453388 47.99822856843472
      vertex -2.9499999999999997 -9.748888738453388 47.99822856843472
      vertex -7.950000000000003 -9.78716728836298 47.805789287984375
    endloop
  endfacet
  facet normal 0 0.9469301300366788 -0.32143946370773846
    outer loop
      vertex -7.950000000000003 -9.748888738453388 47.99822856843472
      vertex -7.950000000000003 -9.685819298028946 48.184025149643425
      vertex -2.9499999999999997 -9.685819298028946 48.184025149643425
    endloop
  endfacet
  facet normal 0 0.9978589229274387 -0.06540313397759875
    outer loop
      vertex -7.950000000000003 -9.799999997019768 47.610000002980236
      vertex -7.950000000000003 -9.78716728836298 47.805789287984375
      vertex -2.9499999999999997 -9.78716728836298 47.805789287984375
    endloop
  endfacet
  facet normal 0 0.8968727369300094 -0.4422886995523108
    outer loop
      vertex -7.950000000000003 -9.59903810173273 48.360000002980236
      vertex -2.9499999999999997 -9.59903810173273 48.360000002980236
      vertex -7.950000000000003 -9.685819298028946 48.184025149643425
    endloop
  endfacet
  facet normal 0 0.32143946370773846 -0.9469301300366788
    outer loop
      vertex -2.9499999999999997 -8.68822856247425 49.058888744413856
      vertex -2.9499999999999997 -8.874025143682957 48.995819303989414
      vertex -7.950000000000003 -8.874025143682957 48.995819303989414
    endloop
  endfacet
  facet normal 0 0.4422886995523108 -0.8968727369300094
    outer loop
      vertex -7.950000000000003 -9.049999997019768 48.9090381076932
      vertex -2.9499999999999997 -8.874025143682957 48.995819303989414
      vertex -2.9499999999999997 -9.049999997019768 48.9090381076932
    endloop
  endfacet
  facet normal 0 0.5555702335092735 -0.8314696119753573
    outer loop
      vertex -7.950000000000003 -9.213142141699791 48.800030011534695
      vertex -2.9499999999999997 -9.049999997019768 48.9090381076932
      vertex -2.9499999999999997 -9.213142141699791 48.800030011534695
    endloop
  endfacet
  facet normal 0 0.6593458302062576 -0.7518397942312051
    outer loop
      vertex -7.950000000000003 -9.360660165548325 48.67066017150879
      vertex -2.9499999999999997 -9.213142141699791 48.800030011534695
      vertex -2.9499999999999997 -9.360660165548325 48.67066017150879
    endloop
  endfacet
  facet normal 0 0.8314696119753573 -0.5555702335092735
    outer loop
      vertex -7.950000000000003 -9.59903810173273 48.360000002980236
      vertex -2.9499999999999997 -9.490030005574226 48.52314214766026
      vertex -2.9499999999999997 -9.59903810173273 48.360000002980236
    endloop
  endfacet
  facet normal 0 0.7518397942312051 -0.6593458302062576
    outer loop
      vertex -7.950000000000003 -9.490030005574226 48.52314214766026
      vertex -2.9499999999999997 -9.360660165548325 48.67066017150879
      vertex -2.9499999999999997 -9.490030005574226 48.52314214766026
    endloop
  endfacet
  facet normal 0 0.9807852832718771 -0.19509030759446716
    outer loop
      vertex -7.950000000000003 -9.78716728836298 47.805789287984375
      vertex -2.9499999999999997 -9.748888738453388 47.99822856843472
      vertex -2.9499999999999997 -9.78716728836298 47.805789287984375
    endloop
  endfacet
  facet normal 0 0.9469301300366788 -0.32143946370773846
    outer loop
      vertex -7.950000000000003 -9.748888738453388 47.99822856843472
      vertex -2.9499999999999997 -9.685819298028946 48.184025149643425
      vertex -2.9499999999999997 -9.748888738453388 47.99822856843472
    endloop
  endfacet
  facet normal 0 0.9978589229274387 -0.06540313397759875
    outer loop
      vertex -7.950000000000003 -9.799999997019768 47.610000002980236
      vertex -2.9499999999999997 -9.78716728836298 47.805789287984375
      vertex -2.9499999999999997 -9.799999997019768 47.610000002980236
    endloop
  endfacet
  facet normal 0 0.8968727369300094 -0.4422886995523108
    outer loop
      vertex -7.950000000000003 -9.685819298028946 48.184025149643425
      vertex -2.9499999999999997 -9.59903810173273 48.360000002980236
      vertex -2.9499999999999997 -9.685819298028946 48.184025149643425
    endloop
  endfacet
  facet normal 0 -0.9469301319984065 0.321439457928675
    outer loop
      vertex 30.45 -4.352240934967995 44.29463313132525
      vertex 35.45 -4.352240934967995 44.29463313132525
      vertex 30.45 -4.268148347735405 44.54236191123724
    endloop
  endfacet
  facet normal 0 -0.8968727332159226 0.4422887070837332
    outer loop
      vertex 30.45 -4.467949196696281 44.05999999850989
      vertex 35.45 -4.467949196696281 44.05999999850989
      vertex 30.45 -4.352240934967995 44.29463313132525
    endloop
  endfacet
  facet normal 0 -0.7518397936522605 0.6593458308664175
    outer loop
      vertex 30.45 -4.78578644245863 43.645786437988285
      vertex 35.45 -4.78578644245863 43.645786437988285
      vertex 30.45 -4.613293319940567 43.84247713893652
    endloop
  endfacet
  facet normal 0 -0.8314696207458842 0.5555702203832522
    outer loop
      vertex 30.45 -4.467949196696281 44.05999999850989
      vertex 30.45 -4.613293319940567 43.84247713893652
      vertex 35.45 -4.613293319940567 43.84247713893652
    endloop
  endfacet
  facet normal 0 -0.321439457928675 0.9469301319984065
    outer loop
      vertex 30.45 -5.434633135795593 43.21224093049765
      vertex 30.45 -5.682361915707588 43.12814834326506
      vertex 35.45 -5.682361915707588 43.12814834326506
    endloop
  endfacet
  facet normal 0 -0.6593458308664175 0.7518397936522605
    outer loop
      vertex 30.45 -4.78578644245863 43.645786437988285
      vertex 30.45 -4.982477143406868 43.47329331547022
      vertex 35.45 -4.982477143406868 43.47329331547022
    endloop
  endfacet
  facet normal 0 -0.5555702203832522 0.8314696207458842
    outer loop
      vertex 30.45 -4.982477143406868 43.47329331547022
      vertex 30.45 -5.200000002980232 43.32794919222594
      vertex 35.45 -5.200000002980232 43.32794919222594
    endloop
  endfacet
  facet normal 0 -0.4422887070837332 0.8968727332159226
    outer loop
      vertex 30.45 -5.200000002980232 43.32794919222594
      vertex 30.45 -5.434633135795593 43.21224093049765
      vertex 35.45 -5.434633135795593 43.21224093049765
    endloop
  endfacet
  facet normal 0 -0.8968727332159226 0.4422887070837332
    outer loop
      vertex 30.45 -4.352240934967995 44.29463313132525
      vertex 35.45 -4.467949196696281 44.05999999850989
      vertex 35.45 -4.352240934967995 44.29463313132525
    endloop
  endfacet
  facet normal 0 -0.7518397936522605 0.6593458308664175
    outer loop
      vertex 30.45 -4.613293319940567 43.84247713893652
      vertex 35.45 -4.78578644245863 43.645786437988285
      vertex 35.45 -4.613293319940567 43.84247713893652
    endloop
  endfacet
  facet normal 0 -0.6593458308664175 0.7518397936522605
    outer loop
      vertex 30.45 -4.78578644245863 43.645786437988285
      vertex 35.45 -4.982477143406868 43.47329331547022
      vertex 35.45 -4.78578644245863 43.645786437988285
    endloop
  endfacet
  facet normal 0 -0.8314696207458842 0.5555702203832522
    outer loop
      vertex 30.45 -4.467949196696281 44.05999999850989
      vertex 35.45 -4.613293319940567 43.84247713893652
      vertex 35.45 -4.467949196696281 44.05999999850989
    endloop
  endfacet
  facet normal 0 -0.321439457928675 0.9469301319984065
    outer loop
      vertex 30.45 -5.434633135795593 43.21224093049765
      vertex 35.45 -5.682361915707588 43.12814834326506
      vertex 35.45 -5.434633135795593 43.21224093049765
    endloop
  endfacet
  facet normal 0 -0.5555702203832522 0.8314696207458842
    outer loop
      vertex 30.45 -4.982477143406868 43.47329331547022
      vertex 35.45 -5.200000002980232 43.32794919222594
      vertex 35.45 -4.982477143406868 43.47329331547022
    endloop
  endfacet
  facet normal 0 -0.4422887070837332 0.8968727332159226
    outer loop
      vertex 30.45 -5.200000002980232 43.32794919222594
      vertex 35.45 -5.434633135795593 43.21224093049765
      vertex 35.45 -5.200000002980232 43.32794919222594
    endloop
  endfacet
  facet normal 0 -0.9807852843656897 0.19509030209549946
    outer loop
      vertex 30.45 -4.268148347735405 44.54236191123724
      vertex 35.45 -4.268148347735405 44.54236191123724
      vertex 30.45 -4.21711028367281 44.798947613537315
    endloop
  endfacet
  facet normal 0 -0.9978589223891017 0.06540314219103631
    outer loop
      vertex 30.45 -4.21711028367281 44.798947613537315
      vertex 35.45 -4.21711028367281 44.798947613537315
      vertex 30.45 -4.200000002980232 45.05999999850989
    endloop
  endfacet
  facet normal 0 -1 0
    outer loop
      vertex 30.45 -4.200000002980232 45.05999999850989
      vertex 35.45 -4.200000002980232 45.05999999850989
      vertex 30.45 -4.200000002980232 52.05999999850989
    endloop
  endfacet
  facet normal 0 -0.9469301319984065 0.321439457928675
    outer loop
      vertex 30.45 -4.268148347735405 44.54236191123724
      vertex 35.45 -4.352240934967995 44.29463313132525
      vertex 35.45 -4.268148347735405 44.54236191123724
    endloop
  endfacet
  facet normal 0 -0.9807852843656897 0.19509030209549946
    outer loop
      vertex 30.45 -4.21711028367281 44.798947613537315
      vertex 35.45 -4.268148347735405 44.54236191123724
      vertex 35.45 -4.21711028367281 44.798947613537315
    endloop
  endfacet
  facet normal 0 -0.9978589223891017 0.06540314219103631
    outer loop
      vertex 30.45 -4.200000002980232 45.05999999850989
      vertex 35.45 -4.21711028367281 44.798947613537315
      vertex 35.45 -4.200000002980232 45.05999999850989
    endloop
  endfacet
  facet normal 0 -0.19509030209549946 0.9807852843656897
    outer loop
      vertex 30.45 -5.682361915707588 43.12814834326506
      vertex 30.45 -5.93894761800766 43.077110279202465
      vertex 35.45 -5.93894761800766 43.077110279202465
    endloop
  endfacet
  facet normal 0 -0.06540314219103631 0.9978589223891017
    outer loop
      vertex 30.45 -5.93894761800766 43.077110279202465
      vertex 30.45 -6.200000002980232 43.05999999850989
      vertex 35.45 -6.200000002980232 43.05999999850989
    endloop
  endfacet
  facet normal 0 -0.19509030209549946 0.9807852843656897
    outer loop
      vertex 30.45 -5.682361915707588 43.12814834326506
      vertex 35.45 -5.93894761800766 43.077110279202465
      vertex 35.45 -5.682361915707588 43.12814834326506
    endloop
  endfacet
  facet normal 0 -0.06540314219103631 0.9978589223891017
    outer loop
      vertex 30.45 -5.93894761800766 43.077110279202465
      vertex 35.45 -6.200000002980232 43.05999999850989
      vertex 35.45 -5.93894761800766 43.077110279202465
    endloop
  endfacet
  facet normal 0 0 1
    outer loop
      vertex 30.45 -6.200000002980232 43.05999999850989
      vertex 35.45 -12.600000001490116 43.05999999850989
      vertex 35.45 -6.200000002980232 43.05999999850989
    endloop
  endfacet
  facet normal 0 -0.9978589223891017 -0.06540314219103631
    outer loop
      vertex 30.45 -4.200000002980232 52.05999999850989
      vertex 35.45 -4.200000002980232 52.05999999850989
      vertex 30.45 -4.21711028367281 52.32105238348246
    endloop
  endfacet
  facet normal 0 -0.9807852843656897 -0.19509030209549946
    outer loop
      vertex 30.45 -4.21711028367281 52.32105238348246
      vertex 35.45 -4.21711028367281 52.32105238348246
      vertex 30.45 -4.268148347735405 52.57763808578253
    endloop
  endfacet
  facet normal 0 -0.9469301319984065 -0.321439457928675
    outer loop
      vertex 30.45 -4.268148347735405 52.57763808578253
      vertex 35.45 -4.268148347735405 52.57763808578253
      vertex 30.45 -4.352240934967995 52.82536686569453
    endloop
  endfacet
  facet normal 0 -0.8968727332159226 -0.4422887070837332
    outer loop
      vertex 30.45 -4.352240934967995 52.82536686569453
      vertex 35.45 -4.352240934967995 52.82536686569453
      vertex 30.45 -4.467949196696281 53.05999999850989
    endloop
  endfacet
  facet normal 0 -0.8314696207458842 -0.5555702203832522
    outer loop
      vertex 30.45 -4.467949196696281 53.05999999850989
      vertex 35.45 -4.467949196696281 53.05999999850989
      vertex 30.45 -4.613293319940567 53.27752285808325
    endloop
  endfacet
  facet normal 0 -0.7518397936522605 -0.6593458308664175
    outer loop
      vertex 30.45 -4.613293319940567 53.27752285808325
      vertex 35.45 -4.613293319940567 53.27752285808325
      vertex 30.45 -4.78578644245863 53.47421355903149
    endloop
  endfacet
  facet normal 0 -0.6593458308664175 -0.7518397936522605
    outer loop
      vertex 30.45 -4.78578644245863 53.47421355903149
      vertex 35.45 -4.78578644245863 53.47421355903149
      vertex 30.45 -4.982477143406868 53.64670668154955
    endloop
  endfacet
  facet normal 0 -0.5555702203832522 -0.8314696207458842
    outer loop
      vertex 30.45 -4.982477143406868 53.64670668154955
      vertex 35.45 -4.982477143406868 53.64670668154955
      vertex 30.45 -5.200000002980232 53.79205080479384
    endloop
  endfacet
  facet normal 0 -0.4422887070837332 -0.8968727332159226
    outer loop
      vertex 30.45 -5.200000002980232 53.79205080479384
      vertex 35.45 -5.200000002980232 53.79205080479384
      vertex 30.45 -5.434633135795593 53.907759066522125
    endloop
  endfacet
  facet normal 0 -0.321439457928675 -0.9469301319984065
    outer loop
      vertex 30.45 -5.434633135795593 53.907759066522125
      vertex 35.45 -5.434633135795593 53.907759066522125
      vertex 30.45 -5.682361915707588 53.991851653754715
    endloop
  endfacet
  facet normal 0 -1 0
    outer loop
      vertex 35.45 -4.200000002980232 45.05999999850989
      vertex 35.45 -4.200000002980232 52.05999999850989
      vertex 30.45 -4.200000002980232 52.05999999850989
    endloop
  endfacet
  facet normal 0 -0.9978589223891017 -0.06540314219103631
    outer loop
      vertex 30.45 -4.21711028367281 52.32105238348246
      vertex 35.45 -4.200000002980232 52.05999999850989
      vertex 35.45 -4.21711028367281 52.32105238348246
    endloop
  endfacet
  facet normal 0 -0.9807852843656897 -0.19509030209549946
    outer loop
      vertex 30.45 -4.268148347735405 52.57763808578253
      vertex 35.45 -4.21711028367281 52.32105238348246
      vertex 35.45 -4.268148347735405 52.57763808578253
    endloop
  endfacet
  facet normal 0 -0.9469301319984065 -0.321439457928675
    outer loop
      vertex 30.45 -4.352240934967995 52.82536686569453
      vertex 35.45 -4.268148347735405 52.57763808578253
      vertex 35.45 -4.352240934967995 52.82536686569453
    endloop
  endfacet
  facet normal 0 -0.8968727332159226 -0.4422887070837332
    outer loop
      vertex 30.45 -4.467949196696281 53.05999999850989
      vertex 35.45 -4.352240934967995 52.82536686569453
      vertex 35.45 -4.467949196696281 53.05999999850989
    endloop
  endfacet
  facet normal 0 -0.8314696207458842 -0.5555702203832522
    outer loop
      vertex 30.45 -4.613293319940567 53.27752285808325
      vertex 35.45 -4.467949196696281 53.05999999850989
      vertex 35.45 -4.613293319940567 53.27752285808325
    endloop
  endfacet
  facet normal 0 -0.7518397936522605 -0.6593458308664175
    outer loop
      vertex 30.45 -4.78578644245863 53.47421355903149
      vertex 35.45 -4.613293319940567 53.27752285808325
      vertex 35.45 -4.78578644245863 53.47421355903149
    endloop
  endfacet
  facet normal 0 -0.6593458308664175 -0.7518397936522605
    outer loop
      vertex 30.45 -4.982477143406868 53.64670668154955
      vertex 35.45 -4.78578644245863 53.47421355903149
      vertex 35.45 -4.982477143406868 53.64670668154955
    endloop
  endfacet
  facet normal 0 -0.5555702203832522 -0.8314696207458842
    outer loop
      vertex 30.45 -5.200000002980232 53.79205080479384
      vertex 35.45 -4.982477143406868 53.64670668154955
      vertex 35.45 -5.200000002980232 53.79205080479384
    endloop
  endfacet
  facet normal 0 -0.4422887070837332 -0.8968727332159226
    outer loop
      vertex 30.45 -5.434633135795593 53.907759066522125
      vertex 35.45 -5.200000002980232 53.79205080479384
      vertex 35.45 -5.434633135795593 53.907759066522125
    endloop
  endfacet
  facet normal 0 -0.321439457928675 -0.9469301319984065
    outer loop
      vertex 35.45 -5.434633135795593 53.907759066522125
      vertex 35.45 -5.682361915707588 53.991851653754715
      vertex 30.45 -5.682361915707588 53.991851653754715
    endloop
  endfacet
  facet normal 0 -0.19509030209549946 -0.9807852843656897
    outer loop
      vertex 30.45 -5.682361915707588 53.991851653754715
      vertex 35.45 -5.682361915707588 53.991851653754715
      vertex 30.45 -5.93894761800766 54.04288971781731
    endloop
  endfacet
  facet normal 0 -0.06540314219103631 -0.9978589223891017
    outer loop
      vertex 30.45 -5.93894761800766 54.04288971781731
      vertex 35.45 -5.93894761800766 54.04288971781731
      vertex 30.45 -6.200000002980232 54.05999999850989
    endloop
  endfacet
  facet normal 0 -0.19509030209549946 -0.9807852843656897
    outer loop
      vertex 30.45 -5.93894761800766 54.04288971781731
      vertex 35.45 -5.682361915707588 53.991851653754715
      vertex 35.45 -5.93894761800766 54.04288971781731
    endloop
  endfacet
  facet normal 0 -0.06540314219103631 -0.9978589223891017
    outer loop
      vertex 30.45 -6.200000002980232 54.05999999850989
      vertex 35.45 -5.93894761800766 54.04288971781731
      vertex 35.45 -6.200000002980232 54.05999999850989
    endloop
  endfacet
  facet normal 0 0 -1
    outer loop
      vertex 30.45 -6.200000002980232 54.05999999850989
      vertex 35.45 -6.200000002980232 54.05999999850989
      vertex 30.45 -12.600000001490116 54.05999999850989
    endloop
  endfacet
  facet normal 0 0 1
    outer loop
      vertex 30.45 -6.200000002980232 43.05999999850989
      vertex 30.45 -12.600000001490116 43.05999999850989
      vertex 35.45 -12.600000001490116 43.05999999850989
    endloop
  endfacet
  facet normal 0 0.06540314219103631 0.9978589223891017
    outer loop
      vertex 30.45 -12.600000001490116 43.05999999850989
      vertex 30.45 -12.861052386462688 43.077110279202465
      vertex 35.45 -12.861052386462688 43.077110279202465
    endloop
  endfacet
  facet normal 0 0.19509030209549946 0.9807852843656897
    outer loop
      vertex 30.45 -12.861052386462688 43.077110279202465
      vertex 30.45 -13.11763808876276 43.12814834326506
      vertex 35.45 -13.11763808876276 43.12814834326506
    endloop
  endfacet
  facet normal 0 0.321439457928675 0.9469301319984065
    outer loop
      vertex 30.45 -13.11763808876276 43.12814834326506
      vertex 30.45 -13.365366868674755 43.21224093049765
      vertex 35.45 -13.365366868674755 43.21224093049765
    endloop
  endfacet
  facet normal 0 0.06540314219103631 0.9978589223891017
    outer loop
      vertex 30.45 -12.600000001490116 43.05999999850989
      vertex 35.45 -12.861052386462688 43.077110279202465
      vertex 35.45 -12.600000001490116 43.05999999850989
    endloop
  endfacet
  facet normal 0 0.19509030209549946 0.9807852843656897
    outer loop
      vertex 30.45 -12.861052386462688 43.077110279202465
      vertex 35.45 -13.11763808876276 43.12814834326506
      vertex 35.45 -12.861052386462688 43.077110279202465
    endloop
  endfacet
  facet normal 0 0.321439457928675 0.9469301319984065
    outer loop
      vertex 30.45 -13.11763808876276 43.12814834326506
      vertex 35.45 -13.365366868674755 43.21224093049765
      vertex 35.45 -13.11763808876276 43.12814834326506
    endloop
  endfacet
  facet normal 0 0.4422887070837332 0.8968727332159226
    outer loop
      vertex 30.45 -13.365366868674755 43.21224093049765
      vertex 35.45 -13.600000001490116 43.32794919222594
      vertex 35.45 -13.365366868674755 43.21224093049765
    endloop
  endfacet
  facet normal 0 0.4422887070837332 0.8968727332159226
    outer loop
      vertex 30.45 -13.365366868674755 43.21224093049765
      vertex 30.45 -13.600000001490116 43.32794919222594
      vertex 35.45 -13.600000001490116 43.32794919222594
    endloop
  endfacet
  facet normal 0 0.5555702203832522 0.8314696207458842
    outer loop
      vertex 30.45 -13.600000001490116 43.32794919222594
      vertex 30.45 -13.81752286106348 43.47329331547022
      vertex 35.45 -13.81752286106348 43.47329331547022
    endloop
  endfacet
  facet normal 0 0.6593458308664175 0.7518397936522605
    outer loop
      vertex 30.45 -13.81752286106348 43.47329331547022
      vertex 30.45 -14.014213562011719 43.645786437988285
      vertex 35.45 -14.014213562011719 43.645786437988285
    endloop
  endfacet
  facet normal 0 0.7518397936522605 0.6593458308664175
    outer loop
      vertex 30.45 -14.014213562011719 43.645786437988285
      vertex 30.45 -14.186706684529781 43.84247713893652
      vertex 35.45 -14.186706684529781 43.84247713893652
    endloop
  endfacet
  facet normal 0 0.8314696207458842 0.5555702203832522
    outer loop
      vertex 30.45 -14.186706684529781 43.84247713893652
      vertex 30.45 -14.332050807774067 44.05999999850989
      vertex 35.45 -14.332050807774067 44.05999999850989
    endloop
  endfacet
  facet normal 0 0.8968727332159226 0.4422887070837332
    outer loop
      vertex 30.45 -14.332050807774067 44.05999999850989
      vertex 30.45 -14.447759069502354 44.29463313132525
      vertex 35.45 -14.447759069502354 44.29463313132525
    endloop
  endfacet
  facet normal 0 0.5555702203832522 0.8314696207458842
    outer loop
      vertex 30.45 -13.600000001490116 43.32794919222594
      vertex 35.45 -13.81752286106348 43.47329331547022
      vertex 35.45 -13.600000001490116 43.32794919222594
    endloop
  endfacet
  facet normal 0 0.6593458308664175 0.7518397936522605
    outer loop
      vertex 30.45 -13.81752286106348 43.47329331547022
      vertex 35.45 -14.014213562011719 43.645786437988285
      vertex 35.45 -13.81752286106348 43.47329331547022
    endloop
  endfacet
  facet normal 0 0.7518397936522605 0.6593458308664175
    outer loop
      vertex 30.45 -14.014213562011719 43.645786437988285
      vertex 35.45 -14.186706684529781 43.84247713893652
      vertex 35.45 -14.014213562011719 43.645786437988285
    endloop
  endfacet
  facet normal 0 0.8314696207458842 0.5555702203832522
    outer loop
      vertex 30.45 -14.186706684529781 43.84247713893652
      vertex 35.45 -14.332050807774067 44.05999999850989
      vertex 35.45 -14.186706684529781 43.84247713893652
    endloop
  endfacet
  facet normal 0 0.8968727332159226 0.4422887070837332
    outer loop
      vertex 30.45 -14.332050807774067 44.05999999850989
      vertex 35.45 -14.447759069502354 44.29463313132525
      vertex 35.45 -14.332050807774067 44.05999999850989
    endloop
  endfacet
  facet normal 0 0.9469301319984065 0.321439457928675
    outer loop
      vertex 30.45 -14.447759069502354 44.29463313132525
      vertex 35.45 -14.531851656734943 44.54236191123724
      vertex 35.45 -14.447759069502354 44.29463313132525
    endloop
  endfacet
  facet normal 0 0.9469301319984065 0.321439457928675
    outer loop
      vertex 30.45 -14.447759069502354 44.29463313132525
      vertex 30.45 -14.531851656734943 44.54236191123724
      vertex 35.45 -14.531851656734943 44.54236191123724
    endloop
  endfacet
  facet normal 0 0.9807852843656897 0.19509030209549946
    outer loop
      vertex 30.45 -14.531851656734943 44.54236191123724
      vertex 30.45 -14.582889720797539 44.798947613537315
      vertex 35.45 -14.582889720797539 44.798947613537315
    endloop
  endfacet
  facet normal 0 0.9978589223891017 0.06540314219103631
    outer loop
      vertex 30.45 -14.582889720797539 44.798947613537315
      vertex 30.45 -14.600000001490116 45.05999999850989
      vertex 35.45 -14.600000001490116 45.05999999850989
    endloop
  endfacet
  facet normal 0 0.9807852843656897 0.19509030209549946
    outer loop
      vertex 30.45 -14.531851656734943 44.54236191123724
      vertex 35.45 -14.582889720797539 44.798947613537315
      vertex 35.45 -14.531851656734943 44.54236191123724
    endloop
  endfacet
  facet normal 0 0.9978589223891017 0.06540314219103631
    outer loop
      vertex 30.45 -14.582889720797539 44.798947613537315
      vertex 35.45 -14.600000001490116 45.05999999850989
      vertex 35.45 -14.582889720797539 44.798947613537315
    endloop
  endfacet
  facet normal 0 1 0
    outer loop
      vertex 30.45 -14.600000001490116 45.05999999850989
      vertex 35.45 -14.600000001490116 52.05999999850989
      vertex 35.45 -14.600000001490116 45.05999999850989
    endloop
  endfacet
  facet normal 0 0 -1
    outer loop
      vertex 35.45 -6.200000002980232 54.05999999850989
      vertex 35.45 -12.600000001490116 54.05999999850989
      vertex 30.45 -12.600000001490116 54.05999999850989
    endloop
  endfacet
  facet normal 0 0.06540314219103631 -0.9978589223891017
    outer loop
      vertex 30.45 -12.600000001490116 54.05999999850989
      vertex 35.45 -12.600000001490116 54.05999999850989
      vertex 30.45 -12.861052386462688 54.04288971781731
    endloop
  endfacet
  facet normal 0 0.19509030209549946 -0.9807852843656897
    outer loop
      vertex 30.45 -12.861052386462688 54.04288971781731
      vertex 35.45 -12.861052386462688 54.04288971781731
      vertex 30.45 -13.11763808876276 53.991851653754715
    endloop
  endfacet
  facet normal 0 0.321439457928675 -0.9469301319984065
    outer loop
      vertex 30.45 -13.11763808876276 53.991851653754715
      vertex 35.45 -13.11763808876276 53.991851653754715
      vertex 30.45 -13.365366868674755 53.907759066522125
    endloop
  endfacet
  facet normal 0 0.4422887070837332 -0.8968727332159226
    outer loop
      vertex 30.45 -13.365366868674755 53.907759066522125
      vertex 35.45 -13.365366868674755 53.907759066522125
      vertex 30.45 -13.600000001490116 53.79205080479384
    endloop
  endfacet
  facet normal 0 0.06540314219103631 -0.9978589223891017
    outer loop
      vertex 30.45 -12.861052386462688 54.04288971781731
      vertex 35.45 -12.600000001490116 54.05999999850989
      vertex 35.45 -12.861052386462688 54.04288971781731
    endloop
  endfacet
  facet normal 0 0.19509030209549946 -0.9807852843656897
    outer loop
      vertex 30.45 -13.11763808876276 53.991851653754715
      vertex 35.45 -12.861052386462688 54.04288971781731
      vertex 35.45 -13.11763808876276 53.991851653754715
    endloop
  endfacet
  facet normal 0 0.321439457928675 -0.9469301319984065
    outer loop
      vertex 30.45 -13.365366868674755 53.907759066522125
      vertex 35.45 -13.11763808876276 53.991851653754715
      vertex 35.45 -13.365366868674755 53.907759066522125
    endloop
  endfacet
  facet normal 0 1 0
    outer loop
      vertex 30.45 -14.600000001490116 45.05999999850989
      vertex 30.45 -14.600000001490116 52.05999999850989
      vertex 35.45 -14.600000001490116 52.05999999850989
    endloop
  endfacet
  facet normal 0 0.5555702203832522 -0.8314696207458842
    outer loop
      vertex 30.45 -13.81752286106348 53.64670668154955
      vertex 30.45 -13.600000001490116 53.79205080479384
      vertex 35.45 -13.600000001490116 53.79205080479384
    endloop
  endfacet
  facet normal 0 0.6593458308664175 -0.7518397936522605
    outer loop
      vertex 30.45 -13.81752286106348 53.64670668154955
      vertex 35.45 -13.81752286106348 53.64670668154955
      vertex 30.45 -14.014213562011719 53.47421355903149
    endloop
  endfacet
  facet normal 0 0.7518397936522605 -0.6593458308664175
    outer loop
      vertex 30.45 -14.014213562011719 53.47421355903149
      vertex 35.45 -14.014213562011719 53.47421355903149
      vertex 30.45 -14.186706684529781 53.27752285808325
    endloop
  endfacet
  facet normal 0 0.8314696207458842 -0.5555702203832522
    outer loop
      vertex 30.45 -14.186706684529781 53.27752285808325
      vertex 35.45 -14.186706684529781 53.27752285808325
      vertex 30.45 -14.332050807774067 53.05999999850989
    endloop
  endfacet
  facet normal 0 0.9978589223891017 -0.06540314219103631
    outer loop
      vertex 30.45 -14.600000001490116 52.05999999850989
      vertex 30.45 -14.582889720797539 52.32105238348246
      vertex 35.45 -14.582889720797539 52.32105238348246
    endloop
  endfacet
  facet normal 0 0.8968727332159226 -0.4422887070837332
    outer loop
      vertex 30.45 -14.332050807774067 53.05999999850989
      vertex 35.45 -14.332050807774067 53.05999999850989
      vertex 30.45 -14.447759069502354 52.82536686569453
    endloop
  endfacet
  facet normal 0 0.9807852843656897 -0.19509030209549946
    outer loop
      vertex 30.45 -14.582889720797539 52.32105238348246
      vertex 30.45 -14.531851656734943 52.57763808578253
      vertex 35.45 -14.531851656734943 52.57763808578253
    endloop
  endfacet
  facet normal 0 0.9469301319984065 -0.321439457928675
    outer loop
      vertex 30.45 -14.447759069502354 52.82536686569453
      vertex 35.45 -14.447759069502354 52.82536686569453
      vertex 30.45 -14.531851656734943 52.57763808578253
    endloop
  endfacet
  facet normal 0 0.5555702203832522 -0.8314696207458842
    outer loop
      vertex 30.45 -13.81752286106348 53.64670668154955
      vertex 35.45 -13.600000001490116 53.79205080479384
      vertex 35.45 -13.81752286106348 53.64670668154955
    endloop
  endfacet
  facet normal 0 0.4422887070837332 -0.8968727332159226
    outer loop
      vertex 30.45 -13.600000001490116 53.79205080479384
      vertex 35.45 -13.365366868674755 53.907759066522125
      vertex 35.45 -13.600000001490116 53.79205080479384
    endloop
  endfacet
  facet normal 0 0.6593458308664175 -0.7518397936522605
    outer loop
      vertex 30.45 -14.014213562011719 53.47421355903149
      vertex 35.45 -13.81752286106348 53.64670668154955
      vertex 35.45 -14.014213562011719 53.47421355903149
    endloop
  endfacet
  facet normal 0 0.7518397936522605 -0.6593458308664175
    outer loop
      vertex 30.45 -14.186706684529781 53.27752285808325
      vertex 35.45 -14.014213562011719 53.47421355903149
      vertex 35.45 -14.186706684529781 53.27752285808325
    endloop
  endfacet
  facet normal 0 0.9978589223891017 -0.06540314219103631
    outer loop
      vertex 30.45 -14.600000001490116 52.05999999850989
      vertex 35.45 -14.582889720797539 52.32105238348246
      vertex 35.45 -14.600000001490116 52.05999999850989
    endloop
  endfacet
  facet normal 0 0.9807852843656897 -0.19509030209549946
    outer loop
      vertex 30.45 -14.582889720797539 52.32105238348246
      vertex 35.45 -14.531851656734943 52.57763808578253
      vertex 35.45 -14.582889720797539 52.32105238348246
    endloop
  endfacet
  facet normal 0 0.8968727332159226 -0.4422887070837332
    outer loop
      vertex 30.45 -14.447759069502354 52.82536686569453
      vertex 35.45 -14.332050807774067 53.05999999850989
      vertex 35.45 -14.447759069502354 52.82536686569453
    endloop
  endfacet
  facet normal 0 0.9469301319984065 -0.321439457928675
    outer loop
      vertex 30.45 -14.531851656734943 52.57763808578253
      vertex 35.45 -14.447759069502354 52.82536686569453
      vertex 35.45 -14.531851656734943 52.57763808578253
    endloop
  endfacet
  facet normal 0 0.8314696207458842 -0.5555702203832522
    outer loop
      vertex 30.45 -14.332050807774067 53.05999999850989
      vertex 35.45 -14.186706684529781 53.27752285808325
      vertex 35.45 -14.332050807774067 53.05999999850989
    endloop
  endfacet
  facet normal 0.946930129495101 1.4805242636195522e-18 0.32143946530317513
    outer loop
      vertex 12.133210818105248 -6.8000000000000025 73.8303039933611
      vertex 12.059629803994131 -6.8000000000000025 74.04706667107058
      vertex 12.059629803994131 -10.800000000000002 74.04706667107058
    endloop
  endfacet
  facet normal 0.8314696123025498 -3.2183705307642777e-19 0.5555702330195953
    outer loop
      vertex 12.361631654490338 -6.8000000000000025 73.43466749923473
      vertex 12.234455543377232 -6.8000000000000025 73.625
      vertex 12.234455543377232 -10.800000000000002 73.625
    endloop
  endfacet
  facet normal 0.8968727415326935 0 0.4422886902189906
    outer loop
      vertex 12.133210818105248 -6.8000000000000025 73.8303039933611
      vertex 12.133210818105248 -10.800000000000002 73.8303039933611
      vertex 12.234455543377232 -6.8000000000000025 73.625
    endloop
  endfacet
  facet normal 0.7518398074789867 0 0.6593458151000583
    outer loop
      vertex 12.361631654490338 -6.8000000000000025 73.43466749923473
      vertex 12.361631654490338 -10.800000000000002 73.43466749923473
      vertex 12.512563132923542 -6.8000000000000025 73.26256313292353
    endloop
  endfacet
  facet normal 0.6593458151000473 0 0.7518398074789961
    outer loop
      vertex 12.512563132923542 -6.8000000000000025 73.26256313292353
      vertex 12.512563132923542 -10.800000000000002 73.26256313292353
      vertex 12.684667499234738 -6.8000000000000025 73.11163165449034
    endloop
  endfacet
  facet normal 0.5555702330195864 0 0.8314696123025559
    outer loop
      vertex 12.684667499234738 -6.8000000000000025 73.11163165449034
      vertex 12.684667499234738 -10.800000000000002 73.11163165449034
      vertex 12.875 -6.8000000000000025 72.98445554337724
    endloop
  endfacet
  facet normal 0.19509032201610832 0 0.9807852804032344
    outer loop
      vertex 13.297066671070588 -6.8000000000000025 72.80962980399413
      vertex 13.297066671070588 -10.800000000000002 72.80962980399413
      vertex 13.52157916361491 -6.8000000000000025 72.76497149259583
    endloop
  endfacet
  facet normal 0.0654031292301505 0 0.997858923238603
    outer loop
      vertex 13.52157916361491 -6.8000000000000025 72.76497149259583
      vertex 13.52157916361491 -10.800000000000002 72.76497149259583
      vertex 13.75 -6.8000000000000025 72.75
    endloop
  endfacet
  facet normal 0.4422886902189936 0 0.896872741532692
    outer loop
      vertex 12.875 -6.8000000000000025 72.98445554337724
      vertex 12.875 -10.800000000000002 72.98445554337724
      vertex 13.080303993361094 -6.8000000000000025 72.88321081810525
    endloop
  endfacet
  facet normal 0.3214394653032004 -8.2816360568147695e-19 0.9469301294950926
    outer loop
      vertex 13.297066671070588 -6.8000000000000025 72.80962980399413
      vertex 13.080303993361094 -6.8000000000000025 72.88321081810525
      vertex 13.080303993361094 -10.800000000000002 72.88321081810525
    endloop
  endfacet
  facet normal 0.9807852804032323 3.4977162757164523e-19 0.19509032201611884
    outer loop
      vertex 12.059629803994131 -6.8000000000000025 74.04706667107058
      vertex 12.014971492595832 -6.8000000000000025 74.27157916361492
      vertex 12.014971492595832 -10.800000000000002 74.27157916361492
    endloop
  endfacet
  facet normal 0.9978589232386034 -1.5921163112912074e-20 0.0654031292301448
    outer loop
      vertex 12.014971492595832 -6.8000000000000025 74.27157916361492
      vertex 12 -6.8000000000000025 74.5
      vertex 12 -10.800000000000002 74.5
    endloop
  endfacet
  facet normal 0.9978589232386034 1.5921163112912074e-20 -0.0654031292301448
    outer loop
      vertex 12 -6.8000000000000025 74.5
      vertex 12.014971492595832 -6.8000000000000025 74.72842083638508
      vertex 12.014971492595832 -10.800000000000002 74.72842083638508
    endloop
  endfacet
  facet normal 0.9807852804032323 -3.4977162757164523e-19 -0.19509032201611884
    outer loop
      vertex 12.014971492595832 -6.8000000000000025 74.72842083638508
      vertex 12.059629803994131 -6.8000000000000025 74.95293332892942
      vertex 12.059629803994131 -10.800000000000002 74.95293332892942
    endloop
  endfacet
  facet normal 0.946930129495101 -1.4805242636195522e-18 -0.32143946530317513
    outer loop
      vertex 12.059629803994131 -6.8000000000000025 74.95293332892942
      vertex 12.133210818105248 -6.8000000000000025 75.1696960066389
      vertex 12.133210818105248 -10.800000000000002 75.1696960066389
    endloop
  endfacet
  facet normal 0.8968727415326935 2.2678369289565972e-20 -0.4422886902189906
    outer loop
      vertex 12.133210818105248 -6.8000000000000025 75.1696960066389
      vertex 12.234455543377232 -6.8000000000000025 75.375
      vertex 12.234455543377232 -10.800000000000002 75.375
    endloop
  endfacet
  facet normal 0.8314696123025498 3.2183705307642777e-19 -0.5555702330195953
    outer loop
      vertex 12.234455543377232 -6.8000000000000025 75.375
      vertex 12.361631654490338 -6.8000000000000025 75.56533250076527
      vertex 12.361631654490338 -10.800000000000002 75.56533250076527
    endloop
  endfacet
  facet normal 0.7518398074789867 5.403421122124802e-19 -0.6593458151000583
    outer loop
      vertex 12.361631654490338 -6.8000000000000025 75.56533250076527
      vertex 12.512563132923542 -6.8000000000000025 75.73743686707647
      vertex 12.512563132923542 -10.800000000000002 75.73743686707647
    endloop
  endfacet
  facet normal 0.6593458151000473 1.2516237513005613e-18 -0.7518398074789961
    outer loop
      vertex 12.512563132923542 -6.8000000000000025 75.73743686707647
      vertex 12.684667499234738 -6.8000000000000025 75.88836834550966
      vertex 12.684667499234738 -10.800000000000002 75.88836834550966
    endloop
  endfacet
  facet normal 0.5555702330195864 -1.872263215069631e-18 -0.8314696123025559
    outer loop
      vertex 12.684667499234738 -6.8000000000000025 75.88836834550966
      vertex 12.875 -6.8000000000000025 76.01554445662276
      vertex 12.875 -10.800000000000002 76.01554445662276
    endloop
  endfacet
  facet normal 0.4422886902189936 1.4339489020568757e-18 -0.896872741532692
    outer loop
      vertex 12.875 -6.8000000000000025 76.01554445662276
      vertex 13.080303993361094 -6.8000000000000025 76.11678918189475
      vertex 13.080303993361094 -10.800000000000002 76.11678918189475
    endloop
  endfacet
  facet normal 0.3214394653032004 8.2816360568147695e-19 -0.9469301294950926
    outer loop
      vertex 13.080303993361094 -6.8000000000000025 76.11678918189475
      vertex 13.297066671070588 -6.8000000000000025 76.19037019600587
      vertex 13.297066671070588 -10.800000000000002 76.19037019600587
    endloop
  endfacet
  facet normal 0.19509032201610832 5.155326865545531e-19 -0.9807852804032344
    outer loop
      vertex 13.297066671070588 -6.8000000000000025 76.19037019600587
      vertex 13.52157916361491 -6.8000000000000025 76.23502850740417
      vertex 13.52157916361491 -10.800000000000002 76.23502850740417
    endloop
  endfacet
  facet normal 0.0654031292301505 -2.92254681541486e-20 -0.997858923238603
    outer loop
      vertex 13.52157916361491 -6.8000000000000025 76.23502850740417
      vertex 13.75 -6.8000000000000025 76.25
      vertex 13.75 -10.800000000000002 76.25
    endloop
  endfacet
  facet normal 0.946930129495101 0 0.32143946530317513
    outer loop
      vertex 12.133210818105248 -6.8000000000000025 73.8303039933611
      vertex 12.059629803994131 -10.800000000000002 74.04706667107058
      vertex 12.133210818105248 -10.800000000000002 73.8303039933611
    endloop
  endfacet
  facet normal 0.8968727415326935 0 0.4422886902189906
    outer loop
      vertex 12.234455543377232 -6.8000000000000025 73.625
      vertex 12.133210818105248 -10.800000000000002 73.8303039933611
      vertex 12.234455543377232 -10.800000000000002 73.625
    endloop
  endfacet
  facet normal 0.8314696123025498 0 0.5555702330195953
    outer loop
      vertex 12.361631654490338 -6.8000000000000025 73.43466749923473
      vertex 12.234455543377232 -10.800000000000002 73.625
      vertex 12.361631654490338 -10.800000000000002 73.43466749923473
    endloop
  endfacet
  facet normal 0.7518398074789867 0 0.6593458151000583
    outer loop
      vertex 12.512563132923542 -6.8000000000000025 73.26256313292353
      vertex 12.361631654490338 -10.800000000000002 73.43466749923473
      vertex 12.512563132923542 -10.800000000000002 73.26256313292353
    endloop
  endfacet
  facet normal 0.5555702330195864 0 0.8314696123025559
    outer loop
      vertex 12.875 -6.8000000000000025 72.98445554337724
      vertex 12.684667499234738 -10.800000000000002 73.11163165449034
      vertex 12.875 -10.800000000000002 72.98445554337724
    endloop
  endfacet
  facet normal 0.6593458151000473 0 0.7518398074789961
    outer loop
      vertex 12.684667499234738 -6.8000000000000025 73.11163165449034
      vertex 12.512563132923542 -10.800000000000002 73.26256313292353
      vertex 12.684667499234738 -10.800000000000002 73.11163165449034
    endloop
  endfacet
  facet normal 0.19509032201610832 0 0.9807852804032344
    outer loop
      vertex 13.52157916361491 -6.8000000000000025 72.76497149259583
      vertex 13.297066671070588 -10.800000000000002 72.80962980399413
      vertex 13.52157916361491 -10.800000000000002 72.76497149259583
    endloop
  endfacet
  facet normal 0.0654031292301505 2.92254681541486e-20 0.997858923238603
    outer loop
      vertex 13.52157916361491 -10.800000000000002 72.76497149259583
      vertex 13.75 -10.800000000000002 72.75
      vertex 13.75 -6.8000000000000025 72.75
    endloop
  endfacet
  facet normal 0.4422886902189936 0 0.896872741532692
    outer loop
      vertex 13.080303993361094 -6.8000000000000025 72.88321081810525
      vertex 12.875 -10.800000000000002 72.98445554337724
      vertex 13.080303993361094 -10.800000000000002 72.88321081810525
    endloop
  endfacet
  facet normal 0.3214394653032004 0 0.9469301294950926
    outer loop
      vertex 13.297066671070588 -6.8000000000000025 72.80962980399413
      vertex 13.080303993361094 -10.800000000000002 72.88321081810525
      vertex 13.297066671070588 -10.800000000000002 72.80962980399413
    endloop
  endfacet
  facet normal 0.9807852804032323 0 0.19509032201611884
    outer loop
      vertex 12.059629803994131 -6.8000000000000025 74.04706667107058
      vertex 12.014971492595832 -10.800000000000002 74.27157916361492
      vertex 12.059629803994131 -10.800000000000002 74.04706667107058
    endloop
  endfacet
  facet normal 0.9978589232386034 0 0.0654031292301448
    outer loop
      vertex 12.014971492595832 -6.8000000000000025 74.27157916361492
      vertex 12 -10.800000000000002 74.5
      vertex 12.014971492595832 -10.800000000000002 74.27157916361492
    endloop
  endfacet
  facet normal 0.9978589232386034 0 -0.0654031292301448
    outer loop
      vertex 12 -6.8000000000000025 74.5
      vertex 12.014971492595832 -10.800000000000002 74.72842083638508
      vertex 12 -10.800000000000002 74.5
    endloop
  endfacet
  facet normal 0.9807852804032323 0 -0.19509032201611884
    outer loop
      vertex 12.014971492595832 -6.8000000000000025 74.72842083638508
      vertex 12.059629803994131 -10.800000000000002 74.95293332892942
      vertex 12.014971492595832 -10.800000000000002 74.72842083638508
    endloop
  endfacet
  facet normal 0.946930129495101 0 -0.32143946530317513
    outer loop
      vertex 12.059629803994131 -6.8000000000000025 74.95293332892942
      vertex 12.133210818105248 -10.800000000000002 75.1696960066389
      vertex 12.059629803994131 -10.800000000000002 74.95293332892942
    endloop
  endfacet
  facet normal 0.8968727415326935 0 -0.4422886902189906
    outer loop
      vertex 12.133210818105248 -6.8000000000000025 75.1696960066389
      vertex 12.234455543377232 -10.800000000000002 75.375
      vertex 12.133210818105248 -10.800000000000002 75.1696960066389
    endloop
  endfacet
  facet normal 0.8314696123025498 0 -0.5555702330195953
    outer loop
      vertex 12.234455543377232 -6.8000000000000025 75.375
      vertex 12.361631654490338 -10.800000000000002 75.56533250076527
      vertex 12.234455543377232 -10.800000000000002 75.375
    endloop
  endfacet
  facet normal 0.7518398074789867 0 -0.6593458151000583
    outer loop
      vertex 12.361631654490338 -6.8000000000000025 75.56533250076527
      vertex 12.512563132923542 -10.800000000000002 75.73743686707647
      vertex 12.361631654490338 -10.800000000000002 75.56533250076527
    endloop
  endfacet
  facet normal 0.6593458151000473 0 -0.7518398074789961
    outer loop
      vertex 12.512563132923542 -6.8000000000000025 75.73743686707647
      vertex 12.684667499234738 -10.800000000000002 75.88836834550966
      vertex 12.512563132923542 -10.800000000000002 75.73743686707647
    endloop
  endfacet
  facet normal 0.5555702330195864 0 -0.8314696123025559
    outer loop
      vertex 12.684667499234738 -6.8000000000000025 75.88836834550966
      vertex 12.875 -10.800000000000002 76.01554445662276
      vertex 12.684667499234738 -10.800000000000002 75.88836834550966
    endloop
  endfacet
  facet normal 0.4422886902189936 0 -0.896872741532692
    outer loop
      vertex 12.875 -6.8000000000000025 76.01554445662276
      vertex 13.080303993361094 -10.800000000000002 76.11678918189475
      vertex 12.875 -10.800000000000002 76.01554445662276
    endloop
  endfacet
  facet normal 0.3214394653032004 0 -0.9469301294950926
    outer loop
      vertex 13.080303993361094 -6.8000000000000025 76.11678918189475
      vertex 13.297066671070588 -10.800000000000002 76.19037019600587
      vertex 13.080303993361094 -10.800000000000002 76.11678918189475
    endloop
  endfacet
  facet normal 0.19509032201610832 0 -0.9807852804032344
    outer loop
      vertex 13.297066671070588 -6.8000000000000025 76.19037019600587
      vertex 13.52157916361491 -10.800000000000002 76.23502850740417
      vertex 13.297066671070588 -10.800000000000002 76.19037019600587
    endloop
  endfacet
  facet normal 0.0654031292301505 0 -0.997858923238603
    outer loop
      vertex 13.52157916361491 -6.8000000000000025 76.23502850740417
      vertex 13.75 -10.800000000000002 76.25
      vertex 13.52157916361491 -10.800000000000002 76.23502850740417
    endloop
  endfacet
  facet normal -0.0654031292301505 0 0.997858923238603
    outer loop
      vertex 13.75 -6.8000000000000025 72.75
      vertex 13.75 -10.800000000000002 72.75
      vertex 13.97842083638509 -6.8000000000000025 72.76497149259583
    endloop
  endfacet
  facet normal -0.19509032201610832 0 0.9807852804032344
    outer loop
      vertex 13.97842083638509 -6.8000000000000025 72.76497149259583
      vertex 13.97842083638509 -10.800000000000002 72.76497149259583
      vertex 14.202933328929412 -6.8000000000000025 72.80962980399413
    endloop
  endfacet
  facet normal -0.3214394653032004 0 0.9469301294950926
    outer loop
      vertex 14.202933328929412 -6.8000000000000025 72.80962980399413
      vertex 14.202933328929412 -10.800000000000002 72.80962980399413
      vertex 14.419696006638906 -6.8000000000000025 72.88321081810525
    endloop
  endfacet
  facet normal -0.4422886902189936 0 0.896872741532692
    outer loop
      vertex 14.419696006638906 -6.8000000000000025 72.88321081810525
      vertex 14.419696006638906 -10.800000000000002 72.88321081810525
      vertex 14.625 -6.8000000000000025 72.98445554337724
    endloop
  endfacet
  facet normal -0.5555702330195864 0 0.8314696123025559
    outer loop
      vertex 14.625 -6.8000000000000025 72.98445554337724
      vertex 14.625 -10.800000000000002 72.98445554337724
      vertex 14.815332500765262 -6.8000000000000025 73.11163165449034
    endloop
  endfacet
  facet normal -0.6593458151000473 0 0.7518398074789961
    outer loop
      vertex 14.815332500765262 -6.8000000000000025 73.11163165449034
      vertex 14.815332500765262 -10.800000000000002 73.11163165449034
      vertex 14.987436867076458 -6.8000000000000025 73.26256313292353
    endloop
  endfacet
  facet normal -0.7518398074789867 0 0.6593458151000583
    outer loop
      vertex 14.987436867076458 -6.8000000000000025 73.26256313292353
      vertex 14.987436867076458 -10.800000000000002 73.26256313292353
      vertex 15.138368345509662 -6.8000000000000025 73.43466749923473
    endloop
  endfacet
  facet normal -0.8314696123025498 0 0.5555702330195953
    outer loop
      vertex 15.138368345509662 -6.8000000000000025 73.43466749923473
      vertex 15.138368345509662 -10.800000000000002 73.43466749923473
      vertex 15.265544456622768 -6.8000000000000025 73.625
    endloop
  endfacet
  facet normal -0.8968727415326935 0 0.4422886902189906
    outer loop
      vertex 15.265544456622768 -6.8000000000000025 73.625
      vertex 15.265544456622768 -10.800000000000002 73.625
      vertex 15.366789181894752 -6.8000000000000025 73.8303039933611
    endloop
  endfacet
  facet normal -0.946930129495101 0 0.32143946530317513
    outer loop
      vertex 15.366789181894752 -6.8000000000000025 73.8303039933611
      vertex 15.366789181894752 -10.800000000000002 73.8303039933611
      vertex 15.440370196005869 -6.8000000000000025 74.04706667107058
    endloop
  endfacet
  facet normal -0.0654031292301505 2.92254681541486e-20 -0.997858923238603
    outer loop
      vertex 13.75 -6.8000000000000025 76.25
      vertex 13.97842083638509 -6.8000000000000025 76.23502850740417
      vertex 13.97842083638509 -10.800000000000002 76.23502850740417
    endloop
  endfacet
  facet normal -0.19509032201610832 0 -0.9807852804032344
    outer loop
      vertex 14.202933328929412 -6.8000000000000025 76.19037019600587
      vertex 14.202933328929412 -10.800000000000002 76.19037019600587
      vertex 13.97842083638509 -6.8000000000000025 76.23502850740417
    endloop
  endfacet
  facet normal -0.3214394653032004 -8.2816360568147695e-19 -0.9469301294950926
    outer loop
      vertex 14.202933328929412 -6.8000000000000025 76.19037019600587
      vertex 14.419696006638906 -6.8000000000000025 76.11678918189475
      vertex 14.419696006638906 -10.800000000000002 76.11678918189475
    endloop
  endfacet
  facet normal -0.4422886902189936 -1.4339489020568757e-18 -0.896872741532692
    outer loop
      vertex 14.419696006638906 -6.8000000000000025 76.11678918189475
      vertex 14.625 -6.8000000000000025 76.01554445662276
      vertex 14.625 -10.800000000000002 76.01554445662276
    endloop
  endfacet
  facet normal -0.9807852804032323 0 0.19509032201611884
    outer loop
      vertex 15.440370196005869 -6.8000000000000025 74.04706667107058
      vertex 15.440370196005869 -10.800000000000002 74.04706667107058
      vertex 15.485028507404168 -6.8000000000000025 74.27157916361492
    endloop
  endfacet
  facet normal -0.9978589232386034 0 0.0654031292301448
    outer loop
      vertex 15.485028507404168 -6.8000000000000025 74.27157916361492
      vertex 15.485028507404168 -10.800000000000002 74.27157916361492
      vertex 15.5 -6.8000000000000025 74.5
    endloop
  endfacet
  facet normal -0.9978589232386034 0 -0.0654031292301448
    outer loop
      vertex 15.5 -6.8000000000000025 74.5
      vertex 15.5 -10.800000000000002 74.5
      vertex 15.485028507404168 -6.8000000000000025 74.72842083638508
    endloop
  endfacet
  facet normal -0.8968727415326935 0 -0.4422886902189906
    outer loop
      vertex 15.366789181894752 -6.8000000000000025 75.1696960066389
      vertex 15.366789181894752 -10.800000000000002 75.1696960066389
      vertex 15.265544456622768 -6.8000000000000025 75.375
    endloop
  endfacet
  facet normal -0.9807852804032323 3.4977162757164523e-19 -0.19509032201611884
    outer loop
      vertex 15.440370196005869 -6.8000000000000025 74.95293332892942
      vertex 15.485028507404168 -6.8000000000000025 74.72842083638508
      vertex 15.485028507404168 -10.800000000000002 74.72842083638508
    endloop
  endfacet
  facet normal -0.946930129495101 0 -0.32143946530317513
    outer loop
      vertex 15.440370196005869 -6.8000000000000025 74.95293332892942
      vertex 15.440370196005869 -10.800000000000002 74.95293332892942
      vertex 15.366789181894752 -6.8000000000000025 75.1696960066389
    endloop
  endfacet
  facet normal -0.6593458151000473 -1.2516237513005613e-18 -0.7518398074789961
    outer loop
      vertex 14.815332500765262 -6.8000000000000025 75.88836834550966
      vertex 14.987436867076458 -6.8000000000000025 75.73743686707647
      vertex 14.987436867076458 -10.800000000000002 75.73743686707647
    endloop
  endfacet
  facet normal -0.7518398074789867 -5.403421122124802e-19 -0.6593458151000583
    outer loop
      vertex 14.987436867076458 -6.8000000000000025 75.73743686707647
      vertex 15.138368345509662 -6.8000000000000025 75.56533250076527
      vertex 15.138368345509662 -10.800000000000002 75.56533250076527
    endloop
  endfacet
  facet normal -0.5555702330195864 1.872263215069631e-18 -0.8314696123025559
    outer loop
      vertex 14.625 -6.8000000000000025 76.01554445662276
      vertex 14.815332500765262 -6.8000000000000025 75.88836834550966
      vertex 14.815332500765262 -10.800000000000002 75.88836834550966
    endloop
  endfacet
  facet normal -0.8314696123025498 -3.2183705307642777e-19 -0.5555702330195953
    outer loop
      vertex 15.138368345509662 -6.8000000000000025 75.56533250076527
      vertex 15.265544456622768 -6.8000000000000025 75.375
      vertex 15.265544456622768 -10.800000000000002 75.375
    endloop
  endfacet
  facet normal -0.0654031292301505 0 0.997858923238603
    outer loop
      vertex 13.97842083638509 -6.8000000000000025 72.76497149259583
      vertex 13.75 -10.800000000000002 72.75
      vertex 13.97842083638509 -10.800000000000002 72.76497149259583
    endloop
  endfacet
  facet normal -0.19509032201610832 0 0.9807852804032344
    outer loop
      vertex 14.202933328929412 -6.8000000000000025 72.80962980399413
      vertex 13.97842083638509 -10.800000000000002 72.76497149259583
      vertex 14.202933328929412 -10.800000000000002 72.80962980399413
    endloop
  endfacet
  facet normal -0.3214394653032004 0 0.9469301294950926
    outer loop
      vertex 14.419696006638906 -6.8000000000000025 72.88321081810525
      vertex 14.202933328929412 -10.800000000000002 72.80962980399413
      vertex 14.419696006638906 -10.800000000000002 72.88321081810525
    endloop
  endfacet
  facet normal -0.4422886902189936 0 0.896872741532692
    outer loop
      vertex 14.625 -6.8000000000000025 72.98445554337724
      vertex 14.419696006638906 -10.800000000000002 72.88321081810525
      vertex 14.625 -10.800000000000002 72.98445554337724
    endloop
  endfacet
  facet normal -0.5555702330195864 0 0.8314696123025559
    outer loop
      vertex 14.815332500765262 -6.8000000000000025 73.11163165449034
      vertex 14.625 -10.800000000000002 72.98445554337724
      vertex 14.815332500765262 -10.800000000000002 73.11163165449034
    endloop
  endfacet
  facet normal -0.6593458151000473 0 0.7518398074789961
    outer loop
      vertex 14.987436867076458 -6.8000000000000025 73.26256313292353
      vertex 14.815332500765262 -10.800000000000002 73.11163165449034
      vertex 14.987436867076458 -10.800000000000002 73.26256313292353
    endloop
  endfacet
  facet normal -0.7518398074789867 0 0.6593458151000583
    outer loop
      vertex 15.138368345509662 -6.8000000000000025 73.43466749923473
      vertex 14.987436867076458 -10.800000000000002 73.26256313292353
      vertex 15.138368345509662 -10.800000000000002 73.43466749923473
    endloop
  endfacet
  facet normal -0.8314696123025498 0 0.5555702330195953
    outer loop
      vertex 15.265544456622768 -6.8000000000000025 73.625
      vertex 15.138368345509662 -10.800000000000002 73.43466749923473
      vertex 15.265544456622768 -10.800000000000002 73.625
    endloop
  endfacet
  facet normal -0.8968727415326935 0 0.4422886902189906
    outer loop
      vertex 15.366789181894752 -6.8000000000000025 73.8303039933611
      vertex 15.265544456622768 -10.800000000000002 73.625
      vertex 15.366789181894752 -10.800000000000002 73.8303039933611
    endloop
  endfacet
  facet normal -0.946930129495101 0 0.32143946530317513
    outer loop
      vertex 15.440370196005869 -6.8000000000000025 74.04706667107058
      vertex 15.366789181894752 -10.800000000000002 73.8303039933611
      vertex 15.440370196005869 -10.800000000000002 74.04706667107058
    endloop
  endfacet
  facet normal -0.0654031292301505 0 -0.997858923238603
    outer loop
      vertex 13.75 -6.8000000000000025 76.25
      vertex 13.97842083638509 -10.800000000000002 76.23502850740417
      vertex 13.75 -10.800000000000002 76.25
    endloop
  endfacet
  facet normal -0.19509032201610832 0 -0.9807852804032344
    outer loop
      vertex 13.97842083638509 -6.8000000000000025 76.23502850740417
      vertex 14.202933328929412 -10.800000000000002 76.19037019600587
      vertex 13.97842083638509 -10.800000000000002 76.23502850740417
    endloop
  endfacet
  facet normal -0.3214394653032004 0 -0.9469301294950926
    outer loop
      vertex 14.202933328929412 -6.8000000000000025 76.19037019600587
      vertex 14.419696006638906 -10.800000000000002 76.11678918189475
      vertex 14.202933328929412 -10.800000000000002 76.19037019600587
    endloop
  endfacet
  facet normal -0.4422886902189936 0 -0.896872741532692
    outer loop
      vertex 14.419696006638906 -6.8000000000000025 76.11678918189475
      vertex 14.625 -10.800000000000002 76.01554445662276
      vertex 14.419696006638906 -10.800000000000002 76.11678918189475
    endloop
  endfacet
  facet normal -0.9807852804032323 0 0.19509032201611884
    outer loop
      vertex 15.485028507404168 -6.8000000000000025 74.27157916361492
      vertex 15.440370196005869 -10.800000000000002 74.04706667107058
      vertex 15.485028507404168 -10.800000000000002 74.27157916361492
    endloop
  endfacet
  facet normal -0.9978589232386034 0 0.0654031292301448
    outer loop
      vertex 15.5 -6.8000000000000025 74.5
      vertex 15.485028507404168 -10.800000000000002 74.27157916361492
      vertex 15.5 -10.800000000000002 74.5
    endloop
  endfacet
  facet normal -0.9978589232386034 0 -0.0654031292301448
    outer loop
      vertex 15.485028507404168 -6.8000000000000025 74.72842083638508
      vertex 15.5 -10.800000000000002 74.5
      vertex 15.485028507404168 -10.800000000000002 74.72842083638508
    endloop
  endfacet
  facet normal -0.9807852804032323 0 -0.19509032201611884
    outer loop
      vertex 15.440370196005869 -6.8000000000000025 74.95293332892942
      vertex 15.485028507404168 -10.800000000000002 74.72842083638508
      vertex 15.440370196005869 -10.800000000000002 74.95293332892942
    endloop
  endfacet
  facet normal -0.946930129495101 0 -0.32143946530317513
    outer loop
      vertex 15.366789181894752 -6.8000000000000025 75.1696960066389
      vertex 15.440370196005869 -10.800000000000002 74.95293332892942
      vertex 15.366789181894752 -10.800000000000002 75.1696960066389
    endloop
  endfacet
  facet normal -0.6593458151000473 0 -0.7518398074789961
    outer loop
      vertex 14.815332500765262 -6.8000000000000025 75.88836834550966
      vertex 14.987436867076458 -10.800000000000002 75.73743686707647
      vertex 14.815332500765262 -10.800000000000002 75.88836834550966
    endloop
  endfacet
  facet normal -0.7518398074789867 0 -0.6593458151000583
    outer loop
      vertex 14.987436867076458 -6.8000000000000025 75.73743686707647
      vertex 15.138368345509662 -10.800000000000002 75.56533250076527
      vertex 14.987436867076458 -10.800000000000002 75.73743686707647
    endloop
  endfacet
  facet normal -0.5555702330195864 0 -0.8314696123025559
    outer loop
      vertex 14.625 -6.8000000000000025 76.01554445662276
      vertex 14.815332500765262 -10.800000000000002 75.88836834550966
      vertex 14.625 -10.800000000000002 76.01554445662276
    endloop
  endfacet
  facet normal -0.8314696123025498 0 -0.5555702330195953
    outer loop
      vertex 15.138368345509662 -6.8000000000000025 75.56533250076527
      vertex 15.265544456622768 -10.800000000000002 75.375
      vertex 15.138368345509662 -10.800000000000002 75.56533250076527
    endloop
  endfacet
  facet normal -0.8968727415326935 0 -0.4422886902189906
    outer loop
      vertex 15.265544456622768 -6.8000000000000025 75.375
      vertex 15.366789181894752 -10.800000000000002 75.1696960066389
      vertex 15.265544456622768 -10.800000000000002 75.375
    endloop
  endfacet
  facet normal 0 0 1
    outer loop
      vertex -12.850000001490116 -20.500000000000004 14
      vertex -12.850000001490116 -21.300000000000004 14
      vertex -9.649999998509884 -20.500000000000004 14
    endloop
  endfacet
  facet normal 0 0 1
    outer loop
      vertex -12.850000001490116 -21.300000000000004 14
      vertex -9.649999998509884 -21.300000000000004 14
      vertex -9.649999998509884 -20.500000000000004 14
    endloop
  endfacet
  facet normal 0 -1 0
    outer loop
      vertex -12.850000001490116 -20.500000000000004 14
      vertex -9.649999998509884 -20.500000000000004 14
      vertex -9.649999998509884 -20.500000000000004 31.21161787956953
    endloop
  endfacet
  facet normal -1 0 0
    outer loop
      vertex -9.649999998509884 -20.500000000000004 14
      vertex -9.649999998509884 -21.300000000000004 14
      vertex -9.649999998509884 -20.500000000000004 31.21161787956953
    endloop
  endfacet
  facet normal 0.8320502943378437 0 -0.5547001962252291
    outer loop
      vertex -3.25 -20.500000000000004 5
      vertex 0.75 -21.300000000000004 11
      vertex -3.25 -21.300000000000004 5
    endloop
  endfacet
  facet normal 1 0 0
    outer loop
      vertex -12.850000001490116 -20.500000000000004 14
      vertex -12.850000001490116 -21.300000000000004 54
      vertex -12.850000001490116 -21.300000000000004 14
    endloop
  endfacet
  facet normal -1 0 0
    outer loop
      vertex -9.649999998509884 -21.300000000000004 14
      vertex -9.649999998509884 -21.300000000000004 31.21161787956953
      vertex -9.649999998509884 -20.500000000000004 31.21161787956953
    endloop
  endfacet
  facet normal 0.8788171119574059 0 0.4771587615572457
    outer loop
      vertex -8.525163106620312 -20.500000000000004 28.650237508118153
      vertex -8.525163106620312 -21.300000000000004 28.650237508118153
      vertex -7.900635093450546 -20.500000000000004 27.5
    endloop
  endfacet
  facet normal 0.8788171119574059 5.3015300385980845e-17 0.4771587615572457
    outer loop
      vertex -8.525163106620312 -21.300000000000004 28.650237508118153
      vertex -7.900635093450546 -21.300000000000004 27.5
      vertex -7.900635093450546 -20.500000000000004 27.5
    endloop
  endfacet
  facet normal 0.9025852843201296 0 0.4305110968706276
    outer loop
      vertex -8.525163106620312 -20.500000000000004 28.650237508118153
      vertex -9.088636443018913 -20.500000000000004 29.83158392459154
      vertex -9.088636443018913 -21.300000000000004 29.83158392459154
    endloop
  endfacet
  facet normal 0.9025852843201296 0 0.4305110968706276
    outer loop
      vertex -8.525163106620312 -20.500000000000004 28.650237508118153
      vertex -9.088636443018913 -21.300000000000004 29.83158392459154
      vertex -8.525163106620312 -21.300000000000004 28.650237508118153
    endloop
  endfacet
  facet normal 0 -1 0
    outer loop
      vertex -12.850000001490116 -20.500000000000004 14
      vertex -9.649999998509884 -20.500000000000004 31.21161787956953
      vertex -12.850000001490116 -20.500000000000004 54
    endloop
  endfacet
  facet normal 0 -1 0
    outer loop
      vertex -9.088636443018913 -20.500000000000004 29.83158392459154
      vertex -6.788769379258156 -20.500000000000004 32.11590511351824
      vertex -9.589510664343834 -20.500000000000004 31.040801264345646
    endloop
  endfacet
  facet normal 0 -1 0
    outer loop
      vertex -9.589510664343834 -20.500000000000004 31.040801264345646
      vertex -6.788769379258156 -20.500000000000004 32.11590511351824
      vertex -9.649999998509884 -20.500000000000004 31.21161787956953
    endloop
  endfacet
  facet normal 0.9238795326890145 0 0.38268343193601717
    outer loop
      vertex -9.088636443018913 -20.500000000000004 29.83158392459154
      vertex -9.589510664343834 -20.500000000000004 31.040801264345646
      vertex -9.589510664343834 -21.300000000000004 31.040801264345646
    endloop
  endfacet
  facet normal 0.9238795326890145 0 0.38268343193601717
    outer loop
      vertex -9.088636443018913 -20.500000000000004 29.83158392459154
      vertex -9.589510664343834 -21.300000000000004 31.040801264345646
      vertex -9.088636443018913 -21.300000000000004 29.83158392459154
    endloop
  endfacet
  facet normal 0.9426414941857352 0 0.3338068504978357
    outer loop
      vertex -9.589510664343834 -20.500000000000004 31.040801264345646
      vertex -9.649999998509884 -20.500000000000004 31.21161787956953
      vertex -9.649999998509884 -21.300000000000004 31.21161787956953
    endloop
  endfacet
  facet normal 0.9426414941857352 0 0.3338068504978357
    outer loop
      vertex -9.589510664343834 -20.500000000000004 31.040801264345646
      vertex -9.649999998509884 -21.300000000000004 31.21161787956953
      vertex -9.589510664343834 -21.300000000000004 31.040801264345646
    endloop
  endfacet
  facet normal 0 -1 0
    outer loop
      vertex -9.649999998509884 -20.500000000000004 31.21161787956953
      vertex -7.17324335873127 -20.500000000000004 33.20162612199783
      vertex -7.500368177890778 -20.500000000000004 34.30598101019859
    endloop
  endfacet
  facet normal 0 -1 0
    outer loop
      vertex -9.649999998509884 -20.500000000000004 31.21161787956953
      vertex -7.769247218966484 -20.500000000000004 35.42594280093908
      vertex -7.979143492877483 -20.500000000000004 36.5584417656064
    endloop
  endfacet
  facet normal 0 -1 0
    outer loop
      vertex -9.649999998509884 -20.500000000000004 31.21161787956953
      vertex -7.500368177890778 -20.500000000000004 34.30598101019859
      vertex -7.769247218966484 -20.500000000000004 35.42594280093908
    endloop
  endfacet
  facet normal -0.9914448616531019 0 -0.1305261900986219
    outer loop
      vertex -8.129481695592403 -20.500000000000004 37.70037380605936
      vertex -7.979143492877483 -20.500000000000004 36.5584417656064
      vertex -7.979143492877483 -21.300000000000004 36.5584417656064
    endloop
  endfacet
  facet normal -0.996917333528991 0 -0.07845909832165096
    outer loop
      vertex -8.129481695592403 -20.500000000000004 37.70037380605936
      vertex -8.129481695592403 -21.300000000000004 37.70037380605936
      vertex -8.21984976530075 -20.500000000000004 38.84860896319151
    endloop
  endfacet
  facet normal -0.9914448616531019 0 -0.1305261900986219
    outer loop
      vertex -8.129481695592403 -20.500000000000004 37.70037380605936
      vertex -7.979143492877483 -21.300000000000004 36.5584417656064
      vertex -8.129481695592403 -21.300000000000004 37.70037380605936
    endloop
  endfacet
  facet normal -0.9996573249911448 0 -0.026176947712612638
    outer loop
      vertex -8.21984976530075 -20.500000000000004 38.84860896319151
      vertex -8.21984976530075 -21.300000000000004 38.84860896319151
      vertex -8.25 -20.500000000000004 40
    endloop
  endfacet
  facet normal -0.996917333528991 0 -0.07845909832165096
    outer loop
      vertex -8.21984976530075 -20.500000000000004 38.84860896319151
      vertex -8.129481695592403 -21.300000000000004 37.70037380605936
      vertex -8.21984976530075 -21.300000000000004 38.84860896319151
    endloop
  endfacet
  facet normal 0 -1 0
    outer loop
      vertex -5.678649038076401 -20.500000000000004 24.26699022203684
      vertex -4.828620634973049 -20.500000000000004 23.271734841167927
      vertex -3.3472111523151398 -20.500000000000004 26.15495139360428
    endloop
  endfacet
  facet normal 0.7604059636381475 0 0.6494480506272539
    outer loop
      vertex -5.678649038076401 -20.500000000000004 24.26699022203684
      vertex -5.678649038076401 -21.300000000000004 24.26699022203684
      vertex -4.828620634973049 -20.500000000000004 23.271734841167927
    endloop
  endfacet
  facet normal 0.7933533423666886 0 0.6087614263039369
    outer loop
      vertex -5.678649038076401 -20.500000000000004 24.26699022203684
      vertex -6.4754248559474945 -21.300000000000004 25.305368691682816
      vertex -5.678649038076401 -21.300000000000004 24.26699022203684
    endloop
  endfacet
  facet normal 0.7253743739921683 0 0.688354572553615
    outer loop
      vertex -4.828620634973049 -20.500000000000004 23.271734841167927
      vertex -4.828620634973049 -21.300000000000004 23.271734841167927
      vertex -3.927669532597065 -20.500000000000004 22.322330467402935
    endloop
  endfacet
  facet normal 0.7604059636381475 0 0.6494480506272539
    outer loop
      vertex -4.828620634973049 -20.500000000000004 23.271734841167927
      vertex -5.678649038076401 -21.300000000000004 24.26699022203684
      vertex -4.828620634973049 -21.300000000000004 23.271734841167927
    endloop
  endfacet
  facet normal 0.8526401633380409 0 0.522498566373994
    outer loop
      vertex -7.216764196753502 -20.500000000000004 26.384024128317833
      vertex -7.900635093450546 -20.500000000000004 27.5
      vertex -7.900635093450546 -21.300000000000004 27.5
    endloop
  endfacet
  facet normal 0.8526401633380409 0 0.522498566373994
    outer loop
      vertex -7.216764196753502 -20.500000000000004 26.384024128317833
      vertex -7.900635093450546 -21.300000000000004 27.5
      vertex -7.216764196753502 -21.300000000000004 26.384024128317833
    endloop
  endfacet
  facet normal 0.7933533423666886 0 0.6087614263039369
    outer loop
      vertex -5.678649038076401 -20.500000000000004 24.26699022203684
      vertex -6.4754248559474945 -20.500000000000004 25.305368691682816
      vertex -6.4754248559474945 -21.300000000000004 25.305368691682816
    endloop
  endfacet
  facet normal 0.8241261892230821 0 0.5664062360502755
    outer loop
      vertex -6.4754248559474945 -20.500000000000004 25.305368691682816
      vertex -7.216764196753502 -21.300000000000004 26.384024128317833
      vertex -6.4754248559474945 -21.300000000000004 25.305368691682816
    endloop
  endfacet
  facet normal 0.8241261892230821 0 0.5664062360502755
    outer loop
      vertex -7.216764196753502 -20.500000000000004 26.384024128317833
      vertex -7.216764196753502 -21.300000000000004 26.384024128317833
      vertex -6.4754248559474945 -20.500000000000004 25.305368691682816
    endloop
  endfacet
  facet normal 0 -1 0
    outer loop
      vertex -8.525163106620312 -20.500000000000004 28.650237508118153
      vertex -7.900635093450546 -20.500000000000004 27.5
      vertex -5.852143533527851 -20.500000000000004 30.012209005653858
    endloop
  endfacet
  facet normal 0 -1 0
    outer loop
      vertex -7.216764196753502 -20.500000000000004 26.384024128317833
      vertex -5.30255888402462 -20.500000000000004 29
      vertex -7.900635093450546 -20.500000000000004 27.5
    endloop
  endfacet
  facet normal 0 -1 0
    outer loop
      vertex -7.900635093450546 -20.500000000000004 27.5
      vertex -5.30255888402462 -20.500000000000004 29
      vertex -5.852143533527851 -20.500000000000004 30.012209005653858
    endloop
  endfacet
  facet normal 0 -1 0
    outer loop
      vertex -5.678649038076401 -20.500000000000004 24.26699022203684
      vertex -4.048373878002167 -20.500000000000004 27.06872444599867
      vertex -6.4754248559474945 -20.500000000000004 25.305368691682816
    endloop
  endfacet
  facet normal 0 -1 0
    outer loop
      vertex -7.216764196753502 -20.500000000000004 26.384024128317833
      vertex -6.4754248559474945 -20.500000000000004 25.305368691682816
      vertex -4.70075249671936 -20.500000000000004 28.01794122904539
    endloop
  endfacet
  facet normal 0 -1 0
    outer loop
      vertex -6.4754248559474945 -20.500000000000004 25.305368691682816
      vertex -4.048373878002167 -20.500000000000004 27.06872444599867
      vertex -4.70075249671936 -20.500000000000004 28.01794122904539
    endloop
  endfacet
  facet normal 0 -1 0
    outer loop
      vertex -7.216764196753502 -20.500000000000004 26.384024128317833
      vertex -4.70075249671936 -20.500000000000004 28.01794122904539
      vertex -5.30255888402462 -20.500000000000004 29
    endloop
  endfacet
  facet normal -0.8788171124223632 0 -0.4771587607009008
    outer loop
      vertex -5.30255888402462 -20.500000000000004 29
      vertex -5.30255888402462 -21.300000000000004 29
      vertex -5.852143533527851 -20.500000000000004 30.012209005653858
    endloop
  endfacet
  facet normal -0.8526401649479972 0 -0.5224985637467838
    outer loop
      vertex -5.30255888402462 -20.500000000000004 29
      vertex -4.70075249671936 -20.500000000000004 28.01794122904539
      vertex -4.70075249671936 -21.300000000000004 28.01794122904539
    endloop
  endfacet
  facet normal -0.8241261893741648 0 -0.5664062358304489
    outer loop
      vertex -4.70075249671936 -20.500000000000004 28.01794122904539
      vertex -4.048373878002167 -21.300000000000004 27.06872444599867
      vertex -4.70075249671936 -21.300000000000004 28.01794122904539
    endloop
  endfacet
  facet normal -0.8526401649479972 0 -0.5224985637467838
    outer loop
      vertex -5.30255888402462 -20.500000000000004 29
      vertex -4.70075249671936 -21.300000000000004 28.01794122904539
      vertex -5.30255888402462 -21.300000000000004 29
    endloop
  endfacet
  facet normal 0.688354572553615 0 0.7253743739921683
    outer loop
      vertex -2.978265158832073 -20.500000000000004 21.42137936502695
      vertex -3.927669532597065 -20.500000000000004 22.322330467402935
      vertex -3.927669532597065 -21.300000000000004 22.322330467402935
    endloop
  endfacet
  facet normal 0.6494480506272539 0 0.7604059636381475
    outer loop
      vertex -2.978265158832073 -20.500000000000004 21.42137936502695
      vertex -2.978265158832073 -21.300000000000004 21.42137936502695
      vertex -1.9830097779631615 -20.500000000000004 20.5713509619236
    endloop
  endfacet
  facet normal 0.688354572553615 0 0.7253743739921683
    outer loop
      vertex -2.978265158832073 -20.500000000000004 21.42137936502695
      vertex -3.927669532597065 -21.300000000000004 22.322330467402935
      vertex -2.978265158832073 -21.300000000000004 21.42137936502695
    endloop
  endfacet
  facet normal 0 -1 0
    outer loop
      vertex -4.828620634973049 -20.500000000000004 23.271734841167927
      vertex -3.927669532597065 -20.500000000000004 22.322330467402935
      vertex -2.599186159670353 -20.500000000000004 25.279126659035683
    endloop
  endfacet
  facet normal 0 -1 0
    outer loop
      vertex -2.978265158832073 -20.500000000000004 21.42137936502695
      vertex -1.8063491880893707 -20.500000000000004 24.44365081191063
      vertex -3.927669532597065 -20.500000000000004 22.322330467402935
    endloop
  endfacet
  facet normal 0 -1 0
    outer loop
      vertex -3.927669532597065 -20.500000000000004 22.322330467402935
      vertex -1.8063491880893707 -20.500000000000004 24.44365081191063
      vertex -2.599186159670353 -20.500000000000004 25.279126659035683
    endloop
  endfacet
  facet normal 0.7253743739921683 0 0.688354572553615
    outer loop
      vertex -4.828620634973049 -21.300000000000004 23.271734841167927
      vertex -3.927669532597065 -21.300000000000004 22.322330467402935
      vertex -3.927669532597065 -20.500000000000004 22.322330467402935
    endloop
  endfacet
  facet normal 0 -1 0
    outer loop
      vertex -2.978265158832073 -20.500000000000004 21.42137936502695
      vertex -1.9830097779631615 -20.500000000000004 20.5713509619236
      vertex -0.9708733409643173 -20.500000000000004 23.650813840329647
    endloop
  endfacet
  facet normal 0 -1 0
    outer loop
      vertex -1.9830097779631615 -20.500000000000004 20.5713509619236
      vertex -0.9446313083171844 -20.500000000000004 19.774575144052505
      vertex -0.09504860639572144 -20.500000000000004 22.90278884768486
    endloop
  endfacet
  facet normal 0.6494480506272539 0 0.7604059636381475
    outer loop
      vertex -2.978265158832073 -21.300000000000004 21.42137936502695
      vertex -1.9830097779631615 -21.300000000000004 20.5713509619236
      vertex -1.9830097779631615 -20.500000000000004 20.5713509619236
    endloop
  endfacet
  facet normal 0.6087614263039369 0 0.7933533423666886
    outer loop
      vertex -1.9830097779631615 -20.500000000000004 20.5713509619236
      vertex -1.9830097779631615 -21.300000000000004 20.5713509619236
      vertex -0.9446313083171844 -20.500000000000004 19.774575144052505
    endloop
  endfacet
  facet normal 0.6087614263039369 0 0.7933533423666886
    outer loop
      vertex -0.9446313083171844 -20.500000000000004 19.774575144052505
      vertex -1.9830097779631615 -21.300000000000004 20.5713509619236
      vertex -0.9446313083171844 -21.300000000000004 19.774575144052505
    endloop
  endfacet
  facet normal 0 -1 0
    outer loop
      vertex -2.978265158832073 -20.500000000000004 21.42137936502695
      vertex -0.9708733409643173 -20.500000000000004 23.650813840329647
      vertex -1.8063491880893707 -20.500000000000004 24.44365081191063
    endloop
  endfacet
  facet normal 0 -1 0
    outer loop
      vertex -1.9830097779631615 -20.500000000000004 20.5713509619236
      vertex -0.09504860639572144 -20.500000000000004 22.90278884768486
      vertex -0.9708733409643173 -20.500000000000004 23.650813840329647
    endloop
  endfacet
  facet normal -0.6883545740095245 0 -0.7253743726105618
    outer loop
      vertex -1.8063491880893707 -20.500000000000004 24.44365081191063
      vertex -0.9708733409643173 -20.500000000000004 23.650813840329647
      vertex -0.9708733409643173 -21.300000000000004 23.650813840329647
    endloop
  endfacet
  facet normal -0.6883545740095245 0 -0.7253743726105618
    outer loop
      vertex -1.8063491880893707 -20.500000000000004 24.44365081191063
      vertex -0.9708733409643173 -21.300000000000004 23.650813840329647
      vertex -1.8063491880893707 -21.300000000000004 24.44365081191063
    endloop
  endfacet
  facet normal 0 -1 0
    outer loop
      vertex -5.678649038076401 -20.500000000000004 24.26699022203684
      vertex -3.3472111523151398 -20.500000000000004 26.15495139360428
      vertex -4.048373878002167 -20.500000000000004 27.06872444599867
    endloop
  endfacet
  facet normal 0 -1 0
    outer loop
      vertex -4.828620634973049 -20.500000000000004 23.271734841167927
      vertex -2.599186159670353 -20.500000000000004 25.279126659035683
      vertex -3.3472111523151398 -20.500000000000004 26.15495139360428
    endloop
  endfacet
  facet normal -0.7933533395796972 0 -0.608761429936015
    outer loop
      vertex -4.048373878002167 -20.500000000000004 27.06872444599867
      vertex -3.3472111523151398 -20.500000000000004 26.15495139360428
      vertex -3.3472111523151398 -21.300000000000004 26.15495139360428
    endloop
  endfacet
  facet normal -0.7933533395796972 0 -0.608761429936015
    outer loop
      vertex -4.048373878002167 -20.500000000000004 27.06872444599867
      vertex -3.3472111523151398 -21.300000000000004 26.15495139360428
      vertex -4.048373878002167 -21.300000000000004 27.06872444599867
    endloop
  endfacet
  facet normal -0.7604059643143471 0 -0.6494480498355258
    outer loop
      vertex -2.599186159670353 -20.500000000000004 25.279126659035683
      vertex -2.599186159670353 -21.300000000000004 25.279126659035683
      vertex -3.3472111523151398 -20.500000000000004 26.15495139360428
    endloop
  endfacet
  facet normal -0.7604059643143471 0 -0.6494480498355258
    outer loop
      vertex -3.3472111523151398 -20.500000000000004 26.15495139360428
      vertex -2.599186159670353 -21.300000000000004 25.279126659035683
      vertex -3.3472111523151398 -21.300000000000004 26.15495139360428
    endloop
  endfacet
  facet normal -0.8241261893741648 0 -0.5664062358304489
    outer loop
      vertex -4.70075249671936 -20.500000000000004 28.01794122904539
      vertex -4.048373878002167 -20.500000000000004 27.06872444599867
      vertex -4.048373878002167 -21.300000000000004 27.06872444599867
    endloop
  endfacet
  facet normal -0.7253743726105618 0 -0.6883545740095245
    outer loop
      vertex -1.8063491880893707 -20.500000000000004 24.44365081191063
      vertex -1.8063491880893707 -21.300000000000004 24.44365081191063
      vertex -2.599186159670353 -20.500000000000004 25.279126659035683
    endloop
  endfacet
  facet normal -0.7253743726105618 0 -0.6883545740095245
    outer loop
      vertex -1.8063491880893707 -21.300000000000004 24.44365081191063
      vertex -2.599186159670353 -21.300000000000004 25.279126659035683
      vertex -2.599186159670353 -20.500000000000004 25.279126659035683
    endloop
  endfacet
  facet normal 0 -1 0
    outer loop
      vertex -8.525163106620312 -20.500000000000004 28.650237508118153
      vertex -6.348000064492226 -20.500000000000004 31.051793850958347
      vertex -9.088636443018913 -20.500000000000004 29.83158392459154
    endloop
  endfacet
  facet normal 0 -1 0
    outer loop
      vertex -9.088636443018913 -20.500000000000004 29.83158392459154
      vertex -6.348000064492226 -20.500000000000004 31.051793850958347
      vertex -6.788769379258156 -20.500000000000004 32.11590511351824
    endloop
  endfacet
  facet normal 0 -1 0
    outer loop
      vertex -8.525163106620312 -20.500000000000004 28.650237508118153
      vertex -5.852143533527851 -20.500000000000004 30.012209005653858
      vertex -6.348000064492226 -20.500000000000004 31.051793850958347
    endloop
  endfacet
  facet normal -0.9238795331437291 0 -0.3826834308382388
    outer loop
      vertex -6.348000064492226 -20.500000000000004 31.051793850958347
      vertex -6.348000064492226 -21.300000000000004 31.051793850958347
      vertex -6.788769379258156 -20.500000000000004 32.11590511351824
    endloop
  endfacet
  facet normal -0.9238795331437291 0 -0.3826834308382388
    outer loop
      vertex -6.348000064492226 -21.300000000000004 31.051793850958347
      vertex -6.788769379258156 -21.300000000000004 32.11590511351824
      vertex -6.788769379258156 -20.500000000000004 32.11590511351824
    endloop
  endfacet
  facet normal 0 -1 0
    outer loop
      vertex -9.649999998509884 -20.500000000000004 31.21161787956953
      vertex -6.788769379258156 -20.500000000000004 32.11590511351824
      vertex -7.17324335873127 -20.500000000000004 33.20162612199783
    endloop
  endfacet
  facet normal -0.9588197353299213 0 -0.2840153431451545
    outer loop
      vertex -7.17324335873127 -20.500000000000004 33.20162612199783
      vertex -7.17324335873127 -21.300000000000004 33.20162612199783
      vertex -7.500368177890778 -20.500000000000004 34.30598101019859
    endloop
  endfacet
  facet normal -0.9588197353299213 0 -0.2840153431451545
    outer loop
      vertex -7.500368177890778 -20.500000000000004 34.30598101019859
      vertex -7.17324335873127 -21.300000000000004 33.20162612199783
      vertex -7.500368177890778 -21.300000000000004 34.30598101019859
    endloop
  endfacet
  facet normal -0.9426414895121018 0 -0.3338068636957694
    outer loop
      vertex -7.17324335873127 -20.500000000000004 33.20162612199783
      vertex -6.788769379258156 -20.500000000000004 32.11590511351824
      vertex -6.788769379258156 -21.300000000000004 32.11590511351824
    endloop
  endfacet
  facet normal -0.9426414895121018 0 -0.3338068636957694
    outer loop
      vertex -7.17324335873127 -20.500000000000004 33.20162612199783
      vertex -6.788769379258156 -21.300000000000004 32.11590511351824
      vertex -7.17324335873127 -21.300000000000004 33.20162612199783
    endloop
  endfacet
  facet normal -0.9025852858375315 0 -0.4305110936893283
    outer loop
      vertex -6.348000064492226 -20.500000000000004 31.051793850958347
      vertex -5.852143533527851 -20.500000000000004 30.012209005653858
      vertex -5.852143533527851 -21.300000000000004 30.012209005653858
    endloop
  endfacet
  facet normal -0.9025852858375315 0 -0.4305110936893283
    outer loop
      vertex -6.348000064492226 -20.500000000000004 31.051793850958347
      vertex -5.852143533527851 -21.300000000000004 30.012209005653858
      vertex -6.348000064492226 -21.300000000000004 31.051793850958347
    endloop
  endfacet
  facet normal -0.8788171124223632 6.024465965008618e-17 -0.4771587607009008
    outer loop
      vertex -5.30255888402462 -21.300000000000004 29
      vertex -5.852143533527851 -21.300000000000004 30.012209005653858
      vertex -5.852143533527851 -20.500000000000004 30.012209005653858
    endloop
  endfacet
  facet normal -0.9723699195822365 0 -0.23344536725245743
    outer loop
      vertex -7.500368177890778 -20.500000000000004 34.30598101019859
      vertex -7.500368177890778 -21.300000000000004 34.30598101019859
      vertex -7.769247218966484 -20.500000000000004 35.42594280093908
    endloop
  endfacet
  facet normal -0.9723699195822365 0 -0.23344536725245743
    outer loop
      vertex -7.500368177890778 -21.300000000000004 34.30598101019859
      vertex -7.769247218966484 -21.300000000000004 35.42594280093908
      vertex -7.769247218966484 -20.500000000000004 35.42594280093908
    endloop
  endfacet
  facet normal -0.9832549079663214 0 -0.18223552332117093
    outer loop
      vertex -7.769247218966484 -20.500000000000004 35.42594280093908
      vertex -7.769247218966484 -21.300000000000004 35.42594280093908
      vertex -7.979143492877483 -20.500000000000004 36.5584417656064
    endloop
  endfacet
  facet normal -0.9832549079663214 0 -0.18223552332117093
    outer loop
      vertex -7.979143492877483 -20.500000000000004 36.5584417656064
      vertex -7.769247218966484 -21.300000000000004 35.42594280093908
      vertex -7.979143492877483 -21.300000000000004 36.5584417656064
    endloop
  endfacet
  facet normal 0.8320502943378437 0 -0.5547001962252291
    outer loop
      vertex -3.25 -20.500000000000004 5
      vertex 0.75 -20.500000000000004 11
      vertex 0.75 -21.300000000000004 11
    endloop
  endfacet
  facet normal 0 -1 0
    outer loop
      vertex 0.13402412831783295 -20.500000000000004 19.033235803246498
      vertex 1.25 -20.500000000000004 18.349364906549454
      vertex 1.767941229045391 -20.500000000000004 21.54924750328064
    endloop
  endfacet
  facet normal 0.5664062360502755 0 0.8241261892230821
    outer loop
      vertex -0.9446313083171844 -20.500000000000004 19.774575144052505
      vertex -0.9446313083171844 -21.300000000000004 19.774575144052505
      vertex 0.13402412831783295 -20.500000000000004 19.033235803246498
    endloop
  endfacet
  facet normal 0.5664062360502755 0 0.8241261892230821
    outer loop
      vertex -0.9446313083171844 -21.300000000000004 19.774575144052505
      vertex 0.13402412831783295 -21.300000000000004 19.033235803246498
      vertex 0.13402412831783295 -20.500000000000004 19.033235803246498
    endloop
  endfacet
  facet normal 0.522498566373994 0 0.8526401633380409
    outer loop
      vertex 0.13402412831783295 -20.500000000000004 19.033235803246498
      vertex 0.13402412831783295 -21.300000000000004 19.033235803246498
      vertex 1.25 -20.500000000000004 18.349364906549454
    endloop
  endfacet
  facet normal 0.522498566373994 0 0.8526401633380409
    outer loop
      vertex 0.13402412831783295 -21.300000000000004 19.033235803246498
      vertex 1.25 -21.300000000000004 18.349364906549454
      vertex 1.25 -20.500000000000004 18.349364906549454
    endloop
  endfacet
  facet normal 0 -1 0
    outer loop
      vertex 1.25 -20.500000000000004 18.349364906549454
      vertex 2.4002375081181526 -20.500000000000004 17.72483689337969
      vertex 2.75 -20.500000000000004 20.94744111597538
    endloop
  endfacet
  facet normal 0.4771587615572457 0 0.8788171119574059
    outer loop
      vertex 1.25 -20.500000000000004 18.349364906549454
      vertex 1.25 -21.300000000000004 18.349364906549454
      vertex 2.4002375081181526 -20.500000000000004 17.72483689337969
    endloop
  endfacet
  facet normal 0.4305110968706276 0 0.9025852843201296
    outer loop
      vertex 2.4002375081181526 -20.500000000000004 17.72483689337969
      vertex 2.4002375081181526 -21.300000000000004 17.72483689337969
      vertex 3.5815839245915413 -20.500000000000004 17.161363556981087
    endloop
  endfacet
  facet normal 0.4771587615572457 0 0.8788171119574059
    outer loop
      vertex 2.4002375081181526 -20.500000000000004 17.72483689337969
      vertex 1.25 -21.300000000000004 18.349364906549454
      vertex 2.4002375081181526 -21.300000000000004 17.72483689337969
    endloop
  endfacet
  facet normal 0.38268343193601717 0 0.9238795326890145
    outer loop
      vertex 3.5815839245915413 -20.500000000000004 17.161363556981087
      vertex 3.5815839245915413 -21.300000000000004 17.161363556981087
      vertex 4.790801264345646 -20.500000000000004 16.660489335656166
    endloop
  endfacet
  facet normal 0.38268343193601717 0 0.9238795326890145
    outer loop
      vertex 3.5815839245915413 -21.300000000000004 17.161363556981087
      vertex 4.790801264345646 -21.300000000000004 16.660489335656166
      vertex 4.790801264345646 -20.500000000000004 16.660489335656166
    endloop
  endfacet
  facet normal 0 -1 0
    outer loop
      vertex 2.4002375081181526 -20.500000000000004 17.72483689337969
      vertex 3.5815839245915413 -20.500000000000004 17.161363556981087
      vertex 3.762209005653858 -20.500000000000004 20.39785646647215
    endloop
  endfacet
  facet normal 0 -1 0
    outer loop
      vertex 2.4002375081181526 -20.500000000000004 17.72483689337969
      vertex 3.762209005653858 -20.500000000000004 20.39785646647215
      vertex 2.75 -20.500000000000004 20.94744111597538
    endloop
  endfacet
  facet normal 0 -1 0
    outer loop
      vertex 3.5815839245915413 -20.500000000000004 17.161363556981087
      vertex 4.790801264345646 -20.500000000000004 16.660489335656166
      vertex 4.801793850958347 -20.500000000000004 19.901999935507774
    endloop
  endfacet
  facet normal 0 -1 0
    outer loop
      vertex 3.5815839245915413 -20.500000000000004 17.161363556981087
      vertex 4.801793850958347 -20.500000000000004 19.901999935507774
      vertex 3.762209005653858 -20.500000000000004 20.39785646647215
    endloop
  endfacet
  facet normal 0.4305110968706276 0 0.9025852843201296
    outer loop
      vertex 2.4002375081181526 -21.300000000000004 17.72483689337969
      vertex 3.5815839245915413 -21.300000000000004 17.161363556981087
      vertex 3.5815839245915413 -20.500000000000004 17.161363556981087
    endloop
  endfacet
  facet normal 0.33380685571114566 0 0.9426414923396055
    outer loop
      vertex 4.790801264345646 -20.500000000000004 16.660489335656166
      vertex 4.790801264345646 -21.300000000000004 16.660489335656166
      vertex 6.0245751440525055 -20.500000000000004 16.223587095737457
    endloop
  endfacet
  facet normal 0.28401535021046853 0 0.9588197332370797
    outer loop
      vertex 6.0245751440525055 -20.500000000000004 16.223587095737457
      vertex 6.0245751440525055 -21.300000000000004 16.223587095737457
      vertex 7.2795238718390465 -20.500000000000004 15.851854339241982
    endloop
  endfacet
  facet normal 0.33380685571114566 0 0.9426414923396055
    outer loop
      vertex 6.0245751440525055 -20.500000000000004 16.223587095737457
      vertex 4.790801264345646 -21.300000000000004 16.660489335656166
      vertex 6.0245751440525055 -21.300000000000004 16.223587095737457
    endloop
  endfacet
  facet normal 0 -1 0
    outer loop
      vertex 4.790801264345646 -20.500000000000004 16.660489335656166
      vertex 6.0245751440525055 -20.500000000000004 16.223587095737457
      vertex 5.865905113518238 -20.500000000000004 19.461230620741844
    endloop
  endfacet
  facet normal 0 -1 0
    outer loop
      vertex 4.790801264345646 -20.500000000000004 16.660489335656166
      vertex 5.865905113518238 -20.500000000000004 19.461230620741844
      vertex 4.801793850958347 -20.500000000000004 19.901999935507774
    endloop
  endfacet
  facet normal 0 -1 0
    outer loop
      vertex 6.0245751440525055 -20.500000000000004 16.223587095737457
      vertex 6.951626121997833 -20.500000000000004 19.07675664126873
      vertex 5.865905113518238 -20.500000000000004 19.461230620741844
    endloop
  endfacet
  facet normal -0.3826834308382388 0 -0.9238795331437291
    outer loop
      vertex 5.865905113518238 -20.500000000000004 19.461230620741844
      vertex 5.865905113518238 -21.300000000000004 19.461230620741844
      vertex 4.801793850958347 -20.500000000000004 19.901999935507774
    endloop
  endfacet
  facet normal -0.3338068636957694 0 -0.9426414895121018
    outer loop
      vertex 5.865905113518238 -20.500000000000004 19.461230620741844
      vertex 6.951626121997833 -21.300000000000004 19.07675664126873
      vertex 5.865905113518238 -21.300000000000004 19.461230620741844
    endloop
  endfacet
  facet normal 0 0 1
    outer loop
      vertex -3.25 -20.500000000000004 5
      vertex -3.25 -21.300000000000004 5
      vertex 30.75 -20.500000000000004 5
    endloop
  endfacet
  facet normal 0 -1 0
    outer loop
      vertex -3.25 -20.500000000000004 5
      vertex 30.75 -20.500000000000004 5
      vertex 0.75 -20.500000000000004 11
    endloop
  endfacet
  facet normal 0 0 -1
    outer loop
      vertex 0.75 -20.500000000000004 11
      vertex 26.75 -21.300000000000004 11
      vertex 0.75 -21.300000000000004 11
    endloop
  endfacet
  facet normal 0 -1 0
    outer loop
      vertex 6.0245751440525055 -20.500000000000004 16.223587095737457
      vertex 7.2795238718390465 -20.500000000000004 15.851854339241982
      vertex 6.951626121997833 -20.500000000000004 19.07675664126873
    endloop
  endfacet
  facet normal 0 -1 0
    outer loop
      vertex 7.2795238718390465 -20.500000000000004 15.851854339241982
      vertex 8.552207730710506 -20.500000000000004 15.546309985220432
      vertex 8.055981010198593 -20.500000000000004 18.749631822109222
    endloop
  endfacet
  facet normal 0.28401535021046853 0 0.9588197332370797
    outer loop
      vertex 6.0245751440525055 -21.300000000000004 16.223587095737457
      vertex 7.2795238718390465 -21.300000000000004 15.851854339241982
      vertex 7.2795238718390465 -20.500000000000004 15.851854339241982
    endloop
  endfacet
  facet normal 0.23344535842523456 0 0.9723699217014653
    outer loop
      vertex 7.2795238718390465 -20.500000000000004 15.851854339241982
      vertex 7.2795238718390465 -21.300000000000004 15.851854339241982
      vertex 8.552207730710506 -20.500000000000004 15.546309985220432
    endloop
  endfacet
  facet normal 0.23344535842523456 0 0.9723699217014653
    outer loop
      vertex 7.2795238718390465 -21.300000000000004 15.851854339241982
      vertex 8.552207730710506 -21.300000000000004 15.546309985220432
      vertex 8.552207730710506 -20.500000000000004 15.546309985220432
    endloop
  endfacet
  facet normal 0 -1 0
    outer loop
      vertex 7.2795238718390465 -20.500000000000004 15.851854339241982
      vertex 8.055981010198593 -20.500000000000004 18.749631822109222
      vertex 6.951626121997833 -20.500000000000004 19.07675664126873
    endloop
  endfacet
  facet normal -0.3338068636957694 0 -0.9426414895121018
    outer loop
      vertex 5.865905113518238 -20.500000000000004 19.461230620741844
      vertex 6.951626121997833 -20.500000000000004 19.07675664126873
      vertex 6.951626121997833 -21.300000000000004 19.07675664126873
    endloop
  endfacet
  facet normal -0.2840153431451545 0 -0.9588197353299213
    outer loop
      vertex 6.951626121997833 -20.500000000000004 19.07675664126873
      vertex 8.055981010198593 -21.300000000000004 18.749631822109222
      vertex 6.951626121997833 -21.300000000000004 19.07675664126873
    endloop
  endfacet
  facet normal -0.2840153431451545 0 -0.9588197353299213
    outer loop
      vertex 6.951626121997833 -20.500000000000004 19.07675664126873
      vertex 8.055981010198593 -20.500000000000004 18.749631822109222
      vertex 8.055981010198593 -21.300000000000004 18.749631822109222
    endloop
  endfacet
  facet normal 0 -1 0
    outer loop
      vertex 8.552207730710506 -20.500000000000004 15.546309985220432
      vertex 9.839138373732567 -20.500000000000004 15.307791486382484
      vertex 9.175942800939083 -20.500000000000004 18.480752781033516
    endloop
  endfacet
  facet normal 0.1822355273883658 0 0.9832549072125112
    outer loop
      vertex 8.552207730710506 -20.500000000000004 15.546309985220432
      vertex 8.552207730710506 -21.300000000000004 15.546309985220432
      vertex 9.839138373732567 -20.500000000000004 15.307791486382484
    endloop
  endfacet
  facet normal 0.1822355273883658 0 0.9832549072125112
    outer loop
      vertex 9.839138373732567 -20.500000000000004 15.307791486382484
      vertex 8.552207730710506 -21.300000000000004 15.546309985220432
      vertex 9.839138373732567 -21.300000000000004 15.307791486382484
    endloop
  endfacet
  facet normal 0 -1 0
    outer loop
      vertex 8.055981010198593 -20.500000000000004 18.749631822109222
      vertex 8.552207730710506 -20.500000000000004 15.546309985220432
      vertex 9.175942800939083 -20.500000000000004 18.480752781033516
    endloop
  endfacet
  facet normal 0 -1 0
    outer loop
      vertex 9.839138373732567 -20.500000000000004 15.307791486382484
      vertex 10.308441765606403 -20.500000000000004 18.270856507122517
      vertex 9.175942800939083 -20.500000000000004 18.480752781033516
    endloop
  endfacet
  facet normal -0.23344536725245743 0 -0.9723699195822365
    outer loop
      vertex 8.055981010198593 -20.500000000000004 18.749631822109222
      vertex 9.175942800939083 -20.500000000000004 18.480752781033516
      vertex 9.175942800939083 -21.300000000000004 18.480752781033516
    endloop
  endfacet
  facet normal -0.23344536725245743 0 -0.9723699195822365
    outer loop
      vertex 8.055981010198593 -20.500000000000004 18.749631822109222
      vertex 9.175942800939083 -21.300000000000004 18.480752781033516
      vertex 8.055981010198593 -21.300000000000004 18.749631822109222
    endloop
  endfacet
  facet normal -0.18223552332117093 0 -0.9832549079663214
    outer loop
      vertex 9.175942800939083 -20.500000000000004 18.480752781033516
      vertex 10.308441765606403 -20.500000000000004 18.270856507122517
      vertex 10.308441765606403 -21.300000000000004 18.270856507122517
    endloop
  endfacet
  facet normal -0.18223552332117093 0 -0.9832549079663214
    outer loop
      vertex 9.175942800939083 -20.500000000000004 18.480752781033516
      vertex 10.308441765606403 -21.300000000000004 18.270856507122517
      vertex 9.175942800939083 -21.300000000000004 18.480752781033516
    endloop
  endfacet
  facet normal 0 -1 0
    outer loop
      vertex 9.839138373732567 -20.500000000000004 15.307791486382484
      vertex 11.136788420379162 -20.500000000000004 15.136952616274357
      vertex 10.308441765606403 -20.500000000000004 18.270856507122517
    endloop
  endfacet
  facet normal 0 -1 0
    outer loop
      vertex 11.136788420379162 -20.500000000000004 15.136952616274357
      vertex 11.45037380605936 -20.500000000000004 18.120518304407597
      vertex 10.308441765606403 -20.500000000000004 18.270856507122517
    endloop
  endfacet
  facet normal 0 -1 0
    outer loop
      vertex 11.136788420379162 -20.500000000000004 15.136952616274357
      vertex 12.44160109758377 -20.500000000000004 15.034261628985405
      vertex 11.45037380605936 -20.500000000000004 18.120518304407597
    endloop
  endfacet
  facet normal 0.13052619257505793 0 0.9914448613270729
    outer loop
      vertex 9.839138373732567 -20.500000000000004 15.307791486382484
      vertex 9.839138373732567 -21.300000000000004 15.307791486382484
      vertex 11.136788420379162 -20.500000000000004 15.136952616274357
    endloop
  endfacet
  facet normal 0.13052619257505793 0 0.9914448613270729
    outer loop
      vertex 9.839138373732567 -21.300000000000004 15.307791486382484
      vertex 11.136788420379162 -21.300000000000004 15.136952616274357
      vertex 11.136788420379162 -20.500000000000004 15.136952616274357
    endloop
  endfacet
  facet normal 0.07845909763113736 0 0.9969173335833357
    outer loop
      vertex 11.136788420379162 -20.500000000000004 15.136952616274357
      vertex 11.136788420379162 -21.300000000000004 15.136952616274357
      vertex 12.44160109758377 -20.500000000000004 15.034261628985405
    endloop
  endfacet
  facet normal -0.1305261900986219 0 -0.9914448616531019
    outer loop
      vertex 10.308441765606403 -20.500000000000004 18.270856507122517
      vertex 11.45037380605936 -21.300000000000004 18.120518304407597
      vertex 10.308441765606403 -21.300000000000004 18.270856507122517
    endloop
  endfacet
  facet normal -0.1305261900986219 0 -0.9914448616531019
    outer loop
      vertex 10.308441765606403 -20.500000000000004 18.270856507122517
      vertex 11.45037380605936 -20.500000000000004 18.120518304407597
      vertex 11.45037380605936 -21.300000000000004 18.120518304407597
    endloop
  endfacet
  facet normal -0.07845909832165096 0 -0.996917333528991
    outer loop
      vertex 11.45037380605936 -20.500000000000004 18.120518304407597
      vertex 12.59860896319151 -21.300000000000004 18.03015023469925
      vertex 11.45037380605936 -21.300000000000004 18.120518304407597
    endloop
  endfacet
  facet normal 0 -1 0
    outer loop
      vertex 11.45037380605936 -20.500000000000004 18.120518304407597
      vertex 12.44160109758377 -20.500000000000004 15.034261628985405
      vertex 12.59860896319151 -20.500000000000004 18.03015023469925
    endloop
  endfacet
  facet normal 0 -1 0
    outer loop
      vertex 12.44160109758377 -20.500000000000004 15.034261628985405
      vertex 13.75 -20.500000000000004 15
      vertex 12.59860896319151 -20.500000000000004 18.03015023469925
    endloop
  endfacet
  facet normal 0 -1 0
    outer loop
      vertex 12.59860896319151 -20.500000000000004 18.03015023469925
      vertex 13.75 -20.500000000000004 15
      vertex 13.75 -20.500000000000004 18
    endloop
  endfacet
  facet normal 0.07845909763113736 0 0.9969173335833357
    outer loop
      vertex 11.136788420379162 -21.300000000000004 15.136952616274357
      vertex 12.44160109758377 -21.300000000000004 15.034261628985405
      vertex 12.44160109758377 -20.500000000000004 15.034261628985405
    endloop
  endfacet
  facet normal 0.02617694673926488 0 0.9996573250166328
    outer loop
      vertex 12.44160109758377 -20.500000000000004 15.034261628985405
      vertex 12.44160109758377 -21.300000000000004 15.034261628985405
      vertex 13.75 -20.500000000000004 15
    endloop
  endfacet
  facet normal 0.02617694673926488 0 0.9996573250166328
    outer loop
      vertex 12.44160109758377 -21.300000000000004 15.034261628985405
      vertex 13.75 -21.300000000000004 15
      vertex 13.75 -20.500000000000004 15
    endloop
  endfacet
  facet normal -0.07845909832165096 0 -0.996917333528991
    outer loop
      vertex 11.45037380605936 -20.500000000000004 18.120518304407597
      vertex 12.59860896319151 -20.500000000000004 18.03015023469925
      vertex 12.59860896319151 -21.300000000000004 18.03015023469925
    endloop
  endfacet
  facet normal -0.026176947712612638 0 -0.9996573249911448
    outer loop
      vertex 12.59860896319151 -20.500000000000004 18.03015023469925
      vertex 13.75 -20.500000000000004 18
      vertex 13.75 -21.300000000000004 18
    endloop
  endfacet
  facet normal -0.026176947712612638 0 -0.9996573249911448
    outer loop
      vertex 12.59860896319151 -20.500000000000004 18.03015023469925
      vertex 13.75 -21.300000000000004 18
      vertex 12.59860896319151 -21.300000000000004 18.03015023469925
    endloop
  endfacet
  facet normal 0 -1 0
    outer loop
      vertex -0.9446313083171844 -20.500000000000004 19.774575144052505
      vertex 0.13402412831783295 -20.500000000000004 19.033235803246498
      vertex 0.8187244459986687 -20.500000000000004 22.201626121997833
    endloop
  endfacet
  facet normal 0 -1 0
    outer loop
      vertex -0.9446313083171844 -20.500000000000004 19.774575144052505
      vertex 0.8187244459986687 -20.500000000000004 22.201626121997833
      vertex -0.09504860639572144 -20.500000000000004 22.90278884768486
    endloop
  endfacet
  facet normal 0 -1 0
    outer loop
      vertex 0.13402412831783295 -20.500000000000004 19.033235803246498
      vertex 1.767941229045391 -20.500000000000004 21.54924750328064
      vertex 0.8187244459986687 -20.500000000000004 22.201626121997833
    endloop
  endfacet
  facet normal -0.6494480498355258 0 -0.7604059643143471
    outer loop
      vertex -0.9708733409643173 -20.500000000000004 23.650813840329647
      vertex -0.09504860639572144 -20.500000000000004 22.90278884768486
      vertex -0.09504860639572144 -21.300000000000004 22.90278884768486
    endloop
  endfacet
  facet normal -0.6494480498355258 0 -0.7604059643143471
    outer loop
      vertex -0.9708733409643173 -20.500000000000004 23.650813840329647
      vertex -0.09504860639572144 -21.300000000000004 22.90278884768486
      vertex -0.9708733409643173 -21.300000000000004 23.650813840329647
    endloop
  endfacet
  facet normal -0.608761429936015 0 -0.7933533395796972
    outer loop
      vertex 0.8187244459986687 -20.500000000000004 22.201626121997833
      vertex 0.8187244459986687 -21.300000000000004 22.201626121997833
      vertex -0.09504860639572144 -20.500000000000004 22.90278884768486
    endloop
  endfacet
  facet normal -0.608761429936015 0 -0.7933533395796972
    outer loop
      vertex 0.8187244459986687 -21.300000000000004 22.201626121997833
      vertex -0.09504860639572144 -21.300000000000004 22.90278884768486
      vertex -0.09504860639572144 -20.500000000000004 22.90278884768486
    endloop
  endfacet
  facet normal 0 -1 0
    outer loop
      vertex 1.25 -20.500000000000004 18.349364906549454
      vertex 2.75 -20.500000000000004 20.94744111597538
      vertex 1.767941229045391 -20.500000000000004 21.54924750328064
    endloop
  endfacet
  facet normal -0.5664062358304489 0 -0.8241261893741648
    outer loop
      vertex 0.8187244459986687 -20.500000000000004 22.201626121997833
      vertex 1.767941229045391 -20.500000000000004 21.54924750328064
      vertex 1.767941229045391 -21.300000000000004 21.54924750328064
    endloop
  endfacet
  facet normal -0.5664062358304489 0 -0.8241261893741648
    outer loop
      vertex 0.8187244459986687 -20.500000000000004 22.201626121997833
      vertex 1.767941229045391 -21.300000000000004 21.54924750328064
      vertex 0.8187244459986687 -21.300000000000004 22.201626121997833
    endloop
  endfacet
  facet normal -0.5224985637467838 0 -0.8526401649479972
    outer loop
      vertex 1.767941229045391 -20.500000000000004 21.54924750328064
      vertex 2.75 -20.500000000000004 20.94744111597538
      vertex 2.75 -21.300000000000004 20.94744111597538
    endloop
  endfacet
  facet normal -0.5224985637467838 0 -0.8526401649479972
    outer loop
      vertex 1.767941229045391 -20.500000000000004 21.54924750328064
      vertex 2.75 -21.300000000000004 20.94744111597538
      vertex 1.767941229045391 -21.300000000000004 21.54924750328064
    endloop
  endfacet
  facet normal -0.4771587607009008 6.024465965008618e-17 -0.8788171124223632
    outer loop
      vertex 2.75 -20.500000000000004 20.94744111597538
      vertex 3.762209005653858 -20.500000000000004 20.39785646647215
      vertex 3.762209005653858 -21.300000000000004 20.39785646647215
    endloop
  endfacet
  facet normal -0.4771587607009008 0 -0.8788171124223632
    outer loop
      vertex 2.75 -20.500000000000004 20.94744111597538
      vertex 3.762209005653858 -21.300000000000004 20.39785646647215
      vertex 2.75 -21.300000000000004 20.94744111597538
    endloop
  endfacet
  facet normal -0.4305110936893283 0 -0.9025852858375315
    outer loop
      vertex 3.762209005653858 -20.500000000000004 20.39785646647215
      vertex 4.801793850958347 -20.500000000000004 19.901999935507774
      vertex 4.801793850958347 -21.300000000000004 19.901999935507774
    endloop
  endfacet
  facet normal -0.4305110936893283 0 -0.9025852858375315
    outer loop
      vertex 3.762209005653858 -20.500000000000004 20.39785646647215
      vertex 4.801793850958347 -21.300000000000004 19.901999935507774
      vertex 3.762209005653858 -21.300000000000004 20.39785646647215
    endloop
  endfacet
  facet normal -0.3826834308382388 0 -0.9238795331437291
    outer loop
      vertex 5.865905113518238 -21.300000000000004 19.461230620741844
      vertex 4.801793850958347 -21.300000000000004 19.901999935507774
      vertex 4.801793850958347 -20.500000000000004 19.901999935507774
    endloop
  endfacet
  facet normal 1 0 0
    outer loop
      vertex -12.850000001490116 -20.500000000000004 14
      vertex -12.850000001490116 -20.500000000000004 54
      vertex -12.850000001490116 -21.300000000000004 54
    endloop
  endfacet
  facet normal 0 -1 0
    outer loop
      vertex -9.649999998509884 -20.500000000000004 31.21161787956953
      vertex -7.979143492877483 -20.500000000000004 36.5584417656064
      vertex -12.850000001490116 -20.500000000000004 54
    endloop
  endfacet
  facet normal -0.9996573249911448 0 0.026176947712612638
    outer loop
      vertex -8.25 -20.500000000000004 40
      vertex -8.25 -21.300000000000004 40
      vertex -8.21984976530075 -20.500000000000004 41.15139103680849
    endloop
  endfacet
  facet normal -0.9996573249911448 0 -0.026176947712612638
    outer loop
      vertex -8.21984976530075 -21.300000000000004 38.84860896319151
      vertex -8.25 -21.300000000000004 40
      vertex -8.25 -20.500000000000004 40
    endloop
  endfacet
  facet normal -0.996917333528991 0 0.07845909832165096
    outer loop
      vertex -8.21984976530075 -20.500000000000004 41.15139103680849
      vertex -8.21984976530075 -21.300000000000004 41.15139103680849
      vertex -8.129481695592403 -20.500000000000004 42.29962619394064
    endloop
  endfacet
  facet normal -0.9996573249911448 0 0.026176947712612638
    outer loop
      vertex -8.21984976530075 -20.500000000000004 41.15139103680849
      vertex -8.25 -21.300000000000004 40
      vertex -8.21984976530075 -21.300000000000004 41.15139103680849
    endloop
  endfacet
  facet normal -0.996917333528991 0 0.07845909832165096
    outer loop
      vertex -8.21984976530075 -21.300000000000004 41.15139103680849
      vertex -8.129481695592403 -21.300000000000004 42.29962619394064
      vertex -8.129481695592403 -20.500000000000004 42.29962619394064
    endloop
  endfacet
  facet normal 0 -1 0
    outer loop
      vertex -8.129481695592403 -20.500000000000004 37.70037380605936
      vertex -12.850000001490116 -20.500000000000004 54
      vertex -7.979143492877483 -20.500000000000004 36.5584417656064
    endloop
  endfacet
  facet normal 0 -1 0
    outer loop
      vertex -8.129481695592403 -20.500000000000004 37.70037380605936
      vertex -8.21984976530075 -20.500000000000004 38.84860896319151
      vertex -12.850000001490116 -20.500000000000004 54
    endloop
  endfacet
  facet normal 0 -1 0
    outer loop
      vertex -8.21984976530075 -20.500000000000004 38.84860896319151
      vertex -8.25 -20.500000000000004 40
      vertex -9.649999998509884 -20.500000000000004 48.78838212043047
    endloop
  endfacet
  facet normal 0 -1 0
    outer loop
      vertex -8.25 -20.500000000000004 40
      vertex -8.21984976530075 -20.500000000000004 41.15139103680849
      vertex -9.649999998509884 -20.500000000000004 48.78838212043047
    endloop
  endfacet
  facet normal 0 -1 0
    outer loop
      vertex -8.21984976530075 -20.500000000000004 41.15139103680849
      vertex -8.129481695592403 -20.500000000000004 42.29962619394064
      vertex -9.649999998509884 -20.500000000000004 48.78838212043047
    endloop
  endfacet
  facet normal -0.9914448616531019 0 0.1305261900986219
    outer loop
      vertex -8.129481695592403 -20.500000000000004 42.29962619394064
      vertex -8.129481695592403 -21.300000000000004 42.29962619394064
      vertex -7.979143492877483 -20.500000000000004 43.4415582343936
    endloop
  endfacet
  facet normal -0.9914448616531019 0 0.1305261900986219
    outer loop
      vertex -8.129481695592403 -21.300000000000004 42.29962619394064
      vertex -7.979143492877483 -21.300000000000004 43.4415582343936
      vertex -7.979143492877483 -20.500000000000004 43.4415582343936
    endloop
  endfacet
  facet normal 0 -1 0
    outer loop
      vertex -8.21984976530075 -20.500000000000004 38.84860896319151
      vertex -9.649999998509884 -20.500000000000004 48.78838212043047
      vertex -12.850000001490116 -20.500000000000004 54
    endloop
  endfacet
  facet normal 0 -1 0
    outer loop
      vertex -8.129481695592403 -20.500000000000004 42.29962619394064
      vertex -7.979143492877483 -20.500000000000004 43.4415582343936
      vertex -9.649999998509884 -20.500000000000004 48.78838212043047
    endloop
  endfacet
  facet normal 0 -1 0
    outer loop
      vertex -9.649999998509884 -20.500000000000004 48.78838212043047
      vertex -7.979143492877483 -20.500000000000004 43.4415582343936
      vertex -7.769247218966484 -20.500000000000004 44.57405719906092
    endloop
  endfacet
  facet normal 0 -1 0
    outer loop
      vertex -9.649999998509884 -20.500000000000004 48.78838212043047
      vertex -7.769247218966484 -20.500000000000004 44.57405719906092
      vertex -7.500368177890778 -20.500000000000004 45.69401898980141
    endloop
  endfacet
  facet normal 0 -1 0
    outer loop
      vertex -9.649999998509884 -20.500000000000004 48.78838212043047
      vertex -7.500368177890778 -20.500000000000004 45.69401898980141
      vertex -7.17324335873127 -20.500000000000004 46.79837387800217
    endloop
  endfacet
  facet normal 0 -1 0
    outer loop
      vertex -9.649999998509884 -20.500000000000004 48.78838212043047
      vertex -6.788769379258156 -20.500000000000004 47.88409488648176
      vertex -9.589510664343834 -20.500000000000004 48.959198735654354
    endloop
  endfacet
  facet normal 0 -1 0
    outer loop
      vertex -9.589510664343834 -20.500000000000004 48.959198735654354
      vertex -6.788769379258156 -20.500000000000004 47.88409488648176
      vertex -9.088636443018913 -20.500000000000004 50.16841607540846
    endloop
  endfacet
  facet normal 0.9426414941857352 0 -0.3338068504978357
    outer loop
      vertex -9.649999998509884 -20.500000000000004 48.78838212043047
      vertex -9.589510664343834 -20.500000000000004 48.959198735654354
      vertex -9.589510664343834 -21.300000000000004 48.959198735654354
    endloop
  endfacet
  facet normal 0.9426414941857352 0 -0.3338068504978357
    outer loop
      vertex -9.649999998509884 -20.500000000000004 48.78838212043047
      vertex -9.589510664343834 -21.300000000000004 48.959198735654354
      vertex -9.649999998509884 -21.300000000000004 48.78838212043047
    endloop
  endfacet
  facet normal 0.9238795326890145 0 -0.38268343193601717
    outer loop
      vertex -9.589510664343834 -20.500000000000004 48.959198735654354
      vertex -9.088636443018913 -21.300000000000004 50.16841607540846
      vertex -9.589510664343834 -21.300000000000004 48.959198735654354
    endloop
  endfacet
  facet normal 0 0 -1
    outer loop
      vertex -12.850000001490116 -20.500000000000004 54
      vertex -9.649999998509884 -21.300000000000004 54
      vertex -12.850000001490116 -21.300000000000004 54
    endloop
  endfacet
  facet normal 1 0 0
    outer loop
      vertex -12.25 -20.500000000000004 58
      vertex -12.25 -21.300000000000004 60.92036583945155
      vertex -12.25 -21.300000000000004 58
    endloop
  endfacet
  facet normal 0 -1 0
    outer loop
      vertex -9.649999998509884 -20.500000000000004 48.78838212043047
      vertex -9.649999998509884 -20.500000000000004 54
      vertex -12.850000001490116 -20.500000000000004 54
    endloop
  endfacet
  facet normal 0 0 -1
    outer loop
      vertex -12.850000001490116 -20.500000000000004 54
      vertex -9.649999998509884 -20.500000000000004 54
      vertex -9.649999998509884 -21.300000000000004 54
    endloop
  endfacet
  facet normal 0.9238795326890145 0 -0.38268343193601717
    outer loop
      vertex -9.589510664343834 -20.500000000000004 48.959198735654354
      vertex -9.088636443018913 -20.500000000000004 50.16841607540846
      vertex -9.088636443018913 -21.300000000000004 50.16841607540846
    endloop
  endfacet
  facet normal -1 0 0
    outer loop
      vertex -9.649999998509884 -20.500000000000004 48.78838212043047
      vertex -9.649999998509884 -21.300000000000004 48.78838212043047
      vertex -9.649999998509884 -21.300000000000004 54
    endloop
  endfacet
  facet normal 0.9025852843201296 0 -0.4305110968706276
    outer loop
      vertex -9.088636443018913 -20.500000000000004 50.16841607540846
      vertex -8.525163106620312 -21.300000000000004 51.34976249188185
      vertex -9.088636443018913 -21.300000000000004 50.16841607540846
    endloop
  endfacet
  facet normal 0.9025852843201296 0 -0.4305110968706276
    outer loop
      vertex -9.088636443018913 -20.500000000000004 50.16841607540846
      vertex -8.525163106620312 -20.500000000000004 51.34976249188185
      vertex -8.525163106620312 -21.300000000000004 51.34976249188185
    endloop
  endfacet
  facet normal 0.8788171119574059 0 -0.4771587615572457
    outer loop
      vertex -8.525163106620312 -20.500000000000004 51.34976249188185
      vertex -7.900635093450546 -21.300000000000004 52.5
      vertex -8.525163106620312 -21.300000000000004 51.34976249188185
    endloop
  endfacet
  facet normal -1 0 0
    outer loop
      vertex -9.649999998509884 -20.500000000000004 48.78838212043047
      vertex -9.649999998509884 -21.300000000000004 54
      vertex -9.649999998509884 -20.500000000000004 54
    endloop
  endfacet
  facet normal 0.8788171119574059 -5.3015300385980845e-17 -0.4771587615572457
    outer loop
      vertex -8.525163106620312 -20.500000000000004 51.34976249188185
      vertex -7.900635093450546 -20.500000000000004 52.5
      vertex -7.900635093450546 -21.300000000000004 52.5
    endloop
  endfacet
  facet normal -0.9832549079663214 0 0.18223552332117093
    outer loop
      vertex -7.979143492877483 -20.500000000000004 43.4415582343936
      vertex -7.979143492877483 -21.300000000000004 43.4415582343936
      vertex -7.769247218966484 -20.500000000000004 44.57405719906092
    endloop
  endfacet
  facet normal -0.9832549079663214 0 0.18223552332117093
    outer loop
      vertex -7.979143492877483 -21.300000000000004 43.4415582343936
      vertex -7.769247218966484 -21.300000000000004 44.57405719906092
      vertex -7.769247218966484 -20.500000000000004 44.57405719906092
    endloop
  endfacet
  facet normal -0.9723699195822365 0 0.23344536725245743
    outer loop
      vertex -7.769247218966484 -20.500000000000004 44.57405719906092
      vertex -7.769247218966484 -21.300000000000004 44.57405719906092
      vertex -7.500368177890778 -20.500000000000004 45.69401898980141
    endloop
  endfacet
  facet normal -0.9723699195822365 0 0.23344536725245743
    outer loop
      vertex -7.500368177890778 -20.500000000000004 45.69401898980141
      vertex -7.769247218966484 -21.300000000000004 44.57405719906092
      vertex -7.500368177890778 -21.300000000000004 45.69401898980141
    endloop
  endfacet
  facet normal -0.9588197353299213 0 0.2840153431451545
    outer loop
      vertex -7.500368177890778 -20.500000000000004 45.69401898980141
      vertex -7.500368177890778 -21.300000000000004 45.69401898980141
      vertex -7.17324335873127 -20.500000000000004 46.79837387800217
    endloop
  endfacet
  facet normal -0.9588197353299213 0 0.2840153431451545
    outer loop
      vertex -7.17324335873127 -20.500000000000004 46.79837387800217
      vertex -7.500368177890778 -21.300000000000004 45.69401898980141
      vertex -7.17324335873127 -21.300000000000004 46.79837387800217
    endloop
  endfacet
  facet normal 0 -1 0
    outer loop
      vertex -9.649999998509884 -20.500000000000004 48.78838212043047
      vertex -7.17324335873127 -20.500000000000004 46.79837387800217
      vertex -6.788769379258156 -20.500000000000004 47.88409488648176
    endloop
  endfacet
  facet normal 0 -1 0
    outer loop
      vertex -9.088636443018913 -20.500000000000004 50.16841607540846
      vertex -6.788769379258156 -20.500000000000004 47.88409488648176
      vertex -6.348000064492226 -20.500000000000004 48.94820614904165
    endloop
  endfacet
  facet normal -0.9426414895121018 0 0.3338068636957694
    outer loop
      vertex -7.17324335873127 -20.500000000000004 46.79837387800217
      vertex -7.17324335873127 -21.300000000000004 46.79837387800217
      vertex -6.788769379258156 -20.500000000000004 47.88409488648176
    endloop
  endfacet
  facet normal -0.9426414895121018 0 0.3338068636957694
    outer loop
      vertex -7.17324335873127 -21.300000000000004 46.79837387800217
      vertex -6.788769379258156 -21.300000000000004 47.88409488648176
      vertex -6.788769379258156 -20.500000000000004 47.88409488648176
    endloop
  endfacet
  facet normal -0.9238795331437291 0 0.3826834308382388
    outer loop
      vertex -6.788769379258156 -20.500000000000004 47.88409488648176
      vertex -6.788769379258156 -21.300000000000004 47.88409488648176
      vertex -6.348000064492226 -20.500000000000004 48.94820614904165
    endloop
  endfacet
  facet normal -0.9238795331437291 0 0.3826834308382388
    outer loop
      vertex -6.348000064492226 -20.500000000000004 48.94820614904165
      vertex -6.788769379258156 -21.300000000000004 47.88409488648176
      vertex -6.348000064492226 -21.300000000000004 48.94820614904165
    endloop
  endfacet
  facet normal -0.9025852858375315 0 0.4305110936893283
    outer loop
      vertex -6.348000064492226 -20.500000000000004 48.94820614904165
      vertex -6.348000064492226 -21.300000000000004 48.94820614904165
      vertex -5.852143533527851 -20.500000000000004 49.98779099434614
    endloop
  endfacet
  facet normal 0 -1 0
    outer loop
      vertex -9.088636443018913 -20.500000000000004 50.16841607540846
      vertex -6.348000064492226 -20.500000000000004 48.94820614904165
      vertex -8.525163106620312 -20.500000000000004 51.34976249188185
    endloop
  endfacet
  facet normal 0 -1 0
    outer loop
      vertex -8.525163106620312 -20.500000000000004 51.34976249188185
      vertex -5.852143533527851 -20.500000000000004 49.98779099434614
      vertex -7.900635093450546 -20.500000000000004 52.5
    endloop
  endfacet
  facet normal 0 -1 0
    outer loop
      vertex -8.525163106620312 -20.500000000000004 51.34976249188185
      vertex -6.348000064492226 -20.500000000000004 48.94820614904165
      vertex -5.852143533527851 -20.500000000000004 49.98779099434614
    endloop
  endfacet
  facet normal 0 -1 0
    outer loop
      vertex -7.900635093450546 -20.500000000000004 52.5
      vertex -5.852143533527851 -20.500000000000004 49.98779099434614
      vertex -5.30255888402462 -20.500000000000004 51
    endloop
  endfacet
  facet normal 0 -1 0
    outer loop
      vertex -7.900635093450546 -20.500000000000004 52.5
      vertex -5.30255888402462 -20.500000000000004 51
      vertex -7.216764196753502 -20.500000000000004 53.61597587168217
    endloop
  endfacet
  facet normal 0.8526401633380409 0 -0.522498566373994
    outer loop
      vertex -7.900635093450546 -20.500000000000004 52.5
      vertex -7.216764196753502 -21.300000000000004 53.61597587168217
      vertex -7.900635093450546 -21.300000000000004 52.5
    endloop
  endfacet
  facet normal 0.8526401633380409 0 -0.522498566373994
    outer loop
      vertex -7.900635093450546 -20.500000000000004 52.5
      vertex -7.216764196753502 -20.500000000000004 53.61597587168217
      vertex -7.216764196753502 -21.300000000000004 53.61597587168217
    endloop
  endfacet
  facet normal 0.8241261892230821 0 -0.5664062360502755
    outer loop
      vertex -7.216764196753502 -20.500000000000004 53.61597587168217
      vertex -6.4754248559474945 -21.300000000000004 54.694631308317184
      vertex -7.216764196753502 -21.300000000000004 53.61597587168217
    endloop
  endfacet
  facet normal -0.8788171124223632 0 0.4771587607009008
    outer loop
      vertex -5.852143533527851 -20.500000000000004 49.98779099434614
      vertex -5.852143533527851 -21.300000000000004 49.98779099434614
      vertex -5.30255888402462 -20.500000000000004 51
    endloop
  endfacet
  facet normal -0.9025852858375315 0 0.4305110936893283
    outer loop
      vertex -6.348000064492226 -21.300000000000004 48.94820614904165
      vertex -5.852143533527851 -21.300000000000004 49.98779099434614
      vertex -5.852143533527851 -20.500000000000004 49.98779099434614
    endloop
  endfacet
  facet normal -0.8788171124223632 0 0.4771587607009008
    outer loop
      vertex -5.30255888402462 -20.500000000000004 51
      vertex -5.852143533527851 -21.300000000000004 49.98779099434614
      vertex -5.30255888402462 -21.300000000000004 51
    endloop
  endfacet
  facet normal -0.8526401649479972 0 0.5224985637467838
    outer loop
      vertex -5.30255888402462 -20.500000000000004 51
      vertex -5.30255888402462 -21.300000000000004 51
      vertex -4.70075249671936 -20.500000000000004 51.98205877095461
    endloop
  endfacet
  facet normal -0.8526401649479972 0 0.5224985637467838
    outer loop
      vertex -5.30255888402462 -21.300000000000004 51
      vertex -4.70075249671936 -21.300000000000004 51.98205877095461
      vertex -4.70075249671936 -20.500000000000004 51.98205877095461
    endloop
  endfacet
  facet normal 0 -1 0
    outer loop
      vertex -7.216764196753502 -20.500000000000004 53.61597587168217
      vertex -5.30255888402462 -20.500000000000004 51
      vertex -4.70075249671936 -20.500000000000004 51.98205877095461
    endloop
  endfacet
  facet normal 0 -1 0
    outer loop
      vertex -7.216764196753502 -20.500000000000004 53.61597587168217
      vertex -4.70075249671936 -20.500000000000004 51.98205877095461
      vertex -6.4754248559474945 -20.500000000000004 54.694631308317184
    endloop
  endfacet
  facet normal 0 -1 0
    outer loop
      vertex -4.70075249671936 -20.500000000000004 51.98205877095461
      vertex -4.048373878002167 -20.500000000000004 52.93127555400133
      vertex -6.4754248559474945 -20.500000000000004 54.694631308317184
    endloop
  endfacet
  facet normal -0.8241261893741648 0 0.5664062358304489
    outer loop
      vertex -4.70075249671936 -20.500000000000004 51.98205877095461
      vertex -4.70075249671936 -21.300000000000004 51.98205877095461
      vertex -4.048373878002167 -20.500000000000004 52.93127555400133
    endloop
  endfacet
  facet normal 0.8241261892230821 0 -0.5664062360502755
    outer loop
      vertex -7.216764196753502 -20.500000000000004 53.61597587168217
      vertex -6.4754248559474945 -20.500000000000004 54.694631308317184
      vertex -6.4754248559474945 -21.300000000000004 54.694631308317184
    endloop
  endfacet
  facet normal 0.7933533423666886 0 -0.6087614263039369
    outer loop
      vertex -6.4754248559474945 -20.500000000000004 54.694631308317184
      vertex -5.678649038076401 -21.300000000000004 55.73300977796316
      vertex -6.4754248559474945 -21.300000000000004 54.694631308317184
    endloop
  endfacet
  facet normal 0 -1 0
    outer loop
      vertex -6.4754248559474945 -20.500000000000004 54.694631308317184
      vertex -4.048373878002167 -20.500000000000004 52.93127555400133
      vertex -5.678649038076401 -20.500000000000004 55.73300977796316
    endloop
  endfacet
  facet normal 0 -1 0
    outer loop
      vertex -5.678649038076401 -20.500000000000004 55.73300977796316
      vertex -3.3472111523151398 -20.500000000000004 53.84504860639572
      vertex -4.828620634973049 -20.500000000000004 56.72826515883207
    endloop
  endfacet
  facet normal 0.7933533423666886 0 -0.6087614263039369
    outer loop
      vertex -6.4754248559474945 -20.500000000000004 54.694631308317184
      vertex -5.678649038076401 -20.500000000000004 55.73300977796316
      vertex -5.678649038076401 -21.300000000000004 55.73300977796316
    endloop
  endfacet
  facet normal 0.7604059636381475 0 -0.6494480506272539
    outer loop
      vertex -5.678649038076401 -20.500000000000004 55.73300977796316
      vertex -4.828620634973049 -21.300000000000004 56.72826515883207
      vertex -5.678649038076401 -21.300000000000004 55.73300977796316
    endloop
  endfacet
  facet normal 0.7604059636381475 0 -0.6494480506272539
    outer loop
      vertex -5.678649038076401 -20.500000000000004 55.73300977796316
      vertex -4.828620634973049 -20.500000000000004 56.72826515883207
      vertex -4.828620634973049 -21.300000000000004 56.72826515883207
    endloop
  endfacet
  facet normal 0.7253743739921683 0 -0.688354572553615
    outer loop
      vertex -4.828620634973049 -20.500000000000004 56.72826515883207
      vertex -3.927669532597065 -21.300000000000004 57.677669532597065
      vertex -4.828620634973049 -21.300000000000004 56.72826515883207
    endloop
  endfacet
  facet normal 0 -1 0
    outer loop
      vertex -5.678649038076401 -20.500000000000004 55.73300977796316
      vertex -4.048373878002167 -20.500000000000004 52.93127555400133
      vertex -3.3472111523151398 -20.500000000000004 53.84504860639572
    endloop
  endfacet
  facet normal -0.8241261893741648 0 0.5664062358304489
    outer loop
      vertex -4.70075249671936 -21.300000000000004 51.98205877095461
      vertex -4.048373878002167 -21.300000000000004 52.93127555400133
      vertex -4.048373878002167 -20.500000000000004 52.93127555400133
    endloop
  endfacet
  facet normal -0.7933533395796972 0 0.608761429936015
    outer loop
      vertex -4.048373878002167 -20.500000000000004 52.93127555400133
      vertex -4.048373878002167 -21.300000000000004 52.93127555400133
      vertex -3.3472111523151398 -20.500000000000004 53.84504860639572
    endloop
  endfacet
  facet normal -0.7933533395796972 0 0.608761429936015
    outer loop
      vertex -3.3472111523151398 -20.500000000000004 53.84504860639572
      vertex -4.048373878002167 -21.300000000000004 52.93127555400133
      vertex -3.3472111523151398 -21.300000000000004 53.84504860639572
    endloop
  endfacet
  facet normal -0.7604059643143471 0 0.6494480498355258
    outer loop
      vertex -3.3472111523151398 -20.500000000000004 53.84504860639572
      vertex -3.3472111523151398 -21.300000000000004 53.84504860639572
      vertex -2.599186159670353 -20.500000000000004 54.72087334096432
    endloop
  endfacet
  facet normal 0 -1 0
    outer loop
      vertex -4.828620634973049 -20.500000000000004 56.72826515883207
      vertex -3.3472111523151398 -20.500000000000004 53.84504860639572
      vertex -2.599186159670353 -20.500000000000004 54.72087334096432
    endloop
  endfacet
  facet normal 0 -1 0
    outer loop
      vertex -4.828620634973049 -20.500000000000004 56.72826515883207
      vertex -2.599186159670353 -20.500000000000004 54.72087334096432
      vertex -3.927669532597065 -20.500000000000004 57.677669532597065
    endloop
  endfacet
  facet normal 0 -1 0
    outer loop
      vertex -2.599186159670353 -20.500000000000004 54.72087334096432
      vertex -1.8063491880893707 -20.500000000000004 55.55634918808937
      vertex -3.927669532597065 -20.500000000000004 57.677669532597065
    endloop
  endfacet
  facet normal -0.7604059643143471 0 0.6494480498355258
    outer loop
      vertex -3.3472111523151398 -21.300000000000004 53.84504860639572
      vertex -2.599186159670353 -21.300000000000004 54.72087334096432
      vertex -2.599186159670353 -20.500000000000004 54.72087334096432
    endloop
  endfacet
  facet normal 0 -1 0
    outer loop
      vertex -3.927669532597065 -20.500000000000004 57.677669532597065
      vertex -1.8063491880893707 -20.500000000000004 55.55634918808937
      vertex -2.978265158832073 -20.500000000000004 58.57862063497305
    endloop
  endfacet
  facet normal 0.7253743739921683 0 -0.688354572553615
    outer loop
      vertex -4.828620634973049 -20.500000000000004 56.72826515883207
      vertex -3.927669532597065 -20.500000000000004 57.677669532597065
      vertex -3.927669532597065 -21.300000000000004 57.677669532597065
    endloop
  endfacet
  facet normal 0.688354572553615 0 -0.7253743739921683
    outer loop
      vertex -3.927669532597065 -20.500000000000004 57.677669532597065
      vertex -2.978265158832073 -21.300000000000004 58.57862063497305
      vertex -3.927669532597065 -21.300000000000004 57.677669532597065
    endloop
  endfacet
  facet normal 0.688354572553615 0 -0.7253743739921683
    outer loop
      vertex -3.927669532597065 -20.500000000000004 57.677669532597065
      vertex -2.978265158832073 -20.500000000000004 58.57862063497305
      vertex -2.978265158832073 -21.300000000000004 58.57862063497305
    endloop
  endfacet
  facet normal 0.6494480506272539 0 -0.7604059636381475
    outer loop
      vertex -2.978265158832073 -20.500000000000004 58.57862063497305
      vertex -1.9830097779631615 -21.300000000000004 59.4286490380764
      vertex -2.978265158832073 -21.300000000000004 58.57862063497305
    endloop
  endfacet
  facet normal -0.7253743726105618 0 0.6883545740095245
    outer loop
      vertex -2.599186159670353 -20.500000000000004 54.72087334096432
      vertex -2.599186159670353 -21.300000000000004 54.72087334096432
      vertex -1.8063491880893707 -20.500000000000004 55.55634918808937
    endloop
  endfacet
  facet normal -0.7253743726105618 0 0.6883545740095245
    outer loop
      vertex -2.599186159670353 -21.300000000000004 54.72087334096432
      vertex -1.8063491880893707 -21.300000000000004 55.55634918808937
      vertex -1.8063491880893707 -20.500000000000004 55.55634918808937
    endloop
  endfacet
  facet normal -0.6883545740095245 0 0.7253743726105618
    outer loop
      vertex -1.8063491880893707 -20.500000000000004 55.55634918808937
      vertex -0.9708733409643173 -21.300000000000004 56.34918615967035
      vertex -0.9708733409643173 -20.500000000000004 56.34918615967035
    endloop
  endfacet
  facet normal -0.6883545740095245 0 0.7253743726105618
    outer loop
      vertex -1.8063491880893707 -20.500000000000004 55.55634918808937
      vertex -1.8063491880893707 -21.300000000000004 55.55634918808937
      vertex -0.9708733409643173 -21.300000000000004 56.34918615967035
    endloop
  endfacet
  facet normal 0 -1 0
    outer loop
      vertex -2.978265158832073 -20.500000000000004 58.57862063497305
      vertex -1.8063491880893707 -20.500000000000004 55.55634918808937
      vertex -0.9708733409643173 -20.500000000000004 56.34918615967035
    endloop
  endfacet
  facet normal 0 -1 0
    outer loop
      vertex -2.978265158832073 -20.500000000000004 58.57862063497305
      vertex -0.9708733409643173 -20.500000000000004 56.34918615967035
      vertex -1.9830097779631615 -20.500000000000004 59.4286490380764
    endloop
  endfacet
  facet normal 0 -1 0
    outer loop
      vertex -0.9708733409643173 -20.500000000000004 56.34918615967035
      vertex -0.09504860639572144 -20.500000000000004 57.09721115231514
      vertex -1.9830097779631615 -20.500000000000004 59.4286490380764
    endloop
  endfacet
  facet normal 0 -1 0
    outer loop
      vertex -1.9830097779631615 -20.500000000000004 59.4286490380764
      vertex -0.09504860639572144 -20.500000000000004 57.09721115231514
      vertex -0.9446313083171844 -20.500000000000004 60.225424855947495
    endloop
  endfacet
  facet normal 0.6494480506272539 0 -0.7604059636381475
    outer loop
      vertex -2.978265158832073 -20.500000000000004 58.57862063497305
      vertex -1.9830097779631615 -20.500000000000004 59.4286490380764
      vertex -1.9830097779631615 -21.300000000000004 59.4286490380764
    endloop
  endfacet
  facet normal 1 0 0
    outer loop
      vertex -12.25 -20.500000000000004 58
      vertex -12.25 -20.500000000000004 60.92036583945155
      vertex -12.25 -21.300000000000004 60.92036583945155
    endloop
  endfacet
  facet normal 0 -1 0
    outer loop
      vertex -12.25 -20.500000000000004 58
      vertex -6.034896799578117 -20.500000000000004 69
      vertex -12.25 -20.500000000000004 60.92036583945155
    endloop
  endfacet
  facet normal -0.5547001962252291 0 0.8320502943378437
    outer loop
      vertex -12.25 -20.500000000000004 58
      vertex -12.25 -21.300000000000004 58
      vertex -0.25 -21.300000000000004 66
    endloop
  endfacet
  facet normal 0 -1 0
    outer loop
      vertex -12.25 -20.500000000000004 58
      vertex -0.25 -20.500000000000004 66
      vertex -6.034896799578117 -20.500000000000004 69
    endloop
  endfacet
  facet normal -0.5547001962252291 0 0.8320502943378437
    outer loop
      vertex -12.25 -20.500000000000004 58
      vertex -0.25 -21.300000000000004 66
      vertex -0.25 -20.500000000000004 66
    endloop
  endfacet
  facet normal 0.6087614263039369 0 -0.7933533423666886
    outer loop
      vertex -1.9830097779631615 -20.500000000000004 59.4286490380764
      vertex -0.9446313083171844 -20.500000000000004 60.225424855947495
      vertex -0.9446313083171844 -21.300000000000004 60.225424855947495
    endloop
  endfacet
  facet normal 0.6087614263039369 0 -0.7933533423666886
    outer loop
      vertex -1.9830097779631615 -20.500000000000004 59.4286490380764
      vertex -0.9446313083171844 -21.300000000000004 60.225424855947495
      vertex -1.9830097779631615 -21.300000000000004 59.4286490380764
    endloop
  endfacet
  facet normal 0 0 -1
    outer loop
      vertex -6.034896799578117 -20.500000000000004 69
      vertex 4.75 -21.300000000000004 69
      vertex -6.034896799578117 -21.300000000000004 69
    endloop
  endfacet
  facet normal -0.6494480498355258 0 0.7604059643143471
    outer loop
      vertex -0.9708733409643173 -20.500000000000004 56.34918615967035
      vertex -0.9708733409643173 -21.300000000000004 56.34918615967035
      vertex -0.09504860639572144 -20.500000000000004 57.09721115231514
    endloop
  endfacet
  facet normal 0 -1 0
    outer loop
      vertex -0.9446313083171844 -20.500000000000004 60.225424855947495
      vertex -0.09504860639572144 -20.500000000000004 57.09721115231514
      vertex 0.8187244459986687 -20.500000000000004 57.79837387800217
    endloop
  endfacet
  facet normal 0 -1 0
    outer loop
      vertex 0.8187244459986687 -20.500000000000004 57.79837387800217
      vertex 1.767941229045391 -20.500000000000004 58.45075249671936
      vertex 0.13402412831783295 -20.500000000000004 60.9667641967535
    endloop
  endfacet
  facet normal -0.6494480498355258 0 0.7604059643143471
    outer loop
      vertex -0.9708733409643173 -21.300000000000004 56.34918615967035
      vertex -0.09504860639572144 -21.300000000000004 57.09721115231514
      vertex -0.09504860639572144 -20.500000000000004 57.09721115231514
    endloop
  endfacet
  facet normal -0.608761429936015 0 0.7933533395796972
    outer loop
      vertex -0.09504860639572144 -20.500000000000004 57.09721115231514
      vertex -0.09504860639572144 -21.300000000000004 57.09721115231514
      vertex 0.8187244459986687 -20.500000000000004 57.79837387800217
    endloop
  endfacet
  facet normal -0.608761429936015 0 0.7933533395796972
    outer loop
      vertex 0.8187244459986687 -20.500000000000004 57.79837387800217
      vertex -0.09504860639572144 -21.300000000000004 57.09721115231514
      vertex 0.8187244459986687 -21.300000000000004 57.79837387800217
    endloop
  endfacet
  facet normal -0.5664062358304489 0 0.8241261893741648
    outer loop
      vertex 0.8187244459986687 -20.500000000000004 57.79837387800217
      vertex 0.8187244459986687 -21.300000000000004 57.79837387800217
      vertex 1.767941229045391 -20.500000000000004 58.45075249671936
    endloop
  endfacet
  facet normal -0.5664062358304489 0 0.8241261893741648
    outer loop
      vertex 0.8187244459986687 -21.300000000000004 57.79837387800217
      vertex 1.767941229045391 -21.300000000000004 58.45075249671936
      vertex 1.767941229045391 -20.500000000000004 58.45075249671936
    endloop
  endfacet
  facet normal -0.5224985637467838 0 0.8526401649479972
    outer loop
      vertex 1.767941229045391 -20.500000000000004 58.45075249671936
      vertex 1.767941229045391 -21.300000000000004 58.45075249671936
      vertex 2.75 -20.500000000000004 59.05255888402462
    endloop
  endfacet
  facet normal -0.5224985637467838 0 0.8526401649479972
    outer loop
      vertex 2.75 -20.500000000000004 59.05255888402462
      vertex 1.767941229045391 -21.300000000000004 58.45075249671936
      vertex 2.75 -21.300000000000004 59.05255888402462
    endloop
  endfacet
  facet normal -0.4771587607009008 0 0.8788171124223632
    outer loop
      vertex 2.75 -20.500000000000004 59.05255888402462
      vertex 2.75 -21.300000000000004 59.05255888402462
      vertex 3.762209005653858 -20.500000000000004 59.60214353352785
    endloop
  endfacet
  facet normal 0 -1 0
    outer loop
      vertex -0.9446313083171844 -20.500000000000004 60.225424855947495
      vertex 0.8187244459986687 -20.500000000000004 57.79837387800217
      vertex 0.13402412831783295 -20.500000000000004 60.9667641967535
    endloop
  endfacet
  facet normal 0 -1 0
    outer loop
      vertex 1.767941229045391 -20.500000000000004 58.45075249671936
      vertex 1.25 -20.500000000000004 61.650635093450546
      vertex 0.13402412831783295 -20.500000000000004 60.9667641967535
    endloop
  endfacet
  facet normal 0.5664062360502755 0 -0.8241261892230821
    outer loop
      vertex -0.9446313083171844 -20.500000000000004 60.225424855947495
      vertex 0.13402412831783295 -21.300000000000004 60.9667641967535
      vertex -0.9446313083171844 -21.300000000000004 60.225424855947495
    endloop
  endfacet
  facet normal 0.5664062360502755 0 -0.8241261892230821
    outer loop
      vertex -0.9446313083171844 -20.500000000000004 60.225424855947495
      vertex 0.13402412831783295 -20.500000000000004 60.9667641967535
      vertex 0.13402412831783295 -21.300000000000004 60.9667641967535
    endloop
  endfacet
  facet normal 0.522498566373994 0 -0.8526401633380409
    outer loop
      vertex 0.13402412831783295 -20.500000000000004 60.9667641967535
      vertex 1.25 -20.500000000000004 61.650635093450546
      vertex 1.25 -21.300000000000004 61.650635093450546
    endloop
  endfacet
  facet normal 0.522498566373994 0 -0.8526401633380409
    outer loop
      vertex 0.13402412831783295 -20.500000000000004 60.9667641967535
      vertex 1.25 -21.300000000000004 61.650635093450546
      vertex 0.13402412831783295 -21.300000000000004 60.9667641967535
    endloop
  endfacet
  facet normal 0 -1 0
    outer loop
      vertex 1.767941229045391 -20.500000000000004 58.45075249671936
      vertex 2.75 -20.500000000000004 59.05255888402462
      vertex 1.25 -20.500000000000004 61.650635093450546
    endloop
  endfacet
  facet normal 0 -1 0
    outer loop
      vertex 2.75 -20.500000000000004 59.05255888402462
      vertex 2.4002375081181526 -20.500000000000004 62.27516310662031
      vertex 1.25 -20.500000000000004 61.650635093450546
    endloop
  endfacet
  facet normal 0.4771587615572457 0 -0.8788171119574059
    outer loop
      vertex 1.25 -20.500000000000004 61.650635093450546
      vertex 2.4002375081181526 -21.300000000000004 62.27516310662031
      vertex 1.25 -21.300000000000004 61.650635093450546
    endloop
  endfacet
  facet normal 0.4771587615572457 -5.3015300385980845e-17 -0.8788171119574059
    outer loop
      vertex 1.25 -20.500000000000004 61.650635093450546
      vertex 2.4002375081181526 -20.500000000000004 62.27516310662031
      vertex 2.4002375081181526 -21.300000000000004 62.27516310662031
    endloop
  endfacet
  facet normal 0.4305110968706276 0 -0.9025852843201296
    outer loop
      vertex 2.4002375081181526 -20.500000000000004 62.27516310662031
      vertex 3.5815839245915413 -21.300000000000004 62.83863644301891
      vertex 2.4002375081181526 -21.300000000000004 62.27516310662031
    endloop
  endfacet
  facet normal 0 -1 0
    outer loop
      vertex -6.034896799578117 -20.500000000000004 69
      vertex -0.25 -20.500000000000004 66
      vertex 4.75 -20.500000000000004 69
    endloop
  endfacet
  facet normal -0.5144957554275266 0 0.8574929257125442
    outer loop
      vertex -0.25 -20.500000000000004 66
      vertex -0.25 -21.300000000000004 66
      vertex 4.75 -20.500000000000004 69
    endloop
  endfacet
  facet normal 0 0 -1
    outer loop
      vertex -6.034896799578117 -20.500000000000004 69
      vertex 4.75 -20.500000000000004 69
      vertex 4.75 -21.300000000000004 69
    endloop
  endfacet
  facet normal 0 -1 0
    outer loop
      vertex 2.75 -20.500000000000004 59.05255888402462
      vertex 3.762209005653858 -20.500000000000004 59.60214353352785
      vertex 2.4002375081181526 -20.500000000000004 62.27516310662031
    endloop
  endfacet
  facet normal 0 -1 0
    outer loop
      vertex 2.4002375081181526 -20.500000000000004 62.27516310662031
      vertex 3.762209005653858 -20.500000000000004 59.60214353352785
      vertex 3.5815839245915413 -20.500000000000004 62.83863644301891
    endloop
  endfacet
  facet normal 0 -1 0
    outer loop
      vertex 3.762209005653858 -20.500000000000004 59.60214353352785
      vertex 4.801793850958347 -20.500000000000004 60.098000064492226
      vertex 3.5815839245915413 -20.500000000000004 62.83863644301891
    endloop
  endfacet
  facet normal -0.4771587607009008 -6.024465965008618e-17 0.8788171124223632
    outer loop
      vertex 2.75 -21.300000000000004 59.05255888402462
      vertex 3.762209005653858 -21.300000000000004 59.60214353352785
      vertex 3.762209005653858 -20.500000000000004 59.60214353352785
    endloop
  endfacet
  facet normal -0.4305110936893283 0 0.9025852858375315
    outer loop
      vertex 3.762209005653858 -20.500000000000004 59.60214353352785
      vertex 3.762209005653858 -21.300000000000004 59.60214353352785
      vertex 4.801793850958347 -20.500000000000004 60.098000064492226
    endloop
  endfacet
  facet normal -0.4305110936893283 0 0.9025852858375315
    outer loop
      vertex 3.762209005653858 -21.300000000000004 59.60214353352785
      vertex 4.801793850958347 -21.300000000000004 60.098000064492226
      vertex 4.801793850958347 -20.500000000000004 60.098000064492226
    endloop
  endfacet
  facet normal 0 -1 0
    outer loop
      vertex 3.5815839245915413 -20.500000000000004 62.83863644301891
      vertex 4.801793850958347 -20.500000000000004 60.098000064492226
      vertex 4.790801264345646 -20.500000000000004 63.339510664343834
    endloop
  endfacet
  facet normal 0.4305110968706276 0 -0.9025852843201296
    outer loop
      vertex 2.4002375081181526 -20.500000000000004 62.27516310662031
      vertex 3.5815839245915413 -20.500000000000004 62.83863644301891
      vertex 3.5815839245915413 -21.300000000000004 62.83863644301891
    endloop
  endfacet
  facet normal 0.38268343193601717 0 -0.9238795326890145
    outer loop
      vertex 3.5815839245915413 -20.500000000000004 62.83863644301891
      vertex 4.790801264345646 -20.500000000000004 63.339510664343834
      vertex 4.790801264345646 -21.300000000000004 63.339510664343834
    endloop
  endfacet
  facet normal 0.38268343193601717 0 -0.9238795326890145
    outer loop
      vertex 3.5815839245915413 -20.500000000000004 62.83863644301891
      vertex 4.790801264345646 -21.300000000000004 63.339510664343834
      vertex 3.5815839245915413 -21.300000000000004 62.83863644301891
    endloop
  endfacet
  facet normal 0 -1 0
    outer loop
      vertex 4.801793850958347 -20.500000000000004 60.098000064492226
      vertex 5.865905113518238 -20.500000000000004 60.538769379258156
      vertex 4.790801264345646 -20.500000000000004 63.339510664343834
    endloop
  endfacet
  facet normal -0.3826834308382388 0 0.9238795331437291
    outer loop
      vertex 4.801793850958347 -20.500000000000004 60.098000064492226
      vertex 4.801793850958347 -21.300000000000004 60.098000064492226
      vertex 5.865905113518238 -20.500000000000004 60.538769379258156
    endloop
  endfacet
  facet normal -0.3826834308382388 0 0.9238795331437291
    outer loop
      vertex 5.865905113518238 -20.500000000000004 60.538769379258156
      vertex 4.801793850958347 -21.300000000000004 60.098000064492226
      vertex 5.865905113518238 -21.300000000000004 60.538769379258156
    endloop
  endfacet
  facet normal -0.3338068636957694 0 0.9426414895121018
    outer loop
      vertex 5.865905113518238 -20.500000000000004 60.538769379258156
      vertex 5.865905113518238 -21.300000000000004 60.538769379258156
      vertex 6.951626121997833 -20.500000000000004 60.92324335873127
    endloop
  endfacet
  facet normal 0 -1 0
    outer loop
      vertex 5.865905113518238 -20.500000000000004 60.538769379258156
      vertex 6.0245751440525055 -20.500000000000004 63.77641290426254
      vertex 4.790801264345646 -20.500000000000004 63.339510664343834
    endloop
  endfacet
  facet normal 0 -1 0
    outer loop
      vertex 5.865905113518238 -20.500000000000004 60.538769379258156
      vertex 6.951626121997833 -20.500000000000004 60.92324335873127
      vertex 6.0245751440525055 -20.500000000000004 63.77641290426254
    endloop
  endfacet
  facet normal 0.33380685571114566 0 -0.9426414923396055
    outer loop
      vertex 4.790801264345646 -20.500000000000004 63.339510664343834
      vertex 6.0245751440525055 -21.300000000000004 63.77641290426254
      vertex 4.790801264345646 -21.300000000000004 63.339510664343834
    endloop
  endfacet
  facet normal 0.33380685571114566 0 -0.9426414923396055
    outer loop
      vertex 4.790801264345646 -20.500000000000004 63.339510664343834
      vertex 6.0245751440525055 -20.500000000000004 63.77641290426254
      vertex 6.0245751440525055 -21.300000000000004 63.77641290426254
    endloop
  endfacet
  facet normal 0.28401535021046853 0 -0.9588197332370797
    outer loop
      vertex 6.0245751440525055 -20.500000000000004 63.77641290426254
      vertex 7.2795238718390465 -21.300000000000004 64.14814566075802
      vertex 6.0245751440525055 -21.300000000000004 63.77641290426254
    endloop
  endfacet
  facet normal -0.5144957554275266 0 0.8574929257125442
    outer loop
      vertex -0.25 -21.300000000000004 66
      vertex 4.75 -21.300000000000004 69
      vertex 4.75 -20.500000000000004 69
    endloop
  endfacet
  facet normal -0.2840153431451545 0 0.9588197353299213
    outer loop
      vertex 6.951626121997833 -20.500000000000004 60.92324335873127
      vertex 6.951626121997833 -21.300000000000004 60.92324335873127
      vertex 8.055981010198593 -20.500000000000004 61.25036817789078
    endloop
  endfacet
  facet normal -0.3338068636957694 0 0.9426414895121018
    outer loop
      vertex 5.865905113518238 -21.300000000000004 60.538769379258156
      vertex 6.951626121997833 -21.300000000000004 60.92324335873127
      vertex 6.951626121997833 -20.500000000000004 60.92324335873127
    endloop
  endfacet
  facet normal -0.2840153431451545 0 0.9588197353299213
    outer loop
      vertex 8.055981010198593 -20.500000000000004 61.25036817789078
      vertex 6.951626121997833 -21.300000000000004 60.92324335873127
      vertex 8.055981010198593 -21.300000000000004 61.25036817789078
    endloop
  endfacet
  facet normal 0 -1 0
    outer loop
      vertex 6.0245751440525055 -20.500000000000004 63.77641290426254
      vertex 6.951626121997833 -20.500000000000004 60.92324335873127
      vertex 7.2795238718390465 -20.500000000000004 64.14814566075802
    endloop
  endfacet
  facet normal 0 -1 0
    outer loop
      vertex 6.951626121997833 -20.500000000000004 60.92324335873127
      vertex 8.055981010198593 -20.500000000000004 61.25036817789078
      vertex 7.2795238718390465 -20.500000000000004 64.14814566075802
    endloop
  endfacet
  facet normal 0 -1 0
    outer loop
      vertex 8.055981010198593 -20.500000000000004 61.25036817789078
      vertex 8.552207730710506 -20.500000000000004 64.45369001477957
      vertex 7.2795238718390465 -20.500000000000004 64.14814566075802
    endloop
  endfacet
  facet normal 0.28401535021046853 0 -0.9588197332370797
    outer loop
      vertex 6.0245751440525055 -20.500000000000004 63.77641290426254
      vertex 7.2795238718390465 -20.500000000000004 64.14814566075802
      vertex 7.2795238718390465 -21.300000000000004 64.14814566075802
    endloop
  endfacet
  facet normal -0.23344536725245743 0 0.9723699195822365
    outer loop
      vertex 8.055981010198593 -20.500000000000004 61.25036817789078
      vertex 8.055981010198593 -21.300000000000004 61.25036817789078
      vertex 9.175942800939083 -20.500000000000004 61.519247218966484
    endloop
  endfacet
  facet normal -0.23344536725245743 0 0.9723699195822365
    outer loop
      vertex 8.055981010198593 -21.300000000000004 61.25036817789078
      vertex 9.175942800939083 -21.300000000000004 61.519247218966484
      vertex 9.175942800939083 -20.500000000000004 61.519247218966484
    endloop
  endfacet
  facet normal -0.18223552332117093 0 0.9832549079663214
    outer loop
      vertex 9.175942800939083 -20.500000000000004 61.519247218966484
      vertex 9.175942800939083 -21.300000000000004 61.519247218966484
      vertex 10.308441765606403 -20.500000000000004 61.72914349287748
    endloop
  endfacet
  facet normal -0.18223552332117093 0 0.9832549079663214
    outer loop
      vertex 9.175942800939083 -21.300000000000004 61.519247218966484
      vertex 10.308441765606403 -21.300000000000004 61.72914349287748
      vertex 10.308441765606403 -20.500000000000004 61.72914349287748
    endloop
  endfacet
  facet normal 0 -1 0
    outer loop
      vertex 8.055981010198593 -20.500000000000004 61.25036817789078
      vertex 9.175942800939083 -20.500000000000004 61.519247218966484
      vertex 8.552207730710506 -20.500000000000004 64.45369001477957
    endloop
  endfacet
  facet normal 0 -1 0
    outer loop
      vertex 9.175942800939083 -20.500000000000004 61.519247218966484
      vertex 9.839138373732567 -20.500000000000004 64.69220851361752
      vertex 8.552207730710506 -20.500000000000004 64.45369001477957
    endloop
  endfacet
  facet normal 0 -1 0
    outer loop
      vertex 9.175942800939083 -20.500000000000004 61.519247218966484
      vertex 10.308441765606403 -20.500000000000004 61.72914349287748
      vertex 9.839138373732567 -20.500000000000004 64.69220851361752
    endloop
  endfacet
  facet normal 0.23344535842523456 0 -0.9723699217014653
    outer loop
      vertex 7.2795238718390465 -20.500000000000004 64.14814566075802
      vertex 8.552207730710506 -20.500000000000004 64.45369001477957
      vertex 8.552207730710506 -21.300000000000004 64.45369001477957
    endloop
  endfacet
  facet normal 0.23344535842523456 0 -0.9723699217014653
    outer loop
      vertex 7.2795238718390465 -20.500000000000004 64.14814566075802
      vertex 8.552207730710506 -21.300000000000004 64.45369001477957
      vertex 7.2795238718390465 -21.300000000000004 64.14814566075802
    endloop
  endfacet
  facet normal 0.1822355273883658 0 -0.9832549072125112
    outer loop
      vertex 8.552207730710506 -20.500000000000004 64.45369001477957
      vertex 9.839138373732567 -21.300000000000004 64.69220851361752
      vertex 8.552207730710506 -21.300000000000004 64.45369001477957
    endloop
  endfacet
  facet normal 0.1822355273883658 0 -0.9832549072125112
    outer loop
      vertex 8.552207730710506 -20.500000000000004 64.45369001477957
      vertex 9.839138373732567 -20.500000000000004 64.69220851361752
      vertex 9.839138373732567 -21.300000000000004 64.69220851361752
    endloop
  endfacet
  facet normal 0 -1 0
    outer loop
      vertex 10.308441765606403 -20.500000000000004 61.72914349287748
      vertex 11.45037380605936 -20.500000000000004 61.8794816955924
      vertex 11.136788420379162 -20.500000000000004 64.86304738372564
    endloop
  endfacet
  facet normal 0 -1 0
    outer loop
      vertex 9.839138373732567 -20.500000000000004 64.69220851361752
      vertex 10.308441765606403 -20.500000000000004 61.72914349287748
      vertex 11.136788420379162 -20.500000000000004 64.86304738372564
    endloop
  endfacet
  facet normal 0 -1 0
    outer loop
      vertex 11.45037380605936 -20.500000000000004 61.8794816955924
      vertex 12.44160109758377 -20.500000000000004 64.9657383710146
      vertex 11.136788420379162 -20.500000000000004 64.86304738372564
    endloop
  endfacet
  facet normal -0.1305261900986219 0 0.9914448616531019
    outer loop
      vertex 10.308441765606403 -20.500000000000004 61.72914349287748
      vertex 10.308441765606403 -21.300000000000004 61.72914349287748
      vertex 11.45037380605936 -20.500000000000004 61.8794816955924
    endloop
  endfacet
  facet normal -0.07845909832165096 0 0.996917333528991
    outer loop
      vertex 11.45037380605936 -20.500000000000004 61.8794816955924
      vertex 11.45037380605936 -21.300000000000004 61.8794816955924
      vertex 12.59860896319151 -20.500000000000004 61.96984976530075
    endloop
  endfacet
  facet normal -0.1305261900986219 0 0.9914448616531019
    outer loop
      vertex 11.45037380605936 -20.500000000000004 61.8794816955924
      vertex 10.308441765606403 -21.300000000000004 61.72914349287748
      vertex 11.45037380605936 -21.300000000000004 61.8794816955924
    endloop
  endfacet
  facet normal 0 -1 0
    outer loop
      vertex 11.45037380605936 -20.500000000000004 61.8794816955924
      vertex 12.59860896319151 -20.500000000000004 61.96984976530075
      vertex 12.44160109758377 -20.500000000000004 64.9657383710146
    endloop
  endfacet
  facet normal 0 -1 0
    outer loop
      vertex 12.59860896319151 -20.500000000000004 61.96984976530075
      vertex 13.75 -20.500000000000004 65
      vertex 12.44160109758377 -20.500000000000004 64.9657383710146
    endloop
  endfacet
  facet normal 0 -1 0
    outer loop
      vertex 12.59860896319151 -20.500000000000004 61.96984976530075
      vertex 13.75 -20.500000000000004 62
      vertex 13.75 -20.500000000000004 65
    endloop
  endfacet
  facet normal -0.07845909832165096 0 0.996917333528991
    outer loop
      vertex 11.45037380605936 -21.300000000000004 61.8794816955924
      vertex 12.59860896319151 -21.300000000000004 61.96984976530075
      vertex 12.59860896319151 -20.500000000000004 61.96984976530075
    endloop
  endfacet
  facet normal -0.026176947712612638 0 0.9996573249911448
    outer loop
      vertex 12.59860896319151 -20.500000000000004 61.96984976530075
      vertex 12.59860896319151 -21.300000000000004 61.96984976530075
      vertex 13.75 -20.500000000000004 62
    endloop
  endfacet
  facet normal -0.026176947712612638 0 0.9996573249911448
    outer loop
      vertex 12.59860896319151 -21.300000000000004 61.96984976530075
      vertex 13.75 -21.300000000000004 62
      vertex 13.75 -20.500000000000004 62
    endloop
  endfacet
  facet normal 0.13052619257505793 0 -0.9914448613270729
    outer loop
      vertex 9.839138373732567 -20.500000000000004 64.69220851361752
      vertex 11.136788420379162 -20.500000000000004 64.86304738372564
      vertex 11.136788420379162 -21.300000000000004 64.86304738372564
    endloop
  endfacet
  facet normal 0.13052619257505793 0 -0.9914448613270729
    outer loop
      vertex 9.839138373732567 -20.500000000000004 64.69220851361752
      vertex 11.136788420379162 -21.300000000000004 64.86304738372564
      vertex 9.839138373732567 -21.300000000000004 64.69220851361752
    endloop
  endfacet
  facet normal 0.07845909763113736 0 -0.9969173335833357
    outer loop
      vertex 11.136788420379162 -20.500000000000004 64.86304738372564
      vertex 12.44160109758377 -21.300000000000004 64.9657383710146
      vertex 11.136788420379162 -21.300000000000004 64.86304738372564
    endloop
  endfacet
  facet normal 0.07845909763113736 0 -0.9969173335833357
    outer loop
      vertex 11.136788420379162 -20.500000000000004 64.86304738372564
      vertex 12.44160109758377 -20.500000000000004 64.9657383710146
      vertex 12.44160109758377 -21.300000000000004 64.9657383710146
    endloop
  endfacet
  facet normal 0.02617694673926488 0 -0.9996573250166328
    outer loop
      vertex 12.44160109758377 -20.500000000000004 64.9657383710146
      vertex 13.75 -20.500000000000004 65
      vertex 13.75 -21.300000000000004 65
    endloop
  endfacet
  facet normal 0.02617694673926488 0 -0.9996573250166328
    outer loop
      vertex 12.44160109758377 -20.500000000000004 64.9657383710146
      vertex 13.75 -21.300000000000004 65
      vertex 12.44160109758377 -21.300000000000004 64.9657383710146
    endloop
  endfacet
  facet normal 0 0 1
    outer loop
      vertex -3.25 -21.300000000000004 5
      vertex 30.75 -21.300000000000004 5
      vertex 30.75 -20.500000000000004 5
    endloop
  endfacet
  facet normal 0 -1 0
    outer loop
      vertex 0.75 -20.500000000000004 11
      vertex 30.75 -20.500000000000004 5
      vertex 26.75 -20.500000000000004 11
    endloop
  endfacet
  facet normal 0 -1 0
    outer loop
      vertex 13.75 -20.500000000000004 15
      vertex 15.05839890241623 -20.500000000000004 15.034261628985405
      vertex 13.75 -20.500000000000004 18
    endloop
  endfacet
  facet normal 0 -1 0
    outer loop
      vertex 15.05839890241623 -20.500000000000004 15.034261628985405
      vertex 14.90139103680849 -20.500000000000004 18.03015023469925
      vertex 13.75 -20.500000000000004 18
    endloop
  endfacet
  facet normal 0 -1 0
    outer loop
      vertex 15.05839890241623 -20.500000000000004 15.034261628985405
      vertex 16.363211579620838 -20.500000000000004 15.136952616274357
      vertex 14.90139103680849 -20.500000000000004 18.03015023469925
    endloop
  endfacet
  facet normal -0.02617694673926488 0 0.9996573250166328
    outer loop
      vertex 13.75 -20.500000000000004 15
      vertex 13.75 -21.300000000000004 15
      vertex 15.05839890241623 -20.500000000000004 15.034261628985405
    endloop
  endfacet
  facet normal -0.02617694673926488 0 0.9996573250166328
    outer loop
      vertex 15.05839890241623 -20.500000000000004 15.034261628985405
      vertex 13.75 -21.300000000000004 15
      vertex 15.05839890241623 -21.300000000000004 15.034261628985405
    endloop
  endfacet
  facet normal -0.07845909763113736 0 0.9969173335833357
    outer loop
      vertex 15.05839890241623 -20.500000000000004 15.034261628985405
      vertex 15.05839890241623 -21.300000000000004 15.034261628985405
      vertex 16.363211579620838 -20.500000000000004 15.136952616274357
    endloop
  endfacet
  facet normal 0.026176947712612638 0 -0.9996573249911448
    outer loop
      vertex 13.75 -20.500000000000004 18
      vertex 14.90139103680849 -20.500000000000004 18.03015023469925
      vertex 14.90139103680849 -21.300000000000004 18.03015023469925
    endloop
  endfacet
  facet normal 0.026176947712612638 0 -0.9996573249911448
    outer loop
      vertex 13.75 -20.500000000000004 18
      vertex 14.90139103680849 -21.300000000000004 18.03015023469925
      vertex 13.75 -21.300000000000004 18
    endloop
  endfacet
  facet normal 0.07845909832165096 0 -0.996917333528991
    outer loop
      vertex 14.90139103680849 -20.500000000000004 18.03015023469925
      vertex 16.04962619394064 -21.300000000000004 18.120518304407597
      vertex 14.90139103680849 -21.300000000000004 18.03015023469925
    endloop
  endfacet
  facet normal 0 -1 0
    outer loop
      vertex 14.90139103680849 -20.500000000000004 18.03015023469925
      vertex 16.363211579620838 -20.500000000000004 15.136952616274357
      vertex 16.04962619394064 -20.500000000000004 18.120518304407597
    endloop
  endfacet
  facet normal 0 -1 0
    outer loop
      vertex 16.363211579620838 -20.500000000000004 15.136952616274357
      vertex 17.660861626267433 -20.500000000000004 15.307791486382484
      vertex 16.04962619394064 -20.500000000000004 18.120518304407597
    endloop
  endfacet
  facet normal 0 -1 0
    outer loop
      vertex 16.04962619394064 -20.500000000000004 18.120518304407597
      vertex 17.660861626267433 -20.500000000000004 15.307791486382484
      vertex 17.191558234393597 -20.500000000000004 18.270856507122517
    endloop
  endfacet
  facet normal -0.07845909763113736 0 0.9969173335833357
    outer loop
      vertex 15.05839890241623 -21.300000000000004 15.034261628985405
      vertex 16.363211579620838 -21.300000000000004 15.136952616274357
      vertex 16.363211579620838 -20.500000000000004 15.136952616274357
    endloop
  endfacet
  facet normal -0.13052619257505793 0 0.9914448613270729
    outer loop
      vertex 16.363211579620838 -20.500000000000004 15.136952616274357
      vertex 16.363211579620838 -21.300000000000004 15.136952616274357
      vertex 17.660861626267433 -20.500000000000004 15.307791486382484
    endloop
  endfacet
  facet normal -0.13052619257505793 0 0.9914448613270729
    outer loop
      vertex 16.363211579620838 -21.300000000000004 15.136952616274357
      vertex 17.660861626267433 -21.300000000000004 15.307791486382484
      vertex 17.660861626267433 -20.500000000000004 15.307791486382484
    endloop
  endfacet
  facet normal 0.07845909832165096 0 -0.996917333528991
    outer loop
      vertex 14.90139103680849 -20.500000000000004 18.03015023469925
      vertex 16.04962619394064 -20.500000000000004 18.120518304407597
      vertex 16.04962619394064 -21.300000000000004 18.120518304407597
    endloop
  endfacet
  facet normal 0.1305261900986219 0 -0.9914448616531019
    outer loop
      vertex 16.04962619394064 -20.500000000000004 18.120518304407597
      vertex 17.191558234393597 -21.300000000000004 18.270856507122517
      vertex 16.04962619394064 -21.300000000000004 18.120518304407597
    endloop
  endfacet
  facet normal 0.1305261900986219 0 -0.9914448616531019
    outer loop
      vertex 16.04962619394064 -20.500000000000004 18.120518304407597
      vertex 17.191558234393597 -20.500000000000004 18.270856507122517
      vertex 17.191558234393597 -21.300000000000004 18.270856507122517
    endloop
  endfacet
  facet normal 0 0 -1
    outer loop
      vertex 0.75 -20.500000000000004 11
      vertex 26.75 -20.500000000000004 11
      vertex 26.75 -21.300000000000004 11
    endloop
  endfacet
  facet normal 0 -1 0
    outer loop
      vertex 17.191558234393597 -20.500000000000004 18.270856507122517
      vertex 17.660861626267433 -20.500000000000004 15.307791486382484
      vertex 18.947792269289494 -20.500000000000004 15.546309985220432
    endloop
  endfacet
  facet normal 0 -1 0
    outer loop
      vertex 18.947792269289494 -20.500000000000004 15.546309985220432
      vertex 20.220476128160954 -20.500000000000004 15.851854339241982
      vertex 18.324057199060917 -20.500000000000004 18.480752781033516
    endloop
  endfacet
  facet normal -0.1822355273883658 0 0.9832549072125112
    outer loop
      vertex 17.660861626267433 -20.500000000000004 15.307791486382484
      vertex 17.660861626267433 -21.300000000000004 15.307791486382484
      vertex 18.947792269289494 -20.500000000000004 15.546309985220432
    endloop
  endfacet
  facet normal -0.1822355273883658 0 0.9832549072125112
    outer loop
      vertex 18.947792269289494 -20.500000000000004 15.546309985220432
      vertex 17.660861626267433 -21.300000000000004 15.307791486382484
      vertex 18.947792269289494 -21.300000000000004 15.546309985220432
    endloop
  endfacet
  facet normal 0 -1 0
    outer loop
      vertex 17.191558234393597 -20.500000000000004 18.270856507122517
      vertex 18.947792269289494 -20.500000000000004 15.546309985220432
      vertex 18.324057199060917 -20.500000000000004 18.480752781033516
    endloop
  endfacet
  facet normal 0.18223552332117093 0 -0.9832549079663214
    outer loop
      vertex 17.191558234393597 -20.500000000000004 18.270856507122517
      vertex 18.324057199060917 -20.500000000000004 18.480752781033516
      vertex 18.324057199060917 -21.300000000000004 18.480752781033516
    endloop
  endfacet
  facet normal 0.18223552332117093 0 -0.9832549079663214
    outer loop
      vertex 17.191558234393597 -20.500000000000004 18.270856507122517
      vertex 18.324057199060917 -21.300000000000004 18.480752781033516
      vertex 17.191558234393597 -21.300000000000004 18.270856507122517
    endloop
  endfacet
  facet normal 0.23344536725245743 0 -0.9723699195822365
    outer loop
      vertex 18.324057199060917 -20.500000000000004 18.480752781033516
      vertex 19.444018989801407 -20.500000000000004 18.749631822109222
      vertex 19.444018989801407 -21.300000000000004 18.749631822109222
    endloop
  endfacet
  facet normal 0.23344536725245743 0 -0.9723699195822365
    outer loop
      vertex 18.324057199060917 -20.500000000000004 18.480752781033516
      vertex 19.444018989801407 -21.300000000000004 18.749631822109222
      vertex 18.324057199060917 -21.300000000000004 18.480752781033516
    endloop
  endfacet
  facet normal 0 -1 0
    outer loop
      vertex 20.220476128160954 -20.500000000000004 15.851854339241982
      vertex 21.475424855947495 -20.500000000000004 16.223587095737457
      vertex 19.444018989801407 -20.500000000000004 18.749631822109222
    endloop
  endfacet
  facet normal -0.23344535842523456 0 0.9723699217014653
    outer loop
      vertex 18.947792269289494 -20.500000000000004 15.546309985220432
      vertex 18.947792269289494 -21.300000000000004 15.546309985220432
      vertex 20.220476128160954 -20.500000000000004 15.851854339241982
    endloop
  endfacet
  facet normal -0.23344535842523456 0 0.9723699217014653
    outer loop
      vertex 18.947792269289494 -21.300000000000004 15.546309985220432
      vertex 20.220476128160954 -21.300000000000004 15.851854339241982
      vertex 20.220476128160954 -20.500000000000004 15.851854339241982
    endloop
  endfacet
  facet normal -0.28401535021046853 0 0.9588197332370797
    outer loop
      vertex 20.220476128160954 -20.500000000000004 15.851854339241982
      vertex 20.220476128160954 -21.300000000000004 15.851854339241982
      vertex 21.475424855947495 -20.500000000000004 16.223587095737457
    endloop
  endfacet
  facet normal 0 -1 0
    outer loop
      vertex 18.324057199060917 -20.500000000000004 18.480752781033516
      vertex 20.220476128160954 -20.500000000000004 15.851854339241982
      vertex 19.444018989801407 -20.500000000000004 18.749631822109222
    endloop
  endfacet
  facet normal 0 -1 0
    outer loop
      vertex 19.444018989801407 -20.500000000000004 18.749631822109222
      vertex 21.475424855947495 -20.500000000000004 16.223587095737457
      vertex 20.548373878002167 -20.500000000000004 19.07675664126873
    endloop
  endfacet
  facet normal 0.2840153431451545 0 -0.9588197353299213
    outer loop
      vertex 19.444018989801407 -20.500000000000004 18.749631822109222
      vertex 20.548373878002167 -21.300000000000004 19.07675664126873
      vertex 19.444018989801407 -21.300000000000004 18.749631822109222
    endloop
  endfacet
  facet normal 0.2840153431451545 0 -0.9588197353299213
    outer loop
      vertex 19.444018989801407 -20.500000000000004 18.749631822109222
      vertex 20.548373878002167 -20.500000000000004 19.07675664126873
      vertex 20.548373878002167 -21.300000000000004 19.07675664126873
    endloop
  endfacet
  facet normal 0.3338068636957694 0 -0.9426414895121018
    outer loop
      vertex 20.548373878002167 -20.500000000000004 19.07675664126873
      vertex 21.634094886481762 -21.300000000000004 19.461230620741844
      vertex 20.548373878002167 -21.300000000000004 19.07675664126873
    endloop
  endfacet
  facet normal -0.8320502943378437 0 -0.5547001962252291
    outer loop
      vertex 26.75 -20.500000000000004 11
      vertex 30.75 -21.300000000000004 5
      vertex 26.75 -21.300000000000004 11
    endloop
  endfacet
  facet normal -0.33380685571114566 0 0.9426414923396055
    outer loop
      vertex 21.475424855947495 -20.500000000000004 16.223587095737457
      vertex 21.475424855947495 -21.300000000000004 16.223587095737457
      vertex 22.709198735654354 -20.500000000000004 16.660489335656166
    endloop
  endfacet
  facet normal -0.28401535021046853 0 0.9588197332370797
    outer loop
      vertex 20.220476128160954 -21.300000000000004 15.851854339241982
      vertex 21.475424855947495 -21.300000000000004 16.223587095737457
      vertex 21.475424855947495 -20.500000000000004 16.223587095737457
    endloop
  endfacet
  facet normal -0.33380685571114566 0 0.9426414923396055
    outer loop
      vertex 22.709198735654354 -20.500000000000004 16.660489335656166
      vertex 21.475424855947495 -21.300000000000004 16.223587095737457
      vertex 22.709198735654354 -21.300000000000004 16.660489335656166
    endloop
  endfacet
  facet normal 0 -1 0
    outer loop
      vertex 20.548373878002167 -20.500000000000004 19.07675664126873
      vertex 21.475424855947495 -20.500000000000004 16.223587095737457
      vertex 22.709198735654354 -20.500000000000004 16.660489335656166
    endloop
  endfacet
  facet normal 0 -1 0
    outer loop
      vertex 20.548373878002167 -20.500000000000004 19.07675664126873
      vertex 22.709198735654354 -20.500000000000004 16.660489335656166
      vertex 21.634094886481762 -20.500000000000004 19.461230620741844
    endloop
  endfacet
  facet normal 0 -1 0
    outer loop
      vertex 22.709198735654354 -20.500000000000004 16.660489335656166
      vertex 23.91841607540846 -20.500000000000004 17.161363556981087
      vertex 21.634094886481762 -20.500000000000004 19.461230620741844
    endloop
  endfacet
  facet normal 0 -1 0
    outer loop
      vertex 21.634094886481762 -20.500000000000004 19.461230620741844
      vertex 23.91841607540846 -20.500000000000004 17.161363556981087
      vertex 22.698206149041653 -20.500000000000004 19.901999935507774
    endloop
  endfacet
  facet normal 0.3338068636957694 0 -0.9426414895121018
    outer loop
      vertex 20.548373878002167 -20.500000000000004 19.07675664126873
      vertex 21.634094886481762 -20.500000000000004 19.461230620741844
      vertex 21.634094886481762 -21.300000000000004 19.461230620741844
    endloop
  endfacet
  facet normal 0.3826834308382388 0 -0.9238795331437291
    outer loop
      vertex 21.634094886481762 -20.500000000000004 19.461230620741844
      vertex 22.698206149041653 -21.300000000000004 19.901999935507774
      vertex 21.634094886481762 -21.300000000000004 19.461230620741844
    endloop
  endfacet
  facet normal -0.38268343193601717 0 0.9238795326890145
    outer loop
      vertex 22.709198735654354 -20.500000000000004 16.660489335656166
      vertex 22.709198735654354 -21.300000000000004 16.660489335656166
      vertex 23.91841607540846 -20.500000000000004 17.161363556981087
    endloop
  endfacet
  facet normal -0.38268343193601717 0 0.9238795326890145
    outer loop
      vertex 22.709198735654354 -21.300000000000004 16.660489335656166
      vertex 23.91841607540846 -21.300000000000004 17.161363556981087
      vertex 23.91841607540846 -20.500000000000004 17.161363556981087
    endloop
  endfacet
  facet normal 0 -1 0
    outer loop
      vertex 23.91841607540846 -20.500000000000004 17.161363556981087
      vertex 25.099762491881847 -20.500000000000004 17.72483689337969
      vertex 22.698206149041653 -20.500000000000004 19.901999935507774
    endloop
  endfacet
  facet normal 0 -1 0
    outer loop
      vertex 25.099762491881847 -20.500000000000004 17.72483689337969
      vertex 23.737790994346142 -20.500000000000004 20.39785646647215
      vertex 22.698206149041653 -20.500000000000004 19.901999935507774
    endloop
  endfacet
  facet normal -0.4305110968706276 0 0.9025852843201296
    outer loop
      vertex 23.91841607540846 -20.500000000000004 17.161363556981087
      vertex 23.91841607540846 -21.300000000000004 17.161363556981087
      vertex 25.099762491881847 -20.500000000000004 17.72483689337969
    endloop
  endfacet
  facet normal 0 -1 0
    outer loop
      vertex 25.099762491881847 -20.500000000000004 17.72483689337969
      vertex 26.25 -20.500000000000004 18.349364906549454
      vertex 23.737790994346142 -20.500000000000004 20.39785646647215
    endloop
  endfacet
  facet normal 0 -1 0
    outer loop
      vertex 26.25 -20.500000000000004 18.349364906549454
      vertex 27.365975871682167 -20.500000000000004 19.033235803246498
      vertex 24.75 -20.500000000000004 20.94744111597538
    endloop
  endfacet
  facet normal -0.4771587615572457 0 0.8788171119574059
    outer loop
      vertex 25.099762491881847 -20.500000000000004 17.72483689337969
      vertex 25.099762491881847 -21.300000000000004 17.72483689337969
      vertex 26.25 -20.500000000000004 18.349364906549454
    endloop
  endfacet
  facet normal -0.4305110968706276 0 0.9025852843201296
    outer loop
      vertex 23.91841607540846 -21.300000000000004 17.161363556981087
      vertex 25.099762491881847 -21.300000000000004 17.72483689337969
      vertex 25.099762491881847 -20.500000000000004 17.72483689337969
    endloop
  endfacet
  facet normal -0.4771587615572457 0 0.8788171119574059
    outer loop
      vertex 26.25 -20.500000000000004 18.349364906549454
      vertex 25.099762491881847 -21.300000000000004 17.72483689337969
      vertex 26.25 -21.300000000000004 18.349364906549454
    endloop
  endfacet
  facet normal -0.522498566373994 0 0.8526401633380409
    outer loop
      vertex 26.25 -20.500000000000004 18.349364906549454
      vertex 26.25 -21.300000000000004 18.349364906549454
      vertex 27.365975871682167 -20.500000000000004 19.033235803246498
    endloop
  endfacet
  facet normal -0.522498566373994 0 0.8526401633380409
    outer loop
      vertex 26.25 -21.300000000000004 18.349364906549454
      vertex 27.365975871682167 -21.300000000000004 19.033235803246498
      vertex 27.365975871682167 -20.500000000000004 19.033235803246498
    endloop
  endfacet
  facet normal -0.5664062360502755 0 0.8241261892230821
    outer loop
      vertex 27.365975871682167 -20.500000000000004 19.033235803246498
      vertex 27.365975871682167 -21.300000000000004 19.033235803246498
      vertex 28.444631308317184 -20.500000000000004 19.774575144052505
    endloop
  endfacet
  facet normal -0.5664062360502755 0 0.8241261892230821
    outer loop
      vertex 27.365975871682167 -21.300000000000004 19.033235803246498
      vertex 28.444631308317184 -21.300000000000004 19.774575144052505
      vertex 28.444631308317184 -20.500000000000004 19.774575144052505
    endloop
  endfacet
  facet normal 0.3826834308382388 0 -0.9238795331437291
    outer loop
      vertex 21.634094886481762 -20.500000000000004 19.461230620741844
      vertex 22.698206149041653 -20.500000000000004 19.901999935507774
      vertex 22.698206149041653 -21.300000000000004 19.901999935507774
    endloop
  endfacet
  facet normal 0.4305110936893283 0 -0.9025852858375315
    outer loop
      vertex 22.698206149041653 -20.500000000000004 19.901999935507774
      vertex 23.737790994346142 -20.500000000000004 20.39785646647215
      vertex 23.737790994346142 -21.300000000000004 20.39785646647215
    endloop
  endfacet
  facet normal 0.4305110936893283 0 -0.9025852858375315
    outer loop
      vertex 22.698206149041653 -20.500000000000004 19.901999935507774
      vertex 23.737790994346142 -21.300000000000004 20.39785646647215
      vertex 22.698206149041653 -21.300000000000004 19.901999935507774
    endloop
  endfacet
  facet normal 0.4771587607009008 -6.024465965008618e-17 -0.8788171124223632
    outer loop
      vertex 23.737790994346142 -20.500000000000004 20.39785646647215
      vertex 24.75 -20.500000000000004 20.94744111597538
      vertex 24.75 -21.300000000000004 20.94744111597538
    endloop
  endfacet
  facet normal 0.4771587607009008 0 -0.8788171124223632
    outer loop
      vertex 23.737790994346142 -20.500000000000004 20.39785646647215
      vertex 24.75 -21.300000000000004 20.94744111597538
      vertex 23.737790994346142 -21.300000000000004 20.39785646647215
    endloop
  endfacet
  facet normal 0 -1 0
    outer loop
      vertex 26.25 -20.500000000000004 18.349364906549454
      vertex 24.75 -20.500000000000004 20.94744111597538
      vertex 23.737790994346142 -20.500000000000004 20.39785646647215
    endloop
  endfacet
  facet normal 0 -1 0
    outer loop
      vertex 27.365975871682167 -20.500000000000004 19.033235803246498
      vertex 25.73205877095461 -20.500000000000004 21.54924750328064
      vertex 24.75 -20.500000000000004 20.94744111597538
    endloop
  endfacet
  facet normal 0.5224985637467838 0 -0.8526401649479972
    outer loop
      vertex 24.75 -20.500000000000004 20.94744111597538
      vertex 25.73205877095461 -20.500000000000004 21.54924750328064
      vertex 25.73205877095461 -21.300000000000004 21.54924750328064
    endloop
  endfacet
  facet normal 0.5224985637467838 0 -0.8526401649479972
    outer loop
      vertex 24.75 -20.500000000000004 20.94744111597538
      vertex 25.73205877095461 -21.300000000000004 21.54924750328064
      vertex 24.75 -21.300000000000004 20.94744111597538
    endloop
  endfacet
  facet normal 0.5664062358304489 0 -0.8241261893741648
    outer loop
      vertex 25.73205877095461 -20.500000000000004 21.54924750328064
      vertex 26.68127555400133 -20.500000000000004 22.201626121997833
      vertex 26.68127555400133 -21.300000000000004 22.201626121997833
    endloop
  endfacet
  facet normal 0.5664062358304489 0 -0.8241261893741648
    outer loop
      vertex 25.73205877095461 -20.500000000000004 21.54924750328064
      vertex 26.68127555400133 -21.300000000000004 22.201626121997833
      vertex 25.73205877095461 -21.300000000000004 21.54924750328064
    endloop
  endfacet
  facet normal 0 -1 0
    outer loop
      vertex 27.365975871682167 -20.500000000000004 19.033235803246498
      vertex 28.444631308317184 -20.500000000000004 19.774575144052505
      vertex 25.73205877095461 -20.500000000000004 21.54924750328064
    endloop
  endfacet
  facet normal 0 -1 0
    outer loop
      vertex 25.73205877095461 -20.500000000000004 21.54924750328064
      vertex 28.444631308317184 -20.500000000000004 19.774575144052505
      vertex 26.68127555400133 -20.500000000000004 22.201626121997833
    endloop
  endfacet
  facet normal 0 -1 0
    outer loop
      vertex 26.68127555400133 -20.500000000000004 22.201626121997833
      vertex 28.444631308317184 -20.500000000000004 19.774575144052505
      vertex 29.48300977796316 -20.500000000000004 20.5713509619236
    endloop
  endfacet
  facet normal 0 -1 0
    outer loop
      vertex 26.68127555400133 -20.500000000000004 22.201626121997833
      vertex 29.48300977796316 -20.500000000000004 20.5713509619236
      vertex 27.59504860639572 -20.500000000000004 22.90278884768486
    endloop
  endfacet
  facet normal 0.608761429936015 0 -0.7933533395796972
    outer loop
      vertex 26.68127555400133 -20.500000000000004 22.201626121997833
      vertex 27.59504860639572 -20.500000000000004 22.90278884768486
      vertex 27.59504860639572 -21.300000000000004 22.90278884768486
    endloop
  endfacet
  facet normal 0.608761429936015 0 -0.7933533395796972
    outer loop
      vertex 26.68127555400133 -20.500000000000004 22.201626121997833
      vertex 27.59504860639572 -21.300000000000004 22.90278884768486
      vertex 26.68127555400133 -21.300000000000004 22.201626121997833
    endloop
  endfacet
  facet normal 0.6494480498355258 0 -0.7604059643143471
    outer loop
      vertex 27.59504860639572 -20.500000000000004 22.90278884768486
      vertex 28.470873340964317 -20.500000000000004 23.650813840329647
      vertex 28.470873340964317 -21.300000000000004 23.650813840329647
    endloop
  endfacet
  facet normal 0.6494480498355258 0 -0.7604059643143471
    outer loop
      vertex 27.59504860639572 -20.500000000000004 22.90278884768486
      vertex 28.470873340964317 -21.300000000000004 23.650813840329647
      vertex 27.59504860639572 -21.300000000000004 22.90278884768486
    endloop
  endfacet
  facet normal -0.8320502943378437 0 -0.5547001962252291
    outer loop
      vertex 26.75 -20.500000000000004 11
      vertex 30.75 -20.500000000000004 5
      vertex 30.75 -21.300000000000004 5
    endloop
  endfacet
  facet normal 0 0 1
    outer loop
      vertex 37.149999998509884 -20.500000000000004 14
      vertex 37.149999998509884 -21.300000000000004 14
      vertex 40.350000001490116 -20.500000000000004 14
    endloop
  endfacet
  facet normal 1 0 0
    outer loop
      vertex 37.149999998509884 -20.500000000000004 14
      vertex 37.149999998509884 -20.500000000000004 31.21161787956953
      vertex 37.149999998509884 -21.300000000000004 14
    endloop
  endfacet
  facet normal 0 -1 0
    outer loop
      vertex 37.149999998509884 -20.500000000000004 14
      vertex 40.350000001490116 -20.500000000000004 14
      vertex 37.149999998509884 -20.500000000000004 31.21161787956953
    endloop
  endfacet
  facet normal 0 0 1
    outer loop
      vertex 37.149999998509884 -21.300000000000004 14
      vertex 40.350000001490116 -21.300000000000004 14
      vertex 40.350000001490116 -20.500000000000004 14
    endloop
  endfacet
  facet normal 0 -1 0
    outer loop
      vertex 27.59504860639572 -20.500000000000004 22.90278884768486
      vertex 29.48300977796316 -20.500000000000004 20.5713509619236
      vertex 30.478265158832073 -20.500000000000004 21.42137936502695
    endloop
  endfacet
  facet normal -0.6087614263039369 0 0.7933533423666886
    outer loop
      vertex 28.444631308317184 -20.500000000000004 19.774575144052505
      vertex 28.444631308317184 -21.300000000000004 19.774575144052505
      vertex 29.48300977796316 -20.500000000000004 20.5713509619236
    endloop
  endfacet
  facet normal -0.6087614263039369 0 0.7933533423666886
    outer loop
      vertex 29.48300977796316 -20.500000000000004 20.5713509619236
      vertex 28.444631308317184 -21.300000000000004 19.774575144052505
      vertex 29.48300977796316 -21.300000000000004 20.5713509619236
    endloop
  endfacet
  facet normal -0.6494480506272539 0 0.7604059636381475
    outer loop
      vertex 29.48300977796316 -20.500000000000004 20.5713509619236
      vertex 29.48300977796316 -21.300000000000004 20.5713509619236
      vertex 30.478265158832073 -20.500000000000004 21.42137936502695
    endloop
  endfacet
  facet normal 0 -1 0
    outer loop
      vertex 27.59504860639572 -20.500000000000004 22.90278884768486
      vertex 30.478265158832073 -20.500000000000004 21.42137936502695
      vertex 28.470873340964317 -20.500000000000004 23.650813840329647
    endloop
  endfacet
  facet normal 0 -1 0
    outer loop
      vertex 28.470873340964317 -20.500000000000004 23.650813840329647
      vertex 31.427669532597065 -20.500000000000004 22.322330467402935
      vertex 29.30634918808937 -20.500000000000004 24.44365081191063
    endloop
  endfacet
  facet normal 0.6883545740095245 0 -0.7253743726105618
    outer loop
      vertex 28.470873340964317 -20.500000000000004 23.650813840329647
      vertex 29.30634918808937 -20.500000000000004 24.44365081191063
      vertex 29.30634918808937 -21.300000000000004 24.44365081191063
    endloop
  endfacet
  facet normal 0.6883545740095245 0 -0.7253743726105618
    outer loop
      vertex 28.470873340964317 -20.500000000000004 23.650813840329647
      vertex 29.30634918808937 -21.300000000000004 24.44365081191063
      vertex 28.470873340964317 -21.300000000000004 23.650813840329647
    endloop
  endfacet
  facet normal -0.688354572553615 0 0.7253743739921683
    outer loop
      vertex 30.478265158832073 -20.500000000000004 21.42137936502695
      vertex 30.478265158832073 -21.300000000000004 21.42137936502695
      vertex 31.427669532597065 -20.500000000000004 22.322330467402935
    endloop
  endfacet
  facet normal -0.6494480506272539 0 0.7604059636381475
    outer loop
      vertex 29.48300977796316 -21.300000000000004 20.5713509619236
      vertex 30.478265158832073 -21.300000000000004 21.42137936502695
      vertex 30.478265158832073 -20.500000000000004 21.42137936502695
    endloop
  endfacet
  facet normal -0.688354572553615 0 0.7253743739921683
    outer loop
      vertex 30.478265158832073 -21.300000000000004 21.42137936502695
      vertex 31.427669532597065 -21.300000000000004 22.322330467402935
      vertex 31.427669532597065 -20.500000000000004 22.322330467402935
    endloop
  endfacet
  facet normal 0 -1 0
    outer loop
      vertex 28.470873340964317 -20.500000000000004 23.650813840329647
      vertex 30.478265158832073 -20.500000000000004 21.42137936502695
      vertex 31.427669532597065 -20.500000000000004 22.322330467402935
    endloop
  endfacet
  facet normal 0 -1 0
    outer loop
      vertex 29.30634918808937 -20.500000000000004 24.44365081191063
      vertex 32.32862063497305 -20.500000000000004 23.271734841167927
      vertex 30.099186159670353 -20.500000000000004 25.279126659035683
    endloop
  endfacet
  facet normal 0 -1 0
    outer loop
      vertex 29.30634918808937 -20.500000000000004 24.44365081191063
      vertex 31.427669532597065 -20.500000000000004 22.322330467402935
      vertex 32.32862063497305 -20.500000000000004 23.271734841167927
    endloop
  endfacet
  facet normal 0 -1 0
    outer loop
      vertex 30.099186159670353 -20.500000000000004 25.279126659035683
      vertex 32.32862063497305 -20.500000000000004 23.271734841167927
      vertex 33.1786490380764 -20.500000000000004 24.26699022203684
    endloop
  endfacet
  facet normal -0.7253743739921683 0 0.688354572553615
    outer loop
      vertex 31.427669532597065 -20.500000000000004 22.322330467402935
      vertex 31.427669532597065 -21.300000000000004 22.322330467402935
      vertex 32.32862063497305 -20.500000000000004 23.271734841167927
    endloop
  endfacet
  facet normal 0.7253743726105618 0 -0.6883545740095245
    outer loop
      vertex 29.30634918808937 -20.500000000000004 24.44365081191063
      vertex 30.099186159670353 -20.500000000000004 25.279126659035683
      vertex 30.099186159670353 -21.300000000000004 25.279126659035683
    endloop
  endfacet
  facet normal 0.7253743726105618 0 -0.6883545740095245
    outer loop
      vertex 29.30634918808937 -20.500000000000004 24.44365081191063
      vertex 30.099186159670353 -21.300000000000004 25.279126659035683
      vertex 29.30634918808937 -21.300000000000004 24.44365081191063
    endloop
  endfacet
  facet normal 0 -1 0
    outer loop
      vertex 30.099186159670353 -20.500000000000004 25.279126659035683
      vertex 33.1786490380764 -20.500000000000004 24.26699022203684
      vertex 30.84721115231514 -20.500000000000004 26.15495139360428
    endloop
  endfacet
  facet normal 0.7604059643143471 0 -0.6494480498355258
    outer loop
      vertex 30.099186159670353 -20.500000000000004 25.279126659035683
      vertex 30.84721115231514 -20.500000000000004 26.15495139360428
      vertex 30.84721115231514 -21.300000000000004 26.15495139360428
    endloop
  endfacet
  facet normal 0.7604059643143471 0 -0.6494480498355258
    outer loop
      vertex 30.099186159670353 -20.500000000000004 25.279126659035683
      vertex 30.84721115231514 -21.300000000000004 26.15495139360428
      vertex 30.099186159670353 -21.300000000000004 25.279126659035683
    endloop
  endfacet
  facet normal 0.7933533395796972 0 -0.608761429936015
    outer loop
      vertex 30.84721115231514 -20.500000000000004 26.15495139360428
      vertex 31.548373878002167 -20.500000000000004 27.06872444599867
      vertex 31.548373878002167 -21.300000000000004 27.06872444599867
    endloop
  endfacet
  facet normal 0.7933533395796972 0 -0.608761429936015
    outer loop
      vertex 30.84721115231514 -20.500000000000004 26.15495139360428
      vertex 31.548373878002167 -21.300000000000004 27.06872444599867
      vertex 30.84721115231514 -21.300000000000004 26.15495139360428
    endloop
  endfacet
  facet normal 0.8241261893741648 0 -0.5664062358304489
    outer loop
      vertex 31.548373878002167 -20.500000000000004 27.06872444599867
      vertex 32.20075249671936 -21.300000000000004 28.01794122904539
      vertex 31.548373878002167 -21.300000000000004 27.06872444599867
    endloop
  endfacet
  facet normal -0.7253743739921683 0 0.688354572553615
    outer loop
      vertex 31.427669532597065 -21.300000000000004 22.322330467402935
      vertex 32.32862063497305 -21.300000000000004 23.271734841167927
      vertex 32.32862063497305 -20.500000000000004 23.271734841167927
    endloop
  endfacet
  facet normal -0.7604059636381475 0 0.6494480506272539
    outer loop
      vertex 32.32862063497305 -20.500000000000004 23.271734841167927
      vertex 32.32862063497305 -21.300000000000004 23.271734841167927
      vertex 33.1786490380764 -20.500000000000004 24.26699022203684
    endloop
  endfacet
  facet normal -0.7933533423666886 0 0.6087614263039369
    outer loop
      vertex 33.1786490380764 -20.500000000000004 24.26699022203684
      vertex 33.1786490380764 -21.300000000000004 24.26699022203684
      vertex 33.975424855947495 -20.500000000000004 25.305368691682816
    endloop
  endfacet
  facet normal -0.7604059636381475 0 0.6494480506272539
    outer loop
      vertex 33.1786490380764 -20.500000000000004 24.26699022203684
      vertex 32.32862063497305 -21.300000000000004 23.271734841167927
      vertex 33.1786490380764 -21.300000000000004 24.26699022203684
    endloop
  endfacet
  facet normal 0 -1 0
    outer loop
      vertex 30.84721115231514 -20.500000000000004 26.15495139360428
      vertex 33.1786490380764 -20.500000000000004 24.26699022203684
      vertex 33.975424855947495 -20.500000000000004 25.305368691682816
    endloop
  endfacet
  facet normal 0 -1 0
    outer loop
      vertex 30.84721115231514 -20.500000000000004 26.15495139360428
      vertex 33.975424855947495 -20.500000000000004 25.305368691682816
      vertex 31.548373878002167 -20.500000000000004 27.06872444599867
    endloop
  endfacet
  facet normal 0 -1 0
    outer loop
      vertex 31.548373878002167 -20.500000000000004 27.06872444599867
      vertex 33.975424855947495 -20.500000000000004 25.305368691682816
      vertex 34.7167641967535 -20.500000000000004 26.384024128317833
    endloop
  endfacet
  facet normal 0 -1 0
    outer loop
      vertex 31.548373878002167 -20.500000000000004 27.06872444599867
      vertex 34.7167641967535 -20.500000000000004 26.384024128317833
      vertex 32.20075249671936 -20.500000000000004 28.01794122904539
    endloop
  endfacet
  facet normal 0 -1 0
    outer loop
      vertex 32.20075249671936 -20.500000000000004 28.01794122904539
      vertex 35.400635093450546 -20.500000000000004 27.5
      vertex 32.80255888402462 -20.500000000000004 29
    endloop
  endfacet
  facet normal 0.8241261893741648 0 -0.5664062358304489
    outer loop
      vertex 31.548373878002167 -20.500000000000004 27.06872444599867
      vertex 32.20075249671936 -20.500000000000004 28.01794122904539
      vertex 32.20075249671936 -21.300000000000004 28.01794122904539
    endloop
  endfacet
  facet normal 0.8526401649479972 0 -0.5224985637467838
    outer loop
      vertex 32.20075249671936 -20.500000000000004 28.01794122904539
      vertex 32.80255888402462 -21.300000000000004 29
      vertex 32.20075249671936 -21.300000000000004 28.01794122904539
    endloop
  endfacet
  facet normal 0.8526401649479972 0 -0.5224985637467838
    outer loop
      vertex 32.20075249671936 -20.500000000000004 28.01794122904539
      vertex 32.80255888402462 -20.500000000000004 29
      vertex 32.80255888402462 -21.300000000000004 29
    endloop
  endfacet
  facet normal 0.8788171124223632 0 -0.4771587607009008
    outer loop
      vertex 32.80255888402462 -20.500000000000004 29
      vertex 33.35214353352785 -21.300000000000004 30.012209005653858
      vertex 32.80255888402462 -21.300000000000004 29
    endloop
  endfacet
  facet normal -0.8241261892230821 0 0.5664062360502755
    outer loop
      vertex 33.975424855947495 -20.500000000000004 25.305368691682816
      vertex 33.975424855947495 -21.300000000000004 25.305368691682816
      vertex 34.7167641967535 -20.500000000000004 26.384024128317833
    endloop
  endfacet
  facet normal -0.7933533423666886 0 0.6087614263039369
    outer loop
      vertex 33.1786490380764 -21.300000000000004 24.26699022203684
      vertex 33.975424855947495 -21.300000000000004 25.305368691682816
      vertex 33.975424855947495 -20.500000000000004 25.305368691682816
    endloop
  endfacet
  facet normal -0.8241261892230821 0 0.5664062360502755
    outer loop
      vertex 34.7167641967535 -20.500000000000004 26.384024128317833
      vertex 33.975424855947495 -21.300000000000004 25.305368691682816
      vertex 34.7167641967535 -21.300000000000004 26.384024128317833
    endloop
  endfacet
  facet normal -0.8526401633380409 0 0.522498566373994
    outer loop
      vertex 34.7167641967535 -20.500000000000004 26.384024128317833
      vertex 34.7167641967535 -21.300000000000004 26.384024128317833
      vertex 35.400635093450546 -20.500000000000004 27.5
    endloop
  endfacet
  facet normal -0.8526401633380409 0 0.522498566373994
    outer loop
      vertex 34.7167641967535 -21.300000000000004 26.384024128317833
      vertex 35.400635093450546 -21.300000000000004 27.5
      vertex 35.400635093450546 -20.500000000000004 27.5
    endloop
  endfacet
  facet normal 0 -1 0
    outer loop
      vertex 32.20075249671936 -20.500000000000004 28.01794122904539
      vertex 34.7167641967535 -20.500000000000004 26.384024128317833
      vertex 35.400635093450546 -20.500000000000004 27.5
    endloop
  endfacet
  facet normal 0 -1 0
    outer loop
      vertex 32.80255888402462 -20.500000000000004 29
      vertex 36.02516310662031 -20.500000000000004 28.650237508118153
      vertex 33.35214353352785 -20.500000000000004 30.012209005653858
    endloop
  endfacet
  facet normal 0 -1 0
    outer loop
      vertex 32.80255888402462 -20.500000000000004 29
      vertex 35.400635093450546 -20.500000000000004 27.5
      vertex 36.02516310662031 -20.500000000000004 28.650237508118153
    endloop
  endfacet
  facet normal 0 -1 0
    outer loop
      vertex 33.35214353352785 -20.500000000000004 30.012209005653858
      vertex 36.02516310662031 -20.500000000000004 28.650237508118153
      vertex 36.58863644301891 -20.500000000000004 29.83158392459154
    endloop
  endfacet
  facet normal 0.8788171124223632 -6.024465965008618e-17 -0.4771587607009008
    outer loop
      vertex 32.80255888402462 -20.500000000000004 29
      vertex 33.35214353352785 -20.500000000000004 30.012209005653858
      vertex 33.35214353352785 -21.300000000000004 30.012209005653858
    endloop
  endfacet
  facet normal 0.9025852858375315 0 -0.4305110936893283
    outer loop
      vertex 33.35214353352785 -20.500000000000004 30.012209005653858
      vertex 33.848000064492226 -20.500000000000004 31.051793850958347
      vertex 33.848000064492226 -21.300000000000004 31.051793850958347
    endloop
  endfacet
  facet normal 0.9025852858375315 0 -0.4305110936893283
    outer loop
      vertex 33.35214353352785 -20.500000000000004 30.012209005653858
      vertex 33.848000064492226 -21.300000000000004 31.051793850958347
      vertex 33.35214353352785 -21.300000000000004 30.012209005653858
    endloop
  endfacet
  facet normal 0 -1 0
    outer loop
      vertex 33.35214353352785 -20.500000000000004 30.012209005653858
      vertex 36.58863644301891 -20.500000000000004 29.83158392459154
      vertex 33.848000064492226 -20.500000000000004 31.051793850958347
    endloop
  endfacet
  facet normal 0 -1 0
    outer loop
      vertex 33.848000064492226 -20.500000000000004 31.051793850958347
      vertex 37.089510664343834 -20.500000000000004 31.040801264345646
      vertex 34.288769379258156 -20.500000000000004 32.11590511351824
    endloop
  endfacet
  facet normal 0.9238795331437291 0 -0.3826834308382388
    outer loop
      vertex 33.848000064492226 -20.500000000000004 31.051793850958347
      vertex 34.288769379258156 -20.500000000000004 32.11590511351824
      vertex 34.288769379258156 -21.300000000000004 32.11590511351824
    endloop
  endfacet
  facet normal 0.9238795331437291 0 -0.3826834308382388
    outer loop
      vertex 33.848000064492226 -20.500000000000004 31.051793850958347
      vertex 34.288769379258156 -21.300000000000004 32.11590511351824
      vertex 33.848000064492226 -21.300000000000004 31.051793850958347
    endloop
  endfacet
  facet normal 0 -1 0
    outer loop
      vertex 34.288769379258156 -20.500000000000004 32.11590511351824
      vertex 37.149999998509884 -20.500000000000004 31.21161787956953
      vertex 34.67324335873127 -20.500000000000004 33.20162612199783
    endloop
  endfacet
  facet normal 0.9426414895121018 0 -0.3338068636957694
    outer loop
      vertex 34.288769379258156 -20.500000000000004 32.11590511351824
      vertex 34.67324335873127 -20.500000000000004 33.20162612199783
      vertex 34.67324335873127 -21.300000000000004 33.20162612199783
    endloop
  endfacet
  facet normal 0.9426414895121018 0 -0.3338068636957694
    outer loop
      vertex 34.288769379258156 -20.500000000000004 32.11590511351824
      vertex 34.67324335873127 -21.300000000000004 33.20162612199783
      vertex 34.288769379258156 -21.300000000000004 32.11590511351824
    endloop
  endfacet
  facet normal 0.9588197353299213 0 -0.2840153431451545
    outer loop
      vertex 34.67324335873127 -20.500000000000004 33.20162612199783
      vertex 35.00036817789078 -20.500000000000004 34.30598101019859
      vertex 35.00036817789078 -21.300000000000004 34.30598101019859
    endloop
  endfacet
  facet normal 0.9588197353299213 0 -0.2840153431451545
    outer loop
      vertex 34.67324335873127 -20.500000000000004 33.20162612199783
      vertex 35.00036817789078 -21.300000000000004 34.30598101019859
      vertex 34.67324335873127 -21.300000000000004 33.20162612199783
    endloop
  endfacet
  facet normal 0.9723699195822365 0 -0.23344536725245743
    outer loop
      vertex 35.00036817789078 -20.500000000000004 34.30598101019859
      vertex 35.269247218966484 -20.500000000000004 35.42594280093908
      vertex 35.269247218966484 -21.300000000000004 35.42594280093908
    endloop
  endfacet
  facet normal 0.9723699195822365 0 -0.23344536725245743
    outer loop
      vertex 35.00036817789078 -20.500000000000004 34.30598101019859
      vertex 35.269247218966484 -21.300000000000004 35.42594280093908
      vertex 35.00036817789078 -21.300000000000004 34.30598101019859
    endloop
  endfacet
  facet normal 0.9832549079663214 0 -0.18223552332117093
    outer loop
      vertex 35.269247218966484 -20.500000000000004 35.42594280093908
      vertex 35.47914349287748 -20.500000000000004 36.5584417656064
      vertex 35.47914349287748 -21.300000000000004 36.5584417656064
    endloop
  endfacet
  facet normal 0.9832549079663214 0 -0.18223552332117093
    outer loop
      vertex 35.269247218966484 -20.500000000000004 35.42594280093908
      vertex 35.47914349287748 -21.300000000000004 36.5584417656064
      vertex 35.269247218966484 -21.300000000000004 35.42594280093908
    endloop
  endfacet
  facet normal 1 0 0
    outer loop
      vertex 37.149999998509884 -21.300000000000004 14
      vertex 37.149999998509884 -20.500000000000004 31.21161787956953
      vertex 37.149999998509884 -21.300000000000004 31.21161787956953
    endloop
  endfacet
  facet normal -0.8788171119574059 0 0.4771587615572457
    outer loop
      vertex 35.400635093450546 -20.500000000000004 27.5
      vertex 35.400635093450546 -21.300000000000004 27.5
      vertex 36.02516310662031 -20.500000000000004 28.650237508118153
    endloop
  endfacet
  facet normal -0.8788171119574059 -5.3015300385980845e-17 0.4771587615572457
    outer loop
      vertex 35.400635093450546 -21.300000000000004 27.5
      vertex 36.02516310662031 -21.300000000000004 28.650237508118153
      vertex 36.02516310662031 -20.500000000000004 28.650237508118153
    endloop
  endfacet
  facet normal -0.9025852843201296 0 0.4305110968706276
    outer loop
      vertex 36.02516310662031 -20.500000000000004 28.650237508118153
      vertex 36.02516310662031 -21.300000000000004 28.650237508118153
      vertex 36.58863644301891 -20.500000000000004 29.83158392459154
    endloop
  endfacet
  facet normal -0.9025852843201296 0 0.4305110968706276
    outer loop
      vertex 36.02516310662031 -21.300000000000004 28.650237508118153
      vertex 36.58863644301891 -21.300000000000004 29.83158392459154
      vertex 36.58863644301891 -20.500000000000004 29.83158392459154
    endloop
  endfacet
  facet normal -1 0 0
    outer loop
      vertex 40.350000001490116 -20.500000000000004 14
      vertex 40.350000001490116 -21.300000000000004 14
      vertex 40.350000001490116 -20.500000000000004 54
    endloop
  endfacet
  facet normal 0 -1 0
    outer loop
      vertex 33.848000064492226 -20.500000000000004 31.051793850958347
      vertex 36.58863644301891 -20.500000000000004 29.83158392459154
      vertex 37.089510664343834 -20.500000000000004 31.040801264345646
    endloop
  endfacet
  facet normal 0 -1 0
    outer loop
      vertex 34.288769379258156 -20.500000000000004 32.11590511351824
      vertex 37.089510664343834 -20.500000000000004 31.040801264345646
      vertex 37.149999998509884 -20.500000000000004 31.21161787956953
    endloop
  endfacet
  facet normal -0.9238795326890145 0 0.38268343193601717
    outer loop
      vertex 36.58863644301891 -20.500000000000004 29.83158392459154
      vertex 36.58863644301891 -21.300000000000004 29.83158392459154
      vertex 37.089510664343834 -20.500000000000004 31.040801264345646
    endloop
  endfacet
  facet normal -0.9238795326890145 0 0.38268343193601717
    outer loop
      vertex 37.089510664343834 -20.500000000000004 31.040801264345646
      vertex 36.58863644301891 -21.300000000000004 29.83158392459154
      vertex 37.089510664343834 -21.300000000000004 31.040801264345646
    endloop
  endfacet
  facet normal -0.9426414941857352 0 0.3338068504978357
    outer loop
      vertex 37.089510664343834 -20.500000000000004 31.040801264345646
      vertex 37.089510664343834 -21.300000000000004 31.040801264345646
      vertex 37.149999998509884 -20.500000000000004 31.21161787956953
    endloop
  endfacet
  facet normal -0.9426414941857352 0 0.3338068504978357
    outer loop
      vertex 37.149999998509884 -20.500000000000004 31.21161787956953
      vertex 37.089510664343834 -21.300000000000004 31.040801264345646
      vertex 37.149999998509884 -21.300000000000004 31.21161787956953
    endloop
  endfacet
  facet normal 0 -1 0
    outer loop
      vertex 34.67324335873127 -20.500000000000004 33.20162612199783
      vertex 37.149999998509884 -20.500000000000004 31.21161787956953
      vertex 35.00036817789078 -20.500000000000004 34.30598101019859
    endloop
  endfacet
  facet normal 0 -1 0
    outer loop
      vertex 35.00036817789078 -20.500000000000004 34.30598101019859
      vertex 37.149999998509884 -20.500000000000004 31.21161787956953
      vertex 35.269247218966484 -20.500000000000004 35.42594280093908
    endloop
  endfacet
  facet normal 0 -1 0
    outer loop
      vertex 35.269247218966484 -20.500000000000004 35.42594280093908
      vertex 37.149999998509884 -20.500000000000004 31.21161787956953
      vertex 35.47914349287748 -20.500000000000004 36.5584417656064
    endloop
  endfacet
  facet normal 0 -1 0
    outer loop
      vertex 35.47914349287748 -20.500000000000004 36.5584417656064
      vertex 37.149999998509884 -20.500000000000004 31.21161787956953
      vertex 35.6294816955924 -20.500000000000004 37.70037380605936
    endloop
  endfacet
  facet normal 0 -1 0
    outer loop
      vertex 37.149999998509884 -20.500000000000004 31.21161787956953
      vertex 35.71984976530075 -20.500000000000004 38.84860896319151
      vertex 35.6294816955924 -20.500000000000004 37.70037380605936
    endloop
  endfacet
  facet normal 0 -1 0
    outer loop
      vertex 37.149999998509884 -20.500000000000004 31.21161787956953
      vertex 35.75 -20.500000000000004 40
      vertex 35.71984976530075 -20.500000000000004 38.84860896319151
    endloop
  endfacet
  facet normal 0.9914448616531019 0 -0.1305261900986219
    outer loop
      vertex 35.47914349287748 -20.500000000000004 36.5584417656064
      vertex 35.6294816955924 -21.300000000000004 37.70037380605936
      vertex 35.47914349287748 -21.300000000000004 36.5584417656064
    endloop
  endfacet
  facet normal 0.9914448616531019 0 -0.1305261900986219
    outer loop
      vertex 35.47914349287748 -20.500000000000004 36.5584417656064
      vertex 35.6294816955924 -20.500000000000004 37.70037380605936
      vertex 35.6294816955924 -21.300000000000004 37.70037380605936
    endloop
  endfacet
  facet normal 0.996917333528991 0 -0.07845909832165096
    outer loop
      vertex 35.6294816955924 -20.500000000000004 37.70037380605936
      vertex 35.71984976530075 -21.300000000000004 38.84860896319151
      vertex 35.6294816955924 -21.300000000000004 37.70037380605936
    endloop
  endfacet
  facet normal 0.996917333528991 0 -0.07845909832165096
    outer loop
      vertex 35.6294816955924 -20.500000000000004 37.70037380605936
      vertex 35.71984976530075 -20.500000000000004 38.84860896319151
      vertex 35.71984976530075 -21.300000000000004 38.84860896319151
    endloop
  endfacet
  facet normal 0.9996573249911448 0 -0.026176947712612638
    outer loop
      vertex 35.71984976530075 -20.500000000000004 38.84860896319151
      vertex 35.75 -21.300000000000004 40
      vertex 35.71984976530075 -21.300000000000004 38.84860896319151
    endloop
  endfacet
  facet normal 0 -1 0
    outer loop
      vertex 40.350000001490116 -20.500000000000004 14
      vertex 40.350000001490116 -20.500000000000004 54
      vertex 37.149999998509884 -20.500000000000004 31.21161787956953
    endloop
  endfacet
  facet normal 0.4771587607009008 0 0.8788171124223632
    outer loop
      vertex 24.75 -20.500000000000004 59.05255888402462
      vertex 23.737790994346142 -21.300000000000004 59.60214353352785
      vertex 24.75 -21.300000000000004 59.05255888402462
    endloop
  endfacet
  facet normal 0.5224985637467838 0 0.8526401649479972
    outer loop
      vertex 24.75 -20.500000000000004 59.05255888402462
      vertex 24.75 -21.300000000000004 59.05255888402462
      vertex 25.73205877095461 -20.500000000000004 58.45075249671936
    endloop
  endfacet
  facet normal 0.5224985637467838 0 0.8526401649479972
    outer loop
      vertex 25.73205877095461 -20.500000000000004 58.45075249671936
      vertex 24.75 -21.300000000000004 59.05255888402462
      vertex 25.73205877095461 -21.300000000000004 58.45075249671936
    endloop
  endfacet
  facet normal 0.5664062358304489 0 0.8241261893741648
    outer loop
      vertex 25.73205877095461 -20.500000000000004 58.45075249671936
      vertex 25.73205877095461 -21.300000000000004 58.45075249671936
      vertex 26.68127555400133 -20.500000000000004 57.79837387800217
    endloop
  endfacet
  facet normal 0.5664062358304489 0 0.8241261893741648
    outer loop
      vertex 25.73205877095461 -21.300000000000004 58.45075249671936
      vertex 26.68127555400133 -21.300000000000004 57.79837387800217
      vertex 26.68127555400133 -20.500000000000004 57.79837387800217
    endloop
  endfacet
  facet normal 0.6494480498355258 0 0.7604059643143471
    outer loop
      vertex 27.59504860639572 -21.300000000000004 57.09721115231514
      vertex 28.470873340964317 -21.300000000000004 56.34918615967035
      vertex 28.470873340964317 -20.500000000000004 56.34918615967035
    endloop
  endfacet
  facet normal 0 -1 0
    outer loop
      vertex 25.73205877095461 -20.500000000000004 58.45075249671936
      vertex 26.68127555400133 -20.500000000000004 57.79837387800217
      vertex 28.444631308317184 -20.500000000000004 60.225424855947495
    endloop
  endfacet
  facet normal 0 -1 0
    outer loop
      vertex 26.68127555400133 -20.500000000000004 57.79837387800217
      vertex 27.59504860639572 -20.500000000000004 57.09721115231514
      vertex 29.48300977796316 -20.500000000000004 59.4286490380764
    endloop
  endfacet
  facet normal 0 -1 0
    outer loop
      vertex 26.68127555400133 -20.500000000000004 57.79837387800217
      vertex 29.48300977796316 -20.500000000000004 59.4286490380764
      vertex 28.444631308317184 -20.500000000000004 60.225424855947495
    endloop
  endfacet
  facet normal 0.608761429936015 0 0.7933533395796972
    outer loop
      vertex 26.68127555400133 -20.500000000000004 57.79837387800217
      vertex 26.68127555400133 -21.300000000000004 57.79837387800217
      vertex 27.59504860639572 -20.500000000000004 57.09721115231514
    endloop
  endfacet
  facet normal 0.608761429936015 0 0.7933533395796972
    outer loop
      vertex 27.59504860639572 -20.500000000000004 57.09721115231514
      vertex 26.68127555400133 -21.300000000000004 57.79837387800217
      vertex 27.59504860639572 -21.300000000000004 57.09721115231514
    endloop
  endfacet
  facet normal 0.6494480498355258 0 0.7604059643143471
    outer loop
      vertex 27.59504860639572 -20.500000000000004 57.09721115231514
      vertex 27.59504860639572 -21.300000000000004 57.09721115231514
      vertex 28.470873340964317 -20.500000000000004 56.34918615967035
    endloop
  endfacet
  facet normal 0 -1 0
    outer loop
      vertex 13.75 -20.500000000000004 62
      vertex 15.05839890241623 -20.500000000000004 64.9657383710146
      vertex 13.75 -20.500000000000004 65
    endloop
  endfacet
  facet normal 0 -1 0
    outer loop
      vertex 13.75 -20.500000000000004 62
      vertex 14.90139103680849 -20.500000000000004 61.96984976530075
      vertex 15.05839890241623 -20.500000000000004 64.9657383710146
    endloop
  endfacet
  facet normal 0 -1 0
    outer loop
      vertex 14.90139103680849 -20.500000000000004 61.96984976530075
      vertex 16.363211579620838 -20.500000000000004 64.86304738372564
      vertex 15.05839890241623 -20.500000000000004 64.9657383710146
    endloop
  endfacet
  facet normal 0.026176947712612638 0 0.9996573249911448
    outer loop
      vertex 13.75 -20.500000000000004 62
      vertex 13.75 -21.300000000000004 62
      vertex 14.90139103680849 -20.500000000000004 61.96984976530075
    endloop
  endfacet
  facet normal 0.026176947712612638 0 0.9996573249911448
    outer loop
      vertex 14.90139103680849 -20.500000000000004 61.96984976530075
      vertex 13.75 -21.300000000000004 62
      vertex 14.90139103680849 -21.300000000000004 61.96984976530075
    endloop
  endfacet
  facet normal 0.07845909832165096 0 0.996917333528991
    outer loop
      vertex 14.90139103680849 -20.500000000000004 61.96984976530075
      vertex 14.90139103680849 -21.300000000000004 61.96984976530075
      vertex 16.04962619394064 -20.500000000000004 61.8794816955924
    endloop
  endfacet
  facet normal 0 -1 0
    outer loop
      vertex 14.90139103680849 -20.500000000000004 61.96984976530075
      vertex 16.04962619394064 -20.500000000000004 61.8794816955924
      vertex 16.363211579620838 -20.500000000000004 64.86304738372564
    endloop
  endfacet
  facet normal 0 -1 0
    outer loop
      vertex 16.04962619394064 -20.500000000000004 61.8794816955924
      vertex 17.191558234393597 -20.500000000000004 61.72914349287748
      vertex 17.660861626267433 -20.500000000000004 64.69220851361752
    endloop
  endfacet
  facet normal 0 -1 0
    outer loop
      vertex 16.04962619394064 -20.500000000000004 61.8794816955924
      vertex 17.660861626267433 -20.500000000000004 64.69220851361752
      vertex 16.363211579620838 -20.500000000000004 64.86304738372564
    endloop
  endfacet
  facet normal 0.1305261900986219 0 0.9914448616531019
    outer loop
      vertex 16.04962619394064 -20.500000000000004 61.8794816955924
      vertex 16.04962619394064 -21.300000000000004 61.8794816955924
      vertex 17.191558234393597 -20.500000000000004 61.72914349287748
    endloop
  endfacet
  facet normal 0.07845909832165096 0 0.996917333528991
    outer loop
      vertex 14.90139103680849 -21.300000000000004 61.96984976530075
      vertex 16.04962619394064 -21.300000000000004 61.8794816955924
      vertex 16.04962619394064 -20.500000000000004 61.8794816955924
    endloop
  endfacet
  facet normal 0.1305261900986219 0 0.9914448616531019
    outer loop
      vertex 17.191558234393597 -20.500000000000004 61.72914349287748
      vertex 16.04962619394064 -21.300000000000004 61.8794816955924
      vertex 17.191558234393597 -21.300000000000004 61.72914349287748
    endloop
  endfacet
  facet normal -0.02617694673926488 0 -0.9996573250166328
    outer loop
      vertex 13.75 -20.500000000000004 65
      vertex 15.05839890241623 -20.500000000000004 64.9657383710146
      vertex 15.05839890241623 -21.300000000000004 64.9657383710146
    endloop
  endfacet
  facet normal -0.02617694673926488 0 -0.9996573250166328
    outer loop
      vertex 13.75 -20.500000000000004 65
      vertex 15.05839890241623 -21.300000000000004 64.9657383710146
      vertex 13.75 -21.300000000000004 65
    endloop
  endfacet
  facet normal -0.07845909763113736 0 -0.9969173335833357
    outer loop
      vertex 15.05839890241623 -20.500000000000004 64.9657383710146
      vertex 16.363211579620838 -21.300000000000004 64.86304738372564
      vertex 15.05839890241623 -21.300000000000004 64.9657383710146
    endloop
  endfacet
  facet normal -0.07845909763113736 0 -0.9969173335833357
    outer loop
      vertex 15.05839890241623 -20.500000000000004 64.9657383710146
      vertex 16.363211579620838 -20.500000000000004 64.86304738372564
      vertex 16.363211579620838 -21.300000000000004 64.86304738372564
    endloop
  endfacet
  facet normal -0.13052619257505793 0 -0.9914448613270729
    outer loop
      vertex 16.363211579620838 -20.500000000000004 64.86304738372564
      vertex 17.660861626267433 -20.500000000000004 64.69220851361752
      vertex 17.660861626267433 -21.300000000000004 64.69220851361752
    endloop
  endfacet
  facet normal -0.13052619257505793 0 -0.9914448613270729
    outer loop
      vertex 16.363211579620838 -20.500000000000004 64.86304738372564
      vertex 17.660861626267433 -21.300000000000004 64.69220851361752
      vertex 16.363211579620838 -21.300000000000004 64.86304738372564
    endloop
  endfacet
  facet normal 0.18223552332117093 0 0.9832549079663214
    outer loop
      vertex 17.191558234393597 -20.500000000000004 61.72914349287748
      vertex 17.191558234393597 -21.300000000000004 61.72914349287748
      vertex 18.324057199060917 -20.500000000000004 61.519247218966484
    endloop
  endfacet
  facet normal 0.18223552332117093 0 0.9832549079663214
    outer loop
      vertex 17.191558234393597 -21.300000000000004 61.72914349287748
      vertex 18.324057199060917 -21.300000000000004 61.519247218966484
      vertex 18.324057199060917 -20.500000000000004 61.519247218966484
    endloop
  endfacet
  facet normal 0.23344536725245743 0 0.9723699195822365
    outer loop
      vertex 18.324057199060917 -20.500000000000004 61.519247218966484
      vertex 18.324057199060917 -21.300000000000004 61.519247218966484
      vertex 19.444018989801407 -20.500000000000004 61.25036817789078
    endloop
  endfacet
  facet normal 0.23344536725245743 0 0.9723699195822365
    outer loop
      vertex 18.324057199060917 -21.300000000000004 61.519247218966484
      vertex 19.444018989801407 -21.300000000000004 61.25036817789078
      vertex 19.444018989801407 -20.500000000000004 61.25036817789078
    endloop
  endfacet
  facet normal 0 -1 0
    outer loop
      vertex 17.191558234393597 -20.500000000000004 61.72914349287748
      vertex 18.324057199060917 -20.500000000000004 61.519247218966484
      vertex 18.947792269289494 -20.500000000000004 64.45369001477957
    endloop
  endfacet
  facet normal 0 -1 0
    outer loop
      vertex 17.191558234393597 -20.500000000000004 61.72914349287748
      vertex 18.947792269289494 -20.500000000000004 64.45369001477957
      vertex 17.660861626267433 -20.500000000000004 64.69220851361752
    endloop
  endfacet
  facet normal 0 -1 0
    outer loop
      vertex 18.324057199060917 -20.500000000000004 61.519247218966484
      vertex 20.220476128160954 -20.500000000000004 64.14814566075802
      vertex 18.947792269289494 -20.500000000000004 64.45369001477957
    endloop
  endfacet
  facet normal 0.2840153431451545 0 0.9588197353299213
    outer loop
      vertex 19.444018989801407 -20.500000000000004 61.25036817789078
      vertex 19.444018989801407 -21.300000000000004 61.25036817789078
      vertex 20.548373878002167 -20.500000000000004 60.92324335873127
    endloop
  endfacet
  facet normal 0.3338068636957694 0 0.9426414895121018
    outer loop
      vertex 20.548373878002167 -20.500000000000004 60.92324335873127
      vertex 20.548373878002167 -21.300000000000004 60.92324335873127
      vertex 21.634094886481762 -20.500000000000004 60.538769379258156
    endloop
  endfacet
  facet normal 0.2840153431451545 0 0.9588197353299213
    outer loop
      vertex 20.548373878002167 -20.500000000000004 60.92324335873127
      vertex 19.444018989801407 -21.300000000000004 61.25036817789078
      vertex 20.548373878002167 -21.300000000000004 60.92324335873127
    endloop
  endfacet
  facet normal 0 -1 0
    outer loop
      vertex 18.324057199060917 -20.500000000000004 61.519247218966484
      vertex 19.444018989801407 -20.500000000000004 61.25036817789078
      vertex 20.220476128160954 -20.500000000000004 64.14814566075802
    endloop
  endfacet
  facet normal 0 -1 0
    outer loop
      vertex 19.444018989801407 -20.500000000000004 61.25036817789078
      vertex 20.548373878002167 -20.500000000000004 60.92324335873127
      vertex 21.475424855947495 -20.500000000000004 63.77641290426254
    endloop
  endfacet
  facet normal 0 -1 0
    outer loop
      vertex 19.444018989801407 -20.500000000000004 61.25036817789078
      vertex 21.475424855947495 -20.500000000000004 63.77641290426254
      vertex 20.220476128160954 -20.500000000000004 64.14814566075802
    endloop
  endfacet
  facet normal -0.28401535021046853 0 -0.9588197332370797
    outer loop
      vertex 20.220476128160954 -20.500000000000004 64.14814566075802
      vertex 21.475424855947495 -21.300000000000004 63.77641290426254
      vertex 20.220476128160954 -21.300000000000004 64.14814566075802
    endloop
  endfacet
  facet normal -0.1822355273883658 0 -0.9832549072125112
    outer loop
      vertex 17.660861626267433 -20.500000000000004 64.69220851361752
      vertex 18.947792269289494 -21.300000000000004 64.45369001477957
      vertex 17.660861626267433 -21.300000000000004 64.69220851361752
    endloop
  endfacet
  facet normal -0.1822355273883658 0 -0.9832549072125112
    outer loop
      vertex 17.660861626267433 -20.500000000000004 64.69220851361752
      vertex 18.947792269289494 -20.500000000000004 64.45369001477957
      vertex 18.947792269289494 -21.300000000000004 64.45369001477957
    endloop
  endfacet
  facet normal -0.23344535842523456 0 -0.9723699217014653
    outer loop
      vertex 20.220476128160954 -20.500000000000004 64.14814566075802
      vertex 20.220476128160954 -21.300000000000004 64.14814566075802
      vertex 18.947792269289494 -20.500000000000004 64.45369001477957
    endloop
  endfacet
  facet normal -0.23344535842523456 0 -0.9723699217014653
    outer loop
      vertex 20.220476128160954 -21.300000000000004 64.14814566075802
      vertex 18.947792269289494 -21.300000000000004 64.45369001477957
      vertex 18.947792269289494 -20.500000000000004 64.45369001477957
    endloop
  endfacet
  facet normal 0 -1 0
    outer loop
      vertex 20.548373878002167 -20.500000000000004 60.92324335873127
      vertex 21.634094886481762 -20.500000000000004 60.538769379258156
      vertex 22.709198735654354 -20.500000000000004 63.339510664343834
    endloop
  endfacet
  facet normal 0 -1 0
    outer loop
      vertex 21.634094886481762 -20.500000000000004 60.538769379258156
      vertex 22.698206149041653 -20.500000000000004 60.098000064492226
      vertex 23.91841607540846 -20.500000000000004 62.83863644301891
    endloop
  endfacet
  facet normal 0.3338068636957694 0 0.9426414895121018
    outer loop
      vertex 20.548373878002167 -21.300000000000004 60.92324335873127
      vertex 21.634094886481762 -21.300000000000004 60.538769379258156
      vertex 21.634094886481762 -20.500000000000004 60.538769379258156
    endloop
  endfacet
  facet normal 0.3826834308382388 0 0.9238795331437291
    outer loop
      vertex 21.634094886481762 -20.500000000000004 60.538769379258156
      vertex 21.634094886481762 -21.300000000000004 60.538769379258156
      vertex 22.698206149041653 -20.500000000000004 60.098000064492226
    endloop
  endfacet
  facet normal 0.3826834308382388 0 0.9238795331437291
    outer loop
      vertex 22.698206149041653 -20.500000000000004 60.098000064492226
      vertex 21.634094886481762 -21.300000000000004 60.538769379258156
      vertex 22.698206149041653 -21.300000000000004 60.098000064492226
    endloop
  endfacet
  facet normal 0 -1 0
    outer loop
      vertex 20.548373878002167 -20.500000000000004 60.92324335873127
      vertex 22.709198735654354 -20.500000000000004 63.339510664343834
      vertex 21.475424855947495 -20.500000000000004 63.77641290426254
    endloop
  endfacet
  facet normal 0 -1 0
    outer loop
      vertex 21.634094886481762 -20.500000000000004 60.538769379258156
      vertex 23.91841607540846 -20.500000000000004 62.83863644301891
      vertex 22.709198735654354 -20.500000000000004 63.339510664343834
    endloop
  endfacet
  facet normal -0.28401535021046853 0 -0.9588197332370797
    outer loop
      vertex 20.220476128160954 -20.500000000000004 64.14814566075802
      vertex 21.475424855947495 -20.500000000000004 63.77641290426254
      vertex 21.475424855947495 -21.300000000000004 63.77641290426254
    endloop
  endfacet
  facet normal -0.33380685571114566 0 -0.9426414923396055
    outer loop
      vertex 21.475424855947495 -20.500000000000004 63.77641290426254
      vertex 22.709198735654354 -21.300000000000004 63.339510664343834
      vertex 21.475424855947495 -21.300000000000004 63.77641290426254
    endloop
  endfacet
  facet normal -0.33380685571114566 0 -0.9426414923396055
    outer loop
      vertex 21.475424855947495 -20.500000000000004 63.77641290426254
      vertex 22.709198735654354 -20.500000000000004 63.339510664343834
      vertex 22.709198735654354 -21.300000000000004 63.339510664343834
    endloop
  endfacet
  facet normal 0 -1 0
    outer loop
      vertex 22.698206149041653 -20.500000000000004 60.098000064492226
      vertex 23.737790994346142 -20.500000000000004 59.60214353352785
      vertex 25.099762491881847 -20.500000000000004 62.27516310662031
    endloop
  endfacet
  facet normal 0.4305110936893283 0 0.9025852858375315
    outer loop
      vertex 22.698206149041653 -20.500000000000004 60.098000064492226
      vertex 22.698206149041653 -21.300000000000004 60.098000064492226
      vertex 23.737790994346142 -20.500000000000004 59.60214353352785
    endloop
  endfacet
  facet normal 0.4305110936893283 0 0.9025852858375315
    outer loop
      vertex 22.698206149041653 -21.300000000000004 60.098000064492226
      vertex 23.737790994346142 -21.300000000000004 59.60214353352785
      vertex 23.737790994346142 -20.500000000000004 59.60214353352785
    endloop
  endfacet
  facet normal 0.4771587607009008 6.024465965008618e-17 0.8788171124223632
    outer loop
      vertex 24.75 -20.500000000000004 59.05255888402462
      vertex 23.737790994346142 -20.500000000000004 59.60214353352785
      vertex 23.737790994346142 -21.300000000000004 59.60214353352785
    endloop
  endfacet
  facet normal 0 -1 0
    outer loop
      vertex 22.698206149041653 -20.500000000000004 60.098000064492226
      vertex 25.099762491881847 -20.500000000000004 62.27516310662031
      vertex 23.91841607540846 -20.500000000000004 62.83863644301891
    endloop
  endfacet
  facet normal -0.38268343193601717 0 -0.9238795326890145
    outer loop
      vertex 22.709198735654354 -20.500000000000004 63.339510664343834
      vertex 23.91841607540846 -20.500000000000004 62.83863644301891
      vertex 23.91841607540846 -21.300000000000004 62.83863644301891
    endloop
  endfacet
  facet normal -0.38268343193601717 0 -0.9238795326890145
    outer loop
      vertex 22.709198735654354 -20.500000000000004 63.339510664343834
      vertex 23.91841607540846 -21.300000000000004 62.83863644301891
      vertex 22.709198735654354 -21.300000000000004 63.339510664343834
    endloop
  endfacet
  facet normal -0.4305110968706276 0 -0.9025852843201296
    outer loop
      vertex 23.91841607540846 -20.500000000000004 62.83863644301891
      vertex 25.099762491881847 -21.300000000000004 62.27516310662031
      vertex 23.91841607540846 -21.300000000000004 62.83863644301891
    endloop
  endfacet
  facet normal 0.5144957554275266 0 0.8574929257125442
    outer loop
      vertex 22.75 -20.500000000000004 69
      vertex 22.75 -21.300000000000004 69
      vertex 27.75 -20.500000000000004 66
    endloop
  endfacet
  facet normal 0 -1 0
    outer loop
      vertex 24.75 -20.500000000000004 59.05255888402462
      vertex 26.25 -20.500000000000004 61.650635093450546
      vertex 23.737790994346142 -20.500000000000004 59.60214353352785
    endloop
  endfacet
  facet normal 0 -1 0
    outer loop
      vertex 23.737790994346142 -20.500000000000004 59.60214353352785
      vertex 26.25 -20.500000000000004 61.650635093450546
      vertex 25.099762491881847 -20.500000000000004 62.27516310662031
    endloop
  endfacet
  facet normal 0 -1 0
    outer loop
      vertex 24.75 -20.500000000000004 59.05255888402462
      vertex 25.73205877095461 -20.500000000000004 58.45075249671936
      vertex 27.365975871682167 -20.500000000000004 60.9667641967535
    endloop
  endfacet
  facet normal 0 -1 0
    outer loop
      vertex 24.75 -20.500000000000004 59.05255888402462
      vertex 27.365975871682167 -20.500000000000004 60.9667641967535
      vertex 26.25 -20.500000000000004 61.650635093450546
    endloop
  endfacet
  facet normal -0.4305110968706276 0 -0.9025852843201296
    outer loop
      vertex 23.91841607540846 -20.500000000000004 62.83863644301891
      vertex 25.099762491881847 -20.500000000000004 62.27516310662031
      vertex 25.099762491881847 -21.300000000000004 62.27516310662031
    endloop
  endfacet
  facet normal -0.4771587615572457 5.3015300385980845e-17 -0.8788171119574059
    outer loop
      vertex 26.25 -21.300000000000004 61.650635093450546
      vertex 25.099762491881847 -21.300000000000004 62.27516310662031
      vertex 25.099762491881847 -20.500000000000004 62.27516310662031
    endloop
  endfacet
  facet normal -0.4771587615572457 0 -0.8788171119574059
    outer loop
      vertex 26.25 -20.500000000000004 61.650635093450546
      vertex 26.25 -21.300000000000004 61.650635093450546
      vertex 25.099762491881847 -20.500000000000004 62.27516310662031
    endloop
  endfacet
  facet normal 0 -1 0
    outer loop
      vertex 25.73205877095461 -20.500000000000004 58.45075249671936
      vertex 28.444631308317184 -20.500000000000004 60.225424855947495
      vertex 27.365975871682167 -20.500000000000004 60.9667641967535
    endloop
  endfacet
  facet normal -0.522498566373994 0 -0.8526401633380409
    outer loop
      vertex 26.25 -20.500000000000004 61.650635093450546
      vertex 27.365975871682167 -20.500000000000004 60.9667641967535
      vertex 27.365975871682167 -21.300000000000004 60.9667641967535
    endloop
  endfacet
  facet normal -0.522498566373994 0 -0.8526401633380409
    outer loop
      vertex 26.25 -20.500000000000004 61.650635093450546
      vertex 27.365975871682167 -21.300000000000004 60.9667641967535
      vertex 26.25 -21.300000000000004 61.650635093450546
    endloop
  endfacet
  facet normal -0.5664062360502755 0 -0.8241261892230821
    outer loop
      vertex 27.365975871682167 -20.500000000000004 60.9667641967535
      vertex 28.444631308317184 -20.500000000000004 60.225424855947495
      vertex 28.444631308317184 -21.300000000000004 60.225424855947495
    endloop
  endfacet
  facet normal -0.5664062360502755 0 -0.8241261892230821
    outer loop
      vertex 27.365975871682167 -20.500000000000004 60.9667641967535
      vertex 28.444631308317184 -21.300000000000004 60.225424855947495
      vertex 27.365975871682167 -21.300000000000004 60.9667641967535
    endloop
  endfacet
  facet normal 0.5144957554275266 0 0.8574929257125442
    outer loop
      vertex 22.75 -21.300000000000004 69
      vertex 27.75 -21.300000000000004 66
      vertex 27.75 -20.500000000000004 66
    endloop
  endfacet
  facet normal 0 0 -1
    outer loop
      vertex 22.75 -20.500000000000004 69
      vertex 33.53489679957812 -21.300000000000004 69
      vertex 22.75 -21.300000000000004 69
    endloop
  endfacet
  facet normal 0 -1 0
    outer loop
      vertex 22.75 -20.500000000000004 69
      vertex 27.75 -20.500000000000004 66
      vertex 33.53489679957812 -20.500000000000004 69
    endloop
  endfacet
  facet normal 0.9832549079663214 0 0.18223552332117093
    outer loop
      vertex 35.47914349287748 -20.500000000000004 43.4415582343936
      vertex 35.269247218966484 -20.500000000000004 44.57405719906092
      vertex 35.269247218966484 -21.300000000000004 44.57405719906092
    endloop
  endfacet
  facet normal 0.9832549079663214 0 0.18223552332117093
    outer loop
      vertex 35.47914349287748 -20.500000000000004 43.4415582343936
      vertex 35.269247218966484 -21.300000000000004 44.57405719906092
      vertex 35.47914349287748 -21.300000000000004 43.4415582343936
    endloop
  endfacet
  facet normal 0.9025852858375315 0 0.4305110936893283
    outer loop
      vertex 33.848000064492226 -20.500000000000004 48.94820614904165
      vertex 33.35214353352785 -21.300000000000004 49.98779099434614
      vertex 33.848000064492226 -21.300000000000004 48.94820614904165
    endloop
  endfacet
  facet normal 0.9723699195822365 0 0.23344536725245743
    outer loop
      vertex 35.269247218966484 -20.500000000000004 44.57405719906092
      vertex 35.00036817789078 -20.500000000000004 45.69401898980141
      vertex 35.00036817789078 -21.300000000000004 45.69401898980141
    endloop
  endfacet
  facet normal 0.9723699195822365 0 0.23344536725245743
    outer loop
      vertex 35.269247218966484 -20.500000000000004 44.57405719906092
      vertex 35.00036817789078 -21.300000000000004 45.69401898980141
      vertex 35.269247218966484 -21.300000000000004 44.57405719906092
    endloop
  endfacet
  facet normal 0.9588197353299213 0 0.2840153431451545
    outer loop
      vertex 35.00036817789078 -20.500000000000004 45.69401898980141
      vertex 34.67324335873127 -20.500000000000004 46.79837387800217
      vertex 34.67324335873127 -21.300000000000004 46.79837387800217
    endloop
  endfacet
  facet normal 0.9588197353299213 0 0.2840153431451545
    outer loop
      vertex 35.00036817789078 -20.500000000000004 45.69401898980141
      vertex 34.67324335873127 -21.300000000000004 46.79837387800217
      vertex 35.00036817789078 -21.300000000000004 45.69401898980141
    endloop
  endfacet
  facet normal 0 -1 0
    outer loop
      vertex 34.67324335873127 -20.500000000000004 46.79837387800217
      vertex 37.149999998509884 -20.500000000000004 48.78838212043047
      vertex 34.288769379258156 -20.500000000000004 47.88409488648176
    endloop
  endfacet
  facet normal 0 -1 0
    outer loop
      vertex 34.288769379258156 -20.500000000000004 47.88409488648176
      vertex 37.089510664343834 -20.500000000000004 48.959198735654354
      vertex 33.848000064492226 -20.500000000000004 48.94820614904165
    endloop
  endfacet
  facet normal 0.9426414895121018 0 0.3338068636957694
    outer loop
      vertex 34.67324335873127 -20.500000000000004 46.79837387800217
      vertex 34.288769379258156 -20.500000000000004 47.88409488648176
      vertex 34.288769379258156 -21.300000000000004 47.88409488648176
    endloop
  endfacet
  facet normal 0.9426414895121018 0 0.3338068636957694
    outer loop
      vertex 34.67324335873127 -20.500000000000004 46.79837387800217
      vertex 34.288769379258156 -21.300000000000004 47.88409488648176
      vertex 34.67324335873127 -21.300000000000004 46.79837387800217
    endloop
  endfacet
  facet normal 0.9238795331437291 0 0.3826834308382388
    outer loop
      vertex 34.288769379258156 -20.500000000000004 47.88409488648176
      vertex 33.848000064492226 -20.500000000000004 48.94820614904165
      vertex 33.848000064492226 -21.300000000000004 48.94820614904165
    endloop
  endfacet
  facet normal 0.9238795331437291 0 0.3826834308382388
    outer loop
      vertex 34.288769379258156 -20.500000000000004 47.88409488648176
      vertex 33.848000064492226 -21.300000000000004 48.94820614904165
      vertex 34.288769379258156 -21.300000000000004 47.88409488648176
    endloop
  endfacet
  facet normal 0.7604059643143471 0 0.6494480498355258
    outer loop
      vertex 30.84721115231514 -20.500000000000004 53.84504860639572
      vertex 30.099186159670353 -21.300000000000004 54.72087334096432
      vertex 30.84721115231514 -21.300000000000004 53.84504860639572
    endloop
  endfacet
  facet normal 0.8241261893741648 0 0.5664062358304489
    outer loop
      vertex 31.548373878002167 -20.500000000000004 52.93127555400133
      vertex 31.548373878002167 -21.300000000000004 52.93127555400133
      vertex 32.20075249671936 -20.500000000000004 51.98205877095461
    endloop
  endfacet
  facet normal 0.7933533395796972 0 0.608761429936015
    outer loop
      vertex 30.84721115231514 -20.500000000000004 53.84504860639572
      vertex 30.84721115231514 -21.300000000000004 53.84504860639572
      vertex 31.548373878002167 -20.500000000000004 52.93127555400133
    endloop
  endfacet
  facet normal 0.7933533395796972 0 0.608761429936015
    outer loop
      vertex 31.548373878002167 -20.500000000000004 52.93127555400133
      vertex 30.84721115231514 -21.300000000000004 53.84504860639572
      vertex 31.548373878002167 -21.300000000000004 52.93127555400133
    endloop
  endfacet
  facet normal 0 -1 0
    outer loop
      vertex 28.470873340964317 -20.500000000000004 56.34918615967035
      vertex 29.30634918808937 -20.500000000000004 55.55634918808937
      vertex 31.427669532597065 -20.500000000000004 57.677669532597065
    endloop
  endfacet
  facet normal 0.6883545740095245 0 0.7253743726105618
    outer loop
      vertex 28.470873340964317 -20.500000000000004 56.34918615967035
      vertex 28.470873340964317 -21.300000000000004 56.34918615967035
      vertex 29.30634918808937 -20.500000000000004 55.55634918808937
    endloop
  endfacet
  facet normal 0.6883545740095245 0 0.7253743726105618
    outer loop
      vertex 29.30634918808937 -20.500000000000004 55.55634918808937
      vertex 28.470873340964317 -21.300000000000004 56.34918615967035
      vertex 29.30634918808937 -21.300000000000004 55.55634918808937
    endloop
  endfacet
  facet normal 0.7253743726105618 0 0.6883545740095245
    outer loop
      vertex 29.30634918808937 -20.500000000000004 55.55634918808937
      vertex 29.30634918808937 -21.300000000000004 55.55634918808937
      vertex 30.099186159670353 -20.500000000000004 54.72087334096432
    endloop
  endfacet
  facet normal 0.7253743726105618 0 0.6883545740095245
    outer loop
      vertex 29.30634918808937 -21.300000000000004 55.55634918808937
      vertex 30.099186159670353 -21.300000000000004 54.72087334096432
      vertex 30.099186159670353 -20.500000000000004 54.72087334096432
    endloop
  endfacet
  facet normal 0 -1 0
    outer loop
      vertex 27.59504860639572 -20.500000000000004 57.09721115231514
      vertex 28.470873340964317 -20.500000000000004 56.34918615967035
      vertex 30.478265158832073 -20.500000000000004 58.57862063497305
    endloop
  endfacet
  facet normal 0 -1 0
    outer loop
      vertex 27.59504860639572 -20.500000000000004 57.09721115231514
      vertex 30.478265158832073 -20.500000000000004 58.57862063497305
      vertex 29.48300977796316 -20.500000000000004 59.4286490380764
    endloop
  endfacet
  facet normal -0.6494480506272539 0 -0.7604059636381475
    outer loop
      vertex 30.478265158832073 -21.300000000000004 58.57862063497305
      vertex 29.48300977796316 -21.300000000000004 59.4286490380764
      vertex 29.48300977796316 -20.500000000000004 59.4286490380764
    endloop
  endfacet
  facet normal 0 -1 0
    outer loop
      vertex 29.30634918808937 -20.500000000000004 55.55634918808937
      vertex 30.099186159670353 -20.500000000000004 54.72087334096432
      vertex 32.32862063497305 -20.500000000000004 56.72826515883207
    endloop
  endfacet
  facet normal 0 -1 0
    outer loop
      vertex 30.84721115231514 -20.500000000000004 53.84504860639572
      vertex 33.1786490380764 -20.500000000000004 55.73300977796316
      vertex 30.099186159670353 -20.500000000000004 54.72087334096432
    endloop
  endfacet
  facet normal 0 -1 0
    outer loop
      vertex 29.30634918808937 -20.500000000000004 55.55634918808937
      vertex 32.32862063497305 -20.500000000000004 56.72826515883207
      vertex 31.427669532597065 -20.500000000000004 57.677669532597065
    endloop
  endfacet
  facet normal 0 -1 0
    outer loop
      vertex 30.099186159670353 -20.500000000000004 54.72087334096432
      vertex 33.1786490380764 -20.500000000000004 55.73300977796316
      vertex 32.32862063497305 -20.500000000000004 56.72826515883207
    endloop
  endfacet
  facet normal 0.7604059643143471 0 0.6494480498355258
    outer loop
      vertex 30.84721115231514 -20.500000000000004 53.84504860639572
      vertex 30.099186159670353 -20.500000000000004 54.72087334096432
      vertex 30.099186159670353 -21.300000000000004 54.72087334096432
    endloop
  endfacet
  facet normal 0 -1 0
    outer loop
      vertex 28.470873340964317 -20.500000000000004 56.34918615967035
      vertex 31.427669532597065 -20.500000000000004 57.677669532597065
      vertex 30.478265158832073 -20.500000000000004 58.57862063497305
    endloop
  endfacet
  facet normal -0.6494480506272539 0 -0.7604059636381475
    outer loop
      vertex 30.478265158832073 -20.500000000000004 58.57862063497305
      vertex 30.478265158832073 -21.300000000000004 58.57862063497305
      vertex 29.48300977796316 -20.500000000000004 59.4286490380764
    endloop
  endfacet
  facet normal -0.688354572553615 0 -0.7253743739921683
    outer loop
      vertex 30.478265158832073 -20.500000000000004 58.57862063497305
      vertex 31.427669532597065 -21.300000000000004 57.677669532597065
      vertex 30.478265158832073 -21.300000000000004 58.57862063497305
    endloop
  endfacet
  facet normal -0.688354572553615 0 -0.7253743739921683
    outer loop
      vertex 30.478265158832073 -20.500000000000004 58.57862063497305
      vertex 31.427669532597065 -20.500000000000004 57.677669532597065
      vertex 31.427669532597065 -21.300000000000004 57.677669532597065
    endloop
  endfacet
  facet normal -0.7253743739921683 0 -0.688354572553615
    outer loop
      vertex 31.427669532597065 -20.500000000000004 57.677669532597065
      vertex 32.32862063497305 -21.300000000000004 56.72826515883207
      vertex 31.427669532597065 -21.300000000000004 57.677669532597065
    endloop
  endfacet
  facet normal 0 -1 0
    outer loop
      vertex 32.80255888402462 -20.500000000000004 51
      vertex 35.400635093450546 -20.500000000000004 52.5
      vertex 32.20075249671936 -20.500000000000004 51.98205877095461
    endloop
  endfacet
  facet normal 0.8526401649479972 0 0.5224985637467838
    outer loop
      vertex 32.80255888402462 -20.500000000000004 51
      vertex 32.20075249671936 -20.500000000000004 51.98205877095461
      vertex 32.20075249671936 -21.300000000000004 51.98205877095461
    endloop
  endfacet
  facet normal 0.8526401649479972 0 0.5224985637467838
    outer loop
      vertex 32.80255888402462 -20.500000000000004 51
      vertex 32.20075249671936 -21.300000000000004 51.98205877095461
      vertex 32.80255888402462 -21.300000000000004 51
    endloop
  endfacet
  facet normal 0.9025852858375315 0 0.4305110936893283
    outer loop
      vertex 33.848000064492226 -20.500000000000004 48.94820614904165
      vertex 33.35214353352785 -20.500000000000004 49.98779099434614
      vertex 33.35214353352785 -21.300000000000004 49.98779099434614
    endloop
  endfacet
  facet normal 0.8788171124223632 0 0.4771587607009008
    outer loop
      vertex 33.35214353352785 -20.500000000000004 49.98779099434614
      vertex 32.80255888402462 -21.300000000000004 51
      vertex 33.35214353352785 -21.300000000000004 49.98779099434614
    endloop
  endfacet
  facet normal 0.8788171124223632 6.024465965008618e-17 0.4771587607009008
    outer loop
      vertex 33.35214353352785 -20.500000000000004 49.98779099434614
      vertex 32.80255888402462 -20.500000000000004 51
      vertex 32.80255888402462 -21.300000000000004 51
    endloop
  endfacet
  facet normal 0 -1 0
    outer loop
      vertex 30.84721115231514 -20.500000000000004 53.84504860639572
      vertex 31.548373878002167 -20.500000000000004 52.93127555400133
      vertex 33.975424855947495 -20.500000000000004 54.694631308317184
    endloop
  endfacet
  facet normal 0 -1 0
    outer loop
      vertex 31.548373878002167 -20.500000000000004 52.93127555400133
      vertex 32.20075249671936 -20.500000000000004 51.98205877095461
      vertex 34.7167641967535 -20.500000000000004 53.61597587168217
    endloop
  endfacet
  facet normal 0 -1 0
    outer loop
      vertex 31.548373878002167 -20.500000000000004 52.93127555400133
      vertex 34.7167641967535 -20.500000000000004 53.61597587168217
      vertex 33.975424855947495 -20.500000000000004 54.694631308317184
    endloop
  endfacet
  facet normal 0.8241261893741648 0 0.5664062358304489
    outer loop
      vertex 31.548373878002167 -21.300000000000004 52.93127555400133
      vertex 32.20075249671936 -21.300000000000004 51.98205877095461
      vertex 32.20075249671936 -20.500000000000004 51.98205877095461
    endloop
  endfacet
  facet normal 0 -1 0
    outer loop
      vertex 33.35214353352785 -20.500000000000004 49.98779099434614
      vertex 36.02516310662031 -20.500000000000004 51.34976249188185
      vertex 32.80255888402462 -20.500000000000004 51
    endloop
  endfacet
  facet normal 0 -1 0
    outer loop
      vertex 33.848000064492226 -20.500000000000004 48.94820614904165
      vertex 36.58863644301891 -20.500000000000004 50.16841607540846
      vertex 33.35214353352785 -20.500000000000004 49.98779099434614
    endloop
  endfacet
  facet normal 0 -1 0
    outer loop
      vertex 33.35214353352785 -20.500000000000004 49.98779099434614
      vertex 36.58863644301891 -20.500000000000004 50.16841607540846
      vertex 36.02516310662031 -20.500000000000004 51.34976249188185
    endloop
  endfacet
  facet normal 0 -1 0
    outer loop
      vertex 32.80255888402462 -20.500000000000004 51
      vertex 36.02516310662031 -20.500000000000004 51.34976249188185
      vertex 35.400635093450546 -20.500000000000004 52.5
    endloop
  endfacet
  facet normal 0 -1 0
    outer loop
      vertex 32.20075249671936 -20.500000000000004 51.98205877095461
      vertex 35.400635093450546 -20.500000000000004 52.5
      vertex 34.7167641967535 -20.500000000000004 53.61597587168217
    endloop
  endfacet
  facet normal -0.8241261892230821 0 -0.5664062360502755
    outer loop
      vertex 34.7167641967535 -20.500000000000004 53.61597587168217
      vertex 34.7167641967535 -21.300000000000004 53.61597587168217
      vertex 33.975424855947495 -20.500000000000004 54.694631308317184
    endloop
  endfacet
  facet normal -0.8526401633380409 0 -0.522498566373994
    outer loop
      vertex 35.400635093450546 -20.500000000000004 52.5
      vertex 35.400635093450546 -21.300000000000004 52.5
      vertex 34.7167641967535 -20.500000000000004 53.61597587168217
    endloop
  endfacet
  facet normal -0.8526401633380409 0 -0.522498566373994
    outer loop
      vertex 34.7167641967535 -20.500000000000004 53.61597587168217
      vertex 35.400635093450546 -21.300000000000004 52.5
      vertex 34.7167641967535 -21.300000000000004 53.61597587168217
    endloop
  endfacet
  facet normal 0 -1 0
    outer loop
      vertex 30.84721115231514 -20.500000000000004 53.84504860639572
      vertex 33.975424855947495 -20.500000000000004 54.694631308317184
      vertex 33.1786490380764 -20.500000000000004 55.73300977796316
    endloop
  endfacet
  facet normal -0.7604059636381475 0 -0.6494480506272539
    outer loop
      vertex 32.32862063497305 -20.500000000000004 56.72826515883207
      vertex 33.1786490380764 -21.300000000000004 55.73300977796316
      vertex 32.32862063497305 -21.300000000000004 56.72826515883207
    endloop
  endfacet
  facet normal -0.7933533423666886 0 -0.6087614263039369
    outer loop
      vertex 33.1786490380764 -20.500000000000004 55.73300977796316
      vertex 33.975424855947495 -21.300000000000004 54.694631308317184
      vertex 33.1786490380764 -21.300000000000004 55.73300977796316
    endloop
  endfacet
  facet normal -0.7604059636381475 0 -0.6494480506272539
    outer loop
      vertex 32.32862063497305 -20.500000000000004 56.72826515883207
      vertex 33.1786490380764 -20.500000000000004 55.73300977796316
      vertex 33.1786490380764 -21.300000000000004 55.73300977796316
    endloop
  endfacet
  facet normal -0.7253743739921683 0 -0.688354572553615
    outer loop
      vertex 31.427669532597065 -20.500000000000004 57.677669532597065
      vertex 32.32862063497305 -20.500000000000004 56.72826515883207
      vertex 32.32862063497305 -21.300000000000004 56.72826515883207
    endloop
  endfacet
  facet normal -0.7933533423666886 0 -0.6087614263039369
    outer loop
      vertex 33.1786490380764 -20.500000000000004 55.73300977796316
      vertex 33.975424855947495 -20.500000000000004 54.694631308317184
      vertex 33.975424855947495 -21.300000000000004 54.694631308317184
    endloop
  endfacet
  facet normal -0.8241261892230821 0 -0.5664062360502755
    outer loop
      vertex 34.7167641967535 -21.300000000000004 53.61597587168217
      vertex 33.975424855947495 -21.300000000000004 54.694631308317184
      vertex 33.975424855947495 -20.500000000000004 54.694631308317184
    endloop
  endfacet
  facet normal 0.9996573249911448 0 -0.026176947712612638
    outer loop
      vertex 35.71984976530075 -20.500000000000004 38.84860896319151
      vertex 35.75 -20.500000000000004 40
      vertex 35.75 -21.300000000000004 40
    endloop
  endfacet
  facet normal 0.9996573249911448 0 0.026176947712612638
    outer loop
      vertex 35.75 -20.500000000000004 40
      vertex 35.71984976530075 -21.300000000000004 41.15139103680849
      vertex 35.75 -21.300000000000004 40
    endloop
  endfacet
  facet normal 0.9996573249911448 0 0.026176947712612638
    outer loop
      vertex 35.75 -20.500000000000004 40
      vertex 35.71984976530075 -20.500000000000004 41.15139103680849
      vertex 35.71984976530075 -21.300000000000004 41.15139103680849
    endloop
  endfacet
  facet normal 0.996917333528991 0 0.07845909832165096
    outer loop
      vertex 35.71984976530075 -20.500000000000004 41.15139103680849
      vertex 35.6294816955924 -20.500000000000004 42.29962619394064
      vertex 35.6294816955924 -21.300000000000004 42.29962619394064
    endloop
  endfacet
  facet normal 0.996917333528991 0 0.07845909832165096
    outer loop
      vertex 35.71984976530075 -20.500000000000004 41.15139103680849
      vertex 35.6294816955924 -21.300000000000004 42.29962619394064
      vertex 35.71984976530075 -21.300000000000004 41.15139103680849
    endloop
  endfacet
  facet normal 0 -1 0
    outer loop
      vertex 35.75 -20.500000000000004 40
      vertex 37.149999998509884 -20.500000000000004 48.78838212043047
      vertex 35.71984976530075 -20.500000000000004 41.15139103680849
    endloop
  endfacet
  facet normal 0 -1 0
    outer loop
      vertex 35.71984976530075 -20.500000000000004 41.15139103680849
      vertex 37.149999998509884 -20.500000000000004 48.78838212043047
      vertex 35.6294816955924 -20.500000000000004 42.29962619394064
    endloop
  endfacet
  facet normal 0.9914448616531019 0 0.1305261900986219
    outer loop
      vertex 35.47914349287748 -20.500000000000004 43.4415582343936
      vertex 35.47914349287748 -21.300000000000004 43.4415582343936
      vertex 35.6294816955924 -20.500000000000004 42.29962619394064
    endloop
  endfacet
  facet normal 0.9914448616531019 0 0.1305261900986219
    outer loop
      vertex 35.47914349287748 -21.300000000000004 43.4415582343936
      vertex 35.6294816955924 -21.300000000000004 42.29962619394064
      vertex 35.6294816955924 -20.500000000000004 42.29962619394064
    endloop
  endfacet
  facet normal 0 -1 0
    outer loop
      vertex 37.149999998509884 -20.500000000000004 31.21161787956953
      vertex 40.350000001490116 -20.500000000000004 54
      vertex 35.75 -20.500000000000004 40
    endloop
  endfacet
  facet normal 0 -1 0
    outer loop
      vertex 35.47914349287748 -20.500000000000004 43.4415582343936
      vertex 35.6294816955924 -20.500000000000004 42.29962619394064
      vertex 37.149999998509884 -20.500000000000004 48.78838212043047
    endloop
  endfacet
  facet normal 0 -1 0
    outer loop
      vertex 35.47914349287748 -20.500000000000004 43.4415582343936
      vertex 37.149999998509884 -20.500000000000004 48.78838212043047
      vertex 35.269247218966484 -20.500000000000004 44.57405719906092
    endloop
  endfacet
  facet normal 0 -1 0
    outer loop
      vertex 35.269247218966484 -20.500000000000004 44.57405719906092
      vertex 37.149999998509884 -20.500000000000004 48.78838212043047
      vertex 35.00036817789078 -20.500000000000004 45.69401898980141
    endloop
  endfacet
  facet normal 0 -1 0
    outer loop
      vertex 35.00036817789078 -20.500000000000004 45.69401898980141
      vertex 37.149999998509884 -20.500000000000004 48.78838212043047
      vertex 34.67324335873127 -20.500000000000004 46.79837387800217
    endloop
  endfacet
  facet normal 0 -1 0
    outer loop
      vertex 33.848000064492226 -20.500000000000004 48.94820614904165
      vertex 37.089510664343834 -20.500000000000004 48.959198735654354
      vertex 36.58863644301891 -20.500000000000004 50.16841607540846
    endloop
  endfacet
  facet normal 0 -1 0
    outer loop
      vertex 34.288769379258156 -20.500000000000004 47.88409488648176
      vertex 37.149999998509884 -20.500000000000004 48.78838212043047
      vertex 37.089510664343834 -20.500000000000004 48.959198735654354
    endloop
  endfacet
  facet normal -0.9238795326890145 0 -0.38268343193601717
    outer loop
      vertex 37.089510664343834 -20.500000000000004 48.959198735654354
      vertex 37.089510664343834 -21.300000000000004 48.959198735654354
      vertex 36.58863644301891 -20.500000000000004 50.16841607540846
    endloop
  endfacet
  facet normal -0.9426414941857352 0 -0.3338068504978357
    outer loop
      vertex 37.149999998509884 -20.500000000000004 48.78838212043047
      vertex 37.149999998509884 -21.300000000000004 48.78838212043047
      vertex 37.089510664343834 -20.500000000000004 48.959198735654354
    endloop
  endfacet
  facet normal -0.9426414941857352 0 -0.3338068504978357
    outer loop
      vertex 37.089510664343834 -20.500000000000004 48.959198735654354
      vertex 37.149999998509884 -21.300000000000004 48.78838212043047
      vertex 37.089510664343834 -21.300000000000004 48.959198735654354
    endloop
  endfacet
  facet normal 0 -1 0
    outer loop
      vertex 35.75 -20.500000000000004 40
      vertex 40.350000001490116 -20.500000000000004 54
      vertex 37.149999998509884 -20.500000000000004 48.78838212043047
    endloop
  endfacet
  facet normal -1 0 0
    outer loop
      vertex 40.350000001490116 -21.300000000000004 14
      vertex 40.350000001490116 -21.300000000000004 54
      vertex 40.350000001490116 -20.500000000000004 54
    endloop
  endfacet
  facet normal -0.9025852843201296 0 -0.4305110968706276
    outer loop
      vertex 36.02516310662031 -20.500000000000004 51.34976249188185
      vertex 36.58863644301891 -20.500000000000004 50.16841607540846
      vertex 36.58863644301891 -21.300000000000004 50.16841607540846
    endloop
  endfacet
  facet normal -0.8788171119574059 5.3015300385980845e-17 -0.4771587615572457
    outer loop
      vertex 35.400635093450546 -20.500000000000004 52.5
      vertex 36.02516310662031 -20.500000000000004 51.34976249188185
      vertex 36.02516310662031 -21.300000000000004 51.34976249188185
    endloop
  endfacet
  facet normal -0.9025852843201296 0 -0.4305110968706276
    outer loop
      vertex 36.02516310662031 -20.500000000000004 51.34976249188185
      vertex 36.58863644301891 -21.300000000000004 50.16841607540846
      vertex 36.02516310662031 -21.300000000000004 51.34976249188185
    endloop
  endfacet
  facet normal -0.9238795326890145 0 -0.38268343193601717
    outer loop
      vertex 37.089510664343834 -21.300000000000004 48.959198735654354
      vertex 36.58863644301891 -21.300000000000004 50.16841607540846
      vertex 36.58863644301891 -20.500000000000004 50.16841607540846
    endloop
  endfacet
  facet normal 1 0 0
    outer loop
      vertex 37.149999998509884 -20.500000000000004 48.78838212043047
      vertex 37.149999998509884 -21.300000000000004 54
      vertex 37.149999998509884 -21.300000000000004 48.78838212043047
    endloop
  endfacet
  facet normal -0.8788171119574059 0 -0.4771587615572457
    outer loop
      vertex 35.400635093450546 -20.500000000000004 52.5
      vertex 36.02516310662031 -21.300000000000004 51.34976249188185
      vertex 35.400635093450546 -21.300000000000004 52.5
    endloop
  endfacet
  facet normal 1 0 0
    outer loop
      vertex 37.149999998509884 -20.500000000000004 48.78838212043047
      vertex 37.149999998509884 -20.500000000000004 54
      vertex 37.149999998509884 -21.300000000000004 54
    endloop
  endfacet
  facet normal 0 -1 0
    outer loop
      vertex 37.149999998509884 -20.500000000000004 48.78838212043047
      vertex 40.350000001490116 -20.500000000000004 54
      vertex 37.149999998509884 -20.500000000000004 54
    endloop
  endfacet
  facet normal 0 0 -1
    outer loop
      vertex 37.149999998509884 -20.500000000000004 54
      vertex 40.350000001490116 -21.300000000000004 54
      vertex 37.149999998509884 -21.300000000000004 54
    endloop
  endfacet
  facet normal 0 0 -1
    outer loop
      vertex 37.149999998509884 -20.500000000000004 54
      vertex 40.350000001490116 -20.500000000000004 54
      vertex 40.350000001490116 -21.300000000000004 54
    endloop
  endfacet
  facet normal -1 0 0
    outer loop
      vertex 39.75 -20.500000000000004 58
      vertex 39.75 -21.300000000000004 58
      vertex 39.75 -20.500000000000004 60.92036583945155
    endloop
  endfacet
  facet normal -0.6087614263039369 0 -0.7933533423666886
    outer loop
      vertex 28.444631308317184 -20.500000000000004 60.225424855947495
      vertex 29.48300977796316 -20.500000000000004 59.4286490380764
      vertex 29.48300977796316 -21.300000000000004 59.4286490380764
    endloop
  endfacet
  facet normal -0.6087614263039369 0 -0.7933533423666886
    outer loop
      vertex 28.444631308317184 -20.500000000000004 60.225424855947495
      vertex 29.48300977796316 -21.300000000000004 59.4286490380764
      vertex 28.444631308317184 -21.300000000000004 60.225424855947495
    endloop
  endfacet
  facet normal 0.5547001962252291 0 0.8320502943378437
    outer loop
      vertex 27.75 -20.500000000000004 66
      vertex 27.75 -21.300000000000004 66
      vertex 39.75 -20.500000000000004 58
    endloop
  endfacet
  facet normal 0 0 -1
    outer loop
      vertex 22.75 -20.500000000000004 69
      vertex 33.53489679957812 -20.500000000000004 69
      vertex 33.53489679957812 -21.300000000000004 69
    endloop
  endfacet
  facet normal 0 -1 0
    outer loop
      vertex 27.75 -20.500000000000004 66
      vertex 39.75 -20.500000000000004 60.92036583945155
      vertex 33.53489679957812 -20.500000000000004 69
    endloop
  endfacet
  facet normal 0 -1 0
    outer loop
      vertex 27.75 -20.500000000000004 66
      vertex 39.75 -20.500000000000004 58
      vertex 39.75 -20.500000000000004 60.92036583945155
    endloop
  endfacet
  facet normal 0.5547001962252291 0 0.8320502943378437
    outer loop
      vertex 27.75 -21.300000000000004 66
      vertex 39.75 -21.300000000000004 58
      vertex 39.75 -20.500000000000004 58
    endloop
  endfacet
  facet normal -1 0 0
    outer loop
      vertex 39.75 -21.300000000000004 58
      vertex 39.75 -21.300000000000004 60.92036583945155
      vertex 39.75 -20.500000000000004 60.92036583945155
    endloop
  endfacet
  facet normal 0 1 0
    outer loop
      vertex -2.8499999999999996 -0.8 5.700000000000005
      vertex -2.9499999999999997 -0.8 5.700000000000005
      vertex -1.8499999999999996 -0.8 6.700000000000005
    endloop
  endfacet
  facet normal 0 1 0
    outer loop
      vertex -1.8499999999999996 -0.8 6.700000000000005
      vertex -2.9499999999999997 -0.8 5.700000000000005
      vertex -1.8972966760961807 -0.8 9.110000000000003
    endloop
  endfacet
  facet normal 0 1 0
    outer loop
      vertex -1.8499999999999996 -0.8 6.700000000000005
      vertex -1.8972966760961807 -0.8 9.110000000000003
      vertex -1.8499999999999996 -0.8 9.110000000000003
    endloop
  endfacet
  facet normal 0 1 0
    outer loop
      vertex -1.8972966760961807 -0.8 9.110000000000003
      vertex -2.9499999999999997 -0.8 5.700000000000005
      vertex -1.979722418670438 -0.8 13.310000000000002
    endloop
  endfacet
  facet normal 0 0 -1
    outer loop
      vertex -2.8499999999999996 -0.8 5.700000000000005
      vertex -2.9499999999999997 -2.4000000000000004 5.700000000000005
      vertex -2.9499999999999997 -0.8 5.700000000000005
    endloop
  endfacet
  facet normal 0 0 -1
    outer loop
      vertex -2.8499999999999996 -0.8 5.700000000000005
      vertex -2.8499999999999996 -2.4000000000000004 5.700000000000005
      vertex -2.9499999999999997 -2.4000000000000004 5.700000000000005
    endloop
  endfacet
  facet normal 0.7071067811865476 0 -0.7071067811865476
    outer loop
      vertex -2.8499999999999996 -0.8 5.700000000000005
      vertex -1.8499999999999996 -0.8 6.700000000000005
      vertex -1.8499999999999996 -2.4000000000000004 6.700000000000005
    endloop
  endfacet
  facet normal 0.7071067811865476 0 -0.7071067811865476
    outer loop
      vertex -2.8499999999999996 -0.8 5.700000000000005
      vertex -1.8499999999999996 -2.4000000000000004 6.700000000000005
      vertex -2.8499999999999996 -2.4000000000000004 5.700000000000005
    endloop
  endfacet
  facet normal 0 -1 0
    outer loop
      vertex -2.8499999999999996 -2.4000000000000004 5.700000000000005
      vertex -1.8499999999999996 -2.4000000000000004 6.700000000000005
      vertex -2.9499999999999997 -2.4000000000000004 5.700000000000005
    endloop
  endfacet
  facet normal 0 -1 0
    outer loop
      vertex -1.8499999999999996 -2.4000000000000004 6.700000000000005
      vertex -1.8499999999999996 -2.4000000000000004 9.110000000000003
      vertex -2.9499999999999997 -2.4000000000000004 5.700000000000005
    endloop
  endfacet
  facet normal 1 0 0
    outer loop
      vertex -1.8499999999999996 -0.8 6.700000000000005
      vertex -1.8499999999999996 -0.8 9.110000000000003
      vertex -1.8499999999999996 -2.4000000000000004 9.110000000000003
    endloop
  endfacet
  facet normal 1 0 0
    outer loop
      vertex -1.8499999999999996 -0.8 6.700000000000005
      vertex -1.8499999999999996 -2.4000000000000004 9.110000000000003
      vertex -1.8499999999999996 -2.4000000000000004 6.700000000000005
    endloop
  endfacet
  facet normal 0 -1 0
    outer loop
      vertex -1.8499999999999996 -2.4000000000000004 9.110000000000003
      vertex -1.8499999999999996 -2.4000000000000004 13.310000000000002
      vertex -2.9499999999999997 -2.4000000000000004 5.700000000000005
    endloop
  endfacet
  facet normal 0 1 0
    outer loop
      vertex -1.979722418670438 -0.8 13.310000000000002
      vertex -2.9499999999999997 -0.8 5.700000000000005
      vertex -1.8499999999999996 -0.8 63.26
    endloop
  endfacet
  facet normal 0 -1 0
    outer loop
      vertex -1.8499999999999996 -2.4000000000000004 13.310000000000002
      vertex -1.8499999999999996 -2.4000000000000004 63.26
      vertex -2.9499999999999997 -2.4000000000000004 5.700000000000005
    endloop
  endfacet
  facet normal 0 1 0
    outer loop
      vertex -1.979722418670438 -0.8 13.310000000000002
      vertex -1.8499999999999996 -0.8 63.26
      vertex -1.8499999999999996 -0.8 13.310000000000002
    endloop
  endfacet
  facet normal 1 0 0
    outer loop
      vertex -1.8499999999999996 -0.8 13.310000000000002
      vertex -1.8499999999999996 -2.4000000000000004 63.26
      vertex -1.8499999999999996 -2.4000000000000004 13.310000000000002
    endloop
  endfacet
  facet normal 0 1 0
    outer loop
      vertex -1.8499999999999996 -0.8 63.26
      vertex -2.9499999999999997 -0.8 5.700000000000005
      vertex -2.9499999999999997 -0.8 63.26
    endloop
  endfacet
  facet normal 0 -1 0
    outer loop
      vertex -1.8499999999999996 -2.4000000000000004 63.26
      vertex -2.9499999999999997 -2.4000000000000004 63.26
      vertex -2.9499999999999997 -2.4000000000000004 5.700000000000005
    endloop
  endfacet
  facet normal 1 0 0
    outer loop
      vertex -1.8499999999999996 -0.8 13.310000000000002
      vertex -1.8499999999999996 -0.8 63.26
      vertex -1.8499999999999996 -2.4000000000000004 63.26
    endloop
  endfacet
  facet normal 0 0 1
    outer loop
      vertex -1.8499999999999996 -2.4000000000000004 63.26
      vertex -2.9499999999999997 -0.8 63.26
      vertex -2.9499999999999997 -2.4000000000000004 63.26
    endloop
  endfacet
  facet normal 0 0 1
    outer loop
      vertex -1.8499999999999996 -0.8 63.26
      vertex -2.9499999999999997 -0.8 63.26
      vertex -1.8499999999999996 -2.4000000000000004 63.26
    endloop
  endfacet
  facet normal 0 1 0
    outer loop
      vertex 29.35 -0.8 6.700000000000005
      vertex 30.45 -0.8 5.700000000000005
      vertex 30.35 -0.8 5.700000000000005
    endloop
  endfacet
  facet normal 0 1 0
    outer loop
      vertex 29.35 -0.8 6.700000000000005
      vertex 29.397296676096182 -0.8 9.110000000000003
      vertex 30.45 -0.8 5.700000000000005
    endloop
  endfacet
  facet normal 0 1 0
    outer loop
      vertex 29.35 -0.8 6.700000000000005
      vertex 29.35 -0.8 9.110000000000003
      vertex 29.397296676096182 -0.8 9.110000000000003
    endloop
  endfacet
  facet normal 0 1 0
    outer loop
      vertex 29.397296676096182 -0.8 9.110000000000003
      vertex 29.479722418670438 -0.8 13.310000000000002
      vertex 30.45 -0.8 5.700000000000005
    endloop
  endfacet
  facet normal -0.7071067811865476 0 -0.7071067811865476
    outer loop
      vertex 29.35 -0.8 6.700000000000005
      vertex 30.35 -0.8 5.700000000000005
      vertex 29.35 -2.4000000000000004 6.700000000000005
    endloop
  endfacet
  facet normal -0.7071067811865476 0 -0.7071067811865476
    outer loop
      vertex 30.35 -0.8 5.700000000000005
      vertex 30.35 -2.4000000000000004 5.700000000000005
      vertex 29.35 -2.4000000000000004 6.700000000000005
    endloop
  endfacet
  facet normal 0 -1 0
    outer loop
      vertex 29.35 -2.4000000000000004 6.700000000000005
      vertex 30.35 -2.4000000000000004 5.700000000000005
      vertex 30.45 -2.4000000000000004 5.700000000000005
    endloop
  endfacet
  facet normal 0 -1 0
    outer loop
      vertex 29.35 -2.4000000000000004 6.700000000000005
      vertex 30.45 -2.4000000000000004 5.700000000000005
      vertex 29.35 -2.4000000000000004 9.110000000000003
    endloop
  endfacet
  facet normal -1 0 0
    outer loop
      vertex 29.35 -0.8 6.700000000000005
      vertex 29.35 -2.4000000000000004 9.110000000000003
      vertex 29.35 -0.8 9.110000000000003
    endloop
  endfacet
  facet normal -1 0 0
    outer loop
      vertex 29.35 -0.8 6.700000000000005
      vertex 29.35 -2.4000000000000004 6.700000000000005
      vertex 29.35 -2.4000000000000004 9.110000000000003
    endloop
  endfacet
  facet normal 0 -1 0
    outer loop
      vertex 29.35 -2.4000000000000004 9.110000000000003
      vertex 30.45 -2.4000000000000004 5.700000000000005
      vertex 29.35 -2.4000000000000004 13.310000000000002
    endloop
  endfacet
  facet normal 0 0 -1
    outer loop
      vertex 30.35 -0.8 5.700000000000005
      vertex 30.45 -0.8 5.700000000000005
      vertex 30.35 -2.4000000000000004 5.700000000000005
    endloop
  endfacet
  facet normal 0 0 -1
    outer loop
      vertex 30.35 -2.4000000000000004 5.700000000000005
      vertex 30.45 -0.8 5.700000000000005
      vertex 30.45 -2.4000000000000004 5.700000000000005
    endloop
  endfacet
  facet normal 0 1 0
    outer loop
      vertex 29.479722418670438 -0.8 13.310000000000002
      vertex 29.35 -0.8 63.26
      vertex 30.45 -0.8 5.700000000000005
    endloop
  endfacet
  facet normal 0 -1 0
    outer loop
      vertex 29.35 -2.4000000000000004 13.310000000000002
      vertex 30.45 -2.4000000000000004 5.700000000000005
      vertex 29.35 -2.4000000000000004 63.26
    endloop
  endfacet
  facet normal 0 1 0
    outer loop
      vertex 29.35 -0.8 13.310000000000002
      vertex 29.35 -0.8 63.26
      vertex 29.479722418670438 -0.8 13.310000000000002
    endloop
  endfacet
  facet normal -1 0 0
    outer loop
      vertex 29.35 -0.8 13.310000000000002
      vertex 29.35 -2.4000000000000004 13.310000000000002
      vertex 29.35 -2.4000000000000004 63.26
    endloop
  endfacet
  facet normal 0 1 0
    outer loop
      vertex 29.35 -0.8 63.26
      vertex 30.45 -0.8 63.26
      vertex 30.45 -0.8 5.700000000000005
    endloop
  endfacet
  facet normal 0 -1 0
    outer loop
      vertex 29.35 -2.4000000000000004 63.26
      vertex 30.45 -2.4000000000000004 5.700000000000005
      vertex 30.45 -2.4000000000000004 63.26
    endloop
  endfacet
  facet normal -1 0 0
    outer loop
      vertex 29.35 -0.8 13.310000000000002
      vertex 29.35 -2.4000000000000004 63.26
      vertex 29.35 -0.8 63.26
    endloop
  endfacet
  facet normal 0 0 1
    outer loop
      vertex 29.35 -0.8 63.26
      vertex 29.35 -2.4000000000000004 63.26
      vertex 30.45 -2.4000000000000004 63.26
    endloop
  endfacet
  facet normal 0 0 1
    outer loop
      vertex 29.35 -0.8 63.26
      vertex 30.45 -2.4000000000000004 63.26
      vertex 30.45 -0.8 63.26
    endloop
  endfacet
  facet normal 0 1 0
    outer loop
      vertex -1.8972966760961807 -0.8 9.110000000000003
      vertex -1.3999999999999997 -0.8 9.910000000000004
      vertex -1.8499999999999996 -0.8 9.110000000000003
    endloop
  endfacet
  facet normal 0.8715755371245495 1.3607482908033425e-17 -0.49026123963255863
    outer loop
      vertex -1.8499999999999996 -0.8 9.110000000000003
      vertex -1.3999999999999997 -0.8 9.910000000000004
      vertex -1.3999999999999997 -2.4000000000000004 9.910000000000004
    endloop
  endfacet
  facet normal 0.8715755371245495 0 -0.49026123963255863
    outer loop
      vertex -1.8499999999999996 -0.8 9.110000000000003
      vertex -1.3999999999999997 -2.4000000000000004 9.910000000000004
      vertex -1.8499999999999996 -2.4000000000000004 9.110000000000003
    endloop
  endfacet
  facet normal 0 1 0
    outer loop
      vertex -1.8972966760961807 -0.8 9.110000000000003
      vertex -1.8499999999999996 -0.8 13.310000000000002
      vertex -1.3999999999999997 -0.8 12.510000000000003
    endloop
  endfacet
  facet normal 0 1 0
    outer loop
      vertex -1.8972966760961807 -0.8 9.110000000000003
      vertex -1.979722418670438 -0.8 13.310000000000002
      vertex -1.8499999999999996 -0.8 13.310000000000002
    endloop
  endfacet
  facet normal 0 1 0
    outer loop
      vertex -1.8972966760961807 -0.8 9.110000000000003
      vertex -1.3999999999999997 -0.8 12.510000000000003
      vertex -1.3999999999999997 -0.8 9.910000000000004
    endloop
  endfacet
  facet normal 1 0 0
    outer loop
      vertex -1.3999999999999997 -0.8 9.910000000000004
      vertex -1.3999999999999997 -0.8 12.510000000000003
      vertex -1.3999999999999997 -2.4000000000000004 9.910000000000004
    endloop
  endfacet
  facet normal 0 -1 0
    outer loop
      vertex -1.8499999999999996 -2.4000000000000004 9.110000000000003
      vertex -1.3999999999999997 -2.4000000000000004 9.910000000000004
      vertex -1.8499999999999996 -2.4000000000000004 13.310000000000002
    endloop
  endfacet
  facet normal 1 0 0
    outer loop
      vertex -1.3999999999999997 -0.8 12.510000000000003
      vertex -1.3999999999999997 -2.4000000000000004 12.510000000000003
      vertex -1.3999999999999997 -2.4000000000000004 9.910000000000004
    endloop
  endfacet
  facet normal 0 -1 0
    outer loop
      vertex -1.3999999999999997 -2.4000000000000004 9.910000000000004
      vertex -1.3999999999999997 -2.4000000000000004 12.510000000000003
      vertex -1.8499999999999996 -2.4000000000000004 13.310000000000002
    endloop
  endfacet
  facet normal 0.871575537124549 1.51194254533702e-18 0.49026123963255946
    outer loop
      vertex -1.3999999999999997 -0.8 12.510000000000003
      vertex -1.8499999999999996 -0.8 13.310000000000002
      vertex -1.8499999999999996 -2.4000000000000004 13.310000000000002
    endloop
  endfacet
  facet normal 0.871575537124549 0 0.49026123963255946
    outer loop
      vertex -1.3999999999999997 -0.8 12.510000000000003
      vertex -1.8499999999999996 -2.4000000000000004 13.310000000000002
      vertex -1.3999999999999997 -2.4000000000000004 12.510000000000003
    endloop
  endfacet
  facet normal 0 1 0
    outer loop
      vertex 29.35 -0.8 9.110000000000003
      vertex 28.9 -0.8 9.910000000000004
      vertex 29.397296676096182 -0.8 9.110000000000003
    endloop
  endfacet
  facet normal -0.8715755371245482 1.5119425453356722e-18 -0.490261239632561
    outer loop
      vertex 29.35 -0.8 9.110000000000003
      vertex 28.9 -2.4000000000000004 9.910000000000004
      vertex 28.9 -0.8 9.910000000000004
    endloop
  endfacet
  facet normal -0.8715755371245482 0 -0.490261239632561
    outer loop
      vertex 29.35 -0.8 9.110000000000003
      vertex 29.35 -2.4000000000000004 9.110000000000003
      vertex 28.9 -2.4000000000000004 9.910000000000004
    endloop
  endfacet
  facet normal 0 1 0
    outer loop
      vertex 29.397296676096182 -0.8 9.110000000000003
      vertex 28.9 -0.8 9.910000000000004
      vertex 28.9 -0.8 12.510000000000003
    endloop
  endfacet
  facet normal 0 1 0
    outer loop
      vertex 29.397296676096182 -0.8 9.110000000000003
      vertex 28.9 -0.8 12.510000000000003
      vertex 29.35 -0.8 13.310000000000002
    endloop
  endfacet
  facet normal 0 1 0
    outer loop
      vertex 29.397296676096182 -0.8 9.110000000000003
      vertex 29.35 -0.8 13.310000000000002
      vertex 29.479722418670438 -0.8 13.310000000000002
    endloop
  endfacet
  facet normal -1 0 0
    outer loop
      vertex 28.9 -0.8 9.910000000000004
      vertex 28.9 -2.4000000000000004 9.910000000000004
      vertex 28.9 -0.8 12.510000000000003
    endloop
  endfacet
  facet normal -1 0 0
    outer loop
      vertex 28.9 -0.8 12.510000000000003
      vertex 28.9 -2.4000000000000004 9.910000000000004
      vertex 28.9 -2.4000000000000004 12.510000000000003
    endloop
  endfacet
  facet normal 0 -1 0
    outer loop
      vertex 28.9 -2.4000000000000004 9.910000000000004
      vertex 29.35 -2.4000000000000004 13.310000000000002
      vertex 28.9 -2.4000000000000004 12.510000000000003
    endloop
  endfacet
  facet normal 0 -1 0
    outer loop
      vertex 29.35 -2.4000000000000004 9.110000000000003
      vertex 29.35 -2.4000000000000004 13.310000000000002
      vertex 28.9 -2.4000000000000004 9.910000000000004
    endloop
  endfacet
  facet normal -0.8715755371245477 -1.663136799870961e-17 0.4902612396325618
    outer loop
      vertex 28.9 -0.8 12.510000000000003
      vertex 29.35 -2.4000000000000004 13.310000000000002
      vertex 29.35 -0.8 13.310000000000002
    endloop
  endfacet
  facet normal -0.8715755371245477 0 0.4902612396325618
    outer loop
      vertex 28.9 -0.8 12.510000000000003
      vertex 28.9 -2.4000000000000004 12.510000000000003
      vertex 29.35 -2.4000000000000004 13.310000000000002
    endloop
  endfacet
endsolid OpenSCAD_Model
